Date,Open,High,Low,Close,Adj Close,Volume
1970-01-02,1.71263,1.71263,1.66123,1.66883,1.66883,377115
1970-01-05,1.66883,1.68334,1.66123,1.66123,1.66123,141011
1970-01-06,1.66123,1.66123,1.61774,1.62464,1.62464,144281
1970-01-07,1.61024,1.61024,1.56624,1.57393,1.57393,275460
1970-01-08,1.57393,1.61024,1.56624,1.58074,1.58074,444337
1970-01-09,1.58074,1.58074,1.55134,1.55134,1.55134,472210
1970-01-12,1.55134,1.56624,1.52234,1.53713,1.53713,565668
1970-01-13,1.54434,1.56624,1.54434,1.55904,1.55904,406627
1970-01-14,1.55904,1.57393,1.53713,1.57393,1.57393,350881
1970-01-15,1.57393,1.57393,1.55134,1.56624,1.56624,275460
1970-01-16,1.56624,1.58074,1.55134,1.55134,1.55134,296770
1970-01-19,1.55134,1.56624,1.53713,1.55134,1.55134,244302
1970-01-20,1.55134,1.56624,1.53713,1.55134,1.55134,382033
1970-01-21,1.55134,1.55904,1.52234,1.53713,1.53713,400067
1970-01-22,1.53713,1.55904,1.52955,1.53713,1.53713,295135
1970-01-23,1.53713,1.57393,1.52955,1.52955,1.52955,337760
1970-01-26,1.52955,1.52955,1.47114,1.48594,1.48594,270541
1970-01-27,1.47834,1.47834,1.45615,1.45615,1.45615,278736
1970-01-28,1.45615,1.48594,1.45615,1.47114,1.47114,377115
1970-01-29,1.47114,1.49294,1.45615,1.47114,1.47114,329563
1970-01-30,1.47114,1.49294,1.44904,1.46385,1.46385,747669
1970-02-02,1.47114,1.52234,1.47114,1.47114,1.47114,236106
1970-02-03,1.47114,1.52234,1.47114,1.50044,1.50044,1101829
1970-02-04,1.50044,1.50044,1.47114,1.47834,1.47834,473851
1970-02-05,1.47114,1.47114,1.44904,1.47114,1.47114,378749
1970-02-06,1.47114,1.48594,1.44904,1.46385,1.46385,268899
1970-02-09,1.46385,1.51494,1.45615,1.48594,1.48594,119694
1970-02-10,1.48594,1.51494,1.48594,1.50044,1.50044,324646
1970-02-11,1.50044,1.55134,1.49294,1.52234,1.52234,331200
1970-02-12,1.52234,1.52234,1.50044,1.50044,1.50044,247587
1970-02-13,1.50044,1.51494,1.49294,1.50044,1.50044,768987
1970-02-16,1.50044,1.52234,1.50044,1.50044,1.50044,214790
1970-02-17,1.50044,1.50754,1.49294,1.50044,1.50044,227912
1970-02-18,1.50044,1.52234,1.48594,1.51494,1.51494,1795391
1970-02-19,1.52234,1.58074,1.52234,1.57393,1.57393,1077234
1970-02-20,1.57393,1.61774,1.54434,1.58074,1.58074,398433
1970-02-24,1.58074,1.61774,1.57393,1.61024,1.61024,231187
1970-02-25,1.61024,1.63243,1.60235,1.61774,1.61774,309887
1970-02-26,1.61774,1.61774,1.58843,1.60235,1.60235,121333
1970-02-27,1.60235,1.61774,1.59543,1.60235,1.60235,136092
1970-03-02,1.60235,1.67574,1.60235,1.62464,1.62464,408268
1970-03-03,1.62464,1.65423,1.61024,1.61024,1.61024,627976
1970-03-04,1.61774,1.66123,1.61774,1.63894,1.63894,362353
1970-03-05,1.63894,1.66123,1.63894,1.65423,1.65423,296770
1970-03-06,1.65423,1.66883,1.64683,1.65423,1.65423,349238
1970-03-09,1.63894,1.63894,1.61774,1.63243,1.63243,178718
1970-03-10,1.63243,1.63243,1.61774,1.61774,1.61774,124611
1970-03-11,1.61774,1.63243,1.61774,1.61774,1.61774,152484
1970-03-12,1.61774,1.63243,1.61024,1.61774,1.61774,178718
1970-03-13,1.62464,1.63243,1.62464,1.63243,1.63243,508285
1970-03-16,1.63243,1.63243,1.61774,1.61774,1.61774,182001
1970-03-17,1.61774,1.64683,1.61024,1.64683,1.64683,1126426
1970-03-18,1.66883,1.72723,1.66883,1.69774,1.69774,1108393
1970-03-19,1.69774,1.72013,1.69074,1.71263,1.71263,191836
1970-03-20,1.71263,1.71263,1.67574,1.68334,1.68334,162322
1970-03-23,1.69074,1.72723,1.69074,1.71263,1.71263,355802
1970-03-24,1.71263,1.76363,1.69774,1.71263,1.71263,588626
1970-03-25,1.71263,1.80062,1.69774,1.77113,1.77113,1360892
1970-03-26,1.77113,1.79313,1.76363,1.77843,1.77843,509927
1970-03-30,1.77843,1.77843,1.75653,1.77113,1.77113,219716
1970-03-31,1.77113,1.77113,1.76363,1.76363,1.76363,537800
1970-04-01,1.76363,1.77113,1.75653,1.75653,1.75653,465655
1970-04-02,1.75653,1.77843,1.74914,1.76363,1.76363,278736
1970-04-03,1.76363,1.78593,1.76363,1.77843,1.77843,222991
1970-04-06,1.77843,1.78593,1.76363,1.77843,1.77843,137732
1970-04-07,1.76363,1.76363,1.74914,1.75653,1.75653,242662
1970-04-08,1.75653,1.76363,1.72723,1.74222,1.74222,103294
1970-04-09,1.74222,1.74222,1.72723,1.74222,1.74222,167244
1970-04-10,1.73463,1.73463,1.70553,1.73463,1.73463,575509
1970-04-13,1.73463,1.74222,1.73463,1.73463,1.73463,245942
1970-04-14,1.73463,1.73463,1.71263,1.73463,1.73463,1200206
1970-04-15,1.72723,1.72723,1.70553,1.70553,1.70553,186917
1970-04-16,1.70553,1.71263,1.69774,1.71263,1.71263,113136
1970-04-17,1.71263,1.71263,1.64683,1.65423,1.65423,896878
1970-04-20,1.63243,1.63243,1.61024,1.61774,1.61774,401709
1970-04-21,1.61774,1.62464,1.60235,1.60235,1.60235,260699
1970-04-22,1.60235,1.61024,1.58843,1.58843,1.58843,549277
1970-04-23,1.57393,1.57393,1.53713,1.56624,1.56624,309887
1970-04-24,1.56624,1.56624,1.52955,1.56624,1.56624,252506
1970-04-27,1.56624,1.57393,1.53713,1.55904,1.55904,313168
1970-04-28,1.55904,1.56624,1.52955,1.52955,1.52955,268899
1970-04-29,1.52955,1.61024,1.50044,1.60235,1.60235,567314
1970-04-30,1.58843,1.58843,1.52955,1.54434,1.54434,362353
1970-05-01,1.54434,1.59543,1.50754,1.58074,1.58074,413188
1970-05-04,1.58074,1.59543,1.52234,1.54434,1.54434,185274
1970-05-05,1.53713,1.53713,1.52234,1.53713,1.53713,268899
1970-05-06,1.54434,1.56624,1.54434,1.55134,1.55134,182001
1970-05-07,1.55134,1.56624,1.53713,1.55904,1.55904,126254
1970-05-08,1.55904,1.56624,1.55134,1.56624,1.56624,126254
1970-05-11,1.56624,1.56624,1.53713,1.54434,1.54434,59027
1970-05-12,1.54434,1.55134,1.47114,1.47114,1.47114,363995
1970-05-13,1.47114,1.48594,1.44904,1.46385,1.46385,514840
1970-05-14,1.45615,1.45615,1.40525,1.42685,1.42685,583708
1970-05-15,1.42685,1.45615,1.39795,1.39795,1.39795,459095
1970-05-18,1.39035,1.39035,1.36864,1.37574,1.37574,216429
1970-05-19,1.37574,1.39035,1.34695,1.37574,1.37574,203315
1970-05-20,1.37574,1.37574,1.29545,1.31754,1.31754,2062647
1970-05-21,1.31754,1.32485,1.28795,1.31014,1.31014,350881
1970-05-22,1.29545,1.29545,1.27375,1.28795,1.28795,505003
1970-05-25,1.27375,1.27375,1.22955,1.22955,1.22955,193478
1970-05-26,1.22955,1.28795,1.22955,1.25885,1.25885,734552
1970-05-27,1.25885,1.36864,1.25885,1.36134,1.36134,537800
1970-05-28,1.36134,1.38334,1.33935,1.38334,1.38334,298412
1970-05-29,1.38334,1.40525,1.36134,1.40525,1.40525,464017
1970-06-01,1.40525,1.48594,1.39795,1.48594,1.48594,241027
1970-06-02,1.48594,1.50044,1.46385,1.50044,1.50044,400067
1970-06-03,1.50044,1.50044,1.46385,1.48594,1.48594,186917
1970-06-04,1.48594,1.50754,1.43434,1.49294,1.49294,311527
1970-06-05,1.48594,1.48594,1.45615,1.47834,1.47834,145928
1970-06-08,1.47114,1.47114,1.44214,1.45615,1.45615,252506
1970-06-09,1.45615,1.45615,1.42685,1.43434,1.43434,203315
1970-06-10,1.43434,1.45615,1.42685,1.43434,1.43434,109854
1970-06-11,1.42004,1.42004,1.39795,1.40525,1.40525,137732
1970-06-12,1.40525,1.41235,1.37574,1.39035,1.39035,200032
1970-06-15,1.39035,1.40525,1.38334,1.39795,1.39795,177079
1970-06-16,1.39795,1.47114,1.39035,1.44214,1.44214,154124
1970-06-17,1.44214,1.49294,1.44214,1.44214,1.44214,204956
1970-06-18,1.44214,1.47834,1.43434,1.44904,1.44904,242662
1970-06-19,1.44904,1.48594,1.42685,1.44904,1.44904,475489
1970-06-22,1.44904,1.47114,1.44214,1.45615,1.45615,232829
1970-06-23,1.45615,1.47114,1.44214,1.44904,1.44904,121333
1970-06-24,1.44904,1.47834,1.42004,1.44904,1.44904,244302
1970-06-25,1.44904,1.47114,1.43434,1.43434,1.43434,180359
1970-06-26,1.43434,1.44904,1.42004,1.42004,1.42004,132813
1970-06-29,1.42004,1.43434,1.39035,1.39035,1.39035,200032
1970-06-30,1.39035,1.41235,1.39035,1.39035,1.39035,116415
1970-07-01,1.39035,1.39035,1.33935,1.35375,1.35375,398433
1970-07-02,1.35375,1.36134,1.32485,1.33935,1.33935,368915
1970-07-06,1.31014,1.31014,1.26605,1.28085,1.28085,360720
1970-07-07,1.28085,1.33935,1.25136,1.25136,1.25136,565668
1970-07-08,1.25136,1.28085,1.23685,1.27375,1.27375,245942
1970-07-09,1.28085,1.30246,1.28085,1.28085,1.28085,173802
1970-07-10,1.28085,1.28085,1.28085,1.28085,1.28085,104933
1970-07-13,1.28085,1.28085,1.25136,1.25136,1.25136,118054
1970-07-14,1.25136,1.26605,1.21455,1.21455,1.21455,260699
1970-07-15,1.21455,1.25885,1.20775,1.24444,1.24444,227912
1970-07-16,1.25885,1.33935,1.25885,1.31754,1.31754,406627
1970-07-17,1.33935,1.40525,1.33935,1.36134,1.36134,565668
1970-07-20,1.36134,1.36864,1.34695,1.35375,1.35375,155763
1970-07-21,1.35375,1.36134,1.31014,1.36134,1.36134,636173
1970-07-22,1.36134,1.36864,1.33205,1.33205,1.33205,214790
1970-07-23,1.33205,1.36864,1.31014,1.36864,1.36864,291853
1970-07-24,1.35375,1.35375,1.31754,1.33205,1.33205,160683
1970-07-27,1.32485,1.32485,1.28795,1.31014,1.31014,224628
1970-07-28,1.31014,1.32485,1.29545,1.30246,1.30246,208235
1970-07-29,1.31014,1.33935,1.31014,1.31014,1.31014,1044440
1970-07-30,1.31014,1.31014,1.29545,1.30246,1.30246,291853
1970-07-31,1.30246,1.31754,1.29545,1.31754,1.31754,311527
1970-08-03,1.31754,1.32485,1.31014,1.32485,1.32485,244302
1970-08-04,1.31754,1.31754,1.28085,1.31754,1.31754,341041
1970-08-05,1.31754,1.32485,1.28795,1.31754,1.31754,344321
1970-08-06,1.31754,1.33935,1.31014,1.31754,1.31754,98378
1970-08-07,1.31754,1.33935,1.31754,1.33935,1.33935,285299
1970-08-10,1.33935,1.35375,1.32485,1.33935,1.33935,124611
1970-08-11,1.32485,1.32485,1.30246,1.31014,1.31014,370557
1970-08-12,1.31014,1.31014,1.29545,1.31014,1.31014,180359
1970-08-13,1.31014,1.31014,1.28795,1.28795,1.28795,198395
1970-08-14,1.28795,1.31014,1.28085,1.28085,1.28085,154124
1970-08-17,1.28085,1.29545,1.25885,1.25885,1.25885,186917
1970-08-18,1.25885,1.28795,1.25885,1.28085,1.28085,154124
1970-08-19,1.28085,1.29545,1.27375,1.27375,1.27375,378749
1970-08-20,1.27375,1.28085,1.26605,1.28085,1.28085,182001
1970-08-21,1.28085,1.36134,1.25885,1.36134,1.36134,470571
1970-08-24,1.36134,1.37574,1.34695,1.36864,1.36864,380393
1970-08-25,1.36864,1.38334,1.32485,1.36864,1.36864,282018
1970-08-26,1.36864,1.41235,1.34695,1.39795,1.39795,950980
1970-08-27,1.39795,1.40525,1.36134,1.36134,1.36134,291853
1970-08-28,1.36134,1.39035,1.36134,1.36134,1.36134,221349
1970-08-31,1.36134,1.36134,1.29545,1.33935,1.33935,234470
1970-09-01,1.33935,1.35375,1.32485,1.33205,1.33205,119694
1970-09-02,1.33935,1.36864,1.33935,1.34695,1.34695,150842
1970-09-03,1.34695,1.36134,1.33935,1.33935,1.33935,296770
1970-09-04,1.33935,1.38334,1.33205,1.37574,1.37574,518123
1970-09-08,1.37574,1.37574,1.35375,1.36864,1.36864,337760
1970-09-09,1.36864,1.37574,1.35375,1.37574,1.37574,375476
1970-09-10,1.37574,1.37574,1.36864,1.37574,1.37574,252506
1970-09-11,1.37574,1.38334,1.36864,1.36864,1.36864,352517
1970-09-14,1.36864,1.37574,1.36134,1.36134,1.36134,382033
1970-09-15,1.36134,1.37574,1.36134,1.36134,1.36134,137732
1970-09-16,1.36134,1.37574,1.36134,1.36864,1.36864,665692
1970-09-17,1.37574,1.39035,1.37574,1.37574,1.37574,514840
1970-09-18,1.37574,1.39795,1.36864,1.39035,1.39035,234470
1970-09-21,1.39035,1.39035,1.37574,1.37574,1.37574,216429
1970-09-22,1.37574,1.39035,1.37574,1.37574,1.37574,247587
1970-09-23,1.37574,1.40525,1.37574,1.40525,1.40525,349238
1970-09-24,1.40525,1.44214,1.39795,1.40525,1.40525,491889
1970-09-25,1.41235,1.44214,1.41235,1.44214,1.44214,357440
1970-09-28,1.44214,1.44214,1.42004,1.42004,1.42004,85262
1970-09-29,1.42004,1.44214,1.40525,1.42685,1.42685,268899
1970-09-30,1.42685,1.44214,1.40525,1.43434,1.43434,191836
1970-10-01,1.43434,1.44214,1.41235,1.42004,1.42004,154124
1970-10-02,1.42685,1.44904,1.42685,1.44214,1.44214,200032
1970-10-05,1.44904,1.47114,1.44904,1.47114,1.47114,339406
1970-10-06,1.47114,1.50044,1.47114,1.49294,1.49294,411550
1970-10-07,1.49294,1.50754,1.45615,1.45615,1.45615,219716
1970-10-08,1.45615,1.48594,1.43434,1.46385,1.46385,455810
1970-10-09,1.45615,1.45615,1.42685,1.42685,1.42685,700118
1970-10-12,1.42685,1.42685,1.39795,1.40525,1.40525,359075
1970-10-13,1.39795,1.39795,1.35375,1.37574,1.37574,437780
1970-10-14,1.39035,1.42004,1.39035,1.40525,1.40525,182001
1970-10-15,1.40525,1.42004,1.40525,1.42004,1.42004,232829
1970-10-16,1.42004,1.42685,1.39795,1.42004,1.42004,383671
1970-10-19,1.42004,1.42004,1.40525,1.40525,1.40525,155763
1970-10-20,1.40525,1.41235,1.39035,1.39795,1.39795,304974
1970-10-21,1.39795,1.39795,1.38334,1.39035,1.39035,162322
1970-10-22,1.39035,1.39035,1.36864,1.37574,1.37574,172160
1970-10-23,1.37574,1.39035,1.37574,1.39035,1.39035,67228
1970-10-26,1.38334,1.38334,1.35375,1.38334,1.38334,136092
1970-10-27,1.38334,1.39795,1.37574,1.39795,1.39795,550912
1970-10-28,1.39035,1.39035,1.37574,1.39035,1.39035,209877
1970-10-29,1.39035,1.39035,1.37574,1.37574,1.37574,288575
1970-10-30,1.37574,1.39035,1.37574,1.39035,1.39035,118054
1970-11-02,1.39035,1.39035,1.36864,1.39035,1.39035,544354
1970-11-03,1.39035,1.39035,1.38334,1.38334,1.38334,242662
1970-11-04,1.39035,1.41235,1.39035,1.39795,1.39795,378749
1970-11-05,1.39795,1.42004,1.39035,1.42004,1.42004,241027
1970-11-06,1.42004,1.44214,1.42004,1.42004,1.42004,323007
1970-11-09,1.42685,1.46385,1.42685,1.45615,1.45615,216429
1970-11-10,1.45615,1.46385,1.44214,1.44214,1.44214,757509
1970-11-11,1.44214,1.47834,1.44214,1.45615,1.45615,277099
1970-11-12,1.45615,1.46385,1.44904,1.44904,1.44904,495169
1970-11-13,1.44214,1.44214,1.40525,1.41235,1.41235,342681
1970-11-17,1.40525,1.43434,1.40525,1.42004,1.42004,242662
1970-11-18,1.42004,1.44904,1.42004,1.44904,1.44904,257425
1970-11-19,1.44904,1.45615,1.42004,1.44904,1.44904,195115
1970-11-20,1.44904,1.44904,1.42685,1.44214,1.44214,337760
1970-11-23,1.44214,1.47114,1.43434,1.47114,1.47114,196755
1970-11-24,1.47114,1.48594,1.45615,1.47114,1.47114,182001
1970-11-25,1.47114,1.50044,1.47114,1.50044,1.50044,362353
1970-11-27,1.50044,1.54434,1.50044,1.54434,1.54434,113136
1970-11-30,1.54434,1.57393,1.53713,1.55904,1.55904,301694
1970-12-01,1.56624,1.61774,1.56624,1.60235,1.60235,503366
1970-12-02,1.60235,1.64683,1.60235,1.64683,1.64683,370557
1970-12-03,1.64683,1.69074,1.63243,1.66123,1.66123,449259
1970-12-04,1.64683,1.64683,1.63243,1.64683,1.64683,465655
1970-12-07,1.65423,1.66883,1.65423,1.66123,1.66123,418101
1970-12-08,1.66123,1.67574,1.65423,1.66123,1.66123,452535
1970-12-09,1.66123,1.66123,1.63894,1.63894,1.63894,468934
1970-12-10,1.63894,1.68334,1.63894,1.66883,1.66883,529598
1970-12-11,1.66883,1.69774,1.66883,1.69774,1.69774,186917
1970-12-14,1.69074,1.69074,1.67574,1.68334,1.68334,206591
1970-12-15,1.68334,1.68334,1.64683,1.64683,1.64683,768987
1970-12-16,1.64683,1.66883,1.64683,1.66123,1.66123,342681
1970-12-17,1.66123,1.67574,1.65423,1.66883,1.66883,180359
1970-12-18,1.66883,1.68334,1.66123,1.66883,1.66883,616503
1970-12-21,1.66883,1.67574,1.65423,1.66123,1.66123,742751
1970-12-22,1.66123,1.67574,1.66123,1.66123,1.66123,244302
1970-12-23,1.66123,1.66883,1.63894,1.66123,1.66123,495169
1970-12-24,1.66123,1.67574,1.64683,1.66123,1.66123,127889
1970-12-28,1.66123,1.67574,1.65423,1.67574,1.67574,83620
1970-12-29,1.67574,1.72723,1.67574,1.72013,1.72013,304974
1970-12-30,1.72723,1.77113,1.72723,1.73463,1.73463,1431395
1970-12-31,1.73463,1.73463,1.71263,1.72013,1.72013,306610
1971-01-04,1.72013,1.72723,1.69774,1.69774,1.69774,196755
1971-01-05,1.69774,1.72723,1.69774,1.69774,1.69774,378749
1971-01-06,1.70553,1.72723,1.70553,1.72013,1.72013,180359
1971-01-07,1.72013,1.74914,1.72013,1.72013,1.72013,421386
1971-01-08,1.72013,1.74914,1.71263,1.72013,1.72013,359075
1971-01-11,1.72013,1.74222,1.71263,1.71263,1.71263,229551
1971-01-12,1.77843,1.80782,1.77843,1.80782,1.80782,395150
1971-01-13,1.80782,1.80782,1.77843,1.77843,1.77843,1039525
1971-01-14,1.77843,1.80062,1.76363,1.76363,1.76363,814891
1971-01-15,1.77843,1.82233,1.77843,1.80062,1.80062,406627
1971-01-18,1.80782,1.83703,1.80782,1.82233,1.82233,301694
1971-01-19,1.83703,1.91023,1.83703,1.90273,1.90273,263979
1971-01-20,1.87362,1.87362,1.82233,1.84433,1.84433,495169
1971-01-21,1.82973,1.82973,1.80782,1.81503,1.81503,777191
1971-01-22,1.81503,1.84433,1.81503,1.83703,1.83703,444337
1971-01-25,1.83703,1.88813,1.83703,1.88813,1.88813,554190
1971-01-26,1.88813,1.90273,1.87362,1.88813,1.88813,350881
1971-01-27,1.88813,1.88813,1.85912,1.86642,1.86642,385314
1971-01-28,1.87362,1.90273,1.87362,1.88813,1.88813,455810
1971-01-29,1.90273,1.91762,1.90273,1.91762,1.91762,421386
1971-02-01,1.91762,1.93932,1.91762,1.93232,1.93232,573870
1971-02-02,1.93232,1.93232,1.91762,1.91762,1.91762,224628
1971-02-03,1.91762,1.93232,1.91762,1.91762,1.91762,252506
1971-02-04,1.91762,1.92472,1.91762,1.91762,1.91762,282018
1971-02-05,1.91762,1.93232,1.91762,1.91762,1.91762,334484
1971-02-08,1.91762,1.91762,1.89543,1.90273,1.90273,245942
1971-02-09,1.90273,1.92472,1.87362,1.88813,1.88813,327926
1971-02-10,1.88813,1.90273,1.85912,1.85912,1.85912,703403
1971-02-11,1.86642,1.88813,1.86642,1.87362,1.87362,423021
1971-02-12,1.88813,1.91762,1.88813,1.90273,1.90273,288575
1971-02-16,1.90273,1.92472,1.88102,1.90273,1.90273,277099
1971-02-17,1.90273,1.90273,1.87362,1.87362,1.87362,203315
1971-02-18,1.90273,1.93232,1.90273,1.90273,1.90273,560754
1971-02-19,1.90273,1.90273,1.85912,1.85912,1.85912,395150
1971-02-22,1.84433,1.84433,1.80062,1.80782,1.80782,896878
1971-02-23,1.80782,1.84433,1.79313,1.83703,1.83703,370557
1971-02-24,1.84433,1.85912,1.84433,1.84433,1.84433,657493
1971-02-25,1.85133,1.88102,1.85133,1.87362,1.87362,239384
1971-02-26,1.87362,1.88813,1.87362,1.88813,1.88813,372195
1971-03-01,1.88813,1.88813,1.87362,1.88813,1.88813,208235
1971-03-02,1.89543,1.91762,1.89543,1.91023,1.91023,259064
1971-03-03,1.91023,1.91762,1.89543,1.89543,1.89543,347600
1971-03-04,1.89543,1.90273,1.88102,1.90273,1.90273,185274
1971-03-05,1.91762,1.95432,1.91762,1.93932,1.93932,613221
1971-03-08,1.94692,1.96863,1.94692,1.96863,1.96863,270541
1971-03-09,1.95432,1.95432,1.91762,1.92472,1.92472,265620
1971-03-10,1.92472,1.93232,1.87362,1.87362,1.87362,662410
1971-03-11,1.87362,1.91762,1.87362,1.90273,1.90273,2277441
1971-03-12,1.90273,1.91023,1.89543,1.91023,1.91023,550912
1971-03-15,1.91023,1.92472,1.90273,1.90273,1.90273,303329
1971-03-16,1.90273,1.92472,1.89543,1.91023,1.91023,273817
1971-03-17,1.91023,1.96181,1.91023,1.91762,1.91762,523046
1971-03-18,1.91762,1.94692,1.91762,1.91762,1.91762,373834
1971-03-19,1.91762,1.93232,1.89543,1.91762,1.91762,365638
1971-03-22,1.91762,1.93932,1.90273,1.92472,1.92472,173802
1971-03-23,1.92472,1.93932,1.91023,1.91762,1.91762,227912
1971-03-24,1.91762,1.91762,1.89543,1.91023,1.91023,285299
1971-03-25,1.90273,1.90273,1.88813,1.88813,1.88813,250862
1971-03-26,1.88813,1.91762,1.88813,1.91762,1.91762,306610
1971-03-29,1.91762,1.91762,1.88813,1.89543,1.89543,239384
1971-03-30,1.88813,1.88813,1.88813,1.88813,1.88813,265620
1971-03-31,1.89543,1.91762,1.89543,1.91762,1.91762,226268
1971-04-01,1.91762,1.92472,1.90273,1.92472,1.92472,221349
1971-04-02,1.92472,1.93232,1.91023,1.91762,1.91762,224628
1971-04-05,1.91762,1.93932,1.90273,1.93232,1.93232,616503
1971-04-06,1.93232,1.97612,1.92472,1.96863,1.96863,564029
1971-04-07,1.98322,2.02713,1.98322,2.02002,2.02002,437780
1971-04-08,2.02002,2.02713,2.02002,2.02002,2.02002,263979
1971-04-12,2.02002,2.05652,2.01302,2.05652,2.05652,993611
1971-04-13,2.05652,2.09311,2.05652,2.08611,2.08611,578790
1971-04-14,2.08611,2.14422,2.07132,2.07842,2.07842,568950
1971-04-15,2.08611,2.11462,2.08611,2.10052,2.10052,309887
1971-04-16,2.10052,2.11462,2.07132,2.09311,2.09311,211517
1971-04-19,2.09311,2.12962,2.09311,2.12262,2.12262,290212
1971-04-20,2.12262,2.12962,2.10792,2.12962,2.12962,268899
1971-04-21,2.12962,2.15901,2.11462,2.15181,2.15181,157404
1971-04-22,2.15181,2.15901,2.13712,2.13712,2.13712,237749
1971-04-23,2.13712,2.14422,2.12262,2.12962,2.12962,211517
1971-04-26,2.12962,2.14422,2.10052,2.10052,2.10052,180359
1971-04-27,2.10052,2.14422,2.10052,2.12962,2.12962,300050
1971-04-28,2.12962,2.15901,2.12962,2.14422,2.14422,255781
1971-04-29,2.14422,2.15181,2.12962,2.13712,2.13712,608300
1971-04-30,2.13712,2.15181,2.12262,2.15181,2.15181,219716
1971-05-03,2.15181,2.15901,2.14422,2.15901,2.15901,127889
1971-05-04,2.15901,2.18102,2.12962,2.18102,2.18102,398433
1971-05-05,2.17372,2.17372,2.14422,2.15901,2.15901,111496
1971-05-06,2.15181,2.15181,2.10052,2.12262,2.12262,154124
1971-05-07,2.12262,2.12262,2.07842,2.11462,2.11462,163963
1971-05-10,2.10792,2.10792,2.07842,2.10052,2.10052,108214
1971-05-11,2.10052,2.14422,2.10052,2.12962,2.12962,249226
1971-05-12,2.12962,2.16631,2.12262,2.15181,2.15181,162322
1971-05-13,2.14422,2.14422,2.11462,2.13712,2.13712,98378
1971-05-14,2.13712,2.14422,2.12962,2.12962,2.12962,152484
1971-05-17,2.11462,2.11462,2.08611,2.10052,2.10052,129532
1971-05-18,2.10052,2.11462,2.07842,2.08611,2.08611,716515
1971-05-19,2.08611,2.10052,2.06372,2.07132,2.07132,119694
1971-05-20,2.07132,2.07132,2.05652,2.05652,2.05652,47547
1971-05-21,2.05652,2.07132,2.04202,2.07132,2.07132,213153
1971-05-24,2.06372,2.06372,2.02002,2.03452,2.03452,113136
1971-05-25,2.02713,2.02713,1.96181,2.01302,2.01302,359075
1971-05-26,2.01302,2.02002,1.97612,1.99072,1.99072,411550
1971-05-27,1.98322,1.98322,1.95432,1.95432,1.95432,391871
1971-05-28,1.95432,1.99072,1.94692,1.99072,1.99072,183635
1971-06-01,1.99072,2.01302,1.97612,2.00552,2.00552,272178
1971-06-02,2.00552,2.04922,2.00552,2.04922,2.04922,431221
1971-06-03,2.04922,2.09311,2.04922,2.09311,2.09311,245942
1971-06-04,2.09311,2.11462,2.09311,2.10792,2.10792,409907
1971-06-07,2.10792,2.12962,2.09311,2.10052,2.10052,467292
1971-06-08,2.10052,2.10052,2.04922,2.04922,2.04922,142647
1971-06-09,2.04202,2.04202,1.99072,2.00552,2.00552,113136
1971-06-10,2.00552,2.04202,1.99832,2.01302,2.01302,118054
1971-06-11,2.01302,2.03452,1.99832,2.01302,2.01302,313168
1971-06-14,2.02002,2.04202,2.02002,2.04202,2.04202,300050
1971-06-15,2.04202,2.07842,2.02002,2.06372,2.06372,141011
1971-06-16,2.06372,2.07132,2.03452,2.04202,2.04202,404989
1971-06-17,2.03452,2.03452,2.02002,2.03452,2.03452,1098551
1971-06-18,2.01302,2.01302,1.96181,1.99072,1.99072,173802
1971-06-21,1.99072,1.99072,1.95432,1.95432,1.95432,252506
1971-06-22,1.95432,1.96863,1.95432,1.96863,1.96863,670611
1971-06-23,1.96863,2.02002,1.95432,2.00552,2.00552,464017
1971-06-24,1.99832,1.99832,1.96863,1.98322,1.98322,122976
1971-06-25,1.98322,1.99072,1.95432,1.95432,1.95432,95101
1971-06-28,1.95432,1.96863,1.95432,1.96863,1.96863,54110
1971-06-29,1.96863,1.99832,1.96181,1.99072,1.99072,170524
1971-06-30,1.99072,1.99832,1.96181,1.96181,1.96181,1052640
1971-07-01,1.96181,1.98322,1.95432,1.96181,1.96181,885400
1971-07-02,1.96181,1.96863,1.95432,1.96181,1.96181,296770
1971-07-06,1.96181,1.96181,1.93932,1.94692,1.94692,144281
1971-07-07,1.95432,1.96863,1.95432,1.96181,1.96181,257425
1971-07-08,1.96181,1.98322,1.96181,1.96863,1.96863,2697185
1971-07-09,1.96863,1.97612,1.95432,1.95432,1.95432,178718
1971-07-12,1.95432,1.96863,1.93932,1.95432,1.95432,163963
1971-07-13,1.95432,1.95432,1.93932,1.94692,1.94692,81979
1971-07-14,1.94692,1.97612,1.93232,1.93932,1.93932,226268
1971-07-15,1.93932,1.96863,1.93932,1.94692,1.94692,806699
1971-07-16,1.94692,1.96863,1.93932,1.95432,1.95432,319726
1971-07-19,1.95432,1.95432,1.91762,1.91762,1.91762,252506
1971-07-20,1.91762,1.96181,1.91762,1.95432,1.95432,167244
1971-07-21,1.95432,1.98322,1.95432,1.96863,1.96863,495169
1971-07-22,1.96863,2.00552,1.96181,1.98322,1.98322,360720
1971-07-23,1.98322,1.99832,1.98322,1.98322,1.98322,254140
1971-07-26,1.99072,2.01302,1.99072,2.01302,2.01302,227912
1971-07-27,2.01302,2.01302,1.99832,2.00552,2.00552,259064
1971-07-28,2.00552,2.02002,1.99072,2.00552,2.00552,555834
1971-07-29,2.00552,2.02002,1.98322,1.99832,1.99832,295135
1971-07-30,1.99832,2.00552,1.93232,1.96181,1.96181,445974
1971-08-02,1.96863,2.00552,1.96863,2.00552,2.00552,285299
1971-08-03,2.00552,2.00552,1.97612,1.97612,1.97612,370557
1971-08-04,1.97612,1.98322,1.88813,1.88813,1.88813,380393
1971-08-05,1.88813,1.90273,1.85912,1.86642,1.86642,175440
1971-08-06,1.86642,1.88813,1.85912,1.88813,1.88813,201676
1971-08-09,1.88102,1.88102,1.82233,1.84433,1.84433,208235
1971-08-10,1.84433,1.88102,1.83703,1.87362,1.87362,188559
1971-08-11,1.87362,1.88813,1.87362,1.87362,1.87362,150842
1971-08-12,1.88813,1.98322,1.88813,1.98322,1.98322,437780
1971-08-13,1.98322,1.98322,1.90273,1.91762,1.91762,360720
1971-08-16,2.02713,2.06372,2.02713,2.03452,2.03452,2041335
1971-08-17,2.06372,2.21041,2.06372,2.19562,2.19562,2259403
1971-08-18,2.18852,2.18852,2.11462,2.15181,2.15181,716515
1971-08-19,2.15181,2.17372,2.12262,2.13712,2.13712,572230
1971-08-20,2.13712,2.16631,2.12262,2.15181,2.15181,472210
1971-08-23,2.15901,2.21041,2.15901,2.21041,2.21041,639454
1971-08-24,2.21041,2.23241,2.19562,2.21041,2.21041,675527
1971-08-25,2.21041,2.21741,2.18102,2.18852,2.18852,345966
1971-08-26,2.18852,2.21041,2.18852,2.19562,2.19562,152484
1971-08-27,2.19562,2.21041,2.17372,2.17372,2.17372,170524
1971-08-30,2.17372,2.18102,2.15181,2.15181,2.15181,227912
1971-08-31,2.15181,2.16631,2.14422,2.16631,2.16631,122976
1971-09-01,2.16631,2.18852,2.14422,2.17372,2.17372,144281
1971-09-02,2.17372,2.19562,2.17372,2.18102,2.18102,150842
1971-09-03,2.19562,2.21741,2.19562,2.21741,2.21741,408268
1971-09-07,2.21741,2.23961,2.21741,2.23241,2.23241,313168
1971-09-08,2.23241,2.23961,2.20291,2.22511,2.22511,411550
1971-09-09,2.22511,2.24682,2.21741,2.23241,2.23241,222991
1971-09-10,2.23241,2.23961,2.22511,2.23961,2.23961,195115
1971-09-13,2.23961,2.24682,2.23241,2.23961,2.23961,104933
1971-09-14,2.23241,2.23241,2.22511,2.22511,2.22511,141011
1971-09-15,2.22511,2.23961,2.22511,2.23961,2.23961,165603
1971-09-16,2.23961,2.23961,2.21741,2.21741,2.21741,314807
1971-09-17,2.21741,2.23241,2.18102,2.21041,2.21041,257425
1971-09-20,2.21041,2.21041,2.18852,2.19562,2.19562,265620
1971-09-21,2.19562,2.21041,2.18852,2.18852,2.18852,383671
1971-09-22,2.16631,2.16631,2.04922,2.06372,2.06372,2331550
1971-09-23,2.06372,2.07842,2.04202,2.04202,2.04202,1828185
1971-09-24,2.04202,2.05652,2.01302,2.02002,2.02002,3338281
1971-09-27,2.02002,2.02713,1.98322,2.02002,2.02002,685361
1971-09-28,2.02002,2.04922,2.02002,2.03452,2.03452,378749
1971-09-29,2.03452,2.04922,2.03452,2.04202,2.04202,129532
1971-09-30,2.04202,2.04922,2.02002,2.04922,2.04922,498444
1971-10-01,2.02002,2.02002,1.95432,1.96181,1.96181,3782620
1971-10-04,1.98322,2.00552,1.98322,1.99832,1.99832,631259
1971-10-05,1.99832,2.02713,1.99832,2.01302,2.01302,495169
1971-10-06,2.01302,2.02713,1.98322,2.00552,2.00552,1351054
1971-10-07,2.00552,2.02002,1.99832,2.00552,2.00552,741112
1971-10-08,2.00552,2.01302,1.97612,1.97612,1.97612,368915
1971-10-11,1.97612,1.98322,1.96181,1.96181,1.96181,188559
1971-10-12,1.96181,1.99072,1.96181,1.99072,1.99072,536156
1971-10-13,1.99072,2.00552,1.97612,1.98322,1.98322,950980
1971-10-14,1.98322,1.99072,1.96863,1.97612,1.97612,200032
1971-10-15,1.97612,1.98322,1.96863,1.96863,1.96863,263979
1971-10-18,1.96863,1.98322,1.93932,1.93932,1.93932,136092
1971-10-19,1.88102,1.88102,1.80062,1.83703,1.83703,1649470
1971-10-20,1.82973,1.82973,1.73463,1.74914,1.74914,1956073
1971-10-21,1.74914,1.77113,1.73463,1.77113,1.77113,909992
1971-10-22,1.77113,1.79313,1.74914,1.76363,1.76363,380393
1971-10-25,1.76363,1.77113,1.74914,1.76363,1.76363,106578
1971-10-26,1.76363,1.79313,1.75653,1.77113,1.77113,367275
1971-10-27,1.77113,1.77113,1.74222,1.76363,1.76363,326284
1971-10-28,1.76363,1.79313,1.74222,1.77113,1.77113,641095
1971-10-29,1.77113,1.78593,1.75653,1.77843,1.77843,564029
1971-11-01,1.77843,1.77843,1.75653,1.77113,1.77113,790301
1971-11-02,1.77113,1.79313,1.74914,1.77843,1.77843,393510
1971-11-03,1.77843,1.80782,1.77843,1.80782,1.80782,577149
1971-11-04,1.80782,1.82233,1.80062,1.81503,1.81503,334484
1971-11-05,1.81503,1.83703,1.81503,1.83703,1.83703,462373
1971-11-08,1.83703,1.85912,1.83703,1.85912,1.85912,314807
1971-11-09,1.85912,1.88102,1.84433,1.86642,1.86642,398433
1971-11-10,1.86642,1.87362,1.79313,1.80782,1.80782,4115467
1971-11-11,1.80062,1.80062,1.74222,1.74914,1.74914,457456
1971-11-12,1.74914,1.76363,1.71263,1.74222,1.74222,990333
1971-11-15,1.74222,1.74222,1.67574,1.68334,1.68334,1962635
1971-11-16,1.68334,1.69774,1.64683,1.68334,1.68334,646013
1971-11-17,1.68334,1.71263,1.68334,1.71263,1.71263,495169
1971-11-18,1.71263,1.71263,1.66123,1.66123,1.66123,2183983
1971-11-19,1.63243,1.63243,1.58074,1.58843,1.58843,3671126
1971-11-22,1.58843,1.58843,1.55134,1.55134,1.55134,659131
1971-11-23,1.55134,1.55134,1.53713,1.53713,1.53713,436141
1971-11-24,1.54434,1.55134,1.54434,1.55134,1.55134,486969
1971-11-26,1.55134,1.56624,1.54434,1.56624,1.56624,413188
1971-11-29,1.57393,1.62464,1.57393,1.62464,1.62464,706677
1971-11-30,1.63243,1.68334,1.63243,1.67574,1.67574,672248
1971-12-01,1.67574,1.78593,1.66883,1.76363,1.76363,762429
1971-12-02,1.76363,1.77113,1.72723,1.77113,1.77113,985418
1971-12-03,1.77113,1.82973,1.74222,1.80782,1.80782,1123147
1971-12-06,1.80782,1.83703,1.77113,1.77843,1.77843,534516
1971-12-07,1.77843,1.78593,1.75653,1.77843,1.77843,190196
1971-12-08,1.77843,1.78593,1.75653,1.75653,1.75653,436141
1971-12-09,1.75653,1.76363,1.74222,1.75653,1.75653,408268
1971-12-10,1.75653,1.77843,1.75653,1.77843,1.77843,893596
1971-12-13,1.77843,1.80062,1.77843,1.80062,1.80062,864081
1971-12-14,1.80782,1.84433,1.80782,1.83703,1.83703,291853
1971-12-15,1.83703,1.83703,1.82233,1.82973,1.82973,675527
1971-12-16,1.83703,1.91762,1.83703,1.90273,1.90273,327926
1971-12-17,1.91762,1.93932,1.91762,1.93932,1.93932,286936
1971-12-20,1.93932,1.99072,1.91762,1.93232,1.93232,1198565
1971-12-21,1.93232,1.93232,1.91023,1.92472,1.92472,1198565
1971-12-22,1.92472,1.95432,1.91762,1.93232,1.93232,398433
1971-12-23,1.93232,1.95432,1.91762,1.94692,1.94692,541074
1971-12-27,1.93932,1.93932,1.93932,1.93932,1.93932,349238
1971-12-28,1.93932,1.93932,1.91762,1.92472,1.92472,342681
1971-12-29,1.92472,1.94692,1.91762,1.93232,1.93232,641095
1971-12-30,1.93232,1.93932,1.91023,1.93232,1.93232,206591
1971-12-31,1.92472,1.92472,1.90273,1.90273,1.90273,508285
1972-01-03,1.90273,1.91762,1.90273,1.90273,1.90273,362353
1972-01-04,1.90273,1.91762,1.90273,1.91023,1.91023,362353
1972-01-05,1.91023,1.93932,1.91023,1.92472,1.92472,375476
1972-01-06,1.92472,1.93232,1.91762,1.92472,1.92472,552555
1972-01-07,1.92472,1.93232,1.92472,1.92472,1.92472,268899
1972-01-10,1.92472,1.93232,1.91762,1.93232,1.93232,349238
1972-01-11,1.93232,1.93232,1.91762,1.91762,1.91762,721436
1972-01-12,1.91762,1.93232,1.91023,1.91762,1.91762,1255952
1972-01-13,1.91762,1.91762,1.88102,1.89543,1.89543,365638
1972-01-14,1.89543,1.92472,1.88813,1.92472,1.92472,559116
1972-01-17,1.93232,1.96863,1.93232,1.96181,1.96181,413188
1972-01-18,1.96181,1.96863,1.95432,1.96181,1.96181,298412
1972-01-19,1.95432,1.95432,1.91762,1.91762,1.91762,459095
1972-01-20,1.91762,1.94692,1.91762,1.93932,1.93932,293494
1972-01-21,1.93932,1.95432,1.92472,1.92472,1.92472,324646
1972-01-24,1.92472,1.93932,1.91762,1.93932,1.93932,296770
1972-01-25,1.93932,1.94692,1.93232,1.93932,1.93932,211517
1972-01-26,1.93932,1.94692,1.92472,1.93232,1.93232,218071
1972-01-27,1.93932,1.96181,1.93932,1.95432,1.95432,290212
1972-01-28,1.95432,1.99832,1.95432,1.96863,1.96863,644374
1972-01-31,1.96863,1.98322,1.95432,1.98322,1.98322,283657
1972-02-01,1.98322,2.00552,1.98322,1.99832,1.99832,626337
1972-02-02,1.99832,2.00552,1.98322,2.00552,2.00552,495169
1972-02-03,1.99832,1.99832,1.98322,1.99072,1.99072,580423
1972-02-04,1.99072,1.99832,1.96863,1.98322,1.98322,265620
1972-02-07,1.98322,1.99072,1.95432,1.96863,1.96863,254140
1972-02-08,1.96863,1.97612,1.96181,1.96181,1.96181,282018
1972-02-09,1.96181,1.96863,1.95432,1.96181,1.96181,342681
1972-02-10,1.96181,1.98322,1.96181,1.96863,1.96863,601742
1972-02-11,1.96863,1.98322,1.96181,1.96181,1.96181,331200
1972-02-14,1.96181,1.98322,1.95432,1.96181,1.96181,408268
1972-02-15,1.96181,1.99832,1.96181,1.98322,1.98322,431221
1972-02-16,1.99072,2.00552,1.99072,1.99072,1.99072,150842
1972-02-17,1.99072,2.01302,1.99072,1.99072,1.99072,395150
1972-02-18,1.99072,1.99832,1.97612,1.98322,1.98322,118054
1972-02-22,1.99832,2.00552,1.99832,1.99832,1.99832,382033
1972-02-23,1.99832,2.01302,1.99832,2.00552,2.00552,1292022
1972-02-24,2.00552,2.00552,1.98322,1.98322,1.98322,201676
1972-02-25,1.98322,2.00552,1.97612,1.97612,1.97612,280375
1972-02-28,1.97612,1.98322,1.95432,1.95432,1.95432,373834
1972-02-29,1.95432,1.96181,1.94692,1.95432,1.95432,229551
1972-03-01,1.95432,1.96863,1.94692,1.96863,1.96863,624698
1972-03-02,1.96863,1.99832,1.96863,1.99832,1.99832,419746
1972-03-03,1.99832,2.01302,1.98322,1.99832,1.99832,398433
1972-03-06,1.99832,2.02002,1.99832,2.02002,2.02002,1108393
1972-03-07,2.02002,2.04202,2.02002,2.02002,2.02002,1283828
1972-03-08,2.02002,2.04922,2.01302,2.03452,2.03452,632895
1972-03-09,2.03452,2.04922,2.02002,2.03452,2.03452,252506
1972-03-10,2.03452,2.04922,2.03452,2.04922,2.04922,144281
1972-03-13,2.04922,2.06372,2.03452,2.06372,2.06372,308251
1972-03-14,2.06372,2.07842,2.04922,2.07842,2.07842,468934
1972-03-15,2.07842,2.13712,2.07132,2.12962,2.12962,498444
1972-03-16,2.12962,2.18852,2.11462,2.14422,2.14422,595185
1972-03-17,2.14422,2.15181,2.12962,2.14422,2.14422,475489
1972-03-20,2.14422,2.14422,2.12962,2.14422,2.14422,347600
1972-03-21,2.14422,2.14422,2.12962,2.12962,2.12962,549277
1972-03-22,2.12962,2.15901,2.12962,2.15181,2.15181,606663
1972-03-23,2.15181,2.15181,2.13712,2.14422,2.14422,167244
1972-03-24,2.14422,2.14422,2.12962,2.12962,2.12962,191836
1972-03-27,2.12962,2.14422,2.12262,2.12962,2.12962,259064
1972-03-28,2.14422,2.15181,2.14422,2.14422,2.14422,290212
1972-03-29,2.14422,2.15901,2.14422,2.14422,2.14422,122976
1972-03-30,2.14422,2.17372,2.14422,2.15901,2.15901,300050
1972-04-03,2.15901,2.18102,2.15901,2.18102,2.18102,409907
1972-04-04,2.18102,2.18852,2.14422,2.14422,2.14422,221349
1972-04-05,2.14422,2.17372,2.14422,2.15901,2.15901,267257
1972-04-06,2.17372,2.21041,2.17372,2.19562,2.19562,542717
1972-04-07,2.19562,2.21041,2.17372,2.17372,2.17372,411550
1972-04-10,2.17372,2.18102,2.15181,2.15181,2.15181,265620
1972-04-11,2.15181,2.20291,2.15181,2.18852,2.18852,298412
1972-04-12,2.18852,2.21041,2.18852,2.19562,2.19562,237749
1972-04-13,2.19562,2.21041,2.17372,2.21041,2.21041,268899
1972-04-14,2.21041,2.21741,2.19562,2.21041,2.21041,2016742
1972-04-17,2.20291,2.20291,2.18852,2.20291,2.20291,336122
1972-04-18,2.20291,2.22511,2.18102,2.21741,2.21741,273817
1972-04-19,2.21741,2.23241,2.21041,2.21741,2.21741,229551
1972-04-20,2.21741,2.22511,2.19562,2.22511,2.22511,147566
1972-04-21,2.22511,2.22511,2.19562,2.20291,2.20291,203315
1972-04-24,2.20291,2.21041,2.19562,2.20291,2.20291,136092
1972-04-25,2.20291,2.22511,2.18852,2.21041,2.21041,332842
1972-04-26,2.21041,2.21041,2.18852,2.18852,2.18852,444337
1972-04-27,2.18852,2.21741,2.18102,2.20291,2.20291,557475
1972-04-28,2.19562,2.19562,2.18102,2.18102,2.18102,208235
1972-05-01,2.18102,2.18852,2.15181,2.15181,2.15181,190196
1972-05-02,2.15181,2.15901,2.10792,2.10792,2.10792,298412
1972-05-03,2.12262,2.15901,2.12262,2.12262,2.12262,455810
1972-05-04,2.12262,2.12962,2.11462,2.12962,2.12962,175440
1972-05-05,2.12962,2.13712,2.11462,2.11462,2.11462,357440
1972-05-08,2.10792,2.10792,2.05652,2.05652,2.05652,675527
1972-05-09,2.05652,2.07842,2.00552,2.06372,2.06372,1087074
1972-05-10,2.06372,2.08611,2.06372,2.08611,2.08611,252506
1972-05-11,2.08611,2.10052,2.07132,2.09311,2.09311,196755
1972-05-12,2.09311,2.11462,2.08611,2.11462,2.11462,411550
1972-05-15,2.11462,2.11462,2.10052,2.11462,2.11462,182001
1972-05-16,2.12962,2.15901,2.12962,2.14422,2.14422,647652
1972-05-17,2.14422,2.18102,2.12962,2.17372,2.17372,690279
1972-05-18,2.21041,2.25441,2.21041,2.23961,2.23961,401709
1972-05-19,2.23961,2.24682,2.21041,2.22511,2.22511,490247
1972-05-22,2.23961,2.26141,2.23961,2.25441,2.25441,370557
1972-05-23,2.25441,2.27601,2.24682,2.26141,2.26141,614865
1972-05-24,2.26141,2.31261,2.26141,2.3055,2.3055,375476
1972-05-25,2.3055,2.36371,2.3055,2.33471,2.33471,470571
1972-05-26,2.33471,2.34201,2.31981,2.33471,2.33471,134446
1972-05-30,2.33471,2.35681,2.33471,2.34201,2.34201,344321
1972-05-31,2.33471,2.33471,2.26881,2.28341,2.28341,609941
1972-06-01,2.28341,2.29061,2.26141,2.27601,2.27601,252506
1972-06-02,2.27601,2.29061,2.26141,2.27601,2.27601,309887
1972-06-05,2.27601,2.27601,2.23961,2.25441,2.25441,149205
1972-06-06,2.24682,2.24682,2.22511,2.22511,2.22511,298412
1972-06-07,2.22511,2.22511,2.17372,2.19562,2.19562,421386
1972-06-08,2.19562,2.21041,2.18852,2.21041,2.21041,336122
1972-06-09,2.19562,2.19562,2.18102,2.18102,2.18102,175440
1972-06-12,2.18102,2.22511,2.18102,2.22511,2.22511,373834
1972-06-13,2.22511,2.26141,2.22511,2.26141,2.26141,285299
1972-06-14,2.26881,2.31981,2.26881,2.3055,2.3055,872283
1972-06-15,2.3055,2.31981,2.29821,2.3055,2.3055,467292
1972-06-16,2.3055,2.31981,2.3055,2.31981,2.31981,193478
1972-06-19,2.31981,2.33471,2.31981,2.32731,2.32731,326284
1972-06-20,2.32731,2.34201,2.31981,2.34201,2.34201,450901
1972-06-21,2.33471,2.33471,2.31981,2.33471,2.33471,355802
1972-06-22,2.33471,2.33471,2.32731,2.33471,2.33471,252506
1972-06-23,2.33471,2.35681,2.33471,2.34201,2.34201,611583
1972-06-26,2.34201,2.35681,2.33471,2.34201,2.34201,672248
1972-06-27,2.34921,2.40761,2.34921,2.35681,2.35681,787020
1972-06-28,2.40061,2.4521,2.40061,2.4521,2.4521,419746
1972-06-29,2.4372,2.4372,2.36371,2.36371,2.36371,242662
1972-06-30,2.36371,2.40061,2.35681,2.3712,2.3712,391871
1972-07-03,2.3712,2.41521,2.3712,2.41521,2.41521,319726
1972-07-05,2.41521,2.4521,2.40061,2.43,2.43,918188
1972-07-06,2.4521,2.4958,2.4521,2.4958,2.4958,239384
1972-07-07,2.4881,2.4881,2.4372,2.4372,2.4372,262341
1972-07-10,2.4372,2.4372,2.39311,2.41521,2.41521,624698
1972-07-11,2.40061,2.40061,2.3786,2.38591,2.38591,275460
1972-07-12,2.39311,2.43,2.39311,2.41521,2.41521,362353
1972-07-13,2.41521,2.42231,2.40761,2.41521,2.41521,198395
1972-07-14,2.41521,2.41521,2.40061,2.41521,2.41521,206591
1972-07-17,2.41521,2.41521,2.3786,2.38591,2.38591,231187
1972-07-18,2.3712,2.3712,2.3055,2.32731,2.32731,162322
1972-07-19,2.35681,2.38591,2.35681,2.38591,2.38591,637814
1972-07-20,2.3786,2.3786,2.35681,2.35681,2.35681,259064
1972-07-21,2.35681,2.3712,2.33471,2.36371,2.36371,126254
1972-07-24,2.39311,2.4521,2.39311,2.4372,2.4372,319726
1972-07-25,2.4372,2.4958,2.42231,2.4372,2.4372,636173
1972-07-26,2.4372,2.4444,2.41521,2.4372,2.4372,247587
1972-07-27,2.4521,2.4738,2.4521,2.46651,2.46651,173802
1972-07-28,2.45901,2.45901,2.43,2.4521,2.4521,180359
1972-07-31,2.4521,2.46651,2.42231,2.46651,2.46651,77065
1972-08-01,2.46651,2.4958,2.43,2.4958,2.4958,211517
1972-08-02,2.4958,2.5324,2.4958,2.5175,2.5175,490247
1972-08-03,2.5175,2.5466,2.5029,2.5396,2.5396,565668
1972-08-04,2.5396,2.5691,2.5324,2.5324,2.5324,301694
1972-08-07,2.5324,2.5691,2.525,2.5324,2.5324,211517
1972-08-08,2.5324,2.5466,2.5029,2.5466,2.5466,216429
1972-08-09,2.5544,2.5763,2.5544,2.5763,2.5763,293494
1972-08-10,2.5763,2.5834,2.5612,2.5763,2.5763,265620
1972-08-11,2.5763,2.64209,2.5763,2.64209,2.64209,596825
1972-08-14,2.64919,2.71539,2.64919,2.70099,2.70099,303329
1972-08-15,2.6788,2.6788,2.65679,2.6639,2.6639,454178
1972-08-16,2.65679,2.65679,2.64209,2.64209,2.64209,265620
1972-08-17,2.64209,2.6639,2.6128,2.6128,2.6128,395150
1972-08-18,2.6128,2.6128,2.59829,2.59829,2.59829,1956073
1972-08-21,2.59829,2.60569,2.5103,2.5466,2.5466,323007
1972-08-22,2.5466,2.5612,2.5396,2.5396,2.5396,196755
1972-08-23,2.5396,2.5612,2.525,2.5612,2.5612,362353
1972-08-24,2.5612,2.5834,2.5544,2.5612,2.5612,624698
1972-08-25,2.5612,2.5834,2.5544,2.5763,2.5763,332842
1972-08-28,2.5763,2.59829,2.5763,2.5763,2.5763,178718
1972-08-29,2.5763,2.59829,2.5612,2.59829,2.59829,787020
1972-08-30,2.59829,2.6277,2.5763,2.60569,2.60569,626337
1972-08-31,2.6203,2.64209,2.6203,2.6277,2.6277,165603
1972-09-01,2.6277,2.64209,2.6128,2.6347,2.6347,218071
1972-09-05,2.6277,2.6277,2.60569,2.6128,2.6128,132813
1972-09-06,2.6128,2.6203,2.60569,2.6203,2.6203,357440
1972-09-07,2.6277,2.64209,2.6277,2.64209,2.64209,275460
1972-09-08,2.64209,2.64919,2.6347,2.64209,2.64209,306610
1972-09-11,2.64209,2.65679,2.6347,2.64919,2.64919,198395
1972-09-12,2.64919,2.65679,2.6128,2.6128,2.6128,742751
1972-09-13,2.6128,2.6128,2.5544,2.5544,2.5544,272178
1972-09-14,2.5544,2.59099,2.525,2.5466,2.5466,308251
1972-09-15,2.5544,2.59099,2.5544,2.59099,2.59099,149205
1972-09-18,2.59099,2.59829,2.5763,2.59099,2.59099,390231
1972-09-19,2.59099,2.6128,2.5834,2.60569,2.60569,154124
1972-09-20,2.60569,2.6128,2.59829,2.6128,2.6128,118054
1972-09-21,2.6128,2.6714,2.6128,2.6714,2.6714,355802
1972-09-22,2.6714,2.6788,2.6714,2.6714,2.6714,406627
1972-09-25,2.6714,2.6788,2.65679,2.65679,2.65679,267257
1972-09-26,2.65679,2.65679,2.6277,2.6277,2.6277,527960
1972-09-27,2.6277,2.6932,2.6203,2.6932,2.6932,552555
1972-09-28,2.6932,2.6932,2.6347,2.64209,2.64209,236106
1972-09-29,2.64209,2.6639,2.5834,2.59829,2.59829,244302
1972-10-02,2.59829,2.6128,2.5691,2.5691,2.5691,139367
1972-10-03,2.5691,2.5834,2.5466,2.5691,2.5691,327926
1972-10-04,2.5691,2.5834,2.5466,2.5763,2.5763,168883
1972-10-05,2.5612,2.5612,2.4958,2.5103,2.5103,204956
1972-10-06,2.5103,2.5691,2.4812,2.5324,2.5324,593544
1972-10-09,2.5324,2.5324,2.5175,2.525,2.525,103294
1972-10-10,2.525,2.5466,2.4958,2.4958,2.4958,278736
1972-10-11,2.4958,2.5103,2.4738,2.4958,2.4958,416464
1972-10-12,2.4958,2.4958,2.45901,2.4812,2.4812,149205
1972-10-13,2.46651,2.46651,2.43,2.4521,2.4521,360720
1972-10-16,2.4521,2.46651,2.39311,2.40061,2.40061,278736
1972-10-17,2.40061,2.41521,2.3786,2.41521,2.41521,695204
1972-10-18,2.41521,2.4521,2.38591,2.40061,2.40061,846049
1972-10-19,2.40061,2.40761,2.36371,2.3712,2.3712,226268
1972-10-20,2.3712,2.4372,2.3712,2.41521,2.41521,823093
1972-10-23,2.4444,2.4738,2.4444,2.46651,2.46651,545996
1972-10-24,2.4812,2.5175,2.4812,2.5175,2.5175,477130
1972-10-25,2.525,2.5834,2.525,2.5834,2.5834,277099
1972-10-26,2.5834,2.6128,2.5763,2.59099,2.59099,490247
1972-10-27,2.59099,2.60569,2.5396,2.5466,2.5466,314807
1972-10-30,2.5466,2.5763,2.5466,2.5612,2.5612,201676
1972-10-31,2.5691,2.59829,2.5691,2.59829,2.59829,200032
1972-11-01,2.60569,2.6714,2.60569,2.65679,2.65679,406627
1972-11-02,2.6788,2.7371,2.6788,2.72979,2.72979,418101
1972-11-03,2.7446,2.78119,2.7446,2.75939,2.75939,337760
1972-11-06,2.75939,2.79579,2.7371,2.75939,2.75939,398433
1972-11-08,2.75939,2.78829,2.7371,2.7371,2.7371,811618
1972-11-09,2.7371,2.7446,2.70769,2.7371,2.7371,372195
1972-11-10,2.7371,2.77379,2.72269,2.7446,2.7446,1218242
1972-11-13,2.7446,2.7446,2.6932,2.70099,2.70099,277099
1972-11-14,2.70099,2.72269,2.70099,2.70769,2.70769,263979
1972-11-15,2.70769,2.72269,2.6788,2.6932,2.6932,501731
1972-11-16,2.6932,2.6932,2.64919,2.6932,2.6932,347600
1972-11-17,2.6932,2.70769,2.6932,2.6932,2.6932,267257
1972-11-20,2.70769,2.72269,2.70769,2.71539,2.71539,416464
1972-11-21,2.7371,2.77379,2.7371,2.77379,2.77379,565668
1972-11-22,2.77379,2.78829,2.75939,2.76669,2.76669,303329
1972-11-24,2.76669,2.77379,2.75939,2.76669,2.76669,154124
1972-11-27,2.76669,2.77379,2.7371,2.75939,2.75939,331200
1972-11-28,2.75939,2.77379,2.7446,2.7446,2.7446,257425
1972-11-29,2.7446,2.77379,2.7446,2.75939,2.75939,204956
1972-11-30,2.75939,2.76669,2.72269,2.7371,2.7371,634536
1972-12-01,2.7371,2.75939,2.72269,2.7446,2.7446,270541
1972-12-04,2.7371,2.7371,2.70769,2.7371,2.7371,357440
1972-12-05,2.7371,2.7446,2.72269,2.7446,2.7446,293494
1972-12-06,2.7371,2.7371,2.72269,2.72269,2.72269,275460
1972-12-07,2.72269,2.7371,2.6862,2.72269,2.72269,247587
1972-12-08,2.72269,2.77379,2.72269,2.76669,2.76669,147566
1972-12-11,2.75939,2.75939,2.7371,2.7371,2.7371,373834
1972-12-12,2.7371,2.7446,2.6639,2.6788,2.6788,332842
1972-12-13,2.6932,2.72269,2.6932,2.70769,2.70769,409907
1972-12-14,2.70769,2.72979,2.6862,2.72979,2.72979,467292
1972-12-15,2.72979,2.72979,2.6862,2.6862,2.6862,323007
1972-12-18,2.6862,2.6862,2.6714,2.6788,2.6788,198395
1972-12-19,2.6788,2.6788,2.65679,2.6788,2.6788,214790
1972-12-20,2.6788,2.72269,2.64919,2.65679,2.65679,1977390
1972-12-21,2.65679,2.65679,2.6277,2.6347,2.6347,447619
1972-12-22,2.6347,2.64209,2.6128,2.6277,2.6277,213153
1972-12-26,2.6347,2.6788,2.6347,2.6788,2.6788,247587
1972-12-27,2.6788,2.70769,2.65679,2.65679,2.65679,229551
1972-12-29,2.65679,2.72979,2.65679,2.6788,2.6788,500084
1973-01-02,2.6788,2.72979,2.6714,2.71539,2.71539,191836
1973-01-03,2.7371,2.78829,2.7371,2.78829,2.78829,449259
1973-01-04,2.78829,2.79579,2.75939,2.78829,2.78829,303329
1973-01-05,2.78829,2.83989,2.77379,2.78119,2.78119,878837
1973-01-08,2.78829,2.81798,2.78829,2.79579,2.79579,391871
1973-01-09,2.78829,2.78829,2.75939,2.75939,2.75939,216429
1973-01-10,2.75939,2.78119,2.7371,2.7446,2.7446,491889
1973-01-11,2.7446,2.83249,2.72269,2.78829,2.78829,401709
1973-01-12,2.78829,2.8102,2.7371,2.7371,2.7371,331200
1973-01-15,2.7371,2.76669,2.72269,2.72269,2.72269,311527
1973-01-16,2.6932,2.6932,2.6203,2.65679,2.65679,424663
1973-01-17,2.65679,2.6714,2.6347,2.65679,2.65679,406627
1973-01-18,2.65679,2.6639,2.6347,2.64209,2.64209,377115
1973-01-19,2.64209,2.64919,2.6128,2.6347,2.6347,298412
1973-01-22,2.6347,2.64209,2.60569,2.60569,2.60569,383671
1973-01-23,2.60569,2.6128,2.5763,2.59099,2.59099,280375
1973-01-24,2.59099,2.59099,2.5029,2.5324,2.5324,429582
1973-01-26,2.5324,2.5466,2.5175,2.525,2.525,477130
1973-01-29,2.525,2.5324,2.5175,2.5175,2.5175,211517
1973-01-30,2.5175,2.5763,2.5175,2.525,2.525,291853
1973-01-31,2.525,2.5691,2.525,2.5544,2.5544,378749
1973-02-01,2.5612,2.59829,2.5612,2.5763,2.5763,200032
1973-02-02,2.5691,2.5691,2.5466,2.5612,2.5612,459095
1973-02-05,2.5612,2.5691,2.5175,2.5175,2.5175,396792
1973-02-06,2.5175,2.5396,2.5103,2.5175,2.5175,163963
1973-02-07,2.5175,2.525,2.5103,2.5175,2.5175,129532
1973-02-08,2.5175,2.525,2.5029,2.525,2.525,309887
1973-02-09,2.525,2.5396,2.5103,2.5324,2.5324,439420
1973-02-12,2.5466,2.6128,2.5466,2.6128,2.6128,206591
1973-02-13,2.72979,2.7516,2.72979,2.7371,2.7371,1390406
1973-02-14,2.7371,2.7516,2.6932,2.6932,2.6932,654210
1973-02-15,2.6862,2.6862,2.64209,2.65679,2.65679,457456
1973-02-16,2.65679,2.6788,2.65679,2.65679,2.65679,141011
1973-02-20,2.65679,2.6788,2.65679,2.65679,2.65679,262341
1973-02-21,2.65679,2.6639,2.64209,2.6639,2.6639,250862
1973-02-22,2.6639,2.6639,2.6347,2.64209,2.64209,431221
1973-02-23,2.64209,2.64919,2.6203,2.6203,2.6203,154124
1973-02-26,2.6128,2.6128,2.5612,2.5834,2.5834,285299
1973-02-27,2.5834,2.6277,2.5763,2.5763,2.5763,182001
1973-02-28,2.5763,2.59829,2.5691,2.59099,2.59099,213153
1973-03-01,2.59829,2.6277,2.59829,2.59829,2.59829,408268
1973-03-02,2.59829,2.59829,2.5691,2.59099,2.59099,603386
1973-03-05,2.59099,2.59829,2.5396,2.5396,2.5396,824730
1973-03-06,2.5466,2.59099,2.5466,2.5763,2.5763,539435
1973-03-07,2.5763,2.59829,2.5691,2.59099,2.59099,737832
1973-03-08,2.59099,2.59829,2.5834,2.59829,2.59829,359075
1973-03-09,2.59829,2.6277,2.5544,2.6203,2.6203,847690
1973-03-12,2.6203,2.6347,2.59829,2.60569,2.60569,349238
1973-03-13,2.60569,2.60569,2.5763,2.60569,2.60569,1098551
1973-03-14,2.60569,2.6277,2.60569,2.6203,2.6203,286936
1973-03-15,2.6203,2.6277,2.59829,2.6128,2.6128,444337
1973-03-16,2.6128,2.6277,2.6128,2.6277,2.6277,275460
1973-03-19,2.6277,2.6277,2.60569,2.6128,2.6128,575509
1973-03-20,2.6128,2.6128,2.5834,2.59829,2.59829,406627
1973-03-21,2.59829,2.60569,2.5544,2.5544,2.5544,263979
1973-03-22,2.5324,2.5324,2.4738,2.4738,2.4738,1046079
1973-03-23,2.4738,2.4812,2.4372,2.4521,2.4521,549277
1973-03-26,2.4521,2.46651,2.4372,2.4372,2.4372,190196
1973-03-27,2.45901,2.5175,2.45901,2.5029,2.5029,744388
1973-03-28,2.5029,2.5175,2.4812,2.5175,2.5175,323007
1973-03-29,2.5324,2.5691,2.5324,2.5324,2.5324,2005263
1973-03-30,2.5324,2.5612,2.5175,2.5324,2.5324,326284
1973-04-02,2.5324,2.5324,2.4958,2.4958,2.4958,249226
1973-04-03,2.4958,2.4958,2.46651,2.4881,2.4881,350881
1973-04-04,2.4958,2.525,2.4958,2.5175,2.5175,334484
1973-04-05,2.5175,2.5324,2.4812,2.4812,2.4812,577149
1973-04-06,2.4881,2.525,2.4881,2.5175,2.5175,352517
1973-04-09,2.525,2.5612,2.525,2.5612,2.5612,332842
1973-04-10,2.5612,2.59099,2.5612,2.5612,2.5612,429582
1973-04-11,2.5612,2.5763,2.5612,2.5763,2.5763,214790
1973-04-12,2.5763,2.6128,2.5612,2.5763,2.5763,757509
1973-04-13,2.59099,2.6203,2.59099,2.60569,2.60569,409907
1973-04-16,2.59829,2.59829,2.5834,2.59099,2.59099,383671
1973-04-17,2.59829,2.60569,2.59829,2.60569,2.60569,177079
1973-04-18,2.60569,2.6128,2.59829,2.60569,2.60569,288575
1973-04-19,2.60569,2.6128,2.59829,2.6128,2.6128,304974
1973-04-23,2.6128,2.6128,2.59099,2.59099,2.59099,222991
1973-04-24,2.59099,2.59829,2.5763,2.5763,2.5763,524678
1973-04-25,2.5763,2.5834,2.5175,2.5175,2.5175,1729809
1973-04-26,2.5175,2.5175,2.4738,2.4812,2.4812,278736
1973-04-27,2.4812,2.4958,2.46651,2.46651,2.46651,347600
1973-04-30,2.46651,2.5029,2.46651,2.5029,2.5029,190196
1973-05-01,2.5029,2.525,2.46651,2.4738,2.4738,375476
1973-05-02,2.4738,2.4812,2.46651,2.4812,2.4812,277099
1973-05-03,2.4812,2.4812,2.4372,2.4521,2.4521,1159218
1973-05-04,2.46651,2.4958,2.46651,2.4812,2.4812,1401877
1973-05-07,2.4812,2.4881,2.4738,2.4738,2.4738,623060
1973-05-08,2.4738,2.4958,2.4738,2.4958,2.4958,339406
1973-05-09,2.5175,2.5466,2.5175,2.5396,2.5396,1664222
1973-05-10,2.5396,2.5466,2.5175,2.525,2.525,1041162
1973-05-11,2.525,2.5466,2.5175,2.5175,2.5175,255781
1973-05-14,2.5175,2.5324,2.4958,2.4958,2.4958,242662
1973-05-15,2.4958,2.5175,2.4812,2.5029,2.5029,450901
1973-05-16,2.5029,2.5544,2.4812,2.5103,2.5103,339406
1973-05-17,2.5175,2.5466,2.5175,2.525,2.525,226268
1973-05-18,2.5029,2.5029,2.46651,2.4812,2.4812,254140
1973-05-21,2.4444,2.4444,2.39311,2.4372,2.4372,513201
1973-05-22,2.4372,2.4521,2.40061,2.42231,2.42231,573870
1973-05-23,2.42231,2.4372,2.41521,2.42231,2.42231,341041
1973-05-24,2.43,2.4812,2.43,2.4738,2.4738,413188
1973-05-25,2.4812,2.525,2.4812,2.4958,2.4958,406627
1973-05-29,2.5029,2.5175,2.5029,2.5103,2.5103,196755
1973-05-30,2.4958,2.4958,2.4738,2.4738,2.4738,314807
1973-05-31,2.4372,2.4372,2.38591,2.38591,2.38591,782103
1973-06-01,2.3712,2.3712,2.33471,2.35681,2.35681,650931
1973-06-04,2.31261,2.31261,2.26141,2.26141,2.26141,329563
1973-06-05,2.26141,2.27601,2.23961,2.27601,2.27601,573870
1973-06-06,2.26141,2.26141,2.15901,2.16631,2.16631,550912
1973-06-07,2.16631,2.21041,2.16631,2.19562,2.19562,537800
1973-06-08,2.19562,2.28341,2.19562,2.28341,2.28341,1031325
1973-06-11,2.28341,2.28341,2.21741,2.23241,2.23241,145928
1973-06-12,2.23961,2.28341,2.23961,2.28341,2.28341,505003
1973-06-13,2.29061,2.32731,2.29061,2.31261,2.31261,601742
1973-06-14,2.31261,2.31981,2.29061,2.29821,2.29821,465655
1973-06-15,2.29061,2.29061,2.23961,2.23961,2.23961,403346
1973-06-18,2.23961,2.23961,2.21041,2.23241,2.23241,442698
1973-06-19,2.23241,2.24682,2.21041,2.23961,2.23961,359075
1973-06-20,2.25441,2.26141,2.25441,2.26141,2.26141,282018
1973-06-21,2.26141,2.27601,2.15901,2.15901,2.15901,373834
1973-06-22,2.22511,2.27601,2.22511,2.26881,2.26881,991972
1973-06-25,2.24682,2.24682,2.18102,2.18102,2.18102,277099
1973-06-26,2.18852,2.22511,2.18852,2.21041,2.21041,208235
1973-06-27,2.21741,2.26141,2.21741,2.25441,2.25441,239384
1973-06-28,2.25441,2.29821,2.24682,2.29061,2.29061,183635
1973-06-29,2.29821,2.34921,2.29821,2.33471,2.33471,239384
1973-07-02,2.33471,2.35681,2.31261,2.32731,2.32731,949342
1973-07-03,2.3055,2.3055,2.26141,2.29061,2.29061,464017
1973-07-05,2.29061,2.31261,2.26881,2.31261,2.31261,200032
1973-07-06,2.31261,2.31261,2.27601,2.31261,2.31261,323007
1973-07-09,2.31261,2.31981,2.29061,2.31261,2.31261,262341
1973-07-10,2.31981,2.35681,2.31981,2.35681,2.35681,636173
1973-07-11,2.3712,2.41521,2.3712,2.40761,2.40761,714876
1973-07-12,2.40761,2.41521,2.3712,2.39311,2.39311,1287107
1973-07-13,2.39311,2.39311,2.3712,2.39311,2.39311,582065
1973-07-16,2.39311,2.39311,2.3712,2.39311,2.39311,480412
1973-07-17,2.39311,2.40061,2.38591,2.39311,2.39311,1285469
1973-07-18,2.39311,2.40061,2.35681,2.40061,2.40061,828010
1973-07-19,2.40061,2.41521,2.38591,2.40061,2.40061,247587
1973-07-20,2.40061,2.4521,2.40061,2.4521,2.4521,695204
1973-07-23,2.4521,2.4738,2.43,2.4372,2.4372,639454
1973-07-24,2.4372,2.5175,2.40761,2.5029,2.5029,690279
1973-07-25,2.5029,2.525,2.4958,2.5175,2.5175,468934
1973-07-26,2.5175,2.5324,2.5103,2.5324,2.5324,377115
1973-07-27,2.5324,2.5324,2.5103,2.5324,2.5324,206591
1973-07-30,2.5324,2.5466,2.5103,2.5103,2.5103,388591
1973-07-31,2.5103,2.5324,2.4958,2.4958,2.4958,314807
1973-08-01,2.4958,2.4958,2.40061,2.40061,2.40061,1706848
1973-08-02,2.40061,2.4372,2.40061,2.41521,2.41521,314807
1973-08-03,2.41521,2.43,2.40061,2.41521,2.41521,275460
1973-08-06,2.41521,2.46651,2.41521,2.46651,2.46651,552555
1973-08-07,2.46651,2.4958,2.46651,2.4812,2.4812,193478
1973-08-08,2.4812,2.4812,2.45901,2.46651,2.46651,137732
1973-08-09,2.46651,2.46651,2.4372,2.4372,2.4372,378749
1973-08-10,2.4521,2.5175,2.4521,2.4958,2.4958,206591
1973-08-13,2.4958,2.4958,2.46651,2.4958,2.4958,334484
1973-08-14,2.4812,2.4812,2.40061,2.40761,2.40761,719795
1973-08-15,2.41521,2.46651,2.41521,2.46651,2.46651,655849
1973-08-16,2.46651,2.4812,2.4521,2.46651,2.46651,426306
1973-08-17,2.46651,2.5324,2.46651,2.5175,2.5175,368915
1973-08-20,2.5029,2.5029,2.46651,2.46651,2.46651,232829
1973-08-21,2.46651,2.4812,2.4521,2.45901,2.45901,132813
1973-08-22,2.45901,2.46651,2.41521,2.45901,2.45901,231187
1973-08-23,2.45901,2.4881,2.4372,2.4444,2.4444,408268
1973-08-24,2.4444,2.46651,2.4444,2.4521,2.4521,144281
1973-08-27,2.4521,2.4738,2.4444,2.4738,2.4738,90179
1973-08-28,2.4738,2.4958,2.46651,2.4738,2.4738,444337
1973-08-29,2.4738,2.4812,2.46651,2.4812,2.4812,282018
1973-08-30,2.4958,2.5544,2.4958,2.5466,2.5466,806699
1973-08-31,2.5466,2.59829,2.5396,2.5834,2.5834,826372
1973-09-04,2.6128,2.6862,2.6128,2.6639,2.6639,531236
1973-09-05,2.6639,2.6788,2.64209,2.64209,2.64209,442698
1973-09-06,2.64209,2.6788,2.6128,2.65679,2.65679,424663
1973-09-07,2.65679,2.6788,2.64209,2.6788,2.6788,452535
1973-09-10,2.6788,2.6932,2.6639,2.6862,2.6862,450901
1973-09-11,2.6862,2.72269,2.6714,2.71539,2.71539,239384
1973-09-12,2.71539,2.7371,2.70769,2.71539,2.71539,182001
1973-09-13,2.7371,2.7446,2.7371,2.7371,2.7371,593544
1973-09-14,2.7371,2.75939,2.72979,2.75939,2.75939,850969
1973-09-17,2.75939,2.76669,2.7446,2.7516,2.7516,337760
1973-09-18,2.72979,2.72979,2.70769,2.72269,2.72269,447619
1973-09-19,2.72269,2.77379,2.72269,2.7371,2.7371,850969
1973-09-20,2.7371,2.77379,2.72979,2.72979,2.72979,477130
1973-09-21,2.72979,2.7516,2.70099,2.72269,2.72269,423021
1973-09-24,2.72269,2.75939,2.72269,2.75939,2.75939,685361
1973-09-25,2.77379,2.81798,2.77379,2.81798,2.81798,585348
1973-09-26,2.8102,2.8102,2.78829,2.8102,2.8102,841131
1973-09-27,2.8102,2.8102,2.78829,2.79579,2.79579,421386
1973-09-28,2.81798,2.86159,2.81798,2.84709,2.84709,705041
1973-10-01,2.84709,2.84709,2.82509,2.83989,2.83989,431221
1973-10-02,2.83989,2.86898,2.83989,2.86898,2.86898,591901
1973-10-03,2.88339,2.89809,2.88339,2.89809,2.89809,434499
1973-10-04,2.96419,3.00048,2.96419,2.97859,2.97859,1300226
1973-10-05,2.97859,3.01509,2.94958,3.01509,3.01509,839490
1973-10-08,3.01509,3.09578,3.00048,3.08847,3.08847,516484
1973-10-09,3.08847,3.12518,3.08128,3.09578,3.09578,614865
1973-10-10,3.09578,3.09578,3.04468,3.04468,3.04468,278736
1973-10-11,3.04468,3.04468,3.01509,3.01509,3.01509,470571
1973-10-12,3.01509,3.05948,2.98598,3.03718,3.03718,916551
1973-10-15,3.03718,3.07388,2.98598,3.05188,3.05188,914912
1973-10-16,3.02989,3.02989,2.99348,3.00048,3.00048,916551
1973-10-17,3.00048,3.04468,2.99348,3.01509,3.01509,570588
1973-10-18,3.01509,3.01509,2.91318,2.92738,2.92738,1039525
1973-10-19,2.92738,2.97149,2.83989,2.84709,2.84709,511563
1973-10-22,2.84709,2.86898,2.80309,2.84709,2.84709,282018
1973-10-23,2.84709,2.94958,2.81798,2.93488,2.93488,775542
1973-10-24,2.92738,2.92738,2.83989,2.88339,2.88339,313168
1973-10-25,2.88339,2.88339,2.84709,2.86898,2.86898,283657
1973-10-26,2.88339,2.91318,2.88339,2.90539,2.90539,565668
1973-10-29,2.93488,3.00048,2.93488,3.00048,3.00048,609941
1973-10-30,2.97859,2.97859,2.95659,2.96419,2.96419,447619
1973-10-31,2.93488,2.93488,2.87609,2.87609,2.87609,521404
1973-11-01,2.87609,2.88339,2.78829,2.78829,2.78829,624698
1973-11-02,2.78119,2.78119,2.6788,2.6932,2.6932,1134623
1973-11-05,2.6862,2.6862,2.6277,2.6639,2.6639,603386
1973-11-06,2.6862,2.76669,2.6862,2.7371,2.7371,321363
1973-11-07,2.7371,2.7371,2.70769,2.72269,2.72269,619779
1973-11-08,2.7516,2.78829,2.7516,2.78119,2.78119,254140
1973-11-09,2.78119,2.78829,2.76669,2.77379,2.77379,368915
1973-11-12,2.75939,2.75939,2.70769,2.72269,2.72269,198395
1973-11-13,2.72269,2.7371,2.6932,2.6932,2.6932,598465
1973-11-14,2.6932,2.72979,2.65679,2.65679,2.65679,382033
1973-11-15,2.64209,2.64209,2.46651,2.4958,2.4958,819815
1973-11-16,2.4958,2.5466,2.4521,2.5175,2.5175,1269073
1973-11-19,2.5175,2.5324,2.5029,2.5175,2.5175,316449
1973-11-20,2.5175,2.5544,2.4958,2.5466,2.5466,855882
1973-11-21,2.5612,2.6932,2.5612,2.6862,2.6862,741112
1973-11-23,2.6788,2.6788,2.6277,2.6277,2.6277,493526
1973-11-26,2.6277,2.6862,2.6277,2.6788,2.6788,772261
1973-11-27,2.6788,2.70769,2.6639,2.6932,2.6932,452535
1973-11-28,2.6932,2.7516,2.6932,2.7371,2.7371,588626
1973-11-29,2.7446,2.79579,2.7446,2.76669,2.76669,654210
1973-11-30,2.7516,2.7516,2.6714,2.6788,2.6788,642735
1973-12-03,2.6639,2.6639,2.5834,2.60569,2.60569,483688
1973-12-04,2.60569,2.64209,2.5763,2.5834,2.5834,1039525
1973-12-05,2.5834,2.60569,2.5466,2.5544,2.5544,537800
1973-12-06,2.5544,2.5834,2.5466,2.5763,2.5763,1205128
1973-12-07,2.59829,2.70769,2.59829,2.6788,2.6788,806699
1973-12-10,2.6788,2.7516,2.6639,2.7516,2.7516,541074
1973-12-11,2.7516,2.77379,2.5763,2.5763,2.5763,1418281
1973-12-12,2.5466,2.5466,2.4958,2.5175,2.5175,454178
1973-12-13,2.5175,2.5763,2.5175,2.5175,2.5175,437780
1973-12-14,2.5175,2.5396,2.4521,2.4738,2.4738,1418281
1973-12-17,2.46651,2.46651,2.4372,2.45901,2.45901,303329
1973-12-18,2.45901,2.5175,2.40061,2.4958,2.4958,514840
1973-12-19,2.5175,2.59099,2.5175,2.525,2.525,687007
1973-12-20,2.525,2.5763,2.5029,2.5029,2.5029,347600
1973-12-21,2.5029,2.5466,2.5029,2.5324,2.5324,554190
1973-12-24,2.5324,2.5324,2.4738,2.4738,2.4738,660769
1973-12-26,2.5029,2.5834,2.5029,2.5834,2.5834,595185
1973-12-27,2.59829,2.6932,2.59829,2.6932,2.6932,455810
1973-12-28,2.70099,2.7371,2.70099,2.72979,2.72979,270541
1973-12-31,2.71539,2.71539,2.6932,2.6932,2.6932,291853
1974-01-02,2.6862,2.6862,2.6714,2.6788,2.6788,227912
1974-01-03,2.6932,2.77379,2.6932,2.76669,2.76669,647652
1974-01-04,2.76669,2.80309,2.72269,2.7446,2.7446,500084
1974-01-07,2.7446,2.77379,2.7371,2.7446,2.7446,427941
1974-01-08,2.7371,2.7371,2.6788,2.6788,2.6788,247587
1974-01-09,2.65679,2.65679,2.5612,2.5763,2.5763,342681
1974-01-10,2.5691,2.5691,2.5175,2.5175,2.5175,500084
1974-01-11,2.5175,2.5466,2.5175,2.525,2.525,293494
1974-01-14,2.525,2.5466,2.4812,2.4812,2.4812,277099
1974-01-15,2.4812,2.525,2.4738,2.5029,2.5029,236106
1974-01-16,2.5029,2.5466,2.4812,2.5466,2.5466,342681
1974-01-17,2.5466,2.5612,2.5466,2.5466,2.5466,262341
1974-01-18,2.5466,2.5466,2.5175,2.5324,2.5324,226268
1974-01-21,2.5324,2.5324,2.4738,2.5175,2.5175,483688
1974-01-22,2.5324,2.5612,2.5324,2.5544,2.5544,334484
1974-01-23,2.5612,2.59829,2.5612,2.5691,2.5691,413188
1974-01-24,2.5612,2.5612,2.4372,2.4881,2.4881,303329
1974-01-25,2.4881,2.525,2.4738,2.4958,2.4958,768987
1974-01-28,2.4812,2.4812,2.40061,2.41521,2.41521,444337
1974-01-29,2.41521,2.41521,2.40061,2.40061,2.40061,352517
1974-01-30,2.40061,2.43,2.39311,2.43,2.43,378749
1974-01-31,2.43,2.4444,2.40061,2.40761,2.40761,534516
1974-02-01,2.40061,2.40061,2.35681,2.35681,2.35681,345966
1974-02-04,2.35681,2.35681,2.27601,2.28341,2.28341,2626684
1974-02-05,2.28341,2.29061,2.26141,2.29061,2.29061,519764
1974-02-06,2.29061,2.29821,2.26141,2.29061,2.29061,867363
1974-02-07,2.29061,2.35681,2.29061,2.34921,2.34921,637814
1974-02-08,2.34921,2.39311,2.34201,2.34921,2.34921,429582
1974-02-11,2.34921,2.34921,2.26141,2.29061,2.29061,557475
1974-02-12,2.29061,2.33471,2.26141,2.31981,2.31981,254140
1974-02-13,2.31981,2.35681,2.31261,2.31981,2.31981,331200
1974-02-14,2.31981,2.32731,2.31981,2.31981,2.31981,283657
1974-02-15,2.33471,2.36371,2.33471,2.34201,2.34201,326284
1974-02-19,2.34201,2.40061,2.31261,2.32731,2.32731,516484
1974-02-20,2.32731,2.34201,2.3055,2.33471,2.33471,349238
1974-02-21,2.3712,2.41521,2.3712,2.40761,2.40761,513201
1974-02-22,2.40761,2.4372,2.40061,2.41521,2.41521,300050
1974-02-25,2.41521,2.43,2.40061,2.41521,2.41521,418101
1974-02-26,2.41521,2.42231,2.39311,2.42231,2.42231,175440
1974-02-27,2.42231,2.4958,2.42231,2.4812,2.4812,396792
1974-02-28,2.4738,2.4738,2.40061,2.4372,2.4372,357440
1974-03-01,2.4372,2.4372,2.40761,2.41521,2.41521,421386
1974-03-04,2.41521,2.41521,2.36371,2.38591,2.38591,327926
1974-03-05,2.40061,2.4521,2.40061,2.40061,2.40061,555834
1974-03-06,2.40061,2.43,2.3712,2.41521,2.41521,311527
1974-03-07,2.41521,2.41521,2.34201,2.3712,2.3712,309887
1974-03-08,2.3712,2.38591,2.36371,2.36371,2.36371,277099
1974-03-11,2.36371,2.40061,2.36371,2.40061,2.40061,342681
1974-03-12,2.4372,2.4738,2.4372,2.4521,2.4521,447619
1974-03-13,2.45901,2.5103,2.45901,2.4812,2.4812,383671
1974-03-14,2.4812,2.5103,2.46651,2.4958,2.4958,470571
1974-03-15,2.4881,2.4881,2.41521,2.43,2.43,242662
1974-03-18,2.43,2.4444,2.40761,2.4444,2.4444,319726
1974-03-19,2.4444,2.45901,2.41521,2.4372,2.4372,582065
1974-03-20,2.4372,2.4372,2.40761,2.41521,2.41521,313168
1974-03-21,2.41521,2.43,2.40061,2.41521,2.41521,349238
1974-03-22,2.41521,2.43,2.3786,2.41521,2.41521,200032
1974-03-25,2.41521,2.42231,2.40761,2.41521,2.41521,559116
1974-03-26,2.41521,2.4444,2.41521,2.4372,2.4372,173802
1974-03-27,2.4372,2.4444,2.41521,2.42231,2.42231,214790
1974-03-28,2.41521,2.41521,2.35681,2.35681,2.35681,442698
1974-03-29,2.35681,2.3712,2.33471,2.3712,2.3712,254140
1974-04-01,2.3712,2.3786,2.32731,2.32731,2.32731,393510
1974-04-02,2.32731,2.33471,2.31261,2.31261,2.31261,211517
1974-04-03,2.29061,2.29061,2.19562,2.23241,2.23241,1175614
1974-04-04,2.25441,2.28341,2.25441,2.26141,2.26141,544354
1974-04-05,2.26141,2.27601,2.21741,2.22511,2.22511,482049
1974-04-08,2.21041,2.21041,2.18102,2.19562,2.19562,568950
1974-04-09,2.19562,2.25441,2.18852,2.23961,2.23961,803417
1974-04-10,2.25441,2.26141,2.25441,2.25441,2.25441,482049
1974-04-11,2.25441,2.25441,2.23241,2.23961,2.23961,298412
1974-04-15,2.23961,2.28341,2.23241,2.26141,2.26141,265620
1974-04-16,2.26141,2.33471,2.25441,2.33471,2.33471,393510
1974-04-17,2.3712,2.39311,2.3712,2.38591,2.38591,437780
1974-04-18,2.40061,2.43,2.40061,2.43,2.43,516484
1974-04-19,2.41521,2.41521,2.3712,2.40061,2.40061,411550
1974-04-22,2.40061,2.40761,2.38591,2.40061,2.40061,275460
1974-04-23,2.40061,2.40061,2.38591,2.39311,2.39311,552555
1974-04-24,2.38591,2.38591,2.35681,2.36371,2.36371,506649
1974-04-25,2.36371,2.3712,2.33471,2.34201,2.34201,470571
1974-04-26,2.3712,2.38591,2.3712,2.3712,2.3712,427941
1974-04-29,2.3712,2.3712,2.35681,2.36371,2.36371,163963
1974-04-30,2.36371,2.36371,2.34921,2.35681,2.35681,595185
1974-05-01,2.35681,2.40061,2.35681,2.39311,2.39311,665692
1974-05-02,2.40061,2.4521,2.40061,2.4521,2.4521,654210
1974-05-03,2.4521,2.4521,2.40061,2.4372,2.4372,413188
1974-05-06,2.4372,2.4521,2.43,2.4444,2.4444,182001
1974-05-07,2.4444,2.46651,2.4372,2.4444,2.4444,332842
1974-05-08,2.4521,2.4738,2.4521,2.46651,2.46651,395150
1974-05-09,2.46651,2.5029,2.4521,2.4958,2.4958,473851
1974-05-10,2.5103,2.5763,2.5103,2.5324,2.5324,649296
1974-05-13,2.5175,2.5175,2.46651,2.4881,2.4881,823093
1974-05-14,2.4881,2.4958,2.4812,2.4812,2.4812,178718
1974-05-15,2.4812,2.4958,2.42231,2.4521,2.4521,1139543
1974-05-16,2.4521,2.4521,2.4372,2.4444,2.4444,173802
1974-05-17,2.4372,2.4372,2.42231,2.43,2.43,241027
1974-05-20,2.43,2.4521,2.40761,2.4372,2.4372,201676
1974-05-21,2.4372,2.4372,2.42231,2.43,2.43,195115
1974-05-22,2.41521,2.41521,2.3786,2.38591,2.38591,416464
1974-05-23,2.38591,2.40061,2.3712,2.39311,2.39311,406627
1974-05-24,2.39311,2.41521,2.39311,2.40061,2.40061,309887
1974-05-28,2.40061,2.41521,2.40061,2.41521,2.41521,398433
1974-05-29,2.41521,2.4444,2.40061,2.41521,2.41521,424663
1974-05-30,2.41521,2.46651,2.41521,2.42231,2.42231,421386
1974-05-31,2.42231,2.4372,2.40061,2.4372,2.4372,327926
1974-06-03,2.4372,2.46651,2.42231,2.46651,2.46651,201676
1974-06-04,2.5175,2.5763,2.5175,2.5544,2.5544,370557
1974-06-05,2.5544,2.5612,2.5175,2.5466,2.5466,413188
1974-06-06,2.5466,2.5763,2.5324,2.5763,2.5763,160683
1974-06-07,2.5763,2.6128,2.5763,2.59099,2.59099,359075
1974-06-10,2.59099,2.6277,2.5834,2.6203,2.6203,334484
1974-06-11,2.6203,2.64209,2.5834,2.59829,2.59829,636173
1974-06-12,2.5612,2.5612,2.525,2.5466,2.5466,503366
1974-06-13,2.5466,2.5763,2.5324,2.5466,2.5466,301694
1974-06-14,2.5466,2.5612,2.4958,2.5612,2.5612,323007
1974-06-17,2.5612,2.5763,2.5324,2.5396,2.5396,160683
1974-06-18,2.5396,2.5763,2.5324,2.5763,2.5763,136092
1974-06-19,2.5763,2.5834,2.5612,2.5612,2.5612,168883
1974-06-20,2.5612,2.5763,2.5324,2.5324,2.5324,472210
1974-06-21,2.5324,2.5324,2.4812,2.4881,2.4881,457456
1974-06-24,2.4521,2.4521,2.42231,2.4372,2.4372,275460
1974-06-25,2.4372,2.4372,2.40061,2.40061,2.40061,532883
1974-06-26,2.40061,2.40761,2.34201,2.34201,2.34201,526319
1974-06-27,2.34201,2.35681,2.31981,2.34201,2.34201,545996
1974-06-28,2.34201,2.38591,2.31261,2.36371,2.36371,291853
1974-07-01,2.36371,2.3786,2.35681,2.36371,2.36371,177079
1974-07-02,2.36371,2.38591,2.35681,2.35681,2.35681,122976
1974-07-03,2.35681,2.38591,2.34201,2.35681,2.35681,598465
1974-07-05,2.35681,2.3712,2.32731,2.32731,2.32731,423021
1974-07-08,2.32731,2.34201,2.3055,2.34201,2.34201,452535
1974-07-09,2.34201,2.40061,2.33471,2.38591,2.38591,383671
1974-07-10,2.38591,2.39311,2.33471,2.33471,2.33471,272178
1974-07-11,2.33471,2.33471,2.31261,2.31981,2.31981,780463
1974-07-12,2.31981,2.41521,2.31981,2.35681,2.35681,483688
1974-07-15,2.35681,2.38591,2.34921,2.35681,2.35681,703403
1974-07-16,2.32731,2.32731,2.3055,2.3055,2.3055,295135
1974-07-17,2.3055,2.3055,2.23241,2.27601,2.27601,1070677
1974-07-18,2.27601,2.27601,2.21041,2.21041,2.21041,603386
1974-07-19,2.21041,2.23961,2.20291,2.23241,2.23241,931306
1974-07-22,2.23241,2.25441,2.23241,2.25441,2.25441,178718
1974-07-23,2.26141,2.32731,2.26141,2.29061,2.29061,385314
1974-07-24,2.27601,2.27601,2.26141,2.27601,2.27601,1241199
1974-07-25,2.27601,2.29061,2.25441,2.25441,2.25441,442698
1974-07-26,2.25441,2.27601,2.22511,2.23961,2.23961,982135
1974-07-29,2.21741,2.21741,2.21041,2.21041,2.21041,403346
1974-07-30,2.21041,2.22511,2.20291,2.21741,2.21741,478774
1974-07-31,2.21741,2.22511,2.20291,2.20291,2.20291,323007
1974-08-01,2.19562,2.19562,2.10792,2.12262,2.12262,1615036
1974-08-02,2.12262,2.14422,2.10052,2.12962,2.12962,678805
1974-08-05,2.12962,2.18102,2.11462,2.12262,2.12262,216429
1974-08-06,2.12962,2.26141,2.12962,2.23241,2.23241,309887
1974-08-07,2.23241,2.29061,2.20291,2.29061,2.29061,267257
1974-08-08,2.29061,2.32731,2.22511,2.23961,2.23961,408268
1974-08-09,2.23961,2.28341,2.22511,2.25441,2.25441,285299
1974-08-12,2.25441,2.26141,2.19562,2.21041,2.21041,90179
1974-08-13,2.21041,2.21041,2.13712,2.14422,2.14422,434499
1974-08-14,2.12962,2.12962,2.10052,2.12962,2.12962,465655
1974-08-15,2.12962,2.14422,2.10052,2.11462,2.11462,650931
1974-08-16,2.11462,2.11462,2.10052,2.10052,2.10052,183635
1974-08-19,2.10052,2.10792,2.06372,2.06372,2.06372,378749
1974-08-20,2.06372,2.08611,2.03452,2.04922,2.04922,336122
1974-08-21,2.04922,2.06372,2.02002,2.02002,2.02002,265620
1974-08-22,2.01302,2.01302,1.93232,1.98322,1.98322,903434
1974-08-23,1.98322,1.99072,1.86642,1.86642,1.86642,478774
1974-08-26,1.86642,1.88813,1.82233,1.87362,1.87362,367275
1974-08-27,1.85912,1.85912,1.80062,1.80782,1.80782,432861
1974-08-28,1.80782,1.90273,1.80782,1.88102,1.88102,295135
1974-08-29,1.88102,1.93232,1.88102,1.91762,1.91762,432861
1974-08-30,1.91762,1.95432,1.91762,1.93932,1.93932,327926
1974-09-03,1.93932,2.01302,1.93932,1.93932,1.93932,382033
1974-09-04,1.93932,1.93932,1.88813,1.93232,1.93232,404989
1974-09-05,1.93232,1.97612,1.91762,1.94692,1.94692,498444
1974-09-06,1.94692,1.96181,1.91762,1.96181,1.96181,432861
1974-09-09,1.96181,1.96181,1.93932,1.95432,1.95432,186917
1974-09-10,1.95432,1.95432,1.89543,1.91023,1.91023,214790
1974-09-11,1.91023,1.92472,1.90273,1.91762,1.91762,514840
1974-09-12,1.91023,1.91023,1.85133,1.85133,1.85133,657493
1974-09-13,1.85133,1.85133,1.80782,1.81503,1.81503,636173
1974-09-16,1.81503,1.84433,1.78593,1.83703,1.83703,505003
1974-09-17,1.83703,1.85912,1.83703,1.83703,1.83703,403346
1974-09-18,1.82233,1.82233,1.75653,1.76363,1.76363,468934
1974-09-19,1.77843,1.85912,1.77843,1.85912,1.85912,286936
1974-09-20,1.85912,1.88102,1.82973,1.85912,1.85912,505003
1974-09-23,1.85912,1.88102,1.82973,1.87362,1.87362,518123
1974-09-24,1.85912,1.85912,1.82973,1.84433,1.84433,113136
1974-09-25,1.84433,1.88813,1.82233,1.87362,1.87362,400067
1974-09-26,1.87362,1.87362,1.81503,1.82973,1.82973,537800
1974-09-27,1.82973,1.82973,1.77843,1.77843,1.77843,419746
1974-09-30,1.77843,1.77843,1.63243,1.66123,1.66123,439420
1974-10-01,1.66123,1.67574,1.58074,1.62464,1.62464,698482
1974-10-02,1.62464,1.63243,1.61774,1.63243,1.63243,188559
1974-10-03,1.63243,1.64683,1.61774,1.63894,1.63894,293494
1974-10-04,1.63894,1.65423,1.61774,1.65423,1.65423,301694
1974-10-07,1.65423,1.73463,1.65423,1.72723,1.72723,472210
1974-10-08,1.72723,1.77113,1.72723,1.74914,1.74914,255781
1974-10-09,1.74914,1.80782,1.72723,1.80062,1.80062,459095
1974-10-10,1.82233,1.88813,1.82233,1.87362,1.87362,770623
1974-10-11,1.88813,1.98322,1.88813,1.94692,1.94692,652575
1974-10-14,1.96181,2.07842,1.96181,2.03452,2.03452,406627
1974-10-15,2.03452,2.03452,1.93932,1.96863,1.96863,400067
1974-10-16,1.96863,1.99072,1.92472,1.93232,1.93232,301694
1974-10-17,1.93232,2.02002,1.91023,1.96863,1.96863,519764
1974-10-18,2.04202,2.10052,2.04202,2.06372,2.06372,595185
1974-10-21,2.06372,2.07132,2.00552,2.07132,2.07132,423021
1974-10-22,2.07842,2.12262,2.07842,2.07842,2.07842,518123
1974-10-23,2.05652,2.05652,1.93232,1.95432,1.95432,514840
1974-10-24,1.95432,1.98322,1.93232,1.96181,1.96181,204956
1974-10-25,1.98322,2.03452,1.98322,2.02002,2.02002,262341
1974-10-28,1.99072,1.99072,1.96181,1.99072,1.99072,370557
1974-10-29,1.99072,2.04202,1.98322,2.04202,2.04202,1270713
1974-10-30,2.04202,2.10052,2.02002,2.07132,2.07132,639454
1974-10-31,2.07132,2.15901,2.07132,2.13712,2.13712,426306
1974-11-01,2.13712,2.21041,2.11462,2.20291,2.20291,337760
1974-11-04,2.20291,2.21041,2.13712,2.20291,2.20291,291853
1974-11-05,2.20291,2.29061,2.15901,2.28341,2.28341,388591
1974-11-06,2.28341,2.32731,2.27601,2.29061,2.29061,382033
1974-11-07,2.29061,2.31261,2.25441,2.26141,2.26141,419746
1974-11-08,2.26141,2.26881,2.22511,2.26881,2.26881,285299
1974-11-11,2.25441,2.25441,2.20291,2.25441,2.25441,198395
1974-11-12,2.24682,2.24682,2.19562,2.19562,2.19562,527960
1974-11-13,2.19562,2.19562,2.15181,2.15901,2.15901,596825
1974-11-14,2.15901,2.20291,2.13712,2.15901,2.15901,331200
1974-11-15,2.13712,2.13712,2.02713,2.03452,2.03452,434499
1974-11-18,2.03452,2.03452,1.96863,1.96863,1.96863,457456
1974-11-19,1.96863,1.99072,1.96863,1.98322,1.98322,282018
1974-11-20,1.98322,2.03452,1.97612,1.98322,1.98322,355802
1974-11-21,1.98322,2.04922,1.98322,2.04202,2.04202,383671
1974-11-22,2.05652,2.07842,2.05652,2.05652,2.05652,259064
1974-11-25,2.05652,2.06372,2.02002,2.05652,2.05652,150842
1974-11-26,2.05652,2.06372,2.02002,2.04922,2.04922,672248
1974-11-27,2.06372,2.10052,2.06372,2.09311,2.09311,327926
1974-11-29,2.08611,2.08611,2.06372,2.07842,2.07842,354157
1974-12-02,2.07132,2.07132,1.99832,2.02002,2.02002,159044
1974-12-03,2.01302,2.01302,1.96863,1.96863,1.96863,336122
1974-12-04,1.96181,1.96181,1.88813,1.90273,1.90273,549277
1974-12-05,1.90273,1.90273,1.79313,1.79313,1.79313,1357609
1974-12-06,1.79313,1.81503,1.72723,1.78593,1.78593,639454
1974-12-09,1.78593,1.82973,1.77113,1.82233,1.82233,650931
1974-12-10,1.85912,1.91762,1.85912,1.88813,1.88813,293494
1974-12-11,1.88813,1.97612,1.88813,1.93932,1.93932,427941
1974-12-12,1.93932,1.98322,1.91762,1.94692,1.94692,254140
1974-12-13,1.93932,1.93932,1.85912,1.85912,1.85912,357440
1974-12-16,1.85912,1.87362,1.82233,1.82233,1.82233,641095
1974-12-17,1.82233,1.85912,1.79313,1.85912,1.85912,596825
1974-12-18,1.85912,1.89543,1.85912,1.87362,1.87362,673886
1974-12-19,1.87362,1.89543,1.85133,1.88813,1.88813,259064
1974-12-20,1.88813,1.91762,1.87362,1.87362,1.87362,672248
1974-12-23,1.85912,1.85912,1.79313,1.79313,1.79313,416464
1974-12-24,1.79313,1.82233,1.78593,1.80782,1.80782,396792
1974-12-26,1.80782,1.85133,1.80782,1.82233,1.82233,265620
1974-12-27,1.82233,1.82233,1.80062,1.82233,1.82233,118054
1974-12-30,1.82233,1.85912,1.82233,1.85912,1.85912,121333
1974-12-31,1.88813,1.95432,1.88813,1.95432,1.95432,190196
1975-01-02,1.96863,2.02002,1.96863,1.98322,1.98322,386954
1975-01-03,1.98322,1.98322,1.93232,1.96863,1.96863,426306
1975-01-06,1.96863,2.00552,1.96863,1.99832,1.99832,368915
1975-01-07,1.99832,2.02002,1.98322,1.99832,1.99832,203315
1975-01-08,1.99832,2.02713,1.99072,1.99832,1.99832,360720
1975-01-09,1.99832,2.02713,1.98322,2.01302,2.01302,232829
1975-01-10,2.04202,2.07842,2.04202,2.06372,2.06372,775542
1975-01-13,2.06372,2.10052,2.04202,2.04922,2.04922,165603
1975-01-14,2.02002,2.02002,1.98322,1.99832,1.99832,185274
1975-01-15,1.99832,2.06372,1.99832,2.05652,2.05652,209877
1975-01-16,2.05652,2.10792,2.03452,2.04922,2.04922,349238
1975-01-17,2.04922,2.06372,2.02713,2.05652,2.05652,301694
1975-01-20,2.05652,2.07842,2.04922,2.07132,2.07132,460734
1975-01-21,2.08611,2.10792,2.08611,2.10052,2.10052,224628
1975-01-22,2.10052,2.10052,2.07842,2.10052,2.10052,137732
1975-01-23,2.10052,2.14422,2.09311,2.11462,2.11462,508285
1975-01-24,2.11462,2.15901,2.09311,2.15181,2.15181,486969
1975-01-27,2.21741,2.26141,2.21741,2.26141,2.26141,534516
1975-01-28,2.26881,2.3712,2.26881,2.33471,2.33471,957540
1975-01-29,2.32731,2.32731,2.3055,2.31981,2.31981,832931
1975-01-30,2.31981,2.36371,2.27601,2.27601,2.27601,1060839
1975-01-31,2.25441,2.25441,2.20291,2.23961,2.23961,693562
1975-02-03,2.24682,2.33471,2.24682,2.28341,2.28341,323007
1975-02-04,2.28341,2.29821,2.22511,2.27601,2.27601,414826
1975-02-05,2.27601,2.33471,2.27601,2.33471,2.33471,603386
1975-02-06,2.33471,2.40761,2.31261,2.31261,2.31261,788662
1975-02-07,2.31261,2.32731,2.26881,2.31981,2.31981,860805
1975-02-10,2.31981,2.34921,2.31981,2.33471,2.33471,286936
1975-02-11,2.33471,2.35681,2.31261,2.33471,2.33471,1183814
1975-02-12,2.33471,2.34201,2.29061,2.33471,2.33471,341041
1975-02-13,2.35681,2.5175,2.35681,2.46651,2.46651,1378922
1975-02-14,2.46651,2.4958,2.3786,2.41521,2.41521,705041
1975-02-18,2.41521,2.4444,2.38591,2.40061,2.40061,860805
1975-02-19,2.40061,2.4372,2.38591,2.43,2.43,693562
1975-02-20,2.4372,2.525,2.4372,2.5175,2.5175,552555
1975-02-21,2.5396,2.6128,2.5396,2.5612,2.5612,788662
1975-02-24,2.5612,2.5763,2.5175,2.5612,2.5612,382033
1975-02-25,2.5612,2.5612,2.5103,2.5175,2.5175,762429
1975-02-26,2.5175,2.5324,2.4738,2.5103,2.5103,854242
1975-02-27,2.5103,2.5324,2.4812,2.4958,2.4958,509927
1975-02-28,2.4958,2.5466,2.4812,2.5466,2.5466,460734
1975-03-03,2.5763,2.64209,2.5763,2.6277,2.6277,782103
1975-03-04,2.71539,2.79579,2.71539,2.71539,2.71539,1229717
1975-03-05,2.71539,2.71539,2.64209,2.65679,2.65679,967383
1975-03-06,2.64209,2.64209,2.5763,2.64209,2.64209,929666
1975-03-07,2.64209,2.6639,2.64209,2.64209,2.64209,380393
1975-03-10,2.64209,2.65679,2.59829,2.6347,2.6347,698482
1975-03-11,2.6347,2.6347,2.5612,2.5834,2.5834,1198565
1975-03-12,2.5691,2.5691,2.5029,2.5544,2.5544,995255
1975-03-13,2.5544,2.5612,2.5324,2.5466,2.5466,286936
1975-03-14,2.5612,2.59099,2.5612,2.59099,2.59099,559116
1975-03-17,2.59099,2.64209,2.59099,2.64209,2.64209,496807
1975-03-18,2.64209,2.6714,2.6128,2.6128,2.6128,568950
1975-03-19,2.59829,2.59829,2.5544,2.5834,2.5834,500084
1975-03-20,2.5834,2.64919,2.5834,2.6203,2.6203,368915
1975-03-21,2.6203,2.64209,2.6128,2.64209,2.64209,527960
1975-03-24,2.6128,2.6128,2.5466,2.5691,2.5691,424663
1975-03-25,2.5691,2.6347,2.5175,2.6277,2.6277,932950
1975-03-26,2.6277,2.6862,2.6203,2.6347,2.6347,545996
1975-03-27,2.6277,2.6277,2.59829,2.6203,2.6203,606663
1975-03-31,2.6203,2.65679,2.6203,2.64919,2.64919,368915
1975-04-01,2.64209,2.64209,2.59099,2.59099,2.59099,329563
1975-04-02,2.59099,2.59829,2.5324,2.59829,2.59829,382033
1975-04-03,2.59829,2.6128,2.5175,2.5324,2.5324,511563
1975-04-04,2.5324,2.5466,2.4958,2.5466,2.5466,406627
1975-04-07,2.5324,2.5324,2.4958,2.5175,2.5175,236106
1975-04-08,2.525,2.5612,2.525,2.5324,2.5324,352517
1975-04-09,2.5612,2.64209,2.5612,2.64209,2.64209,947706
1975-04-10,2.64209,2.64209,2.5324,2.5324,2.5324,1882292
1975-04-11,2.5324,2.5466,2.5324,2.5466,2.5466,529598
1975-04-14,2.5612,2.6203,2.5612,2.6203,2.6203,534516
1975-04-15,2.6203,2.64209,2.59099,2.6277,2.6277,609941
1975-04-16,2.6277,2.64209,2.6128,2.6277,2.6277,714876
1975-04-17,2.64919,2.72269,2.64919,2.70099,2.70099,929666
1975-04-18,2.6932,2.6932,2.64209,2.65679,2.65679,737832
1975-04-21,2.6862,2.75939,2.6862,2.7371,2.7371,637814
1975-04-22,2.7371,2.77379,2.71539,2.71539,2.71539,1582235
1975-04-23,2.71539,2.71539,2.6862,2.70769,2.70769,567314
1975-04-24,2.70769,2.7371,2.6932,2.72269,2.72269,678805
1975-04-25,2.72269,2.7516,2.71539,2.7371,2.7371,480412
1975-04-28,2.7371,2.7516,2.6932,2.71539,2.71539,1090352
1975-04-29,2.71539,2.72269,2.6788,2.6932,2.6932,670611
1975-04-30,2.6932,2.6932,2.65679,2.6862,2.6862,406627
1975-05-01,2.6862,2.71539,2.6788,2.6932,2.6932,708322
1975-05-02,2.6932,2.75939,2.6932,2.75939,2.75939,629617
1975-05-05,2.75939,2.78829,2.6932,2.6932,2.6932,1554364
1975-05-06,2.6932,2.72269,2.65679,2.65679,2.65679,1733088
1975-05-07,2.65679,2.6639,2.6128,2.64919,2.64919,1406797
1975-05-08,2.64919,2.6639,2.60569,2.6639,2.6639,1132979
1975-05-09,2.6639,2.71539,2.65679,2.6862,2.6862,2615206
1975-05-12,2.6862,2.6932,2.64209,2.64919,2.64919,734552
1975-05-13,2.64919,2.72269,2.6203,2.72269,2.72269,754227
1975-05-14,2.72269,2.72269,2.6788,2.6932,2.6932,1392040
1975-05-15,2.6932,2.70769,2.65679,2.6714,2.6714,937868
1975-05-16,2.65679,2.65679,2.6128,2.6128,2.6128,549277
1975-05-19,2.6128,2.6128,2.5612,2.5612,2.5612,1013287
1975-05-20,2.5763,2.59829,2.5763,2.59829,2.59829,578790
1975-05-21,2.59829,2.59829,2.5466,2.5466,2.5466,724716
1975-05-22,2.5612,2.59829,2.5612,2.5834,2.5834,432861
1975-05-23,2.5834,2.6203,2.5763,2.6203,2.6203,573870
1975-05-27,2.6203,2.64209,2.59829,2.6277,2.6277,491889
1975-05-28,2.6277,2.65679,2.6277,2.65679,2.65679,696842
1975-05-29,2.65679,2.65679,2.6277,2.64209,2.64209,785379
1975-05-30,2.64209,2.64209,2.6277,2.6277,2.6277,545996
1975-06-02,2.6277,2.65679,2.6203,2.64209,2.64209,1398606
1975-06-03,2.65679,2.6788,2.65679,2.6788,2.6788,432861
1975-06-04,2.6788,2.70099,2.6639,2.6862,2.6862,431221
1975-06-05,2.6862,2.70769,2.6714,2.70769,2.70769,467292
1975-06-06,2.70099,2.70099,2.6128,2.6277,2.6277,819815
1975-06-09,2.6277,2.64919,2.6203,2.6277,2.6277,488610
1975-06-10,2.6128,2.6128,2.5691,2.5691,2.5691,718156
1975-06-11,2.5691,2.5763,2.5103,2.5175,2.5175,706677
1975-06-12,2.5175,2.5175,2.4521,2.4738,2.4738,1506818
1975-06-13,2.4812,2.5324,2.4812,2.5324,2.5324,627976
1975-06-16,2.5466,2.5834,2.5466,2.5612,2.5612,421386
1975-06-17,2.5612,2.5763,2.5612,2.5612,2.5612,216429
1975-06-18,2.5612,2.5691,2.5029,2.5324,2.5324,647652
1975-06-19,2.5324,2.5466,2.5103,2.5466,2.5466,337760
1975-06-20,2.5466,2.60569,2.5466,2.5612,2.5612,557475
1975-06-23,2.5612,2.5763,2.5466,2.5612,2.5612,311527
1975-06-24,2.5612,2.6277,2.5612,2.6128,2.6128,703403
1975-06-25,2.6128,2.6639,2.6128,2.64209,2.64209,539435
1975-06-26,2.64209,2.65679,2.6203,2.6203,2.6203,355802
1975-06-27,2.6277,2.6788,2.6277,2.6639,2.6639,350881
1975-06-30,2.6788,2.70769,2.6788,2.6932,2.6932,432861
1975-07-01,2.6932,2.6932,2.64209,2.6788,2.6788,385314
1975-07-02,2.6714,2.6714,2.6277,2.6347,2.6347,577149
1975-07-03,2.6347,2.64209,2.6203,2.6347,2.6347,778827
1975-07-07,2.6347,2.6639,2.6347,2.64209,2.64209,188559
1975-07-08,2.64209,2.65679,2.6347,2.64919,2.64919,157404
1975-07-09,2.65679,2.6862,2.65679,2.6862,2.6862,300050
1975-07-10,2.6862,2.7371,2.6788,2.6788,2.6788,711601
1975-07-11,2.6788,2.75939,2.6714,2.7371,2.7371,714876
1975-07-14,2.7371,2.78829,2.7371,2.7371,2.7371,1221522
1975-07-15,2.75939,2.8102,2.75939,2.78829,2.78829,850969
1975-07-16,2.80309,2.83989,2.80309,2.81798,2.81798,655849
1975-07-17,2.81798,2.83989,2.75939,2.76669,2.76669,931306
1975-07-18,2.76669,2.76669,2.7371,2.7446,2.7446,373834
1975-07-21,2.7516,2.76669,2.7516,2.75939,2.75939,196755
1975-07-22,2.75939,2.76669,2.72269,2.75939,2.75939,218071
1975-07-23,2.75939,2.75939,2.6788,2.6788,2.6788,905075
1975-07-24,2.6788,2.6932,2.6788,2.6862,2.6862,505003
1975-07-25,2.6788,2.6788,2.60569,2.6128,2.6128,491889
1975-07-28,2.6128,2.64209,2.6128,2.6128,2.6128,821455
1975-07-29,2.6277,2.65679,2.6277,2.64919,2.64919,350881
1975-07-30,2.6639,2.6788,2.6639,2.6788,2.6788,270541
1975-07-31,2.6862,2.75939,2.6862,2.7371,2.7371,324646
1975-08-01,2.7371,2.7371,2.6788,2.6862,2.6862,578790
1975-08-04,2.6862,2.6862,2.6639,2.6714,2.6714,360720
1975-08-05,2.6714,2.70769,2.6639,2.6639,2.6639,254140
1975-08-06,2.6639,2.72269,2.65679,2.70769,2.70769,442698
1975-08-07,2.70769,2.75939,2.70769,2.7371,2.7371,460734
1975-08-08,2.7371,2.76669,2.7371,2.7446,2.7446,239384
1975-08-11,2.7446,2.75939,2.7371,2.75939,2.75939,227912
1975-08-12,2.75939,2.80309,2.75939,2.78829,2.78829,423021
1975-08-13,2.78829,2.80309,2.75939,2.77379,2.77379,227912
1975-08-14,2.76669,2.76669,2.70099,2.70769,2.70769,498444
1975-08-15,2.70769,2.7371,2.70769,2.72979,2.72979,345966
1975-08-18,2.72979,2.7446,2.72269,2.72269,2.72269,237749
1975-08-19,2.72269,2.72979,2.6788,2.6788,2.6788,309887
1975-08-20,2.6714,2.6714,2.59829,2.60569,2.60569,1070677
1975-08-21,2.60569,2.6128,2.5834,2.59829,2.59829,267257
1975-08-22,2.6128,2.6788,2.6128,2.64209,2.64209,270541
1975-08-25,2.64919,2.6639,2.64919,2.65679,2.65679,209877
1975-08-26,2.65679,2.65679,2.64209,2.64919,2.64919,362353
1975-08-27,2.64209,2.64209,2.6128,2.6277,2.6277,511563
1975-08-28,2.6277,2.65679,2.6277,2.65679,2.65679,895237
1975-08-29,2.65679,2.70099,2.65679,2.6932,2.6932,304974
1975-09-02,2.6932,2.7371,2.6932,2.6932,2.6932,293494
1975-09-03,2.6862,2.6862,2.6714,2.6862,2.6862,434499
1975-09-04,2.70769,2.72979,2.70769,2.71539,2.71539,395150
1975-09-05,2.71539,2.72269,2.6932,2.6932,2.6932,209877
1975-09-08,2.6788,2.6788,2.64209,2.6788,2.6788,268899
1975-09-09,2.6788,2.70769,2.65679,2.65679,2.65679,432861
1975-09-10,2.65679,2.65679,2.6347,2.64209,2.64209,537800
1975-09-11,2.64209,2.65679,2.64209,2.64209,2.64209,190196
1975-09-12,2.64209,2.6714,2.6203,2.6277,2.6277,278736
1975-09-15,2.6277,2.6347,2.5544,2.5763,2.5763,286936
1975-09-16,2.5763,2.60569,2.5029,2.525,2.525,900152
1975-09-17,2.525,2.5324,2.5175,2.525,2.525,470571
1975-09-18,2.525,2.5612,2.525,2.5612,2.5612,677161
1975-09-19,2.5612,2.6639,2.5612,2.6639,2.6639,949342
1975-09-22,2.6639,2.70769,2.65679,2.65679,2.65679,388591
1975-09-23,2.65679,2.65679,2.6277,2.64919,2.64919,501731
1975-09-24,2.65679,2.6788,2.65679,2.6788,2.6788,1080515
1975-09-25,2.6788,2.6862,2.6639,2.6639,2.6639,367275
1975-09-26,2.6639,2.71539,2.6639,2.6788,2.6788,614865
1975-09-29,2.6788,2.6932,2.6639,2.6639,2.6639,762429
1975-09-30,2.64209,2.64209,2.6128,2.6203,2.6203,506649
1975-10-01,2.6203,2.6277,2.5691,2.5691,2.5691,591901
1975-10-02,2.5691,2.60569,2.5466,2.5466,2.5466,321363
1975-10-03,2.5612,2.64209,2.5612,2.6347,2.6347,452535
1975-10-06,2.64209,2.6932,2.64209,2.64209,2.64209,391871
1975-10-07,2.64209,2.65679,2.60569,2.6277,2.6277,818176
1975-10-08,2.64209,2.70769,2.64209,2.70769,2.70769,285299
1975-10-09,2.70769,2.72979,2.70099,2.72269,2.72269,295135
1975-10-10,2.72269,2.7371,2.71539,2.7371,2.7371,460734
1975-10-13,2.7371,2.77379,2.71539,2.77379,2.77379,204956
1975-10-14,2.77379,2.80309,2.72979,2.7446,2.7446,652575
1975-10-15,2.7446,2.7446,2.72269,2.7446,2.7446,426306
1975-10-16,2.7446,2.8102,2.7446,2.8102,2.8102,1439593
1975-10-17,2.8102,2.89809,2.80309,2.85429,2.85429,1275631
1975-10-20,2.86898,2.96419,2.86898,2.93488,2.93488,806699
1975-10-21,2.97149,3.01509,2.97149,3.01509,3.01509,1078880
1975-10-22,3.01509,3.05188,2.96419,2.97859,2.97859,1206766
1975-10-23,2.94958,2.94958,2.91318,2.94958,2.94958,1693731
1975-10-24,2.93488,2.93488,2.88339,2.89809,2.89809,524678
1975-10-27,2.89809,2.92028,2.89089,2.89809,2.89809,283657
1975-10-28,2.89809,2.93488,2.88339,2.92738,2.92738,406627
1975-10-29,2.92738,2.92738,2.87609,2.89089,2.89089,600102
1975-10-30,2.89089,2.91318,2.86898,2.88339,2.88339,821455
1975-10-31,2.88339,2.90539,2.85429,2.86159,2.86159,303329
1975-11-03,2.86159,2.88339,2.85429,2.86898,2.86898,296770
1975-11-04,2.86898,2.88339,2.84709,2.84709,2.84709,426306
1975-11-05,2.86159,2.93488,2.86159,2.89809,2.89809,750949
1975-11-06,2.89809,2.92738,2.88339,2.91318,2.91318,283657
1975-11-07,2.91318,2.92028,2.85429,2.87609,2.87609,1434675
1975-11-10,2.86898,2.86898,2.81798,2.82509,2.82509,650931
1975-11-11,2.82509,2.86898,2.81798,2.81798,2.81798,680445
1975-11-12,2.82509,2.86159,2.82509,2.85429,2.85429,787020
1975-11-13,2.89809,2.93488,2.89809,2.89809,2.89809,523046
1975-11-14,2.89809,2.90539,2.86159,2.86898,2.86898,352517
1975-11-17,2.86898,2.86898,2.84709,2.85429,2.85429,570588
1975-11-18,2.85429,2.86898,2.81798,2.81798,2.81798,636173
1975-11-19,2.80309,2.80309,2.70099,2.72979,2.72979,577149
1975-11-20,2.7371,2.78829,2.7371,2.75939,2.75939,650931
1975-11-21,2.75939,2.77379,2.72269,2.7371,2.7371,524678
1975-11-24,2.7371,2.75939,2.7371,2.7371,2.7371,423021
1975-11-25,2.7446,2.78119,2.7446,2.76669,2.76669,577149
1975-11-26,2.76669,2.78829,2.7446,2.75939,2.75939,388591
1975-11-28,2.75939,2.79579,2.75939,2.77379,2.77379,308251
1975-12-01,2.77379,2.78829,2.72269,2.7516,2.7516,454178
1975-12-02,2.7516,2.7516,2.70769,2.72269,2.72269,659131
1975-12-03,2.6932,2.6932,2.6347,2.64209,2.64209,870642
1975-12-04,2.64209,2.6862,2.6128,2.6714,2.6714,834572
1975-12-05,2.6714,2.6932,2.6639,2.6639,2.6639,596825
1975-12-08,2.6639,2.6788,2.6277,2.6639,2.6639,1952796
1975-12-09,2.6639,2.70099,2.64919,2.70099,2.70099,432861
1975-12-10,2.70769,2.72979,2.70769,2.72269,2.72269,516484
1975-12-11,2.72269,2.7516,2.72269,2.7516,2.7516,434499
1975-12-12,2.7516,2.77379,2.7371,2.77379,2.77379,406627
1975-12-15,2.77379,2.78829,2.7516,2.7516,2.7516,303329
1975-12-16,2.7516,2.78119,2.7446,2.76669,2.76669,321363
1975-12-17,2.75939,2.75939,2.7446,2.7516,2.7516,347600
1975-12-18,2.7516,2.7516,2.7371,2.7516,2.7516,413188
1975-12-19,2.7516,2.75939,2.70769,2.71539,2.71539,493526
1975-12-22,2.6932,2.6932,2.6788,2.6788,2.6788,309887
1975-12-23,2.6788,2.71539,2.6639,2.70769,2.70769,634536
1975-12-24,2.70769,2.72979,2.70769,2.72269,2.72269,386954
1975-12-26,2.72269,2.77379,2.72269,2.77379,2.77379,198395
1975-12-29,2.77379,2.80309,2.77379,2.79579,2.79579,414826
1975-12-30,2.79579,2.83249,2.78119,2.78829,2.78829,718156
1975-12-31,2.78829,2.8102,2.78829,2.80309,2.80309,332842
1976-01-02,2.80309,2.86898,2.80309,2.86159,2.86159,213153
1976-01-05,2.88339,2.93488,2.88339,2.90539,2.90539,449259
1976-01-06,2.90539,2.97149,2.89809,2.93488,2.93488,1269073
1976-01-07,2.93488,3.00048,2.92028,2.95659,2.95659,1137897
1976-01-08,2.95659,3.00048,2.94958,2.94958,2.94958,1533049
1976-01-09,2.94958,2.99348,2.94218,2.97859,2.97859,605022
1976-01-12,2.97859,3.02989,2.96419,3.02989,3.02989,1149381
1976-01-13,3.02989,3.08128,2.97859,2.97859,2.97859,1847861
1976-01-14,2.97859,3.00808,2.96419,3.00808,3.00808,700118
1976-01-15,3.00808,3.02989,3.00048,3.00808,3.00808,941146
1976-01-16,3.00808,3.02989,3.00048,3.01509,3.01509,809973
1976-01-19,3.01509,3.05948,3.00048,3.05948,3.05948,593544
1976-01-20,3.06678,3.11038,3.06678,3.09578,3.09578,819815
1976-01-21,3.09578,3.11798,3.05188,3.09578,3.09578,1118222
1976-01-22,3.09578,3.09578,3.06678,3.08847,3.08847,983777
1976-01-23,3.08847,3.14007,3.08847,3.14007,3.14007,819815
1976-01-26,3.14007,3.22027,3.14007,3.17638,3.17638,1370732
1976-01-27,3.17638,3.21287,3.16908,3.19127,3.19127,1287107
1976-01-28,3.19127,3.22027,3.16167,3.20587,3.20587,1170694
1976-01-29,3.20587,3.25707,3.20587,3.21287,3.21287,1124784
1976-01-30,3.21287,3.24948,3.20587,3.22027,3.22027,1826545
1976-02-02,3.22027,3.24228,3.19127,3.22747,3.22747,1091993
1976-02-03,3.22747,3.23487,3.21287,3.22027,3.22027,865726
1976-02-04,3.22027,3.24228,3.21287,3.22027,3.22027,1708494
1976-02-05,3.22027,3.22747,3.16167,3.16908,3.16908,1029686
1976-02-06,3.16908,3.20587,3.16167,3.16167,3.16167,949342
1976-02-09,3.16167,3.19127,3.15447,3.18368,3.18368,442698
1976-02-10,3.18368,3.19818,3.16167,3.19818,3.19818,654210
1976-02-11,3.20587,3.23487,3.20587,3.22027,3.22027,1070677
1976-02-12,3.22027,3.30058,3.21287,3.27107,3.27107,768987
1976-02-13,3.25707,3.25707,3.22747,3.24948,3.24948,577149
1976-02-17,3.24948,3.25707,3.22027,3.22747,3.22747,731272
1976-02-18,3.22747,3.26437,3.22747,3.24948,3.24948,1114947
1976-02-19,3.24948,3.31547,3.24228,3.30058,3.30058,1954433
1976-02-20,3.32997,3.35217,3.32997,3.33747,3.33747,3093979
1976-02-23,3.33747,3.36666,3.31547,3.36666,3.36666,719795
1976-02-24,3.36666,3.41777,3.35907,3.39577,3.39577,1483859
1976-02-25,3.41777,3.49116,3.41777,3.48376,3.48376,1813428
1976-02-26,3.48376,3.57136,3.48376,3.49826,3.49826,1160858
1976-02-27,3.49826,3.50576,3.46917,3.46917,3.46917,1808511
1976-03-01,3.49116,3.54216,3.49116,3.54216,3.54216,1028049
1976-03-02,3.54216,3.59365,3.52785,3.55686,3.55686,1990509
1976-03-03,3.55686,3.60076,3.54216,3.59365,3.59365,1434675
1976-03-04,3.57906,3.57906,3.53486,3.54216,3.54216,1828185
1976-03-05,3.54216,3.55686,3.46917,3.49826,3.49826,972296
1976-03-08,3.49826,3.52785,3.49116,3.52785,3.52785,1324820
1976-03-09,3.52785,3.59365,3.52785,3.55686,3.55686,2134790
1976-03-10,3.55686,3.60816,3.55686,3.59365,3.59365,867363
1976-03-11,3.61516,3.65195,3.61516,3.62296,3.62296,1405161
1976-03-12,3.63006,3.68156,3.63006,3.63755,3.63755,842768
1976-03-15,3.63755,3.65195,3.55686,3.57906,3.57906,1554364
1976-03-16,3.57906,3.57906,3.52785,3.54216,3.54216,1065758
1976-03-17,3.54216,3.55686,3.49116,3.53486,3.53486,1021486
1976-03-18,3.52036,3.52036,3.43276,3.44716,3.44716,1774076
1976-03-19,3.44716,3.46167,3.35907,3.37386,3.37386,1026408
1976-03-22,3.37386,3.40327,3.36666,3.38127,3.38127,1511740
1976-03-23,3.38127,3.39577,3.33747,3.39577,3.39577,962467
1976-03-24,3.39577,3.43276,3.36666,3.37386,3.37386,1211681
1976-03-25,3.36666,3.36666,3.28617,3.31547,3.31547,1088711
1976-03-26,3.31547,3.32267,3.30058,3.32267,3.32267,719795
1976-03-29,3.31547,3.31547,3.24228,3.25707,3.25707,1131341
1976-03-30,3.25707,3.28617,3.22027,3.27887,3.27887,787020
1976-03-31,3.28617,3.32997,3.28617,3.31547,3.31547,718156
1976-04-01,3.31547,3.35907,3.31547,3.33747,3.33747,1216606
1976-04-02,3.33747,3.39577,3.31547,3.37386,3.37386,491889
1976-04-05,3.38127,3.42516,3.38127,3.41777,3.41777,764066
1976-04-06,3.41777,3.44716,3.41777,3.41777,3.41777,716515
1976-04-07,3.41777,3.41777,3.38127,3.39577,3.39577,806699
1976-04-08,3.39577,3.39577,3.32267,3.32267,3.32267,957540
1976-04-09,3.30808,3.30808,3.23487,3.25707,3.25707,888678
1976-04-12,3.25707,3.30808,3.24228,3.25707,3.25707,893596
1976-04-13,3.27107,3.30808,3.27107,3.28617,3.28617,726355
1976-04-14,3.28617,3.35217,3.28617,3.32997,3.32997,896878
1976-04-15,3.33747,3.39577,3.33747,3.39577,3.39577,829651
1976-04-19,3.43276,3.47646,3.43276,3.47646,3.47646,1421557
1976-04-20,3.47646,3.55686,3.46167,3.54966,3.54966,1459270
1976-04-21,3.54966,3.60816,3.54216,3.56426,3.56426,1642909
1976-04-22,3.56426,3.59365,3.56426,3.57906,3.57906,1231365
1976-04-23,3.57906,3.57906,3.54216,3.54216,3.54216,1293662
1976-04-26,3.54216,3.55686,3.52785,3.55686,3.55686,557475
1976-04-27,3.55686,3.57136,3.53486,3.54966,3.54966,547636
1976-04-28,3.54966,3.54966,3.51267,3.52785,3.52785,646013
1976-04-29,3.52785,3.54216,3.52036,3.52785,3.52785,580423
1976-04-30,3.52785,3.54216,3.49116,3.51267,3.51267,588626
1976-05-03,3.49826,3.49826,3.46167,3.46917,3.46917,883758
1976-05-04,3.46917,3.49116,3.45437,3.46917,3.46917,646013
1976-05-05,3.46917,3.49826,3.46917,3.48376,3.48376,595185
1976-05-06,3.48376,3.49826,3.47646,3.49116,3.49116,916551
1976-05-07,3.49826,3.54216,3.49826,3.52785,3.52785,652575
1976-05-10,3.54966,3.60816,3.54966,3.59365,3.59365,837853
1976-05-11,3.60076,3.65195,3.60076,3.62296,3.62296,1716689
1976-05-12,3.62296,3.63755,3.60816,3.62296,3.62296,931306
1976-05-13,3.62296,3.62296,3.60076,3.60816,3.60816,516484
1976-05-14,3.60816,3.60816,3.55686,3.57136,3.57136,932950
1976-05-17,3.57136,3.57906,3.54966,3.56426,3.56426,523046
1976-05-18,3.57136,3.59365,3.57136,3.57906,3.57906,749309
1976-05-19,3.57906,3.60816,3.57136,3.58625,3.58625,549277
1976-05-20,3.58625,3.63755,3.57906,3.62296,3.62296,1083792
1976-05-21,3.62296,3.62296,3.60076,3.60816,3.60816,811618
1976-05-24,3.59365,3.59365,3.54966,3.56426,3.56426,764066
1976-05-25,3.56426,3.57906,3.55686,3.56426,3.56426,427941
1976-05-26,3.56426,3.57906,3.55686,3.56426,3.56426,462373
1976-05-27,3.56426,3.57136,3.54216,3.56426,3.56426,1336296
1976-05-28,3.56426,3.57906,3.54966,3.57136,3.57136,698482
1976-06-01,3.57136,3.57906,3.55686,3.56426,3.56426,514840
1976-06-02,3.56426,3.57906,3.54216,3.57136,3.57136,1098551
1976-06-03,3.57136,3.58625,3.56426,3.57136,3.57136,878837
1976-06-04,3.57136,3.57136,3.54216,3.55686,3.55686,1075595
1976-06-07,3.54216,3.54216,3.52036,3.52785,3.52785,534516
1976-06-08,3.52785,3.56426,3.52785,3.54216,3.54216,988690
1976-06-09,3.54216,3.57906,3.53486,3.54216,3.54216,600102
1976-06-10,3.54216,3.57136,3.54216,3.55686,3.55686,560754
1976-06-11,3.55686,3.57906,3.55686,3.57906,3.57906,749309
1976-06-14,3.57906,3.63755,3.57906,3.62296,3.62296,1546173
1976-06-15,3.62296,3.63755,3.59365,3.60816,3.60816,890318
1976-06-16,3.60816,3.64475,3.60816,3.61516,3.61516,1013287
1976-06-17,3.62296,3.63755,3.62296,3.62296,3.62296,639454
1976-06-18,3.62296,3.63755,3.60816,3.60816,3.60816,1067401
1976-06-21,3.60816,3.64475,3.59365,3.62296,3.62296,860805
1976-06-22,3.63006,3.69586,3.63006,3.67425,3.67425,1069037
1976-06-23,3.65935,3.65935,3.61516,3.65935,3.65935,864081
1976-06-24,3.65935,3.68876,3.65935,3.67425,3.67425,1095268
1976-06-25,3.67425,3.70345,3.67425,3.68156,3.68156,887040
1976-06-28,3.68156,3.68876,3.65195,3.65935,3.65935,357440
1976-06-29,3.65935,3.65935,3.63755,3.65195,3.65195,814891
1976-06-30,3.65195,3.67425,3.63006,3.66676,3.66676,524678
1976-07-01,3.66676,3.67425,3.63006,3.63006,3.63006,823093
1976-07-02,3.63006,3.64475,3.63006,3.63755,3.63755,721436
1976-07-06,3.63755,3.66676,3.63755,3.64475,3.64475,857523
1976-07-07,3.63755,3.63755,3.61516,3.62296,3.62296,1718327
1976-07-08,3.62296,3.64475,3.62296,3.63006,3.63006,1187091
1976-07-09,3.63006,3.65195,3.62296,3.65195,3.65195,263979
1976-07-12,3.65195,3.65195,3.62296,3.63006,3.63006,491889
1976-07-13,3.63006,3.65195,3.63006,3.65195,3.65195,1644549
1976-07-14,3.65195,3.73996,3.63755,3.73996,3.73996,2288917
1976-07-15,3.73996,3.74716,3.71055,3.72555,3.72555,3108735
1976-07-16,3.72555,3.73996,3.70345,3.73996,3.73996,3769503
1976-07-19,3.73996,3.73996,3.70345,3.70345,3.70345,847690
1976-07-20,3.70345,3.71785,3.68876,3.69586,3.69586,532883
1976-07-21,3.69586,3.71785,3.68876,3.71055,3.71055,952622
1976-07-22,3.71055,3.72555,3.68156,3.72555,3.72555,1062479
1976-07-23,3.72555,3.75446,3.71785,3.73275,3.73275,762429
1976-07-26,3.73996,3.73996,3.70345,3.71055,3.71055,157404
1976-07-27,3.71055,3.73996,3.71055,3.73275,3.73275,339950
1976-07-28,3.71055,3.71055,3.66676,3.69586,3.69586,804513
1976-07-29,3.69586,3.74716,3.69586,3.74716,3.74716,291853
1976-07-30,3.73996,3.73996,3.70345,3.71785,3.71785,756415
1976-08-02,3.71785,3.71785,3.66676,3.68876,3.68876,901795
1976-08-03,3.68876,3.71785,3.67425,3.70345,3.70345,357440
1976-08-04,3.70345,3.74716,3.70345,3.72555,3.72555,724716
1976-08-05,3.71785,3.71785,3.68876,3.69586,3.69586,308251
1976-08-06,3.68876,3.68876,3.65935,3.66676,3.66676,226268
1976-08-09,3.66676,3.66676,3.62296,3.63755,3.63755,1003449
1976-08-10,3.63755,3.65935,3.63006,3.65195,3.65195,395697
1976-08-11,3.65195,3.66676,3.62296,3.63006,3.63006,942241
1976-08-12,3.63006,3.65935,3.62296,3.65195,3.65195,640547
1976-08-13,3.65195,3.67425,3.54966,3.54966,3.54966,1368543
1976-08-16,3.54966,3.57906,3.54216,3.54966,3.54966,462373
1976-08-17,3.53486,3.53486,3.50576,3.53486,3.53486,1005641
1976-08-18,3.53486,3.54966,3.41777,3.42516,3.42516,803417
1976-08-19,3.42516,3.43976,3.38127,3.42516,3.42516,851514
1976-08-20,3.41027,3.41027,3.36666,3.41027,3.41027,578242
1976-08-23,3.41027,3.46917,3.38867,3.46167,3.46167,501731
1976-08-24,3.46917,3.52036,3.46917,3.47646,3.47646,899612
1976-08-25,3.47646,3.48376,3.45437,3.46917,3.46917,726901
1976-08-26,3.46917,3.49826,3.46917,3.47646,3.47646,1121505
1976-08-27,3.47646,3.51267,3.47646,3.51267,3.51267,510474
1976-08-30,3.51267,3.51267,3.46917,3.49826,3.49826,511563
1976-08-31,3.50576,3.53486,3.50576,3.52785,3.52785,383671
1976-09-01,3.52785,3.62296,3.52036,3.61516,3.61516,618689
1976-09-02,3.61516,3.65195,3.61516,3.65195,3.65195,1071224
1976-09-03,3.65195,3.66676,3.63755,3.65935,3.65935,442698
1976-09-07,3.68156,3.71785,3.68156,3.71055,3.71055,620871
1976-09-08,3.71055,3.73275,3.67425,3.68156,3.68156,732370
1976-09-09,3.66676,3.66676,3.63755,3.65935,3.65935,366183
1976-09-10,3.64475,3.64475,3.61516,3.63006,3.63006,776090
1976-09-13,3.63006,3.65935,3.60816,3.63006,3.63006,448161
1976-09-14,3.62296,3.62296,3.59365,3.60816,3.60816,738929
1976-09-15,3.60816,3.60816,3.50576,3.50576,3.50576,860254
1976-09-16,3.50576,3.57906,3.49826,3.57906,3.57906,517030
1976-09-17,3.57906,3.60076,3.52036,3.52036,3.52036,1520479
1976-09-20,3.52036,3.53486,3.42516,3.43976,3.43976,1995972
1976-09-21,3.43976,3.44716,3.41027,3.44716,3.44716,2349039
1976-09-22,3.44716,3.45437,3.28617,3.35907,3.35907,5545216
1976-09-23,3.35907,3.40327,3.31547,3.37386,3.37386,3084681
1976-09-24,3.37386,3.43976,3.35907,3.40327,3.40327,1129151
1976-09-27,3.40327,3.42516,3.37386,3.39577,3.39577,1067947
1976-09-28,3.39577,3.43976,3.38127,3.40327,3.40327,1016570
1976-09-29,3.40327,3.41027,3.35907,3.38127,3.38127,676617
1976-09-30,3.37386,3.37386,3.33747,3.34467,3.34467,767346
1976-10-01,3.35217,3.39577,3.35217,3.36666,3.36666,1404612
1976-10-04,3.36666,3.39577,3.35217,3.38127,3.38127,466744
1976-10-05,3.38127,3.38867,3.30058,3.30808,3.30808,920376
1976-10-06,3.30808,3.35217,3.27887,3.29367,3.29367,825280
1976-10-07,3.29367,3.34467,3.27887,3.33747,3.33747,897426
1976-10-08,3.33747,3.35907,3.30808,3.33747,3.33747,578242
1976-10-11,3.33747,3.33747,3.28617,3.33747,3.33747,784837
1976-10-12,3.33747,3.34467,3.29367,3.30808,3.30808,665692
1976-10-13,3.30808,3.30808,3.27107,3.30808,3.30808,1505178
1976-10-14,3.29367,3.29367,3.22747,3.24228,3.24228,509380
1976-10-15,3.24228,3.24228,3.20587,3.23487,3.23487,714876
1976-10-18,3.23487,3.30058,3.23487,3.27887,3.27887,491889
1976-10-19,3.27887,3.31547,3.27887,3.30808,3.30808,573870
1976-10-20,3.30808,3.32997,3.29367,3.30058,3.30058,957540
1976-10-21,3.30058,3.32997,3.29367,3.30808,3.30808,747669
1976-10-22,3.30808,3.32997,3.29367,3.30058,3.30058,381490
1976-10-25,3.30058,3.36666,3.29367,3.36666,3.36666,309342
1976-10-26,3.36666,3.43276,3.35907,3.41777,3.41777,472210
1976-10-27,3.41777,3.46167,3.41027,3.41777,3.41777,712693
1976-10-28,3.41777,3.46917,3.41027,3.43976,3.43976,514840
1976-10-29,3.43976,3.50576,3.43976,3.49826,3.49826,831834
1976-11-01,3.49826,3.49826,3.43276,3.48376,3.48376,698482
1976-11-03,3.44716,3.44716,3.40327,3.41027,3.41027,475489
1976-11-04,3.41027,3.41777,3.36666,3.38867,3.38867,590267
1976-11-05,3.38867,3.39577,3.30058,3.31547,3.31547,930214
1976-11-08,3.31547,3.36666,3.24228,3.25707,3.25707,1101829
1976-11-09,3.25707,3.27887,3.22027,3.27107,3.27107,994707
1976-11-10,3.27107,3.29367,3.24228,3.24228,3.24228,368371
1976-11-11,3.24228,3.25707,3.23487,3.24228,3.24228,423021
1976-11-12,3.24228,3.24948,3.22747,3.24948,3.24948,550912
1976-11-15,3.24948,3.27887,3.22027,3.26437,3.26437,611031
1976-11-16,3.27107,3.32997,3.27107,3.29367,3.29367,784837
1976-11-17,3.29367,3.37386,3.29367,3.35217,3.35217,616503
1976-11-18,3.35907,3.39577,3.35907,3.38127,3.38127,677714
1976-11-19,3.38127,3.42516,3.38127,3.41027,3.41027,824187
1976-11-22,3.41027,3.46167,3.38867,3.45437,3.45437,661319
1976-11-23,3.45437,3.45437,3.41777,3.41777,3.41777,589172
1976-11-24,3.43276,3.47646,3.43276,3.46167,3.46167,762968
1976-11-26,3.46167,3.49826,3.43976,3.49826,3.49826,356343
1976-11-29,3.49826,3.49826,3.44716,3.44716,3.44716,549826
1976-11-30,3.44716,3.46917,3.42516,3.46167,3.46167,421930
1976-12-01,3.43976,3.43976,3.41027,3.41777,3.41777,474403
1976-12-02,3.41777,3.45437,3.38867,3.39577,3.39577,832931
1976-12-03,3.39577,3.45437,3.38867,3.43276,3.43276,623060
1976-12-06,3.43276,3.43976,3.40327,3.41777,3.41777,736740
1976-12-07,3.41777,3.41777,3.36666,3.37386,3.37386,532332
1976-12-08,3.37386,3.37386,3.35907,3.36666,3.36666,737832
1976-12-09,3.33747,3.33747,3.28617,3.30808,3.30808,1168508
1976-12-10,3.30808,3.33747,3.26437,3.27107,3.27107,769532
1976-12-13,3.27107,3.27107,3.22027,3.26437,3.26437,599012
1976-12-14,3.26437,3.32997,3.25707,3.30808,3.30808,442698
1976-12-15,3.30808,3.34467,3.30808,3.33747,3.33747,1096367
1976-12-16,3.33747,3.33747,3.29367,3.30058,3.30058,608849
1976-12-17,3.30058,3.33747,3.30058,3.31547,3.31547,614315
1976-12-20,3.31547,3.33747,3.30808,3.32997,3.32997,627430
1976-12-21,3.32997,3.39577,3.30808,3.39577,3.39577,709411
1976-12-22,3.39577,3.41027,3.35217,3.35217,3.35217,946614
1976-12-23,3.35217,3.39577,3.35217,3.37386,3.37386,759691
1976-12-27,3.37386,3.42516,3.37386,3.42516,3.42516,674434
1976-12-28,3.42516,3.45437,3.41027,3.43276,3.43276,630709
1976-12-29,3.43276,3.43976,3.41027,3.42516,3.42516,321363
1976-12-30,3.42516,3.45437,3.41777,3.43976,3.43976,259064
1976-12-31,3.43976,3.49826,3.43976,3.49826,3.49826,353066
1977-01-03,3.49826,3.49826,3.43976,3.46167,3.46167,765158
1977-01-04,3.46167,3.49116,3.41027,3.41027,3.41027,345418
1977-01-05,3.41027,3.43276,3.35907,3.38127,3.38127,814348
1977-01-06,3.38127,3.41027,3.38127,3.38127,3.38127,341041
1977-01-07,3.38127,3.42516,3.38127,3.39577,3.39577,412091
1977-01-10,3.39577,3.40327,3.38127,3.40327,3.40327,429582
1977-01-11,3.40327,3.43276,3.35907,3.36666,3.36666,359624
1977-01-12,3.36666,3.37386,3.31547,3.31547,3.31547,1057011
1977-01-13,3.31547,3.36666,3.29367,3.35907,3.35907,976126
1977-01-14,3.35907,3.40327,3.35217,3.39577,3.39577,532332
1977-01-17,3.38127,3.38127,3.35217,3.35907,3.35907,376017
1977-01-18,3.35907,3.36666,3.30058,3.30058,3.30058,635084
1977-01-19,3.30058,3.33747,3.12518,3.15447,3.15447,1383842
1977-01-20,3.15447,3.22747,3.15447,3.18368,3.18368,813254
1977-01-21,3.18368,3.22747,3.17638,3.21287,3.21287,1384938
1977-01-24,3.21287,3.25707,3.20587,3.23487,3.23487,439420
1977-01-25,3.23487,3.23487,3.20587,3.20587,3.20587,1029686
1977-01-26,3.19818,3.19818,3.09578,3.09578,3.09578,1478945
1977-01-27,3.09578,3.11038,3.08128,3.10308,3.10308,911632
1977-01-28,3.10308,3.14007,3.09578,3.13228,3.13228,1196927
1977-01-31,3.12518,3.12518,3.04468,3.11798,3.11798,860254
1977-02-01,3.13228,3.20587,3.13228,3.17638,3.17638,1169603
1977-02-02,3.17638,3.19818,3.14007,3.14007,3.14007,1586063
1977-02-03,3.14007,3.14659,3.11038,3.14007,3.14007,742206
1977-02-04,3.14007,3.16908,3.14007,3.14659,3.14659,507189
1977-02-07,3.14659,3.16167,3.11798,3.11798,3.11798,1087620
1977-02-08,3.11798,3.13228,3.02268,3.03718,3.03718,1455988
1977-02-09,3.03718,3.04468,2.94218,2.94218,2.94218,2142448
1977-02-10,2.96419,3.00048,2.96419,2.97149,2.97149,1146645
1977-02-11,2.97149,2.97859,2.95659,2.97859,2.97859,1340122
1977-02-14,2.97859,2.98598,2.95659,2.97859,2.97859,1348864
1977-02-15,2.98598,3.09578,2.98598,3.09578,3.09578,1368543
1977-02-16,3.09578,3.14007,3.04468,3.05948,3.05948,975033
1977-02-17,3.05948,3.08128,3.03718,3.05188,3.05188,740018
1977-02-18,3.05188,3.06678,3.00048,3.02268,3.02268,1065758
1977-02-22,3.03718,3.09578,3.03718,3.03718,3.03718,570588
1977-02-23,3.03718,3.03718,2.99348,2.99348,2.99348,600102
1977-02-24,3.00048,3.01509,3.00048,3.01509,3.01509,431765
1977-02-25,3.01509,3.05188,3.00808,3.03718,3.03718,799046
1977-02-28,3.03718,3.05948,3.02989,3.05948,3.05948,488610
1977-03-01,3.08128,3.10308,3.08128,3.08847,3.08847,984870
1977-03-02,3.09578,3.12518,3.09578,3.10308,3.10308,1075595
1977-03-03,3.10308,3.15447,3.10308,3.12518,3.12518,1147741
1977-03-04,3.12518,3.16908,3.09578,3.15447,3.15447,736740
1977-03-07,3.15447,3.17638,3.15447,3.16908,3.16908,954258
1977-03-08,3.16908,3.22027,3.15447,3.16167,3.16167,773901
1977-03-09,3.16167,3.16167,3.11798,3.15447,3.15447,489702
1977-03-10,3.15447,3.19127,3.12518,3.19127,3.19127,750949
1977-03-11,3.19127,3.22747,3.17638,3.22747,3.22747,753133
1977-03-14,3.22747,3.35907,3.22027,3.30058,3.30058,809973
1977-03-15,3.30058,3.33747,3.28617,3.30058,3.30058,1537967
1977-03-16,3.30058,3.32997,3.27107,3.28617,3.28617,1377288
1977-03-17,3.27107,3.27107,3.21287,3.26437,3.26437,1170694
1977-03-18,3.27887,3.32997,3.27887,3.30058,3.30058,1004544
1977-03-21,3.30058,3.31547,3.28617,3.30808,3.30808,550912
1977-03-22,3.30808,3.30808,3.27107,3.29367,3.29367,632895
1977-03-23,3.29367,3.31547,3.29367,3.30058,3.30058,908350
1977-03-24,3.30058,3.30808,3.27107,3.27107,3.27107,1313885
1977-03-25,3.27107,3.31547,3.27107,3.28617,3.28617,745481
1977-03-28,3.28617,3.29367,3.26437,3.28617,3.28617,648201
1977-03-29,3.29367,3.32997,3.29367,3.30058,3.30058,586987
1977-03-30,3.30058,3.31547,3.28617,3.28617,3.28617,550912
1977-03-31,3.28617,3.30808,3.26437,3.29367,3.29367,461281
1977-04-01,3.30058,3.34467,3.30058,3.32997,3.32997,999078
1977-04-04,3.32997,3.33747,3.29367,3.30058,3.30058,327926
1977-04-05,3.30058,3.30808,3.27107,3.27887,3.27887,901795
1977-04-06,3.27887,3.28617,3.23487,3.24228,3.24228,529051
1977-04-07,3.24228,3.25707,3.22747,3.25707,3.25707,765158
1977-04-11,3.25707,3.27887,3.24228,3.27887,3.27887,883214
1977-04-12,3.29367,3.33747,3.29367,3.32997,3.32997,435048
1977-04-13,3.32997,3.37386,3.31547,3.35907,3.35907,1085432
1977-04-14,3.41777,3.48376,3.41777,3.43976,3.43976,1614489
1977-04-15,3.43976,3.49116,3.43276,3.46917,3.46917,619779
1977-04-18,3.46917,3.47646,3.44716,3.46917,3.46917,613221
1977-04-19,3.43976,3.43976,3.39577,3.41027,3.41027,790301
1977-04-20,3.41027,3.46917,3.40327,3.46167,3.46167,870092
1977-04-21,3.46167,3.47646,3.42516,3.44716,3.44716,906168
1977-04-22,3.44716,3.44716,3.35907,3.36666,3.36666,658040
1977-04-25,3.36666,3.37386,3.34467,3.34467,3.34467,607756
1977-04-26,3.34467,3.36666,3.29367,3.29367,3.29367,686454
1977-04-27,3.29367,3.37386,3.28617,3.32997,3.32997,1443967
1977-04-28,3.32997,3.33747,3.29367,3.30808,3.30808,655849
1977-04-29,3.30808,3.31547,3.27887,3.28617,3.28617,668969
1977-05-02,3.28617,3.34467,3.26437,3.33747,3.33747,940053
1977-05-03,3.33747,3.37386,3.33747,3.36666,3.36666,848233
1977-05-04,3.36666,3.42516,3.35907,3.40327,3.40327,1145553
1977-05-05,3.40327,3.41777,3.38127,3.40327,3.40327,709411
1977-05-06,3.40327,3.40327,3.38127,3.38127,3.38127,549826
1977-05-09,3.38127,3.39577,3.37386,3.38127,3.38127,468934
1977-05-10,3.38867,3.47646,3.38867,3.44716,3.44716,1698653
1977-05-11,3.44716,3.48376,3.44716,3.45437,3.45437,950980
1977-05-12,3.45437,3.47646,3.43276,3.46917,3.46917,1583880
1977-05-13,3.47646,3.53486,3.47646,3.52036,3.52036,1358702
1977-05-16,3.52036,3.53486,3.51267,3.51267,3.51267,746576
1977-05-17,3.51267,3.53486,3.50576,3.53486,3.53486,1851683
1977-05-18,3.54216,3.59365,3.54216,3.58625,3.58625,1314978
1977-05-19,3.57906,3.57906,3.51267,3.52785,3.52785,1331378
1977-05-20,3.52036,3.52036,3.49826,3.50576,3.50576,1012200
1977-05-23,3.49826,3.49826,3.44716,3.49116,3.49116,784837
1977-05-24,3.49116,3.49116,3.43976,3.48376,3.48376,1459270
1977-05-25,3.48376,3.48376,3.43976,3.43976,3.43976,823093
1977-05-26,3.43976,3.47646,3.42516,3.45437,3.45437,1055920
1977-05-27,3.43976,3.43976,3.41777,3.42516,3.42516,529051
1977-05-31,3.42516,3.43976,3.39577,3.41027,3.41027,700665
1977-06-01,3.41027,3.41027,3.38127,3.40327,3.40327,894148
1977-06-02,3.40327,3.41027,3.36666,3.37386,3.37386,990333
1977-06-03,3.37386,3.38867,3.35907,3.36666,3.36666,477680
1977-06-06,3.36666,3.38127,3.32997,3.33747,3.33747,1329188
1977-06-07,3.33747,3.35907,3.31547,3.34467,3.34467,385859
1977-06-08,3.35217,3.38867,3.35217,3.35907,3.35907,837307
1977-06-09,3.35907,3.37386,3.34467,3.37386,3.37386,368371
1977-06-10,3.37386,3.40327,3.36666,3.38867,3.38867,614315
1977-06-13,3.38867,3.42516,3.38867,3.39577,3.39577,615404
1977-06-14,3.39577,3.42516,3.38867,3.40327,3.40327,664599
1977-06-15,3.40327,3.41027,3.33747,3.36666,3.36666,1044991
1977-06-16,3.36666,3.41027,3.35217,3.40327,3.40327,439420
1977-06-17,3.40327,3.41027,3.38867,3.41027,3.41027,398975
1977-06-20,3.41027,3.43276,3.40327,3.42516,3.42516,581520
1977-06-21,3.42516,3.45437,3.42516,3.42516,3.42516,973936
1977-06-22,3.42516,3.44716,3.40327,3.41027,3.41027,749850
1977-06-23,3.41027,3.42516,3.41027,3.42516,3.42516,1134623
1977-06-24,3.43276,3.45437,3.43276,3.45437,3.45437,803417
1977-06-27,3.45437,3.46167,3.43976,3.43976,3.43976,358532
1977-06-28,3.43976,3.44716,3.41777,3.43276,3.43276,388048
1977-06-29,3.43276,3.43276,3.41777,3.43276,3.43276,449259
1977-06-30,3.43276,3.48376,3.43276,3.48376,3.48376,301694
1977-07-01,3.48376,3.48376,3.44716,3.47646,3.47646,823093
1977-07-05,3.47646,3.48376,3.43276,3.43976,3.43976,306061
1977-07-06,3.43976,3.43976,3.41027,3.41027,3.41027,731272
1977-07-07,3.41027,3.41777,3.38127,3.40327,3.40327,978312
1977-07-08,3.40327,3.42516,3.39577,3.39577,3.39577,682086
1977-07-11,3.39577,3.39577,3.33747,3.34467,3.34467,1511740
1977-07-12,3.33747,3.33747,3.30058,3.30808,3.30808,1378381
1977-07-13,3.30808,3.31547,3.27107,3.27887,3.27887,2201475
1977-07-15,3.27107,3.27107,3.23487,3.25707,3.25707,1708494
1977-07-18,3.25707,3.30058,3.24228,3.30058,3.30058,873377
1977-07-19,3.30058,3.30808,3.25707,3.25707,3.25707,1156482
1977-07-20,3.27887,3.31547,3.27887,3.27887,3.27887,731272
1977-07-21,3.27887,3.28617,3.25707,3.28617,3.28617,784837
1977-07-22,3.28617,3.30058,3.27887,3.28617,3.28617,787020
1977-07-25,3.28617,3.33747,3.26437,3.27887,3.27887,548725
1977-07-26,3.27107,3.27107,3.24948,3.25707,3.25707,748761
1977-07-27,3.25707,3.26437,3.18368,3.19818,3.19818,948793
1977-07-28,3.19818,3.21287,3.17638,3.19127,3.19127,907260
1977-07-29,3.19127,3.20587,3.17638,3.19818,3.19818,809973
1977-08-01,3.20587,3.29367,3.20587,3.21287,3.21287,603386
1977-08-02,3.21287,3.22027,3.20587,3.22027,3.22027,322462
1977-08-03,3.21287,3.21287,3.19127,3.20587,3.20587,1026408
1977-08-04,3.20587,3.20587,3.19127,3.19818,3.19818,1014386
1977-08-05,3.19818,3.20587,3.16908,3.16908,3.16908,750949
1977-08-08,3.16908,3.17638,3.12518,3.12518,3.12518,590267
1977-08-09,3.12518,3.14007,3.12518,3.12518,3.12518,729086
1977-08-10,3.13228,3.15447,3.13228,3.14659,3.14659,1062479
1977-08-11,3.14659,3.15447,3.14007,3.14659,3.14659,923657
1977-08-12,3.14659,3.15447,3.13228,3.14659,3.14659,1178345
1977-08-15,3.14659,3.16908,3.13228,3.16167,3.16167,529051
1977-08-16,3.16167,3.16908,3.14659,3.14659,3.14659,527960
1977-08-17,3.14659,3.15447,3.14659,3.15447,3.15447,400067
1977-08-18,3.15447,3.18368,3.14659,3.14659,3.14659,439420
1977-08-19,3.14659,3.16167,3.14659,3.16167,3.16167,414278
1977-08-22,3.16167,3.21287,3.15447,3.21287,3.21287,1129151
1977-08-23,3.21287,3.22747,3.19127,3.19818,3.19818,654761
1977-08-24,3.19818,3.19818,3.17638,3.17638,3.17638,491889
1977-08-25,3.14007,3.14007,3.05188,3.05948,3.05948,2632144
1977-08-26,3.05948,3.08128,3.05188,3.06678,3.06678,1603554
1977-08-29,3.06678,3.08128,3.04468,3.05948,3.05948,790301
1977-08-30,3.06678,3.11798,3.06678,3.06678,3.06678,1050457
1977-08-31,3.06678,3.10308,3.05948,3.09578,3.09578,534516
1977-09-01,3.09578,3.11038,3.08847,3.08847,3.08847,743299
1977-09-02,3.08847,3.10308,3.08847,3.10308,3.10308,292950
1977-09-06,3.12518,3.16908,3.12518,3.16908,3.16908,1361978
1977-09-07,3.17638,3.22747,3.17638,3.22027,3.22027,1567482
1977-09-08,3.22027,3.24228,3.21287,3.22027,3.22027,889773
1977-09-09,3.22027,3.23487,3.20587,3.22747,3.22747,1519389
1977-09-12,3.22747,3.22747,3.18368,3.19127,3.19127,648201
1977-09-13,3.19818,3.22027,3.19818,3.22027,3.22027,1381661
1977-09-14,3.22027,3.23487,3.20587,3.22747,3.22747,595725
1977-09-15,3.22747,3.27107,3.22027,3.27107,3.27107,1079969
1977-09-16,3.27107,3.28617,3.24948,3.24948,3.24948,2153373
1977-09-19,3.24948,3.25707,3.22747,3.24228,3.24228,612131
1977-09-20,3.24228,3.24948,3.22027,3.24228,3.24228,722528
1977-09-21,3.24228,3.25707,3.22027,3.24228,3.24228,1672423
1977-09-22,3.24228,3.24948,3.22027,3.24228,3.24228,401165
1977-09-23,3.24228,3.24948,3.24228,3.24948,3.24948,725807
1977-09-26,3.24948,3.27107,3.24228,3.27107,3.27107,1122597
1977-09-27,3.27107,3.27887,3.26437,3.27887,3.27887,708322
1977-09-28,3.27887,3.29367,3.26437,3.27887,3.27887,632895
1977-09-29,3.27887,3.31547,3.27107,3.31547,3.31547,959728
1977-09-30,3.31547,3.34467,3.30058,3.31547,3.31547,451444
1977-10-03,3.30808,3.30808,3.30058,3.30058,3.30058,656942
1977-10-04,3.31547,3.33747,3.31547,3.32997,3.32997,1002360
1977-10-05,3.31547,3.31547,3.30058,3.30808,3.30808,537800
1977-10-06,3.30808,3.31547,3.30808,3.31547,3.31547,358532
1977-10-07,3.31547,3.31547,3.25707,3.27887,3.27887,1118222
1977-10-10,3.27887,3.29367,3.27107,3.27887,3.27887,159591
1977-10-11,3.27887,3.27887,3.24948,3.25707,3.25707,718156
1977-10-12,3.23487,3.23487,3.19127,3.21287,3.21287,1897595
1977-10-13,3.21287,3.22027,3.16908,3.19818,3.19818,825280
1977-10-14,3.19818,3.22747,3.19818,3.21287,3.21287,952079
1977-10-17,3.21287,3.24228,3.19818,3.24228,3.24228,406627
1977-10-18,3.24228,3.24228,3.19818,3.19818,3.19818,373834
1977-10-19,3.16908,3.16908,3.08128,3.08847,3.08847,1747842
1977-10-20,3.08847,3.12518,3.08847,3.12518,3.12518,339950
1977-10-21,3.11038,3.11038,3.06678,3.08847,3.08847,1309514
1977-10-24,3.06678,3.06678,3.03718,3.04468,3.04468,555286
1977-10-25,3.02989,3.02989,2.98598,3.01509,3.01509,1481133
1977-10-26,3.01509,3.08847,3.00048,3.05948,3.05948,881026
1977-10-27,3.08128,3.11798,3.08128,3.10308,3.10308,711601
1977-10-28,3.10308,3.11038,3.09578,3.11038,3.11038,611031
1977-10-31,3.11038,3.11798,3.09578,3.11038,3.11038,419746
1977-11-01,3.08128,3.08128,3.03718,3.03718,3.03718,544354
1977-11-02,3.03718,3.04468,3.01509,3.01509,3.01509,505003
1977-11-03,3.01509,3.02268,2.99348,3.02268,3.02268,697386
1977-11-04,3.02989,3.05188,3.02989,3.03718,3.03718,737832
1977-11-07,3.04468,3.06678,3.04468,3.05948,3.05948,386954
1977-11-08,3.06678,3.09578,3.06678,3.08128,3.08128,602292
1977-11-09,3.08128,3.11798,3.06678,3.11798,3.11798,447068
1977-11-10,3.11798,3.18368,3.08128,3.16908,3.16908,830742
1977-11-11,3.19818,3.25707,3.19818,3.24228,3.24228,1219884
1977-11-14,3.24948,3.27887,3.24948,3.27107,3.27107,1191467
1977-11-15,3.27107,3.35217,3.26437,3.31547,3.31547,1096367
1977-11-16,3.31547,3.32997,3.28617,3.28617,3.28617,580423
1977-11-17,3.27887,3.27887,3.25707,3.25707,3.25707,1026408
1977-11-18,3.25707,3.28617,3.25707,3.27887,3.27887,553103
1977-11-21,3.27887,3.29367,3.26437,3.29367,3.29367,478774
1977-11-22,3.29367,3.34467,3.28617,3.32997,3.32997,743299
1977-11-23,3.33747,3.43976,3.33747,3.40327,3.40327,1251579
1977-11-25,3.40327,3.43276,3.40327,3.41777,3.41777,404443
1977-11-28,3.41777,3.45437,3.40327,3.41027,3.41027,778279
1977-11-29,3.40327,3.40327,3.30058,3.30058,3.30058,899612
1977-11-30,3.30058,3.32997,3.28617,3.30808,3.30808,651477
1977-12-01,3.30808,3.30808,3.26437,3.27107,3.27107,723620
1977-12-02,3.27107,3.28617,3.22747,3.24948,3.24948,547636
1977-12-05,3.24948,3.26437,3.24228,3.25707,3.25707,482049
1977-12-06,3.24228,3.24228,3.16908,3.17638,3.17638,1153204
1977-12-07,3.17638,3.19127,3.16167,3.18368,3.18368,865726
1977-12-08,3.19818,3.24948,3.19818,3.22027,3.22027,1496430
1977-12-09,3.22747,3.27887,3.22747,3.27887,3.27887,1088711
1977-12-12,3.27887,3.30058,3.27107,3.28617,3.28617,1223161
1977-12-13,3.27107,3.27107,3.24228,3.25707,3.25707,508285
1977-12-14,3.25707,3.26437,3.22747,3.25707,3.25707,938959
1977-12-15,3.25707,3.27887,3.24228,3.24228,3.24228,384763
1977-12-16,3.24228,3.24948,3.23487,3.23487,3.23487,452535
1977-12-19,3.23487,3.24228,3.20587,3.22747,3.22747,393510
1977-12-20,3.22027,3.22027,3.19818,3.21287,3.21287,1298584
1977-12-21,3.21287,3.22747,3.19127,3.21287,3.21287,454727
1977-12-22,3.22747,3.25707,3.22747,3.25707,3.25707,619779
1977-12-23,3.25707,3.27887,3.25707,3.27887,3.27887,403346
1977-12-27,3.27887,3.29367,3.26437,3.28617,3.28617,687552
1977-12-28,3.28617,3.30808,3.27107,3.30808,3.30808,326831
1977-12-29,3.30808,3.32997,3.29367,3.31547,3.31547,667871
1977-12-30,3.30808,3.30808,3.30058,3.30808,3.30808,487515
1978-01-03,3.30058,3.30058,3.24228,3.24228,3.24228,1241743
1978-01-04,3.24228,3.27887,3.22027,3.24948,3.24948,484236
1978-01-05,3.24948,3.29367,3.21287,3.21287,3.21287,1334657
1978-01-06,3.21287,3.22747,3.15447,3.16908,3.16908,844953
1978-01-09,3.16167,3.16167,3.12518,3.14659,3.14659,805601
1978-01-10,3.14659,3.16167,3.13228,3.14659,3.14659,511563
1978-01-11,3.14659,3.16908,3.14007,3.15447,3.15447,466744
1978-01-12,3.15447,3.19818,3.15447,3.16167,3.16167,529051
1978-01-13,3.16167,3.19127,3.16167,3.16908,3.16908,439420
1978-01-16,3.16167,3.16167,3.13228,3.14659,3.14659,662410
1978-01-17,3.14659,3.18368,3.14659,3.17638,3.17638,381490
1978-01-18,3.17638,3.21287,3.16167,3.19818,3.19818,972841
1978-01-19,3.19818,3.19818,3.14007,3.15447,3.15447,292950
1978-01-20,3.15447,3.15447,3.10308,3.11038,3.11038,207684
1978-01-23,3.11038,3.11798,3.00048,3.03718,3.03718,1461453
1978-01-24,3.03718,3.05188,3.00808,3.02989,3.02989,940053
1978-01-25,3.02989,3.06678,3.01509,3.03718,3.03718,463469
1978-01-26,3.03718,3.05188,2.99348,3.00048,3.00048,1085432
1978-01-27,2.97859,2.97859,2.95659,2.97149,2.97149,976126
1978-01-30,2.97859,3.00808,2.97859,2.99348,2.99348,897426
1978-01-31,2.99348,3.01509,2.96419,2.98598,2.98598,785931
1978-02-01,2.98598,3.02989,2.98598,3.02989,3.02989,682086
1978-02-02,3.02989,3.05188,3.01509,3.02989,3.02989,641637
1978-02-03,3.02989,3.03718,3.00808,3.01509,3.01509,843863
1978-02-06,3.01509,3.01509,2.99348,3.01509,3.01509,324646
1978-02-07,3.01509,3.04468,3.01509,3.04468,3.04468,378212
1978-02-08,3.04468,3.04468,3.01509,3.01509,3.01509,308251
1978-02-09,3.01509,3.02989,3.00048,3.01509,3.01509,544354
1978-02-10,3.01509,3.03718,3.00808,3.02989,3.02989,479865
1978-02-13,3.02989,3.02989,3.00808,3.02989,3.02989,432861
1978-02-14,3.02268,3.02268,3.00048,3.00808,3.00808,297320
1978-02-15,3.00808,3.02268,3.00048,3.01509,3.01509,344321
1978-02-16,3.00808,3.00808,2.97859,2.99348,2.99348,714876
1978-02-17,2.99348,3.00808,2.99348,2.99348,2.99348,556382
1978-02-21,2.99348,3.00048,2.97149,3.00048,3.00048,873377
1978-02-22,3.00048,3.00048,2.98598,2.98598,2.98598,394605
1978-02-23,2.98598,2.98598,2.96419,2.97859,2.97859,626337
1978-02-24,2.97859,3.01509,2.97149,3.00808,3.00808,749850
1978-02-27,3.00808,3.03718,3.00048,3.00808,3.00808,204407
1978-02-28,2.98598,2.98598,2.97149,2.97149,2.97149,414278
1978-03-01,2.97149,2.99348,2.96419,2.97859,2.97859,520312
1978-03-02,2.97859,2.99348,2.96419,2.98598,2.98598,538895
1978-03-03,2.98598,2.98598,2.94218,2.94958,2.94958,517030
1978-03-06,2.94958,2.94958,2.88339,2.91318,2.91318,731272
1978-03-07,2.91318,2.92738,2.90539,2.90539,2.90539,455810
1978-03-08,2.90539,2.94218,2.90539,2.94218,2.94218,458004
1978-03-09,2.94218,2.94218,2.91318,2.91318,2.91318,1155389
1978-03-10,2.92028,2.94218,2.92028,2.92738,2.92738,1450527
1978-03-13,2.92738,2.96419,2.92028,2.92028,2.92028,1289841
1978-03-14,2.92028,2.92738,2.89089,2.92738,2.92738,931306
1978-03-15,2.92738,2.92738,2.86898,2.87609,2.87609,620871
1978-03-16,2.87609,2.88339,2.81798,2.83989,2.83989,884305
1978-03-17,2.84709,2.88339,2.84709,2.86898,2.86898,1254864
1978-03-20,2.86898,2.89089,2.86898,2.88339,2.88339,1034057
1978-03-21,2.88339,2.89809,2.83989,2.84709,2.84709,471116
1978-03-22,2.84709,2.85429,2.80309,2.81798,2.81798,1165228
1978-03-23,2.78829,2.78829,2.7371,2.7516,2.7516,2165403
1978-03-27,2.7516,2.76669,2.7371,2.76669,2.76669,662410
1978-03-28,2.76669,2.78829,2.76669,2.78829,2.78829,609941
1978-03-29,2.78829,2.82509,2.78829,2.8102,2.8102,1689912
1978-03-30,2.8102,2.86898,2.80309,2.83989,2.83989,679899
1978-03-31,2.83989,2.86159,2.81798,2.86159,2.86159,1088711
1978-04-03,2.85429,2.85429,2.81798,2.83989,2.83989,429582
1978-04-04,2.83989,2.88339,2.83989,2.87609,2.87609,689738
1978-04-05,2.87609,2.91318,2.86159,2.89809,2.89809,896330
1978-04-06,2.90539,2.94958,2.90539,2.90539,2.90539,1827639
1978-04-07,2.90539,2.93488,2.90539,2.93488,2.93488,871184
1978-04-10,2.93488,2.94218,2.92028,2.93488,2.93488,1004544
1978-04-11,2.93488,2.94958,2.92028,2.94218,2.94218,779367
1978-04-12,2.94958,2.98598,2.94958,2.97149,2.97149,1308424
1978-04-13,2.97149,3.00048,2.96419,2.98598,2.98598,1351054
1978-04-14,3.04468,3.12518,3.04468,3.11798,3.11798,2449601
1978-04-17,3.22747,3.35217,3.22747,3.24228,3.24228,2713037
1978-04-18,3.21287,3.21287,3.11038,3.14007,3.14007,4196352
1978-04-19,3.14007,3.15447,3.09578,3.13228,3.13228,1510645
1978-04-20,3.14659,3.18368,3.14659,3.15447,3.15447,1093081
1978-04-21,3.15447,3.16167,3.13228,3.15447,3.15447,635084
1978-04-24,3.15447,3.24228,3.15447,3.22747,3.22747,1372918
1978-04-25,3.28617,3.33747,3.28617,3.30058,3.30058,2673683
1978-04-26,3.30058,3.38127,3.29367,3.32997,3.32997,2183983
1978-04-27,3.32997,3.37386,3.30058,3.31547,3.31547,2108560
1978-04-28,3.31547,3.35217,3.31547,3.34467,3.34467,636173
1978-05-01,3.34467,3.34467,3.30058,3.32997,3.32997,556382
1978-05-02,3.32997,3.33747,3.26437,3.27107,3.27107,1393682
1978-05-03,3.27107,3.27107,3.23487,3.24228,3.24228,609941
1978-05-04,3.24228,3.24948,3.17638,3.24228,3.24228,835111
1978-05-05,3.24228,3.32997,3.22747,3.26437,3.26437,878837
1978-05-08,3.26437,3.30808,3.24228,3.24948,3.24948,401165
1978-05-09,3.24948,3.27107,3.24228,3.26437,3.26437,722528
1978-05-10,3.26437,3.28617,3.24228,3.24948,3.24948,683177
1978-05-11,3.24948,3.35217,3.24948,3.34467,3.34467,1051550
1978-05-12,3.35217,3.43976,3.35217,3.43976,3.43976,2294388
1978-05-15,3.43976,3.49826,3.43976,3.48376,3.48376,1832007
1978-05-16,3.50576,3.54966,3.50576,3.54966,3.54966,1391500
1978-05-17,3.54966,3.57906,3.54216,3.55686,3.55686,1838566
1978-05-18,3.55686,3.55686,3.48376,3.48376,3.48376,1347774
1978-05-19,3.48376,3.51267,3.43976,3.50576,3.50576,994707
1978-05-22,3.50576,3.50576,3.48376,3.49826,3.49826,673339
1978-05-23,3.49116,3.49116,3.43276,3.43976,3.43976,1297490
1978-05-24,3.41777,3.41777,3.36666,3.38867,3.38867,1842941
1978-05-25,3.38867,3.40327,3.31547,3.33747,3.33747,919287
1978-05-26,3.33747,3.33747,3.29367,3.30808,3.30808,568403
1978-05-30,3.30808,3.33747,3.30058,3.31547,3.31547,247032
1978-05-31,3.34467,3.38867,3.34467,3.35907,3.35907,760791
1978-06-01,3.35907,3.38867,3.35907,3.37386,3.37386,478774
1978-06-02,3.38127,3.42516,3.38127,3.41777,3.41777,678805
1978-06-05,3.45437,3.50576,3.45437,3.49826,3.49826,1430849
1978-06-06,3.51267,3.59365,3.51267,3.51267,3.51267,1790473
1978-06-07,3.49826,3.49826,3.44716,3.46167,3.46167,942241
1978-06-08,3.46167,3.49826,3.43976,3.46167,3.46167,883214
1978-06-09,3.46167,3.48376,3.43976,3.45437,3.45437,515935
1978-06-12,3.45437,3.47646,3.45437,3.46167,3.46167,319180
1978-06-13,3.46167,3.46167,3.41777,3.46167,3.46167,437235
1978-06-14,3.46917,3.49826,3.46917,3.48376,3.48376,858070
1978-06-15,3.48376,3.48376,3.42516,3.44716,3.44716,545445
1978-06-16,3.44716,3.46167,3.38867,3.39577,3.39577,646013
1978-06-19,3.39577,3.40327,3.35907,3.36666,3.36666,547636
1978-06-20,3.36666,3.37386,3.28617,3.29367,3.29367,801229
1978-06-21,3.29367,3.30058,3.26437,3.26437,3.26437,907260
1978-06-22,3.26437,3.33747,3.26437,3.33747,3.33747,714876
1978-06-23,3.33747,3.35217,3.29367,3.31547,3.31547,632895
1978-06-26,3.30058,3.30058,3.23487,3.24228,3.24228,486425
1978-06-27,3.24228,3.29367,3.22027,3.29367,3.29367,878837
1978-06-28,3.29367,3.34467,3.28617,3.34467,3.34467,401165
1978-06-29,3.34467,3.37386,3.32997,3.36666,3.36666,428486
1978-06-30,3.36666,3.37386,3.33747,3.37386,3.37386,435048
1978-07-03,3.36666,3.36666,3.32997,3.35217,3.35217,295135
1978-07-05,3.35217,3.35217,3.31547,3.31547,3.31547,581520
1978-07-06,3.31547,3.33747,3.30808,3.33747,3.33747,646013
1978-07-07,3.33747,3.41027,3.33747,3.39577,3.39577,1395869
1978-07-10,3.39577,3.45437,3.39577,3.45437,3.45437,618689
1978-07-11,3.45437,3.53486,3.45437,3.52785,3.52785,920376
1978-07-12,3.52785,3.54966,3.52785,3.53486,3.53486,1635252
1978-07-13,3.52036,3.52036,3.48376,3.51267,3.51267,414278
1978-07-14,3.50576,3.50576,3.46917,3.49826,3.49826,1075595
1978-07-17,3.49826,3.54216,3.49826,3.49826,3.49826,1216606
1978-07-18,3.49116,3.49116,3.43976,3.45437,3.45437,379299
1978-07-19,3.47646,3.54216,3.47646,3.53486,3.53486,1601372
1978-07-20,3.53486,3.54216,3.49826,3.52785,3.52785,854790
1978-07-21,3.51267,3.51267,3.42516,3.46167,3.46167,899612
1978-07-24,3.45437,3.45437,3.40327,3.45437,3.45437,526867
1978-07-25,3.45437,3.46917,3.39577,3.46917,3.46917,884305
1978-07-26,3.46917,3.51267,3.46167,3.49116,3.49116,1299680
1978-07-27,3.49116,3.54216,3.48376,3.52785,3.52785,547636
1978-07-28,3.52785,3.56426,3.50576,3.55686,3.55686,501731
1978-07-31,3.55686,3.61516,3.53486,3.60816,3.60816,1154299
1978-08-01,3.60816,3.63755,3.56426,3.60816,3.60816,1101829
1978-08-02,3.60816,3.69586,3.60816,3.68876,3.68876,2335920
1978-08-03,3.71055,3.82045,3.71055,3.74716,3.74716,2081235
1978-08-04,3.74716,3.76915,3.70345,3.74716,3.74716,2176334
1978-08-07,3.74716,3.76175,3.70345,3.71055,3.71055,976126
1978-08-08,3.71055,3.71055,3.65195,3.70345,3.70345,850420
1978-08-09,3.71055,3.74716,3.71055,3.73275,3.73275,1578416
1978-08-10,3.73275,3.73996,3.71055,3.71055,3.71055,991427
1978-08-11,3.71055,3.73275,3.69586,3.71055,3.71055,899612
1978-08-14,3.71055,3.72555,3.68156,3.71055,3.71055,815438
1978-08-15,3.70345,3.70345,3.68156,3.69586,3.69586,666779
1978-08-16,3.70345,3.73275,3.70345,3.72555,3.72555,1019847
1978-08-17,3.72555,3.73996,3.68156,3.69586,3.69586,1075595
1978-08-18,3.69586,3.69586,3.62296,3.62296,3.62296,580423
1978-08-21,3.62296,3.63755,3.54216,3.54966,3.54966,888678
1978-08-22,3.54966,3.62296,3.54216,3.61516,3.61516,797953
1978-08-23,3.63755,3.68156,3.63755,3.65195,3.65195,1208955
1978-08-24,3.65195,3.69586,3.63755,3.68156,3.68156,960821
1978-08-25,3.68156,3.70345,3.65195,3.67425,3.67425,737832
1978-08-28,3.67425,3.68156,3.60076,3.63006,3.63006,484236
1978-08-29,3.62296,3.62296,3.57906,3.60816,3.60816,746576
1978-08-30,3.60816,3.62296,3.60076,3.60076,3.60076,332299
1978-08-31,3.60076,3.63755,3.59365,3.62296,3.62296,653661
1978-09-01,3.62296,3.68876,3.62296,3.65195,3.65195,1416636
1978-09-05,3.65195,3.71055,3.65195,3.71055,3.71055,1428663
1978-09-06,3.71055,3.73275,3.70345,3.71785,3.71785,1232997
1978-09-07,3.73275,3.77655,3.73275,3.76175,3.76175,1008916
1978-09-08,3.78375,3.86405,3.78375,3.86405,3.86405,1698653
1978-09-11,3.87184,3.90095,3.87184,3.87184,3.87184,1372918
1978-09-12,3.87184,3.89355,3.87184,3.88635,3.88635,847143
1978-09-13,3.88635,3.92275,3.87184,3.88635,3.88635,748761
1978-09-14,3.88635,3.89355,3.79845,3.79845,3.79845,1492061
1978-09-15,3.79845,3.82775,3.76915,3.78375,3.78375,957540
1978-09-18,3.78375,3.79845,3.73275,3.78375,3.78375,519219
1978-09-19,3.76915,3.76915,3.65195,3.66676,3.66676,1096367
1978-09-20,3.66676,3.71785,3.60816,3.61516,3.61516,643826
1978-09-21,3.61516,3.62296,3.54216,3.57906,3.57906,1117133
1978-09-22,3.57906,3.62296,3.54966,3.61516,3.61516,526867
1978-09-25,3.59365,3.59365,3.57906,3.59365,3.59365,256873
1978-09-26,3.59365,3.61516,3.57906,3.60076,3.60076,592454
1978-09-27,3.60076,3.62296,3.56426,3.56426,3.56426,562940
1978-09-28,3.52785,3.52785,3.49826,3.52785,3.52785,812160
1978-09-29,3.52785,3.55686,3.52036,3.54966,3.54966,454727
1978-10-02,3.54966,3.54966,3.48376,3.51267,3.51267,899612
1978-10-03,3.51267,3.52785,3.46167,3.46167,3.46167,362902
1978-10-04,3.46167,3.47646,3.43276,3.46167,3.46167,323552
1978-10-05,3.46167,3.50576,3.46167,3.48376,3.48376,398975
1978-10-06,3.48376,3.49116,3.45437,3.49116,3.49116,429582
1978-10-09,3.49116,3.55686,3.48376,3.54966,3.54966,420838
1978-10-10,3.54966,3.63755,3.52785,3.59365,3.59365,800140
1978-10-11,3.59365,3.71785,3.56426,3.70345,3.70345,957540
1978-10-12,3.70345,3.70345,3.62296,3.62296,3.62296,814348
1978-10-13,3.62296,3.63755,3.60076,3.62296,3.62296,337760
1978-10-16,3.60816,3.60816,3.52036,3.52785,3.52785,809973
1978-10-17,3.52785,3.54216,3.49826,3.49826,3.49826,565128
1978-10-18,3.49826,3.53486,3.49116,3.49116,3.49116,1297490
1978-10-19,3.49116,3.50576,3.46917,3.48376,3.48376,345418
1978-10-20,3.45437,3.45437,3.40327,3.41027,3.41027,959728
1978-10-23,3.41027,3.44716,3.36666,3.41777,3.41777,841677
1978-10-24,3.41777,3.44716,3.40327,3.40327,3.40327,460192
1978-10-25,3.40327,3.41027,3.33747,3.37386,3.37386,908350
1978-10-26,3.37386,3.38867,3.30058,3.30058,3.30058,582616
1978-10-27,3.30058,3.35217,3.22747,3.22747,3.22747,561846
1978-10-30,3.22747,3.38127,3.19127,3.35907,3.35907,968475
1978-10-31,3.35907,3.43276,3.32997,3.33747,3.33747,1223161
1978-11-01,3.44716,3.55686,3.44716,3.55686,3.55686,1108393
1978-11-02,3.55686,3.60076,3.52036,3.54966,3.54966,1192555
1978-11-03,3.54966,3.56426,3.48376,3.52785,3.52785,745481
1978-11-06,3.51267,3.51267,3.38867,3.38867,3.38867,373834
1978-11-07,3.36666,3.36666,3.30058,3.35907,3.35907,544354
1978-11-08,3.35907,3.38127,3.32997,3.38127,3.38127,396792
1978-11-09,3.38127,3.42516,3.38127,3.39577,3.39577,591357
1978-11-10,3.39577,3.42516,3.38867,3.41777,3.41777,369467
1978-11-13,3.41777,3.41777,3.37386,3.37386,3.37386,320272
1978-11-14,3.37386,3.38867,3.35217,3.37386,3.37386,618689
1978-11-15,3.37386,3.43276,3.35217,3.35217,3.35217,815438
1978-11-16,3.35217,3.40327,3.35217,3.38867,3.38867,675527
1978-11-17,3.38867,3.39577,3.35217,3.36666,3.36666,488610
1978-11-20,3.36666,3.42516,3.35907,3.41777,3.41777,382583
1978-11-21,3.41777,3.43276,3.38127,3.41027,3.41027,365089
1978-11-22,3.41027,3.41777,3.39577,3.40327,3.40327,245942
1978-11-24,3.40327,3.41027,3.38867,3.41027,3.41027,607756
1978-11-27,3.41027,3.43976,3.39577,3.41777,3.41777,820907
1978-11-28,3.41777,3.43976,3.41027,3.41027,3.41027,1052640
1978-11-29,3.39577,3.39577,3.35907,3.37386,3.37386,497357
1978-11-30,3.37386,3.41027,3.31547,3.41027,3.41027,688645
1978-12-01,3.46167,3.50576,3.46167,3.48376,3.48376,676617
1978-12-04,3.48376,3.49116,3.45437,3.49116,3.49116,623060
1978-12-05,3.49116,3.52036,3.47646,3.51267,3.51267,503914
1978-12-06,3.51267,3.60816,3.51267,3.51267,3.51267,1649470
1978-12-07,3.51267,3.53486,3.46917,3.46917,3.46917,508285
1978-12-08,3.46167,3.46167,3.41027,3.41777,3.41777,597916
1978-12-11,3.41777,3.46167,3.39577,3.43976,3.43976,531236
1978-12-12,3.43976,3.44716,3.39577,3.41027,3.41027,424116
1978-12-13,3.41027,3.41777,3.38127,3.41027,3.41027,586987
1978-12-14,3.41027,3.41777,3.38867,3.41777,3.41777,217523
1978-12-15,3.41777,3.41777,3.38867,3.38867,3.38867,494077
1978-12-18,3.34467,3.34467,3.27887,3.31547,3.31547,365089
1978-12-19,3.31547,3.36666,3.30058,3.36666,3.36666,474403
1978-12-20,3.35907,3.35907,3.31547,3.35217,3.35217,613221
1978-12-21,3.38127,3.43976,3.38127,3.39577,3.39577,605569
1978-12-22,3.41777,3.49826,3.41777,3.49826,3.49826,771720
1978-12-26,3.49826,3.54966,3.49826,3.54966,3.54966,257971
1978-12-27,3.54216,3.54216,3.50576,3.51267,3.51267,216429
1978-12-28,3.51267,3.54216,3.50576,3.50576,3.50576,355253
1978-12-29,3.52036,3.54966,3.52036,3.54216,3.54216,295135
1979-01-02,3.54216,3.54966,3.47646,3.53486,3.53486,531236
1979-01-03,3.54216,3.61516,3.54216,3.60816,3.60816,453633
1979-01-04,3.60816,3.69586,3.60076,3.63755,3.63755,779367
1979-01-05,3.63755,3.65935,3.62296,3.62296,3.62296,1294215
1979-01-08,3.62296,3.65195,3.61516,3.64475,3.64475,646013
1979-01-09,3.64475,3.67425,3.63755,3.65935,3.65935,861349
1979-01-10,3.65195,3.65195,3.60076,3.62296,3.62296,539984
1979-01-11,3.62296,3.62296,3.58625,3.62296,3.62296,605569
1979-01-12,3.65935,3.71055,3.65935,3.68156,3.68156,673339
1979-01-15,3.68156,3.71055,3.68156,3.70345,3.70345,437235
1979-01-16,3.68876,3.68876,3.64475,3.64475,3.64475,1102926
1979-01-17,3.64475,3.67425,3.60076,3.66676,3.66676,635084
1979-01-18,3.66676,3.68156,3.65195,3.67425,3.67425,392418
1979-01-19,3.67425,3.69586,3.65195,3.67425,3.67425,691921
1979-01-22,3.65935,3.65935,3.60816,3.64475,3.64475,835111
1979-01-23,3.64475,3.71785,3.63755,3.71785,3.71785,1081060
1979-01-24,3.71785,3.73996,3.71055,3.71785,3.71785,735646
1979-01-25,3.71785,3.74716,3.71055,3.73996,3.73996,670062
1979-01-26,3.73996,3.79135,3.73996,3.76915,3.76915,919287
1979-01-29,3.76915,3.76915,3.73996,3.75446,3.75446,412091
1979-01-30,3.75446,3.76175,3.71055,3.72555,3.72555,335577
1979-01-31,3.72555,3.73996,3.65935,3.66676,3.66676,405536
1979-02-01,3.65195,3.65195,3.63755,3.65195,3.65195,307155
1979-02-02,3.65195,3.65935,3.62296,3.64475,3.64475,389138
1979-02-05,3.61516,3.61516,3.59365,3.59365,3.59365,500634
1979-02-06,3.59365,3.60816,3.59365,3.60816,3.60816,318088
1979-02-07,3.60076,3.60076,3.52785,3.54966,3.54966,1164139
1979-02-08,3.54966,3.55686,3.53486,3.54216,3.54216,756415
1979-02-09,3.54216,3.57906,3.53486,3.53486,3.53486,664599
1979-02-12,3.53486,3.58625,3.53486,3.58625,3.58625,292950
1979-02-13,3.58625,3.62296,3.58625,3.58625,3.58625,646013
1979-02-14,3.58625,3.61516,3.58625,3.60076,3.60076,507189
1979-02-15,3.59365,3.59365,3.57906,3.59365,3.59365,633990
1979-02-16,3.59365,3.59365,3.57906,3.57906,3.57906,366183
1979-02-20,3.58625,3.62296,3.58625,3.62296,3.62296,505003
1979-02-21,3.62296,3.63755,3.60076,3.60816,3.60816,650383
1979-02-22,3.60816,3.63006,3.57906,3.57906,3.57906,624151
1979-02-23,3.58625,3.60816,3.58625,3.60076,3.60076,511563
1979-02-26,3.60076,3.61516,3.54966,3.56426,3.56426,1101829
1979-02-27,3.56426,3.57906,3.48376,3.50576,3.50576,843863
1979-02-28,3.49116,3.49116,3.45437,3.48376,3.48376,793580
1979-03-01,3.48376,3.49826,3.46917,3.49826,3.49826,217523
1979-03-02,3.49826,3.49826,3.48376,3.49116,3.49116,145378
1979-03-05,3.51267,3.59365,3.51267,3.56426,3.56426,523586
1979-03-06,3.56426,3.56426,3.48376,3.51267,3.51267,356343
1979-03-07,3.51267,3.56426,3.50576,3.54216,3.54216,284200
1979-03-08,3.54216,3.61516,3.53486,3.61516,3.61516,935678
1979-03-09,3.61516,3.64475,3.60816,3.62296,3.62296,294042
1979-03-12,3.62296,3.62296,3.56426,3.60816,3.60816,440515
1979-03-13,3.60816,3.63755,3.58625,3.60076,3.60076,427395
1979-03-14,3.60076,3.60076,3.56426,3.58625,3.58625,284200
1979-03-15,3.58625,3.60816,3.55686,3.59365,3.59365,194568
1979-03-16,3.59365,3.63006,3.58625,3.62296,3.62296,549826
1979-03-19,3.62296,3.64475,3.59365,3.60816,3.60816,413188
1979-03-20,3.60816,3.61516,3.56426,3.58625,3.58625,502819
1979-03-21,3.58625,3.60816,3.57906,3.60816,3.60816,675527
1979-03-22,3.60816,3.63755,3.59365,3.62296,3.62296,453633
1979-03-23,3.62296,3.65935,3.60816,3.64475,3.64475,497357
1979-03-26,3.64475,3.68156,3.62296,3.65935,3.65935,533423
1979-03-27,3.65935,3.72555,3.65935,3.72555,3.72555,358532
1979-03-28,3.71785,3.71785,3.67425,3.67425,3.67425,1875733
1979-03-29,3.67425,3.67425,3.57906,3.60076,3.60076,784837
1979-03-30,3.60076,3.60076,3.57906,3.58625,3.58625,369467
1979-04-02,3.56426,3.56426,3.52036,3.53486,3.53486,628524
1979-04-03,3.53486,3.57906,3.51267,3.55686,3.55686,599012
1979-04-04,3.55686,3.60076,3.50576,3.52785,3.52785,994707
1979-04-05,3.52785,3.53486,3.51267,3.52785,3.52785,1344495
1979-04-06,3.52785,3.54966,3.52785,3.54216,3.54216,797953
1979-04-09,3.54216,3.54216,3.49826,3.50576,3.50576,423021
1979-04-10,3.50576,3.54216,3.49116,3.52785,3.52785,1034057
1979-04-11,3.52785,3.54216,3.49116,3.50576,3.50576,785931
1979-04-12,3.49116,3.49116,3.41027,3.41027,3.41027,1133528
1979-04-16,3.41027,3.44716,3.38867,3.43976,3.43976,748761
1979-04-17,3.43976,3.44716,3.41027,3.41777,3.41777,1130246
1979-04-18,3.41777,3.42516,3.41027,3.41777,3.41777,734552
1979-04-19,3.41777,3.44716,3.41027,3.41777,3.41777,882119
1979-04-20,3.41777,3.43276,3.41027,3.42516,3.42516,1006733
1979-04-23,3.42516,3.42516,3.41027,3.42516,3.42516,413188
1979-04-24,3.42516,3.43276,3.41777,3.41777,3.41777,1356516
1979-04-25,3.41777,3.43276,3.41027,3.43276,3.43276,639454
1979-04-26,3.43276,3.43276,3.39577,3.39577,3.39577,1039525
1979-04-27,3.38127,3.38127,3.30808,3.31547,3.31547,894148
1979-04-30,3.31547,3.33747,3.28617,3.31547,3.31547,623060
1979-05-01,3.31547,3.35217,3.31547,3.34467,3.34467,547636
1979-05-02,3.34467,3.34467,3.30808,3.32997,3.32997,413188
1979-05-03,3.32997,3.34467,3.30808,3.31547,3.31547,430678
1979-05-04,3.30808,3.30808,3.28617,3.29367,3.29367,862443
1979-05-07,3.25707,3.25707,3.20587,3.21287,3.21287,882119
1979-05-08,3.21287,3.27107,3.19818,3.26437,3.26437,787020
1979-05-09,3.26437,3.28617,3.23487,3.26437,3.26437,920376
1979-05-10,3.26437,3.27887,3.24228,3.24228,3.24228,1260328
1979-05-11,3.24228,3.28617,3.24228,3.27887,3.27887,945516
1979-05-14,3.27107,3.27107,3.24228,3.24228,3.24228,1055920
1979-05-15,3.24228,3.27887,3.23487,3.25707,3.25707,849327
1979-05-16,3.25707,3.29367,3.25707,3.27107,3.27107,539984
1979-05-17,3.28617,3.38127,3.28617,3.38127,3.38127,1180532
1979-05-18,3.38127,3.38127,3.35907,3.36666,3.36666,455810
1979-05-21,3.36666,3.39577,3.35907,3.39577,3.39577,510474
1979-05-22,3.39577,3.42516,3.37386,3.42516,3.42516,371647
1979-05-23,3.42516,3.45437,3.41777,3.41777,3.41777,533423
1979-05-24,3.41777,3.41777,3.38127,3.40327,3.40327,1218791
1979-05-25,3.40327,3.40327,3.38127,3.38867,3.38867,862443
1979-05-29,3.38867,3.39577,3.36666,3.37386,3.37386,758602
1979-05-30,3.37386,3.38127,3.29367,3.30058,3.30058,1171791
1979-05-31,3.30058,3.34467,3.28617,3.33747,3.33747,483144
1979-06-01,3.33747,3.33747,3.30808,3.33747,3.33747,400067
1979-06-04,3.33747,3.36666,3.31547,3.35907,3.35907,376017
1979-06-05,3.35907,3.37386,3.34467,3.35217,3.35217,715972
1979-06-06,3.35217,3.38127,3.32997,3.34467,3.34467,852605
1979-06-07,3.34467,3.37386,3.33747,3.36666,3.36666,748761
1979-06-08,3.36666,3.37386,3.31547,3.31547,3.31547,807789
1979-06-11,3.31547,3.34467,3.30808,3.31547,3.31547,935678
1979-06-12,3.32997,3.37386,3.32997,3.36666,3.36666,3124036
1979-06-13,3.36666,3.37386,3.31547,3.33747,3.33747,1374006
1979-06-14,3.33747,3.35907,3.27887,3.30808,3.30808,1365264
1979-06-15,3.30808,3.31547,3.27887,3.28617,3.28617,1089804
1979-06-18,3.28617,3.28617,3.21287,3.22747,3.22747,768441
1979-06-19,3.22747,3.24228,3.20587,3.23487,3.23487,718156
1979-06-20,3.23487,3.24228,3.22027,3.22747,3.22747,1469110
1979-06-21,3.22747,3.25707,3.22027,3.24948,3.24948,1729257
1979-06-22,3.24948,3.26437,3.24948,3.25707,3.25707,1628695
1979-06-25,3.25707,3.26437,3.23487,3.24948,3.24948,703946
1979-06-26,3.24948,3.28617,3.23487,3.24228,3.24228,2927285
1979-06-27,3.24228,3.27887,3.22747,3.25707,3.25707,1008916
1979-06-28,3.26437,3.30808,3.26437,3.30058,3.30058,2280171
1979-06-29,3.30058,3.34467,3.30058,3.32997,3.32997,705041
1979-07-02,3.30808,3.30808,3.29367,3.29367,3.29367,594640
1979-07-03,3.29367,3.29367,3.27887,3.29367,3.29367,961919
1979-07-05,3.29367,3.29367,3.26437,3.28617,3.28617,302782
1979-07-06,3.28617,3.32997,3.28617,3.31547,3.31547,538895
1979-07-09,3.31547,3.36666,3.31547,3.36666,3.36666,630709
1979-07-10,3.36666,3.38867,3.36666,3.36666,3.36666,1766422
1979-07-11,3.30058,3.30058,3.26437,3.26437,3.26437,2738174
1979-07-12,3.26437,3.26437,3.23487,3.23487,3.23487,1078880
1979-07-13,3.24228,3.26437,3.24228,3.25707,3.25707,1463643
1979-07-16,3.25707,3.27887,3.22747,3.25707,3.25707,1511740
1979-07-17,3.24948,3.24948,3.22027,3.22747,3.22747,1377288
1979-07-18,3.22747,3.25707,3.19818,3.25707,3.25707,1170694
1979-07-19,3.26437,3.28617,3.26437,3.26437,3.26437,507189
1979-07-20,3.26437,3.31547,3.26437,3.29367,3.29367,556382
1979-07-23,3.29367,3.32997,3.27887,3.32997,3.32997,757509
1979-07-24,3.32997,3.35217,3.30058,3.31547,3.31547,322462
1979-07-25,3.31547,3.33747,3.30808,3.31547,3.31547,546543
1979-07-26,3.31547,3.33747,3.30808,3.31547,3.31547,971756
1979-07-27,3.31547,3.32997,3.30058,3.32997,3.32997,521404
1979-07-30,3.32997,3.33747,3.29367,3.32997,3.32997,301694
1979-07-31,3.32997,3.35217,3.32997,3.35217,3.35217,648201
1979-08-01,3.35217,3.37386,3.35217,3.36666,3.36666,738929
1979-08-02,3.38127,3.41027,3.38127,3.41027,3.41027,513748
1979-08-03,3.41027,3.43276,3.40327,3.42516,3.42516,483144
1979-08-06,3.42516,3.46917,3.41777,3.45437,3.45437,620871
1979-08-07,3.46917,3.51267,3.46917,3.51267,3.51267,1171791
1979-08-08,3.51267,3.53486,3.50576,3.52785,3.52785,792485
1979-08-09,3.52785,3.52785,3.49826,3.50576,3.50576,1124784
1979-08-10,3.50576,3.57906,3.49116,3.56426,3.56426,530150
1979-08-13,3.56426,3.59365,3.56426,3.59365,3.59365,602292
1979-08-14,3.59365,3.59365,3.56426,3.58625,3.58625,809973
1979-08-15,3.58625,3.58625,3.50576,3.56426,3.56426,1196927
1979-08-16,3.56426,3.59365,3.51267,3.54966,3.54966,1321540
1979-08-17,3.52036,3.52036,3.48376,3.49116,3.49116,678805
1979-08-20,3.49116,3.49826,3.46917,3.49116,3.49116,488610
1979-08-21,3.49116,3.51267,3.47646,3.49116,3.49116,652575
1979-08-22,3.49116,3.49116,3.46917,3.48376,3.48376,442698
1979-08-23,3.47646,3.47646,3.45437,3.46167,3.46167,666779
1979-08-24,3.45437,3.45437,3.38867,3.39577,3.39577,560754
1979-08-27,3.39577,3.40327,3.36666,3.39577,3.39577,1331378
1979-08-28,3.39577,3.41777,3.38867,3.40327,3.40327,972841
1979-08-29,3.40327,3.41777,3.40327,3.40327,3.40327,1028589
1979-08-30,3.40327,3.43276,3.40327,3.43276,3.43276,709411
1979-08-31,3.43276,3.43976,3.42516,3.43276,3.43276,1216606
1979-09-04,3.43276,3.43276,3.39577,3.39577,3.39577,1290933
1979-09-05,3.38127,3.38127,3.36666,3.38127,3.38127,918188
1979-09-06,3.38127,3.39577,3.37386,3.38867,3.38867,760791
1979-09-07,3.38867,3.38867,3.33747,3.38127,3.38127,694112
1979-09-10,3.38867,3.41777,3.38867,3.39577,3.39577,661319
1979-09-11,3.39577,3.43276,3.37386,3.38127,3.38127,708322
1979-09-12,3.38127,3.46167,3.37386,3.38127,3.38127,994707
1979-09-13,3.38127,3.39577,3.33747,3.33747,3.33747,800140
1979-09-14,3.33747,3.38867,3.33747,3.38127,3.38127,444887
1979-09-17,3.38127,3.39577,3.34467,3.34467,3.34467,758602
1979-09-18,3.34467,3.35217,3.31547,3.31547,3.31547,1422103
1979-09-19,3.31547,3.32997,3.27887,3.31547,3.31547,1023127
1979-09-20,3.31547,3.35907,3.28617,3.35907,3.35907,706129
1979-09-21,3.35907,3.35907,3.33747,3.35907,3.35907,1567482
1979-09-24,3.35907,3.38127,3.35217,3.35907,3.35907,522493
1979-09-25,3.35907,3.37386,3.34467,3.37386,3.37386,703946
1979-09-26,3.37386,3.39577,3.36666,3.38127,3.38127,677714
1979-09-27,3.38127,3.38867,3.36666,3.38867,3.38867,251407
1979-09-28,3.38867,3.39577,3.35907,3.36666,3.36666,1510645
1979-10-01,3.33747,3.33747,3.27887,3.29367,3.29367,2002533
1979-10-02,3.29367,3.31547,3.27887,3.31547,3.31547,649296
1979-10-03,3.31547,3.32997,3.30058,3.30808,3.30808,1388217
1979-10-04,3.30808,3.32997,3.28617,3.29367,3.29367,1424289
1979-10-05,3.29367,3.33747,3.29367,3.30808,3.30808,980499
1979-10-08,3.30058,3.30058,3.27887,3.27887,3.27887,828561
1979-10-09,3.27107,3.27107,3.20587,3.20587,3.20587,1408986
1979-10-10,3.20587,3.21287,3.13228,3.16167,3.16167,1903060
1979-10-11,3.16167,3.21287,3.16167,3.17638,3.17638,1084340
1979-10-12,3.17638,3.20587,3.17638,3.18368,3.18368,1041714
1979-10-15,3.18368,3.18368,3.17638,3.17638,3.17638,407720
1979-10-16,3.17638,3.18368,3.13228,3.14007,3.14007,1358702
1979-10-17,3.14007,3.14659,3.11798,3.14659,3.14659,989240
1979-10-18,3.14659,3.15447,3.11038,3.11798,3.11798,734552
1979-10-19,3.11798,3.11798,3.09578,3.09578,3.09578,1607927
1979-10-22,3.09578,3.09578,2.97859,3.02989,3.02989,2216778
1979-10-23,3.02989,3.04468,3.00808,3.00808,3.00808,673339
1979-10-24,3.00808,3.02268,2.98598,2.98598,2.98598,1701934
1979-10-25,2.98598,3.00808,2.98598,2.98598,2.98598,659131
1979-10-26,3.00048,3.02989,3.00048,3.01509,3.01509,601195
1979-10-29,3.01509,3.03718,3.00048,3.00048,3.00048,944423
1979-10-30,3.00048,3.02268,2.99348,3.02268,3.02268,706129
1979-10-31,3.02268,3.02268,2.99348,3.00048,3.00048,943334
1979-11-01,3.01509,3.02989,3.01509,3.02268,3.02268,641637
1979-11-02,3.03718,3.05948,3.03718,3.05188,3.05188,566220
1979-11-05,3.05188,3.05188,3.02268,3.02268,3.02268,560754
1979-11-06,3.02268,3.02268,3.00808,3.00808,3.00808,508285
1979-11-07,3.00048,3.00048,2.96419,2.96419,2.96419,884305
1979-11-08,2.96419,3.04468,2.96419,3.02268,3.02268,776090
1979-11-09,3.03718,3.06678,3.03718,3.05188,3.05188,1152113
1979-11-12,3.05948,3.12518,3.05948,3.12518,3.12518,283107
1979-11-13,3.12518,3.13228,3.10308,3.11038,3.11038,812160
1979-11-14,3.11038,3.11798,3.08128,3.11798,3.11798,707224
1979-11-15,3.11798,3.12518,3.11798,3.12518,3.12518,1774076
1979-11-16,3.12518,3.12518,3.11038,3.11038,3.11038,1416636
1979-11-19,3.11038,3.13228,3.10308,3.10308,3.10308,466744
1979-11-20,3.11798,3.16167,3.11798,3.13228,3.13228,631801
1979-11-21,3.13228,3.14659,3.11038,3.14659,3.14659,1213324
1979-11-23,3.14659,3.16908,3.14659,3.16908,3.16908,421930
1979-11-26,3.18368,3.27887,3.18368,3.25707,3.25707,856980
1979-11-27,3.25707,3.27887,3.24228,3.27107,3.27107,1751122
1979-11-28,3.27107,3.28617,3.24948,3.27107,3.27107,832931
1979-11-29,3.27107,3.32997,3.26437,3.30058,3.30058,652575
1979-11-30,3.30058,3.30808,3.24228,3.25707,3.25707,950980
1979-12-03,3.25707,3.26437,3.22747,3.23487,3.23487,1185997
1979-12-04,3.23487,3.25707,3.21287,3.22027,3.22027,648201
1979-12-05,3.22027,3.24948,3.22027,3.22027,3.22027,959728
1979-12-06,3.22027,3.24228,3.19818,3.24228,3.24228,779367
1979-12-07,3.24228,3.28617,3.23487,3.24228,3.24228,761883
1979-12-10,3.24228,3.27887,3.24228,3.27887,3.27887,686454
1979-12-11,3.27887,3.29367,3.27107,3.28617,3.28617,1145553
1979-12-12,3.27887,3.27887,3.24948,3.25707,3.25707,450354
1979-12-13,3.25707,3.26437,3.24948,3.26437,3.26437,1470200
1979-12-14,3.26437,3.28617,3.25707,3.28617,3.28617,888678
1979-12-17,3.28617,3.30058,3.27887,3.29367,3.29367,527960
1979-12-18,3.29367,3.30808,3.27887,3.29367,3.29367,1301869
1979-12-19,3.28617,3.28617,3.24948,3.25707,3.25707,1128060
1979-12-20,3.25707,3.26437,3.24228,3.24948,3.24948,1199114
1979-12-21,3.24948,3.26437,3.19818,3.19818,3.19818,626337
1979-12-24,3.20587,3.24228,3.20587,3.24228,3.24228,464559
1979-12-26,3.24948,3.26437,3.24948,3.25707,3.25707,447068
1979-12-27,3.25707,3.27887,3.25707,3.27887,3.27887,1076689
1979-12-28,3.27887,3.27887,3.26437,3.27107,3.27107,337760
1979-12-31,3.27107,3.27887,3.24228,3.25707,3.25707,243760
1980-01-02,3.24948,3.24948,3.19818,3.21287,3.21287,1615580
1980-01-03,3.20587,3.20587,3.17638,3.18368,3.18368,777191
1980-01-04,3.18368,3.22747,3.18368,3.22747,3.22747,740018
1980-01-07,3.22747,3.22747,3.20587,3.21287,3.21287,648201
1980-01-08,3.21287,3.24228,3.19818,3.24228,3.24228,383671
1980-01-09,3.28617,3.33747,3.28617,3.33747,3.33747,1177253
1980-01-10,3.33747,3.33747,3.30058,3.30808,3.30808,2722877
1980-01-11,3.30808,3.32997,3.27107,3.27107,3.27107,1437401
1980-01-14,3.28617,3.30808,3.28617,3.30058,3.30058,809973
1980-01-15,3.30058,3.30058,3.27107,3.30058,3.30058,500634
1980-01-16,3.30808,3.38867,3.30808,3.35217,3.35217,1727075
1980-01-17,3.35217,3.35217,3.32997,3.33747,3.33747,591357
1980-01-18,3.33747,3.33747,3.22747,3.27887,3.27887,2782995
1980-01-21,3.27887,3.35217,3.25707,3.30058,3.30058,981590
1980-01-22,3.30058,3.33747,3.27887,3.30058,3.30058,1582788
1980-01-23,3.30058,3.34467,3.27107,3.34467,3.34467,1089804
1980-01-24,3.37386,3.43976,3.37386,3.41777,3.41777,1506270
1980-01-25,3.41777,3.44716,3.40327,3.43976,3.43976,1665860
1980-01-28,3.43976,3.44716,3.41777,3.43976,3.43976,696296
1980-01-29,3.43976,3.46167,3.41777,3.42516,3.42516,1298584
1980-01-30,3.42516,3.46167,3.42516,3.45437,3.45437,1102926
1980-01-31,3.45437,3.51267,3.42516,3.42516,3.42516,1336845
1980-02-01,3.42516,3.43276,3.41027,3.41777,3.41777,911632
1980-02-04,3.41777,3.43276,3.41027,3.41027,3.41027,756415
1980-02-05,3.41027,3.41027,3.37386,3.38127,3.38127,1101829
1980-02-06,3.37386,3.37386,3.30058,3.30058,3.30058,1344495
1980-02-07,3.30058,3.30808,3.27107,3.28617,3.28617,1517201
1980-02-08,3.28617,3.33747,3.27107,3.32997,3.32997,981590
1980-02-11,3.32997,3.34467,3.28617,3.30808,3.30808,2183983
1980-02-12,3.30808,3.35217,3.30058,3.34467,3.34467,889773
1980-02-13,3.38127,3.46167,3.38127,3.43976,3.43976,1594812
1980-02-14,3.43976,3.46167,3.41027,3.42516,3.42516,1055920
1980-02-15,3.42516,3.42516,3.40327,3.41027,3.41027,1134623
1980-02-19,3.40327,3.40327,3.35907,3.36666,3.36666,750949
1980-02-20,3.36666,3.38127,3.34467,3.36666,3.36666,625244
1980-02-21,3.36666,3.42516,3.28617,3.28617,3.28617,1146645
1980-02-22,3.28617,3.29367,3.24228,3.28617,3.28617,976126
1980-02-25,3.27887,3.27887,3.24948,3.26437,3.26437,568403
1980-02-26,3.26437,3.27107,3.24228,3.25707,3.25707,1157574
1980-02-27,3.25707,3.25707,3.14007,3.14007,3.14007,1564204
1980-02-28,3.14007,3.17638,3.14007,3.16908,3.16908,512653
1980-02-29,3.16908,3.21287,3.16167,3.21287,3.21287,571682
1980-03-03,3.21287,3.21287,3.11038,3.11038,3.11038,2681335
1980-03-04,3.11038,3.11798,3.05948,3.08128,3.08128,1122597
1980-03-05,3.08128,3.08128,3.00808,3.00808,3.00808,1638533
1980-03-06,3.00808,3.03718,2.98598,3.02268,3.02268,1596994
1980-03-07,3.00808,3.00808,2.95659,2.96419,2.96419,3771140
1980-03-10,2.96419,3.00048,2.94218,2.95659,2.95659,1898690
1980-03-11,2.95659,2.99348,2.95659,2.99348,2.99348,1674607
1980-03-12,2.99348,2.99348,2.95659,2.97859,2.97859,802322
1980-03-13,2.97859,2.97859,2.96419,2.97149,2.97149,803417
1980-03-14,2.97149,2.97149,2.93488,2.95659,2.95659,830742
1980-03-17,2.92738,2.92738,2.8102,2.83989,2.83989,702855
1980-03-18,2.83989,2.86898,2.8102,2.86898,2.86898,2001441
1980-03-19,2.86898,2.91318,2.82509,2.82509,2.82509,1555463
1980-03-20,2.82509,2.84709,2.7446,2.7446,2.7446,1179442
1980-03-21,2.7446,2.75939,2.70099,2.70099,2.70099,815438
1980-03-24,2.70099,2.71539,2.6277,2.64209,2.64209,1354334
1980-03-25,2.64209,2.72269,2.6347,2.72269,2.72269,1145553
1980-03-26,2.72979,2.79579,2.72979,2.75939,2.75939,1078880
1980-03-27,2.7516,2.7516,2.70099,2.72979,2.72979,1117133
1980-03-28,2.75939,2.91318,2.75939,2.87609,2.87609,1253767
1980-03-31,2.87609,2.89809,2.83989,2.87609,2.87609,494077
1980-04-01,2.87609,2.89809,2.85429,2.87609,2.87609,582616
1980-04-02,2.87609,2.90539,2.87609,2.89809,2.89809,1071224
1980-04-03,2.89089,2.89089,2.8102,2.81798,2.81798,1220974
1980-04-07,2.81798,2.81798,2.77379,2.78829,2.78829,589172
1980-04-08,2.78829,2.8102,2.78119,2.80309,2.80309,771720
1980-04-09,2.8102,2.93488,2.8102,2.91318,2.91318,874470
1980-04-10,2.91318,2.92028,2.86898,2.86898,2.86898,1107295
1980-04-11,2.86898,2.88339,2.83989,2.86159,2.86159,546543
1980-04-14,2.84709,2.84709,2.8102,2.8102,2.8102,768441
1980-04-15,2.80309,2.80309,2.71539,2.7446,2.7446,875565
1980-04-16,2.7446,2.78119,2.6862,2.6862,2.6862,1261416
1980-04-17,2.6862,2.70099,2.64919,2.70099,2.70099,943334
1980-04-18,2.70099,2.70099,2.6639,2.6862,2.6862,490798
1980-04-21,2.6862,2.70099,2.6639,2.6788,2.6788,472210
1980-04-22,2.6932,2.76669,2.6932,2.75939,2.75939,1865900
1980-04-23,2.75939,2.78829,2.7371,2.78119,2.78119,736740
1980-04-24,2.78119,2.88339,2.78119,2.86159,2.86159,506097
1980-04-25,2.86159,2.89809,2.83989,2.89809,2.89809,410998
1980-04-28,2.89809,2.92028,2.87609,2.89809,2.89809,452535
1980-04-29,2.89809,2.92028,2.89809,2.89809,2.89809,722528
1980-04-30,2.89089,2.89089,2.8102,2.83989,2.83989,1001267
1980-05-01,2.81798,2.81798,2.75939,2.76669,2.76669,1313885
1980-05-02,2.7516,2.7516,2.70769,2.70769,2.70769,1343404
1980-05-05,2.70769,2.7371,2.70769,2.72269,2.72269,1120412
1980-05-06,2.72269,2.76669,2.71539,2.7516,2.7516,2813600
1980-05-07,2.76669,2.82509,2.76669,2.80309,2.80309,793580
1980-05-08,2.80309,2.83989,2.80309,2.82509,2.82509,1189276
1980-05-09,2.8102,2.8102,2.65679,2.6862,2.6862,2668220
1980-05-12,2.6862,2.70769,2.64209,2.6932,2.6932,2131514
1980-05-13,2.6932,2.80309,2.6862,2.80309,2.80309,1224252
1980-05-14,2.82509,2.86159,2.82509,2.85429,2.85429,1541251
1980-05-15,2.84709,2.84709,2.82509,2.83989,2.83989,1126975
1980-05-16,2.83989,2.84709,2.82509,2.84709,2.84709,771720
1980-05-19,2.84709,2.86898,2.8102,2.85429,2.85429,687552
1980-05-20,2.85429,2.87609,2.83989,2.83989,2.83989,1031873
1980-05-21,2.83989,2.83989,2.81798,2.83989,2.83989,606663
1980-05-22,2.83989,2.86898,2.81798,2.86898,2.86898,643826
1980-05-23,2.89809,2.99348,2.89809,2.95659,2.95659,1602464
1980-05-27,2.96419,3.03718,2.96419,3.01509,3.01509,876656
1980-05-28,3.01509,3.05188,2.99348,3.03718,3.03718,911632
1980-05-29,3.02989,3.02989,2.94958,2.94958,2.94958,997987
1980-05-30,2.94958,2.98598,2.92028,2.97859,2.97859,882119
1980-06-02,2.96419,2.96419,2.90539,2.90539,2.90539,442698
1980-06-03,2.89809,2.89809,2.87609,2.88339,2.88339,673339
1980-06-04,2.88339,2.92738,2.84709,2.92738,2.92738,1074501
1980-06-05,2.94218,3.03718,2.94218,3.02268,3.02268,3674947
1980-06-06,3.02268,3.04468,3.00808,3.04468,3.04468,1606831
1980-06-09,3.04468,3.06678,3.00048,3.00808,3.00808,499540
1980-06-10,3.00808,3.04468,2.99348,3.00048,3.00048,1366354
1980-06-11,3.00808,3.03718,3.00808,3.03718,3.03718,542169
1980-06-12,3.03718,3.03718,3.00048,3.03718,3.03718,1441782
1980-06-13,3.03718,3.04468,3.00808,3.02989,3.02989,1084340
1980-06-16,3.02989,3.02989,3.01509,3.01509,3.01509,795763
1980-06-17,3.01509,3.05188,3.01509,3.05188,3.05188,1017661
1980-06-18,3.05188,3.09578,3.03718,3.09578,3.09578,447068
1980-06-19,3.08128,3.08128,3.00808,3.01509,3.01509,808885
1980-06-20,3.00808,3.00808,2.98598,2.99348,2.99348,888678
1980-06-23,2.99348,3.03718,2.98598,3.00048,3.00048,794676
1980-06-24,3.00048,3.03718,3.00048,3.03718,3.03718,1214418
1980-06-25,3.03718,3.16908,3.02989,3.15447,3.15447,1604650
1980-06-26,3.16167,3.25707,3.16167,3.21287,3.21287,1461453
1980-06-27,3.21287,3.24228,3.19818,3.22747,3.22747,390231
1980-06-30,3.22027,3.22027,3.18368,3.18368,3.18368,432861
1980-07-01,3.18368,3.20587,3.15447,3.19818,3.19818,684271
1980-07-02,3.19818,3.24228,3.19818,3.21287,3.21287,1382754
1980-07-03,3.21287,3.22027,3.18368,3.19127,3.19127,1343404
1980-07-07,3.19127,3.20587,3.18368,3.18368,3.18368,674434
1980-07-08,3.18368,3.22747,3.18368,3.19818,3.19818,1500805
1980-07-09,3.19818,3.27107,3.19818,3.24228,3.24228,1207859
1980-07-10,3.24228,3.25707,3.22747,3.22747,3.22747,759691
1980-07-11,3.22747,3.25707,3.21287,3.24948,3.24948,525776
1980-07-14,3.24948,3.30808,3.24948,3.29367,3.29367,1084340
1980-07-15,3.29367,3.31547,3.28617,3.30058,3.30058,1166326
1980-07-16,3.30058,3.30808,3.27887,3.30808,3.30808,909443
1980-07-17,3.30808,3.40327,3.30808,3.40327,3.40327,1191467
1980-07-18,3.43276,3.46167,3.43276,3.46167,3.46167,1548900
1980-07-21,3.46167,3.49826,3.45437,3.48376,3.48376,1638533
1980-07-22,3.48376,3.53486,3.47646,3.51267,3.51267,957540
1980-07-23,3.51267,3.52036,3.50576,3.51267,3.51267,626337
1980-07-24,3.49826,3.49826,3.42516,3.43276,3.43276,1094178
1980-07-25,3.41777,3.41777,3.38867,3.39577,3.39577,322462
1980-07-28,3.40327,3.43976,3.40327,3.43976,3.43976,782650
1980-07-29,3.44716,3.48376,3.44716,3.47646,3.47646,546543
1980-07-30,3.50576,3.54216,3.50576,3.50576,3.50576,490798
1980-07-31,3.50576,3.55686,3.49116,3.55686,3.55686,653661
1980-08-01,3.52785,3.52785,3.49116,3.49116,3.49116,1372918
1980-08-04,3.49116,3.51267,3.43976,3.51267,3.51267,443795
1980-08-05,3.51267,3.52785,3.49826,3.50576,3.50576,407720
1980-08-06,3.50576,3.50576,3.46917,3.47646,3.47646,864632
1980-08-07,3.47646,3.49116,3.46167,3.49116,3.49116,666779
1980-08-08,3.49116,3.50576,3.47646,3.48376,3.48376,639454
1980-08-11,3.48376,3.50576,3.48376,3.49116,3.49116,805601
1980-08-12,3.49116,3.50576,3.46167,3.46167,3.46167,806699
1980-08-13,3.46167,3.48376,3.44716,3.45437,3.45437,606663
1980-08-14,3.46167,3.52785,3.46167,3.52785,3.52785,633990
1980-08-15,3.52785,3.58625,3.51267,3.56426,3.56426,724716
1980-08-18,3.55686,3.55686,3.51267,3.52785,3.52785,489702
1980-08-19,3.49826,3.49826,3.47646,3.48376,3.48376,791393
1980-08-20,3.48376,3.49116,3.46917,3.46917,3.46917,664599
1980-08-21,3.46917,3.46917,3.38867,3.43276,3.43276,3727419
1980-08-22,3.43276,3.45437,3.40327,3.41777,3.41777,1461453
1980-08-25,3.40327,3.40327,3.35907,3.36666,3.36666,1105107
1980-08-26,3.36666,3.36666,3.27887,3.30808,3.30808,623060
1980-08-27,3.29367,3.29367,3.24228,3.26437,3.26437,2000350
1980-08-28,3.26437,3.26437,3.19818,3.19818,3.19818,884305
1980-08-29,3.19818,3.22747,3.18368,3.19818,3.19818,967383
1980-09-02,3.19818,3.20587,3.16908,3.19127,3.19127,1439593
1980-09-03,3.19818,3.23487,3.19818,3.23487,3.23487,1470200
1980-09-04,3.23487,3.27887,3.22027,3.23487,3.23487,1546717
1980-09-05,3.22747,3.22747,3.19127,3.19127,3.19127,601195
1980-09-08,3.19127,3.19818,3.16908,3.17638,3.17638,693013
1980-09-09,3.17638,3.22747,3.14659,3.22747,3.22747,1304052
1980-09-10,3.22027,3.22027,3.16167,3.18368,3.18368,928027
1980-09-11,3.18368,3.22027,3.18368,3.20587,3.20587,654761
1980-09-12,3.21287,3.24948,3.21287,3.23487,3.23487,534516
1980-09-15,3.23487,3.27107,3.21287,3.27107,3.27107,531236
1980-09-16,3.27107,3.37386,3.26437,3.33747,3.33747,1176160
1980-09-17,3.35907,3.39577,3.35907,3.38867,3.38867,654761
1980-09-18,3.38867,3.42516,3.38867,3.41777,3.41777,712693
1980-09-19,3.43276,3.48376,3.43276,3.48376,3.48376,1165228
1980-09-22,3.48376,3.51267,3.46917,3.49826,3.49826,771720
1980-09-23,3.49826,3.52785,3.44716,3.44716,3.44716,842768
1980-09-24,3.44716,3.47646,3.41777,3.42516,3.42516,1132435
1980-09-25,3.42516,3.43276,3.39577,3.40327,3.40327,2135889
1980-09-26,3.36666,3.36666,3.30808,3.35907,3.35907,1775168
1980-09-29,3.33747,3.33747,3.30058,3.32997,3.32997,456915
1980-09-30,3.32997,3.38127,3.31547,3.37386,3.37386,570588
1980-10-01,3.37386,3.41027,3.37386,3.41027,3.41027,772811
1980-10-02,3.41027,3.46917,3.40327,3.46917,3.46917,935678
1980-10-03,3.46917,3.49826,3.45437,3.49116,3.49116,620871
1980-10-06,3.49116,3.52036,3.43976,3.52036,3.52036,472210
1980-10-07,3.52036,3.54966,3.49826,3.53486,3.53486,818719
1980-10-08,3.53486,3.60076,3.50576,3.56426,3.56426,1341216
1980-10-09,3.56426,3.63755,3.51267,3.61516,3.61516,1534695
1980-10-10,3.61516,3.61516,3.57906,3.57906,3.57906,705041
1980-10-13,3.57906,3.60076,3.55686,3.60076,3.60076,635084
1980-10-14,3.57906,3.57906,3.52036,3.52036,3.52036,596825
1980-10-15,3.52036,3.54216,3.50576,3.52785,3.52785,1037335
1980-10-16,3.52785,3.56426,3.49116,3.49116,3.49116,794676
1980-10-17,3.49116,3.49116,3.42516,3.43976,3.43976,1046079
1980-10-20,3.43976,3.46917,3.41777,3.46917,3.46917,358532
1980-10-21,3.46917,3.46917,3.40327,3.43276,3.43276,1485501
1980-10-22,3.43276,3.43276,3.39577,3.40327,3.40327,1229717
1980-10-23,3.40327,3.40327,3.34467,3.37386,3.37386,828561
1980-10-24,3.37386,3.39577,3.34467,3.38127,3.38127,432861
1980-10-27,3.38127,3.40327,3.37386,3.38867,3.38867,492979
1980-10-28,3.38867,3.43276,3.38867,3.41777,3.41777,667871
1980-10-29,3.41777,3.48376,3.41777,3.46167,3.46167,558564
1980-10-30,3.44716,3.44716,3.40327,3.41777,3.41777,502819
1980-10-31,3.41777,3.45437,3.38867,3.44716,3.44716,490798
1980-11-03,3.44716,3.47646,3.42516,3.46167,3.46167,687552
1980-11-05,3.52036,3.60816,3.52036,3.52036,3.52036,1686629
1980-11-06,3.52036,3.52785,3.48376,3.49826,3.49826,1696467
1980-11-07,3.49826,3.52785,3.49826,3.49826,3.49826,1180532
1980-11-10,3.49826,3.52036,3.48376,3.49826,3.49826,687552
1980-11-11,3.49826,3.51267,3.49826,3.49826,3.49826,518123
1980-11-12,3.50576,3.54216,3.50576,3.50576,3.50576,529051
1980-11-13,3.52036,3.58625,3.52036,3.56426,3.56426,1049360
1980-11-14,3.59365,3.64475,3.59365,3.62296,3.62296,1040612
1980-11-17,3.62296,3.63755,3.58625,3.61516,3.61516,736740
1980-11-18,3.63755,3.69586,3.63755,3.67425,3.67425,1114947
1980-11-19,3.70345,3.73996,3.70345,3.71785,3.71785,1248303
1980-11-20,3.71785,3.82775,3.69586,3.82775,3.82775,1365264
1980-11-21,3.84225,3.86405,3.84225,3.86405,3.86405,824187
1980-11-24,3.84225,3.84225,3.79845,3.82775,3.82775,978312
1980-11-25,3.82775,3.84225,3.77655,3.77655,3.77655,834025
1980-11-26,3.77655,3.79135,3.75446,3.78375,3.78375,887587
1980-11-28,3.78375,3.79845,3.74716,3.78375,3.78375,581520
1980-12-01,3.78375,3.78375,3.73996,3.74716,3.74716,611031
1980-12-02,3.73275,3.73275,3.69586,3.71055,3.71055,1312794
1980-12-03,3.71055,3.73996,3.71055,3.71055,3.71055,1072318
1980-12-04,3.71055,3.73275,3.68876,3.71055,3.71055,1176160
1980-12-05,3.71055,3.75446,3.69586,3.70345,3.70345,1159759
1980-12-08,3.65935,3.65935,3.62296,3.62296,3.62296,1676790
1980-12-09,3.62296,3.62296,3.55686,3.57906,3.57906,1537967
1980-12-10,3.57906,3.58625,3.50576,3.51267,3.51267,468934
1980-12-11,3.49116,3.49116,3.41027,3.43276,3.43276,1391500
1980-12-12,3.44716,3.54966,3.44716,3.54216,3.54216,891957
1980-12-15,3.54216,3.56426,3.54216,3.55686,3.55686,953172
1980-12-16,3.54966,3.54966,3.53486,3.53486,3.53486,670062
1980-12-17,3.53486,3.55686,3.52785,3.52785,3.52785,963010
1980-12-18,3.52785,3.54966,3.49116,3.51267,3.51267,859167
1980-12-19,3.51267,3.51267,3.43976,3.46167,3.46167,571682
1980-12-22,3.46167,3.48376,3.40327,3.47646,3.47646,797953
1980-12-23,3.47646,3.52036,3.46917,3.46917,3.46917,991427
1980-12-24,3.46917,3.48376,3.38127,3.38867,3.38867,1219884
1980-12-26,3.38867,3.43976,3.38867,3.43976,3.43976,186917
1980-12-29,3.43976,3.45437,3.42516,3.44716,3.44716,644918
1980-12-30,3.44716,3.45437,3.42516,3.43976,3.43976,263434
1980-12-31,3.43976,3.49826,3.43976,3.49826,3.49826,279831
1981-01-02,3.49826,3.50576,3.49826,3.49826,3.49826,594640
1981-01-05,3.50576,3.58625,3.50576,3.55686,3.55686,725807
1981-01-06,3.55686,3.58625,3.52785,3.54216,3.54216,933500
1981-01-07,3.54216,3.55686,3.44716,3.52785,3.52785,1276726
1981-01-08,3.52785,3.54966,3.49826,3.50576,3.50576,719251
1981-01-09,3.50576,3.54216,3.49826,3.52785,3.52785,1000171
1981-01-12,3.52785,3.56426,3.52785,3.55686,3.55686,782650
1981-01-13,3.55686,3.57906,3.49826,3.51267,3.51267,1012200
1981-01-14,3.48376,3.48376,3.46917,3.46917,3.46917,470027
1981-01-15,3.46917,3.47646,3.43976,3.44716,3.44716,958634
1981-01-16,3.44716,3.46917,3.43976,3.45437,3.45437,635084
1981-01-19,3.45437,3.46167,3.43976,3.43976,3.43976,372743
1981-01-20,3.43976,3.44716,3.38127,3.38127,3.38127,767346
1981-01-21,3.38127,3.38867,3.35217,3.36666,3.36666,1133528
1981-01-22,3.36666,3.36666,3.32997,3.34467,3.34467,1460362
1981-01-23,3.34467,3.36666,3.31547,3.34467,3.34467,984870
1981-01-26,3.34467,3.36666,3.33747,3.35907,3.35907,294042
1981-01-27,3.35907,3.40327,3.35907,3.38867,3.38867,578242
1981-01-28,3.38867,3.38867,3.37386,3.38127,3.38127,410998
1981-01-29,3.37386,3.37386,3.32997,3.34467,3.34467,578242
1981-01-30,3.34467,3.36666,3.32997,3.35217,3.35217,287479
1981-02-02,3.35217,3.35907,3.31547,3.31547,3.31547,676617
1981-02-03,3.31547,3.32997,3.29367,3.31547,3.31547,649296
1981-02-04,3.31547,3.33747,3.29367,3.30058,3.30058,580423
1981-02-05,3.30808,3.34467,3.30808,3.31547,3.31547,725807
1981-02-06,3.31547,3.37386,3.30058,3.37386,3.37386,1167414
1981-02-09,3.35217,3.35217,3.31547,3.34467,3.34467,430678
1981-02-10,3.34467,3.35217,3.32997,3.34467,3.34467,635084
1981-02-11,3.34467,3.35217,3.32997,3.32997,3.32997,689738
1981-02-12,3.33747,3.38127,3.33747,3.36666,3.36666,616503
1981-02-13,3.36666,3.39577,3.36666,3.38867,3.38867,413188
1981-02-17,3.41777,3.46167,3.41777,3.42516,3.42516,1480040
1981-02-18,3.44716,3.50576,3.44716,3.49826,3.49826,1161950
1981-02-19,3.49826,3.52036,3.47646,3.49116,3.49116,2146821
1981-02-20,3.49116,3.51267,3.48376,3.49116,3.49116,1969740
1981-02-23,3.49116,3.53486,3.49116,3.53486,3.53486,992519
1981-02-24,3.54966,3.66676,3.54966,3.65935,3.65935,1713958
1981-02-25,3.68156,3.73275,3.68156,3.71785,3.71785,1559830
1981-02-26,3.73996,3.92275,3.73996,3.87895,3.87895,2202567
1981-02-27,3.87895,3.87895,3.83495,3.87895,3.87895,1424289
1981-03-02,3.87184,3.87184,3.84985,3.86405,3.86405,1144466
1981-03-03,3.86405,3.89355,3.84985,3.84985,3.84985,1511740
1981-03-04,3.84985,3.87184,3.84985,3.87184,3.87184,599012
1981-03-05,3.87184,3.90815,3.85695,3.87184,3.87184,1135715
1981-03-06,3.87184,3.89355,3.86405,3.87184,3.87184,1067947
1981-03-09,3.87184,3.88635,3.85695,3.87184,3.87184,863541
1981-03-10,3.87184,3.89355,3.84985,3.85695,3.85695,2252844
1981-03-11,3.85695,3.89355,3.84225,3.85695,3.85695,2027675
1981-03-12,3.85695,3.87895,3.84225,3.87895,3.87895,807789
1981-03-13,3.87895,3.89355,3.84985,3.86405,3.86405,1240649
1981-03-16,3.87184,4.09815,3.87184,4.09133,4.09133,1119318
1981-03-17,4.09133,4.10584,3.98134,4.01025,4.01025,1711770
1981-03-18,4.01025,4.09133,4.00354,4.06894,4.06894,1403519
1981-03-19,4.06894,4.07683,4.03974,4.03974,4.03974,586987
1981-03-20,4.03974,4.03974,4.02553,4.02553,4.02553,984870
1981-03-23,4.02553,4.03974,3.99584,4.01025,4.01025,743299
1981-03-24,4.01025,4.03974,3.95955,3.96685,3.96685,1264702
1981-03-25,3.96685,3.96685,3.93744,3.96685,3.96685,621969
1981-03-26,3.96685,3.98134,3.95215,3.95215,3.95215,1120412
1981-03-27,3.95215,3.99584,3.91545,3.91545,3.91545,785931
1981-03-30,3.91545,3.91545,3.87184,3.88635,3.88635,982684
1981-03-31,3.90095,3.91545,3.90095,3.90095,3.90095,532332
1981-04-01,3.90095,3.90095,3.87184,3.87895,3.87895,465655
1981-04-02,3.87895,3.90095,3.82045,3.86405,3.86405,696296
1981-04-03,3.84225,3.84225,3.73996,3.73996,3.73996,1604650
1981-04-06,3.72555,3.72555,3.68876,3.71785,3.71785,263434
1981-04-07,3.71785,3.77655,3.70345,3.75446,3.75446,1146645
1981-04-08,3.75446,3.95215,3.71785,3.95215,3.95215,1981761
1981-04-09,3.95215,4.17914,3.94474,4.13494,4.13494,1755493
1981-04-10,4.13494,4.19354,4.10584,4.15684,4.15684,1122597
1981-04-13,4.12034,4.12034,4.07683,4.09815,4.09815,1337933
1981-04-14,4.09815,4.10584,4.04724,4.06894,4.06894,711601
1981-04-15,4.06894,4.06894,4.01834,4.05484,4.05484,1137897
1981-04-16,4.05484,4.09133,4.05484,4.09133,4.09133,790301
1981-04-20,4.09133,4.14253,4.07683,4.12764,4.12764,804513
1981-04-21,4.12764,4.16424,4.12034,4.12034,4.12034,826372
1981-04-22,4.13494,4.20823,4.13494,4.20823,4.20823,2024391
1981-04-23,4.20823,4.42053,4.20823,4.35463,4.35463,2676965
1981-04-24,4.35463,4.40583,4.34743,4.39123,4.39123,1365264
1981-04-27,4.39123,4.40583,4.34743,4.34743,4.34743,618689
1981-04-28,4.34743,4.37663,4.32553,4.32553,4.32553,1240649
1981-04-29,4.31823,4.31823,4.27403,4.28893,4.28893,968475
1981-04-30,4.29623,4.34013,4.29623,4.34013,4.34013,1052640
1981-05-01,4.34013,4.36212,4.29623,4.31823,4.31823,712693
1981-05-04,4.30334,4.30334,4.21573,4.24484,4.24484,831834
1981-05-05,4.24484,4.24484,4.20123,4.20123,4.20123,1019847
1981-05-06,4.20123,4.25214,4.18614,4.19354,4.19354,1642909
1981-05-07,4.19354,4.20123,4.17914,4.20123,4.20123,987056
1981-05-08,4.20123,4.20123,4.18614,4.20123,4.20123,766252
1981-05-11,4.20123,4.20823,4.17193,4.17193,4.17193,863541
1981-05-12,4.17193,4.17914,4.15684,4.17193,4.17193,707224
1981-05-13,4.17914,4.21573,4.17914,4.18614,4.18614,1488781
1981-05-14,4.20123,4.23023,4.20123,4.22273,4.22273,495169
1981-05-15,4.22273,4.24484,4.20823,4.20823,4.20823,1334657
1981-05-18,4.20823,4.21573,4.19354,4.20823,4.20823,878837
1981-05-19,4.19354,4.19354,4.13494,4.17193,4.17193,990333
1981-05-20,4.17914,4.21573,4.17914,4.20823,4.20823,916009
1981-05-21,4.20823,4.21573,4.10584,4.10584,4.10584,912726
1981-05-22,4.10584,4.12764,4.07683,4.10584,4.10584,415375
1981-05-26,4.10584,4.10584,4.05484,4.05484,4.05484,1044991
1981-05-27,4.07683,4.10584,4.07683,4.08355,4.08355,984870
1981-05-28,4.08355,4.11334,4.08355,4.09133,4.09133,627430
1981-05-29,4.09133,4.11334,4.07683,4.10584,4.10584,666779
1981-06-01,4.16424,4.25214,4.16424,4.22273,4.22273,1885568
1981-06-02,4.22273,4.22273,4.18614,4.20123,4.20123,1024222
1981-06-03,4.18614,4.18614,4.12764,4.14253,4.14253,402250
1981-06-04,4.14253,4.16424,4.12034,4.14973,4.14973,1130246
1981-06-05,4.14973,4.21573,4.13494,4.20823,4.20823,969567
1981-06-08,4.20823,4.22273,4.19354,4.20123,4.20123,512653
1981-06-09,4.20123,4.20823,4.12764,4.12764,4.12764,418649
1981-06-10,4.12764,4.13494,4.10584,4.10584,4.10584,395697
1981-06-11,4.11334,4.14253,4.11334,4.14253,4.14253,275460
1981-06-12,4.15684,4.19354,4.15684,4.17914,4.17914,1470200
1981-06-15,4.17914,4.23754,4.17193,4.20123,4.20123,1472385
1981-06-16,4.20123,4.20823,4.18614,4.20823,4.20823,699575
1981-06-17,4.20823,4.20823,4.17193,4.19354,4.19354,743299
1981-06-18,4.20823,4.24484,4.20823,4.24484,4.24484,644918
1981-06-19,4.22273,4.22273,4.12034,4.12034,4.12034,917100
1981-06-22,4.12034,4.12764,3.96685,3.96685,3.96685,537800
1981-06-23,3.96685,3.97424,3.90095,3.97424,3.97424,991427
1981-06-24,3.97424,4.00354,3.95955,3.96685,3.96685,1016570
1981-06-25,3.96685,4.01025,3.96685,3.96685,3.96685,332299
1981-06-26,3.96685,3.96685,3.90095,3.90815,3.90815,471116
1981-06-29,3.90815,3.95955,3.90095,3.90815,3.90815,402250
1981-06-30,3.90815,3.97424,3.90815,3.95955,3.95955,795763
1981-07-01,3.95955,3.98134,3.93744,3.96685,3.96685,903983
1981-07-02,3.96685,3.96685,3.92275,3.93744,3.93744,596825
1981-07-06,3.92275,3.92275,3.88635,3.88635,3.88635,661319
1981-07-07,3.88635,3.90815,3.82045,3.84985,3.84985,726901
1981-07-08,3.82775,3.82775,3.75446,3.78375,3.78375,1148826
1981-07-09,3.77655,3.77655,3.70345,3.76915,3.76915,977221
1981-07-10,3.76915,3.82045,3.75446,3.79845,3.79845,839490
1981-07-13,3.79845,3.79845,3.76175,3.77655,3.77655,357440
1981-07-14,3.76175,3.76175,3.73996,3.76175,3.76175,243760
1981-07-15,3.76175,3.79135,3.74716,3.77655,3.77655,485333
1981-07-16,3.79135,3.82775,3.79135,3.82775,3.82775,549826
1981-07-17,3.82775,3.84985,3.80594,3.82045,3.82045,1280004
1981-07-20,3.82045,3.82045,3.71785,3.72555,3.72555,407720
1981-07-21,3.72555,3.76915,3.71785,3.76175,3.76175,402250
1981-07-22,3.76175,3.76915,3.75446,3.75446,3.75446,548725
1981-07-23,3.74716,3.74716,3.72555,3.72555,3.72555,527960
1981-07-24,3.72555,3.73275,3.68876,3.68876,3.68876,581520
1981-07-27,3.68876,3.70345,3.68876,3.68876,3.68876,410998
1981-07-28,3.68876,3.72555,3.68876,3.71785,3.71785,378212
1981-07-29,3.72555,3.74716,3.72555,3.74716,3.74716,473305
1981-07-30,3.74716,3.76915,3.73996,3.76175,3.76175,444887
1981-07-31,3.76175,3.77655,3.75446,3.76915,3.76915,1232997
1981-08-03,3.76915,3.76915,3.76175,3.76915,3.76915,359624
1981-08-04,3.76915,3.76915,3.75446,3.76915,3.76915,438326
1981-08-05,3.76915,3.79135,3.76175,3.79135,3.79135,1224252
1981-08-06,3.79135,3.84985,3.78375,3.83495,3.83495,785931
1981-08-07,3.83495,3.84225,3.82045,3.84225,3.84225,908350
1981-08-10,3.84225,3.86405,3.84225,3.85695,3.85695,671158
1981-08-11,3.85695,3.86405,3.84985,3.86405,3.86405,222991
1981-08-12,3.87184,3.91545,3.87184,3.89355,3.89355,262341
1981-08-13,3.89355,3.90095,3.87184,3.87895,3.87895,219716
1981-08-14,3.87895,3.90095,3.82045,3.82045,3.82045,402250
1981-08-17,3.80594,3.80594,3.79135,3.79135,3.79135,611031
1981-08-18,3.78375,3.78375,3.75446,3.76175,3.76175,1085432
1981-08-19,3.76175,3.76915,3.75446,3.76915,3.76915,226268
1981-08-20,3.76915,3.79135,3.76175,3.76915,3.76915,318088
1981-08-21,3.76915,3.77655,3.69586,3.69586,3.69586,472210
1981-08-24,3.68156,3.68156,3.62296,3.63006,3.63006,440515
1981-08-25,3.63006,3.64475,3.60816,3.64475,3.64475,711601
1981-08-26,3.64475,3.65195,3.59365,3.59365,3.59365,805601
1981-08-27,3.58625,3.58625,3.51267,3.52036,3.52036,926936
1981-08-28,3.52036,3.54216,3.51267,3.51267,3.51267,1369636
1981-08-31,3.51267,3.53486,3.50576,3.50576,3.50576,813254
1981-09-01,3.49116,3.49116,3.46167,3.48376,3.48376,650383
1981-09-02,3.48376,3.51267,3.48376,3.49116,3.49116,795763
1981-09-03,3.49116,3.52036,3.47646,3.47646,3.47646,782650
1981-09-04,3.47646,3.48376,3.46167,3.46917,3.46917,926936
1981-09-08,3.46917,3.47646,3.45437,3.46917,3.46917,721436
1981-09-09,3.46917,3.49826,3.46917,3.49116,3.49116,588077
1981-09-10,3.49116,3.49826,3.46917,3.46917,3.46917,742206
1981-09-11,3.47646,3.52036,3.47646,3.52036,3.52036,472210
1981-09-14,3.52036,3.54216,3.50576,3.52785,3.52785,343229
1981-09-15,3.53486,3.56426,3.53486,3.54216,3.54216,397885
1981-09-16,3.53486,3.53486,3.49116,3.49826,3.49826,895237
1981-09-17,3.49826,3.52036,3.49826,3.49826,3.49826,573870
1981-09-18,3.49826,3.49826,3.39577,3.39577,3.39577,1243930
1981-09-21,3.40327,3.45437,3.40327,3.42516,3.42516,1126975
1981-09-22,3.42516,3.42516,3.35217,3.35217,3.35217,455810
1981-09-23,3.33747,3.33747,3.21287,3.30808,3.30808,1201301
1981-09-24,3.30808,3.34467,3.30058,3.30058,3.30058,390231
1981-09-25,3.28617,3.28617,3.24228,3.26437,3.26437,576057
1981-09-28,3.26437,3.27107,3.22747,3.25707,3.25707,1259235
1981-09-29,3.25707,3.27887,3.23487,3.23487,3.23487,561846
1981-09-30,3.23487,3.25707,3.22747,3.23487,3.23487,355253
1981-10-01,3.23487,3.24948,3.22027,3.24228,3.24228,2417903
1981-10-02,3.24228,3.27887,3.24228,3.27887,3.27887,1146645
1981-10-05,3.27887,3.30058,3.26437,3.27107,3.27107,1060293
1981-10-06,3.27107,3.29367,3.22747,3.27107,3.27107,420838
1981-10-07,3.27887,3.31547,3.27887,3.31547,3.31547,464559
1981-10-08,3.33747,3.40327,3.33747,3.35907,3.35907,1119318
1981-10-09,3.35907,3.35907,3.30808,3.30808,3.30808,1262513
1981-10-12,3.30808,3.30808,3.28617,3.30058,3.30058,861349
1981-10-13,3.31547,3.36666,3.31547,3.36666,3.36666,506097
1981-10-14,3.36666,3.38867,3.34467,3.34467,3.34467,350881
1981-10-15,3.34467,3.35217,3.30808,3.30808,3.30808,480956
1981-10-16,3.30808,3.32997,3.27887,3.27887,3.27887,969567
1981-10-19,3.27887,3.27887,3.24948,3.24948,3.24948,934587
1981-10-20,3.21287,3.21287,3.19127,3.20587,3.20587,2041880
1981-10-21,3.19818,3.19818,3.17638,3.19818,3.19818,1012200
1981-10-22,3.18368,3.18368,3.14007,3.14659,3.14659,477680
1981-10-23,3.14007,3.14007,3.00048,3.01509,3.01509,1780637
1981-10-26,3.01509,3.02268,2.99348,3.01509,3.01509,1980669
1981-10-27,3.01509,3.09578,3.01509,3.05948,3.05948,1988320
1981-10-28,3.05948,3.14007,3.05948,3.10308,3.10308,884305
1981-10-29,3.08847,3.08847,3.01509,3.01509,3.01509,831834
1981-10-30,3.01509,3.04468,3.00048,3.02989,3.02989,421930
1981-11-02,3.10308,3.14659,3.10308,3.14659,3.14659,1105107
1981-11-03,3.14659,3.16908,3.12518,3.14659,3.14659,1477849
1981-11-04,3.14659,3.16167,3.14007,3.14659,3.14659,806699
1981-11-05,3.16167,3.21287,3.16167,3.19127,3.19127,2051720
1981-11-06,3.19127,3.19818,3.17638,3.18368,3.18368,526867
1981-11-09,3.18368,3.20587,3.18368,3.20587,3.20587,754227
1981-11-10,3.20587,3.23487,3.20587,3.22027,3.22027,1157574
1981-11-11,3.22747,3.27887,3.22747,3.27887,3.27887,583708
1981-11-12,3.27887,3.29367,3.27107,3.27107,3.27107,1531411
1981-11-13,3.26437,3.26437,3.23487,3.23487,3.23487,984870
1981-11-16,3.22747,3.22747,3.19818,3.20587,3.20587,661319
1981-11-17,3.20587,3.21287,3.14007,3.14659,3.14659,2206940
1981-11-18,3.14659,3.14659,3.12518,3.12518,3.12518,1065758
1981-11-19,3.12518,3.12518,3.10308,3.11798,3.11798,708322
1981-11-20,3.14007,3.17638,3.14007,3.14007,3.14007,1273440
1981-11-23,3.14007,3.15447,3.14007,3.14007,3.14007,760791
1981-11-24,3.14007,3.16908,3.14007,3.16167,3.16167,607756
1981-11-25,3.18368,3.26437,3.18368,3.26437,3.26437,994707
1981-11-27,3.27887,3.32997,3.27887,3.31547,3.31547,1236284
1981-11-30,3.34467,3.43976,3.34467,3.43976,3.43976,1355422
1981-12-01,3.43976,3.46917,3.42516,3.46167,3.46167,1562018
1981-12-02,3.46167,3.46167,3.42516,3.43976,3.43976,924749
1981-12-03,3.43976,3.43976,3.41027,3.41777,3.41777,394605
1981-12-04,3.41777,3.43976,3.35217,3.35907,3.35907,1248303
1981-12-07,3.35907,3.35907,3.31547,3.33747,3.33747,949892
1981-12-08,3.33747,3.35217,3.30808,3.35217,3.35217,740018
1981-12-09,3.35907,3.42516,3.35907,3.40327,3.40327,708322
1981-12-10,3.40327,3.46167,3.40327,3.43976,3.43976,650383
1981-12-11,3.43976,3.43976,3.41027,3.41777,3.41777,585892
1981-12-14,3.40327,3.40327,3.36666,3.36666,3.36666,549826
1981-12-15,3.36666,3.39577,3.36666,3.39577,3.39577,910539
1981-12-16,3.39577,3.40327,3.36666,3.36666,3.36666,764066
1981-12-17,3.36666,3.38127,3.35907,3.38127,3.38127,519219
1981-12-18,3.38127,3.43976,3.37386,3.43976,3.43976,940053
1981-12-21,3.43976,3.43976,3.40327,3.41027,3.41027,336668
1981-12-22,3.41027,3.41777,3.40327,3.41027,3.41027,935678
1981-12-23,3.40327,3.40327,3.34467,3.35217,3.35217,525776
1981-12-24,3.35217,3.40327,3.34467,3.39577,3.39577,604475
1981-12-28,3.39577,3.43976,3.38867,3.42516,3.42516,426306
1981-12-29,3.41777,3.41777,3.39577,3.41027,3.41027,509380
1981-12-30,3.38867,3.38867,3.35907,3.38867,3.38867,707224
1981-12-31,3.38127,3.38127,3.35217,3.35217,3.35217,298412
1982-01-04,3.30058,3.33747,3.27107,3.27887,3.27887,1745656
1982-01-05,3.25707,3.27107,3.24228,3.25707,3.25707,917100
1982-01-06,3.24948,3.27107,3.22027,3.24948,3.24948,1318264
1982-01-07,3.26437,3.27887,3.24228,3.26437,3.26437,491889
1982-01-08,3.30808,3.33747,3.27887,3.28617,3.28617,737832
1982-01-11,3.24948,3.28617,3.20587,3.20587,3.20587,863541
1982-01-12,3.21287,3.22747,3.19127,3.22747,3.22747,600102
1982-01-13,3.22027,3.24228,3.19127,3.19127,3.19127,883214
1982-01-14,3.15447,3.18368,3.11798,3.11798,3.11798,1495338
1982-01-15,3.14659,3.16167,3.12518,3.16167,3.16167,362902
1982-01-18,3.14659,3.16908,3.11798,3.16167,3.16167,542169
1982-01-19,3.18368,3.19818,3.16908,3.16908,3.16908,1562018
1982-01-20,3.14007,3.16908,3.11038,3.11038,3.11038,1346677
1982-01-21,3.08128,3.10308,3.05948,3.05948,3.05948,2091071
1982-01-22,3.01509,3.05948,2.97149,2.97149,2.97149,3083596
1982-01-25,2.94958,2.96419,2.92738,2.95659,2.95659,1285469
1982-01-26,2.95659,2.97149,2.93488,2.93488,2.93488,1224252
1982-01-27,2.94958,2.96419,2.92738,2.96419,2.96419,1144466
1982-01-28,3.02989,3.10308,2.96419,3.10308,3.10308,1663675
1982-01-29,3.19818,3.22027,3.18368,3.20587,3.20587,1816704
1982-02-01,3.17638,3.19818,3.14659,3.16908,3.16908,795763
1982-02-02,3.17638,3.19818,3.15447,3.17638,3.17638,523586
1982-02-03,3.17638,3.19818,3.14659,3.15447,3.15447,580423
1982-02-04,3.14007,3.14659,3.12518,3.12518,3.12518,482049
1982-02-05,3.14007,3.14659,3.12518,3.14007,3.14007,480956
1982-02-08,3.00808,3.11038,2.90539,2.90539,2.90539,1645090
1982-02-09,2.97149,3.00808,2.93488,2.97149,2.97149,930214
1982-02-10,3.01509,3.05948,2.97859,3.05188,3.05188,724716
1982-02-11,3.04468,3.05948,3.01509,3.04468,3.04468,997987
1982-02-12,3.05188,3.05948,3.02989,3.02989,3.02989,312618
1982-02-16,3.00808,3.04468,2.97859,3.02989,3.02989,1299680
1982-02-17,3.04468,3.05188,3.02268,3.04468,3.04468,451444
1982-02-18,3.02268,3.05188,3.00048,3.02268,3.02268,873377
1982-02-19,2.97149,3.00808,2.93488,2.93488,2.93488,2268153
1982-02-22,2.97859,3.00048,2.94958,2.94958,2.94958,992519
1982-02-23,2.93488,2.95659,2.90539,2.91318,2.91318,1372918
1982-02-24,2.92028,2.93488,2.89809,2.93488,2.93488,1237371
1982-02-25,2.94218,2.94958,2.93488,2.93488,2.93488,584801
1982-02-26,2.92028,2.94958,2.88339,2.88339,2.88339,1332469
1982-03-01,2.90539,2.92738,2.87609,2.92028,2.92028,850420
1982-03-02,2.93488,2.94218,2.92028,2.92028,2.92028,498444
1982-03-03,2.89809,2.91318,2.88339,2.89809,2.89809,338856
1982-03-04,2.88339,2.91318,2.83989,2.85429,2.85429,1347774
1982-03-05,2.83249,2.84709,2.8102,2.81798,2.81798,1178345
1982-03-08,2.81798,2.84709,2.78829,2.80309,2.80309,653661
1982-03-09,2.82509,2.87609,2.78119,2.85429,2.85429,2659475
1982-03-10,2.90539,2.92738,2.87609,2.91318,2.91318,665692
1982-03-11,2.92028,2.93488,2.90539,2.90539,2.90539,879936
1982-03-12,2.89809,2.91318,2.87609,2.91318,2.91318,1241743
1982-03-15,2.91318,2.92738,2.89089,2.92028,2.92028,388048
1982-03-16,2.92738,2.94218,2.90539,2.93488,2.93488,960821
1982-03-17,2.94218,2.94958,2.92738,2.92738,2.92738,511563
1982-03-18,2.93488,2.94958,2.92028,2.94958,2.94958,894148
1982-03-19,2.94218,2.94958,2.92738,2.94218,2.94218,680988
1982-03-22,2.96419,2.98598,2.94218,2.96419,2.96419,2811413
1982-03-23,3.02268,3.07388,2.97859,3.05188,3.05188,1750031
1982-03-24,3.02989,3.04468,3.01509,3.02989,3.02989,344321
1982-03-25,3.02989,3.04468,3.01509,3.04468,3.04468,640547
1982-03-26,2.99348,3.04468,2.94218,2.94958,2.94958,1085432
1982-03-29,2.94218,2.96419,2.91318,2.95659,2.95659,1576230
1982-03-30,2.94958,2.96419,2.93488,2.94218,2.94218,661319
1982-03-31,2.95659,2.96419,2.94218,2.95659,2.95659,585892
1982-04-01,2.96419,2.98598,2.94218,2.97859,2.97859,1711770
1982-04-02,3.01509,3.04468,2.99348,3.04468,3.04468,1699745
1982-04-05,3.00808,3.04468,2.97859,2.97859,2.97859,619779
1982-04-06,2.97149,2.97859,2.95659,2.95659,2.95659,718156
1982-04-07,2.97149,2.98598,2.95659,2.95659,2.95659,1183814
1982-04-08,2.96419,2.97149,2.94958,2.94958,2.94958,800140
1982-04-12,2.94958,2.96419,2.93488,2.94218,2.94218,1179442
1982-04-13,2.96419,2.97859,2.94218,2.97149,2.97149,859167
1982-04-14,2.94218,2.97859,2.89809,2.91318,2.91318,1264702
1982-04-15,2.86159,2.89809,2.83249,2.83989,2.83989,3174316
1982-04-16,2.83989,2.86159,2.81798,2.84709,2.84709,2370901
1982-04-19,2.85429,2.87609,2.83989,2.83989,2.83989,1759867
1982-04-20,2.79579,2.83989,2.75939,2.77379,2.77379,3486939
1982-04-21,2.77379,2.78829,2.7516,2.78829,2.78829,1610115
1982-04-22,2.82509,2.84709,2.78829,2.83989,2.83989,2039695
1982-04-23,2.86898,2.88339,2.84709,2.87609,2.87609,1124784
1982-04-26,2.92028,2.96419,2.88339,2.93488,2.93488,1201301
1982-04-27,2.92028,2.95659,2.89089,2.89809,2.89809,1412265
1982-04-28,2.86898,2.89809,2.83989,2.87609,2.87609,812160
1982-04-29,2.83989,2.85429,2.81798,2.83989,2.83989,913813
1982-04-30,2.83989,2.85429,2.82509,2.84709,2.84709,571682
1982-05-03,2.82509,2.84709,2.78829,2.78829,2.78829,958634
1982-05-04,2.72269,2.80309,2.6277,2.6347,2.6347,3258487
1982-05-05,2.6639,2.70769,2.6277,2.6932,2.6932,2514094
1982-05-06,2.72979,2.75939,2.70099,2.70769,2.70769,1813428
1982-05-07,2.72269,2.7446,2.6932,2.72979,2.72979,1603554
1982-05-10,2.7446,2.7516,2.72979,2.7371,2.7371,850420
1982-05-11,2.72979,2.7446,2.71539,2.71539,2.71539,2010182
1982-05-12,2.72979,2.7516,2.70769,2.71539,2.71539,1884478
1982-05-13,2.71539,2.7516,2.6639,2.6862,2.6862,3155735
1982-05-14,2.6203,2.6639,2.5763,2.5763,2.5763,3470540
1982-05-17,2.525,2.5691,2.4812,2.4958,2.4958,2465999
1982-05-18,2.4958,2.5175,2.46651,2.5175,2.5175,1194741
1982-05-19,2.4958,2.5175,2.4738,2.4812,2.4812,1198018
1982-05-20,2.5103,2.5324,2.4812,2.4958,2.4958,2022204
1982-05-21,2.4958,2.5103,2.4738,2.5103,2.5103,937868
1982-05-24,2.5103,2.5324,2.4812,2.4958,2.4958,1295305
1982-05-25,2.46651,2.4881,2.4444,2.4444,2.4444,2079044
1982-05-26,2.4372,2.4444,2.42231,2.4372,2.4372,1658210
1982-05-27,2.42231,2.4444,2.38591,2.39311,2.39311,3341560
1982-05-28,2.33471,2.39311,2.26141,2.27601,2.27601,3493499
1982-06-01,2.31261,2.33471,2.29061,2.31261,2.31261,1030775
1982-06-02,2.31261,2.34201,2.27601,2.33471,2.33471,1830919
1982-06-03,2.36371,2.3712,2.35681,2.36371,2.36371,1290933
1982-06-04,2.31981,2.34921,2.29061,2.29821,2.29821,1670234
1982-06-07,2.31261,2.34201,2.27601,2.31981,2.31981,999078
1982-06-08,2.33471,2.34201,2.31981,2.33471,2.33471,991427
1982-06-09,2.34921,2.3712,2.32731,2.36371,2.36371,863541
1982-06-10,2.35681,2.36371,2.34201,2.35681,2.35681,950980
1982-06-11,2.3712,2.38591,2.35681,2.3712,2.3712,4283801
1982-06-14,2.34921,2.3712,2.32731,2.33471,2.33471,2308595
1982-06-15,2.33471,2.34921,2.31981,2.32731,2.32731,1087620
1982-06-16,2.27601,2.32731,2.23241,2.23241,2.23241,5611902
1982-06-17,2.18852,2.21741,2.15181,2.16631,2.16631,2421183
1982-06-18,2.14422,2.15181,2.13712,2.15181,2.15181,1298584
1982-06-21,2.18102,2.21041,2.13712,2.18852,2.18852,1627603
1982-06-22,2.21741,2.23961,2.19562,2.23241,2.23241,1759867
1982-06-23,2.27601,2.31261,2.23961,2.31261,2.31261,1010010
1982-06-24,2.32731,2.33471,2.31981,2.32731,2.32731,812160
1982-06-25,2.31981,2.32731,2.3055,2.31261,2.31261,1134623
1982-06-28,2.31981,2.32731,2.3055,2.32731,2.32731,2191636
1982-06-29,2.31981,2.32731,2.3055,2.3055,2.3055,781555
1982-06-30,2.31261,2.34201,2.27601,2.3055,2.3055,2715225
1982-07-01,2.31261,2.32731,2.29821,2.31261,2.31261,1135715
1982-07-02,2.31981,2.34201,2.29061,2.34201,2.34201,1528136
1982-07-06,2.32731,2.34201,2.31261,2.32731,2.32731,1125880
1982-07-07,2.32731,2.33471,2.31981,2.32731,2.32731,1576230
1982-07-08,2.31261,2.31981,2.29821,2.3055,2.3055,1567482
1982-07-09,2.22511,2.3055,2.14422,2.22511,2.22511,3702280
1982-07-12,2.25441,2.29061,2.22511,2.29061,2.29061,2196009
1982-07-13,2.3055,2.31981,2.27601,2.31981,2.31981,1450527
1982-07-14,2.34201,2.34921,2.33471,2.34201,2.34201,2271428
1982-07-15,2.3786,2.39311,2.34921,2.38591,2.38591,1999251
1982-07-16,2.36371,2.3786,2.34201,2.34921,2.34921,1234091
1982-07-19,2.34201,2.38591,2.3055,2.31261,2.31261,1060293
1982-07-20,2.31981,2.32731,2.3055,2.31981,2.31981,860254
1982-07-21,2.34201,2.36371,2.31981,2.33471,2.33471,1603554
1982-07-22,2.40061,2.46651,2.33471,2.42231,2.42231,2292201
1982-07-23,2.43,2.46651,2.39311,2.39311,2.39311,1753312
1982-07-26,2.38591,2.39311,2.3712,2.3786,2.3786,977221
1982-07-27,2.39311,2.40761,2.3786,2.40761,2.40761,573870
1982-07-28,2.34921,2.40761,2.29061,2.31981,2.31981,1351054
1982-07-29,2.31261,2.32731,2.29821,2.31981,2.31981,876656
1982-07-30,2.31981,2.32731,2.3055,2.31261,2.31261,366183
1982-08-02,2.32731,2.34201,2.31261,2.31981,2.31981,1132435
1982-08-03,2.28341,2.31261,2.23961,2.23961,2.23961,1024222
1982-08-04,2.23241,2.24682,2.21041,2.23961,2.23961,2199281
1982-08-05,2.24682,2.26881,2.23241,2.26141,2.26141,663502
1982-08-06,2.26881,2.27601,2.26141,2.26141,2.26141,637266
1982-08-09,2.23961,2.26141,2.21741,2.24682,2.24682,1057011
1982-08-10,2.26141,2.28341,2.23241,2.23241,2.23241,2199281
1982-08-11,2.23961,2.24682,2.22511,2.22511,2.22511,1605742
1982-08-12,2.22511,2.24682,2.19562,2.19562,2.19562,1236284
1982-08-13,2.21741,2.23961,2.19562,2.23961,2.23961,882119
1982-08-16,2.27601,2.29821,2.23961,2.27601,2.27601,1408986
1982-08-17,2.34201,2.40061,2.29061,2.40061,2.40061,1400240
1982-08-18,2.4372,2.4958,2.38591,2.39311,2.39311,3210390
1982-08-19,2.3712,2.40061,2.32731,2.34921,2.34921,5080656
1982-08-20,2.41521,2.4738,2.36371,2.46651,2.46651,2359967
1982-08-23,2.4881,2.5175,2.45901,2.5029,2.5029,4901395
1982-08-24,2.4958,2.525,2.46651,2.46651,2.46651,3477104
1982-08-25,2.4881,2.5175,2.4444,2.4444,2.4444,2790645
1982-08-26,2.43,2.45901,2.40061,2.43,2.43,4916695
1982-08-27,2.42231,2.45901,2.38591,2.38591,2.38591,3848749
1982-08-30,2.39311,2.42231,2.36371,2.42231,2.42231,2295476
1982-08-31,2.4958,2.5466,2.43,2.5396,2.5396,3047518
1982-09-01,2.5324,2.5691,2.4958,2.4958,2.4958,1957715
1982-09-02,2.5103,2.5396,2.4812,2.5324,2.5324,2883558
1982-09-03,2.6203,2.6714,2.5763,2.6128,2.6128,4915602
1982-09-07,2.59829,2.6128,2.5763,2.59099,2.59099,1418826
1982-09-08,2.59829,2.60569,2.5834,2.59099,2.59099,792485
1982-09-09,2.6277,2.6714,2.5834,2.64209,2.64209,3404959
1982-09-10,2.6277,2.64209,2.60569,2.6277,2.6277,1772984
1982-09-13,2.64919,2.6932,2.6128,2.6714,2.6714,1638533
1982-09-14,2.6862,2.70769,2.6639,2.6714,2.6714,2023302
1982-09-15,2.6788,2.70099,2.64209,2.70099,2.70099,1277817
1982-09-16,2.6862,2.70769,2.64919,2.6639,2.6639,1565296
1982-09-17,2.6277,2.64919,2.59829,2.59829,2.59829,1314978
1982-09-20,2.5691,2.59099,2.5396,2.5466,2.5466,687552
1982-09-21,2.5763,2.59099,2.5466,2.5691,2.5691,1377288
1982-09-22,2.6203,2.64919,2.5834,2.60569,2.60569,1603554
1982-09-23,2.5396,2.5763,2.5029,2.5175,2.5175,1008916
1982-09-24,2.4958,2.5103,2.4812,2.4958,2.4958,1572950
1982-09-27,2.4881,2.5103,2.46651,2.4881,2.4881,775000
1982-09-28,2.4881,2.5103,2.46651,2.46651,2.46651,981590
1982-09-29,2.26141,2.34921,2.16631,2.19562,2.19562,6466692
1982-09-30,2.14422,2.18102,2.11462,2.12962,2.12962,6640489
1982-10-01,2.12962,2.16631,2.09311,2.15901,2.15901,2755669
1982-10-04,2.12962,2.14422,2.10792,2.11462,2.11462,2138077
1982-10-05,2.12962,2.14422,2.11462,2.11462,2.11462,1682253
1982-10-06,2.12262,2.14422,2.09311,2.13712,2.13712,3544875
1982-10-07,2.18102,2.21041,2.14422,2.15901,2.15901,4518811
1982-10-08,2.18102,2.19562,2.15901,2.19562,2.19562,5220575
1982-10-11,2.27601,2.32731,2.21041,2.31981,2.31981,6923599
1982-10-12,2.40761,2.4372,2.3712,2.39311,2.39311,5710273
1982-10-13,2.46651,2.5396,2.38591,2.4958,2.4958,8245142
1982-10-14,2.5175,2.5763,2.46651,2.4738,2.4738,5167009
1982-10-15,2.4444,2.4812,2.41521,2.45901,2.45901,2732710
1982-10-18,2.4881,2.5103,2.45901,2.4812,2.4812,1852779
1982-10-19,2.5029,2.5175,2.4812,2.4958,2.4958,2436488
1982-10-20,2.5029,2.5175,2.4881,2.5175,2.5175,1176160
1982-10-21,2.4958,2.525,2.46651,2.5103,2.5103,1571859
1982-10-22,2.5029,2.525,2.4812,2.5103,2.5103,1870271
1982-10-25,2.46651,2.5175,2.40761,2.40761,2.40761,1691004
1982-10-26,2.40761,2.43,2.38591,2.41521,2.41521,1685538
1982-10-27,2.41521,2.4372,2.39311,2.40761,2.40761,1881200
1982-10-28,2.40761,2.42231,2.39311,2.39311,2.39311,1870271
1982-10-29,2.40061,2.42231,2.3712,2.40761,2.40761,1438501
1982-11-01,2.39311,2.40761,2.3712,2.39311,2.39311,2042976
1982-11-02,2.40761,2.43,2.38591,2.40061,2.40061,2111840
1982-11-03,2.46651,2.5324,2.38591,2.525,2.525,4102347
1982-11-04,2.60569,2.6932,2.5175,2.5834,2.5834,4816133
1982-11-05,2.5834,2.6128,2.5544,2.6128,2.6128,2351227
1982-11-08,2.6714,2.7516,2.59099,2.70769,2.70769,2403690
1982-11-09,2.83249,2.94958,2.70769,2.86898,2.86898,4641234
1982-11-10,2.88339,2.95659,2.80309,2.82509,2.82509,6814287
1982-11-11,2.80309,2.86159,2.7446,2.86159,2.86159,2832184
1982-11-12,2.92028,2.95659,2.86898,2.87609,2.87609,3209298
1982-11-15,2.82509,2.84709,2.78829,2.80309,2.80309,3057355
1982-11-16,2.71539,2.75939,2.6788,2.7371,2.7371,2503167
1982-11-17,2.72979,2.78119,2.6714,2.6932,2.6932,1894319
1982-11-18,2.71539,2.7516,2.6788,2.70769,2.70769,1544527
1982-11-19,2.72979,2.7516,2.6932,2.70769,2.70769,1520479
1982-11-22,2.6714,2.72979,2.60569,2.60569,2.60569,2636521
1982-11-23,2.59829,2.6277,2.5691,2.5763,2.5763,2158843
1982-11-24,2.5324,2.5612,2.5103,2.5324,2.5324,2554541
1982-11-26,2.5544,2.5612,2.5324,2.5324,2.5324,756415
1982-11-29,2.5029,2.5324,2.4738,2.4958,2.4958,1109478
1982-11-30,2.5175,2.5396,2.4881,2.5029,2.5029,3855309
1982-12-01,2.4958,2.5175,2.46651,2.4881,2.4881,2259403
1982-12-02,2.5175,2.5396,2.4881,2.525,2.525,2810321
1982-12-03,2.5544,2.5763,2.525,2.5324,2.5324,2604823
1982-12-06,2.4521,2.5175,2.39311,2.4881,2.4881,2518469
1982-12-07,2.5175,2.5691,2.4738,2.4881,2.4881,2848581
1982-12-08,2.4738,2.4958,2.4372,2.4372,2.4372,2047346
1982-12-09,2.39311,2.40761,2.3712,2.38591,2.38591,1970830
1982-12-10,2.38591,2.39311,2.3712,2.3712,2.3712,1908527
1982-12-13,2.40761,2.42231,2.39311,2.40061,2.40061,1947884
1982-12-14,2.4521,2.5103,2.40061,2.40761,2.40761,4033483
1982-12-15,2.3786,2.40761,2.34201,2.34921,2.34921,2092165
1982-12-16,2.39311,2.4444,2.33471,2.3712,2.3712,2218964
1982-12-17,2.40761,2.4372,2.3786,2.42231,2.42231,1645090
1982-12-20,2.4372,2.4812,2.40061,2.40061,2.40061,1762054
1982-12-21,2.43,2.4521,2.40761,2.4372,2.4372,2951330
1982-12-22,2.4372,2.4812,2.39311,2.40061,2.40061,1963176
1982-12-23,2.42231,2.4372,2.40761,2.42231,2.42231,1577322
1982-12-27,2.4738,2.5103,2.43,2.5103,2.5103,2344665
1982-12-28,2.5544,2.5763,2.5175,2.525,2.525,2306408
1982-12-29,2.59829,2.65679,2.5396,2.59829,2.59829,2986310
1982-12-30,2.59099,2.6277,2.5544,2.5544,2.5544,1401335
1982-12-31,2.5691,2.5834,2.5396,2.5612,2.5612,973936
1983-01-03,2.60569,2.6203,2.5834,2.59099,2.59099,1005641
1983-01-04,2.5763,2.59829,2.5544,2.59099,2.59099,1936948
1983-01-05,2.6788,2.75939,2.59829,2.70769,2.70769,5770398
1983-01-06,2.83989,2.93488,2.7371,2.89089,2.89089,7701876
1983-01-07,3.00048,3.10308,2.88339,2.97859,2.97859,5846910
1983-01-10,3.00048,3.05948,2.93488,3.04468,3.04468,3617020
1983-01-11,2.96419,3.00808,2.92028,2.96419,2.96419,3714300
1983-01-12,3.02268,3.05948,2.97149,3.00808,3.00808,4911230
1983-01-13,3.01509,3.04468,2.97859,2.98598,2.98598,2914168
1983-01-14,2.98598,3.02268,2.95659,2.97149,2.97149,2036416
1983-01-17,2.97149,3.00808,2.93488,2.94958,2.94958,1681166
1983-01-18,2.94218,2.97149,2.89809,2.92738,2.92738,1621046
1983-01-19,2.86898,2.93488,2.79579,2.83989,2.83989,2995052
1983-01-20,2.83249,2.86898,2.78829,2.85429,2.85429,2981938
1983-01-21,2.81798,2.85429,2.78119,2.83989,2.83989,1635252
1983-01-24,2.75939,2.78119,2.72269,2.77379,2.77379,3192898
1983-01-25,2.7516,2.78829,2.70099,2.7516,2.7516,2320620
1983-01-26,2.6932,2.77379,2.6128,2.6277,2.6277,1919460
1983-01-27,2.72269,2.79579,2.64209,2.75939,2.75939,1454896
1983-01-28,2.78829,2.83989,2.72979,2.7516,2.7516,3884825
1983-01-31,2.72979,2.75939,2.70769,2.7516,2.7516,987056
1983-02-01,2.72979,2.78119,2.6862,2.70099,2.70099,2752389
1983-02-02,2.6714,2.6932,2.6347,2.65679,2.65679,2438671
1983-02-03,2.6932,2.70769,2.6714,2.6862,2.6862,2423371
1983-02-04,2.72979,2.77379,2.6862,2.7516,2.7516,1798124
1983-02-07,2.84709,2.90539,2.78119,2.88339,2.88339,2064838
1983-02-08,2.88339,2.89809,2.86159,2.86898,2.86898,1673512
1983-02-09,2.88339,2.89809,2.86159,2.88339,2.88339,2519560
1983-02-10,2.89809,2.92028,2.88339,2.92028,2.92028,2053906
1983-02-11,2.93488,2.94958,2.90539,2.92738,2.92738,1305142
1983-02-14,2.95659,2.98598,2.92738,2.97149,2.97149,1957715
1983-02-15,2.97859,3.00048,2.96419,2.97859,2.97859,2281271
1983-02-16,2.96419,2.98598,2.93488,2.94218,2.94218,2190543
1983-02-17,2.90539,2.94218,2.86898,2.89809,2.89809,2013462
1983-02-18,2.89809,2.92738,2.87609,2.88339,2.88339,2887932
1983-02-22,2.88339,2.89809,2.86898,2.86898,2.86898,2005810
1983-02-23,2.83989,2.85429,2.8102,2.84709,2.84709,1211141
1983-02-24,2.89809,2.92738,2.86898,2.89809,2.89809,1522666
1983-02-25,2.92738,2.95659,2.88339,2.89089,2.89089,3099983
1983-02-28,2.86159,2.88339,2.83989,2.84709,2.84709,1507364
1983-03-01,2.88339,2.90539,2.85429,2.89089,2.89089,3679319
1983-03-02,2.83989,2.87609,2.79579,2.86898,2.86898,2941489
1983-03-03,2.87609,2.89809,2.85429,2.88339,2.88339,4392014
1983-03-04,2.86898,2.88339,2.84709,2.86898,2.86898,1640721
1983-03-07,2.86159,2.87609,2.84709,2.86898,2.86898,1269073
1983-03-08,2.84709,2.86898,2.8102,2.8102,2.8102,2398231
1983-03-09,2.83249,2.84709,2.80309,2.84709,2.84709,1579506
1983-03-10,2.81798,2.85429,2.78119,2.78119,2.78119,1966459
1983-03-11,2.75939,2.77379,2.7371,2.7371,2.7371,1589342
1983-03-14,2.71539,2.7371,2.6932,2.71539,2.71539,2284549
1983-03-15,2.6862,2.70769,2.65679,2.6862,2.6862,1699745
1983-03-16,2.6347,2.6932,2.5763,2.59099,2.59099,2670405
1983-03-17,2.59099,2.59829,2.5691,2.5763,2.5763,1721606
1983-03-18,2.59829,2.6128,2.5691,2.5691,2.5691,2599358
1983-03-21,2.6277,2.6714,2.5763,2.6714,2.6714,1742376
1983-03-22,2.70769,2.72979,2.6788,2.70769,2.70769,1100736
1983-03-23,2.81798,2.90539,2.72269,2.89089,2.89089,4315500
1983-03-24,2.89809,2.93488,2.86159,2.88339,2.88339,2773153
1983-03-25,2.88339,2.89809,2.86898,2.88339,2.88339,3295648
1983-03-28,2.84709,2.87609,2.80309,2.84709,2.84709,1738005
1983-03-29,2.81798,2.86159,2.77379,2.78119,2.78119,1438501
1983-03-30,2.79579,2.8102,2.77379,2.79579,2.79579,1992696
1983-03-31,2.78119,2.83249,2.72979,2.7371,2.7371,1909619
1983-04-04,2.75939,2.78119,2.72979,2.7516,2.7516,945516
1983-04-05,2.7371,2.77379,2.70769,2.71539,2.71539,1611207
1983-04-06,2.65679,2.70099,2.6128,2.6347,2.6347,4043317
1983-04-07,2.5612,2.59099,2.5396,2.5612,2.5612,5915779
1983-04-08,2.5544,2.5612,2.5396,2.5544,2.5544,3162295
1983-04-11,2.60569,2.6277,2.5691,2.59829,2.59829,2929468
1983-04-12,2.5691,2.60569,2.5396,2.5544,2.5544,2334830
1983-04-13,2.59829,2.6203,2.5612,2.60569,2.60569,3156829
1983-04-14,2.6932,2.75939,2.6203,2.7516,2.7516,4076113
1983-04-15,2.79579,2.86159,2.72979,2.80309,2.80309,2373087
1983-04-18,2.79579,2.86159,2.72979,2.83249,2.83249,2760043
1983-04-19,2.87609,2.92028,2.83989,2.86159,2.86159,4935274
1983-04-20,2.91318,2.94958,2.86898,2.93488,2.93488,4379990
1983-04-21,3.00808,3.04468,2.95659,2.98598,2.98598,6601139
1983-04-22,2.98598,3.02268,2.94218,2.98598,2.98598,5023818
1983-04-25,2.97149,3.00048,2.94218,2.95659,2.95659,2801579
1983-04-26,2.91318,2.95659,2.86159,2.91318,2.91318,2234266
1983-04-27,2.91318,2.92738,2.89089,2.91318,2.91318,1777359
1983-04-28,2.93488,2.96419,2.89089,2.94958,2.94958,1900878
1983-04-29,3.00048,3.03718,2.94958,3.01509,3.01509,1313885
1983-05-02,3.02268,3.05948,2.98598,2.99348,2.99348,2333733
1983-05-03,2.98598,3.00048,2.95659,2.97149,2.97149,3024568
1983-05-04,2.99348,3.00808,2.97149,2.99348,2.99348,2099815
1983-05-05,3.02268,3.03718,3.00048,3.03718,3.03718,1958807
1983-05-06,3.12518,3.21287,3.03718,3.17638,3.17638,2936020
1983-05-09,3.16167,3.19818,3.11038,3.16167,3.16167,1570758
1983-05-10,3.16908,3.18368,3.14659,3.16908,3.16908,2235356
1983-05-11,3.14659,3.17638,3.11038,3.11798,3.11798,1989415
1983-05-12,3.08847,3.11798,3.04468,3.06678,3.06678,1523762
1983-05-13,3.05948,3.05948,3.04468,3.05948,3.05948,5418423
1983-05-16,3.02268,3.04468,3.00048,3.00048,3.00048,7494185
1983-05-17,3.00048,3.01509,2.98598,3.01509,3.01509,2343572
1983-05-18,3.00048,3.03718,2.98598,2.99348,2.99348,2913069
1983-05-19,3.00048,3.02268,2.94958,2.95659,2.95659,2326085
1983-05-20,2.94218,2.94958,2.89089,2.93488,2.93488,2485675
1983-05-23,2.88339,2.94218,2.88339,2.89089,2.89089,4725406
1983-05-24,2.89809,2.97149,2.88339,2.97149,2.97149,5289437
1983-05-25,2.99348,3.02268,2.96419,3.00808,3.00808,3251927
1983-05-26,3.03718,3.08847,3.01509,3.07388,3.07388,4128585
1983-05-27,3.07388,3.11038,3.07388,3.08128,3.08128,2087793
1983-05-31,3.06678,3.10308,3.01509,3.02989,3.02989,1941318
1983-06-01,3.03718,3.06678,3.01509,3.05948,3.05948,1442871
1983-06-02,3.05948,3.06678,3.02268,3.04468,3.04468,1415545
1983-06-03,3.04468,3.05948,3.02989,3.04468,3.04468,1486597
1983-06-06,3.03718,3.04468,3.00048,3.02989,3.02989,1039525
1983-06-07,3.02989,3.06678,3.00048,3.00808,3.00808,2016742
1983-06-08,3.00808,3.00808,2.96419,2.96419,2.96419,1530318
1983-06-09,2.98598,3.00808,2.94958,2.99348,2.99348,668969
1983-06-10,3.00808,3.01509,2.94218,2.95659,2.95659,2274712
1983-06-13,2.97149,3.02268,2.94958,3.00048,3.00048,4629216
1983-06-14,3.01509,3.05948,2.99348,3.00048,3.00048,3288002
1983-06-15,3.00048,3.08847,2.98598,3.08847,3.08847,4370155
1983-06-16,3.12518,3.17638,3.12518,3.14659,3.14659,3607183
1983-06-17,3.15447,3.15447,3.08128,3.09578,3.09578,2324993
1983-06-20,3.11038,3.11038,3.08128,3.08128,3.08128,1022033
1983-06-21,3.08128,3.08128,3.02989,3.05948,3.05948,1529224
1983-06-22,3.04468,3.07388,3.01509,3.01509,3.01509,3834545
1983-06-23,3.01509,3.03718,3.00808,3.02989,3.02989,1610115
1983-06-24,3.03718,3.05948,3.02268,3.04468,3.04468,2024391
1983-06-27,3.04468,3.04468,3.00048,3.02989,3.02989,1512822
1983-06-28,3.02268,3.05948,2.99348,3.00048,3.00048,1747842
1983-06-29,3.00048,3.02268,2.99348,3.00808,3.00808,1164139
1983-06-30,3.02989,3.06678,2.99348,3.06678,3.06678,1754402
1983-07-01,3.04468,3.04468,3.00048,3.03718,3.03718,1368543
1983-07-05,3.01509,3.02268,2.97149,3.00048,3.00048,3278158
1983-07-06,2.99348,3.00808,2.96419,2.99348,2.99348,2755669
1983-07-07,2.97149,3.00048,2.95659,2.98598,2.98598,1063572
1983-07-08,2.96419,3.00048,2.96419,2.98598,2.98598,597916
1983-07-11,2.94958,2.95659,2.91318,2.92738,2.92738,2384021
1983-07-12,2.92028,2.94958,2.87609,2.88339,2.88339,3166663
1983-07-13,2.88339,2.92738,2.88339,2.91318,2.91318,1112757
1983-07-14,2.93488,2.98598,2.92738,2.94958,2.94958,1412265
1983-07-15,2.95659,2.95659,2.89089,2.89809,2.89809,1473475
1983-07-18,2.89089,2.89089,2.82509,2.85429,2.85429,1779541
1983-07-19,2.87609,2.92028,2.86898,2.89809,2.89809,1647276
1983-07-20,2.93488,2.94218,2.87609,2.91318,2.91318,4365781
1983-07-21,2.92028,2.92738,2.85429,2.89089,2.89089,3497874
1983-07-22,2.89809,2.94218,2.85429,2.93488,2.93488,2192731
1983-07-25,2.92028,2.93488,2.88339,2.92738,2.92738,1015480
1983-07-26,2.91318,2.92738,2.89089,2.92028,2.92028,1586063
1983-07-27,2.94218,2.94218,2.86159,2.86898,2.86898,1433034
1983-07-28,2.86898,2.89089,2.85429,2.88339,2.88339,1096367
1983-07-29,2.87609,2.91318,2.86159,2.87609,2.87609,752043
1983-08-01,2.86898,2.88339,2.86159,2.86159,2.86159,913813
1983-08-02,2.85429,2.92738,2.83989,2.89089,2.89089,1334657
1983-08-03,2.89089,2.89809,2.82509,2.88339,2.88339,3623578
1983-08-04,2.88339,2.89089,2.7516,2.77379,2.77379,4569094
1983-08-05,2.77379,2.78119,2.71539,2.72269,2.72269,6938904
1983-08-08,2.6639,2.6714,2.6203,2.65679,2.65679,2761132
1983-08-09,2.65679,2.72269,2.64209,2.72269,2.72269,1324820
1983-08-10,2.6788,2.72269,2.6788,2.72269,2.72269,1704118
1983-08-11,2.72269,2.72269,2.5691,2.60569,2.60569,6626282
1983-08-12,2.60569,2.64209,2.5612,2.6347,2.6347,3305487
1983-08-15,2.70099,2.72269,2.60569,2.6128,2.6128,6468877
1983-08-16,2.5466,2.5466,2.5029,2.5029,2.5029,9500001
1983-08-17,2.5029,2.525,2.45901,2.4738,2.4738,5439190
1983-08-18,2.4738,2.4881,2.4444,2.4521,2.4521,5268669
1983-08-19,2.46651,2.4881,2.4444,2.4521,2.4521,4037860
1983-08-22,2.5691,2.59099,2.525,2.59099,2.59099,5597686
1983-08-23,2.6203,2.65679,2.59099,2.6203,2.6203,4023644
1983-08-24,2.64919,2.6714,2.60569,2.6203,2.6203,3509895
1983-08-25,2.6347,2.65679,2.59099,2.6128,2.6128,4624839
1983-08-26,2.60569,2.6128,2.5763,2.60569,2.60569,2823443
1983-08-29,2.59829,2.59829,2.5175,2.5763,2.5763,2890115
1983-08-30,2.5763,2.5834,2.5175,2.5396,2.5396,6146421
1983-08-31,2.5324,2.5763,2.5175,2.5691,2.5691,1909619
1983-09-01,2.5834,2.60569,2.5691,2.60569,2.60569,2382927
1983-09-02,2.60569,2.6203,2.5763,2.6128,2.6128,2284549
1983-09-06,2.6639,2.6639,2.59829,2.6128,2.6128,6221839
1983-09-07,2.64209,2.6714,2.6203,2.6347,2.6347,4355942
1983-09-08,2.6347,2.71539,2.6128,2.71539,2.71539,2386203
1983-09-09,2.71539,2.92028,2.6862,2.71539,2.71539,1167414
1983-09-12,2.82509,2.84709,2.72979,2.7446,2.7446,3476012
1983-09-13,2.7446,2.7516,2.71539,2.71539,2.71539,1579506
1983-09-14,2.72979,2.7446,2.71539,2.72269,2.72269,1403519
1983-09-15,2.7371,2.75939,2.72269,2.7371,2.7371,1119318
1983-09-16,2.7516,2.85429,2.7446,2.82509,2.82509,1680077
1983-09-19,2.83989,2.91318,2.81798,2.88339,2.88339,2199281
1983-09-20,2.91318,2.94958,2.89809,2.92738,2.92738,2026580
1983-09-21,2.91318,2.94218,2.88339,2.92738,2.92738,2005810
1983-09-22,2.92028,3.00048,2.92028,2.97859,2.97859,4853300
1983-09-23,2.97859,3.00808,2.88339,2.98598,2.98598,4976817
1983-09-26,3.00048,3.02268,2.95659,3.00048,3.00048,3507707
1983-09-27,3.00048,3.00808,2.92738,2.94218,2.94218,3660739
1983-09-28,2.92028,2.92028,2.86898,2.88339,2.88339,2129329
1983-09-29,2.88339,2.89809,2.84709,2.86159,2.86159,668969
1983-09-30,2.86898,2.86898,2.82509,2.85429,2.85429,693013
1983-10-03,2.82509,2.85429,2.8102,2.85429,2.85429,1320445
1983-10-04,2.86159,2.86898,2.83989,2.85429,2.85429,999078
1983-10-05,2.85429,2.89089,2.83989,2.89089,2.89089,1708494
1983-10-06,2.89809,2.94958,2.89089,2.94958,2.94958,2432117
1983-10-07,2.95659,2.98598,2.91318,2.92028,2.92028,2614661
1983-10-10,2.88339,2.89089,2.86159,2.89089,2.89089,890863
1983-10-11,2.87609,2.87609,2.80309,2.8102,2.8102,1384938
1983-10-12,2.79579,2.82509,2.78829,2.8102,2.8102,910539
1983-10-13,2.80309,2.82509,2.78829,2.82509,2.82509,3327350
1983-10-14,2.81798,2.82509,2.79579,2.81798,2.81798,1459270
1983-10-17,2.82509,2.85429,2.8102,2.82509,2.82509,738929
1983-10-18,2.8102,2.86159,2.78829,2.80309,2.80309,1654929
1983-10-19,2.78829,2.86898,2.78119,2.83989,2.83989,2096537
1983-10-20,2.81798,2.82509,2.78119,2.78829,2.78829,964100
1983-10-21,2.78119,2.78119,2.6862,2.72269,2.72269,2016742
1983-10-24,2.70769,2.71539,2.6639,2.6788,2.6788,1132435
1983-10-25,2.72269,2.7371,2.6788,2.72269,2.72269,1854963
1983-10-26,2.7371,2.7371,2.6862,2.6932,2.6932,1104017
1983-10-27,2.71539,2.71539,2.60569,2.6128,2.6128,3233344
1983-10-28,2.6277,2.6277,2.5834,2.6128,2.6128,1394779
1983-10-31,2.6128,2.6128,2.5544,2.5834,2.5834,3567830
1983-11-01,2.59099,2.59829,2.5544,2.5691,2.5691,4189795
1983-11-02,2.59099,2.6932,2.59099,2.6862,2.6862,3902314
1983-11-03,2.70769,2.71539,2.6788,2.6788,2.6788,1836384
1983-11-04,2.6788,2.7516,2.65679,2.7516,2.7516,1617765
1983-11-07,2.78829,2.86898,2.78829,2.85429,2.85429,2875906
1983-11-08,2.85429,2.85429,2.78829,2.80309,2.80309,2212404
1983-11-09,2.80309,2.86898,2.79579,2.83989,2.83989,1649470
1983-11-10,2.85429,2.88339,2.85429,2.86898,2.86898,1506270
1983-11-11,2.87609,2.91318,2.86898,2.90539,2.90539,1214418
1983-11-14,2.91318,2.92738,2.86898,2.87609,2.87609,2353409
1983-11-15,2.86898,2.86898,2.78119,2.81798,2.81798,2121676
1983-11-16,2.83989,2.84709,2.80309,2.81798,2.81798,1379474
1983-11-17,2.83989,2.89089,2.79579,2.88339,2.88339,5057704
1983-11-18,2.86898,2.86898,2.81798,2.85429,2.85429,1500805
1983-11-21,2.80309,2.90539,2.80309,2.90539,2.90539,4230241
1983-11-22,2.92028,2.92028,2.88339,2.90539,2.90539,3673862
1983-11-23,2.89089,2.90539,2.87609,2.89089,2.89089,2657289
1983-11-25,2.91318,2.92738,2.90539,2.92738,2.92738,1750031
1983-11-28,2.92028,2.92738,2.88339,2.89089,2.89089,2244103
1983-11-29,2.90539,2.92738,2.89089,2.92738,2.92738,1578416
1983-11-30,2.93488,2.97149,2.91318,2.94958,2.94958,3103268
1983-12-01,2.94218,2.97859,2.92738,2.93488,2.93488,2256126
1983-12-02,2.93488,3.00048,2.92738,2.99348,2.99348,1982858
1983-12-05,2.98598,3.06678,2.97149,3.04468,3.04468,3070474
1983-12-06,3.06678,3.10308,3.05948,3.05948,3.05948,3086869
1983-12-07,3.05948,3.14659,3.05948,3.14659,3.14659,4851112
1983-12-08,3.14007,3.21287,3.13228,3.17638,3.17638,6269937
1983-12-09,3.14659,3.14659,3.11798,3.13228,3.13228,3255205
1983-12-12,3.13228,3.13228,3.07388,3.08847,3.08847,1603554
1983-12-13,3.08847,3.16908,3.08128,3.14659,3.14659,3439938
1983-12-14,3.14659,3.16908,3.12518,3.13228,3.13228,1611207
1983-12-15,3.13228,3.14007,3.12518,3.13228,3.13228,3116388
1983-12-16,3.11798,3.11798,3.05948,3.10308,3.10308,2821255
1983-12-19,3.10308,3.18368,3.10308,3.14659,3.14659,1717238
1983-12-20,3.13228,3.18368,3.12518,3.14007,3.14007,1743469
1983-12-21,3.12518,3.17638,3.11038,3.15447,3.15447,3027841
1983-12-22,3.18368,3.19818,3.16908,3.19127,3.19127,3430098
1983-12-23,3.18368,3.19127,3.17638,3.18368,3.18368,1842941
1983-12-27,3.18368,3.19818,3.17638,3.19818,3.19818,1202392
1983-12-28,3.19127,3.19818,3.12518,3.12518,3.12518,1085432
1983-12-29,3.14007,3.14007,3.11038,3.12518,3.12518,1191467
1983-12-30,3.11798,3.14659,3.11038,3.11798,3.11798,914912
1984-01-03,3.11038,3.11038,3.02268,3.02268,3.02268,1424289
1984-01-04,3.03718,3.21287,3.03718,3.19818,3.19818,3437753
1984-01-05,3.27887,3.29367,3.21287,3.23487,3.23487,5457775
1984-01-06,3.21287,3.23487,3.19127,3.20587,3.20587,2532678
1984-01-09,3.20587,3.26437,3.19818,3.24228,3.24228,3527386
1984-01-10,3.22027,3.30808,3.22027,3.25707,3.25707,3703370
1984-01-11,3.23487,3.27887,3.23487,3.25707,3.25707,2539236
1984-01-12,3.25707,3.32997,3.25707,3.30808,3.30808,3283628
1984-01-13,3.31547,3.34467,3.30058,3.32267,3.32267,4289266
1984-01-16,3.32997,3.34467,3.27107,3.30808,3.30808,4306757
1984-01-17,3.30808,3.31547,3.27887,3.30808,3.30808,1568579
1984-01-18,3.30058,3.31547,3.19818,3.27107,3.27107,6273212
1984-01-19,3.27107,3.28617,3.19818,3.19818,3.19818,2942585
1984-01-20,3.21287,3.24948,3.14007,3.24228,3.24228,6131113
1984-01-23,3.23487,3.27887,3.20587,3.24948,3.24948,3280350
1984-01-24,3.24948,3.30808,3.24948,3.25707,3.25707,4747269
1984-01-25,3.27107,3.32267,3.26437,3.26437,3.26437,4841274
1984-01-26,3.32267,3.32997,3.24948,3.26437,3.26437,3611550
1984-01-27,3.26437,3.26437,3.21287,3.25707,3.25707,2418995
1984-01-30,3.25707,3.26437,3.16167,3.17638,3.17638,2100912
1984-01-31,3.19127,3.24228,3.16167,3.21287,3.21287,1768612
1984-02-01,3.21287,3.25707,3.14659,3.14659,3.14659,3331720
1984-02-02,3.15447,3.24228,3.15447,3.23487,3.23487,3825801
1984-02-03,3.21287,3.24228,3.15447,3.15447,3.15447,3389658
1984-02-06,3.08847,3.14007,3.07388,3.09578,3.09578,2482396
1984-02-07,3.08128,3.12518,3.02989,3.12518,3.12518,5139679
1984-02-08,3.12518,3.12518,2.97859,3.00808,3.00808,5654532
1984-02-09,3.00808,3.05188,2.97149,2.97149,2.97149,4711195
1984-02-10,2.97859,3.00808,2.97149,2.97859,2.97859,1836384
1984-02-13,2.95659,3.00808,2.95659,3.00048,3.00048,2600449
1984-02-14,3.00048,3.07388,3.00048,3.07388,3.07388,1969740
1984-02-15,3.12518,3.12518,3.05188,3.05948,3.05948,4781153
1984-02-16,3.05188,3.06678,3.02989,3.06678,3.06678,1273440
1984-02-17,3.06678,3.06678,3.00048,3.00048,3.00048,1598090
1984-02-21,3.00048,3.01509,2.94958,2.95659,2.95659,750949
1984-02-22,2.99348,3.01509,2.94958,2.97859,2.97859,2221149
1984-02-23,3.00808,3.02268,2.96419,3.00808,3.00808,3587502
1984-02-24,2.99348,3.12518,2.99348,3.12518,3.12518,3702280
1984-02-27,3.10308,3.10308,3.05948,3.08128,3.08128,1897595
1984-02-28,3.07388,3.07388,2.96419,3.00048,3.00048,2539236
1984-02-29,3.00048,3.03718,2.99348,3.01509,3.01509,1774076
1984-03-01,2.99348,3.05188,2.96419,2.96419,2.96419,2296569
1984-03-02,2.96419,3.03718,2.96419,3.01509,3.01509,1873553
1984-03-05,3.01509,3.02268,2.99348,3.00048,3.00048,1971928
1984-03-06,3.00048,3.08847,3.00048,3.06678,3.06678,1871363
1984-03-07,3.06678,3.07388,3.03718,3.06678,3.06678,1863709
1984-03-08,3.05948,3.05948,3.02268,3.02989,3.02989,2506446
1984-03-09,3.02989,3.03718,3.00808,3.02268,3.02268,1809058
1984-03-12,3.03718,3.24228,3.03718,3.22027,3.22027,4507884
1984-03-13,3.22027,3.24948,3.20587,3.20587,3.20587,3521920
1984-03-14,3.22027,3.28617,3.20587,3.25707,3.25707,4255378
1984-03-15,3.24228,3.26437,3.20587,3.21287,3.21287,1547809
1984-03-16,3.30808,3.31547,3.25707,3.28617,3.28617,7612242
1984-03-19,3.26437,3.30808,3.25707,3.30808,3.30808,1918371
1984-03-20,3.30808,3.32267,3.30058,3.32267,3.32267,4064087
1984-03-21,3.32267,3.34467,3.30058,3.32997,3.32997,2635429
1984-03-22,3.31547,3.31547,3.24228,3.26437,3.26437,2307502
1984-03-23,3.24948,3.27887,3.23487,3.27887,3.27887,3917619
1984-03-26,3.30808,3.37386,3.30058,3.32997,3.32997,6345357
1984-03-27,3.32267,3.34467,3.31547,3.32267,3.32267,1959897
1984-03-28,3.31547,3.49116,3.31547,3.49116,3.49116,6201068
1984-03-29,3.49116,3.50576,3.45437,3.49826,3.49826,4044419
1984-03-30,3.49116,3.49116,3.38127,3.40327,3.40327,2061555
1984-04-02,3.41027,3.43276,3.35907,3.40327,3.40327,2483490
1984-04-03,3.40327,3.40327,3.37386,3.38127,3.38127,2305317
1984-04-04,3.38867,3.43276,3.38867,3.41027,3.41027,1276726
1984-04-05,3.40327,3.42516,3.36666,3.36666,3.36666,1770796
1984-04-06,3.36666,3.42516,3.36666,3.40327,3.40327,3602806
1984-04-09,3.39577,3.40327,3.30058,3.30058,3.30058,3167759
1984-04-10,3.30058,3.36666,3.30058,3.32997,3.32997,2827811
1984-04-11,3.33747,3.34467,3.05948,3.05948,3.05948,14151077
1984-04-12,3.05948,3.11798,2.97859,3.11798,3.11798,16683752
1984-04-13,3.11798,3.14659,3.02268,3.05948,3.05948,5618460
1984-04-16,3.05188,3.06678,3.02989,3.06678,3.06678,2175239
1984-04-17,3.07388,3.13228,3.06678,3.12518,3.12518,4009439
1984-04-18,3.11798,3.14659,3.11798,3.12518,3.12518,2095444
1984-04-19,3.12518,3.16908,3.12518,3.14007,3.14007,3208203
1984-04-23,3.15447,3.18368,3.14659,3.14659,3.14659,1866989
1984-04-24,3.15447,3.24228,3.14659,3.21287,3.21287,3336094
1984-04-25,3.21287,3.29367,3.21287,3.29367,3.29367,4136230
1984-04-26,3.30058,3.31547,3.27107,3.27107,3.27107,4707915
1984-04-27,3.27107,3.27107,3.17638,3.17638,3.17638,1989415
1984-04-30,3.17638,3.18368,3.11038,3.14659,3.14659,5327698
1984-05-01,3.14007,3.16908,3.09578,3.11798,3.11798,2596076
1984-05-02,3.09578,3.12518,3.08847,3.11038,3.11038,3725235
1984-05-03,3.11038,3.11038,3.06678,3.08128,3.08128,2061555
1984-05-04,3.07388,3.11798,3.06678,3.08128,3.08128,4386546
1984-05-07,3.08847,3.12518,3.08847,3.11798,3.11798,2166496
1984-05-08,3.11798,3.17638,3.11798,3.17638,3.17638,2827811
1984-05-09,3.17638,3.17638,3.12518,3.13228,3.13228,1975205
1984-05-10,3.14659,3.16908,3.11038,3.13228,3.13228,3300026
1984-05-11,3.12518,3.13228,3.05948,3.08128,3.08128,2719596
1984-05-14,3.08128,3.08128,3.02268,3.02268,3.02268,2788456
1984-05-15,3.02268,3.03718,2.99348,3.02268,3.02268,4346105
1984-05-16,3.01509,3.03718,3.00048,3.02268,3.02268,2756759
1984-05-17,2.97859,3.00048,2.94218,2.97149,2.97149,3973366
1984-05-18,2.97859,2.99348,2.94958,2.97149,2.97149,2780807
1984-05-21,2.97149,2.97149,2.86159,2.86159,2.86159,2495516
1984-05-22,2.83249,2.84709,2.78119,2.78829,2.78829,4154811
1984-05-23,2.78829,2.81798,2.78119,2.78829,2.78829,2908699
1984-05-24,2.78829,2.80309,2.71539,2.7446,2.7446,2182890
1984-05-25,2.72979,2.78829,2.71539,2.7371,2.7371,1838566
1984-05-29,2.7516,2.76669,2.64919,2.6714,2.6714,1319352
1984-05-30,2.6714,2.7446,2.6277,2.72269,2.72269,3031122
1984-05-31,2.72269,2.7371,2.6788,2.72979,2.72979,1649470
1984-06-01,2.7446,2.79579,2.7446,2.79579,2.79579,1833105
1984-06-04,2.80309,2.85429,2.80309,2.84709,2.84709,3249740
1984-06-05,2.84709,2.87609,2.83989,2.87609,2.87609,2581869
1984-06-06,2.86159,2.89089,2.83249,2.84709,2.84709,2420091
1984-06-07,2.84709,2.84709,2.77379,2.78119,2.78119,4918879
1984-06-08,2.77379,2.78119,2.6788,2.6788,2.6788,2585146
1984-06-11,2.6862,2.70769,2.65679,2.65679,2.65679,3785353
1984-06-12,2.6639,2.6714,2.6203,2.6203,2.6203,3797375
1984-06-13,2.6277,2.64919,2.6128,2.6277,2.6277,2314060
1984-06-14,2.6347,2.65679,2.60569,2.6347,2.6347,1111669
1984-06-15,2.6277,2.6788,2.6128,2.6128,2.6128,3446495
1984-06-18,2.6277,2.6277,2.5763,2.6277,2.6277,6016340
1984-06-19,2.6347,2.64919,2.59829,2.6128,2.6128,1463643
1984-06-20,2.59099,2.60569,2.5324,2.5691,2.5691,2824527
1984-06-21,2.59099,2.6203,2.5544,2.59829,2.59829,4165746
1984-06-22,2.59829,2.60569,2.5175,2.5612,2.5612,2563281
1984-06-25,2.5612,2.5612,2.4738,2.4812,2.4812,4711195
1984-06-26,2.4881,2.4881,2.41521,2.41521,2.41521,6640489
1984-06-27,2.4372,2.4444,2.36371,2.38591,2.38591,4150445
1984-06-28,2.38591,2.5029,2.3786,2.4812,2.4812,2432117
1984-06-29,2.5029,2.5396,2.4958,2.5103,2.5103,2165403
1984-07-02,2.5396,2.5396,2.4521,2.4738,2.4738,2510814
1984-07-03,2.4738,2.5103,2.4738,2.5103,2.5103,1108393
1984-07-05,2.5396,2.5466,2.4958,2.5029,2.5029,1793753
1984-07-06,2.4958,2.5029,2.4738,2.4738,2.4738,1818897
1984-07-09,2.4521,2.5763,2.42231,2.5763,2.5763,1628695
1984-07-10,2.5763,2.5763,2.5175,2.5466,2.5466,1875733
1984-07-11,2.5324,2.5324,2.4881,2.4881,2.4881,916009
1984-07-12,2.4881,2.5029,2.4738,2.4812,2.4812,1447243
1984-07-13,2.4958,2.5029,2.4812,2.4958,2.4958,1472385
1984-07-16,2.5175,2.5544,2.4881,2.5466,2.5466,1934758
1984-07-17,2.5396,2.5396,2.4738,2.4738,2.4738,1148826
1984-07-18,2.5175,2.5175,2.4372,2.45901,2.45901,858070
1984-07-19,2.4738,2.4738,2.4372,2.4444,2.4444,705041
1984-07-20,2.4372,2.4444,2.31981,2.33471,2.33471,2249565
1984-07-23,2.31981,2.34921,2.28341,2.34921,2.34921,2745825
1984-07-24,2.38591,2.38591,2.31261,2.31981,2.31981,1118222
1984-07-25,2.29821,2.34921,2.29061,2.29061,2.29061,3861869
1984-07-26,2.29821,2.31981,2.26881,2.31261,2.31261,7140031
1984-07-27,2.31261,2.31981,2.29061,2.31981,2.31981,2546889
1984-07-30,2.32731,2.33471,2.29061,2.29061,2.29061,1606831
1984-07-31,2.29061,2.34201,2.29061,2.32731,2.32731,1704118
1984-08-01,2.34921,2.42231,2.34921,2.40761,2.40761,2276898
1984-08-02,2.43,2.59829,2.43,2.59099,2.59099,6209816
1984-08-03,2.70769,2.72269,2.6347,2.64209,2.64209,7089746
1984-08-06,2.64209,2.6932,2.5834,2.60569,2.60569,2878092
1984-08-07,2.5691,2.6128,2.5029,2.5029,2.5029,2579680
1984-08-08,2.5175,2.5324,2.3712,2.43,2.43,1733636
1984-08-09,2.43,2.65679,2.43,2.6347,2.6347,4280516
1984-08-10,2.70769,2.71539,2.6203,2.64209,2.64209,3086869
1984-08-13,2.6347,2.64919,2.59829,2.64209,2.64209,1390406
1984-08-14,2.6639,2.6639,2.5544,2.5612,2.5612,1665860
1984-08-15,2.5544,2.59829,2.5396,2.5466,2.5466,1982858
1984-08-16,2.5396,2.6128,2.5324,2.59829,2.59829,2522842
1984-08-17,2.6128,2.6347,2.5544,2.5691,2.5691,972841
1984-08-20,2.5834,2.6128,2.5834,2.6128,2.6128,1188184
1984-08-21,2.6203,2.6639,2.6203,2.65679,2.65679,2858420
1984-08-22,2.6714,2.6788,2.64209,2.65679,2.65679,3286908
1984-08-23,2.65679,2.6714,2.64209,2.64919,2.64919,1267976
1984-08-24,2.65679,2.65679,2.6203,2.64209,2.64209,801229
1984-08-27,2.64919,2.70769,2.6347,2.70769,2.70769,843863
1984-08-28,2.70769,2.70769,2.64919,2.6714,2.6714,1357609
1984-08-29,2.6639,2.6714,2.6347,2.6347,2.6347,3685880
1984-08-30,2.64209,2.65679,2.6203,2.6347,2.6347,1111669
1984-08-31,2.64919,2.64919,2.6203,2.6347,2.6347,675527
1984-09-04,2.64209,2.6639,2.64209,2.65679,2.65679,973936
1984-09-05,2.64209,2.64209,2.5834,2.59099,2.59099,2261592
1984-09-06,2.5834,2.59099,2.5691,2.59099,2.59099,2345754
1984-09-07,2.5834,2.59099,2.4881,2.4958,2.4958,2622311
1984-09-10,2.4812,2.5103,2.4444,2.5029,2.5029,2257223
1984-09-11,2.5175,2.5544,2.5029,2.5175,2.5175,1523762
1984-09-12,2.5175,2.60569,2.5175,2.60569,2.60569,1328098
1984-09-13,2.6203,2.6639,2.59829,2.6639,2.6639,1501898
1984-09-14,2.33471,2.34921,2.29821,2.33471,2.33471,17839144
1984-09-17,2.34921,2.3786,2.34201,2.34921,2.34921,6057877
1984-09-18,2.34921,2.34921,2.32731,2.33471,2.33471,4170118
1984-09-19,2.33471,2.34201,2.29821,2.29821,2.29821,6164998
1984-09-20,2.29821,2.32731,2.29061,2.31981,2.31981,5783515
1984-09-21,2.31981,2.45901,2.31981,2.34921,2.34921,9128347
1984-09-24,2.36371,2.40761,2.36371,2.40061,2.40061,2418995
1984-09-25,2.42231,2.43,2.3786,2.3786,2.3786,2808136
1984-09-26,2.3786,2.42231,2.3786,2.39311,2.39311,2024391
1984-09-27,2.40761,2.42231,2.40061,2.40761,2.40761,1604650
1984-09-28,2.40761,2.40761,2.34201,2.3712,2.3712,2652914
1984-10-01,2.34921,2.36371,2.33471,2.34921,2.34921,2047346
1984-10-02,2.36371,2.3712,2.33471,2.34921,2.34921,2659475
1984-10-03,2.34201,2.34201,2.31981,2.32731,2.32731,2563281
1984-10-04,2.31981,2.33471,2.28341,2.29061,2.29061,5552872
1984-10-05,2.29821,2.29821,2.10792,2.13712,2.13712,11499255
1984-10-08,2.12962,2.12962,2.07132,2.11462,2.11462,4874063
1984-10-09,2.11462,2.12962,2.07132,2.07842,2.07842,5038026
1984-10-10,2.09311,2.22511,1.96181,2.06372,2.06372,7559772
1984-10-11,2.16631,2.17372,2.10052,2.12962,2.12962,7802442
1984-10-12,2.13712,2.15181,2.07132,2.09311,2.09311,6289610
1984-10-15,2.10052,2.11462,2.07842,2.09311,2.09311,3509895
1984-10-16,2.10052,2.10052,2.04202,2.04922,2.04922,4228049
1984-10-17,2.04922,2.04922,1.99072,2.02002,2.02002,4756011
1984-10-18,2.00552,2.17372,1.99832,2.17372,2.17372,6974974
1984-10-19,2.17372,2.29061,2.15901,2.18102,2.18102,2839837
1984-10-22,2.16631,2.20291,2.15901,2.16631,2.16631,2493326
1984-10-23,2.17372,2.18102,2.15901,2.18102,2.18102,2203656
1984-10-24,2.17372,2.23241,2.17372,2.22511,2.22511,3951502
1984-10-25,2.23961,2.23961,2.15181,2.15901,2.15901,3068291
1984-10-26,2.15181,2.15901,2.07842,2.10792,2.10792,6264466
1984-10-29,2.10052,2.12262,2.09311,2.10792,2.10792,2322802
1984-10-30,2.10052,2.10052,2.07132,2.09311,2.09311,2030951
1984-10-31,2.10052,2.10792,2.07842,2.10792,2.10792,1377288
1984-11-01,2.10052,2.12262,2.09311,2.10052,2.10052,3374347
1984-11-02,2.11462,2.20291,2.10792,2.16631,2.16631,4801924
1984-11-05,2.17372,2.22511,2.16631,2.22511,2.22511,4166838
1984-11-06,2.23241,2.26881,2.21741,2.26881,2.26881,6049133
1984-11-07,2.26881,2.31261,2.25441,2.29061,2.29061,3564548
1984-11-08,2.29061,2.32731,2.28341,2.29061,2.29061,3574387
1984-11-09,2.31981,2.31981,2.26881,2.26881,2.26881,1202392
1984-11-12,2.27601,2.28341,2.25441,2.26881,2.26881,1227537
1984-11-13,2.27601,2.28341,2.25441,2.26141,2.26141,1270163
1984-11-14,2.25441,2.26881,2.21741,2.25441,2.25441,1595903
1984-11-15,2.23241,2.23241,2.18852,2.21041,2.21041,2347947
1984-11-16,2.21741,2.22511,2.18102,2.18102,2.18102,1462548
1984-11-19,2.18852,2.18852,2.12962,2.12962,2.12962,1683350
1984-11-20,2.12962,2.15181,2.12262,2.12962,2.12962,1447243
1984-11-21,2.12262,2.12262,2.06372,2.10052,2.10052,2999426
1984-11-23,2.10792,2.10792,2.09311,2.10052,2.10052,3284722
1984-11-26,2.10052,2.13712,2.07842,2.11462,2.11462,3924175
1984-11-27,2.12262,2.16631,2.11462,2.15181,2.15181,1733636
1984-11-28,2.15181,2.15901,2.10052,2.11462,2.11462,1824359
1984-11-29,2.12262,2.13712,2.10052,2.10792,2.10792,2401504
1984-11-30,2.10792,2.11462,2.07132,2.10052,2.10052,2316245
1984-12-03,2.09311,2.10052,2.04922,2.06372,2.06372,2472558
1984-12-04,2.07842,2.09311,2.05652,2.06372,2.06372,2126051
1984-12-05,2.07132,2.07132,2.01302,2.02713,2.02713,1769711
1984-12-06,2.02713,2.07842,2.01302,2.07842,2.07842,2981938
1984-12-07,2.07842,2.07842,2.04922,2.05652,2.05652,1341216
1984-12-10,2.04202,2.05652,2.01302,2.02713,2.02713,1487691
1984-12-11,2.04202,2.04922,2.02002,2.04202,2.04202,1096367
1984-12-12,2.04202,2.04202,1.97612,2.02002,2.02002,1729257
1984-12-13,2.02002,2.02002,1.92472,1.94692,1.94692,3103268
1984-12-14,1.95432,1.99072,1.94692,1.96181,1.96181,4063002
1984-12-17,1.95432,2.02713,1.91023,2.00552,2.00552,3723047
1984-12-18,2.04202,2.10052,2.04202,2.10052,2.10052,8566504
1984-12-19,2.10792,2.12262,2.09311,2.10792,2.10792,3455237
1984-12-20,2.10792,2.10792,2.04202,2.04922,2.04922,1692093
1984-12-21,2.04202,2.04922,1.96863,2.00552,2.00552,2457249
1984-12-24,2.00552,2.10052,1.99832,2.10052,2.10052,3701190
1984-12-26,2.10052,2.10792,2.06372,2.06372,2.06372,2615752
1984-12-27,2.09311,2.10052,2.06372,2.07842,2.07842,3934013
1984-12-28,2.07842,2.10792,2.07842,2.10792,2.10792,3759117
1984-12-31,2.10052,2.12962,2.09311,2.10792,2.10792,2968817
1985-01-02,2.10792,2.11462,2.09311,2.10792,2.10792,1613390
1985-01-03,2.10052,2.12262,2.09311,2.10052,2.10052,2694462
1985-01-04,2.09311,2.10792,2.09311,2.10792,2.10792,1613390
1985-01-07,2.12262,2.15181,2.09311,2.09311,2.09311,2743641
1985-01-08,2.09311,2.10792,2.04202,2.04202,2.04202,2533772
1985-01-09,2.04202,2.07842,2.04202,2.07132,2.07132,1424289
1985-01-10,2.06372,2.06372,2.02002,2.04202,2.04202,3610457
1985-01-11,2.04202,2.04202,1.99072,1.99832,1.99832,2541423
1985-01-14,1.99832,2.04922,1.97612,2.04202,2.04202,3912152
1985-01-15,2.05652,2.06372,2.01302,2.04922,2.04922,2749105
1985-01-16,2.05652,2.06372,2.02713,2.04922,2.04922,6652518
1985-01-17,2.06372,2.09311,2.04922,2.07842,2.07842,2455066
1985-01-18,2.07842,2.07842,2.01302,2.07132,2.07132,6769477
1985-01-21,2.07132,2.19562,2.07132,2.18102,2.18102,3228973
1985-01-22,2.21741,2.22511,2.14422,2.20291,2.20291,4338449
1985-01-23,2.20291,2.28341,2.19562,2.26881,2.26881,5583475
1985-01-24,2.26881,2.35681,2.26141,2.28341,2.28341,3686973
1985-01-25,2.28341,2.31981,2.27601,2.29821,2.29821,2032044
1985-01-28,2.3055,2.31261,2.26881,2.27601,2.27601,2087793
1985-01-29,2.29821,2.33471,2.28341,2.33471,2.33471,3524105
1985-01-30,2.34921,2.35681,2.27601,2.3055,2.3055,4058623
1985-01-31,2.28341,2.3055,2.26881,2.27601,2.27601,2945863
1985-02-01,2.28341,2.3055,2.26881,2.29821,2.29821,1447243
1985-02-04,2.28341,2.31261,2.27601,2.29821,2.29821,1911807
1985-02-05,2.29821,2.3055,2.24682,2.26141,2.26141,2134790
1985-02-06,2.27601,2.27601,2.24682,2.26141,2.26141,1349957
1985-02-07,2.25441,2.27601,2.24682,2.26881,2.26881,2054997
1985-02-08,2.3055,2.36371,2.26881,2.36371,2.36371,3119663
1985-02-11,2.35681,2.35681,2.28341,2.3055,2.3055,2411345
1985-02-12,2.29821,2.29821,2.22511,2.22511,2.22511,2191636
1985-02-13,2.23241,2.26141,2.21741,2.23241,2.23241,2002533
1985-02-14,2.22511,2.24682,2.20291,2.20291,2.20291,2731617
1985-02-15,2.21741,2.22511,2.17372,2.18102,2.18102,2114027
1985-02-19,2.17372,2.17372,2.15181,2.16631,2.16631,1311701
1985-02-20,2.16631,2.21741,2.15181,2.17372,2.17372,2337014
1985-02-21,2.16631,2.16631,2.14422,2.14422,2.14422,3505523
1985-02-22,2.15901,2.20291,2.15181,2.17372,2.17372,2199281
1985-02-25,2.15901,2.20291,2.15181,2.18102,2.18102,1953342
1985-02-26,2.19562,2.25441,2.12262,2.25441,2.25441,2770969
1985-02-27,2.25441,2.25441,2.21741,2.23241,2.23241,2480208
1985-02-28,2.22511,2.24682,2.22511,2.24682,2.24682,1363074
1985-03-01,2.23241,2.26141,2.22511,2.23241,2.23241,2940399
1985-03-04,2.23241,2.23241,2.19562,2.20291,2.20291,1404612
1985-03-05,2.21041,2.21041,2.18102,2.20291,2.20291,1208955
1985-03-06,2.19562,2.19562,2.15901,2.16631,2.16631,1499717
1985-03-07,2.15181,2.16631,2.10052,2.10792,2.10792,2628870
1985-03-08,2.12262,2.16631,2.11462,2.15181,2.15181,1631975
1985-03-11,2.16631,2.16631,2.14422,2.14422,2.14422,905075
1985-03-12,2.14422,2.16631,2.12962,2.14422,2.14422,1852779
1985-03-13,2.15181,2.15181,2.10052,2.12262,2.12262,1287651
1985-03-14,2.11462,2.12962,2.11462,2.12262,2.12262,675527
1985-03-15,2.12262,2.12262,2.09311,2.09311,2.09311,2314060
1985-03-18,2.10052,2.10052,2.00552,2.00552,2.00552,2371992
1985-03-19,2.00552,2.04922,1.97612,2.02713,2.02713,3685880
1985-03-20,2.04202,2.05652,2.02713,2.04922,2.04922,5484009
1985-03-21,2.04922,2.04922,2.02002,2.02713,2.02713,1259235
1985-03-22,2.02713,2.06372,2.02002,2.04922,2.04922,3753653
1985-03-25,2.05652,2.06372,2.04202,2.05652,2.05652,1389311
1985-03-26,2.05652,2.10052,2.04922,2.09311,2.09311,823093
1985-03-27,2.10792,2.12962,2.10052,2.12962,2.12962,1563108
1985-03-28,2.12262,2.18102,2.12262,2.15901,2.15901,2812506
1985-03-29,2.15181,2.19562,2.15181,2.17372,2.17372,1469110
1985-04-01,2.22511,2.25441,2.19562,2.24682,2.24682,1423200
1985-04-02,2.24682,2.26141,2.22511,2.23241,2.23241,2230986
1985-04-03,2.23241,2.23241,2.15901,2.18102,2.18102,1439593
1985-04-04,2.18102,2.18102,2.15181,2.15901,2.15901,1310607
1985-04-08,2.15901,2.17372,2.14422,2.15901,2.15901,1198018
1985-04-09,2.15901,2.15901,2.09311,2.10052,2.10052,2905418
1985-04-10,2.09311,2.10052,2.04922,2.07842,2.07842,2365438
1985-04-11,2.12262,2.18102,2.11462,2.17372,2.17372,3377630
1985-04-12,2.18102,2.19562,2.15901,2.17372,2.17372,754227
1985-04-15,2.19562,2.21741,2.18102,2.20291,2.20291,2694462
1985-04-16,2.23241,2.26881,2.20291,2.24682,2.24682,5617364
1985-04-17,2.24682,2.28341,2.17372,2.26881,2.26881,6172651
1985-04-18,2.27601,2.27601,2.22511,2.24682,2.24682,2424462
1985-04-19,2.23241,2.26141,2.22511,2.23241,2.23241,1819986
1985-04-22,2.25441,2.25441,2.23241,2.23241,2.23241,1433034
1985-04-23,2.24682,2.25441,2.22511,2.25441,2.25441,1718327
1985-04-24,2.24682,2.25441,2.23241,2.25441,2.25441,1361978
1985-04-25,2.25441,2.26141,2.23241,2.24682,2.24682,1681166
1985-04-26,2.24682,2.26141,2.24682,2.24682,2.24682,2238640
1985-04-29,2.23241,2.25441,2.21741,2.24682,2.24682,1002360
1985-04-30,2.24682,2.24682,2.16631,2.16631,2.16631,1682253
1985-05-01,2.17372,2.17372,2.14422,2.15181,2.15181,2049529
1985-05-02,2.14422,2.15181,2.12262,2.12962,2.12962,914912
1985-05-03,2.12962,2.12962,2.10792,2.12262,2.12262,3093433
1985-05-06,2.15181,2.15901,2.10792,2.11462,2.11462,2084514
1985-05-07,2.11462,2.14422,2.10792,2.12962,2.12962,3549246
1985-05-08,2.14422,2.15901,2.14422,2.14422,2.14422,1249396
1985-05-09,2.14422,2.15901,2.12962,2.15181,2.15181,2080142
1985-05-10,2.15901,2.23241,2.15181,2.22511,2.22511,2408066
1985-05-13,2.24682,2.25441,2.23241,2.24682,2.24682,1296396
1985-05-14,2.26141,2.26881,2.22511,2.23241,2.23241,1722701
1985-05-15,2.24682,2.25441,2.21041,2.23241,2.23241,1644001
1985-05-16,2.24682,2.24682,2.21741,2.23241,2.23241,941146
1985-05-17,2.27601,2.31981,2.21741,2.31981,2.31981,9514209
1985-05-20,2.35681,2.3786,2.33471,2.3712,2.3712,4578933
1985-05-21,2.3712,2.42231,2.36371,2.40061,2.40061,6589115
1985-05-22,2.3786,2.3786,2.36371,2.3712,2.3712,2210216
1985-05-23,2.35681,2.3786,2.34921,2.35681,2.35681,1534695
1985-05-24,2.3712,2.3786,2.35681,2.3712,2.3712,1634160
1985-05-28,2.3712,2.40061,2.36371,2.3786,2.3786,1703026
1985-05-29,2.38591,2.38591,2.36371,2.3786,2.3786,1237371
1985-05-30,2.38591,2.38591,2.35681,2.36371,2.36371,2370901
1985-05-31,2.36371,2.38591,2.35681,2.3712,2.3712,2581869
1985-06-03,2.40761,2.40761,2.3786,2.40761,2.40761,2178519
1985-06-04,2.42231,2.46651,2.42231,2.4521,2.4521,4876256
1985-06-05,2.46651,2.46651,2.42231,2.42231,2.42231,4724311
1985-06-06,2.41521,2.41521,2.36371,2.36371,2.36371,6899549
1985-06-07,2.36371,2.36371,2.32731,2.32731,2.32731,2812506
1985-06-10,2.31981,2.32731,2.31261,2.32731,2.32731,1327006
1985-06-11,2.33471,2.33471,2.31261,2.31261,2.31261,1073406
1985-06-12,2.31261,2.31261,2.29821,2.3055,2.3055,1283287
1985-06-13,2.31981,2.31981,2.28341,2.29821,2.29821,989240
1985-06-14,2.31981,2.31981,2.29821,2.31261,2.31261,2182890
1985-06-17,2.31261,2.31261,2.29821,2.29821,2.29821,615404
1985-06-18,2.29821,2.31981,2.29821,2.3055,2.3055,2470368
1985-06-19,2.31261,2.31261,2.29821,2.3055,2.3055,1823268
1985-06-20,2.29821,2.31981,2.27601,2.29821,2.29821,2215684
1985-06-21,2.28341,2.31981,2.27601,2.31981,2.31981,2983031
1985-06-24,2.3055,2.3055,2.28341,2.3055,2.3055,2087793
1985-06-25,2.31261,2.31981,2.28341,2.29821,2.29821,3959153
1985-06-26,2.28341,2.28341,2.26141,2.27601,2.27601,1165228
1985-06-27,2.26141,2.27601,2.26141,2.27601,2.27601,1762054
1985-06-28,2.26881,2.27601,2.24682,2.26881,2.26881,1275631
1985-07-01,2.27601,2.31261,2.26881,2.3055,2.3055,2632144
1985-07-02,2.3055,2.34921,2.3055,2.33471,2.33471,1421011
1985-07-03,2.35681,2.3786,2.34921,2.36371,2.36371,2532678
1985-07-05,2.3712,2.43,2.3712,2.43,2.43,1945694
1985-07-08,2.42231,2.42231,2.40061,2.41521,2.41521,1905249
1985-07-09,2.41521,2.4812,2.41521,2.4521,2.4521,4662010
1985-07-10,2.46651,2.5763,2.4521,2.5691,2.5691,12974916
1985-07-11,2.5691,2.5691,2.4958,2.5175,2.5175,7014324
1985-07-12,2.5103,2.525,2.5029,2.5175,2.5175,3937292
1985-07-15,2.525,2.525,2.5029,2.5029,2.5029,1553275
1985-07-16,2.5029,2.5103,2.45901,2.5029,2.5029,3022381
1985-07-17,2.5029,2.5029,2.46651,2.4812,2.4812,2506446
1985-07-18,2.4812,2.525,2.4738,2.4958,2.4958,4441204
1985-07-19,2.4958,2.5103,2.4958,2.5103,2.5103,877747
1985-07-22,2.5175,2.5175,2.4958,2.5175,2.5175,965192
1985-07-23,2.5175,2.5691,2.5175,2.5466,2.5466,6279774
1985-07-24,2.5612,2.5691,2.5466,2.5691,2.5691,4105626
1985-07-25,2.5763,2.6277,2.5691,2.59829,2.59829,3844381
1985-07-26,2.59829,2.6277,2.5834,2.6203,2.6203,3549246
1985-07-29,2.6128,2.6128,2.5324,2.5466,2.5466,1399151
1985-07-30,2.525,2.5324,2.4372,2.4738,2.4738,2283454
1985-07-31,2.5029,2.5324,2.5029,2.5324,2.5324,3294557
1985-08-01,2.5763,2.60569,2.5691,2.59829,2.59829,2339200
1985-08-02,2.5763,2.5834,2.5612,2.5612,2.5612,1746748
1985-08-05,2.5763,2.5763,2.5175,2.525,2.525,653661
1985-08-06,2.525,2.525,2.4372,2.4521,2.4521,1487691
1985-08-07,2.45901,2.4958,2.4521,2.4958,2.4958,4874063
1985-08-08,2.5029,2.525,2.46651,2.4738,2.4738,2324993
1985-08-09,2.4812,2.4812,2.4521,2.46651,2.46651,997987
1985-08-12,2.46651,2.4738,2.4521,2.46651,2.46651,1688817
1985-08-13,2.46651,2.46651,2.4372,2.4521,2.4521,3071565
1985-08-14,2.45901,2.4812,2.4521,2.45901,2.45901,1095268
1985-08-15,2.4738,2.4738,2.4521,2.46651,2.46651,612131
1985-08-16,2.45901,2.46651,2.4372,2.4521,2.4521,2659475
1985-08-19,2.4521,2.4812,2.4521,2.4738,2.4738,954258
1985-08-20,2.4812,2.4958,2.45901,2.4738,2.4738,1707400
1985-08-21,2.4812,2.525,2.4738,2.525,2.525,1816704
1985-08-22,2.525,2.525,2.4812,2.4812,2.4812,804513
1985-08-23,2.4738,2.4812,2.45901,2.4812,2.4812,2955705
1985-08-26,2.4958,2.5029,2.4738,2.4958,2.4958,1872456
1985-08-27,2.4958,2.5103,2.4958,2.5029,2.5029,625244
1985-08-28,2.4958,2.5029,2.4812,2.4958,2.4958,1401335
1985-08-29,2.4958,2.5029,2.4738,2.4812,2.4812,1146645
1985-08-30,2.5029,2.5029,2.4738,2.4738,2.4738,1193649
1985-09-03,2.4812,2.4812,2.43,2.4372,2.4372,1415545
1985-09-04,2.4372,2.45901,2.4372,2.4521,2.4521,890863
1985-09-05,2.46651,2.46651,2.4521,2.45901,2.45901,865726
1985-09-06,2.45901,2.4812,2.4521,2.4812,2.4812,784837
1985-09-09,2.5029,2.5466,2.4958,2.5466,2.5466,2881366
1985-09-10,2.525,2.5324,2.4738,2.4738,2.4738,1158667
1985-09-11,2.4958,2.4958,2.40061,2.43,2.43,1334657
1985-09-12,2.43,2.43,2.32731,2.32731,2.32731,2574215
1985-09-13,2.33471,2.34921,2.26881,2.3055,2.3055,1351054
1985-09-16,2.3055,2.32731,2.3055,2.31981,2.31981,826372
1985-09-17,2.31261,2.36371,2.31261,2.36371,2.36371,1324820
1985-09-18,2.34921,2.35681,2.32731,2.34921,2.34921,1308424
1985-09-19,2.3712,2.40061,2.36371,2.38591,2.38591,631801
1985-09-20,2.40761,2.40761,2.34921,2.34921,2.34921,1879012
1985-09-23,2.45901,2.4958,2.4372,2.4958,2.4958,4667474
1985-09-24,2.4958,2.5175,2.4738,2.4812,2.4812,3457429
1985-09-25,2.4812,2.4812,2.41521,2.42231,2.42231,1592627
1985-09-26,2.40761,2.4521,2.40761,2.4521,2.4521,1386034
1985-09-30,2.4372,2.45901,2.42231,2.43,2.43,1699745
1985-10-01,2.4372,2.5029,2.41521,2.5029,2.5029,1673512
1985-10-02,2.5175,2.525,2.5029,2.5103,2.5103,3133876
1985-10-03,2.4812,2.5175,2.4812,2.5029,2.5029,2708665
1985-10-04,2.45901,2.5029,2.45901,2.45901,2.45901,1678976
1985-10-07,2.4521,2.4738,2.43,2.4372,2.4372,1086527
1985-10-08,2.4372,2.46651,2.42231,2.4521,2.4521,1191467
1985-10-09,2.4521,2.5029,2.4521,2.4958,2.4958,1577322
1985-10-10,2.5029,2.5175,2.4958,2.5103,2.5103,884305
1985-10-11,2.5029,2.5466,2.4812,2.5324,2.5324,2081235
1985-10-14,2.5544,2.5544,2.5103,2.525,2.525,1886661
1985-10-15,2.5466,2.5612,2.525,2.5466,2.5466,3490220
1985-10-16,2.5466,2.59829,2.4812,2.525,2.525,4897023
1985-10-17,2.5466,2.5466,2.45901,2.45901,2.45901,4951674
1985-10-18,2.46651,2.46651,2.41521,2.41521,2.41521,1097458
1985-10-21,2.40761,2.41521,2.3786,2.40061,2.40061,1054828
1985-10-22,2.40061,2.42231,2.38591,2.40061,2.40061,1948968
1985-10-23,2.40061,2.40761,2.3712,2.3712,2.3712,727993
1985-10-24,2.38591,2.43,2.38591,2.42231,2.42231,1687724
1985-10-25,2.40761,2.40761,2.3712,2.40061,2.40061,523586
1985-10-28,2.40761,2.40761,2.38591,2.40061,2.40061,344321
1985-10-29,2.41521,2.42231,2.38591,2.41521,2.41521,2081235
1985-10-30,2.43,2.4372,2.41521,2.43,2.43,2550167
1985-10-31,2.4372,2.4521,2.42231,2.4521,2.4521,2249565
1985-11-01,2.4372,2.4881,2.43,2.4812,2.4812,3521920
1985-11-04,2.4881,2.5175,2.4738,2.5175,2.5175,2869348
1985-11-05,2.5103,2.5175,2.4812,2.5029,2.5029,1887757
1985-11-06,2.5029,2.5103,2.45901,2.46651,2.46651,3575481
1985-11-07,2.46651,2.5103,2.45901,2.5103,2.5103,5270851
1985-11-08,2.5175,2.6128,2.4881,2.60569,2.60569,6457945
1985-11-11,2.6128,2.64919,2.59829,2.64209,2.64209,4283801
1985-11-12,2.64919,2.64919,2.60569,2.6128,2.6128,3597342
1985-11-13,2.6128,2.6128,2.5466,2.5544,2.5544,3184152
1985-11-14,2.5612,2.60569,2.5544,2.59829,2.59829,2054997
1985-11-15,2.59829,2.70099,2.59829,2.64919,2.64919,5100337
1985-11-18,2.6277,2.64919,2.59829,2.64209,2.64209,2616845
1985-11-19,2.6639,2.71539,2.65679,2.6932,2.6932,7772925
1985-11-20,2.6788,2.6932,2.64919,2.65679,2.65679,3880450
1985-11-21,2.65679,2.70099,2.64209,2.6639,2.6639,4537398
1985-11-22,2.6788,2.7516,2.6714,2.72979,2.72979,5984640
1985-11-25,2.7446,2.75939,2.71539,2.7516,2.7516,2829993
1985-11-26,2.7516,2.7516,2.72269,2.72979,2.72979,2176334
1985-11-27,2.72979,2.76669,2.72979,2.7516,2.7516,5001955
1985-11-29,2.7516,2.7516,2.70769,2.7516,2.7516,2921816
1985-12-02,2.7516,2.75939,2.72269,2.72979,2.72979,1901970
1985-12-03,2.72979,2.76669,2.72269,2.7446,2.7446,2093261
1985-12-04,2.75939,2.81798,2.75939,2.8102,2.8102,7777298
1985-12-05,2.81798,2.82509,2.76669,2.76669,2.76669,4573466
1985-12-06,2.7516,2.76669,2.71539,2.75939,2.75939,2822349
1985-12-09,2.77379,2.80309,2.76669,2.77379,2.77379,3124036
1985-12-10,2.77379,2.81798,2.75939,2.79579,2.79579,3516455
1985-12-11,2.79579,2.81798,2.79579,2.81798,2.81798,3490220
1985-12-12,2.81798,2.86159,2.81798,2.85429,2.85429,5750721
1985-12-13,2.86159,2.92028,2.85429,2.92028,2.92028,6508229
1985-12-16,2.93488,2.97149,2.89809,2.95659,2.95659,6677654
1985-12-17,2.96419,2.97149,2.94958,2.94958,2.94958,5151708
1985-12-18,2.94958,2.94958,2.93488,2.93488,2.93488,1888855
1985-12-19,2.93488,2.94218,2.89809,2.90539,2.90539,3373260
1985-12-20,2.91318,2.92028,2.79579,2.89089,2.89089,4080485
1985-12-23,2.89089,2.89089,2.7446,2.75939,2.75939,3528479
1985-12-24,2.77379,2.77379,2.72979,2.7446,2.7446,3407144
1985-12-26,2.7446,2.7516,2.72979,2.7446,2.7446,1290933
1985-12-27,2.7446,2.84709,2.7446,2.84709,2.84709,2833274
1985-12-30,2.86159,2.89089,2.85429,2.89089,2.89089,3119663
1985-12-31,2.89809,2.92028,2.86898,2.89809,2.89809,1337933
1986-01-02,2.89809,2.89809,2.84709,2.86159,2.86159,1182720
1986-01-03,2.86159,2.89809,2.85429,2.86159,2.86159,1264702
1986-01-06,2.88339,2.89089,2.86159,2.89089,2.89089,1054828
1986-01-07,2.89809,2.97149,2.89809,2.89809,2.89809,3309863
1986-01-08,2.92028,2.94958,2.70769,2.7446,2.7446,3385284
1986-01-09,2.7446,2.8102,2.72269,2.78829,2.78829,5527731
1986-01-10,2.8102,2.88339,2.80309,2.83989,2.83989,2763319
1986-01-13,2.88339,2.88339,2.83989,2.88339,2.88339,2122774
1986-01-14,2.90539,2.94218,2.89809,2.94218,2.94218,2597168
1986-01-15,2.95659,2.99348,2.94218,2.97859,2.97859,2156660
1986-01-16,2.98598,2.98598,2.93488,2.93488,2.93488,2122774
1986-01-17,2.95659,3.01509,2.95659,2.98598,2.98598,3005979
1986-01-20,2.99348,3.02989,2.96419,2.97859,2.97859,5253365
1986-01-21,2.99348,3.05188,2.97859,2.99348,2.99348,4314404
1986-01-22,3.01509,3.02989,2.98598,2.98598,2.98598,3239903
1986-01-23,2.98598,3.01509,2.98598,3.00808,3.00808,1802495
1986-01-24,3.02989,3.09578,3.00808,3.08847,3.08847,4909040
1986-01-27,3.09578,3.14659,3.08128,3.13228,3.13228,5017259
1986-01-28,3.13228,3.16908,3.12518,3.15447,3.15447,2323894
1986-01-29,3.16908,3.24948,3.15447,3.24228,3.24228,7397997
1986-01-30,3.22747,3.24228,3.13228,3.15447,3.15447,3942761
1986-01-31,3.16908,3.20587,3.15447,3.16908,3.16908,6043665
1986-02-03,3.16908,3.24228,3.15447,3.23487,3.23487,3860775
1986-02-04,3.26437,3.27107,3.10308,3.16908,3.16908,9530607
1986-02-05,3.17638,3.18368,3.13228,3.18368,3.18368,2892305
1986-02-06,3.19127,3.26437,3.18368,3.24948,3.24948,5677487
1986-02-07,3.24948,3.31547,3.23487,3.31547,3.31547,5062072
1986-02-10,3.31547,3.36666,3.30058,3.36666,3.36666,3763492
1986-02-11,3.36666,3.38867,3.33747,3.38867,3.38867,4287080
1986-02-12,3.39577,3.45437,3.38127,3.43276,3.43276,3795192
1986-02-13,3.45437,3.46917,3.42516,3.43976,3.43976,9778737
1986-02-14,3.43276,3.45437,3.41777,3.43276,3.43276,5081752
1986-02-18,3.42516,3.42516,3.37386,3.38127,3.38127,4172304
1986-02-19,3.39577,3.39577,3.32267,3.32267,3.32267,3184152
1986-02-20,3.31547,3.33747,3.29367,3.31547,3.31547,4046599
1986-02-21,3.33747,3.38127,3.32997,3.37386,3.37386,6356287
1986-02-24,3.36666,3.38127,3.33747,3.37386,3.37386,2429927
1986-02-25,3.35907,3.36666,3.27887,3.32267,3.32267,2872626
1986-02-26,3.30058,3.37386,3.30058,3.35907,3.35907,5419518
1986-02-27,3.37386,3.46167,3.36666,3.46167,3.46167,6373782
1986-02-28,3.51267,3.53486,3.47646,3.51267,3.51267,9628983
1986-03-03,3.50576,3.53486,3.49116,3.51267,3.51267,4610629
1986-03-04,3.52785,3.68156,3.52036,3.66676,3.66676,12133239
1986-03-05,3.65195,3.65935,3.54966,3.58625,3.58625,6714818
1986-03-06,3.62296,3.65195,3.58625,3.58625,3.58625,3331720
1986-03-07,3.58625,3.58625,3.48376,3.51267,3.51267,2541423
1986-03-10,3.52036,3.52036,3.46917,3.47646,3.47646,1168508
1986-03-11,3.47646,3.63006,3.46917,3.60076,3.60076,8837594
1986-03-12,3.62296,3.63006,3.55686,3.57136,3.57136,4085948
1986-03-13,3.54966,3.57136,3.49116,3.52785,3.52785,3054080
1986-03-14,3.53486,3.57906,3.50576,3.57136,3.57136,5029283
1986-03-17,3.54966,3.57136,3.46167,3.46917,3.46917,2798295
1986-03-18,3.47646,3.62296,3.46917,3.61516,3.61516,5035846
1986-03-19,3.61516,3.61516,3.55686,3.56426,3.56426,3603899
1986-03-20,3.57906,3.65935,3.56426,3.65935,3.65935,2462719
1986-03-21,3.66676,3.71055,3.56426,3.56426,3.56426,5897194
1986-03-24,3.60076,3.68156,3.56426,3.68156,3.68156,3984294
1986-03-25,3.66676,3.66676,3.62296,3.63006,3.63006,1800309
1986-03-26,3.62296,3.68156,3.60076,3.61516,3.61516,2017836
1986-03-27,3.64475,3.70345,3.63006,3.66676,3.66676,3873894
1986-03-31,3.63006,3.65935,3.60816,3.64475,3.64475,2071389
1986-04-01,3.65195,3.65195,3.54966,3.60816,3.60816,3758022
1986-04-02,3.57906,3.57906,3.55686,3.57906,3.57906,3284722
1986-04-03,3.57906,3.61516,3.53486,3.55686,3.55686,3124036
1986-04-04,3.55686,3.57906,3.41777,3.42516,3.42516,4527561
1986-04-07,3.39577,3.41027,3.28617,3.38867,3.38867,4466347
1986-04-08,3.41027,3.41777,3.34467,3.38867,3.38867,6819755
1986-04-09,3.43976,3.49116,3.41777,3.45437,3.45437,5971526
1986-04-10,3.47646,3.50576,3.45437,3.49116,3.49116,2523928
1986-04-11,3.50576,3.50576,3.42516,3.43276,3.43276,2627782
1986-04-14,3.42516,3.43976,3.41027,3.43276,3.43276,1515011
1986-04-15,3.39577,3.46167,3.38127,3.39577,3.39577,4310035
1986-04-16,3.46917,3.61516,3.45437,3.56426,3.56426,5091588
1986-04-17,3.60816,3.72555,3.59365,3.68876,3.68876,4745081
1986-04-18,3.68876,3.69586,3.39577,3.67425,3.67425,2338107
1986-04-21,3.65935,3.69586,3.64475,3.66676,3.66676,1480040
1986-04-22,3.66676,3.66676,3.60816,3.62296,3.62296,1875733
1986-04-23,3.61516,3.67425,3.60816,3.65935,3.65935,2602633
1986-04-24,3.67425,3.76175,3.66676,3.75446,3.75446,5487284
1986-04-25,3.76175,3.84225,3.74716,3.83495,3.83495,6620812
1986-04-28,3.82045,3.84225,3.79845,3.83495,3.83495,4702450
1986-04-29,3.83495,3.84225,3.76175,3.78375,3.78375,3318609
1986-04-30,3.79845,3.79845,3.65935,3.67425,3.67425,3750375
1986-05-01,3.66676,3.69586,3.62296,3.67425,3.67425,2769874
1986-05-02,3.71055,3.71785,3.60816,3.60816,3.60816,2626684
1986-05-05,3.60816,3.63006,3.57906,3.59365,3.59365,2067023
1986-05-06,3.60076,3.60076,3.52785,3.57136,3.57136,1347774
1986-05-07,3.56426,3.57906,3.52036,3.54966,3.54966,5281787
1986-05-08,3.56426,3.60816,3.56426,3.57136,3.57136,2862787
1986-05-09,3.57906,3.62296,3.57136,3.61516,3.61516,2262691
1986-05-12,3.65195,3.65195,3.60076,3.61516,3.61516,2541423
1986-05-13,3.60076,3.61516,3.54966,3.56426,3.56426,1387123
1986-05-14,3.57136,3.57136,3.52785,3.55686,3.55686,2752389
1986-05-15,3.56426,3.57136,3.45437,3.47646,3.47646,3459612
1986-05-16,3.45437,3.47646,3.43976,3.46917,3.46917,6321311
1986-05-19,3.53486,3.53486,3.48376,3.53486,3.53486,3718675
1986-05-20,3.52036,3.53486,3.46167,3.53486,3.53486,4545046
1986-05-21,3.53486,3.61516,3.53486,3.61516,3.61516,4091422
1986-05-22,3.62296,3.66676,3.61516,3.66676,3.66676,2612471
1986-05-23,3.65195,3.74716,3.65195,3.73996,3.73996,5750721
1986-05-27,3.71785,3.79845,3.71785,3.79845,3.79845,3805032
1986-05-28,3.79845,3.82045,3.79135,3.81334,3.81334,5020536
1986-05-29,3.78375,3.80594,3.75446,3.80594,3.80594,3822516
1986-05-30,3.78375,3.79135,3.71785,3.76175,3.76175,4448858
1986-06-02,3.74716,3.74716,3.66676,3.70345,3.70345,1783916
1986-06-03,3.67425,3.68876,3.64475,3.66676,3.66676,1880105
1986-06-04,3.67425,3.68876,3.64475,3.65195,3.65195,1919460
1986-06-05,3.63006,3.66676,3.61516,3.66676,3.66676,2758948
1986-06-06,3.65935,3.68876,3.65195,3.65195,3.65195,1721606
1986-06-09,3.65935,3.65935,3.57906,3.60816,3.60816,2720689
1986-06-10,3.60076,3.60076,3.53486,3.56426,3.56426,2339200
1986-06-11,3.56426,3.57136,3.53486,3.56426,3.56426,1074501
1986-06-12,3.56426,3.56426,3.47646,3.50576,3.50576,3245366
1986-06-13,3.52036,3.64475,3.52036,3.60816,3.60816,4651079
1986-06-16,3.63006,3.66676,3.57906,3.57906,3.57906,1624325
1986-06-17,3.59365,3.60816,3.52785,3.60816,3.60816,2659475
1986-06-18,3.60816,3.64475,3.56426,3.61516,3.61516,2445230
1986-06-19,3.60076,3.61516,3.53486,3.53486,3.53486,4963698
1986-06-20,3.52036,3.54966,3.49116,3.54966,3.54966,2357785
1986-06-23,3.50576,3.60076,3.46917,3.47646,3.47646,2607004
1986-06-24,3.48376,3.48376,3.43976,3.43976,3.43976,2870437
1986-06-25,3.46917,3.49116,3.43276,3.45437,3.45437,4347199
1986-06-26,3.46917,3.48376,3.41777,3.42516,3.42516,4119838
1986-06-27,3.43276,3.43976,3.38867,3.41777,3.41777,3694626
1986-06-30,3.43276,3.46167,3.41027,3.45437,3.45437,1600282
1986-07-01,3.43976,3.46917,3.42516,3.46917,3.46917,3632317
1986-07-02,3.48376,3.53486,3.46917,3.52036,3.52036,8942526
1986-07-03,3.52036,3.66676,3.52036,3.60816,3.60816,8038544
1986-07-07,3.60816,3.61516,3.51267,3.51267,3.51267,6136577
1986-07-08,3.48376,3.52785,3.47646,3.52785,3.52785,2714132
1986-07-09,3.52036,3.54966,3.51267,3.53486,3.53486,4680588
1986-07-10,3.52036,3.55686,3.49116,3.50576,3.50576,6524625
1986-07-11,3.52785,3.52785,3.38867,3.39577,3.39577,14374069
1986-07-14,3.38127,3.38127,3.20587,3.24228,3.24228,3713212
1986-07-15,3.08128,3.23487,3.06678,3.08128,3.08128,6056781
1986-07-16,3.05948,3.11038,3.05188,3.08128,3.08128,7493099
1986-07-17,3.08847,3.17638,3.08847,3.17638,3.17638,4343917
1986-07-18,3.19127,3.23487,3.17638,3.20587,3.20587,3900126
1986-07-21,3.22027,3.22027,3.16167,3.20587,3.20587,3473826
1986-07-22,3.19818,3.22027,3.17638,3.17638,3.17638,3040960
1986-07-23,3.17638,3.18368,3.13228,3.14659,3.14659,3072664
1986-07-24,3.15447,3.17638,3.11798,3.17638,3.17638,2080142
1986-07-25,3.16167,3.17638,3.14007,3.15447,3.15447,2438671
1986-07-28,3.16167,3.17638,3.08128,3.09578,3.09578,1639626
1986-07-29,3.09578,3.09578,2.99348,3.00808,3.00808,4312222
1986-07-30,2.97149,2.97859,2.85429,2.92738,2.92738,6678747
1986-07-31,2.99348,3.14659,2.99348,3.10308,3.10308,7310553
1986-08-01,3.08847,3.19818,3.08128,3.15447,3.15447,3387470
1986-08-04,3.14659,3.20587,3.13228,3.19127,3.19127,2750201
1986-08-05,3.18368,3.19127,3.11798,3.17638,3.17638,2905418
1986-08-06,3.10308,3.14007,3.10308,3.11038,3.11038,2291105
1986-08-07,3.11038,3.24948,3.11038,3.22747,3.22747,3094523
1986-08-08,3.22747,3.28617,3.19818,3.20587,3.20587,3685880
1986-08-11,3.20587,3.25707,3.20587,3.24948,3.24948,2327181
1986-08-12,3.24948,3.27107,3.22027,3.25707,3.25707,4376707
1986-08-13,3.27887,3.29367,3.24228,3.27887,3.27887,2968817
1986-08-14,3.29367,3.30058,3.18368,3.22027,3.22027,2915256
1986-08-15,3.18368,3.18368,3.11038,3.13228,3.13228,3623578
1986-08-18,3.13228,3.15447,3.11038,3.15447,3.15447,3218044
1986-08-19,3.14659,3.15447,3.13228,3.14007,3.14007,2251751
1986-08-20,3.14659,3.20587,3.14007,3.19818,3.19818,2546889
1986-08-21,3.20587,3.28617,3.19127,3.28617,3.28617,3496778
1986-08-22,3.28617,3.31547,3.27107,3.29367,3.29367,1852779
1986-08-25,3.30058,3.35907,3.29367,3.34467,3.34467,3209298
1986-08-26,3.37386,3.46917,3.36666,3.45437,3.45437,3140433
1986-08-27,3.46917,3.46917,3.43276,3.45437,3.45437,2488956
1986-08-28,3.43276,3.46917,3.39577,3.46917,3.46917,2775341
1986-08-29,3.47646,3.50576,3.46167,3.46917,3.46917,2140259
1986-09-02,3.47646,3.54966,3.47646,3.47646,3.47646,2786276
1986-09-03,3.46917,3.51267,3.45437,3.49826,3.49826,2664944
1986-09-04,3.50576,3.52036,3.46917,3.51267,3.51267,3080313
1986-09-05,3.51267,3.57136,3.46167,3.46917,3.46917,5604245
1986-09-08,3.45437,3.46917,3.41027,3.41777,3.41777,2984124
1986-09-09,3.41777,3.47646,3.41777,3.46167,3.46167,3557995
1986-09-10,3.47646,3.48376,3.43976,3.46167,3.46167,4875158
1986-09-11,3.41027,3.41777,3.22027,3.24948,3.24948,10123060
1986-09-12,3.27107,3.27887,3.16167,3.24228,3.24228,5434811
1986-09-15,3.27107,3.28617,3.23487,3.27107,3.27107,4195261
1986-09-16,3.24948,3.27887,3.22747,3.27887,3.27887,2870437
1986-09-17,3.27887,3.29367,3.24948,3.27887,3.27887,1216606
1986-09-18,3.27887,3.28617,3.19127,3.19818,3.19818,2805947
1986-09-19,3.16167,3.16167,3.08128,3.09578,3.09578,3595155
1986-09-22,3.11038,3.14007,3.08847,3.14007,3.14007,2316245
1986-09-23,3.15447,3.19818,3.13228,3.18368,3.18368,2635429
1986-09-24,2.81798,2.86898,2.80309,2.82509,2.82509,35415947
1986-09-25,2.81798,2.81798,2.7446,2.76669,2.76669,11379015
1986-09-26,2.7446,2.76669,2.6788,2.6932,2.6932,4848932
1986-09-29,2.70099,2.70099,2.5834,2.59099,2.59099,5281787
1986-09-30,2.60569,2.6788,2.5834,2.6347,2.6347,4731965
1986-10-01,2.6203,2.70099,2.60569,2.6788,2.6788,5907027
1986-10-02,2.6714,2.6862,2.59829,2.59829,2.59829,8911917
1986-10-03,2.6203,2.6277,2.5834,2.59099,2.59099,8121625
1986-10-06,2.59829,2.60569,2.59099,2.59829,2.59829,2623404
1986-10-07,2.60569,2.60569,2.5834,2.59829,2.59829,3760214
1986-10-08,2.5834,2.60569,2.5834,2.60569,2.60569,4941837
1986-10-09,2.60569,2.70099,2.60569,2.64209,2.64209,5395464
1986-10-10,2.64209,2.6639,2.6203,2.6347,2.6347,1989415
1986-10-13,2.64209,2.64209,2.60569,2.60569,2.60569,1506270
1986-10-14,2.6347,2.64209,2.60569,2.6347,2.6347,1415545
1986-10-15,2.6203,2.6347,2.59829,2.6277,2.6277,2854041
1986-10-16,2.6203,2.64919,2.60569,2.64209,2.64209,4813948
1986-10-17,2.64919,2.64919,2.59829,2.6347,2.6347,4592047
1986-10-20,2.60569,2.60569,2.5544,2.59829,2.59829,3667302
1986-10-21,2.60569,2.60569,2.5612,2.59829,2.59829,2185077
1986-10-22,2.60569,2.60569,2.5544,2.5612,2.5612,4868599
1986-10-23,2.5612,2.59099,2.5544,2.5834,2.5834,3867335
1986-10-24,2.5834,2.5834,2.5544,2.5763,2.5763,5308019
1986-10-27,2.5763,2.59829,2.5612,2.5834,2.5834,3027841
1986-10-28,2.5834,2.59099,2.5763,2.5834,2.5834,2883558
1986-10-29,2.5834,2.6639,2.5834,2.6347,2.6347,3004888
1986-10-30,2.6862,2.6862,2.6639,2.6862,2.6862,2762230
1986-10-31,2.6788,2.78119,2.6788,2.78119,2.78119,4979000
1986-11-03,2.78119,2.80309,2.75939,2.80309,2.80309,5775857
1986-11-04,2.80309,2.80309,2.77379,2.78829,2.78829,2555634
1986-11-05,2.78119,2.78829,2.7446,2.7446,2.7446,5298184
1986-11-06,2.75939,2.75939,2.6714,2.7371,2.7371,3883729
1986-11-07,2.72979,2.7446,2.71539,2.72979,2.72979,1437401
1986-11-10,2.72979,2.72979,2.6932,2.70099,2.70099,5418423
1986-11-11,2.6862,2.71539,2.6714,2.71539,2.71539,2391672
1986-11-12,2.6932,2.6932,2.64919,2.6714,2.6714,1968644
1986-11-13,2.6862,2.6862,2.59829,2.59829,2.59829,8894427
1986-11-14,2.6203,2.6932,2.59829,2.6788,2.6788,6168276
1986-11-17,2.6277,2.6788,2.6277,2.64209,2.64209,2858420
1986-11-18,2.64919,2.6639,2.60569,2.6203,2.6203,3682606
1986-11-19,2.59829,2.6203,2.59099,2.59829,2.59829,5810840
1986-11-20,2.6203,2.6932,2.6203,2.6862,2.6862,2874816
1986-11-21,2.6932,2.75939,2.6862,2.7446,2.7446,2883558
1986-11-24,2.76669,2.82509,2.7446,2.77379,2.77379,4421528
1986-11-25,2.77379,2.78119,2.7446,2.76669,2.76669,3698996
1986-11-26,2.76669,2.77379,2.7371,2.7371,2.7371,2262691
1986-11-28,2.75939,2.77379,2.75939,2.76669,2.76669,1661492
1986-12-01,2.76669,2.76669,2.71539,2.7371,2.7371,3179779
1986-12-02,2.7446,2.75939,2.6639,2.71539,2.71539,4106721
1986-12-03,2.7371,2.85429,2.72269,2.8102,2.8102,5003048
1986-12-04,2.80309,2.87609,2.78829,2.83249,2.83249,2972097
1986-12-05,2.82509,2.87609,2.81798,2.84709,2.84709,3887006
1986-12-08,2.83249,2.83249,2.7446,2.78829,2.78829,2723966
1986-12-09,2.78119,2.80309,2.72979,2.78829,2.78829,1547809
1986-12-10,2.7446,2.78119,2.72979,2.7371,2.7371,2298755
1986-12-11,2.7446,2.76669,2.71539,2.76669,2.76669,1990509
1986-12-12,2.7446,2.7446,2.71539,2.72979,2.72979,1480040
1986-12-15,2.72979,2.77379,2.70099,2.77379,2.77379,2694462
1986-12-16,2.75939,2.80309,2.75939,2.80309,2.80309,4200727
1986-12-17,2.78829,2.8102,2.77379,2.77379,2.77379,2362157
1986-12-18,2.8102,2.81798,2.77379,2.78829,2.78829,2914168
1986-12-19,2.80309,2.91318,2.75939,2.91318,2.91318,5421699
1986-12-22,2.86898,2.86898,2.8102,2.82509,2.82509,2740365
1986-12-23,2.81798,2.83249,2.78829,2.80309,2.80309,2972097
1986-12-24,2.8102,2.83249,2.8102,2.82509,2.82509,1035153
1986-12-26,2.82509,2.83249,2.8102,2.81798,2.81798,423021
1986-12-29,2.8102,2.81798,2.77379,2.80309,2.80309,1327006
1986-12-30,2.78829,2.78829,2.76669,2.77379,2.77379,2070303
1986-12-31,2.78829,2.81798,2.78119,2.80309,2.80309,1970830
1987-01-02,2.78829,2.84709,2.78119,2.8102,2.8102,1664767
1987-01-05,2.8102,2.89809,2.80309,2.89089,2.89089,2393858
1987-01-06,2.89089,2.89089,2.86898,2.89089,2.89089,1648371
1987-01-07,2.89089,2.91318,2.86159,2.86159,2.86159,2989585
1987-01-08,2.85429,2.85429,2.81798,2.85429,2.85429,2999426
1987-01-09,2.86159,2.92028,2.84709,2.91318,2.91318,4252099
1987-01-12,2.92028,2.94218,2.90539,2.92738,2.92738,3162295
1987-01-13,2.96419,2.98598,2.91318,2.96419,2.96419,3047518
1987-01-14,2.97149,3.07388,2.95659,3.00808,3.00808,5196526
1987-01-15,3.04468,3.14007,3.03718,3.08847,3.08847,6343167
1987-01-16,3.08128,3.10308,3.05188,3.10308,3.10308,5230410
1987-01-19,3.10308,3.14007,3.08847,3.14007,3.14007,2845297
1987-01-20,3.14659,3.18368,3.11798,3.14007,3.14007,4773501
1987-01-21,3.08128,3.11798,3.04468,3.08128,3.08128,3717586
1987-01-22,3.07388,3.08847,2.97149,3.05948,3.05948,7788230
1987-01-23,3.05948,3.08128,2.86898,2.92738,2.92738,10546082
1987-01-26,2.89089,2.95659,2.87609,2.92028,2.92028,5253365
1987-01-27,2.94218,3.03718,2.92738,2.99348,2.99348,3584227
1987-01-28,3.00048,3.02989,2.96419,2.98598,2.98598,2394950
1987-01-29,3.00048,3.05948,2.99348,3.00808,3.00808,2580775
1987-01-30,3.02989,3.05188,2.98598,3.04468,3.04468,3888105
1987-02-02,3.02989,3.14659,3.02989,3.11798,3.11798,4620468
1987-02-03,3.18368,3.27887,3.17638,3.23487,3.23487,8050566
1987-02-04,3.22027,3.25707,3.19127,3.24948,3.24948,3211481
1987-02-05,3.26437,3.30808,3.25707,3.30808,3.30808,10781098
1987-02-06,3.30808,3.31547,3.25707,3.26437,3.26437,4101257
1987-02-09,3.26437,3.26437,3.22027,3.22747,3.22747,1104017
1987-02-10,3.21287,3.21287,3.03718,3.20587,3.20587,2740365
1987-02-11,3.18368,3.35907,3.18368,3.24948,3.24948,3256297
1987-02-12,3.26437,3.26437,3.22027,3.25707,3.25707,3703370
1987-02-13,3.25707,3.32267,3.24948,3.31547,3.31547,3930728
1987-02-17,3.32267,3.38867,3.31547,3.36666,3.36666,5873140
1987-02-18,3.39577,3.40327,3.30058,3.35217,3.35217,3174316
1987-02-19,3.35907,3.36666,3.32267,3.32997,3.32997,2180706
1987-02-20,3.31547,3.31547,3.27107,3.27887,3.27887,2693361
1987-02-23,3.26437,3.27107,3.14007,3.25707,3.25707,2507537
1987-02-24,3.24948,3.43976,3.17638,3.18368,3.18368,3532850
1987-02-25,3.17638,3.25707,3.16167,3.23487,3.23487,3462894
1987-02-26,3.24948,3.24948,3.18368,3.22027,3.22027,2450694
1987-02-27,3.17638,3.24948,3.16908,3.21287,3.21287,2842022
1987-03-02,3.23487,3.24948,3.18368,3.21287,3.21287,2475840
1987-03-03,3.19127,3.20587,3.16908,3.16908,3.16908,1792661
1987-03-04,3.19127,3.21287,3.18368,3.20587,3.20587,4678399
1987-03-05,3.21287,3.21287,3.16167,3.16908,3.16908,4040039
1987-03-06,3.13228,3.17638,3.12518,3.16908,3.16908,4191982
1987-03-09,3.18368,3.21287,3.16167,3.20587,3.20587,3463984
1987-03-10,3.25707,3.30058,3.22027,3.29367,3.29367,13117019
1987-03-11,3.32997,3.32997,3.27107,3.29367,3.29367,6079737
1987-03-12,3.27887,3.30808,3.25707,3.27107,3.27107,3966806
1987-03-13,3.27107,3.27107,3.24948,3.27107,3.27107,1289841
1987-03-16,3.25707,3.26437,3.23487,3.23487,3.23487,1677886
1987-03-17,3.23487,3.26437,3.20587,3.24948,3.24948,3167759
1987-03-18,3.26437,3.26437,3.17638,3.20587,3.20587,2862787
1987-03-19,3.23487,3.26437,3.22747,3.26437,3.26437,3892471
1987-03-20,3.25707,3.30058,3.25707,3.30058,3.30058,4817225
1987-03-23,3.30058,3.37386,3.27887,3.35907,3.35907,5157173
1987-03-24,3.35907,3.38867,3.35907,3.35907,3.35907,7316016
1987-03-25,3.35217,3.37386,3.35217,3.35217,3.35217,2096537
1987-03-26,3.35907,3.39577,3.35907,3.36666,3.36666,1952248
1987-03-27,3.39577,3.45437,3.35217,3.35217,3.35217,2691170
1987-03-30,3.29367,3.44716,3.26437,3.34467,3.34467,3282533
1987-03-31,3.34467,3.38867,3.34467,3.37386,3.37386,3435561
1987-04-01,3.35217,3.39577,3.34467,3.39577,3.39577,3316420
1987-04-02,3.40327,3.41777,3.35907,3.38867,3.38867,3329534
1987-04-03,3.40327,3.49826,3.39577,3.49826,3.49826,5959496
1987-04-06,3.54216,3.54966,3.52785,3.54216,3.54216,4150445
1987-04-07,3.58625,3.66676,3.53486,3.54966,3.54966,8104130
1987-04-08,3.53486,3.53486,3.45437,3.48376,3.48376,2904327
1987-04-09,3.43276,3.44716,3.34467,3.34467,3.34467,6302727
1987-04-10,3.32997,3.38867,3.32267,3.34467,3.34467,8439711
1987-04-13,3.30058,3.34467,3.28617,3.30058,3.30058,1920548
1987-04-14,3.30058,3.30058,3.18368,3.26437,3.26437,4519905
1987-04-15,3.28617,3.30808,3.26437,3.30058,3.30058,4516626
1987-04-16,3.31547,3.32997,3.30808,3.31547,3.31547,2450694
1987-04-20,3.32267,3.32267,3.27107,3.27887,3.27887,1243930
1987-04-21,3.27887,3.41027,3.24228,3.41027,3.41027,5865495
1987-04-22,3.41027,3.41027,3.31547,3.34467,3.34467,2743641
1987-04-23,3.32997,3.35217,3.24228,3.31547,3.31547,1809058
1987-04-24,3.31547,3.31547,3.22747,3.27107,3.27107,2033138
1987-04-27,3.27107,3.27887,3.14659,3.20587,3.20587,8012309
1987-04-28,3.21287,3.22747,3.20587,3.20587,3.20587,2147914
1987-04-29,3.26437,3.31547,3.24228,3.30808,3.30808,2555634
1987-04-30,3.30808,3.37386,3.30058,3.37386,3.37386,3022381
1987-05-01,3.36666,3.41777,3.36666,3.40327,3.40327,3209298
1987-05-04,3.41027,3.43276,3.39577,3.41777,3.41777,2271428
1987-05-05,3.43976,3.54216,3.43276,3.54216,3.54216,8687835
1987-05-06,3.54216,3.74716,3.53486,3.71055,3.71055,13117019
1987-05-07,3.82775,4.00354,3.80594,3.87184,3.87184,19675527
1987-05-08,3.93044,4.00354,3.87184,3.98134,3.98134,12570475
1987-05-11,3.98864,4.01834,3.97424,3.98134,3.98134,10784375
1987-05-12,3.89355,4.01025,3.88635,3.94474,3.94474,6849269
1987-05-13,3.93744,3.96685,3.84225,3.89355,3.89355,3717586
1987-05-14,3.90095,3.90095,3.80594,3.80594,3.80594,2554541
1987-05-15,3.80594,3.81334,3.76915,3.80594,3.80594,4935274
1987-05-18,3.75446,3.79845,3.73996,3.79135,3.79135,2957885
1987-05-19,3.79135,3.81334,3.67425,3.71785,3.71785,3412611
1987-05-20,3.67425,3.67425,3.56426,3.57906,3.57906,3651991
1987-05-21,3.61516,3.63755,3.58625,3.59365,3.59365,4159190
1987-05-22,3.63006,3.67425,3.58625,3.61516,3.61516,2250663
1987-05-26,3.63755,3.71055,3.63006,3.71055,3.71055,2388388
1987-05-27,3.74716,3.79135,3.74716,3.78375,3.78375,3535034
1987-05-28,3.75446,3.83495,3.73996,3.78375,3.78375,2378552
1987-05-29,3.78375,3.79135,3.61516,3.63755,3.63755,1874646
1987-06-01,3.66676,3.75446,3.66676,3.71055,3.71055,3104358
1987-06-02,3.70345,3.76175,3.65935,3.71055,3.71055,1571859
1987-06-03,3.72555,3.73996,3.70345,3.71055,3.71055,3394027
1987-06-04,3.71055,3.74716,3.67425,3.71785,3.71785,3010354
1987-06-05,3.70345,3.70345,3.65935,3.66676,3.66676,510474
1987-06-08,3.63755,3.73996,3.63755,3.72555,3.72555,3596251
1987-06-09,3.73996,3.78375,3.72555,3.78375,3.78375,3290184
1987-06-10,3.78375,3.84225,3.65195,3.75446,3.75446,4084860
1987-06-11,3.76915,3.80594,3.76175,3.79845,3.79845,2884655
1987-06-12,3.82775,3.84985,3.79845,3.84225,3.84225,2073583
1987-06-15,3.82775,3.83495,3.76915,3.78375,3.78375,3379818
1987-06-16,3.76175,3.81334,3.75446,3.80594,3.80594,2523928
1987-06-17,3.82775,3.84985,3.80594,3.82775,3.82775,4185420
1987-06-18,3.79135,3.79845,3.75446,3.79845,3.79845,1750031
1987-06-19,3.80594,3.88635,3.79845,3.85695,3.85695,4108904
1987-06-22,3.87895,3.89355,3.84985,3.88635,3.88635,3228973
1987-06-23,3.88635,3.89355,3.85695,3.87895,3.87895,2245196
1987-06-24,3.82775,3.87184,3.82775,3.84985,3.84985,1592627
1987-06-25,3.88635,3.93044,3.87184,3.93044,3.93044,3458518
1987-06-26,3.92275,3.93044,3.90095,3.90095,3.90095,4428084
1987-06-29,3.88635,3.89355,3.78375,3.81334,3.81334,2509721
1987-06-30,3.79135,3.81334,3.75446,3.75446,3.75446,1885568
1987-07-01,3.76175,3.76175,3.67425,3.69586,3.69586,2471465
1987-07-02,3.72555,3.74716,3.68156,3.70345,3.70345,3002704
1987-07-06,3.71785,3.71785,3.58625,3.63755,3.63755,3084681
1987-07-07,3.63006,3.69586,3.62296,3.63006,3.63006,8444082
1987-07-08,3.61516,3.74716,3.59365,3.73996,3.73996,6754169
1987-07-09,3.73996,3.84225,3.73996,3.83495,3.83495,3350306
1987-07-10,3.89355,4.12034,3.85695,4.09133,4.09133,13007707
1987-07-13,4.16424,4.20823,4.15684,4.20123,4.20123,13882180
1987-07-14,4.23023,4.28893,4.14973,4.23023,4.23023,8169715
1987-07-15,4.18614,4.23023,4.13494,4.14973,4.14973,5591126
1987-07-16,4.14973,4.20123,4.14253,4.20123,4.20123,5877513
1987-07-17,4.25214,4.44973,4.24484,4.42753,4.42753,8593830
1987-07-20,4.41342,4.41342,4.32553,4.37663,4.37663,4072836
1987-07-21,4.34013,4.38383,4.32553,4.32553,4.32553,4481647
1987-07-22,4.31054,4.42753,4.31054,4.41342,4.41342,6367216
1987-07-23,4.41342,4.42053,4.38383,4.41342,4.41342,4718848
1987-07-24,4.40583,4.42753,4.39863,4.42753,4.42753,1905249
1987-07-27,4.42053,4.55962,4.41342,4.55232,4.55232,5993382
1987-07-28,4.57412,4.60342,4.51553,4.58162,4.58162,7889883
1987-07-29,4.58162,4.58901,4.53772,4.54472,4.54472,5212926
1987-07-30,4.55962,4.63282,4.54472,4.57412,4.57412,5757279
1987-07-31,4.58162,4.58162,4.55232,4.55962,4.55962,3289093
1987-08-03,4.50092,4.57412,4.47202,4.55232,4.55232,6408754
1987-08-04,4.54472,4.55232,4.46433,4.48652,4.48652,6720288
1987-08-05,4.53013,4.53772,4.48652,4.49382,4.49382,6168276
1987-08-06,4.50092,4.51553,4.48652,4.51553,4.51553,3585316
1987-08-07,4.50092,4.62562,4.49382,4.59593,4.59593,7569611
1987-08-10,4.57412,4.61812,4.55962,4.60342,4.60342,4817225
1987-08-11,4.63282,4.63282,4.59593,4.60342,4.60342,4304568
1987-08-12,4.60342,4.72051,4.60342,4.66952,4.66952,7229664
1987-08-13,4.66952,4.67672,4.64021,4.66221,4.66221,3996317
1987-08-14,4.66221,4.66952,4.55232,4.60342,4.60342,8210158
1987-08-17,4.58901,4.67672,4.58901,4.67672,4.67672,5306927
1987-08-18,4.64021,4.66221,4.53013,4.57412,4.57412,4571284
1987-08-19,4.55962,4.57412,4.47202,4.54472,4.54472,6402198
1987-08-20,4.54472,4.62562,4.51553,4.60342,4.60342,4249913
1987-08-21,4.62562,4.69151,4.61812,4.67672,4.67672,3377630
1987-08-24,4.66221,4.66952,4.59593,4.60342,4.60342,2878092
1987-08-25,4.62562,4.63282,4.58901,4.60342,4.60342,2752389
1987-08-26,4.62562,4.62562,4.51553,4.55232,4.55232,3752559
1987-08-27,4.51553,4.55232,4.37663,4.40583,4.40583,4561443
1987-08-28,4.39863,4.40583,4.34013,4.36212,4.36212,4366874
1987-08-31,4.35463,4.37663,4.32553,4.35463,4.35463,5029283
1987-09-01,4.36212,4.41342,4.32553,4.32553,4.32553,3047518
1987-09-02,4.29623,4.31054,4.23754,4.29623,4.29623,4543954
1987-09-03,4.32553,4.33223,4.25214,4.27403,4.27403,4293636
1987-09-04,4.28123,4.35463,4.28123,4.33223,4.33223,4683867
1987-09-08,4.31823,4.54472,4.31823,4.53772,4.53772,5560524
1987-09-09,4.54472,4.62562,4.48652,4.62562,4.62562,9761245
1987-09-10,4.67672,4.77161,4.66952,4.75011,4.75011,9936139
1987-09-11,4.77941,4.8598,4.77161,4.85221,4.85221,9486884
1987-09-14,4.926,4.94711,4.81571,4.86682,4.86682,6297261
1987-09-15,4.83791,4.84511,4.75011,4.75711,4.75711,3302207
1987-09-16,4.71361,4.72791,4.66221,4.69151,4.69151,4928716
1987-09-17,4.73532,4.73532,4.63282,4.67672,4.67672,3615925
1987-09-18,4.69151,4.77941,4.69151,4.77161,4.77161,6499483
1987-09-21,4.79371,4.84511,4.77161,4.79371,4.79371,6009777
1987-09-22,4.79371,4.86682,4.73532,4.86682,4.86682,10240016
1987-09-23,4.90351,5.02071,4.89641,5.02071,5.02071,12461170
1987-09-24,5.03511,5.2544,5.0281,5.1596,5.1596,11040157
1987-09-25,5.1304,5.1304,5.0646,5.07891,5.07891,3272690
1987-09-28,5.08689,5.1596,5.0721,5.1304,5.1304,4069551
1987-09-29,5.1304,5.1892,5.08689,5.14509,5.14509,3054080
1987-09-30,5.1086,5.1747,5.1086,5.1669,5.1669,6890806
1987-10-01,5.1669,5.1892,5.14509,5.1892,5.1892,3857493
1987-10-02,5.1892,5.1892,5.1596,5.1596,5.1596,4365781
1987-10-05,5.1747,5.1959,5.1596,5.1959,5.1959,3455237
1987-10-06,5.1892,5.1892,4.9988,5.0425,5.0425,3472730
1987-10-07,5.0574,5.0646,4.95461,4.9839,4.9839,5384534
1987-10-08,5.0135,5.02071,4.926,4.95461,4.95461,4985560
1987-10-09,4.95461,4.9769,4.88851,4.89641,4.89641,2508631
1987-10-12,4.89641,4.89641,4.76461,4.79371,4.79371,3502243
1987-10-13,4.86682,4.95461,4.8598,4.926,4.926,4692614
1987-10-14,4.926,5.0574,4.80111,4.81571,4.81571,16614889
1987-10-15,4.81571,4.86682,4.73532,4.75011,4.75011,7121445
1987-10-16,4.82311,4.82311,4.42053,4.55232,4.55232,10349327
1987-10-19,4.28893,4.41342,3.51267,3.57136,3.57136,15000403
1987-10-20,3.57136,4.20123,3.16908,3.27107,3.27107,17899267
1987-10-21,3.63006,3.76915,3.50576,3.74716,3.74716,10689276
1987-10-22,3.31547,3.66676,3.31547,3.52785,3.52785,10346047
1987-10-23,3.46917,3.61516,3.38127,3.39577,3.39577,6491834
1987-10-26,3.38127,3.38127,2.92738,2.96419,2.96419,5873140
1987-10-27,3.06678,3.12518,2.98598,3.10308,3.10308,7166267
1987-10-28,2.97859,3.16908,2.96419,3.14007,3.14007,10930849
1987-10-29,3.19127,3.36666,3.16908,3.35217,3.35217,15740421
1987-10-30,3.52785,3.57136,3.49116,3.50576,3.50576,11258774
1987-11-02,3.50576,3.59365,3.49116,3.57906,3.57906,7289783
1987-11-03,3.57136,3.66676,3.52785,3.59365,3.59365,9040904
1987-11-04,3.60076,3.70345,3.59365,3.63755,3.63755,7383787
1987-11-05,3.61516,3.94474,3.61516,3.89355,3.89355,8316189
1987-11-06,3.87895,3.91545,3.76915,3.81334,3.81334,7115981
1987-11-09,3.76915,3.82775,3.70345,3.79845,3.79845,6735588
1987-11-10,3.74716,3.87184,3.71785,3.75446,3.75446,6829597
1987-11-11,3.85695,3.93044,3.83495,3.90095,3.90095,4493674
1987-11-12,4.03264,4.18614,4.01025,4.06194,4.06194,11368080
1987-11-13,4.09133,4.11334,4.04724,4.08355,4.08355,6032736
1987-11-16,4.13494,4.13494,3.98864,4.01834,4.01834,5645782
1987-11-17,4.00354,4.00354,3.92275,3.96685,3.96685,6372686
1987-11-18,3.98134,4.01834,3.94474,4.01025,4.01025,6584743
1987-11-19,3.98864,4.03264,3.88635,3.94474,3.94474,5921238
1987-11-20,3.89355,4.06894,3.89355,4.05484,4.05484,4453226
1987-11-23,4.03264,4.15684,4.02553,4.13494,4.13494,3859682
1987-11-24,4.19354,4.25953,4.19354,4.23023,4.23023,6603324
1987-11-25,4.24484,4.31823,4.24484,4.30334,4.30334,5255554
1987-11-27,4.28123,4.30334,4.21573,4.22273,4.22273,2374179
1987-11-30,4.06894,4.09133,3.85695,4.00354,4.00354,8967670
1987-12-01,4.05484,4.06194,3.89355,3.93744,3.93744,3545964
1987-12-02,3.94474,3.97424,3.92275,3.97424,3.97424,3953687
1987-12-03,3.97424,3.97424,3.84985,3.87895,3.87895,3157919
1987-12-04,3.80594,3.84225,3.73996,3.76175,3.76175,5498218
1987-12-07,3.79135,3.93744,3.79135,3.93044,3.93044,4030205
1987-12-08,3.93044,4.03264,3.85695,4.03264,4.03264,5729952
1987-12-09,3.94474,4.19354,3.94474,4.19354,4.19354,10174436
1987-12-10,4.06894,4.31823,4.06194,4.15684,4.15684,13554255
1987-12-11,4.17193,4.19354,4.09133,4.10584,4.10584,2539236
1987-12-14,4.12764,4.28123,4.10584,4.23023,4.23023,5371418
1987-12-15,4.26693,4.32553,4.23023,4.23023,4.23023,7911747
1987-12-16,4.28123,4.33223,4.25953,4.32553,4.32553,5263201
1987-12-17,4.33223,4.36212,4.28123,4.30334,4.30334,5621738
1987-12-18,4.31823,4.39123,4.31054,4.39123,4.39123,6257914
1987-12-21,4.37663,4.41342,4.35463,4.36212,4.36212,2435397
1987-12-22,4.36904,4.40583,4.34743,4.35463,4.35463,5300364
1987-12-23,4.36904,4.39863,4.35463,4.37663,4.37663,3608273
1987-12-24,4.39123,4.40583,4.34743,4.35463,4.35463,1723794
1987-12-28,4.26693,4.27403,4.21573,4.27403,4.27403,2545794
1987-12-29,4.26693,4.30334,4.23754,4.23754,4.23754,1501898
1987-12-30,4.23023,4.30334,4.23023,4.28123,4.28123,3134965
1987-12-31,4.30334,4.58162,4.26693,4.36904,4.36904,2029861
1988-01-04,4.36904,4.43552,4.30334,4.41342,4.41342,7977331
1988-01-05,4.49382,4.56682,4.47883,4.53013,4.53013,8702047
1988-01-06,4.60342,4.66221,4.58162,4.64722,4.64722,10930849
1988-01-07,4.58162,4.61092,4.56682,4.60342,4.60342,2774248
1988-01-08,4.61092,4.61092,4.30334,4.30334,4.30334,6862387
1988-01-11,4.36904,4.39123,4.19354,4.24484,4.24484,6209816
1988-01-12,4.24484,4.24484,4.10584,4.24484,4.24484,5105801
1988-01-13,4.24484,4.26693,4.20823,4.21573,4.21573,7338973
1988-01-14,4.24484,4.28123,4.20823,4.23754,4.23754,4957144
1988-01-15,4.33223,4.37663,4.28893,4.37663,4.37663,8248422
1988-01-18,4.35463,4.42753,4.35463,4.42053,4.42053,2745825
1988-01-19,4.40583,4.42753,4.34743,4.38383,4.38383,2909793
1988-01-20,4.33223,4.35463,4.09815,4.13494,4.13494,8030895
1988-01-21,4.13494,4.13494,3.95215,4.01025,4.01025,11258774
1988-01-22,4.06894,4.09815,4.03974,4.09133,4.09133,4808480
1988-01-25,4.09815,4.17193,4.09133,4.13494,4.13494,2996145
1988-01-26,4.12764,4.14253,4.06894,4.07683,4.07683,3007076
1988-01-27,4.07683,4.09815,3.95955,4.01025,4.01025,4223686
1988-01-28,4.06894,4.09815,4.03264,4.04724,4.04724,3364517
1988-01-29,4.09815,4.12764,4.07683,4.12034,4.12034,4572373
1988-02-01,4.17193,4.20123,4.12764,4.12764,4.12764,4937462
1988-02-02,4.13494,4.13494,4.05484,4.06894,4.06894,5593315
1988-02-03,4.06894,4.19354,4.04724,4.12034,4.12034,5021631
1988-02-04,4.12034,4.15684,4.09133,4.12764,4.12764,3935104
1988-02-05,4.14253,4.22273,4.14253,4.19354,4.19354,3742724
1988-02-08,4.17193,4.17193,4.11334,4.11334,4.11334,2317340
1988-02-09,4.12764,4.14253,4.09815,4.13494,4.13494,1895404
1988-02-10,4.15684,4.25953,4.15684,4.23754,4.23754,6536650
1988-02-11,4.23754,4.28893,4.22273,4.25953,4.25953,4142794
1988-02-12,4.28123,4.34743,4.25214,4.25953,4.25953,4487115
1988-02-16,4.29623,4.36904,4.24484,4.35463,4.35463,2531587
1988-02-17,4.37663,4.37663,4.31054,4.33223,4.33223,4365781
1988-02-18,4.33223,4.40583,4.33223,4.35463,4.35463,3249740
1988-02-19,4.36904,4.43552,4.35463,4.38383,4.38383,2884655
1988-02-22,4.42053,4.50842,4.40583,4.49382,4.49382,5520076
1988-02-23,4.51553,4.58162,4.50842,4.53772,4.53772,5501496
1988-02-24,4.55232,4.56682,4.52273,4.54472,4.54472,2320620
1988-02-25,4.55962,4.58901,4.52273,4.54472,4.54472,3165572
1988-02-26,4.54472,4.56682,4.52273,4.52273,4.52273,2033138
1988-02-29,4.52273,4.59593,4.51553,4.59593,4.59593,3212575
1988-03-01,4.59593,4.66221,4.55232,4.66221,4.66221,6007595
1988-03-02,4.69151,4.70601,4.55962,4.59593,4.59593,4129673
1988-03-03,4.59593,4.61092,4.58162,4.60342,4.60342,3636698
1988-03-04,4.60342,4.60342,4.49382,4.52273,4.52273,9233287
1988-03-07,4.54472,4.58901,4.51553,4.56682,4.56682,1834197
1988-03-08,4.56682,4.60342,4.55962,4.58162,4.58162,2376369
1988-03-09,4.58162,4.64021,4.54472,4.63282,4.63282,3740537
1988-03-10,4.61092,4.61092,4.47202,4.47202,4.47202,3259581
1988-03-11,4.49382,4.50842,4.40583,4.49382,4.49382,1753312
1988-03-14,4.51553,4.58162,4.50842,4.58162,4.58162,2060466
1988-03-15,4.58162,4.58162,4.54472,4.56682,4.56682,1476759
1988-03-16,4.58901,4.64722,4.58162,4.63282,4.63282,2663847
1988-03-17,4.67672,4.75711,4.64722,4.73532,4.73532,6203252
1988-03-18,4.77941,4.77941,4.70601,4.75711,4.75711,4441204
1988-03-21,4.72051,4.72051,4.60342,4.63282,4.63282,3477104
1988-03-22,4.63282,4.64722,4.58162,4.59593,4.59593,2156660
1988-03-23,4.64722,4.66221,4.56682,4.56682,4.56682,1957715
1988-03-24,4.52273,4.53772,4.42053,4.50842,4.50842,5268669
1988-03-25,4.50842,4.50842,4.41342,4.42053,4.42053,2998332
1988-03-28,4.33223,4.42753,4.33223,4.38383,4.38383,3133876
1988-03-29,4.49382,4.49382,4.42753,4.46433,4.46433,3324071
1988-03-30,4.45733,4.49382,4.34743,4.35463,4.35463,3094523
1988-03-31,4.32553,4.41342,4.30334,4.41342,4.41342,2359967
1988-04-04,4.40583,4.42753,4.34743,4.36904,4.36904,1074501
1988-04-05,4.43552,4.44973,4.37663,4.44973,4.44973,2114027
1988-04-06,4.46433,4.55232,4.41342,4.53772,4.53772,2929468
1988-04-07,4.54472,4.61092,4.52273,4.58901,4.58901,2116214
1988-04-08,4.59593,4.62562,4.53772,4.62562,4.62562,2247381
1988-04-11,4.64722,4.66221,4.61092,4.66221,4.66221,2116214
1988-04-12,4.64722,4.75711,4.64021,4.75011,4.75011,4527561
1988-04-13,4.79371,4.84511,4.55962,4.61092,4.61092,10833564
1988-04-14,4.55962,4.55962,4.43552,4.43552,4.43552,6949832
1988-04-15,4.45733,4.45733,4.31054,4.36904,4.36904,7336782
1988-04-18,4.33223,4.39123,4.32553,4.39123,4.39123,2178519
1988-04-19,4.40583,4.49382,4.40583,4.42753,4.42753,2498790
1988-04-20,4.39863,4.41342,4.31054,4.35463,4.35463,4687147
1988-04-21,4.36212,4.42753,4.34743,4.35463,4.35463,4954953
1988-04-22,4.45733,4.45733,4.42753,4.45733,4.45733,2626684
1988-04-25,4.43552,4.49382,4.42753,4.47883,4.47883,3495685
1988-04-26,4.49382,4.53013,4.41342,4.52273,4.52273,1965368
1988-04-27,4.51553,4.51553,4.42753,4.47883,4.47883,2072488
1988-04-28,4.43552,4.53013,4.39863,4.52273,4.52273,1850591
1988-04-29,4.50092,4.51553,4.43552,4.44973,4.44973,2081235
1988-05-02,4.42753,4.43552,4.40583,4.41342,4.41342,1273440
1988-05-03,4.42753,4.45733,4.41342,4.44262,4.44262,1455988
1988-05-04,4.43552,4.45733,4.41342,4.43552,4.43552,2134790
1988-05-05,4.42753,4.47202,4.36904,4.39123,4.39123,2367624
1988-05-06,4.39863,4.43552,4.36904,4.37663,4.37663,2327181
1988-05-09,4.36904,4.36904,4.25953,4.25953,4.25953,2730526
1988-05-10,4.24484,4.28893,4.23754,4.24484,4.24484,4271777
1988-05-11,4.22273,4.23023,4.14253,4.17914,4.17914,4709010
1988-05-12,4.18614,4.23754,4.16424,4.23023,4.23023,2907607
1988-05-13,4.24484,4.30334,4.23754,4.30334,4.30334,2215684
1988-05-16,4.31823,4.44973,4.31823,4.44973,4.44973,3622480
1988-05-17,4.49382,4.52273,4.44973,4.52273,4.52273,8083360
1988-05-18,4.50092,4.51553,4.35463,4.41342,4.41342,4973535
1988-05-19,4.39123,4.39123,4.28893,4.32553,4.32553,3202736
1988-05-20,4.34743,4.35463,4.28893,4.35463,4.35463,3007076
1988-05-23,4.35463,4.35463,4.25953,4.26693,4.26693,2036416
1988-05-24,4.27403,4.28893,4.25953,4.28123,4.28123,4336267
1988-05-25,4.28893,4.33223,4.24484,4.25953,4.25953,4325339
1988-05-26,4.28893,4.31054,4.27403,4.30334,4.30334,2983031
1988-05-27,4.28893,4.31054,4.24484,4.27403,4.27403,1297490
1988-05-31,4.27403,4.44973,4.26693,4.39863,4.39863,2318432
1988-06-01,4.42753,4.53013,4.42753,4.49382,4.49382,4694800
1988-06-02,4.50092,4.51553,4.45733,4.47202,4.47202,3024568
1988-06-03,4.47202,4.53013,4.47202,4.52273,4.52273,2907607
1988-06-06,4.53013,4.55962,4.51553,4.54472,4.54472,2093261
1988-06-07,4.53013,4.53772,4.44262,4.48652,4.48652,2659475
1988-06-08,4.49382,4.60342,4.49382,4.59593,4.59593,3639976
1988-06-09,4.58162,4.61812,4.53013,4.53772,4.53772,2658385
1988-06-10,4.52273,4.60342,4.52273,4.55962,4.55962,2989585
1988-06-13,4.54472,4.61092,4.53772,4.57412,4.57412,3042057
1988-06-14,4.61092,4.69151,4.59593,4.66221,4.66221,11697101
1988-06-15,4.68422,4.68422,4.64021,4.66952,4.66952,2768783
1988-06-16,4.64021,4.66221,4.61812,4.66221,4.66221,3662926
1988-06-17,4.61812,4.66952,4.61812,4.66952,4.66952,7496376
1988-06-20,4.65481,4.73532,4.64722,4.68422,4.68422,6219655
1988-06-21,4.69881,4.73532,4.68422,4.70601,4.70601,4958234
1988-06-22,4.77941,4.8598,4.77161,4.85221,4.85221,4224773
1988-06-23,4.83791,4.83791,4.77161,4.81571,4.81571,2694462
1988-06-24,4.81571,4.81571,4.70601,4.70601,4.70601,1894319
1988-06-27,4.73532,4.73532,4.64021,4.66952,4.66952,2945863
1988-06-28,4.65481,4.72791,4.62562,4.69881,4.69881,2752389
1988-06-29,4.72051,4.72791,4.64722,4.69151,4.69151,2363248
1988-06-30,4.70601,4.80822,4.69151,4.80822,4.80822,2218964
1988-07-01,4.80822,4.80822,4.70601,4.72051,4.72051,3167759
1988-07-05,4.72791,4.77161,4.69881,4.74232,4.74232,2007998
1988-07-06,4.74232,4.80822,4.73532,4.76461,4.76461,2295476
1988-07-07,4.74232,4.75011,4.72051,4.73532,4.73532,2567652
1988-07-08,4.72051,4.74232,4.72051,4.72791,4.72791,1522666
1988-07-11,4.72051,4.73532,4.70601,4.72051,4.72051,1905249
1988-07-12,4.68422,4.72051,4.51553,4.56682,4.56682,8036360
1988-07-13,4.56682,4.59593,4.53772,4.56682,4.56682,5132034
1988-07-14,4.55962,4.59593,4.55962,4.55962,4.55962,4090321
1988-07-15,4.57412,4.61812,4.55232,4.57412,4.57412,2063743
1988-07-18,4.55232,4.55232,4.46433,4.51553,4.51553,3614834
1988-07-19,4.47883,4.50092,4.39863,4.43552,4.43552,5152800
1988-07-20,4.46433,4.47202,4.41342,4.42053,4.42053,2749105
1988-07-21,4.44973,4.44973,4.38383,4.39863,4.39863,2229894
1988-07-22,4.37663,4.39123,4.31054,4.34013,4.34013,4185420
1988-07-25,4.37663,4.42053,4.37663,4.41342,4.41342,4974628
1988-07-26,4.39863,4.42753,4.35463,4.42053,4.42053,3151370
1988-07-27,4.42053,4.43552,4.38383,4.39863,4.39863,2957885
1988-07-28,4.39123,4.43552,4.37663,4.39123,4.39123,1930387
1988-07-29,4.41342,4.43552,4.38383,4.42753,4.42753,2505353
1988-08-01,4.44973,4.45733,4.43552,4.44973,4.44973,3467268
1988-08-02,4.46433,4.49382,4.44973,4.47883,4.47883,2283454
1988-08-03,4.47202,4.49382,4.44973,4.44973,4.44973,4182142
1988-08-04,4.47883,4.50842,4.43552,4.49382,4.49382,2696640
1988-08-05,4.50092,4.50842,4.47202,4.47883,4.47883,2095444
1988-08-08,4.49382,4.50092,4.45733,4.46433,4.46433,1427569
1988-08-09,4.47883,4.47883,4.31054,4.34013,4.34013,3881544
1988-08-10,4.32553,4.33223,4.13494,4.21573,4.21573,8014499
1988-08-11,4.20823,4.22273,4.10584,4.18614,4.18614,5719021
1988-08-12,4.18614,4.21573,4.14253,4.18614,4.18614,3631228
1988-08-15,4.17193,4.17193,4.09815,4.10584,4.10584,2071389
1988-08-16,4.08355,4.12764,4.05484,4.08355,4.08355,5398746
1988-08-17,4.08355,4.08355,3.88635,3.93744,3.93744,8778562
1988-08-18,3.96685,4.02553,3.93044,3.93744,3.93744,7464679
1988-08-19,3.93044,3.93744,3.89355,3.91545,3.91545,3688069
1988-08-22,3.88635,3.93044,3.84985,3.91545,3.91545,4878434
1988-08-23,3.91545,3.93044,3.90095,3.93044,3.93044,2872626
1988-08-24,3.93044,4.01834,3.93044,4.00354,4.00354,4351573
1988-08-25,4.00354,4.05484,3.98134,4.05484,4.05484,2518469
1988-08-26,4.03974,4.04724,4.00354,4.01834,4.01834,2335920
1988-08-29,4.05484,4.06194,4.02553,4.05484,4.05484,1547809
1988-08-30,4.05484,4.05484,4.03974,4.04724,4.04724,1395869
1988-08-31,4.04724,4.04724,3.93044,3.95955,3.95955,4931999
1988-09-01,3.94474,3.94474,3.83495,3.84985,3.84985,6828505
1988-09-02,3.88635,3.93044,3.87895,3.92275,3.92275,6617533
1988-09-06,3.96685,4.00354,3.95955,3.96685,3.96685,4585488
1988-09-07,4.01025,4.02553,3.97424,4.00354,4.00354,3361234
1988-09-08,3.98134,4.02553,3.97424,4.01025,4.01025,2079044
1988-09-09,4.01834,4.04724,3.99584,4.03974,4.03974,2263774
1988-09-12,4.01834,4.02553,3.99584,3.99584,3.99584,1412265
1988-09-13,3.98134,4.08355,3.98134,4.08355,4.08355,2972097
1988-09-14,4.12034,4.13494,4.03974,4.05484,4.05484,5703711
1988-09-15,4.03974,4.04724,3.99584,3.99584,3.99584,1736912
1988-09-16,3.98134,4.01834,3.98134,4.01834,4.01834,3368884
1988-09-19,4.00354,4.01025,3.94474,3.99584,3.99584,3102175
1988-09-20,3.97424,4.01025,3.96685,3.98134,3.98134,2676965
1988-09-21,4.00354,4.01025,3.96685,3.99584,3.99584,3867335
1988-09-22,3.99584,4.02553,3.96685,4.01025,4.01025,2245196
1988-09-23,3.99584,4.02553,3.98134,4.01025,4.01025,3084681
1988-09-26,4.00354,4.01025,3.96685,3.96685,3.96685,2071389
1988-09-27,3.98134,4.00354,3.97424,4.00354,4.00354,1540156
1988-09-28,3.96685,4.00354,3.96685,3.99584,3.99584,3031122
1988-09-29,4.01025,4.08355,3.98134,4.07683,4.07683,4500230
1988-09-30,4.06194,4.12764,4.06194,4.09133,4.09133,3439938
1988-10-03,4.10584,4.14253,4.06194,4.12764,4.12764,2901048
1988-10-04,4.14253,4.14253,4.10584,4.12764,4.12764,3424635
1988-10-05,4.12764,4.13494,4.05484,4.10584,4.10584,3250837
1988-10-06,4.10584,4.17193,4.08355,4.17193,4.17193,4607351
1988-10-07,4.20823,4.26693,4.17914,4.25953,4.25953,4347199
1988-10-10,4.26693,4.30334,4.25953,4.27403,4.27403,1630883
1988-10-11,4.27403,4.27403,4.25214,4.27403,4.27403,2087793
1988-10-12,4.23023,4.23023,4.17193,4.20123,4.20123,2711945
1988-10-13,4.18614,4.22273,4.18614,4.20823,4.20823,2328269
1988-10-14,4.20823,4.22273,4.14973,4.20123,4.20123,3476012
1988-10-17,4.21573,4.21573,4.14253,4.20123,4.20123,2317340
1988-10-18,4.19354,4.20823,4.16424,4.20123,4.20123,2130423
1988-10-19,4.19354,4.22273,4.14973,4.19354,4.19354,5104707
1988-10-20,4.18614,4.39123,4.17193,4.36904,4.36904,12178057
1988-10-21,4.36212,4.53772,4.35463,4.53772,4.53772,7907379
1988-10-24,4.53772,4.57412,4.51553,4.53013,4.53013,6097229
1988-10-25,4.51553,4.53772,4.50842,4.51553,4.51553,3483659
1988-10-26,4.51553,4.52273,4.44973,4.44973,4.44973,3214763
1988-10-27,4.42753,4.42753,4.38383,4.41342,4.41342,5849099
1988-10-28,4.41342,4.47202,4.41342,4.44262,4.44262,2894489
1988-10-31,4.43552,4.44262,4.39863,4.40583,4.40583,2574215
1988-11-01,4.40583,4.40583,4.36212,4.36904,4.36904,2169775
1988-11-02,4.38383,4.38383,4.33223,4.36212,4.36212,1704118
1988-11-03,4.36212,4.42753,4.36212,4.40583,4.40583,2302041
1988-11-04,4.38383,4.39863,4.35463,4.35463,4.35463,1637442
1988-11-07,4.32553,4.32553,4.27403,4.30334,4.30334,1669143
1988-11-08,4.30334,4.36904,4.30334,4.35463,4.35463,3054080
1988-11-09,4.33223,4.34743,4.31823,4.32553,4.32553,2284549
1988-11-10,4.33223,4.36212,4.33223,4.35463,4.35463,1912896
1988-11-11,4.34743,4.34743,4.27403,4.28893,4.28893,1994880
1988-11-14,4.28893,4.35463,4.28893,4.32553,4.32553,3329534
1988-11-15,4.31823,4.32553,4.30334,4.31823,4.31823,1959897
1988-11-16,4.30334,4.32553,4.24484,4.28123,4.28123,3137151
1988-11-17,4.32553,4.38383,4.32553,4.36212,4.36212,5669831
1988-11-18,4.36212,4.47202,4.36212,4.47202,4.47202,2793924
1988-11-21,4.44262,4.45733,4.39123,4.40583,4.40583,1950063
1988-11-22,4.39863,4.44262,4.38383,4.42753,4.42753,1366354
1988-11-23,4.42753,4.56682,4.42753,4.55232,4.55232,3021284
1988-11-25,4.55232,4.55232,4.49382,4.52273,4.52273,2075770
1988-11-28,4.51553,4.56682,4.51553,4.55962,4.55962,4164652
1988-11-29,4.57412,4.61812,4.57412,4.58901,4.58901,3130595
1988-11-30,4.58901,4.60342,4.52273,4.52273,4.52273,4053160
1988-12-01,4.51553,4.52273,4.44973,4.47202,4.47202,2427742
1988-12-02,4.44973,4.45733,4.39863,4.41342,4.41342,3462894
1988-12-05,4.42753,4.56682,4.41342,4.55962,4.55962,6644863
1988-12-06,4.56682,4.58901,4.53013,4.57412,4.57412,3204925
1988-12-07,4.56682,4.57412,4.53772,4.55232,4.55232,2513002
1988-12-08,4.53772,4.55962,4.52273,4.52273,4.52273,4367965
1988-12-09,4.51553,4.55232,4.47883,4.48652,4.48652,1144466
1988-12-12,4.49382,4.53013,4.49382,4.51553,4.51553,1345588
1988-12-13,4.50842,4.51553,4.44262,4.44973,4.44973,1429754
1988-12-14,4.44262,4.48652,4.41342,4.45733,4.45733,3189623
1988-12-15,4.44262,4.45733,4.41342,4.42753,4.42753,1148826
1988-12-16,4.40583,4.42753,4.36212,4.41342,4.41342,4541768
1988-12-19,4.42753,4.49382,4.41342,4.47202,4.47202,3893573
1988-12-20,4.47883,4.53772,4.47883,4.52273,4.52273,5795536
1988-12-21,4.51553,4.56682,4.50842,4.55962,4.55962,2644171
1988-12-22,4.55232,4.55962,4.51553,4.52273,4.52273,1344495
1988-12-23,4.52273,4.55232,4.52273,4.53013,4.53013,1060293
1988-12-27,4.53013,4.55962,4.53013,4.53772,4.53772,812160
1988-12-28,4.53013,4.55232,4.53013,4.53013,4.53013,814348
1988-12-29,4.51553,4.58901,4.51553,4.56682,4.56682,1446149
1988-12-30,4.56682,4.59593,4.53772,4.53772,4.53772,1822170
1989-01-03,4.53013,4.53772,4.50842,4.53772,4.53772,3129496
1989-01-04,4.55232,4.63282,4.55232,4.63282,4.63282,6874409
1989-01-05,4.64722,4.71361,4.64021,4.69881,4.69881,5494937
1989-01-06,4.69881,4.75711,4.69881,4.75011,4.75011,4193073
1989-01-09,4.75711,4.77941,4.75711,4.75711,4.75711,3557995
1989-01-10,4.77161,4.81571,4.75011,4.77941,4.77941,5312392
1989-01-11,4.76461,4.80822,4.76461,4.80822,4.80822,3236624
1989-01-12,4.79371,4.83791,4.77941,4.80822,4.80822,5902658
1989-01-13,4.83791,4.8598,4.82311,4.83791,4.83791,5441377
1989-01-16,4.86682,4.8818,4.81571,4.83031,4.83031,3577667
1989-01-17,4.82311,4.83031,4.78651,4.79371,4.79371,3602806
1989-01-18,4.79371,4.8598,4.75011,4.8598,4.8598,3386379
1989-01-19,4.8745,4.94711,4.30334,4.38383,4.38383,46330398
1989-01-20,4.39123,4.43552,4.24484,4.29623,4.29623,41431193
1989-01-23,4.30334,4.32553,4.23023,4.26693,4.26693,16642211
1989-01-24,4.27403,4.31054,4.26693,4.31054,4.31054,14242891
1989-01-25,4.31823,4.32553,4.27403,4.29623,4.29623,6878778
1989-01-26,4.24484,4.31054,4.24484,4.30334,4.30334,12243638
1989-01-27,4.31823,4.38383,4.29623,4.34743,4.34743,12982566
1989-01-30,4.36212,4.37663,4.34013,4.35463,4.35463,7291969
1989-01-31,4.35463,4.43552,4.34013,4.43552,4.43552,7462490
1989-02-01,4.43552,4.43552,4.39123,4.39863,4.39863,4034574
1989-02-02,4.42053,4.42753,4.39123,4.42053,4.42053,4323152
1989-02-03,4.37663,4.40583,4.37663,4.40583,4.40583,3836724
1989-02-06,4.40583,4.43552,4.37663,4.39123,4.39123,3639976
1989-02-07,4.39863,4.43552,4.39123,4.40583,4.40583,6241516
1989-02-08,4.43552,4.43552,4.40583,4.40583,4.40583,5023818
1989-02-09,4.39123,4.39863,4.34743,4.37663,4.37663,4527561
1989-02-10,4.31823,4.34013,4.27403,4.28123,4.28123,7021977
1989-02-13,4.26693,4.28123,4.26693,4.28123,4.28123,6487455
1989-02-14,4.30334,4.30334,4.25953,4.25953,4.25953,4633585
1989-02-15,4.26693,4.26693,4.20823,4.22273,4.22273,5416237
1989-02-16,4.23023,4.24484,4.22273,4.24484,4.24484,5027092
1989-02-17,4.25953,4.28123,4.24484,4.25953,4.25953,5138589
1989-02-21,4.29623,4.31054,4.29623,4.30334,4.30334,6371591
1989-02-22,4.30334,4.30334,4.25953,4.27403,4.27403,5872048
1989-02-23,4.24484,4.28123,4.23023,4.28123,4.28123,3866235
1989-02-24,4.29623,4.29623,4.22273,4.23023,4.23023,3163387
1989-02-27,4.23023,4.25953,4.22273,4.22273,4.22273,3876083
1989-02-28,4.22273,4.23754,4.20123,4.20823,4.20823,6182489
1989-03-01,4.22273,4.22273,4.20123,4.20123,4.20123,3084681
1989-03-02,4.20123,4.20823,4.18614,4.19354,4.19354,3812678
1989-03-03,4.19354,4.19354,4.12764,4.12764,4.12764,5274132
1989-03-06,4.14253,4.14253,4.11334,4.12034,4.12034,6449200
1989-03-07,4.14253,4.17914,4.12034,4.15684,4.15684,3944939
1989-03-08,4.15684,4.18614,4.15684,4.16424,4.16424,4619376
1989-03-09,4.17914,4.20823,4.16424,4.20823,4.20823,3191809
1989-03-10,4.19354,4.20123,4.15684,4.17914,4.17914,3103268
1989-03-13,4.16424,4.18614,4.15684,4.17914,4.17914,4599703
1989-03-14,4.18614,4.19354,4.15684,4.17914,4.17914,4213842
1989-03-15,4.18614,4.20123,4.15684,4.19354,4.19354,6045851
1989-03-16,4.20123,4.22273,4.19354,4.19354,4.19354,4433550
1989-03-17,4.14253,4.14253,4.09815,4.11334,4.11334,7735760
1989-03-20,4.10584,4.10584,4.08355,4.09815,4.09815,3197273
1989-03-21,4.09815,4.10584,4.02553,4.09815,4.09815,4921068
1989-03-22,4.10584,4.10584,4.06194,4.06894,4.06894,4322059
1989-03-23,4.07683,4.10584,4.07683,4.07683,4.07683,6013060
1989-03-27,4.08355,4.10584,4.07683,4.10584,4.10584,4456504
1989-03-28,4.10584,4.10584,4.07683,4.08355,4.08355,3011451
1989-03-29,4.07683,4.10584,4.06894,4.08355,4.08355,2658385
1989-03-30,4.06894,4.07683,4.04724,4.06894,4.06894,2600449
1989-03-31,4.08355,4.10584,4.06894,4.09815,4.09815,3219132
1989-04-03,4.11334,4.16424,4.09815,4.16424,4.16424,2298755
1989-04-04,4.15684,4.20823,4.15684,4.18614,4.18614,2308595
1989-04-05,4.17914,4.18614,4.14973,4.14973,4.14973,2425557
1989-04-06,4.14253,4.14253,4.09815,4.12034,4.12034,2375273
1989-04-07,4.10584,4.14973,4.08355,4.14253,4.14253,7442813
1989-04-10,4.12764,4.19354,4.11334,4.18614,4.18614,4684965
1989-04-11,4.18614,4.27403,4.18614,4.26693,4.26693,3340468
1989-04-12,4.29623,4.34013,4.26693,4.27403,4.27403,5253365
1989-04-13,4.28123,4.28123,4.20123,4.23023,4.23023,3019097
1989-04-14,4.23754,4.25953,4.20823,4.23023,4.23023,3514270
1989-04-17,4.23023,4.23023,4.19354,4.20823,4.20823,3235530
1989-04-18,4.22273,4.28123,4.22273,4.24484,4.24484,4025831
1989-04-19,4.25953,4.26693,4.24484,4.26693,4.26693,4869692
1989-04-20,4.37663,4.40583,4.32553,4.36212,4.36212,12228343
1989-04-21,4.36904,4.38383,4.34013,4.36212,4.36212,4044419
1989-04-24,4.36904,4.37663,4.36212,4.36904,4.36904,2588422
1989-04-25,4.36904,4.36904,4.31823,4.31823,4.31823,2894489
1989-04-26,4.32553,4.34743,4.31823,4.34013,4.34013,2695547
1989-04-27,4.36212,4.37663,4.33223,4.36212,4.36212,3971177
1989-04-28,4.38383,4.39863,4.34743,4.36212,4.36212,3369983
1989-05-01,4.34013,4.36212,4.32553,4.34013,4.34013,1419918
1989-05-02,4.34013,4.36904,4.34013,4.36212,4.36212,2189450
1989-05-03,4.36212,4.41342,4.36212,4.40583,4.40583,1922732
1989-05-04,4.36904,4.38383,4.29623,4.30334,4.30334,3758022
1989-05-05,4.32553,4.34013,4.21573,4.25214,4.25214,4877346
1989-05-08,4.24484,4.25953,4.20823,4.23023,4.23023,3034409
1989-05-09,4.25214,4.25214,4.20823,4.21573,4.21573,8091008
1989-05-10,4.22273,4.23023,4.20823,4.22273,4.22273,2284549
1989-05-11,4.22273,4.28123,4.22273,4.26693,4.26693,2506446
1989-05-12,4.34743,4.40583,4.34013,4.39863,4.39863,7440629
1989-05-15,4.39863,4.50092,4.39863,4.50092,4.50092,4418252
1989-05-16,4.44973,4.50092,4.44973,4.48652,4.48652,5246804
1989-05-17,4.51553,4.56682,4.51553,4.56682,4.56682,5069726
1989-05-18,4.55962,4.56682,4.53772,4.55232,4.55232,4047695
1989-05-19,4.55232,4.64021,4.55232,4.63282,4.63282,5439190
1989-05-22,4.64021,4.65481,4.58162,4.60342,4.60342,5186686
1989-05-23,4.57412,4.57412,4.51553,4.51553,4.51553,4423710
1989-05-24,4.51553,4.51553,4.46433,4.47883,4.47883,3598435
1989-05-25,4.46433,4.49382,4.44973,4.48652,4.48652,1760958
1989-05-26,4.49382,4.53013,4.48652,4.53013,4.53013,2528304
1989-05-30,4.53013,4.57412,4.52273,4.56682,4.56682,4576744
1989-05-31,4.55962,4.61092,4.55962,4.60342,4.60342,3976640
1989-06-01,4.55962,4.55962,4.48652,4.51553,4.51553,7303993
1989-06-02,4.52273,4.53013,4.44973,4.47883,4.47883,15742608
1989-06-05,4.45733,4.47883,4.41342,4.42053,4.42053,5105801
1989-06-06,4.44262,4.46433,4.43552,4.46433,4.46433,4994305
1989-06-07,4.47883,4.48652,4.43552,4.46433,4.46433,8432060
1989-06-08,4.45733,4.45733,4.43552,4.44262,4.44262,5748530
1989-06-09,4.43552,4.43552,4.36904,4.37663,4.37663,3830171
1989-06-12,4.36904,4.36904,4.29623,4.32553,4.32553,10106664
1989-06-13,4.32553,4.32553,4.28893,4.31823,4.31823,2905418
1989-06-14,4.30334,4.30334,4.25214,4.25214,4.25214,5228223
1989-06-15,4.25953,4.26693,4.23023,4.25214,4.25214,4499140
1989-06-16,4.24484,4.28123,4.24484,4.26693,4.26693,6910480
1989-06-19,4.26693,4.26693,4.24484,4.25214,4.25214,1818897
1989-06-20,4.25214,4.25953,4.20823,4.20823,4.20823,6256816
1989-06-21,4.22273,4.22273,4.20123,4.22273,4.22273,6152977
1989-06-22,4.22273,4.25214,4.22273,4.24484,4.24484,2849673
1989-06-23,4.25214,4.31823,4.25214,4.28893,4.28893,6747616
1989-06-26,4.28123,4.28893,4.26693,4.28893,4.28893,1844033
1989-06-27,4.28893,4.30334,4.28893,4.29623,4.29623,3107643
1989-06-28,4.28893,4.28893,4.24484,4.25214,4.25214,3254112
1989-06-29,4.23023,4.24484,4.20123,4.20123,4.20123,3909963
1989-06-30,4.20823,4.20823,4.14253,4.17914,4.17914,4148258
1989-07-03,4.20123,4.20123,4.14973,4.18614,4.18614,816535
1989-07-05,4.17193,4.20123,4.14253,4.17914,4.17914,2574215
1989-07-06,4.18614,4.20823,4.18614,4.20823,4.20823,1734723
1989-07-07,4.20823,4.22273,4.18614,4.20823,4.20823,3201645
1989-07-10,4.20823,4.28893,4.18614,4.26693,4.26693,5122196
1989-07-11,4.28893,4.31823,4.28893,4.31823,4.31823,3721952
1989-07-12,4.29623,4.30334,4.25953,4.29623,4.29623,1859338
1989-07-13,4.29623,4.31823,4.25214,4.29623,4.29623,3085777
1989-07-14,4.31054,4.32553,4.30334,4.31054,4.31054,2904327
1989-07-17,4.31054,4.35463,4.31054,4.32553,4.32553,2812506
1989-07-18,4.32553,4.32553,4.28123,4.30334,4.30334,5103610
1989-07-19,4.31823,4.34743,4.31054,4.34743,4.34743,4675123
1989-07-20,4.36212,4.40583,4.35463,4.36212,4.36212,2638706
1989-07-21,4.36904,4.36904,4.20123,4.26693,4.26693,9388507
1989-07-24,4.20823,4.20823,4.16424,4.16424,4.16424,7260271
1989-07-25,4.15684,4.15684,4.12034,4.12764,4.12764,6300537
1989-07-26,4.12764,4.19354,4.12034,4.19354,4.19354,2570936
1989-07-27,4.19354,4.25214,4.17193,4.25214,4.25214,3829074
1989-07-28,4.30334,4.30334,4.27403,4.28893,4.28893,2958981
1989-07-31,4.28893,4.31054,4.28123,4.30334,4.30334,1712861
1989-08-01,4.31823,4.38383,4.31823,4.35463,4.35463,6925784
1989-08-02,4.36212,4.36904,4.34743,4.36904,4.36904,2936020
1989-08-03,4.36904,4.39863,4.36212,4.39123,4.39123,2973194
1989-08-04,4.39123,4.47202,4.38383,4.39863,4.39863,4878434
1989-08-07,4.45733,4.59593,4.44262,4.55962,4.55962,9002645
1989-08-08,4.61812,4.62562,4.55962,4.61092,4.61092,6028363
1989-08-09,4.61092,4.64722,4.59593,4.61812,4.61812,6809916
1989-08-10,4.62562,4.63282,4.61092,4.63282,4.63282,4202911
1989-08-11,4.63282,4.66221,4.59593,4.61812,4.61812,3502243
1989-08-14,4.61092,4.61812,4.57412,4.58162,4.58162,1983952
1989-08-15,4.55962,4.58162,4.54472,4.55962,4.55962,2870437
1989-08-16,4.57412,4.58162,4.55962,4.55962,4.55962,3186345
1989-08-17,4.55962,4.57412,4.54472,4.55232,4.55232,2250663
1989-08-18,4.53772,4.54472,4.50092,4.53772,4.53772,2351227
1989-08-21,4.52273,4.54472,4.49382,4.52273,4.52273,2901048
1989-08-22,4.50092,4.52273,4.49382,4.52273,4.52273,3739443
1989-08-23,4.53772,4.55962,4.52273,4.55962,4.55962,2990679
1989-08-24,4.55962,4.77941,4.53772,4.77161,4.77161,10221433
1989-08-25,4.75011,4.75011,4.63282,4.66952,4.66952,5544121
1989-08-28,4.65481,4.72791,4.64722,4.71361,4.71361,4992123
1989-08-29,4.68422,4.75011,4.65481,4.69151,4.69151,2312967
1989-08-30,4.68422,4.69881,4.65481,4.66952,4.66952,3727419
1989-08-31,4.66952,4.66952,4.64722,4.65481,4.65481,1499717
1989-09-01,4.64722,4.73532,4.64722,4.73532,4.73532,2945863
1989-09-05,4.69151,4.73532,4.69151,4.73532,4.73532,3218044
1989-09-06,4.69151,4.69881,4.65481,4.66952,4.66952,3518643
1989-09-07,4.66952,4.69881,4.66221,4.66221,4.66221,3508808
1989-09-08,4.66952,4.68422,4.58901,4.61092,4.61092,4076113
1989-09-11,4.58901,4.61092,4.58162,4.59593,4.59593,1801406
1989-09-12,4.58162,4.61812,4.57412,4.58162,4.58162,1519389
1989-09-13,4.55962,4.59593,4.54472,4.54472,4.54472,2691170
1989-09-14,4.53772,4.54472,4.50092,4.51553,4.51553,2093261
1989-09-15,4.50092,4.51553,4.47883,4.51553,4.51553,4467438
1989-09-18,4.47202,4.49382,4.44262,4.47202,4.47202,4587674
1989-09-19,4.47202,4.49382,4.46433,4.49382,4.49382,2079044
1989-09-20,4.46433,4.47883,4.46433,4.47202,4.47202,3075941
1989-09-21,4.47883,4.50092,4.46433,4.49382,4.49382,3669484
1989-09-22,4.47883,4.49382,4.45733,4.47883,4.47883,1968644
1989-09-25,4.47202,4.47202,4.44262,4.44262,4.44262,1340122
1989-09-26,4.44262,4.44262,4.40583,4.40583,4.40583,2572029
1989-09-27,4.40583,4.43552,4.39863,4.42053,4.42053,1405706
1989-09-28,4.42053,4.45733,4.42053,4.44262,4.44262,1649470
1989-09-29,4.44262,4.46433,4.40583,4.42053,4.42053,1723794
1989-10-02,4.42753,4.45733,4.42053,4.44262,4.44262,1508460
1989-10-03,4.45733,4.46433,4.43552,4.45733,4.45733,1771890
1989-10-04,4.45733,4.46433,4.42753,4.44262,4.44262,2949142
1989-10-05,4.43552,4.47202,4.43552,4.47202,4.47202,2391672
1989-10-06,4.49382,4.49382,4.45733,4.46433,4.46433,1794842
1989-10-09,4.49382,4.49382,4.43552,4.45733,4.45733,624151
1989-10-10,4.46433,4.46433,4.39863,4.42053,4.42053,2164307
1989-10-11,4.40583,4.42053,4.38383,4.38383,4.38383,2432117
1989-10-12,4.36904,4.39123,4.36212,4.39123,4.39123,1645090
1989-10-13,4.38383,4.39863,4.20123,4.23023,4.23023,4459789
1989-10-16,4.23754,4.38383,4.20823,4.26693,4.26693,12380280
1989-10-17,4.25214,4.27403,4.23754,4.27403,4.27403,6512597
1989-10-18,4.27403,4.27403,4.23023,4.23023,4.23023,5227132
1989-10-19,4.22273,4.26693,4.11334,4.26693,4.26693,12488498
1989-10-20,4.21573,4.23754,4.20123,4.22273,4.22273,5489472
1989-10-23,4.21573,4.22273,4.15684,4.16424,4.16424,3119663
1989-10-24,4.18614,4.20123,4.14253,4.17914,4.17914,5068634
1989-10-25,4.15684,4.16424,4.12764,4.14973,4.14973,1556552
1989-10-26,4.14973,4.14973,4.06194,4.07683,4.07683,3530664
1989-10-27,4.04724,4.04724,3.97424,4.03264,4.03264,4289266
1989-10-30,4.07683,4.09133,4.03264,4.06894,4.06894,4238984
1989-10-31,4.09133,4.16424,4.09133,4.16424,4.16424,3427907
1989-11-01,4.15684,4.15684,4.10584,4.12034,4.12034,3539403
1989-11-02,4.10584,4.11334,3.99584,4.03264,4.03264,2179607
1989-11-03,4.04724,4.06194,3.95215,3.96685,3.96685,2948051
1989-11-06,3.93044,3.96685,3.89355,3.90095,3.90095,2920724
1989-11-07,3.87895,3.89355,3.84985,3.87895,3.87895,5444656
1989-11-08,3.88635,4.00354,3.88635,3.99584,3.99584,4686053
1989-11-09,4.01025,4.04724,3.96685,3.97424,3.97424,6735588
1989-11-10,3.99584,4.01025,3.98864,4.00354,4.00354,2563281
1989-11-13,4.00354,4.10584,3.98864,4.08355,4.08355,6221839
1989-11-14,4.07683,4.09133,4.03264,4.03974,4.03974,2381831
1989-11-15,4.07683,4.07683,4.00354,4.07683,4.07683,2215684
1989-11-16,4.09133,4.09133,4.06894,4.07683,4.07683,1913992
1989-11-17,4.07683,4.19354,4.06894,4.18614,4.18614,3460704
1989-11-20,4.20123,4.23023,4.14973,4.17914,4.17914,4961509
1989-11-21,4.18614,4.19354,4.15684,4.18614,4.18614,1976296
1989-11-22,4.20123,4.29623,4.20123,4.23754,4.23754,3800658
1989-11-24,4.25953,4.26693,4.23023,4.23023,4.23023,1344495
1989-11-27,4.23023,4.30334,4.23023,4.29623,4.29623,3552522
1989-11-28,4.28893,4.32553,4.27403,4.29623,4.29623,4773501
1989-11-29,4.29623,4.32553,4.27403,4.30334,4.30334,1762054
1989-11-30,4.29623,4.30334,4.26693,4.26693,4.26693,3219132
1989-12-01,4.28893,4.38383,4.26693,4.34743,4.34743,4984466
1989-12-04,4.36904,4.42053,4.36212,4.40583,4.40583,2561096
1989-12-05,4.42053,4.45733,4.33223,4.34013,4.34013,3414796
1989-12-06,4.33223,4.34743,4.31054,4.32553,4.32553,1059200
1989-12-07,4.31054,4.36212,4.31054,4.32553,4.32553,1134623
1989-12-08,4.38383,4.38383,4.34743,4.36904,4.36904,2072488
1989-12-11,4.36212,4.36904,4.34013,4.36212,4.36212,1755493
1989-12-12,4.36212,4.38383,4.34743,4.37663,4.37663,1231907
1989-12-13,4.39863,4.42753,4.36904,4.40583,4.40583,2369809
1989-12-14,4.39863,4.40583,4.37663,4.38383,4.38383,1445057
1989-12-15,4.38383,4.44262,4.32553,4.36904,4.36904,4336267
1989-12-18,4.36212,4.37663,4.29623,4.33223,4.33223,2867162
1989-12-19,4.33223,4.33223,4.28893,4.31054,4.31054,1448332
1989-12-20,4.31054,4.33223,4.29623,4.33223,4.33223,1924921
1989-12-21,4.23754,4.23754,4.11334,4.19354,4.19354,11523301
1989-12-22,4.11334,4.14253,4.02553,4.04724,4.04724,8588370
1989-12-26,4.03974,4.08355,3.97424,4.08355,4.08355,3653089
1989-12-27,4.09133,4.14253,4.09133,4.11334,4.11334,3545964
1989-12-28,4.11334,4.15684,4.11334,4.14973,4.14973,1947884
1989-12-29,4.14973,4.22273,4.12034,4.21573,4.21573,4209472
1990-01-02,4.23023,4.28893,4.20123,4.28893,4.28893,3976640
1990-01-03,4.33223,4.37663,4.32553,4.33223,4.33223,7804625
1990-01-04,4.32553,4.36212,4.32553,4.34743,4.34743,3275974
1990-01-05,4.34013,4.34743,4.30334,4.32553,4.32553,2791742
1990-01-08,4.32553,4.32553,4.26693,4.29623,4.29623,1832007
1990-01-09,4.29623,4.32553,4.25953,4.26693,4.26693,3119663
1990-01-10,4.26693,4.29623,4.25214,4.27403,4.27403,3668391
1990-01-11,4.28893,4.29623,4.26693,4.27403,4.27403,3086869
1990-01-12,4.26693,4.26693,4.19354,4.20123,4.20123,1861521
1990-01-15,4.19354,4.19354,4.16424,4.18614,4.18614,1376196
1990-01-16,4.16424,4.18614,4.14253,4.17193,4.17193,3645440
1990-01-17,4.11334,4.12764,3.98864,4.01834,4.01834,10553735
1990-01-18,3.98864,4.11334,3.91545,4.05484,4.05484,8803706
1990-01-19,4.03974,4.05484,4.00354,4.03264,4.03264,6191231
1990-01-22,4.03264,4.03974,3.95955,3.98864,3.98864,2494422
1990-01-23,4.01834,4.06194,3.98134,4.03974,4.03974,4050973
1990-01-24,3.99584,4.11334,3.96685,4.07683,4.07683,4376707
1990-01-25,4.09815,4.09815,4.03264,4.03264,4.03264,1817802
1990-01-26,4.01834,4.05484,3.98864,4.01834,4.01834,2308595
1990-01-29,4.01834,4.03264,3.95955,3.99584,3.99584,1576230
1990-01-30,4.00354,4.00354,3.94474,3.98864,3.98864,1851683
1990-01-31,3.99584,4.06194,3.99584,4.05484,4.05484,4454321
1990-02-01,4.06894,4.09815,4.06194,4.06194,4.06194,3265043
1990-02-02,4.02553,4.11334,4.02553,4.06894,4.06894,2686803
1990-02-05,4.06894,4.06894,4.02553,4.03974,4.03974,2357785
1990-02-06,4.02553,4.03264,3.99584,4.02553,4.02553,1560926
1990-02-07,3.99584,4.09133,3.96685,4.03974,4.03974,2150097
1990-02-08,4.03974,4.14253,4.03974,4.10584,4.10584,4147165
1990-02-09,4.10584,4.10584,4.05484,4.07683,4.07683,1285469
1990-02-12,4.06194,4.06194,4.02553,4.05484,4.05484,1759867
1990-02-13,4.03264,4.05484,3.99584,4.05484,4.05484,2575310
1990-02-14,4.06194,4.07683,4.03264,4.06194,4.06194,2298755
1990-02-15,4.06194,4.11334,4.05484,4.09133,4.09133,1938041
1990-02-16,4.09815,4.14253,4.09133,4.11334,4.11334,3495685
1990-02-20,4.07683,4.09815,4.06894,4.09815,4.09815,1369636
1990-02-21,4.02553,4.16424,4.02553,4.14973,4.14973,2614661
1990-02-22,4.16424,4.25953,4.16424,4.20823,4.20823,4576744
1990-02-23,4.18614,4.24484,4.17914,4.22273,4.22273,2538138
1990-02-26,4.25953,4.34743,4.25214,4.32553,4.32553,6348638
1990-02-27,4.33223,4.42753,4.31054,4.39863,4.39863,8273560
1990-02-28,4.40583,4.43552,4.39123,4.43552,4.43552,5136401
1990-03-01,4.40583,4.42753,4.38383,4.42053,4.42053,3977731
1990-03-02,4.44262,4.54472,4.42053,4.54472,4.54472,10817166
1990-03-05,4.53013,4.56682,4.51553,4.56682,4.56682,3775515
1990-03-06,4.56682,4.58901,4.51553,4.58901,4.58901,4464157
1990-03-07,4.58901,4.60342,4.55232,4.56682,4.56682,3350306
1990-03-08,4.55232,4.57412,4.47883,4.56682,4.56682,4747269
1990-03-09,4.50842,4.54472,4.47202,4.53772,4.53772,5113448
1990-03-12,4.50092,4.50092,4.46433,4.47883,4.47883,2804858
1990-03-13,4.43552,4.44262,4.33223,4.40583,4.40583,11591072
1990-03-14,4.38383,4.40583,4.36212,4.40583,4.40583,6174838
1990-03-15,4.40583,4.44262,4.39863,4.43552,4.43552,4308939
1990-03-16,4.43552,4.45733,4.42753,4.44262,4.44262,3750375
1990-03-19,4.42753,4.50092,4.39863,4.50092,4.50092,2658385
1990-03-20,4.49382,4.53772,4.46433,4.47202,4.47202,3567830
1990-03-21,4.47883,4.49382,4.44262,4.45733,4.45733,2131514
1990-03-22,4.42753,4.45733,4.42053,4.43552,4.43552,2735990
1990-03-23,4.45733,4.50842,4.45733,4.50842,4.50842,3938384
1990-03-26,4.51553,4.53772,4.49382,4.53013,4.53013,3995226
1990-03-27,4.50842,4.53013,4.47202,4.50842,4.50842,1834197
1990-03-28,4.50092,4.51553,4.47883,4.47883,4.47883,1403519
1990-03-29,4.47202,4.47883,4.44262,4.47883,4.47883,1063572
1990-03-30,4.46433,4.47883,4.44262,4.47202,4.47202,1519389
1990-04-02,4.43552,4.43552,4.38383,4.39863,4.39863,3476012
1990-04-03,4.42053,4.46433,4.40583,4.45733,4.45733,3510989
1990-04-04,4.44262,4.47202,4.43552,4.43552,4.43552,2200379
1990-04-05,4.43552,4.47883,4.42753,4.47202,4.47202,1639626
1990-04-06,4.44262,4.44262,4.39123,4.42053,4.42053,2636521
1990-04-09,4.39863,4.42053,4.39123,4.40583,4.40583,1119318
1990-04-10,4.39863,4.42053,4.39123,4.40583,4.40583,1724891
1990-04-11,4.40583,4.42053,4.39123,4.40583,4.40583,1234091
1990-04-12,4.39863,4.42053,4.38383,4.39863,4.39863,3175410
1990-04-16,4.42053,4.43552,4.39863,4.40583,4.40583,3795192
1990-04-17,4.40583,4.42053,4.36904,4.42053,4.42053,1310607
1990-04-18,4.42053,4.42053,4.36904,4.36904,4.36904,1736912
1990-04-19,4.36904,4.42053,4.35463,4.40583,4.40583,2926184
1990-04-20,4.45733,4.50092,4.39123,4.44973,4.44973,11133067
1990-04-23,4.44973,4.50092,4.44262,4.45733,4.45733,7392528
1990-04-24,4.51553,4.55232,4.48652,4.50092,4.50092,5981363
1990-04-25,4.52273,4.59593,4.51553,4.58162,4.58162,7302897
1990-04-26,4.56682,4.62562,4.55962,4.59593,4.59593,5583475
1990-04-27,4.58162,4.58901,4.53013,4.54472,4.54472,3862960
1990-04-30,4.52273,4.55232,4.49382,4.51553,4.51553,2173055
1990-05-01,4.53013,4.54472,4.49382,4.50092,4.50092,1647276
1990-05-02,4.48652,4.60342,4.48652,4.60342,4.60342,6513692
1990-05-03,4.62562,4.66221,4.60342,4.61812,4.61812,3552522
1990-05-04,4.63282,4.64021,4.58162,4.62562,4.62562,5136401
1990-05-07,4.63282,4.75011,4.62562,4.73532,4.73532,4623751
1990-05-08,4.74232,4.75011,4.70601,4.75011,4.75011,4040039
1990-05-09,4.75011,4.80111,4.73532,4.77941,4.77941,7126913
1990-05-10,4.77161,4.77941,4.69151,4.69151,4.69151,4423710
1990-05-11,4.74232,4.89641,4.74232,4.8745,4.8745,7712808
1990-05-14,4.88851,5.0135,4.8818,4.94711,4.94711,11958345
1990-05-15,4.88851,4.926,4.8745,4.89641,4.89641,6495107
1990-05-16,4.88851,4.91101,4.81571,4.82311,4.82311,5905939
1990-05-17,4.82311,4.8818,4.82311,4.85221,4.85221,8304163
1990-05-18,4.85221,4.8598,4.82311,4.85221,4.85221,4531927
1990-05-21,4.85221,4.94711,4.83791,4.926,4.926,8634279
1990-05-22,4.9988,5.0281,4.926,4.95461,4.95461,11663214
1990-05-23,4.94711,4.9914,4.926,4.9839,4.9839,5984640
1990-05-24,4.9914,4.9914,4.9404,4.9839,4.9839,5259926
1990-05-25,4.9839,4.9839,4.95461,4.9769,4.9769,2130423
1990-05-29,4.96231,4.9769,4.95461,4.9769,4.9769,4008345
1990-05-30,4.9914,4.9988,4.9404,4.96231,4.96231,4446671
1990-05-31,4.96231,4.96231,4.91821,4.926,4.926,2396045
1990-06-01,4.926,4.94711,4.89641,4.91821,4.91821,2393858
1990-06-04,4.91101,4.9404,4.8598,4.9404,4.9404,6306009
1990-06-05,4.95461,5.03511,4.95461,4.9839,4.9839,7050396
1990-06-06,4.96231,4.9769,4.95461,4.9769,4.9769,3177594
1990-06-07,4.9769,4.9839,4.926,4.9404,4.9404,2435397
1990-06-08,4.926,4.94711,4.83791,4.88851,4.88851,2041880
1990-06-11,4.8598,4.8818,4.84511,4.84511,4.84511,2958981
1990-06-12,4.85221,4.8598,4.80822,4.85221,4.85221,4633585
1990-06-13,4.8598,4.88851,4.82311,4.83791,4.83791,3105453
1990-06-14,4.82311,4.85221,4.80111,4.85221,4.85221,2908699
1990-06-15,4.82311,4.85221,4.81571,4.82311,4.82311,4442292
1990-06-18,4.82311,4.82311,4.75011,4.75011,4.75011,4723219
1990-06-19,4.75011,4.77161,4.71361,4.73532,4.73532,4288172
1990-06-20,4.73532,4.80111,4.73532,4.78651,4.78651,4198537
1990-06-21,4.73532,4.74232,4.69151,4.72791,4.72791,7414395
1990-06-22,4.70601,4.73532,4.66952,4.66952,4.66952,3999599
1990-06-25,4.51553,4.51553,4.29623,4.30334,4.30334,20696465
1990-06-26,3.80594,3.87184,3.78375,3.86405,3.86405,53698887
1990-06-27,3.86405,3.86405,3.81334,3.84225,3.84225,16055230
1990-06-28,3.84225,3.86405,3.81334,3.84985,3.84985,10642268
1990-06-29,3.83495,3.87895,3.83495,3.87184,3.87184,7583821
1990-07-02,3.87184,3.91545,3.84225,3.90095,3.90095,10027961
1990-07-03,3.91545,3.97424,3.90815,3.97424,3.97424,6324590
1990-07-05,3.95215,3.95215,3.90095,3.93744,3.93744,3578761
1990-07-06,3.90815,3.92275,3.87184,3.88635,3.88635,4382178
1990-07-09,3.91545,3.94474,3.90095,3.93744,3.93744,2883558
1990-07-10,3.91545,3.99584,3.91545,3.91545,3.91545,7840695
1990-07-11,3.91545,3.98864,3.91545,3.98864,3.98864,4625937
1990-07-12,3.98134,3.99584,3.95215,3.99584,3.99584,3480384
1990-07-13,3.98134,4.01025,3.87184,3.87895,3.87895,6383615
1990-07-16,3.88635,3.95955,3.88635,3.94474,3.94474,5820675
1990-07-17,3.93044,3.97424,3.87184,3.90095,3.90095,6647047
1990-07-18,3.87184,3.92275,3.87184,3.89355,3.89355,3154645
1990-07-19,3.88635,3.88635,3.85695,3.88635,3.88635,3462894
1990-07-20,3.90095,3.93044,3.88635,3.88635,3.88635,4498047
1990-07-23,3.88635,3.88635,3.78375,3.83495,3.83495,4018181
1990-07-24,3.82775,3.84985,3.76175,3.76915,3.76915,4876256
1990-07-25,3.75446,3.79135,3.55686,3.68876,3.68876,11088256
1990-07-26,3.68876,3.68876,3.60816,3.62296,3.62296,7443906
1990-07-27,3.61516,3.62296,3.52036,3.54966,3.54966,5560524
1990-07-30,3.55686,3.63006,3.54966,3.61516,3.61516,3181966
1990-07-31,3.62296,3.63006,3.58625,3.61516,3.61516,2920724
1990-08-01,3.62296,3.64475,3.61516,3.64475,3.64475,1911807
1990-08-02,3.54966,3.54966,3.51267,3.52036,3.52036,4627032
1990-08-03,3.48376,3.53486,3.41777,3.48376,3.48376,4928716
1990-08-06,3.36666,3.40327,3.34467,3.34467,3.34467,3735073
1990-08-07,3.36666,3.39577,3.32997,3.34467,3.34467,5998850
1990-08-08,3.37386,3.51267,3.36666,3.44716,3.44716,4734149
1990-08-09,3.46917,3.50576,3.44716,3.50576,3.50576,2286730
1990-08-10,3.52036,3.52036,3.45437,3.47646,3.47646,1691004
1990-08-13,3.46917,3.46917,3.43976,3.44716,3.44716,2769874
1990-08-14,3.44716,3.50576,3.43276,3.50576,3.50576,1438501
1990-08-15,3.48376,3.53486,3.43976,3.45437,3.45437,4034574
1990-08-16,3.43976,3.44716,3.39577,3.40327,3.40327,1764234
1990-08-17,3.32997,3.34467,3.25707,3.30058,3.30058,3613737
1990-08-20,3.30808,3.35907,3.27107,3.34467,3.34467,2280171
1990-08-21,3.30058,3.30058,3.23487,3.24228,3.24228,2784086
1990-08-22,3.24228,3.27107,3.18368,3.18368,3.18368,2156660
1990-08-23,3.02989,3.19127,3.00808,3.13228,3.13228,8187206
1990-08-24,3.18368,3.24228,3.15447,3.24228,3.24228,2601543
1990-08-27,3.34467,3.38127,3.30808,3.30808,3.30808,3542686
1990-08-28,3.30058,3.32997,3.22747,3.24228,3.24228,1710682
1990-08-29,3.24228,3.27887,3.23487,3.23487,3.23487,2569843
1990-08-30,3.23487,3.23487,3.16167,3.16167,3.16167,1638533
1990-08-31,3.16167,3.18368,3.12518,3.18368,3.18368,847143
1990-09-04,3.19818,3.24228,3.18368,3.22027,3.22027,1626508
1990-09-05,3.19818,3.27887,3.18368,3.27107,3.27107,1959897
1990-09-06,3.27107,3.27107,3.16167,3.22027,3.22027,1768612
1990-09-07,3.20587,3.25707,3.20587,3.24228,3.24228,1157574
1990-09-10,3.27107,3.30808,3.20587,3.22027,3.22027,4803013
1990-09-11,3.22027,3.22027,3.14659,3.16167,3.16167,4851112
1990-09-12,3.18368,3.18368,3.11798,3.16167,3.16167,2104192
1990-09-13,3.16167,3.16908,3.14659,3.16167,3.16167,1230815
1990-09-14,3.14659,3.14659,3.05948,3.08128,3.08128,2800486
1990-09-17,3.05948,3.14659,3.05188,3.14659,3.14659,2112932
1990-09-18,3.11798,3.15447,3.09578,3.15447,3.15447,1190368
1990-09-19,3.14659,3.15447,3.09578,3.11798,3.11798,1645090
1990-09-20,3.10308,3.11798,3.08847,3.10308,3.10308,1464730
1990-09-21,3.09578,3.13228,3.08847,3.09578,3.09578,3070474
1990-09-24,3.05948,3.08847,3.04468,3.06678,3.06678,3380911
1990-09-25,3.08847,3.12518,3.06678,3.11798,3.11798,1789381
1990-09-26,3.10308,3.10308,3.05188,3.08128,3.08128,2371992
1990-09-27,3.08128,3.11798,3.04468,3.08128,3.08128,2365438
1990-09-28,3.02989,3.14659,3.02268,3.12518,3.12518,3802845
1990-10-01,3.14659,3.20587,3.11798,3.16167,3.16167,2450694
1990-10-02,3.18368,3.27107,3.18368,3.20587,3.20587,3169945
1990-10-03,3.20587,3.25707,3.19818,3.25707,3.25707,3592971
1990-10-04,3.24228,3.25707,3.19127,3.19127,3.19127,6427342
1990-10-05,3.14659,3.14659,3.09578,3.12518,3.12518,3587502
1990-10-08,3.15447,3.16167,3.09578,3.10308,3.10308,1324820
1990-10-09,3.09578,3.09578,2.94218,2.94218,2.94218,6508229
1990-10-10,2.91318,2.91318,2.86898,2.88339,2.88339,6078644
1990-10-11,2.89089,2.94218,2.83249,2.89089,2.89089,3787540
1990-10-12,2.90539,2.95659,2.88339,2.92738,2.92738,2120581
1990-10-15,2.94958,3.01509,2.92028,2.94958,2.94958,2632144
1990-10-16,2.91318,2.91318,2.83989,2.89089,2.89089,3171040
1990-10-17,2.87609,2.89809,2.84709,2.86898,2.86898,4735246
1990-10-18,2.96419,3.03718,2.94958,3.00808,3.00808,3365611
1990-10-19,3.03718,3.15447,3.03718,3.14659,3.14659,3657459
1990-10-22,3.11798,3.17638,3.11038,3.17638,3.17638,2406973
1990-10-23,3.17638,3.27107,3.16908,3.22027,3.22027,2847486
1990-10-24,3.20587,3.22027,3.16908,3.17638,3.17638,1680077
1990-10-25,3.16908,3.16908,3.11038,3.13228,3.13228,1336845
1990-10-26,3.09578,3.10308,3.00048,3.00808,3.00808,1157574
1990-10-29,3.01509,3.03718,2.97859,2.97859,2.97859,2542516
1990-10-30,2.97149,3.00808,2.94218,3.00048,3.00048,1248303
1990-10-31,3.00808,3.05188,3.00048,3.03718,3.03718,1686629
1990-11-01,2.99348,3.00808,2.94958,2.99348,2.99348,3398400
1990-11-02,2.97859,3.09578,2.97149,3.08128,3.08128,3275974
1990-11-05,3.07388,3.08128,3.00048,3.01509,3.01509,3071565
1990-11-06,3.00808,3.07388,3.00048,3.01509,3.01509,1973017
1990-11-07,3.03718,3.04468,2.96419,2.97149,2.97149,4447766
1990-11-08,2.93488,3.01509,2.92738,2.96419,2.96419,2087793
1990-11-09,2.97859,3.07388,2.94958,3.06678,3.06678,3659644
1990-11-12,3.08128,3.23487,3.07388,3.22027,3.22027,3607183
1990-11-13,3.24228,3.24228,3.17638,3.21287,3.21287,3422450
1990-11-14,3.22027,3.25707,3.19818,3.24948,3.24948,1398057
1990-11-15,3.20587,3.24228,3.18368,3.21287,3.21287,1458176
1990-11-16,3.22027,3.24228,3.17638,3.20587,3.20587,1010010
1990-11-19,3.21287,3.27107,3.21287,3.24948,3.24948,3104358
1990-11-20,3.24948,3.27887,3.14659,3.20587,3.20587,4319874
1990-11-21,3.21287,3.21287,3.13228,3.15447,3.15447,3328445
1990-11-23,3.05188,3.05188,2.92738,2.93488,2.93488,6254630
1990-11-26,2.94958,2.99348,2.93488,2.99348,2.99348,5514614
1990-11-27,3.00048,3.04468,3.00048,3.02989,3.02989,4902484
1990-11-28,3.02989,3.05188,3.00808,3.00808,3.00808,2858420
1990-11-29,2.99348,3.00808,2.96419,2.97859,2.97859,2662756
1990-11-30,3.00048,3.08128,2.97859,3.06678,3.06678,3571106
1990-12-03,3.11798,3.18368,3.11038,3.16908,3.16908,4294725
1990-12-04,3.15447,3.20587,3.09578,3.19818,3.19818,2570936
1990-12-05,3.17638,3.27887,3.14659,3.27887,3.27887,1651651
1990-12-06,3.34467,3.41777,3.30058,3.32267,3.32267,3676045
1990-12-07,3.32267,3.40327,3.32267,3.35907,3.35907,3089062
1990-12-10,3.37386,3.44716,3.37386,3.41777,3.41777,2483490
1990-12-11,3.40327,3.40327,3.34467,3.35907,3.35907,1049360
1990-12-12,3.35907,3.46167,3.35217,3.44716,3.44716,1891037
1990-12-13,3.38867,3.43976,3.38127,3.41027,3.41027,2267060
1990-12-14,3.38867,3.41027,3.32267,3.35907,3.35907,1646183
1990-12-17,3.35217,3.35907,3.30808,3.32267,3.32267,1305142
1990-12-18,3.30058,3.46167,3.30058,3.41777,3.41777,3712118
1990-12-19,3.42516,3.52785,3.42516,3.49116,3.49116,3426818
1990-12-20,3.41027,3.59365,3.41027,3.58625,3.58625,3272690
1990-12-21,3.59365,3.59365,3.50576,3.51267,3.51267,3470540
1990-12-24,3.47646,3.49116,3.46167,3.47646,3.47646,1122597
1990-12-26,3.46167,3.48376,3.45437,3.46167,3.46167,1652744
1990-12-27,3.50576,3.50576,3.46167,3.46167,3.46167,1454896
1990-12-28,3.47646,3.50576,3.46167,3.47646,3.47646,1500805
1990-12-31,3.47646,3.50576,3.41027,3.50576,3.50576,2620122
1991-01-02,3.48376,3.51267,3.47646,3.47646,3.47646,1928202
1991-01-03,3.47646,3.47646,3.41777,3.41777,3.41777,1370732
1991-01-04,3.40327,3.41027,3.34467,3.35907,3.35907,1353236
1991-01-07,3.33747,3.33747,3.28617,3.31547,3.31547,2490050
1991-01-08,3.31547,3.38867,3.30808,3.38127,3.38127,2199281
1991-01-09,3.41027,3.44716,3.28617,3.33747,3.33747,4031295
1991-01-10,3.35217,3.38867,3.32267,3.38867,3.38867,1379474
1991-01-11,3.38127,3.44716,3.38127,3.42516,3.42516,1383842
1991-01-14,3.40327,3.44716,3.38867,3.41777,3.41777,1711770
1991-01-15,3.42516,3.44716,3.39577,3.43976,3.43976,2161031
1991-01-16,3.35907,3.36666,3.24228,3.27107,3.27107,8310726
1991-01-17,3.36666,3.42516,3.33747,3.42516,3.42516,4343917
1991-01-18,3.41027,3.43276,3.30058,3.33747,3.33747,4737433
1991-01-21,3.33747,3.33747,3.30808,3.33747,3.33747,807789
1991-01-22,3.24228,3.25707,3.20587,3.21287,3.21287,3865146
1991-01-23,3.19818,3.30058,3.19818,3.29367,3.29367,2791742
1991-01-24,3.36666,3.51267,3.35907,3.46917,3.46917,5311302
1991-01-25,3.50576,3.59365,3.49116,3.50576,3.50576,3622480
1991-01-28,3.50576,3.60076,3.49826,3.60076,3.60076,4851112
1991-01-29,3.60076,3.67425,3.59365,3.67425,3.67425,3567830
1991-01-30,3.68876,3.79135,3.67425,3.73275,3.73275,5266483
1991-01-31,3.72555,3.76175,3.72555,3.73275,3.73275,4495854
1991-02-01,3.71055,3.79135,3.66676,3.70345,3.70345,3075941
1991-02-04,3.70345,3.76915,3.68876,3.76175,3.76175,2273616
1991-02-05,3.82775,3.82775,3.79135,3.81334,3.81334,4323152
1991-02-06,3.81334,3.81334,3.73275,3.73996,3.73996,3055166
1991-02-07,3.74716,3.74716,3.62296,3.63755,3.63755,4294725
1991-02-08,3.63755,3.64475,3.55686,3.59365,3.59365,3254112
1991-02-11,3.59365,3.67425,3.57906,3.66676,3.66676,6929068
1991-02-12,3.62296,3.74716,3.60816,3.73996,3.73996,8699862
1991-02-13,3.73275,3.79845,3.73275,3.77655,3.77655,2226614
1991-02-14,3.77655,3.83495,3.77655,3.80594,3.80594,4829250
1991-02-15,3.79135,3.84225,3.76915,3.83495,3.83495,3899036
1991-02-19,3.85695,3.90815,3.85695,3.87895,3.87895,3759117
1991-02-20,3.74716,3.82775,3.74716,3.79845,3.79845,5788977
1991-02-21,3.80594,3.84225,3.65935,3.73275,3.73275,6184672
1991-02-22,3.72555,3.73996,3.66676,3.72555,3.72555,5745252
1991-02-25,3.81334,3.81334,3.74716,3.79845,3.79845,4703544
1991-02-26,3.79135,3.79845,3.76175,3.76915,3.76915,2673683
1991-02-27,3.79135,4.11334,3.77655,4.01025,4.01025,14614548
1991-02-28,4.07683,4.19354,4.02553,4.09815,4.09815,11076227
1991-03-01,4.04724,4.13494,4.02553,4.12764,4.12764,5239155
1991-03-04,4.16424,4.27403,4.14253,4.16424,4.16424,8368658
1991-03-05,4.20123,4.30334,4.20123,4.24484,4.24484,7392528
1991-03-06,4.32553,4.32553,4.11334,4.11334,4.11334,11067478
1991-03-07,4.10584,4.14253,4.09133,4.10584,4.10584,5209641
1991-03-08,4.14253,4.19354,4.10584,4.10584,4.10584,2582957
1991-03-11,4.09133,4.16424,4.06894,4.16424,4.16424,2871532
1991-03-12,4.15684,4.19354,4.09133,4.09133,4.09133,3991944
1991-03-13,4.06894,4.13494,4.06894,4.11334,4.11334,2076863
1991-03-14,4.15684,4.16424,4.09815,4.10584,4.10584,3864057
1991-03-15,4.10584,4.10584,3.93744,4.00354,4.00354,9466116
1991-03-18,3.99584,3.99584,3.87895,3.90815,3.90815,2814695
1991-03-19,3.85695,3.85695,3.76175,3.77655,3.77655,5728857
1991-03-20,3.76915,3.79135,3.69586,3.76175,3.76175,4478368
1991-03-21,3.76915,3.77655,3.69586,3.70345,3.70345,3212575
1991-03-22,3.70345,3.70345,3.59365,3.62296,3.62296,5005240
1991-03-25,3.60816,3.68876,3.60816,3.67425,3.67425,2860604
1991-03-26,3.67425,3.67425,3.63755,3.66676,3.66676,4373434
1991-03-27,3.67425,3.71055,3.63755,3.64475,3.64475,3148084
1991-03-28,3.64475,3.73996,3.57136,3.59365,3.59365,2267060
1991-04-01,3.57906,3.59365,3.56426,3.56426,3.56426,1965368
1991-04-02,3.60816,3.63006,3.57136,3.60076,3.60076,2566562
1991-04-03,3.60076,3.71055,3.60076,3.63755,3.63755,4452135
1991-04-04,3.69586,3.71055,3.65935,3.65935,3.65935,3021284
1991-04-05,3.66676,3.66676,3.56426,3.56426,3.56426,3210390
1991-04-08,3.56426,3.60816,3.56426,3.60816,3.60816,1647276
1991-04-09,3.59365,3.60076,3.56426,3.56426,3.56426,1921641
1991-04-10,3.57136,3.59365,3.47646,3.51267,3.51267,3490220
1991-04-11,3.53486,3.56426,3.51267,3.54216,3.54216,2745825
1991-04-12,3.56426,3.57906,3.46917,3.51267,3.51267,2679150
1991-04-15,3.49116,3.51267,3.49116,3.51267,3.51267,1960996
1991-04-16,3.54966,3.74716,3.52785,3.74716,3.74716,3400592
1991-04-17,3.74716,3.76175,3.71785,3.73996,3.73996,3190716
1991-04-18,3.74716,3.85695,3.73996,3.81334,3.81334,5106890
1991-04-19,3.75446,3.79135,3.73996,3.73996,3.73996,1400240
1991-04-22,3.72555,3.76175,3.67425,3.69586,3.69586,3179779
1991-04-23,3.72555,3.73996,3.65195,3.68156,3.68156,2791742
1991-04-24,3.65935,3.67425,3.58625,3.64475,3.64475,2374179
1991-04-25,3.58625,3.62296,3.56426,3.60816,3.60816,2346856
1991-04-26,3.59365,3.60816,3.54966,3.58625,3.58625,1138991
1991-04-29,3.58625,3.65935,3.57906,3.57906,3.57906,1586063
1991-04-30,3.55686,3.62296,3.55686,3.59365,3.59365,3383096
1991-05-01,3.61516,3.68156,3.61516,3.68156,3.68156,1416636
1991-05-02,3.68876,3.76175,3.68876,3.72555,3.72555,2086699
1991-05-03,3.78375,3.85695,3.77655,3.79135,3.79135,4880624
1991-05-06,3.80594,3.81334,3.72555,3.75446,3.75446,3162295
1991-05-07,3.81334,3.83495,3.78375,3.83495,3.83495,4863135
1991-05-08,3.83495,3.88635,3.82045,3.88635,3.88635,3776610
1991-05-09,3.91545,3.95215,3.87895,3.94474,3.94474,3446495
1991-05-10,3.96685,3.96685,3.85695,3.91545,3.91545,2749105
1991-05-13,3.91545,3.91545,3.85695,3.87895,3.87895,1968644
1991-05-14,3.84985,3.85695,3.79135,3.82045,3.82045,2314060
1991-05-15,3.82045,3.82045,3.72555,3.75446,3.75446,2639802
1991-05-16,3.73996,3.77655,3.72555,3.77655,3.77655,2507537
1991-05-17,3.76175,3.80594,3.73996,3.77655,3.77655,2315158
1991-05-20,3.77655,3.79135,3.72555,3.73996,3.73996,1461453
1991-05-21,3.67425,3.71785,3.61516,3.63006,3.63006,5385627
1991-05-22,3.63006,3.63006,3.52785,3.54216,3.54216,4878434
1991-05-23,3.52785,3.55686,3.45437,3.49826,3.49826,6534462
1991-05-24,3.49116,3.51267,3.48376,3.49116,3.49116,3509895
1991-05-28,3.51267,3.59365,3.49116,3.59365,3.59365,6073179
1991-05-29,3.60816,3.64475,3.55686,3.59365,3.59365,4506791
1991-05-30,3.60816,3.75446,3.60816,3.71055,3.71055,6650325
1991-05-31,3.74716,3.90815,3.74716,3.90815,3.90815,8040735
1991-06-03,3.90815,4.05484,3.90095,4.03974,4.03974,5511336
1991-06-04,4.00354,4.03264,3.97424,3.98864,3.98864,5380164
1991-06-05,3.96685,3.96685,3.90095,3.91545,3.91545,2955705
1991-06-06,3.91545,3.91545,3.87895,3.90095,3.90095,3129496
1991-06-07,3.88635,3.95215,3.87184,3.91545,3.91545,2131514
1991-06-10,3.92275,3.94474,3.92275,3.93744,3.93744,1492061
1991-06-11,3.95215,3.98864,3.94474,3.96685,3.96685,3040960
1991-06-12,3.96685,3.96685,3.87895,3.90815,3.90815,3225691
1991-06-13,3.88635,3.90815,3.87184,3.87895,3.87895,1631975
1991-06-14,3.90815,3.91545,3.90095,3.91545,3.91545,1015480
1991-06-17,3.91545,3.91545,3.87895,3.90095,3.90095,873377
1991-06-18,3.87895,3.90815,3.84225,3.84225,3.84225,1769711
1991-06-19,3.78375,3.78375,3.72555,3.73996,3.73996,2176334
1991-06-20,3.68876,3.72555,3.68876,3.71785,3.71785,1893222
1991-06-21,3.72555,3.77655,3.72555,3.77655,3.77655,2828901
1991-06-24,3.75446,3.75446,3.67425,3.67425,3.67425,1393682
1991-06-25,3.69586,3.71785,3.68156,3.68876,3.68876,1521571
1991-06-26,3.71055,3.77655,3.68876,3.77655,3.77655,1781730
1991-06-27,3.74716,3.81334,3.74716,3.81334,3.81334,1364171
1991-06-28,3.78375,3.78375,3.69586,3.72555,3.72555,1706305
1991-07-01,3.71055,3.75446,3.64475,3.75446,3.75446,2613562
1991-07-02,3.73996,3.75446,3.69586,3.75446,3.75446,2505353
1991-07-03,3.72555,3.72555,3.65195,3.68156,3.68156,1668052
1991-07-05,3.65935,3.68156,3.65195,3.65935,3.65935,1380569
1991-07-08,3.64475,3.65195,3.59365,3.60816,3.60816,2934932
1991-07-09,3.60816,3.60816,3.55686,3.55686,3.55686,2441949
1991-07-10,3.61516,3.64475,3.55686,3.56426,3.56426,3155735
1991-07-11,3.59365,3.61516,3.56426,3.56426,3.56426,1926015
1991-07-12,3.58625,3.64475,3.55686,3.62296,3.62296,1341216
1991-07-15,3.62296,3.68156,3.62296,3.67425,3.67425,1124784
1991-07-16,3.70345,3.70345,3.61516,3.61516,3.61516,1762054
1991-07-17,3.63006,3.66676,3.60816,3.63006,3.63006,1451616
1991-07-18,3.64475,3.71055,3.63755,3.67425,3.67425,1962089
1991-07-19,3.73996,3.76175,3.72555,3.73996,3.73996,2660564
1991-07-22,3.73996,3.82045,3.72555,3.79845,3.79845,3048615
1991-07-23,3.79845,3.82775,3.76175,3.76175,3.76175,1547809
1991-07-24,3.77655,3.77655,3.69586,3.69586,3.69586,3177594
1991-07-25,3.68156,3.76915,3.63755,3.76175,3.76175,2577497
1991-07-26,3.77655,3.77655,3.69586,3.70345,3.70345,899612
1991-07-29,3.68156,3.74716,3.66676,3.73996,3.73996,1568579
1991-07-30,3.77655,3.82775,3.76915,3.76915,3.76915,3202736
1991-07-31,3.76915,3.76915,3.70345,3.73275,3.73275,2045162
1991-08-01,3.73275,3.74716,3.71055,3.74716,3.74716,2155563
1991-08-02,3.79845,3.79845,3.76175,3.76915,3.76915,2070303
1991-08-05,3.76915,3.76915,3.70345,3.70345,3.70345,2420091
1991-08-06,3.71055,3.73996,3.69586,3.72555,3.72555,2871532
1991-08-07,3.73996,3.76175,3.71055,3.72555,3.72555,1477849
1991-08-08,3.71055,3.79845,3.71055,3.74716,3.74716,2119490
1991-08-09,3.76915,3.79135,3.70345,3.71055,3.71055,2397139
1991-08-12,3.70345,3.70345,3.67425,3.69586,3.69586,960821
1991-08-13,3.68156,3.69586,3.63006,3.63755,3.63755,2617941
1991-08-14,3.64475,3.66676,3.61516,3.63006,3.63006,2211307
1991-08-15,3.63755,3.64475,3.60076,3.60076,3.60076,1817802
1991-08-16,3.61516,3.61516,3.52036,3.56426,3.56426,6377059
1991-08-19,3.38867,3.52036,3.38127,3.44716,3.44716,3570014
1991-08-20,3.46917,3.48376,3.43976,3.46917,3.46917,4445577
1991-08-21,3.54966,3.57136,3.51267,3.56426,3.56426,3955873
1991-08-22,3.58625,3.60816,3.54966,3.57906,3.57906,2519560
1991-08-23,3.56426,3.70345,3.56426,3.66676,3.66676,5066445
1991-08-26,3.65935,3.65935,3.61516,3.63006,3.63006,1057011
1991-08-27,3.63006,3.63006,3.54966,3.60816,3.60816,3329534
1991-08-28,3.60816,3.65935,3.57136,3.64475,3.64475,1440687
1991-08-29,3.65935,3.65935,3.60076,3.61516,3.61516,2433204
1991-08-30,3.63006,3.63006,3.57906,3.60816,3.60816,1840754
1991-09-03,3.60076,3.60816,3.57136,3.57906,3.57906,2222244
1991-09-04,3.54966,3.56426,3.53486,3.53486,3.53486,2121676
1991-09-05,3.54216,3.57136,3.53486,3.54216,3.54216,1240649
1991-09-06,3.53486,3.58625,3.53486,3.54966,3.54966,2255037
1991-09-09,3.54216,3.57136,3.50576,3.53486,3.53486,1213324
1991-09-10,3.54966,3.56426,3.50576,3.51267,3.51267,1510645
1991-09-11,3.52036,3.54216,3.48376,3.50576,3.50576,1756584
1991-09-12,3.53486,3.54216,3.49116,3.49116,3.49116,1723794
1991-09-13,3.48376,3.48376,3.41027,3.43976,3.43976,4515533
1991-09-16,3.43976,3.52036,3.43976,3.49116,3.49116,3001614
1991-09-17,3.46917,3.49116,3.46917,3.47646,3.47646,1674607
1991-09-18,3.46917,3.48376,3.46917,3.48376,3.48376,770623
1991-09-19,3.48376,3.51267,3.47646,3.47646,3.47646,1806872
1991-09-20,3.47646,3.51267,3.43976,3.47646,3.47646,3685880
1991-09-23,3.46917,3.47646,3.43976,3.43976,3.43976,1861521
1991-09-24,3.43976,3.50576,3.43976,3.46917,3.46917,2458347
1991-09-25,3.47646,3.48376,3.44716,3.47646,3.47646,2359967
1991-09-26,3.46917,3.47646,3.38127,3.38127,3.38127,2502071
1991-09-27,3.37386,3.41027,3.35907,3.41027,3.41027,2315158
1991-09-30,3.39577,3.41777,3.38867,3.38867,3.38867,1530318
1991-10-01,3.38867,3.38867,3.35217,3.35907,3.35907,2773153
1991-10-02,3.38127,3.39577,3.37386,3.38127,3.38127,2373087
1991-10-03,3.38867,3.38867,3.37386,3.38127,3.38127,1709584
1991-10-04,3.38867,3.39577,3.38127,3.38127,3.38127,1486597
1991-10-07,3.41777,3.43976,3.39577,3.43976,3.43976,2399320
1991-10-08,3.44716,3.50576,3.44716,3.50576,3.50576,2934932
1991-10-09,3.51267,3.51267,3.41777,3.41777,3.41777,2394950
1991-10-10,3.43976,3.43976,3.39577,3.42516,3.42516,1869175
1991-10-11,3.46917,3.46917,3.38867,3.41027,3.41027,4770218
1991-10-14,3.42516,3.44716,3.41777,3.44716,3.44716,2126051
1991-10-15,3.46917,3.47646,3.43276,3.44716,3.44716,3394027
1991-10-16,3.44716,3.52785,3.38127,3.52785,3.52785,3226786
1991-10-17,3.52036,3.63006,3.49826,3.63006,3.63006,4162471
1991-10-18,3.59365,3.71785,3.56426,3.71785,3.71785,6314747
1991-10-21,3.72555,3.75446,3.71055,3.73996,3.73996,7390347
1991-10-22,3.73996,3.77655,3.69586,3.74716,3.74716,3600625
1991-10-23,3.76915,3.76915,3.68876,3.72555,3.72555,2804858
1991-10-24,3.72555,3.73996,3.62296,3.67425,3.67425,2991775
1991-10-25,3.68156,3.68876,3.59365,3.63006,3.63006,2109655
1991-10-28,3.65195,3.69586,3.65195,3.67425,3.67425,2966630
1991-10-29,3.68876,3.69586,3.63006,3.64475,3.64475,3073751
1991-10-30,3.65195,3.65195,3.61516,3.65195,3.65195,1922732
1991-10-31,3.67425,3.71055,3.64475,3.67425,3.67425,2116214
1991-11-01,3.68876,3.71055,3.60076,3.61516,3.61516,2122774
1991-11-04,3.55686,3.71055,3.55686,3.71055,3.71055,2286730
1991-11-05,3.71055,3.71055,3.67425,3.68876,3.68876,2052816
1991-11-06,3.69586,3.69586,3.67425,3.68156,3.68156,2041880
1991-11-07,3.69586,3.71055,3.68876,3.71055,3.71055,1747842
1991-11-08,3.73996,3.73996,3.68156,3.69586,3.69586,1354334
1991-11-11,3.68156,3.68876,3.65935,3.67425,3.67425,468934
1991-11-12,3.69586,3.69586,3.64475,3.67425,3.67425,1687724
1991-11-13,3.64475,3.67425,3.62296,3.67425,3.67425,1054828
1991-11-14,3.46167,3.46167,3.36666,3.43276,3.43276,12298295
1991-11-15,3.43276,3.46167,3.36666,3.37386,3.37386,4194168
1991-11-18,3.38127,3.39577,3.30058,3.30808,3.30808,3739443
1991-11-19,3.28617,3.28617,3.14659,3.25707,3.25707,5996660
1991-11-20,3.28617,3.28617,3.19127,3.20587,3.20587,3418074
1991-11-21,3.20587,3.20587,3.14659,3.16167,3.16167,4822689
1991-11-22,3.15447,3.16167,3.10308,3.11798,3.11798,3860775
1991-11-25,3.09578,3.10308,3.00048,3.03718,3.03718,5603153
1991-11-26,3.05948,3.08847,2.87609,2.98598,2.98598,7225289
1991-11-27,2.99348,3.06678,2.99348,3.05188,3.05188,4031295
1991-11-29,3.08128,3.19127,3.08128,3.15447,3.15447,2602633
1991-12-02,3.15447,3.33747,3.14659,3.31547,3.31547,4032388
1991-12-03,3.32997,3.34467,3.15447,3.21287,3.21287,3165572
1991-12-04,3.24228,3.24948,3.17638,3.20587,3.20587,2181797
1991-12-05,3.20587,3.21287,3.13228,3.14659,3.14659,947706
1991-12-06,3.10308,3.19127,3.03718,3.03718,3.03718,4745081
1991-12-09,3.05188,3.05948,3.02268,3.02989,3.02989,2240819
1991-12-10,3.02989,3.05188,3.00808,3.00808,3.00808,3944939
1991-12-11,3.02989,3.03718,2.94218,2.98598,2.98598,9251869
1991-12-12,3.00048,3.09578,3.00048,3.08847,3.08847,4690428
1991-12-13,3.09578,3.13228,3.08847,3.09578,3.09578,4478368
1991-12-16,3.09578,3.10308,3.08847,3.09578,3.09578,3524105
1991-12-17,3.10308,3.10308,3.03718,3.05948,3.05948,2777527
1991-12-18,3.06678,3.06678,3.02268,3.02268,3.02268,4480554
1991-12-19,3.00808,3.02268,2.96419,2.98598,2.98598,3768956
1991-12-20,3.05188,3.05188,2.97149,2.99348,2.99348,4636865
1991-12-23,3.00808,3.18368,3.00808,3.17638,3.17638,3808310
1991-12-24,3.17638,3.24228,3.17638,3.21287,3.21287,2135889
1991-12-26,3.20587,3.32997,3.19127,3.31547,3.31547,1687724
1991-12-27,3.36666,3.36666,3.22747,3.24948,3.24948,1940225
1991-12-30,3.19127,3.27887,3.19127,3.27107,3.27107,3553619
1991-12-31,3.27107,3.36666,3.24228,3.35217,3.35217,2432117
1992-01-02,3.35217,3.40327,3.27887,3.33747,3.33747,2458347
1992-01-03,3.35217,3.40327,3.31547,3.32997,3.32997,3755843
1992-01-06,3.35217,3.43276,3.32997,3.33747,3.33747,2168680
1992-01-07,3.31547,3.36666,3.31547,3.35217,3.35217,1968644
1992-01-08,3.33747,3.36666,3.33747,3.33747,3.33747,3991944
1992-01-09,3.34467,3.35217,3.31547,3.33747,3.33747,2136978
1992-01-10,3.31547,3.33747,3.28617,3.30058,3.30058,2584056
1992-01-13,3.28617,3.28617,3.19127,3.19127,3.19127,3880450
1992-01-14,3.16908,3.27107,3.16908,3.27107,3.27107,3717586
1992-01-15,3.33747,3.48376,3.30808,3.46167,3.46167,5591126
1992-01-16,3.45437,3.66676,3.45437,3.61516,3.61516,8544647
1992-01-17,3.63755,3.65195,3.60816,3.64475,3.64475,6191231
1992-01-20,3.63755,3.71055,3.58625,3.70345,3.70345,6744336
1992-01-21,3.65195,3.65195,3.52036,3.58625,3.58625,7700781
1992-01-22,3.57136,3.61516,3.51267,3.60076,3.60076,4345009
1992-01-23,3.57906,3.61516,3.54966,3.60076,3.60076,3764584
1992-01-24,3.57906,3.61516,3.57906,3.58625,3.58625,1821079
1992-01-27,3.60076,3.64475,3.60076,3.64475,3.64475,2233173
1992-01-28,3.64475,3.64475,3.57136,3.58625,3.58625,2997236
1992-01-29,3.57906,3.57906,3.54966,3.55686,3.55686,4667474
1992-01-30,3.55686,3.58625,3.54966,3.58625,3.58625,1884478
1992-01-31,3.57906,3.58625,3.54966,3.58625,3.58625,2269243
1992-02-03,3.58625,3.63755,3.57906,3.58625,3.58625,3482567
1992-02-04,3.60816,3.66676,3.60816,3.66676,3.66676,4499140
1992-02-05,3.64475,3.71055,3.61516,3.69586,3.69586,5610807
1992-02-06,3.72555,3.76175,3.72555,3.76175,3.76175,5443567
1992-02-07,3.76175,3.76175,3.64475,3.64475,3.64475,4750543
1992-02-10,3.66676,3.82775,3.66676,3.82775,3.82775,3785353
1992-02-11,3.82775,3.82775,3.76915,3.77655,3.77655,5414048
1992-02-12,3.77655,3.93044,3.76915,3.89355,3.89355,5734324
1992-02-13,3.89355,3.92275,3.82775,3.84985,3.84985,4302388
1992-02-14,3.84985,3.90095,3.82775,3.88635,3.88635,2291105
1992-02-18,3.86405,3.95215,3.84985,3.93044,3.93044,4431368
1992-02-19,3.92275,4.04724,3.92275,4.03974,4.03974,4072836
1992-02-20,3.98864,4.03264,3.95955,4.01025,4.01025,6605513
1992-02-21,3.95955,3.98864,3.86405,3.89355,3.89355,4783336
1992-02-24,3.89355,3.97424,3.89355,3.95215,3.95215,1842941
1992-02-25,3.93044,3.93044,3.80594,3.83495,3.83495,4136230
1992-02-26,3.84985,3.87895,3.82045,3.86405,3.86405,3214763
1992-02-27,3.84985,3.86405,3.76915,3.76915,3.76915,2358876
1992-02-28,3.79135,3.82775,3.73275,3.75446,3.75446,2290010
1992-03-02,3.79135,3.90095,3.77655,3.90095,3.90095,1769711
1992-03-03,3.93044,3.98134,3.85695,3.87895,3.87895,4251007
1992-03-04,3.93044,3.94474,3.88635,3.91545,3.91545,2998332
1992-03-05,3.89355,3.89355,3.82045,3.82775,3.82775,2908699
1992-03-06,3.77655,3.82045,3.77655,3.79845,3.79845,1821079
1992-03-09,3.77655,3.77655,3.73996,3.76915,3.76915,2626684
1992-03-10,3.75446,3.79135,3.69586,3.70345,3.70345,5051148
1992-03-11,3.72555,3.75446,3.60816,3.66676,3.66676,4176674
1992-03-12,3.65195,3.67425,3.61516,3.64475,3.64475,3103268
1992-03-13,3.68156,3.76175,3.65195,3.76175,3.76175,1193649
1992-03-16,3.73996,3.76915,3.73275,3.73275,3.73275,1235187
1992-03-17,3.72555,3.73275,3.69586,3.69586,3.69586,2155563
1992-03-18,3.67425,3.84985,3.66676,3.80594,3.80594,2580775
1992-03-19,3.79135,3.85695,3.79135,3.80594,3.80594,2647453
1992-03-20,3.82045,3.82775,3.76915,3.82045,3.82045,2153373
1992-03-23,3.79845,3.79845,3.76915,3.79845,3.79845,885400
1992-03-24,3.79845,3.80594,3.76915,3.76915,3.76915,1798124
1992-03-25,3.76915,3.86405,3.76915,3.83495,3.83495,3321882
1992-03-26,3.83495,3.89355,3.83495,3.89355,3.89355,2241914
1992-03-27,3.84985,3.86405,3.82775,3.83495,3.83495,1744565
1992-03-30,3.84985,3.86405,3.83495,3.86405,3.86405,2297666
1992-03-31,3.84985,3.87895,3.83495,3.83495,3.83495,2960073
1992-04-01,3.82045,3.82045,3.73996,3.79135,3.79135,3425733
1992-04-02,3.77655,3.79135,3.69586,3.77655,3.77655,4805201
1992-04-03,3.79135,3.84985,3.70345,3.84985,3.84985,3861869
1992-04-06,3.87895,3.88635,3.79135,3.83495,3.83495,4805201
1992-04-07,3.85695,3.85695,3.76915,3.79135,3.79135,3168855
1992-04-08,3.77655,3.77655,3.61516,3.68156,3.68156,3063914
1992-04-09,3.66676,3.69586,3.65195,3.68156,3.68156,2753482
1992-04-10,3.73275,3.73275,3.70345,3.73275,3.73275,3253024
1992-04-13,3.73275,3.79845,3.73275,3.79135,3.79135,1227537
1992-04-14,3.76915,3.82775,3.73996,3.81334,3.81334,2330460
1992-04-15,3.98134,4.15684,3.97424,4.14973,4.14973,14675756
1992-04-16,4.15684,4.15684,4.08355,4.12034,4.12034,5060983
1992-04-20,4.16424,4.31823,4.15684,4.31054,4.31054,6195604
1992-04-21,4.27403,4.27403,4.19354,4.21573,4.21573,7006675
1992-04-22,4.19354,4.40583,4.18614,4.36904,4.36904,11427114
1992-04-23,4.31823,4.39863,4.30334,4.36904,4.36904,6385802
1992-04-24,4.34013,4.40583,4.31823,4.36212,4.36212,2554541
1992-04-27,4.31054,4.31054,4.24484,4.28123,4.28123,2950234
1992-04-28,4.27403,4.31823,4.24484,4.28893,4.28893,3292370
1992-04-29,4.28123,4.31823,4.28123,4.31054,4.31054,2438671
1992-04-30,4.25214,4.33223,4.25214,4.31823,4.31823,2889023
1992-05-01,4.30334,4.31823,4.25214,4.25214,4.25214,2761132
1992-05-04,4.24484,4.31823,4.24484,4.31823,4.31823,2640894
1992-05-05,4.30334,4.30334,4.12034,4.12034,4.12034,3375447
1992-05-06,4.20823,4.33223,4.18614,4.31054,4.31054,4855482
1992-05-07,4.34743,4.34743,4.28123,4.28123,4.28123,2798295
1992-05-08,4.28123,4.33223,4.23754,4.27403,4.27403,1359797
1992-05-11,4.31054,4.45733,4.30334,4.42053,4.42053,4662010
1992-05-12,4.42753,4.43552,4.37663,4.39123,4.39123,3829074
1992-05-13,4.37663,4.37663,4.33223,4.34013,4.34013,2247381
1992-05-14,4.34013,4.37663,4.31823,4.34743,4.34743,3835637
1992-05-15,4.31054,4.31054,4.25214,4.27403,4.27403,4691522
1992-05-18,4.31823,4.33223,4.28893,4.31054,4.31054,2102003
1992-05-19,4.34013,4.39863,4.33223,4.37663,4.37663,4572373
1992-05-20,4.39123,4.45733,4.37663,4.45733,4.45733,3688069
1992-05-21,4.45733,4.57412,4.44262,4.57412,4.57412,6124556
1992-05-22,4.54472,4.55962,4.48652,4.51553,4.51553,3086869
1992-05-26,4.53013,4.60342,4.51553,4.58162,4.58162,3567830
1992-05-27,4.55962,4.61812,4.54472,4.58901,4.58901,2849673
1992-05-28,4.58901,4.66952,4.57412,4.58901,4.58901,5325509
1992-05-29,4.57412,4.67672,4.55962,4.64722,4.64722,5223854
1992-06-01,4.65481,4.72791,4.64021,4.71361,4.71361,4029111
1992-06-02,4.74232,4.76461,4.72791,4.75711,4.75711,4045509
1992-06-03,4.76461,4.77941,4.74232,4.74232,4.74232,4095787
1992-06-04,4.74232,4.75711,4.69881,4.69881,4.69881,1634160
1992-06-05,4.67672,4.68422,4.57412,4.60342,4.60342,5304742
1992-06-08,4.58901,4.58901,4.53013,4.58901,4.58901,3186345
1992-06-09,4.65481,4.65481,4.55962,4.58901,4.58901,3089062
1992-06-10,4.55962,4.55962,4.50092,4.52273,4.52273,2511911
1992-06-11,4.52273,4.52273,4.33223,4.36904,4.36904,4562538
1992-06-12,4.42053,4.42053,4.31823,4.36212,4.36212,8259345
1992-06-15,4.31823,4.36904,4.31823,4.36212,4.36212,3400592
1992-06-16,4.34743,4.36212,4.33223,4.33223,4.33223,3120757
1992-06-17,4.33223,4.33223,4.12034,4.12764,4.12764,3506615
1992-06-18,4.13494,4.17914,4.06194,4.17914,4.17914,5651247
1992-06-19,4.16424,4.23754,4.15684,4.19354,4.19354,2227710
1992-06-22,4.18614,4.18614,4.06894,4.09815,4.09815,3212575
1992-06-23,4.15684,4.22273,4.12764,4.13494,4.13494,3074844
1992-06-24,4.13494,4.17914,4.12764,4.12764,4.12764,2146821
1992-06-25,4.16424,4.16424,3.99584,4.00354,4.00354,4630310
1992-06-26,3.99584,4.03264,3.88635,3.95215,3.95215,5030380
1992-06-29,4.00354,4.08355,4.00354,4.06894,4.06894,3623578
1992-06-30,4.09133,4.13494,4.06194,4.13494,4.13494,3177594
1992-07-01,4.14973,4.14973,3.95215,4.05484,4.05484,6961857
1992-07-02,4.06894,4.06894,3.97424,4.00354,4.00354,5360487
1992-07-06,4.00354,4.01025,3.94474,3.95215,3.95215,4980091
1992-07-07,3.94474,3.95215,3.88635,3.90095,3.90095,3937292
1992-07-08,3.90815,3.90815,3.79135,3.85695,3.85695,3611550
1992-07-09,3.90095,4.03264,3.90095,4.03264,4.03264,2957885
1992-07-10,4.06894,4.14973,4.05484,4.13494,4.13494,2924003
1992-07-13,4.13494,4.14973,4.09133,4.12034,4.12034,1772984
1992-07-14,4.09133,4.14253,4.08355,4.14253,4.14253,2516283
1992-07-15,4.15684,4.27403,4.14973,4.24484,4.24484,3691349
1992-07-16,4.23023,4.33223,4.20123,4.32553,4.32553,4536300
1992-07-17,4.30334,4.30334,4.20123,4.23023,4.23023,3518643
1992-07-20,4.12764,4.15684,4.12764,4.14973,4.14973,3019097
1992-07-21,4.14253,4.14253,4.09815,4.12034,4.12034,2762230
1992-07-22,4.09815,4.12034,4.05484,4.05484,4.05484,1633069
1992-07-23,4.09133,4.09133,4.03264,4.05484,4.05484,1845125
1992-07-24,4.06194,4.17193,4.05484,4.17193,4.17193,1556552
1992-07-27,4.18614,4.23754,4.18614,4.23023,4.23023,1841844
1992-07-28,4.20123,4.25214,4.17914,4.24484,4.24484,3073751
1992-07-29,4.24484,4.32553,4.24484,4.27403,4.27403,4220401
1992-07-30,4.26693,4.27403,4.26693,4.27403,4.27403,1683350
1992-07-31,4.27403,4.27403,4.24484,4.26693,4.26693,1293119
1992-08-03,4.25214,4.26693,4.21573,4.23023,4.23023,2143538
1992-08-04,4.20823,4.20823,4.17193,4.17914,4.17914,1141183
1992-08-05,4.18614,4.18614,4.12764,4.14253,4.14253,1545624
1992-08-06,4.09815,4.09815,4.06194,4.08355,4.08355,1374006
1992-08-07,4.08355,4.08355,3.99584,4.06894,4.06894,3803934
1992-08-10,4.03974,4.06194,4.03264,4.03974,4.03974,1725983
1992-08-11,4.06194,4.06194,3.98864,3.98864,3.98864,1789381
1992-08-12,3.96685,3.96685,3.85695,3.87184,3.87184,4280516
1992-08-13,3.85695,3.87184,3.82775,3.85695,3.85695,6393449
1992-08-14,3.87184,3.87184,3.80594,3.84985,3.84985,4223686
1992-08-17,3.80594,3.80594,3.69586,3.72555,3.72555,9061675
1992-08-18,3.71785,3.76175,3.69586,3.75446,3.75446,5123288
1992-08-19,3.78375,3.80594,3.74716,3.74716,3.74716,4352663
1992-08-20,3.75446,3.75446,3.68876,3.68876,3.68876,2777527
1992-08-21,3.72555,3.75446,3.60816,3.68876,3.68876,3159020
1992-08-24,3.67425,3.67425,3.60816,3.61516,3.61516,2084514
1992-08-25,3.63006,3.68876,3.60076,3.60076,3.60076,2650731
1992-08-26,3.60816,3.67425,3.60076,3.67425,3.67425,3814865
1992-08-27,3.70345,3.73275,3.69586,3.72555,3.72555,3024568
1992-08-28,3.74716,3.74716,3.72555,3.73275,3.73275,2053906
1992-08-31,3.75446,3.75446,3.70345,3.72555,3.72555,1520479
1992-09-01,3.71785,3.72555,3.68876,3.72555,3.72555,1331378
1992-09-02,3.72555,3.78375,3.71785,3.77655,3.77655,2460532
1992-09-03,3.84225,3.90095,3.81334,3.82045,3.82045,2872626
1992-09-04,3.80594,3.84985,3.79135,3.80594,3.80594,2200379
1992-09-08,3.80594,3.80594,3.67425,3.68876,3.68876,2136978
1992-09-09,3.68876,3.72555,3.68876,3.72555,3.72555,1927110
1992-09-10,3.73275,3.81334,3.73275,3.81334,3.81334,3620296
1992-09-11,3.82045,3.82775,3.80594,3.81334,3.81334,1841844
1992-09-14,3.93744,4.12764,3.90815,4.09133,4.09133,7839601
1992-09-15,4.06194,4.06194,4.01834,4.03264,4.03264,6065527
1992-09-16,4.00354,4.03974,3.97424,3.99584,3.99584,10502356
1992-09-17,4.01834,4.05484,4.00354,4.03264,4.03264,5399841
1992-09-18,4.03264,4.05484,4.03264,4.03974,4.03974,4423710
1992-09-21,4.03974,4.05484,4.02553,4.03974,4.03974,1678976
1992-09-22,4.03264,4.03974,3.98864,3.99584,3.99584,2719596
1992-09-23,3.97424,3.97424,3.88635,3.91545,3.91545,3073751
1992-09-24,3.94474,4.00354,3.94474,3.98864,3.98864,1926015
1992-09-25,3.99584,4.06194,3.98864,4.01834,4.01834,2769874
1992-09-28,4.03264,4.12034,4.03264,4.12034,4.12034,1767518
1992-09-29,4.11334,4.11334,4.01834,4.02553,4.02553,2096537
1992-09-30,4.03974,4.05484,4.01834,4.02553,4.02553,2463815
1992-10-01,4.00354,4.01834,3.94474,3.96685,3.96685,2177428
1992-10-02,3.96685,3.96685,3.79135,3.82775,3.82775,5538662
1992-10-05,3.78375,3.79135,3.70345,3.79135,3.79135,6299449
1992-10-06,3.80594,3.82775,3.77655,3.80594,3.80594,3239903
1992-10-07,3.80594,3.82045,3.76175,3.77655,3.77655,2666034
1992-10-08,3.77655,3.81334,3.72555,3.76175,3.76175,3708837
1992-10-09,3.76175,3.82045,3.75446,3.75446,3.75446,2350135
1992-10-12,3.79135,3.82775,3.75446,3.82775,3.82775,2110748
1992-10-13,3.88635,3.97424,3.87895,3.93744,3.93744,3199462
1992-10-14,3.97424,4.00354,3.94474,3.97424,3.97424,5584566
1992-10-15,3.98864,3.99584,3.95955,3.98864,3.98864,5479632
1992-10-16,3.98864,3.98864,3.87895,3.95955,3.95955,2448507
1992-10-19,3.91545,4.06194,3.91545,4.06194,4.06194,3388559
1992-10-20,4.12034,4.16424,4.09133,4.13494,4.13494,5223854
1992-10-21,4.12034,4.13494,4.06194,4.09133,4.09133,2248475
1992-10-22,4.14973,4.14973,4.09133,4.14253,4.14253,6732310
1992-10-23,4.00354,4.09133,3.93044,4.04724,4.04724,7583821
1992-10-26,4.04724,4.05484,3.98864,4.02553,4.02553,4754919
1992-10-27,4.04724,4.05484,4.01834,4.03264,4.03264,2398231
1992-10-28,4.03264,4.07683,4.01834,4.04724,4.04724,2924003
1992-10-29,4.06194,4.07683,3.93044,4.01834,4.01834,3955873
1992-10-30,4.03264,4.05484,4.01834,4.04724,4.04724,2067023
1992-11-02,4.02553,4.08355,3.99584,4.08355,4.08355,2913069
1992-11-03,4.10584,4.17914,4.09133,4.17193,4.17193,5253365
1992-11-04,4.20123,4.25953,4.14253,4.14973,4.14973,7259171
1992-11-05,4.17193,4.23754,4.17193,4.23754,4.23754,2996145
1992-11-06,4.25214,4.25953,4.22273,4.25214,4.25214,2854041
1992-11-09,4.23754,4.27403,4.23023,4.23754,4.23754,2323894
1992-11-10,4.25214,4.25953,4.17914,4.17914,4.17914,1894319
1992-11-11,4.17914,4.19354,4.12034,4.13494,4.13494,2076863
1992-11-12,4.14253,4.17193,4.14253,4.16424,4.16424,1392588
1992-11-13,4.17193,4.17193,4.09133,4.10584,4.10584,1879012
1992-11-16,4.12034,4.12034,4.08355,4.09133,4.09133,1404612
1992-11-17,4.10584,4.13494,4.07683,4.10584,4.10584,3011451
1992-11-18,4.12034,4.13494,4.09133,4.12034,4.12034,1424289
1992-11-19,4.14253,4.17193,4.13494,4.14253,4.14253,4341733
1992-11-20,4.14253,4.17914,4.13494,4.14973,4.14973,3361234
1992-11-23,4.14253,4.14253,4.11334,4.11334,4.11334,1335751
1992-11-24,4.11334,4.20123,4.11334,4.17914,4.17914,2321713
1992-11-25,4.17193,4.19354,4.17193,4.17193,4.17193,1871363
1992-11-27,4.17193,4.23754,4.17193,4.20123,4.20123,1265791
1992-11-30,4.23023,4.39123,4.22273,4.39123,4.39123,4190888
1992-12-01,4.39123,4.40583,4.36212,4.38383,4.38383,3565646
1992-12-02,4.30334,4.30334,4.20123,4.20123,4.20123,6492926
1992-12-03,4.20123,4.20123,4.11334,4.11334,4.11334,5908124
1992-12-04,4.13494,4.13494,4.08355,4.11334,4.11334,3627945
1992-12-07,4.13494,4.13494,4.10584,4.11334,4.11334,1740190
1992-12-08,4.13494,4.20123,4.11334,4.17914,4.17914,2024391
1992-12-09,4.20823,4.23023,4.17193,4.20123,4.20123,1678976
1992-12-10,4.20823,4.22273,4.14973,4.17193,4.17193,1492061
1992-12-11,4.16424,4.16424,4.11334,4.12034,4.12034,969567
1992-12-14,4.11334,4.12034,4.09133,4.09133,4.09133,1121505
1992-12-15,4.11334,4.12034,4.09133,4.12034,4.12034,1457077
1992-12-16,4.12034,4.12034,4.07683,4.09133,4.09133,1865900
1992-12-17,4.10584,4.12034,4.08355,4.11334,4.11334,2308595
1992-12-18,4.17193,4.23754,4.14973,4.22273,4.22273,3437753
1992-12-21,4.22273,4.23754,4.20123,4.22273,4.22273,1664767
1992-12-22,4.23023,4.23754,4.17914,4.20123,4.20123,1516110
1992-12-23,4.20123,4.23754,4.20123,4.20823,4.20823,1251579
1992-12-24,4.22273,4.23023,4.19354,4.20123,4.20123,505003
1992-12-28,4.19354,4.20823,4.14973,4.16424,4.16424,791393
1992-12-29,4.17914,4.26693,4.14973,4.20823,4.20823,4261937
1992-12-30,4.23754,4.25214,4.19354,4.23023,4.23023,1904148
1992-12-31,4.23023,4.23023,4.14973,4.14973,4.14973,1086527
1993-01-04,4.17193,4.22273,4.17193,4.20823,4.20823,1901970
1993-01-05,4.20823,4.25214,4.19354,4.22273,4.22273,982684
1993-01-06,4.25953,4.31823,4.23754,4.31823,4.31823,4807387
1993-01-07,4.33223,4.46433,4.32553,4.37663,4.37663,5177943
1993-01-08,4.38383,4.42053,4.36212,4.41342,4.41342,3450869
1993-01-11,4.39123,4.43552,4.38383,4.42053,4.42053,1780637
1993-01-12,4.42053,4.42053,4.35463,4.36212,4.36212,1677886
1993-01-13,4.34013,4.34743,4.29623,4.31823,4.31823,2610284
1993-01-14,4.32553,4.32553,4.28893,4.31054,4.31054,1622138
1993-01-15,4.31823,4.42753,4.31823,4.40583,4.40583,2431022
1993-01-18,4.39863,4.40583,4.37663,4.39863,4.39863,2740365
1993-01-19,4.38383,4.42753,4.36904,4.38383,4.38383,2916353
1993-01-20,4.39863,4.41342,4.34743,4.34743,4.34743,2327181
1993-01-21,4.28893,4.29623,4.23023,4.23023,4.23023,5844724
1993-01-22,4.25214,4.29623,4.23023,4.28893,4.28893,2915256
1993-01-25,4.28893,4.42753,4.20123,4.25214,4.25214,7091934
1993-01-26,4.29623,4.39863,4.28893,4.36904,4.36904,3598435
1993-01-27,4.41342,4.44262,4.37663,4.42753,4.42753,3331720
1993-01-28,4.40583,4.41342,4.36904,4.36904,4.36904,1184904
1993-01-29,4.38383,4.39863,4.32553,4.35463,4.35463,1563108
1993-02-01,4.34743,4.37663,4.34013,4.34743,4.34743,1273440
1993-02-02,4.35463,4.42753,4.35463,4.40583,4.40583,1935856
1993-02-03,4.40583,4.54472,4.40583,4.52273,4.52273,4150445
1993-02-04,4.55962,4.58901,4.49382,4.58162,4.58162,4541768
1993-02-05,4.58162,4.61812,4.55232,4.61092,4.61092,4527561
1993-02-08,4.55962,4.56682,4.53013,4.53013,4.53013,1625420
1993-02-09,4.50092,4.50092,4.47202,4.47202,4.47202,1786106
1993-02-10,4.44262,4.46433,4.35463,4.38383,4.38383,2829993
1993-02-11,4.38383,4.48652,4.38383,4.46433,4.46433,1519389
1993-02-12,4.46433,4.46433,4.39863,4.44262,4.44262,3286908
1993-02-16,4.42753,4.42753,4.32553,4.32553,4.32553,5271946
1993-02-17,4.34013,4.37663,4.31823,4.34013,4.34013,3655272
1993-02-18,4.42753,4.42753,4.35463,4.36904,4.36904,4249913
1993-02-19,4.37663,4.37663,4.31054,4.31823,4.31823,3109826
1993-02-22,4.28893,4.36904,4.28893,4.34013,4.34013,2221149
1993-02-23,4.34013,4.34743,4.28893,4.29623,4.29623,2648542
1993-02-24,4.31054,4.41342,4.31054,4.39863,4.39863,6968415
1993-02-25,4.40583,4.43552,4.36904,4.38383,4.38383,2131514
1993-02-26,4.40583,4.51553,4.40583,4.50092,4.50092,3435561
1993-03-01,4.50092,4.55962,4.47202,4.49382,4.49382,2683525
1993-03-02,4.49382,4.56682,4.46433,4.56682,4.56682,2719596
1993-03-03,4.56682,4.61092,4.53013,4.59593,4.59593,3548152
1993-03-04,4.59593,4.59593,4.54472,4.54472,4.54472,1699745
1993-03-05,4.58162,4.59593,4.55232,4.55962,4.55962,4570189
1993-03-08,4.55232,4.62562,4.55232,4.61812,4.61812,3348119
1993-03-09,4.64021,4.64021,4.59593,4.62562,4.62562,3823612
1993-03-10,4.61812,4.62562,4.58901,4.59593,4.59593,2213496
1993-03-11,4.58162,4.61092,4.54472,4.55232,4.55232,2157750
1993-03-12,4.47202,4.49382,4.41342,4.48652,4.48652,5406396
1993-03-15,4.48652,4.51553,4.47202,4.50092,4.50092,2181797
1993-03-16,4.52273,4.52273,4.47202,4.47202,4.47202,6839433
1993-03-17,4.48652,4.53013,4.47202,4.48652,4.48652,1370732
1993-03-18,4.48652,4.55232,4.48652,4.50092,4.50092,2141354
1993-03-19,4.54472,4.54472,4.48652,4.50092,4.50092,3193996
1993-03-22,4.48652,4.55232,4.48652,4.54472,4.54472,2175239
1993-03-23,4.53013,4.64021,4.53013,4.61092,4.61092,3790818
1993-03-24,4.62562,4.64722,4.61812,4.62562,4.62562,3810491
1993-03-25,4.62562,4.64722,4.61812,4.62562,4.62562,2228800
1993-03-26,4.64722,4.68422,4.61812,4.61812,4.61812,3480384
1993-03-29,4.62562,4.70601,4.59593,4.67672,4.67672,3387470
1993-03-30,4.67672,4.69881,4.65481,4.67672,4.67672,1883387
1993-03-31,4.65481,4.67672,4.58901,4.58901,4.58901,2696640
1993-04-01,4.59593,4.62562,4.58162,4.58901,4.58901,2671498
1993-04-02,4.55232,4.55962,4.51553,4.53013,4.53013,2328269
1993-04-05,4.54472,4.54472,4.47202,4.51553,4.51553,4630310
1993-04-06,4.54472,4.58162,4.53013,4.56682,4.56682,3344842
1993-04-07,4.61092,4.65481,4.61092,4.62562,4.62562,5926713
1993-04-08,4.62562,4.64021,4.59593,4.64021,4.64021,2652914
1993-04-12,4.65481,4.70601,4.64722,4.70601,4.70601,1994880
1993-04-13,4.70601,4.75711,4.69881,4.74232,4.74232,2691170
1993-04-14,4.73532,4.74232,4.69881,4.72791,4.72791,1335751
1993-04-15,4.73532,4.79371,4.70601,4.78651,4.78651,2756759
1993-04-16,4.78651,4.80111,4.76461,4.78651,4.78651,2334830
1993-04-19,4.77161,4.8745,4.77161,4.83031,4.83031,5276320
1993-04-20,4.86682,4.86682,4.75711,4.78651,4.78651,4355942
1993-04-21,4.78651,4.8745,4.76461,4.84511,4.84511,4471809
1993-04-22,5.0574,5.2911,5.05,5.2544,5.2544,22243181
1993-04-23,5.21099,5.26949,5.1669,5.20379,5.20379,14928262
1993-04-26,5.1747,5.24,5.1747,5.21099,5.21099,5994479
1993-04-27,5.20379,5.22579,5.14509,5.21099,5.21099,4473995
1993-04-28,5.1815,5.22579,5.1815,5.22579,5.22579,3061729
1993-04-29,5.20379,5.40119,5.1959,5.35719,5.35719,11088256
1993-04-30,5.34239,5.40119,5.34239,5.38629,5.38629,6486365
1993-05-03,5.38629,5.38629,5.3132,5.35719,5.35719,6190138
1993-05-04,5.37198,5.37929,5.3132,5.32079,5.32079,3707749
1993-05-05,5.3132,5.38629,5.3132,5.35019,5.35019,2155563
1993-05-06,5.35019,5.35719,5.3132,5.32789,5.32789,4867510
1993-05-07,5.3132,5.32079,5.20379,5.28409,5.28409,3705557
1993-05-10,5.29918,5.43048,5.29918,5.35719,5.35719,4636865
1993-05-11,5.35719,5.43048,5.34239,5.43048,5.43048,2933843
1993-05-12,5.40839,5.44489,5.37929,5.43788,5.43788,5956217
1993-05-13,5.41569,5.51819,5.40119,5.46699,5.46699,9425672
1993-05-14,5.44489,5.45959,5.40839,5.40839,5.40839,3920896
1993-05-17,5.40839,5.40839,5.3132,5.37198,5.37198,3873894
1993-05-18,5.35719,5.37929,5.26239,5.2911,5.2911,5328792
1993-05-19,5.2911,5.35719,5.2329,5.35019,5.35019,4570189
1993-05-20,5.37929,5.46699,5.37929,5.41569,5.41569,6958583
1993-05-21,5.37929,5.40839,5.32789,5.37929,5.37929,4682777
1993-05-24,5.35019,5.41569,5.35019,5.40119,5.40119,5722303
1993-05-25,5.40839,5.43788,5.38629,5.43788,5.43788,5908124
1993-05-26,5.43788,5.51819,5.40839,5.47468,5.47468,7784953
1993-05-27,5.52588,5.67938,5.51819,5.66478,5.66478,6933436
1993-05-28,5.63508,5.65027,5.56228,5.57688,5.57688,3965711
1993-06-01,5.57688,5.89187,5.55488,5.77447,5.77447,7778392
1993-06-02,5.79647,5.84777,5.77447,5.81857,5.81857,5743063
1993-06-03,5.80396,5.80396,5.70157,5.75968,5.75968,4106721
1993-06-04,5.73827,5.81857,5.73048,5.81857,5.81857,2271428
1993-06-07,5.80396,5.90607,5.80396,5.87697,5.87697,7159704
1993-06-08,5.85497,5.87697,5.81857,5.85497,5.85497,4350476
1993-06-09,5.81857,5.84777,5.75968,5.76707,5.76707,4939651
1993-06-10,5.75968,5.85497,5.74518,5.84777,5.84777,6335521
1993-06-11,5.84777,5.91357,5.83297,5.90607,5.90607,6903922
1993-06-14,5.89187,6.08917,5.85497,6.05266,6.05266,8574154
1993-06-15,6.05266,6.05986,5.96477,6.03846,6.03846,8217808
1993-06-16,5.99416,6.02327,5.95027,6.00107,6.00107,8039644
1993-06-17,5.99416,6.02327,5.95027,6.02327,6.02327,4354850
1993-06-18,6.02327,6.08187,5.93586,6.00876,6.00876,6105975
1993-06-21,5.97217,5.97927,5.59158,5.89187,5.89187,12995681
1993-06-22,5.89187,5.89187,5.73048,5.77447,5.77447,5434811
1993-06-23,5.70857,5.73048,5.65027,5.67208,5.67208,4686053
1993-06-24,5.65027,5.69408,5.59158,5.66478,5.66478,3251927
1993-06-25,5.67208,5.74518,5.65027,5.65027,5.65027,2567652
1993-06-28,5.77447,5.86246,5.75968,5.85497,5.85497,4319874
1993-06-29,5.79647,5.81857,5.76707,5.79647,5.79647,2068116
1993-06-30,5.79647,5.82587,5.77447,5.82587,5.82587,2296569
1993-07-01,5.81857,5.82587,5.75968,5.75968,5.75968,2185077
1993-07-02,5.75968,5.75968,5.66478,5.69408,5.69408,2977561
1993-07-06,5.69408,5.73827,5.67208,5.71587,5.71587,2224427
1993-07-07,5.73827,5.85497,5.73048,5.82587,5.82587,4108904
1993-07-08,5.83297,5.89187,5.83297,5.84777,5.84777,3814865
1993-07-09,5.83297,5.86246,5.82587,5.84777,5.84777,2462719
1993-07-12,5.84777,5.94277,5.84777,5.92077,5.92077,3216946
1993-07-13,5.93586,5.97927,5.92077,5.94277,5.94277,1785006
1993-07-14,5.93586,5.99416,5.92826,5.96477,5.96477,1645090
1993-07-15,5.97217,6.05986,5.93586,6.01607,6.01607,5491660
1993-07-16,6.05266,6.13306,6.03076,6.08187,6.08187,4323152
1993-07-19,6.11856,6.22095,6.11136,6.20635,6.20635,4882807
1993-07-20,6.16256,6.16256,6.08187,6.08187,6.08187,5884073
1993-07-21,6.00107,6.13306,5.92826,6.10356,6.10356,8312908
1993-07-22,6.08187,6.13306,6.02327,6.05266,6.05266,5089404
1993-07-23,5.98676,6.25775,5.92826,6.25775,6.25775,10295767
1993-07-26,6.25775,6.25775,6.19176,6.22095,6.22095,6069900
1993-07-27,6.24996,6.25775,6.14046,6.16256,6.16256,4125302
1993-07-28,6.16256,6.16256,6.04506,6.07446,6.07446,3409335
1993-07-29,6.05986,6.05986,6.01607,6.03076,6.03076,3306583
1993-07-30,6.02327,6.04506,5.96477,5.99416,5.99416,2324993
1993-08-02,5.97217,6.13306,5.97217,6.08917,6.08917,4630310
1993-08-03,6.16946,6.26456,6.14046,6.22835,6.22835,5469793
1993-08-04,6.23556,6.24996,6.20635,6.22835,6.22835,3573293
1993-08-05,6.22095,6.22095,6.14757,6.16256,6.16256,2009093
1993-08-06,6.16946,6.19176,6.14046,6.14757,6.14757,1270163
1993-08-09,6.14757,6.22835,6.13306,6.19176,6.19176,2111840
1993-08-10,6.17686,6.31615,6.17686,6.29415,6.29415,7734666
1993-08-11,6.30885,6.43295,6.26456,6.42584,6.42584,6456851
1993-08-12,6.39645,6.39645,6.27955,6.34535,6.34535,3568923
1993-08-13,6.28675,6.34535,6.28675,6.34535,6.34535,2920724
1993-08-16,6.31615,6.34535,6.28675,6.28675,6.28675,1711770
1993-08-17,6.25775,6.29415,6.22835,6.26456,6.26456,2377461
1993-08-18,6.28675,6.34535,6.28675,6.33805,6.33805,3929639
1993-08-19,6.33805,6.34535,6.29415,6.33805,6.33805,4031295
1993-08-20,6.33805,6.33805,6.27955,6.29415,6.29415,2073583
1993-08-23,6.23556,6.32325,6.22095,6.28675,6.28675,2206940
1993-08-24,6.35275,6.46955,6.33805,6.42584,6.42584,5439190
1993-08-25,6.43295,6.49164,6.40395,6.43295,6.43295,3526293
1993-08-26,6.43295,6.43295,6.37465,6.42584,6.42584,2427742
1993-08-27,6.38205,6.42584,6.38205,6.40395,6.40395,2044070
1993-08-30,6.42584,6.43295,6.35275,6.37465,6.37465,1496430
1993-08-31,6.37465,6.41115,6.35275,6.41115,6.41115,2492232
1993-09-01,6.39645,6.41115,6.35275,6.39645,6.39645,1548900
1993-09-02,6.38205,6.38205,6.25775,6.29415,6.29415,2016742
1993-09-03,6.25775,6.26456,6.20635,6.23556,6.23556,2422277
1993-09-07,6.23556,6.23556,6.14046,6.16946,6.16946,2002533
1993-09-08,6.13306,6.24996,6.10356,6.16946,6.16946,3075941
1993-09-09,6.16946,6.27955,6.16256,6.25775,6.25775,3302207
1993-09-10,6.23556,6.24996,6.20635,6.22095,6.22095,2341386
1993-09-13,6.23556,6.31615,6.23556,6.25775,6.25775,3847655
1993-09-14,6.22095,6.22835,6.19915,6.22095,6.22095,2187262
1993-09-15,6.19915,6.22835,6.16256,6.19915,6.19915,1991602
1993-09-16,6.16256,6.23556,6.16256,6.20635,6.20635,2103094
1993-09-17,6.22095,6.24996,6.20635,6.22835,6.22835,4369058
1993-09-20,6.22835,6.22835,6.11136,6.16256,6.16256,1187091
1993-09-21,6.16946,6.16946,5.84777,6.01607,6.01607,8990624
1993-09-22,6.04506,6.10356,6.03076,6.05986,6.05986,4569094
1993-09-23,6.05986,6.05986,5.99416,6.00107,6.00107,4341733
1993-09-24,5.99416,6.14046,5.99416,6.08917,6.08917,2537052
1993-09-27,6.11136,6.16946,6.10356,6.16946,6.16946,3483659
1993-09-28,6.19176,6.19176,6.14046,6.19176,6.19176,1781730
1993-09-29,6.19176,6.23556,6.14046,6.16256,6.16256,1901970
1993-09-30,6.14046,6.19176,6.11856,6.16256,6.16256,3338281
1993-10-01,6.16946,6.37465,6.16256,6.25775,6.25775,8303076
1993-10-04,6.26456,6.34535,6.24996,6.31615,6.31615,4126396
1993-10-05,6.33805,6.36726,6.25775,6.29415,6.29415,1685538
1993-10-06,6.29415,6.32325,6.28675,6.31615,6.31615,2658385
1993-10-07,6.31615,6.34535,6.29415,6.31615,6.31615,2429927
1993-10-08,6.32325,6.36726,6.31615,6.32325,6.32325,2012367
1993-10-11,6.32325,6.34535,6.28675,6.31615,6.31615,916009
1993-10-12,6.31615,6.31615,6.23556,6.26456,6.26456,1521571
1993-10-13,6.24996,6.32325,6.24996,6.31615,6.31615,3848749
1993-10-14,6.29415,6.29415,6.25775,6.27955,6.27955,2232079
1993-10-15,6.26456,6.29415,6.23556,6.29415,6.29415,2849673
1993-10-18,6.28675,6.34535,6.28675,6.32325,6.32325,2810321
1993-10-19,6.33085,6.45525,6.31615,6.44785,6.44785,2500978
1993-10-20,6.44785,6.53564,6.44785,6.49164,6.49164,5488381
1993-10-21,6.54284,6.71863,6.54284,6.71143,6.71143,8190482
1993-10-22,6.77713,7.04802,6.76983,7.01853,7.01853,13074386
1993-10-25,7.01853,7.04802,6.93073,7.01123,7.01123,6182489
1993-10-26,6.94553,7.16512,6.94553,7.10642,7.10642,8265906
1993-10-27,7.04802,7.09912,7.03333,7.04072,7.04072,4019274
1993-10-28,6.98942,7.16512,6.96023,7.13552,7.13552,6862387
1993-10-29,7.10642,7.15762,7.09182,7.15061,7.15061,4283801
1993-11-01,7.15061,7.20901,7.09912,7.20901,7.20901,3874986
1993-11-02,7.18702,7.21602,7.12842,7.21602,7.21602,4063002
1993-11-03,7.27481,7.27481,7.10642,7.10642,7.10642,5615178
1993-11-04,7.10642,7.17962,7.00402,7.00402,7.00402,3214763
1993-11-05,7.00402,7.07002,6.84323,7.03333,7.03333,6594581
1993-11-08,7.06242,7.13552,7.00402,7.13552,7.13552,4482741
1993-11-09,7.18702,7.19422,7.01853,7.03333,7.03333,4671846
1993-11-10,7.03333,7.16512,7.00402,7.09912,7.09912,3726327
1993-11-11,7.12842,7.12842,7.03333,7.06242,7.06242,2944770
1993-11-12,6.97502,7.06242,6.92372,6.97502,6.97502,10049823
1993-11-15,7.03333,7.10642,7.00402,7.01853,7.01853,6229488
1993-11-16,6.75504,6.94553,6.74054,6.93073,6.93073,17783397
1993-11-17,6.96023,7.01123,6.81373,6.87223,6.87223,7669086
1993-11-18,6.87223,6.89443,6.69683,6.71143,6.71143,4968073
1993-11-19,6.72594,6.75504,6.60894,6.68204,6.68204,5149523
1993-11-22,6.57925,6.60894,6.46265,6.52095,6.52095,6708265
1993-11-23,6.52095,6.55044,6.49164,6.53564,6.53564,5713554
1993-11-24,6.56504,6.71863,6.56504,6.68944,6.68944,3638878
1993-11-26,6.69683,6.71863,6.66714,6.68944,6.68944,1213324
1993-11-29,6.71863,6.79894,6.68944,6.71143,6.71143,4587674
1993-11-30,6.72594,6.72594,6.62364,6.66014,6.66014,2091071
1993-12-01,6.72594,6.72594,6.68204,6.71143,6.71143,3263946
1993-12-02,6.72594,6.78463,6.66014,6.72594,6.72594,2817969
1993-12-03,6.74823,6.74823,6.62364,6.68204,6.68204,2664944
1993-12-06,6.71143,6.77713,6.68944,6.71143,6.71143,2575310
1993-12-07,6.72594,6.77713,6.54284,6.56504,6.56504,5995571
1993-12-08,6.59424,6.66714,6.54284,6.65264,6.65264,4491483
1993-12-09,6.68944,6.80663,6.66714,6.71863,6.71863,2898860
1993-12-10,6.74823,6.75504,6.66014,6.71143,6.71143,2871532
1993-12-13,6.72594,6.72594,6.59424,6.68204,6.68204,3821424
1993-12-14,6.68204,6.69683,6.62364,6.62364,6.62364,3498965
1993-12-15,6.63804,6.79894,6.60894,6.68944,6.68944,4169023
1993-12-16,6.77713,6.80663,6.69683,6.74054,6.74054,3589690
1993-12-17,6.74054,6.76983,6.72594,6.74823,6.74823,3642161
1993-12-20,6.78463,6.84323,6.76983,6.84323,6.84323,2024391
1993-12-21,6.83573,6.84323,6.76983,6.79894,6.79894,1815616
1993-12-22,6.79894,6.86494,6.78463,6.82853,6.82853,6448105
1993-12-23,6.82853,6.89443,6.82853,6.86494,6.86494,1829825
1993-12-27,6.87223,7.07722,6.87223,7.03333,7.03333,2166496
1993-12-28,7.01853,7.07002,6.98183,7.06242,7.06242,2718503
1993-12-29,7.06242,7.07722,7.00402,7.07002,7.07002,2872626
1993-12-30,7.07002,7.09182,7.01123,7.04072,7.04072,2541423
1993-12-31,7.04072,7.07722,6.95293,6.95293,6.95293,2072488
1994-01-03,6.98183,7.01853,6.93073,6.98183,6.98183,2283454
1994-01-04,6.98183,7.13552,6.98183,7.10642,7.10642,3806124
1994-01-05,7.12842,7.15762,7.07722,7.10642,7.10642,7201243
1994-01-06,7.17962,7.18702,7.13552,7.15061,7.15061,3283628
1994-01-07,7.10642,7.13552,7.03333,7.06242,7.06242,3592971
1994-01-10,7.06242,7.07722,6.96023,7.07002,7.07002,6103782
1994-01-11,7.07722,7.09912,7.04802,7.07722,7.07722,3477104
1994-01-12,7.09182,7.12842,7.01853,7.07722,7.07722,5575826
1994-01-13,7.08491,7.11372,7.05532,7.09182,7.09182,2520652
1994-01-14,7.09182,7.09912,7.04072,7.08491,7.08491,3512082
1994-01-17,7.05532,7.27481,7.05532,7.23822,7.23822,4471809
1994-01-18,7.26751,7.32621,7.23082,7.26021,7.26021,5385627
1994-01-19,7.26751,7.36262,7.26751,7.32621,7.32621,5603153
1994-01-20,7.32621,7.47931,7.32621,7.35531,7.35531,5338623
1994-01-21,7.5525,7.7435,7.5387,7.7138,7.7138,1587160
1994-01-24,7.8013,7.9181,7.8013,7.84648,7.84648,13313773
1994-01-25,7.77259,7.83139,7.7138,7.7138,7.7138,6580372
1994-01-26,7.7138,7.7943,7.7138,7.76549,7.76549,6373782
1994-01-27,7.76549,7.99899,7.75898,7.94069,7.94069,7689850
1994-01-28,8.05759,8.10898,8.02898,8.10898,8.10898,6226207
1994-01-31,8.05078,8.23358,8.03658,8.14717,8.14717,7664709
1994-02-01,8.188,8.26229,8.16147,8.26229,8.26229,7866932
1994-02-02,8.23358,8.25439,8.17438,8.188,8.188,4778964
1994-02-03,8.188,8.24916,8.16147,8.24916,8.24916,4053160
1994-02-04,8.20437,8.22657,8.00619,8.02217,8.02217,6773845
1994-02-07,8.05759,8.23358,8.03658,8.23358,8.23358,10389774
1994-02-08,8.25439,8.49234,8.21888,8.45267,8.45267,6677654
1994-02-09,8.48375,8.54096,8.45267,8.51739,8.51739,5833795
1994-02-10,8.48375,8.55606,8.30717,8.30717,8.30717,6360659
1994-02-11,8.23358,8.30717,8.20437,8.22657,8.22657,7191407
1994-02-14,8.22657,8.33607,8.20437,8.29227,8.29227,4598610
1994-02-15,8.31328,8.42525,8.28714,8.41085,8.41085,4112184
1994-02-16,8.42525,8.4292,8.3487,8.40295,8.40295,4572373
1994-02-17,8.4292,8.52469,8.41085,8.51216,8.51216,6509320
1994-02-18,8.48375,8.48375,8.40295,8.45869,8.45869,6416409
1994-02-22,8.45869,8.66625,8.40295,8.66072,8.66072,9284662
1994-02-23,8.66625,8.77565,8.64355,8.66072,8.66072,7852726
1994-02-24,8.64355,8.64355,8.46767,8.49815,8.49815,7294153
1994-02-25,8.54096,8.54096,8.4292,8.4292,8.4292,4423710
1994-02-28,8.43837,8.54096,8.43837,8.48375,8.48375,3013638
1994-03-01,8.49815,8.55606,8.48375,8.51739,8.51739,5339721
1994-03-02,8.37148,8.76174,8.37148,8.76174,8.76174,6817568
1994-03-03,8.74516,9.06814,8.71419,8.81895,8.81895,8858358
1994-03-04,8.80613,8.81244,8.66072,8.77565,8.77565,5617364
1994-03-07,8.81895,8.93654,8.69032,8.92904,8.92904,4306757
1994-03-08,8.92904,9.00826,8.92164,8.95815,8.95815,6823034
1994-03-09,8.96456,8.99504,8.92904,8.96456,8.96456,5388909
1994-03-10,8.96456,8.99504,8.89255,8.99504,8.99504,5305832
1994-03-11,9.03756,9.11302,8.92164,9.11302,9.11302,6644863
1994-03-14,9.11302,9.18454,9.07761,9.15475,9.15475,4115467
1994-03-15,9.16146,9.19125,9.13216,9.17586,9.17586,3935104
1994-03-16,9.13216,9.13216,9.03756,9.09951,9.09951,3134965
1994-03-17,9.1071,9.35235,9.08423,9.35235,9.35235,3422450
1994-03-18,9.39427,9.40907,9.26869,9.32187,9.32187,12305947
1994-03-21,9.23664,9.30726,9.15475,9.26869,9.26869,4275055
1994-03-22,9.2828,9.35235,9.2828,9.29454,9.29454,3853124
1994-03-23,9.30726,9.50772,9.30036,9.44754,9.44754,6475431
1994-03-24,9.35235,9.38539,9.08423,9.13887,9.13887,9405997
1994-03-25,9.16146,9.21443,9.01566,9.12723,9.12723,4952764
1994-03-28,9.03756,9.07761,8.87064,8.92164,8.92164,8038544
1994-03-29,8.90853,8.93654,8.64355,8.67424,8.67424,5608619
1994-03-30,8.60459,8.75335,8.29227,8.57056,8.57056,12572659
1994-03-31,8.60459,8.81244,8.49815,8.79044,8.79044,8397076
1994-04-04,8.60459,8.92164,8.55606,8.86226,8.86226,10926476
1994-04-05,9.11302,9.18454,9.09951,9.09951,9.09951,7426417
1994-04-06,9.11302,9.48502,9.11302,9.39427,9.39427,5950757
1994-04-07,9.38539,9.40019,9.17586,9.27747,9.27747,6680930
1994-04-08,9.2532,9.2532,9.01566,9.18454,9.18454,5243529
1994-04-11,9.13887,9.15475,9.03756,9.06814,9.06814,3057355
1994-04-12,9.06814,9.11302,8.89255,8.97985,8.97985,3263946
1994-04-13,8.96456,9.01566,8.72129,8.87696,8.87696,4871876
1994-04-14,8.81895,8.83257,8.76174,8.77565,8.77565,2984124
1994-04-15,8.75335,8.77565,8.69032,8.75335,8.75335,4631399
1994-04-18,8.80613,8.83257,8.61238,8.66072,8.66072,3449773
1994-04-19,8.65253,8.68242,8.44459,8.49234,8.49234,9716429
1994-04-20,8.65253,8.68242,7.8161,8.10898,8.10898,27322747
1994-04-21,8.22657,8.36448,8.11628,8.3487,8.3487,14027558
1994-04-22,8.37148,8.56326,8.31328,8.45267,8.45267,6360659
1994-04-25,8.47576,8.70759,8.44459,8.70759,8.70759,4422624
1994-04-26,8.77565,8.81244,8.63597,8.66625,8.66625,5882983
1994-04-28,8.68242,8.68242,8.49234,8.53278,8.53278,3998504
1994-04-29,8.53278,8.62708,8.4292,8.60459,8.60459,3326259
1994-05-02,8.59256,8.71419,8.48375,8.66072,8.66072,4468531
1994-05-03,8.72129,8.83257,8.69032,8.80613,8.80613,3787540
1994-05-04,8.79844,8.81244,8.73678,8.78384,8.78384,2673683
1994-05-05,8.88446,8.88446,8.79844,8.81244,8.81244,4126396
1994-05-06,8.69565,8.69565,8.3487,8.47576,8.47576,8710794
1994-05-09,8.47576,8.47576,8.20437,8.27866,8.27866,6207627
1994-05-10,8.38037,8.45869,8.30717,8.36448,8.36448,6654702
1994-05-11,8.49234,8.53278,8.36448,8.39507,8.39507,7294153
1994-05-12,8.45869,8.53278,8.32108,8.34298,8.34298,3730697
1994-05-13,8.34298,8.45869,8.23358,8.45267,8.45267,4135139
1994-05-16,8.40295,8.65253,8.40295,8.62708,8.62708,6792430
1994-05-17,8.62708,8.79844,8.60459,8.71419,8.71419,7588197
1994-05-18,8.77565,8.78384,8.56326,8.68242,8.68242,5992286
1994-05-19,8.69565,8.70759,8.56326,8.66072,8.66072,3948220
1994-05-20,8.65253,8.65253,8.60459,8.62708,8.62708,4166838
1994-05-23,8.57963,8.69032,8.57963,8.66072,8.66072,5486191
1994-05-24,8.72129,8.75335,8.37148,8.48375,8.48375,8104130
1994-05-25,8.4292,8.48375,8.37148,8.45869,8.45869,3999599
1994-05-26,8.48375,8.59256,8.36448,8.42525,8.42525,5374695
1994-05-27,8.36448,8.45267,8.3487,8.42525,8.42525,2652914
1994-05-31,8.38037,8.44459,8.33607,8.37148,8.37148,5333164
1994-06-01,8.32108,8.32108,8.14717,8.26229,8.26229,6572720
1994-06-02,8.28714,8.39507,8.19678,8.3487,8.3487,5180129
1994-06-03,8.30717,8.42525,8.29227,8.42525,8.42525,4013807
1994-06-06,8.47576,8.53278,8.44459,8.48375,8.48375,3005979
1994-06-07,8.44459,8.47576,8.30717,8.30717,8.30717,5471984
1994-06-08,8.30717,8.32108,8.11628,8.17438,8.17438,7438444
1994-06-09,8.188,8.19678,8.10119,8.10898,8.10898,4107812
1994-06-10,8.13266,8.27866,8.10119,8.23358,8.23358,2948051
1994-06-13,8.23358,8.36448,8.20437,8.30717,8.30717,3707749
1994-06-14,8.30717,8.59887,8.24916,8.57056,8.57056,5597686
1994-06-15,8.60459,8.68242,8.51216,8.54096,8.54096,3181966
1994-06-16,8.54806,8.59887,8.51216,8.54806,8.54806,2370901
1994-06-17,8.56326,8.57963,8.51216,8.51739,8.51739,3837820
1994-06-20,8.38037,8.45267,8.32108,8.33607,8.33607,4307846
1994-06-21,8.24916,8.28714,7.99899,7.99899,7.99899,9315270
1994-06-22,8.07278,8.17438,7.99238,8.04328,8.04328,5751812
1994-06-23,8.04328,8.14025,7.99238,7.99238,7.99238,3201645
1994-06-24,7.99899,8.04328,7.84648,7.9254,7.9254,4082673
1994-06-27,7.8746,8.25439,7.8746,8.23358,8.23358,4177766
1994-06-28,8.23358,8.32108,8.05759,8.16147,8.16147,5670927
1994-06-29,8.14717,8.22657,7.96229,7.99899,7.99899,3101079
1994-06-30,7.99899,8.10898,7.83918,7.83918,7.83918,4285981
1994-07-01,7.96229,7.96229,7.83918,7.88269,7.88269,4704635
1994-07-05,7.84648,8.02898,7.83918,7.96969,7.96969,3156829
1994-07-06,7.96969,8.22657,7.96969,8.188,8.188,4867510
1994-07-07,8.17438,8.26229,8.13266,8.17438,8.17438,4398576
1994-07-08,8.188,8.34298,8.16147,8.28714,8.28714,3527386
1994-07-11,8.37148,8.44459,8.3487,8.41085,8.41085,4918879
1994-07-12,8.42525,8.57056,8.33607,8.56326,8.56326,4777872
1994-07-13,8.69565,8.70759,8.53278,8.54096,8.54096,8450640
1994-07-14,8.56326,8.56326,8.51216,8.51216,8.51216,2620122
1994-07-15,8.49815,8.51216,8.42525,8.51216,8.51216,2578583
1994-07-18,8.53278,8.58545,8.51216,8.52469,8.52469,2126051
1994-07-19,8.52469,8.59256,8.50575,8.57056,8.57056,2237543
1994-07-20,8.59256,8.59256,8.38037,8.45267,8.45267,3300026
1994-07-21,8.41085,8.52469,8.32887,8.35738,8.35738,5370323
1994-07-22,8.38037,8.41085,8.27866,8.38037,8.38037,2211307
1994-07-25,8.38825,8.44459,8.33607,8.41776,8.41776,2470368
1994-07-26,8.42525,8.48375,8.42525,8.48375,8.48375,1851683
1994-07-27,8.46767,8.47576,8.38037,8.38037,8.38037,2040789
1994-07-28,8.38825,8.43837,8.38037,8.42525,8.42525,1954433
1994-07-29,8.46767,8.55606,8.41776,8.51216,8.51216,2922910
1994-08-01,8.53278,8.62708,8.53278,8.62708,8.62708,3109826
1994-08-02,8.64355,8.66625,8.58545,8.59256,8.59256,2976472
1994-08-03,8.56326,8.57056,8.51739,8.53278,8.53278,1985043
1994-08-04,8.52469,8.55606,8.45267,8.45267,8.45267,1636349
1994-08-05,8.30717,8.3487,8.21207,8.22657,8.22657,8801519
1994-08-08,8.21207,8.21888,8.14025,8.14025,8.14025,4348290
1994-08-09,8.16147,8.188,8.15397,8.1813,8.1813,2541423
1994-08-10,8.16147,8.21888,8.16147,8.21207,8.21207,2089979
1994-08-11,8.21207,8.26229,8.07771,8.0934,8.0934,4740710
1994-08-12,8.188,8.29227,8.10898,8.26229,8.26229,5321138
1994-08-15,8.3487,8.38037,8.29858,8.3487,8.3487,2720689
1994-08-16,8.33607,8.57056,8.32108,8.55606,8.55606,5160454
1994-08-17,8.61238,8.64355,8.55606,8.61978,8.61978,5731045
1994-08-18,8.61238,8.61238,8.46767,8.47576,8.47576,5955125
1994-08-19,8.49815,8.50575,8.44459,8.47576,8.47576,2226614
1994-08-22,8.42525,8.42525,8.38037,8.42525,8.42525,2370901
1994-08-23,8.49815,8.85575,8.49815,8.76825,8.76825,7943450
1994-08-24,8.84737,9.01566,8.70759,8.98744,8.98744,4962604
1994-08-25,8.90853,8.98744,8.76825,8.79844,8.79844,5348465
1994-08-26,8.87696,9.08423,8.87696,9.08423,9.08423,7180477
1994-08-29,9.08423,9.08423,8.99504,9.08423,9.08423,4314404
1994-08-30,9.05186,9.07761,8.92904,9.07761,9.07761,5796626
1994-08-31,9.02425,9.15475,8.96456,9.06814,9.06814,5547402
1994-09-01,9.01566,9.02425,8.93654,8.98744,8.98744,2562189
1994-09-02,9.00244,9.06814,8.85575,8.89915,8.89915,3482567
1994-09-06,8.87696,8.89915,8.68242,8.79844,8.79844,2451786
1994-09-07,8.79844,8.81895,8.52469,8.66625,8.66625,4345009
1994-09-08,8.52469,8.72129,8.52469,8.68242,8.68242,2760043
1994-09-09,8.59887,8.70235,8.58545,8.70235,8.70235,2774248
1994-09-12,8.73678,8.76174,8.38825,8.41085,8.41085,5185048
1994-09-13,8.46767,8.58545,8.41085,8.42525,8.42525,3592971
1994-09-14,8.44459,8.70235,8.42525,8.66625,8.66625,2687894
1994-09-15,8.70235,9.09951,8.70235,9.07761,9.07761,4281070
1994-09-16,8.91307,9.03756,8.85575,8.85575,8.85575,8392160
1994-09-19,8.87696,9.01566,8.87696,8.89915,8.89915,2654556
1994-09-20,8.89915,8.89915,8.68242,8.70235,8.70235,3355225
1994-09-21,8.76174,8.79844,8.44459,8.50575,8.50575,8790042
1994-09-22,8.58545,8.59887,8.50575,8.52469,8.52469,4525914
1994-09-23,8.61978,8.66625,8.48375,8.50575,8.50575,3843288
1994-09-26,8.54096,8.54096,8.3487,8.41085,8.41085,4110545
1994-09-27,8.42525,8.46767,8.29227,8.32887,8.32887,3241000
1994-09-28,8.42525,8.68242,8.41085,8.58545,8.58545,5297640
1994-09-29,8.59887,8.59887,8.44459,8.50575,8.50575,4341733
1994-09-30,8.50575,8.70235,8.48375,8.50575,8.50575,2948598
1994-10-03,8.54096,8.58545,8.36448,8.54096,8.54096,2864432
1994-10-04,8.56326,8.66625,8.50575,8.50575,8.50575,3134421
1994-10-05,8.50575,8.50575,8.22657,8.36448,8.36448,8797695
1994-10-06,8.36448,8.41085,8.27087,8.29227,8.29227,3632317
1994-10-07,8.36448,8.52469,8.27087,8.41085,8.41085,4053711
1994-10-10,8.44459,8.50575,8.36448,8.36448,8.36448,2010182
1994-10-11,8.42525,8.76174,8.42525,8.73678,8.73678,4166838
1994-10-12,8.72129,8.76174,8.59887,8.66625,8.66625,4131309
1994-10-13,8.83987,8.89915,8.68242,8.70235,8.70235,4291451
1994-10-14,8.68242,8.76174,8.61978,8.72129,8.72129,2616298
1994-10-17,8.68242,8.81895,8.66625,8.73678,8.73678,1707942
1994-10-18,8.76174,8.82606,8.66625,8.80613,8.80613,2082872
1994-10-19,8.78384,8.94493,8.76174,8.83987,8.83987,2804858
1994-10-20,8.86226,8.89915,8.70235,8.76174,8.76174,2231531
1994-10-21,8.72129,8.88446,8.64355,8.88446,8.88446,5076835
1994-10-24,9.261,9.33371,9.09951,9.17586,9.17586,12088973
1994-10-25,9.09951,9.17586,9.00244,9.08423,9.08423,7455932
1994-10-26,9.06054,9.06054,8.94493,9.00244,9.00244,3840011
1994-10-27,9.00244,9.11964,9.00244,9.06054,9.06054,3209298
1994-10-28,9.09951,9.43176,9.09951,9.35235,9.35235,6732310
1994-10-31,9.43176,9.45741,9.3775,9.40907,9.40907,4800830
1994-11-01,9.40019,9.40907,9.08423,9.08423,9.08423,6134394
1994-11-02,9.11964,9.29454,9.11964,9.21443,9.21443,6560694
1994-11-03,9.23664,9.261,9.09951,9.15475,9.15475,4090873
1994-11-04,9.13887,9.15475,9.03756,9.03756,9.03756,2815785
1994-11-07,9.06054,9.06054,9.01566,9.06054,9.06054,3062820
1994-11-08,9.09951,9.11964,9.01566,9.01566,9.01566,6779313
1994-11-09,9.13887,9.23664,9.06054,9.19993,9.19993,4587131
1994-11-10,9.23664,9.33371,9.08423,9.17586,9.17586,3214215
1994-11-11,9.09951,9.19993,8.97985,9.00244,9.00244,2477477
1994-11-14,9.08423,9.11964,9.01566,9.06054,9.06054,2824527
1994-11-15,9.06054,9.09951,8.83987,8.86226,8.86226,6416409
1994-11-16,8.83987,8.89915,8.78384,8.89915,8.89915,5074103
1994-11-17,8.92164,9.01566,8.83987,8.88446,8.88446,4765852
1994-11-18,8.88446,8.89915,8.74516,8.76174,8.76174,4296918
1994-11-21,8.76174,8.83987,8.62708,8.64355,8.64355,3527930
1994-11-22,8.60459,8.60459,8.13266,8.13266,8.13266,7931421
1994-11-23,8.11628,8.32887,8.0934,8.29227,8.29227,8943075
1994-11-25,8.3487,8.4292,8.32887,8.41085,8.41085,1820536
1994-11-28,8.41085,8.58545,8.41085,8.51216,8.51216,6149152
1994-11-29,8.49234,8.52469,8.3487,8.38825,8.38825,3588047
1994-11-30,8.49234,8.54806,8.46767,8.52469,8.52469,4607351
1994-12-01,8.46767,8.49234,8.31328,8.31328,8.31328,4267949
1994-12-02,8.32887,8.41085,8.29227,8.41085,8.41085,3487489
1994-12-05,8.38825,8.52469,8.37148,8.49234,8.49234,2254489
1994-12-06,8.38825,8.44459,8.25439,8.32887,8.32887,4271229
1994-12-07,8.21207,8.27087,8.15397,8.188,8.188,5387274
1994-12-08,8.17438,8.23358,8.11628,8.15397,8.15397,3323523
1994-12-09,8.07278,8.11628,7.97719,8.01457,8.01457,4381632
1994-12-12,8.0934,8.188,8.0934,8.13266,8.13266,5038577
1994-12-13,8.13266,8.188,8.05759,8.07278,8.07278,6099415
1994-12-14,8.05759,8.3487,8.05759,8.25439,8.25439,7625359
1994-12-15,8.37148,8.44459,8.31328,8.41085,8.41085,3786444
1994-12-16,8.46767,8.46767,8.25439,8.38825,8.38825,4812307
1994-12-19,8.31328,8.32887,8.15397,8.21207,8.21207,3462349
1994-12-20,8.21207,8.31328,8.21207,8.25439,8.25439,2930561
1994-12-21,8.3487,8.49234,8.31328,8.4292,8.4292,3493499
1994-12-22,8.49234,8.57056,8.44459,8.54806,8.54806,2479661
1994-12-23,8.54806,8.64355,8.52469,8.57056,8.57056,1654382
1994-12-27,8.58545,8.72129,8.58545,8.70235,8.70235,1666954
1994-12-28,8.57056,8.62708,8.49234,8.54806,8.54806,2011278
1994-12-29,8.54806,8.58545,8.49234,8.58545,8.58545,1225896
1994-12-30,8.62708,8.70235,8.58545,8.69032,8.69032,1866440
1995-01-03,8.64355,8.69032,8.60459,8.66625,8.66625,2902686
1995-01-04,8.51216,8.64355,8.51216,8.64355,8.64355,3559086
1995-01-05,8.64355,8.76174,8.64355,8.76174,8.76174,3150273
1995-01-06,8.76174,9.03756,8.70235,8.92164,8.92164,4340637
1995-01-09,8.86226,9.11964,8.86226,9.09951,9.09951,4289266
1995-01-10,9.09951,9.27747,9.09951,9.19993,9.19993,4753278
1995-01-11,9.23664,9.23664,8.95815,9.11964,9.11964,3564548
1995-01-12,9.09951,9.11964,8.92164,8.94493,8.94493,3412063
1995-01-13,8.95815,9.06054,8.83987,9.03756,9.03756,3041510
1995-01-16,8.97985,9.06054,8.80613,9.03756,9.03756,4413873
1995-01-17,9.06054,9.261,9.00244,9.22322,9.22322,4756557
1995-01-18,9.22322,9.2828,9.17586,9.2828,9.2828,3850392
1995-01-19,9.13887,9.15475,8.64355,8.66625,8.66625,19125703
1995-01-20,8.54806,8.54806,8.27087,8.32887,8.32887,15767750
1995-01-23,8.29227,8.3487,8.16571,8.3487,8.3487,8511850
1995-01-24,8.42525,8.50575,8.36448,8.41085,8.41085,6154614
1995-01-25,8.30717,8.58545,8.30717,8.49234,8.49234,4022554
1995-01-26,8.49234,8.52469,8.41085,8.50575,8.50575,2928371
1995-01-27,8.66625,8.66625,8.32887,8.3487,8.3487,3872801
1995-01-30,8.29227,8.30717,8.16571,8.16571,8.16571,3566734
1995-01-31,8.21207,8.27087,8.13266,8.13266,8.13266,5687865
1995-02-01,8.10898,8.30717,8.0859,8.15397,8.15397,9243124
1995-02-02,8.15397,8.30717,8.10898,8.27087,8.27087,3452510
1995-02-03,8.38825,8.58545,8.32887,8.38825,8.38825,7708982
1995-02-06,8.38825,8.52469,8.36448,8.50575,8.50575,3891928
1995-02-07,8.52469,8.54806,8.3487,8.46767,8.46767,3727964
1995-02-08,8.49234,8.49234,8.38825,8.42525,8.42525,2140806
1995-02-09,8.46767,8.50575,8.21207,8.32887,8.32887,3740537
1995-02-10,8.36448,8.44459,8.29227,8.41085,8.41085,2668769
1995-02-13,8.41085,8.44459,8.3487,8.44459,8.44459,3267229
1995-02-14,8.42525,8.50575,8.41085,8.49234,8.49234,2532132
1995-02-15,8.52469,8.60459,8.42525,8.42525,8.42525,2933843
1995-02-16,8.42525,8.42525,8.27087,8.42525,8.42525,3418620
1995-02-17,8.38825,8.41085,8.29227,8.29227,8.29227,2434301
1995-02-21,8.30717,8.32887,8.188,8.22657,8.22657,4382722
1995-02-22,8.29227,8.38825,8.27087,8.36448,8.36448,4907403
1995-02-23,8.46767,8.46767,8.3487,8.38825,8.38825,4889367
1995-02-24,8.32887,8.3487,8.16571,8.188,8.188,6137676
1995-02-27,8.13266,8.21207,8.02898,8.0859,8.0859,5538116
1995-02-28,8.07278,8.16571,8.05078,8.16571,8.16571,3698451
1995-03-01,8.01457,8.0859,7.91258,7.95559,7.95559,15712549
1995-03-02,7.933,7.95559,7.67602,7.7138,7.7138,14427079
1995-03-03,7.69101,7.83139,7.65609,7.75898,7.75898,8052760
1995-03-06,7.69101,7.73718,7.65609,7.7138,7.7138,7196326
1995-03-07,7.67602,7.7943,7.63459,7.67602,7.67602,4762024
1995-03-08,7.67602,7.75898,7.65609,7.65609,7.65609,4184328
1995-03-09,7.73718,7.8161,7.7138,7.77259,7.77259,3671126
1995-03-10,7.85309,7.933,7.8161,7.88999,7.88999,5956766
1995-03-13,7.88999,7.91258,7.69101,7.7138,7.7138,5039125
1995-03-14,7.77259,7.88999,7.75898,7.75898,7.75898,5311844
1995-03-15,7.77259,7.91258,7.77259,7.8746,7.8746,4647795
1995-03-16,7.8746,8.13266,7.8746,8.07278,8.07278,5893912
1995-03-17,8.0859,8.21207,8.05078,8.15397,8.15397,5307475
1995-03-20,8.16571,8.16571,8.05078,8.0859,8.0859,2163214
1995-03-21,7.95559,8.07278,7.933,7.96969,7.96969,8868197
1995-03-22,7.95559,7.95559,7.7943,7.85309,7.85309,7948914
1995-03-23,7.83139,7.8746,7.75898,7.83139,7.83139,5548501
1995-03-24,7.8746,8.07278,7.85309,8.07278,8.07278,6802267
1995-03-27,8.07278,8.24916,8.02898,8.24916,8.24916,3471637
1995-03-28,8.29227,8.29227,8.13266,8.21207,8.21207,1947333
1995-03-29,8.54806,8.78384,8.49234,8.52469,8.52469,10075510
1995-03-30,8.64355,9.08423,8.58545,8.92164,8.92164,9266080
1995-03-31,8.78384,8.86226,8.61978,8.78384,8.78384,4672939
1995-04-03,8.78384,8.88446,8.76174,8.86226,8.86226,3518091
1995-04-04,8.88446,8.88446,8.76174,8.88446,8.88446,4650530
1995-04-05,8.89915,8.92164,8.81895,8.81895,8.81895,3764039
1995-04-06,8.88446,8.97985,8.83987,8.86226,8.86226,4928716
1995-04-07,8.88446,8.88446,8.80613,8.83987,8.83987,2600449
1995-04-10,8.70235,8.86226,8.70235,8.86226,8.86226,3200007
1995-04-11,8.86226,8.89915,8.72129,8.72129,8.72129,3791365
1995-04-12,8.83987,8.86226,8.80613,8.83987,8.83987,7325854
1995-04-13,8.86226,8.86226,8.74516,8.78384,8.78384,3597342
1995-04-17,8.89915,9.02425,8.86226,8.92164,8.92164,6451385
1995-04-18,9.09951,9.09951,8.94493,8.95815,8.95815,3968445
1995-04-19,8.97985,9.13887,8.76174,9.11964,9.11964,7448826
1995-04-20,9.13887,9.13887,8.89915,8.92164,8.92164,5276320
1995-04-21,8.95815,9.00244,8.81895,8.86226,8.86226,3251382
1995-04-24,8.89915,8.94493,8.83987,8.86226,8.86226,3374347
1995-04-25,8.89915,9.03756,8.86226,8.95815,8.95815,4466347
1995-04-26,8.97985,9.00244,8.91307,8.95815,8.95815,3573844
1995-04-27,8.97985,9.03756,8.89915,9.02425,9.02425,2551801
1995-04-28,9.06054,9.30036,9.02425,9.30036,9.30036,5195435
1995-05-01,9.22322,9.261,9.08423,9.13887,9.13887,4592598
1995-05-02,9.16146,9.16146,9.02425,9.09951,9.09951,2271428
1995-05-03,9.13887,9.17586,9.08423,9.13887,9.13887,2123320
1995-05-04,9.16146,9.16146,8.94493,8.95815,8.95815,4161372
1995-05-05,8.97985,8.97985,8.78384,8.86226,8.86226,3790818
1995-05-08,8.86226,9.03756,8.81895,9.02425,9.02425,2792830
1995-05-09,9.16146,9.2828,9.06054,9.19993,9.19993,5230959
1995-05-10,9.22322,9.36122,9.13887,9.33371,9.33371,5288890
1995-05-11,9.3775,9.49982,9.33371,9.3775,9.3775,4620468
1995-05-12,9.261,9.998,9.261,9.998,9.998,12532220
1995-05-15,9.87173,10.1539,9.85594,9.89343,9.89343,10880023
1995-05-16,9.91711,9.91711,9.79281,9.89343,9.89343,5042942
1995-05-17,9.87173,10.068,9.83721,9.97635,9.97635,5369782
1995-05-18,9.89343,9.89343,9.64089,9.67444,9.67444,7481071
1995-05-19,9.65372,9.65372,9.3775,9.49982,9.49982,7694227
1995-05-22,9.53633,10.068,9.53633,9.93092,9.93092,5769300
1995-05-23,9.73362,9.8155,9.49982,9.57973,9.57973,13547693
1995-05-24,9.57973,9.69613,9.55704,9.57973,9.57973,5601516
1995-05-25,9.57973,9.57973,9.31308,9.40019,9.40019,3814865
1995-05-26,9.31308,9.36122,9.06054,9.11964,9.11964,5223854
1995-05-30,9.08423,9.31308,9.08423,9.2828,9.2828,4505149
1995-05-31,9.19993,9.57973,9.17586,9.57973,9.57973,3715397
1995-06-01,9.53633,9.67444,9.49982,9.6182,9.6182,4494218
1995-06-02,9.53633,9.64089,9.36122,9.41894,9.41894,8680733
1995-06-05,9.40019,9.64089,9.3775,9.51363,9.51363,2745825
1995-06-06,9.57973,9.64089,9.53633,9.55704,9.55704,2379099
1995-06-07,9.53633,9.75533,9.47911,9.65372,9.65372,6319122
1995-06-08,9.77703,9.93092,9.73362,9.85594,9.85594,5730495
1995-06-09,9.89343,9.89343,9.69613,9.77703,9.77703,3136059
1995-06-12,9.8155,9.89343,9.67444,9.67444,9.67444,4167384
1995-06-13,9.69613,10.0128,9.65372,9.97635,9.97635,3543780
1995-06-14,9.95559,10.068,9.93092,10.0542,10.0542,5625559
1995-06-15,10.0128,10.0326,9.93092,9.998,9.998,2433204
1995-06-16,9.998,10.068,9.95559,9.95559,9.95559,3431738
1995-06-19,10.0128,10.3709,10.0128,10.3373,10.3373,2631058
1995-06-20,10.2515,10.2881,10.1371,10.1943,10.1943,4568003
1995-06-21,9.91711,10.0128,9.89343,9.97635,9.97635,6613163
1995-06-22,9.93092,9.95559,9.85594,9.93092,9.93092,6939445
1995-06-23,9.85594,9.998,9.83721,9.97635,9.97635,4013264
1995-06-26,9.998,10.0326,9.89343,9.89343,9.89343,2971001
1995-06-27,9.93092,10.0326,9.89343,10.0128,10.0128,3044789
1995-06-28,9.97635,9.97635,9.8155,9.91711,9.91711,3291279
1995-06-29,9.87173,9.93092,9.79281,9.89343,9.89343,1657116
1995-06-30,9.93092,10.2515,9.91711,10.2101,10.2101,6090123
1995-07-03,10.2101,10.2308,10.1943,10.2308,10.2308,1176704
1995-07-05,10.2761,10.509,10.2101,10.4863,10.4863,5538116
1995-07-06,10.5326,10.8907,10.4281,10.8691,10.8691,6876598
1995-07-07,10.8316,11.4847,10.8316,11.2844,11.2844,7827036
1995-07-10,11.2616,11.2616,11.1078,11.168,11.168,4723764
1995-07-11,11.1246,11.2616,11.1246,11.168,11.168,2884655
1995-07-12,11.1472,11.3899,11.1246,11.3899,11.3899,2157203
1995-07-13,11.3455,11.5399,11.308,11.5053,11.5053,3383096
1995-07-14,11.4432,11.5625,11.4235,11.5251,11.5251,1885568
1995-07-17,11.4847,11.9591,11.4689,11.749,11.749,4419890
1995-07-18,11.4609,11.5399,11.381,11.4047,11.4047,4032388
1995-07-19,11.021,11.1384,10.6402,11.0447,11.0447,8819558
1995-07-20,11.021,11.021,10.582,10.7803,10.7803,10120872
1995-07-21,10.7803,10.8611,10.6786,10.7803,10.7803,5892820
1995-07-24,10.7596,11.0447,10.7596,11.021,11.021,2954610
1995-07-25,10.9795,11.1838,10.8957,11.162,11.162,3228973
1995-07-26,11.162,11.2212,11.0447,11.162,11.162,2129329
1995-07-27,11.2755,11.3208,11.1996,11.2212,11.2212,1592078
1995-07-28,11.24,11.24,11.0447,11.0575,11.0575,1978483
1995-07-31,11.0447,11.2755,10.9993,11.24,11.24,1974655
1995-08-01,11.1996,11.2212,10.7803,10.8849,10.8849,3382005
1995-08-02,11.021,11.1167,10.7438,10.7438,10.7438,3652544
1995-08-03,10.582,10.8957,10.582,10.8611,10.8611,2780807
1995-08-04,10.9421,10.9421,10.7014,10.724,10.724,1463643
1995-08-07,10.7596,10.7596,10.5632,10.582,10.582,2726152
1995-08-08,10.5632,10.5948,10.3215,10.5632,10.5632,3142622
1995-08-09,10.5632,10.582,10.3039,10.3758,10.3758,4030750
1995-08-10,10.2367,10.3433,10.1598,10.1598,10.1598,6983717
1995-08-11,10.2239,10.2239,9.9388,10.1233,10.1233,3485301
1995-08-14,10.2239,10.5426,10.2239,10.5426,10.5426,3169399
1995-08-15,10.5426,10.5426,10.3433,10.5011,10.5011,2991775
1995-08-16,10.7014,10.8849,10.6402,10.8611,10.8611,5389456
1995-08-17,10.801,11.021,10.7014,10.9795,10.9795,5431538
1995-08-18,10.8611,10.9627,10.801,10.8247,10.8247,8066417
1995-08-21,10.8247,10.8849,10.7803,10.801,10.801,4783336
1995-08-22,10.7803,10.7803,10.582,10.6629,10.6629,4085403
1995-08-23,10.6402,10.6402,10.3758,10.4439,10.4439,6273212
1995-08-24,10.4439,10.4439,10.2032,10.2821,10.2821,5732140
1995-08-25,10.3039,10.4439,10.3039,10.3758,10.3758,2955160
1995-08-28,10.4577,10.5011,10.3215,10.4439,10.4439,2028219
1995-08-29,10.4577,10.7014,10.4577,10.7014,10.7014,2675871
1995-08-30,10.7438,10.801,10.5948,10.6629,10.6629,3256845
1995-08-31,10.7014,10.801,10.6629,10.724,10.724,2034234
1995-09-01,10.6786,10.9193,10.6786,10.9193,10.9193,1524304
1995-09-05,10.8957,10.9795,10.801,10.9421,10.9421,2317887
1995-09-06,10.9193,11.0802,10.9193,11.0802,11.0802,2552899
1995-09-07,11.1167,11.1838,11.0575,11.0802,11.0802,4081580
1995-09-08,11.1009,11.1167,10.9627,11.0447,11.0447,2517919
1995-09-11,11.0802,11.0802,10.8611,10.8849,10.8849,1766968
1995-09-12,10.8395,10.8611,10.7014,10.7596,10.7596,2531042
1995-09-13,10.7014,10.7014,10.6176,10.7014,10.7014,2643076
1995-09-14,10.7014,10.7014,10.364,10.3758,10.3758,5793895
1995-09-15,10.4212,10.5011,10.3758,10.4212,10.4212,5263752
1995-09-18,10.3758,10.4784,10.3758,10.4439,10.4439,2731617
1995-09-19,9.26869,9.56493,9.24452,9.40414,9.40414,26620991
1995-09-20,9.6034,9.6261,9.49982,9.56493,9.56493,12408157
1995-09-21,9.52055,9.54323,9.40414,9.40414,9.40414,6842709
1995-09-22,9.38539,9.49982,9.36122,9.40414,9.40414,3506615
1995-09-25,9.42584,9.46431,9.26869,9.2828,9.2828,2629419
1995-09-26,9.26869,9.38539,9.26869,9.2828,9.2828,4686053
1995-09-27,9.26869,9.26869,8.96456,8.96456,8.96456,6935077
1995-09-28,9.1071,9.18454,9.06054,9.18454,9.18454,6121821
1995-09-29,9.13887,9.2828,9.08423,9.08423,9.08423,4230785
1995-10-02,9.08423,9.1071,8.80613,8.82606,8.82606,6989730
1995-10-03,8.94493,8.94493,8.76825,8.83987,8.83987,5845273
1995-10-04,8.83987,8.83987,8.70235,8.74516,8.74516,7712808
1995-10-05,8.78384,8.88446,8.74516,8.80613,8.80613,6994106
1995-10-06,8.80613,8.82606,8.64355,8.64355,8.64355,3676590
1995-10-09,8.50575,8.52469,8.26229,8.40295,8.40295,6782042
1995-10-10,8.10898,8.56326,8.10898,8.40295,8.40295,7252069
1995-10-11,8.52469,8.54806,8.24916,8.32887,8.32887,4627032
1995-10-12,8.36448,8.56326,8.36448,8.52469,8.52469,4398025
1995-10-13,8.52469,8.92164,8.52469,8.86226,8.86226,7744507
1995-10-16,8.86226,8.94493,8.72129,8.86226,8.86226,4288172
1995-10-17,8.86226,8.92164,8.61978,8.64355,8.64355,5021083
1995-10-18,8.61978,8.61978,8.16571,8.22657,8.22657,10562479
1995-10-19,8.50575,8.50575,8.34298,8.44459,8.44459,6782592
1995-10-20,8.50575,8.60459,8.48375,8.54096,8.54096,5787887
1995-10-23,8.60459,8.60459,8.45869,8.50575,8.50575,3083045
1995-10-24,8.54096,8.80613,8.54096,8.74516,8.74516,4325884
1995-10-25,8.82606,8.83987,8.50575,8.50575,8.50575,3899585
1995-10-26,8.64355,8.70235,8.54096,8.61978,8.61978,3319699
1995-10-27,8.64355,8.80613,8.61978,8.78384,8.78384,4070104
1995-10-30,8.82606,8.94493,8.74516,8.83987,8.83987,4214385
1995-10-31,8.98744,9.16146,8.96456,9.12723,9.12723,5213462
1995-11-01,9.04427,9.24452,9.00244,9.08423,9.08423,4013807
1995-11-02,9.18454,9.24452,9.1071,9.20675,9.20675,3761303
1995-11-03,9.28763,9.30726,8.98744,9.00244,9.00244,6979891
1995-11-06,9.06814,9.24452,9.00244,9.18454,9.18454,3833991
1995-11-07,9.22696,9.22696,9.1071,9.18454,9.18454,2424462
1995-11-08,9.02425,9.04427,8.90853,8.92164,8.92164,4546687
1995-11-09,9.00244,9.18454,8.98744,9.14697,9.14697,3470540
1995-11-10,9.1071,9.16146,9.08423,9.1071,9.1071,2944225
1995-11-13,9.16146,9.16146,8.98744,9.06814,9.06814,2926735
1995-11-14,9.1071,9.16146,9.00244,9.00244,9.00244,1780637
1995-11-15,9.02425,9.06814,8.86226,9.00244,9.00244,3113104
1995-11-16,9.00244,9.00244,8.86226,8.88446,8.88446,3122945
1995-11-17,8.90853,9.00244,8.90853,8.92164,8.92164,3641066
1995-11-20,9.06814,9.16146,8.90853,8.94493,8.94493,3997410
1995-11-21,9.18454,9.61032,9.16146,9.55014,9.55014,8909188
1995-11-22,9.56493,9.66753,9.37,9.61032,9.61032,6144230
1995-11-24,9.58763,9.64483,9.58763,9.61032,9.61032,1571307
1995-11-27,9.66753,9.95559,9.66753,9.87173,9.87173,5428258
1995-11-28,9.93092,9.99105,9.85101,9.99105,9.99105,3497874
1995-11-29,9.99105,10.0326,9.8086,9.96939,9.96939,3592971
1995-11-30,9.93092,9.99105,9.85101,9.87173,9.87173,2612471
1995-12-01,9.87173,9.90922,9.8086,9.8086,9.8086,3015819
1995-12-04,9.96939,9.96939,9.8086,9.88554,9.88554,2424462
1995-12-05,9.88554,10.1539,9.77013,10.0464,10.0464,4129128
1995-12-06,10.1312,10.1312,9.95559,10.0464,10.0464,2419542
1995-12-07,10.0128,10.0128,9.77013,9.77013,9.77013,2217319
1995-12-08,9.79281,9.85101,9.72573,9.79281,9.79281,1855511
1995-12-11,9.77013,9.95559,9.7494,9.93092,9.93092,1719970
1995-12-12,9.88554,9.96939,9.85101,9.85101,9.85101,1978483
1995-12-13,9.79281,9.95559,9.7494,9.93092,9.93092,3933468
1995-12-14,9.96939,10.0937,9.93092,9.96939,9.96939,5449027
1995-12-15,9.96939,9.99105,9.61032,9.64483,9.64483,5317307
1995-12-18,9.61032,9.633,9.28763,9.28763,9.28763,7303993
1995-12-19,9.26869,9.8086,9.20675,9.79281,9.79281,6294527
1995-12-20,9.8086,9.8086,9.64483,9.64483,9.64483,4336815
1995-12-21,9.66753,9.88554,9.66753,9.88554,9.88554,2558913
1995-12-22,9.87173,9.87173,9.68923,9.79281,9.79281,1993244
1995-12-26,9.79281,9.79281,9.52942,9.55014,9.55014,1258137
1995-12-27,9.48502,9.55014,9.47122,9.48502,9.48502,2753482
1995-12-28,9.50772,9.56493,9.34357,9.39427,9.39427,2250663
1995-12-29,9.44754,9.47122,9.39427,9.44754,9.44754,3016915
1996-01-02,9.42584,9.61032,9.37,9.56493,9.56493,6195060
1996-01-03,9.58763,9.85101,9.55014,9.72573,9.72573,6964589
1996-01-04,9.71192,9.72573,9.55014,9.64483,9.64483,5549590
1996-01-05,9.61032,9.85101,9.55014,9.8086,9.8086,3809403
1996-01-08,9.8086,9.82931,9.71192,9.77013,9.77013,1639080
1996-01-09,9.8086,9.85101,9.50772,9.50772,9.50772,3755294
1996-01-10,9.48502,9.7494,9.34357,9.40414,9.40414,5860027
1996-01-11,9.44754,9.56493,9.42584,9.55014,9.55014,3415894
1996-01-12,9.61032,9.61032,9.37,9.40414,9.40414,3255205
1996-01-15,9.32187,9.34357,9.12723,9.14697,9.14697,4676221
1996-01-16,9.14697,9.16146,8.74516,8.92164,8.92164,9812627
1996-01-17,8.90853,8.96456,8.69032,8.72129,8.72129,8354449
1996-01-18,9.13887,9.87173,9.08423,9.58763,9.58763,23656541
1996-01-19,9.48502,9.65372,9.44754,9.55014,9.55014,10105567
1996-01-22,9.55014,10.1943,9.55014,10.1598,10.1598,8961113
1996-01-23,10.0542,10.1144,9.89343,10.1144,10.1144,8982971
1996-01-24,10.0542,10.1144,9.97635,10.0326,10.0326,3483114
1996-01-25,9.998,10.0128,9.77013,9.8155,9.8155,3826345
1996-01-26,9.73362,10.0769,9.73362,10.0769,10.0769,4235701
1996-01-29,10.0937,10.3433,10.0769,10.3215,10.3215,5505324
1996-01-30,10.3995,10.4577,10.2969,10.4212,10.4212,5632667
1996-01-31,10.5011,10.5011,10.217,10.4212,10.4212,8318919
1996-02-01,10.3571,10.4212,10.2614,10.3758,10.3758,2741999
1996-02-02,10.3758,10.3995,10.1371,10.2614,10.2614,3520828
1996-02-05,10.2614,10.2614,9.97635,10.1598,10.1598,5128208
1996-02-06,10.1746,10.2969,10.1598,10.2761,10.2761,4024737
1996-02-07,10.3433,10.4577,10.2969,10.3433,10.3433,3764584
1996-02-08,10.3433,10.5426,10.3215,10.5426,10.5426,4492579
1996-02-09,10.5188,10.6176,10.4212,10.4577,10.4577,5970976
1996-02-12,10.4577,10.9865,10.4577,10.9499,10.9499,7493099
1996-02-13,10.7438,10.9283,10.7014,10.9283,10.9283,6442099
1996-02-14,10.8611,10.9627,10.7645,10.8454,10.8454,3610457
1996-02-15,10.8454,10.9017,10.7438,10.7803,10.7803,5987918
1996-02-16,10.7645,10.8849,10.6176,10.8454,10.8454,5257738
1996-02-20,10.7803,11.0071,10.7438,10.9865,10.9865,4992669
1996-02-21,11.0289,11.2478,11.0289,11.1472,11.1472,6079193
1996-02-22,11.2054,11.3899,11.2054,11.3751,11.3751,5229864
1996-02-23,11.5705,11.6513,11.1916,11.3298,11.3298,5216747
1996-02-26,11.2903,11.3751,11.1916,11.2054,11.2054,4516626
1996-02-27,11.1916,11.308,11.0447,11.2282,11.2282,3054625
1996-02-28,11.2696,11.3298,10.9283,10.9627,10.9627,3883180
1996-02-29,10.7803,10.9865,10.7803,10.801,10.801,4013807
1996-03-01,10.9017,10.9865,10.6028,10.9283,10.9283,3866789
1996-03-04,11.0071,11.1078,10.8611,10.9865,10.9865,4298559
1996-03-05,10.9499,10.9627,10.8247,10.9627,10.9627,4630855
1996-03-06,10.9283,11.0664,10.8611,10.9627,10.9627,4207283
1996-03-07,10.9283,11.0881,10.8247,10.9627,10.9627,4401859
1996-03-08,10.6856,11.0881,10.6629,10.8849,10.8849,5295997
1996-03-11,10.8454,11.308,10.7803,11.308,11.308,4971901
1996-03-12,11.2282,11.4304,10.9017,11.3899,11.3899,6398917
1996-03-13,11.3751,11.4304,11.2054,11.4304,11.4304,3476012
1996-03-14,11.4935,11.5467,11.4304,11.4689,11.4689,4916144
1996-03-15,11.4521,11.7322,11.4521,11.6513,11.6513,5298727
1996-03-18,11.6513,11.9158,11.5961,11.892,11.892,5485100
1996-03-19,11.9158,11.9591,11.6178,11.7155,11.7155,6917039
1996-03-20,11.6513,11.7776,11.3751,11.4689,11.4689,5019993
1996-03-21,11.4304,11.4521,11.308,11.3298,11.3298,2075219
1996-03-22,11.3751,11.3899,11.1472,11.2054,11.2054,2385113
1996-03-25,11.2478,11.2903,11.1078,11.2282,11.2282,3180332
1996-03-26,11.168,11.4116,11.1472,11.308,11.308,2848034
1996-03-27,11.4521,11.4521,11.1472,11.2478,11.2478,1909072
1996-03-28,11.168,11.2054,10.9499,11.0881,11.0881,2427742
1996-03-29,11.0881,11.1078,10.9627,11.0071,11.0071,2508631
1996-04-01,11.0447,11.0447,10.8454,10.9283,10.9283,2503710
1996-04-02,10.9865,10.9865,10.6629,10.7803,10.7803,3836724
1996-04-03,10.801,11.0664,10.7803,11.0447,11.0447,2262142
1996-04-04,11.0881,11.2478,11.0447,11.1078,11.1078,1830369
1996-04-08,10.8454,11.0447,10.8454,10.9499,10.9499,2801579
1996-04-09,10.9283,10.9627,10.7803,10.801,10.801,2572029
1996-04-10,10.801,10.9499,10.724,10.7645,10.7645,2252300
1996-04-11,10.8849,11.1078,10.7645,11.1078,11.1078,4257563
1996-04-12,11.1078,11.4304,11.1078,11.3751,11.3751,4317137
1996-04-15,11.3751,11.6365,11.3524,11.5961,11.5961,3540501
1996-04-16,11.5705,11.5705,11.2696,11.4116,11.4116,5720664
1996-04-17,11.2696,11.3298,10.9017,10.9627,10.9627,4963698
1996-04-18,10.7369,10.8957,10.5188,10.6333,10.6333,6973336
1996-04-19,10.654,10.6786,10.5554,10.578,10.578,10254770
1996-04-22,10.654,10.7014,10.5948,10.654,10.654,3624671
1996-04-23,10.7014,10.7803,10.6333,10.6333,10.6333,3227333
1996-04-24,10.7014,10.7014,10.4281,10.5326,10.5326,2581869
1996-04-25,10.4932,10.8611,10.4281,10.8395,10.8395,3468360
1996-04-26,10.8148,10.8395,10.5554,10.5554,10.5554,3045881
1996-04-29,10.5554,10.5554,10.3511,10.4498,10.4498,2455066
1996-04-30,10.4932,10.5554,10.3709,10.4281,10.4281,2315700
1996-05-01,10.3709,10.6333,10.3511,10.5188,10.5188,4234611
1996-05-02,10.4498,10.7014,10.4143,10.5188,10.5188,5898289
1996-05-03,10.5554,10.5948,10.3127,10.3709,10.3709,4822143
1996-05-06,10.3709,10.3926,10.2447,10.3926,10.3926,3533399
1996-05-07,10.3709,10.3926,10.2447,10.2673,10.2673,4895928
1996-05-08,10.1874,10.3127,10.0848,10.2447,10.2447,3342106
1996-05-09,10.2308,10.4143,10.2101,10.3127,10.3127,3277069
1996-05-10,10.4281,10.4281,10.3373,10.3511,10.3511,2233173
1996-05-13,10.3709,10.4498,10.3373,10.4281,10.4281,2505353
1996-05-14,10.5326,10.6786,10.5188,10.6106,10.6106,5997757
1996-05-15,10.7014,10.9193,10.7014,10.8611,10.8611,4636865
1996-05-16,10.8395,11.2478,10.8148,11.1838,11.1838,5174116
1996-05-17,11.2054,11.2844,11.1838,11.2054,11.2054,3897393
1996-05-20,11.2054,11.2616,11.021,11.0447,11.0447,3318609
1996-05-21,11.1009,11.2054,11.0802,11.1472,11.1472,3976094
1996-05-22,11.0802,11.2844,11.0447,11.2616,11.2616,3502243
1996-05-23,11.2844,11.3298,10.9993,10.9993,10.9993,4197446
1996-05-24,10.9865,11.1246,10.9627,11.1246,11.1246,4107270
1996-05-28,11.0447,11.1246,10.9993,11.021,11.021,2993412
1996-05-29,11.021,11.0802,11.021,11.0664,11.0664,2062647
1996-05-30,10.9193,10.9421,10.7369,10.801,10.801,7465221
1996-05-31,10.654,10.7014,10.6106,10.6786,10.6786,4279426
1996-06-03,10.6333,10.654,10.4498,10.4725,10.4725,3818696
1996-06-04,10.4932,10.7369,10.4932,10.7014,10.7014,4829795
1996-06-05,10.7014,10.7803,10.6106,10.7596,10.7596,2322802
1996-06-06,10.7172,10.7803,10.5554,10.5554,10.5554,2789551
1996-06-07,10.4281,10.7369,10.4281,10.6786,10.6786,3300026
1996-06-10,10.7172,10.8395,10.5554,10.578,10.578,2152824
1996-06-11,10.5948,10.8148,10.5948,10.7369,10.7369,1838026
1996-06-12,10.7369,10.8849,10.5188,10.5326,10.5326,2376911
1996-06-13,10.5326,10.6333,10.4498,10.5188,10.5188,2376911
1996-06-14,10.6333,10.7369,10.6106,10.6106,10.6106,2685163
1996-06-17,10.654,10.7172,10.578,10.6333,10.6333,1910715
1996-06-18,10.7172,10.9627,10.654,10.6786,10.6786,3186887
1996-06-19,10.6333,10.8611,10.6333,10.7369,10.7369,3940022
1996-06-20,10.7369,11.0664,10.7369,10.9193,10.9193,3429554
1996-06-21,10.9421,11.2282,10.9421,11.1838,11.1838,5204175
1996-06-24,11.168,11.3524,11.168,11.2616,11.2616,2984667
1996-06-25,11.2282,11.2616,11.0447,11.1009,11.1009,3204380
1996-06-26,11.0664,11.1472,10.8611,10.8957,10.8957,3189623
1996-06-27,10.9193,11.021,10.8957,10.9421,10.9421,6374325
1996-06-28,10.9993,11.0447,10.8148,11.021,11.021,4417156
1996-07-01,11.0802,11.4304,10.8849,11.3899,11.3899,4931452
1996-07-02,11.3899,11.3899,11.2054,11.3672,11.3672,2662756
1996-07-03,11.3672,11.5319,11.3298,11.4116,11.4116,2404243
1996-07-05,11.3899,11.4116,11.021,11.1246,11.1246,2379647
1996-07-08,11.168,11.3524,11.1472,11.2616,11.2616,3269416
1996-07-09,11.4689,11.4689,11.3298,11.3672,11.3672,2721778
1996-07-10,11.4116,11.4304,11.1246,11.2616,11.2616,4054799
1996-07-11,11.2844,11.3524,11.0802,11.1838,11.1838,3523557
1996-07-12,11.1472,11.168,10.8148,10.9193,10.9193,3224054
1996-07-15,10.9193,10.9193,10.3709,10.3709,10.3709,4837996
1996-07-16,10.6106,10.9193,10.2101,10.801,10.801,10281561
1996-07-17,10.7172,10.801,10.5948,10.7014,10.7014,8161518
1996-07-18,10.724,11.0516,10.7014,11.0516,11.0516,7461393
1996-07-19,11.0516,11.0881,10.8691,10.9727,10.9727,5122742
1996-07-22,10.9283,10.9283,10.7438,10.7438,10.7438,6277039
1996-07-23,10.724,10.7803,10.5632,10.5948,10.5948,4891008
1996-07-24,10.3127,10.724,10.2881,10.7014,10.7014,5936544
1996-07-25,10.7438,10.801,10.3571,10.4932,10.4932,2862241
1996-07-26,10.5948,10.9017,10.5426,10.8454,10.8454,2314609
1996-07-29,10.724,10.7645,10.6402,10.6402,10.6402,2255581
1996-07-30,10.6786,10.7014,10.5188,10.5632,10.5632,2524476
1996-07-31,10.5948,10.8691,10.5948,10.7803,10.7803,3029485
1996-08-01,10.7803,11.0664,10.7645,11.0071,11.0071,3407696
1996-08-02,11.0071,11.1315,11.0071,11.1315,11.1315,3035497
1996-08-05,11.235,11.2696,11.1315,11.2696,11.2696,1875189
1996-08-06,11.2124,11.315,11.1562,11.315,11.315,3471090
1996-08-07,11.3376,11.4166,11.2903,11.3958,11.3958,3897393
1996-08-08,11.2538,11.4767,11.2538,11.4373,11.4373,4107812
1996-08-09,11.4373,11.4373,11.3751,11.4373,11.4373,2053906
1996-08-12,11.4373,11.6227,11.4166,11.6227,11.6227,3978285
1996-08-13,11.6227,11.6227,11.4767,11.4985,11.4985,2642537
1996-08-14,11.5181,11.5181,11.4166,11.4373,11.4373,1624870
1996-08-15,11.4373,11.4609,11.315,11.3958,11.3958,2108560
1996-08-16,11.4166,11.4373,11.3751,11.4166,11.4166,2340295
1996-08-19,11.4166,11.5625,11.3958,11.5181,11.5181,3165026
1996-08-20,11.5783,11.678,11.4985,11.678,11.678,2967179
1996-08-21,11.7253,11.7697,11.604,11.678,11.678,3443220
1996-08-22,11.7253,11.8052,11.7253,11.7697,11.7697,3640517
1996-08-23,11.7836,11.7836,11.604,11.6661,11.6661,1484406
1996-08-26,11.678,11.678,11.5399,11.6661,11.6661,1710682
1996-08-27,11.7007,11.7007,11.5625,11.6227,11.6227,1828731
1996-08-28,11.6425,11.6425,11.4373,11.4767,11.4767,2465454
1996-08-29,11.4609,11.4609,11.315,11.3603,11.3603,1960445
1996-08-30,11.3603,11.3603,11.235,11.2696,11.2696,1182720
1996-09-03,11.1916,11.3958,11.0516,11.3603,11.3603,2986310
1996-09-04,11.3376,11.6425,11.3376,11.6227,11.6227,3180878
1996-09-05,11.5783,11.6661,11.4373,11.4985,11.4985,2733258
1996-09-06,11.4985,11.8476,11.4609,11.749,11.749,2807591
1996-09-09,11.8704,12.0509,11.8052,12.0341,12.0341,3446495
1996-09-10,12.0686,12.0686,11.829,11.8704,11.8704,2895580
1996-09-11,11.8704,11.9868,11.8052,11.8052,11.8052,2162669
1996-09-12,11.8842,11.9868,11.7253,11.7697,11.7697,2052816
1996-09-13,11.8476,12.1347,11.8476,12.1347,12.1347,3460704
1996-09-16,12.2195,12.2738,12.1347,12.2195,12.2195,2864970
1996-09-17,12.2195,12.2738,11.9522,12.0341,12.0341,2666580
1996-09-18,11.9868,12.115,11.9315,11.9739,11.9739,2366529
1996-09-19,11.9868,12.1959,11.8704,12.1959,12.1959,2570387
1996-09-20,12.3153,12.3764,12.2738,12.2955,12.2955,3642709
1996-09-23,12.2571,12.2955,12.1959,12.2738,12.2738,2212404
1996-09-24,12.2738,12.4198,12.2195,12.3399,12.3399,2723416
1996-09-25,12.3399,12.3399,12.2195,12.2353,12.2353,2019470
1996-09-26,12.2353,12.2353,12.0903,12.1535,12.1535,3219679
1996-09-27,12.1535,12.1959,12.0509,12.115,12.115,2687894
1996-09-30,12.0903,12.3606,12.0903,12.3399,12.3399,3326803
1996-10-01,12.3153,12.3153,12.0686,12.0686,12.0686,2397680
1996-10-02,12.115,12.2195,12.0903,12.1347,12.1347,2408612
1996-10-03,12.115,12.1683,12.0104,12.0903,12.0903,1902511
1996-10-04,12.0903,12.0903,11.8842,12.0341,12.0341,4691522
1996-10-07,12.0104,12.0104,11.829,11.9315,11.9315,2953512
1996-10-08,11.8842,11.9522,11.8052,11.829,11.829,3088512
1996-10-09,11.7836,11.8052,11.678,11.7697,11.7697,3198907
1996-10-10,11.7253,11.8476,11.6928,11.7836,11.7836,3912694
1996-10-11,11.8476,12.0686,11.829,11.9868,11.9868,3816505
1996-10-14,11.9868,12.2353,11.9868,12.1347,12.1347,3046972
1996-10-15,12.3981,12.6812,12.2571,12.479,12.479,6824676
1996-10-16,12.4642,12.479,12.1347,12.2353,12.2353,5767663
1996-10-17,12.1781,12.3241,12.1347,12.2353,12.2353,3098350
1996-10-18,12.1535,12.2353,12.1535,12.2027,12.2027,3977187
1996-10-21,12.1781,12.3014,12.1347,12.1781,12.1781,2532132
1996-10-22,12.1781,12.1781,11.9966,12.0341,12.0341,1742376
1996-10-23,11.8476,11.9966,11.7904,11.8476,11.8476,8135829
1996-10-24,11.8704,11.8704,11.749,11.7904,11.7904,8509121
1996-10-25,11.7697,11.8704,11.5783,11.5783,11.5783,2669860
1996-10-28,11.5181,11.5783,11.3958,11.3958,11.3958,4577838
1996-10-29,11.5181,11.5783,11.3603,11.3958,11.3958,5423338
1996-10-30,11.4373,11.5625,11.2696,11.315,11.315,5605340
1996-10-31,11.3603,11.3958,11.235,11.2903,11.2903,7252615
1996-11-01,11.3376,11.5399,11.3376,11.4373,11.4373,5917960
1996-11-04,11.4985,11.749,11.4767,11.6661,11.6661,5954578
1996-11-05,11.7253,11.8052,11.7007,11.7697,11.7697,5698256
1996-11-06,11.8052,11.9739,11.749,11.9315,11.9315,4960420
1996-11-07,11.892,12.1209,11.8052,12.0982,12.0982,5454492
1996-11-08,12.0755,12.0982,11.892,12.0982,12.0982,2510272
1996-11-11,12.0509,12.0982,12.0341,12.0509,12.0509,1199661
1996-11-12,12.1347,12.1347,11.9068,12.1347,12.1347,3554169
1996-11-13,12.1347,12.4268,12.1209,12.403,12.403,5054970
1996-11-14,12.4268,12.4268,12.2571,12.3014,12.3014,4135139
1996-11-15,12.3606,12.3853,12.0104,12.0982,12.0982,4869146
1996-11-18,12.1781,12.2353,12.0341,12.1209,12.1209,5830517
1996-11-19,12.1781,12.2353,12.1347,12.1781,12.1781,2127690
1996-11-20,12.5875,12.9821,12.5678,12.9614,12.9614,7669086
1996-11-21,12.8795,12.8963,12.6655,12.7572,12.7572,7364660
1996-11-22,12.918,13.3264,12.918,13.1676,13.1676,4935274
1996-11-25,13.0856,13.1883,12.918,13.1883,13.1883,3463984
1996-11-26,13.1448,13.2258,12.8163,12.8588,12.8588,4451041
1996-11-27,12.8963,13.1192,12.8795,13.1014,13.1014,3175410
1996-11-29,13.1192,13.1448,13.0186,13.0186,13.0186,1121505
1996-12-02,12.9821,13.1014,12.8163,12.9999,12.9999,2630509
1996-12-03,12.9614,13.066,12.7572,12.7572,12.7572,3306583
1996-12-04,12.7691,12.8588,12.6536,12.6655,12.6655,3497874
1996-12-05,12.5678,12.7917,12.5678,12.7917,12.7917,3546515
1996-12-06,12.5076,12.8163,12.5076,12.6655,12.6655,3905592
1996-12-09,12.6655,12.7917,12.6655,12.7572,12.7572,1709040
1996-12-10,12.7917,13.066,12.7572,12.9614,12.9614,2670405
1996-12-11,12.5076,12.8588,12.5076,12.6655,12.6655,5059346
1996-12-12,12.6536,12.7572,12.5875,12.5875,12.5875,2898317
1996-12-13,12.5274,12.6891,12.4642,12.5274,12.5274,3309314
1996-12-16,12.4642,12.6536,12.3014,12.3014,12.3014,2651277
1996-12-17,12.2807,12.2807,12.0982,12.1535,12.1535,4822143
1996-12-18,12.1535,12.3606,12.1347,12.2245,12.2245,3218590
1996-12-19,12.2807,12.552,12.2807,12.3399,12.3399,4353210
1996-12-20,12.4268,12.5274,12.3606,12.4268,12.4268,6569986
1996-12-23,12.4268,12.6891,12.4268,12.6359,12.6359,2965535
1996-12-24,12.6536,12.6536,12.552,12.5678,12.5678,873377
1996-12-26,12.5678,12.7128,12.5678,12.6359,12.6359,2253394
1996-12-27,12.5875,12.6655,12.5678,12.6359,12.6359,2608098
1996-12-30,12.5875,12.6536,12.4868,12.5076,12.5076,2140806
1996-12-31,12.3853,12.5875,12.3606,12.3853,12.3853,2227710
1997-01-02,12.1347,12.2027,11.9315,12.0104,12.0104,6800082
1997-01-03,12.0982,12.3853,12.0982,12.3014,12.3014,4922710
1997-01-06,12.3014,12.5678,12.2571,12.3606,12.3606,3548152
1997-01-07,12.3241,12.403,12.1781,12.403,12.403,2707569
1997-01-08,12.4868,12.6359,12.3606,12.3606,12.3606,3116927
1997-01-09,12.403,12.7128,12.3399,12.5274,12.5274,3900674
1997-01-10,12.3241,12.8371,12.3014,12.8371,12.8371,3839460
1997-01-13,13.0856,13.1014,12.9377,13.066,13.066,4047146
1997-01-14,13.1014,13.1192,12.8795,12.8795,12.8795,2861148
1997-01-15,12.8371,12.8588,12.7572,12.7572,12.7572,1745106
1997-01-16,12.7572,12.8588,12.698,12.8588,12.8588,2110748
1997-01-17,12.8253,13.0246,12.7769,13.0246,13.0246,3128956
1997-01-20,13.0058,13.0512,12.9279,12.9821,12.9821,2993960
1997-01-21,12.5954,12.8253,12.5727,12.6359,12.6359,10995888
1997-01-22,12.7197,12.8015,12.5274,12.552,12.552,7344982
1997-01-23,12.6359,12.7365,12.4504,12.4721,12.4721,7021429
1997-01-24,12.4928,12.5274,12.3478,12.4504,12.4504,7823208
1997-01-27,12.4504,12.5954,12.4268,12.552,12.552,6620812
1997-01-28,12.698,12.7572,12.4721,12.5274,12.5274,3074304
1997-01-29,12.5274,12.6102,12.4928,12.5727,12.5727,6159532
1997-01-30,12.6536,12.8015,12.5954,12.7769,12.7769,4696440
1997-01-31,12.8253,12.9279,12.8015,12.844,12.844,3406053
1997-02-03,12.8015,12.8253,12.6102,12.6733,12.6733,2385113
1997-02-04,12.6359,12.8795,12.6359,12.8253,12.8253,2865521
1997-02-05,12.9279,13.0058,12.8253,12.844,12.844,3640517
1997-02-06,12.844,12.9042,12.7769,12.8588,12.8588,2722877
1997-02-07,12.9279,13.1508,12.9042,13.1508,13.1508,2393858
1997-02-10,13.1074,13.283,13.0728,13.0856,13.0856,3306583
1997-02-11,13.1074,13.1282,12.9456,13.0856,13.0856,2153929
1997-02-12,13.0512,13.1508,12.9821,13.1508,13.1508,2535958
1997-02-13,13.1744,13.79,13.1074,13.7516,13.7516,5541945
1997-02-14,13.6292,13.7516,13.1962,13.1962,13.1962,4447220
1997-02-18,13.1508,13.21,13.0058,13.21,13.21,4571284
1997-02-19,13.21,13.502,13.1508,13.2948,13.2948,2748564
1997-02-20,13.21,13.2554,13.0246,13.0246,13.0246,3473278
1997-02-21,13.0512,13.1962,13.0512,13.1744,13.1744,2427190
1997-02-24,13.1282,13.3797,13.0856,13.3797,13.3797,3529568
1997-02-25,13.3797,13.4211,13.2554,13.3589,13.3589,1679528
1997-02-26,13.3353,13.4605,13.1508,13.3353,13.3353,2768783
1997-02-27,13.21,13.2948,13.1508,13.1744,13.1744,2269243
1997-02-28,13.0856,13.1508,12.9456,12.9456,12.9456,2255581
1997-03-03,12.9279,13.0512,12.8588,13.0246,13.0246,2196009
1997-03-04,13.1508,13.1744,12.9042,12.9279,12.9279,2141354
1997-03-05,12.9821,13.2337,12.9614,13.21,13.21,1935307
1997-03-06,13.2554,13.3589,13.1744,13.2948,13.2948,4760381
1997-03-07,13.3185,13.5247,13.2948,13.4833,13.4833,1752761
1997-03-10,13.4369,13.502,13.2761,13.502,13.502,2296569
1997-03-11,13.4833,13.4833,13.2761,13.2761,13.2761,1920548
1997-03-12,13.2337,13.4211,13.21,13.3353,13.3353,2005810
1997-03-13,13.3185,13.3185,13.0856,13.1962,13.1962,3181966
1997-03-14,13.21,13.4369,13.21,13.4211,13.4211,1905249
1997-03-17,13.4211,13.4605,13.3185,13.3185,13.3185,2893943
1997-03-18,13.2761,13.3797,13.1962,13.2554,13.2554,2721233
1997-03-19,13.21,13.3353,13.1962,13.3353,13.3353,1756584
1997-03-20,13.3353,13.3797,13.1744,13.3353,13.3353,2074678
1997-03-21,13.3984,13.4369,13.3353,13.4211,13.4211,2020569
1997-03-24,13.3589,13.8532,13.3353,13.79,13.79,2587874
1997-03-25,13.79,13.79,13.5454,13.6134,13.6134,3250837
1997-03-26,13.6046,13.6292,13.3797,13.3984,13.3984,4172304
1997-03-27,13.4211,13.502,13.21,13.2554,13.2554,2428288
1997-03-31,13.2337,13.3797,13.1282,13.2761,13.2761,2867162
1997-04-01,13.2337,13.2761,13.0246,13.0728,13.0728,3028391
1997-04-02,13.0058,13.2337,12.9456,12.9614,12.9614,2781901
1997-04-03,12.9279,12.9821,12.7769,12.7769,12.7769,3723047
1997-04-04,12.7572,13.1508,12.6359,13.0856,13.0856,2576955
1997-04-07,13.1282,13.1282,12.9614,13.0246,13.0246,1378922
1997-04-08,12.9614,12.9614,12.844,12.8795,12.8795,2551260
1997-04-09,12.9279,13.0246,12.9042,12.9456,12.9456,2292201
1997-04-10,12.9456,12.9456,12.8015,12.8588,12.8588,2358331
1997-04-11,12.7572,12.844,12.698,12.7197,12.7197,1680077
1997-04-14,12.6733,13.21,12.6536,13.1282,13.1282,1742376
1997-04-15,13.3185,13.7516,13.2761,13.7278,13.7278,6158439
1997-04-16,13.7278,14.1619,13.652,14.0041,14.0041,6174285
1997-04-17,13.9795,14.2359,13.941,14.2359,14.2359,3435561
1997-04-18,14.2488,14.2685,13.9173,13.9795,13.9795,2026033
1997-04-21,14.0041,14.1471,13.8976,14.0041,14.0041,2275251
1997-04-22,13.9795,14.522,13.9173,14.4608,14.4608,2776435
1997-04-23,14.4608,14.9156,14.4214,14.813,14.813,3762944
1997-04-24,15.0646,15.0646,14.4835,14.4983,14.4983,4766946
1997-04-25,14.4608,14.6887,14.3582,14.4835,14.4835,2219506
1997-04-28,14.4835,14.7341,14.4608,14.6661,14.6661,1607383
1997-04-29,14.8772,14.8772,14.5615,14.6088,14.6088,2719596
1997-04-30,14.6463,15.106,14.6246,14.7913,14.7913,3443764
1997-05-01,14.7913,15.0833,14.7558,15.0833,15.0833,2617941
1997-05-02,15.1287,15.5598,14.959,15.5204,15.5204,3630134
1997-05-05,15.5598,15.909,15.4355,15.8961,15.8961,3802845
1997-05-06,15.8527,15.9317,15.6268,15.6831,15.6831,3975002
1997-05-07,15.4996,15.6486,15.3546,15.3546,15.3546,3015272
1997-05-08,15.398,15.8301,15.3773,15.6634,15.6634,3331175
1997-05-09,15.8775,16.1024,15.7522,16.058,16.058,3366152
1997-05-12,16.058,16.058,15.6634,16.0027,16.0027,5929438
1997-05-13,15.9781,16.27,15.8961,16.1458,16.1458,6460675
1997-05-14,16.1842,16.4969,15.909,15.9317,15.9317,4270680
1997-05-15,15.9317,16.3697,15.8961,16.3539,16.3539,3476012
1997-05-16,16.3292,16.5739,16.204,16.3697,16.3697,5034752
1997-05-19,16.3292,16.3697,16.0205,16.2918,16.2918,2810867
1997-05-20,16.1221,16.204,15.909,16.1221,16.1221,4050973
1997-05-21,16.0797,16.5531,16.058,16.0797,16.0797,4349384
1997-05-22,16.1684,16.3697,16.1684,16.204,16.204,3860775
1997-05-23,16.1842,16.2918,16.0402,16.204,16.204,1930934
1997-05-27,16.0797,16.3539,16.0797,16.2218,16.2218,4170118
1997-05-28,16.1221,16.3086,16.0797,16.27,16.27,2539786
1997-05-29,16.1221,16.3539,16.1221,16.2454,16.2454,3577123
1997-05-30,16.0797,16.3086,16.0797,16.2218,16.2218,2556726
1997-06-02,16.204,16.4299,16.1221,16.2454,16.2454,3320244
1997-06-03,16.204,16.4743,16.1221,16.1458,16.1458,1997067
1997-06-04,16.1221,16.3539,16.0797,16.3086,16.3086,4222586
1997-06-05,16.3539,16.6005,16.2918,16.5197,16.5197,6242607
1997-06-06,16.5197,16.9704,16.4743,16.641,16.641,5668736
1997-06-09,16.6005,16.9369,16.6005,16.9369,16.9369,3461802
1997-06-10,16.9517,17.4134,16.9369,17.222,17.222,4771862
1997-06-11,17.222,17.3887,17.0622,17.2003,17.2003,5271946
1997-06-12,17.3305,17.6176,17.2861,17.5821,17.5821,4981731
1997-06-13,17.6176,18.1799,17.5939,18.0772,18.0772,5028738
1997-06-16,18.0122,18.0772,17.9076,17.9323,17.9323,4057532
1997-06-17,17.953,18.0122,17.8287,17.9323,17.9323,2506989
1997-06-18,17.9323,17.9323,17.8061,17.9076,17.9076,2054997
1997-06-19,17.9076,18.031,17.8287,17.8849,17.8849,3223509
1997-06-20,17.8504,17.953,17.8061,17.8061,17.8061,3361234
1997-06-23,17.7863,17.9076,17.511,17.511,17.511,2423371
1997-06-24,17.6807,18.0546,17.5663,18.0122,18.0122,3703370
1997-06-25,17.9323,18.098,17.7182,17.8061,17.8061,3034947
1997-06-26,17.7399,17.9076,17.4548,17.5574,17.5574,2500433
1997-06-27,17.5574,18.1059,17.5574,17.953,17.953,2621763
1997-06-30,17.9747,18.0122,17.5663,17.8504,17.8504,4294186
1997-07-01,17.7635,17.8662,17.4548,17.4904,17.4904,4031843
1997-07-02,17.4548,17.9076,17.365,17.8287,17.8287,3905049
1997-07-03,17.9905,18.1868,17.9905,18.1306,18.1306,1792111
1997-07-07,18.1306,18.2223,17.9905,17.9905,17.9905,3432834
1997-07-08,18.025,18.5074,17.9905,18.4511,18.4511,5283426
1997-07-09,18.4363,18.6554,18.3239,18.3989,18.3989,6656337
1997-07-10,18.3604,18.7481,18.3239,18.7481,18.7481,5446294
1997-07-11,18.8813,19.1989,18.7954,19.0943,19.0943,5384534
1997-07-14,19.0075,19.0499,18.5745,18.6554,18.6554,3540230
1997-07-15,18.6554,18.6554,18.2608,18.4511,18.4511,3412063
1997-07-16,18.5745,18.904,18.4739,18.8468,18.8468,3763759
1997-07-17,18.9927,19.0283,18.7008,18.7214,18.7214,3348664
1997-07-18,18.4275,18.5991,18.1374,18.1572,18.1572,4178589
1997-07-21,18.2835,19.0499,18.1947,18.9473,18.9473,4548322
1997-07-22,19.0283,19.1772,18.2371,18.755,18.755,5236423
1997-07-23,19.1605,19.1772,18.4057,18.5991,18.5991,4622111
1997-07-24,18.5991,18.6327,18.2164,18.3604,18.3604,4155908
1997-07-25,18.824,19.0737,18.7214,18.9701,18.9701,4273415
1997-07-28,18.8694,19.346,18.8694,19.2196,19.2196,5092954
1997-07-29,19.4318,19.9742,19.2838,19.9516,19.9516,4485201
1997-07-30,19.9516,20.0068,19.7247,19.8628,19.8628,2180433
1997-07-31,19.849,19.8628,18.7008,18.7008,18.7008,4540399
1997-08-01,19.1368,19.8244,19.1161,19.6793,19.6793,5199257
1997-08-04,19.6359,19.6793,19.1772,19.6557,19.6557,3373533
1997-08-05,19.7021,19.7021,19.408,19.5353,19.5353,2553725
1997-08-06,19.6172,19.8628,19.3232,19.5353,19.5353,3027572
1997-08-07,20.4478,20.5721,20.2002,20.2643,20.2643,3771418
1997-08-08,19.7021,20.0562,19.3666,19.489,19.489,4681956
1997-08-11,19.7819,19.929,19.5107,19.7819,19.7819,2752114
1997-08-12,19.6359,19.8244,19.4318,19.5551,19.5551,2880825
1997-08-13,19.7247,19.8855,19.489,19.8036,19.8036,3747644
1997-08-14,19.8628,19.9742,19.4682,19.849,19.849,3107366
1997-08-15,19.6172,19.7021,19.3864,19.3864,19.3864,2599080
1997-08-18,19.346,19.5107,19.1605,19.489,19.489,3340743
1997-08-19,19.5107,19.8855,19.5107,19.8855,19.8855,2865521
1997-08-20,19.8855,20.3452,19.6359,20.3452,20.3452,3362059
1997-08-21,20.1755,20.4705,19.8628,20.0739,20.0739,2881366
1997-08-22,19.7247,19.9072,19.2394,19.7819,19.7819,3431192
1997-08-25,19.8628,20.1203,19.7819,19.9516,19.9516,1859338
1997-08-26,19.7021,20.0068,19.4446,19.5767,19.5767,1975205
1997-08-27,19.5767,20.142,19.489,20.0562,20.0562,2889569
1997-08-28,19.996,20.0068,19.2838,19.2966,19.2966,3805032
1997-08-29,19.2966,19.6172,19.0737,19.3864,19.3864,3593516
1997-09-02,19.346,19.8244,19.2966,19.5107,19.5107,3068291
1997-09-03,19.5915,20.0068,19.5767,19.9742,19.9742,2952696
1997-09-04,18.8813,19.2838,18.7008,18.824,18.824,9070143
1997-09-05,19.0155,19.1368,18.7214,18.9927,18.9927,4650258
1997-09-08,18.9473,19.0499,18.7796,18.824,18.824,2123589
1997-09-09,18.7008,18.7214,18.4057,18.4659,18.4659,3376539
1997-09-10,18.4275,18.4275,17.7793,17.8425,17.8425,5351471
1997-09-11,17.6955,18.0477,17.6955,17.9017,17.9017,3977461
1997-09-12,18.0122,18.1128,17.8199,18.031,18.031,2563010
1997-09-15,18.031,18.0714,17.7567,17.8662,17.8662,2839562
1997-09-16,18.031,18.755,18.031,18.5991,18.5991,3526841
1997-09-17,18.5074,18.612,18.0714,18.4659,18.4659,3085231
1997-09-18,18.7008,19.0499,18.679,18.8813,18.8813,3390474
1997-09-19,18.5538,18.7214,18.5074,18.6327,18.6327,3019649
1997-09-22,18.5538,18.9473,18.5291,18.8813,18.8813,2622580
1997-09-23,18.904,18.904,18.4057,18.5291,18.5291,2053361
1997-09-24,18.5538,18.7008,18.0477,18.0911,18.0911,3205195
1997-09-25,18.3407,18.4057,17.8849,17.8849,17.8849,2905965
1997-09-26,18.0714,18.1947,17.9461,18.0477,18.0477,2970183
1997-09-29,17.9678,18.1799,17.8849,18.0477,18.0477,2159117
1997-09-30,18.0477,18.2608,17.9905,18.0122,18.0122,2076863
1997-10-01,18.031,18.7008,18.031,18.5291,18.5291,3387744
1997-10-02,18.4511,18.5074,18.1128,18.3407,18.3407,1989135
1997-10-03,18.7412,18.7796,18.0911,18.4057,18.4057,2403147
1997-10-06,18.679,19.1605,18.5745,19.1161,19.1161,2998876
1997-10-07,19.1161,19.346,18.9227,19.2966,19.2966,2418176
1997-10-08,19.2966,19.3232,19.0155,19.1989,19.1989,1517201
1997-10-09,18.7008,19.5107,18.6554,19.489,19.489,2293018
1997-10-10,19.3232,19.5915,19.2196,19.5767,19.5767,1944324
1997-10-13,19.8244,19.996,19.6172,19.9742,19.9742,2070303
1997-10-14,20.0739,20.3245,19.9072,20.2791,20.2791,5251722
1997-10-15,20.2002,20.2002,19.7247,20.0296,20.0296,5890907
1997-10-16,20.1558,20.433,19.6172,19.8628,19.8628,4417156
1997-10-17,19.5915,19.7602,19.3666,19.5699,19.5699,2148733
1997-10-20,19.489,19.8244,19.3232,19.7178,19.7178,1754129
1997-10-21,19.6359,19.8244,19.6359,19.7819,19.7819,1344221
1997-10-22,19.849,20.2643,19.7819,20.1558,20.1558,3883459
1997-10-23,19.5353,20.0562,19.489,19.8244,19.8244,4261937
1997-10-24,19.8244,20.1558,19.3864,19.4228,19.4228,4560894
1997-10-27,19.1525,19.3232,17.6896,17.7034,17.7034,6279501
1997-10-28,16.7643,18.4443,16.6814,18.1868,18.1868,10607022
1997-10-29,18.1641,18.1641,17.6245,17.7735,17.7735,5362401
1997-10-30,17.4766,17.8504,17.4134,17.4766,17.4766,4547775
1997-10-31,17.6679,17.6679,17.0622,17.1845,17.1845,3748190
1997-11-03,17.4766,17.7497,17.3739,17.52,17.52,3705282
1997-11-04,17.7497,17.8928,17.3976,17.4766,17.4766,2838741
1997-11-05,17.6896,18.4443,17.5821,17.8347,17.8347,3396764
1997-11-06,17.7735,17.7903,17.3976,17.4332,17.4332,4028839
1997-11-07,17.1845,17.1845,16.7643,17.0819,17.0819,5871231
1997-11-10,17.3098,17.3522,16.7643,16.8264,16.8264,3586958
1997-11-11,16.5137,16.5137,15.6574,16.1606,16.1606,13554798
1997-11-12,15.7788,15.9257,14.813,15.0044,15.0044,14351104
1997-11-13,15.2549,15.3832,14.7558,15.1918,15.1918,11837836
1997-11-14,15.1918,15.7127,14.9226,15.4039,15.4039,9274283
1997-11-17,15.5894,15.9257,15.5686,15.8005,15.8005,8085820
1997-11-18,16.0491,16.0491,15.5519,15.6338,15.6338,6123735
1997-11-19,15.5894,15.7127,15.3151,15.6338,15.6338,5093223
1997-11-20,15.7788,15.8853,15.6762,15.6762,15.6762,5575826
1997-11-21,15.6762,16.1378,15.5894,15.9939,15.9939,6187677
1997-11-24,16.0244,16.1606,15.7788,15.8853,15.8853,6014424
1997-11-25,16.0935,16.196,15.7374,15.9455,15.9455,5676665
1997-11-26,16.0935,16.0935,15.8617,15.8617,15.8617,2839013
1997-11-28,15.8617,16.2612,15.8617,16.0718,16.0718,2088884
1997-12-01,16.196,16.6005,16.1142,16.4901,16.4901,4266313
1997-12-02,16.6005,17.2447,16.5531,17.0819,17.0819,6260097
1997-12-03,17.0622,17.0622,16.4299,16.8452,16.8452,3768404
1997-12-04,17.1845,17.3522,16.8935,17.0158,17.0158,4179136
1997-12-05,16.7446,17.3739,16.6341,17.3522,17.3522,5330154
1997-12-08,17.7735,17.7735,17.2861,17.3305,17.3305,3861598
1997-12-09,17.2447,17.2447,16.7031,16.9517,16.9517,4316045
1997-12-10,16.8452,16.9517,16.5345,16.7446,16.7446,5510240
1997-12-11,16.4299,16.9142,16.3086,16.7446,16.7446,3289634
1997-12-12,16.9369,17.3522,16.9369,17.0158,17.0158,4955778
1997-12-15,16.9704,17.1609,16.9704,16.9922,16.9922,4575649
1997-12-16,17.0158,17.0819,16.2158,16.3667,16.3667,8830211
1997-12-17,16.7248,17.0957,16.4743,16.9922,16.9922,6163636
1997-12-18,16.781,16.8048,16.1774,16.3233,16.3233,4892920
1997-12-19,16.1774,16.2158,15.612,16.1378,16.1378,5634852
1997-12-22,16.1606,16.4299,16.1142,16.196,16.196,2088884
1997-12-23,16.1142,16.1378,15.7788,15.7788,15.7788,2006901
1997-12-24,15.8005,15.9257,15.612,15.612,15.612,950712
1997-12-26,15.695,15.8005,15.3832,15.4207,15.4207,1033512
1997-12-29,15.7591,15.8449,15.612,15.8005,15.8005,1887757
1997-12-30,15.9939,16.3835,15.7591,16.2858,16.2858,2939028
1997-12-31,16.2612,16.346,15.9455,16.2612,16.2612,2148188
1998-01-02,16.3835,16.4299,16.2612,16.4299,16.4299,1837751
1998-01-05,16.3667,16.7248,16.1606,16.6577,16.6577,3482841
1998-01-06,16.6341,16.6577,16.4062,16.5345,16.5345,1976029
1998-01-07,16.5345,16.5345,15.9455,16.2375,16.2375,2986032
1998-01-08,15.8005,15.9257,15.612,15.695,15.695,2921536
1998-01-09,15.6762,15.7788,15.2391,15.2391,15.2391,4467983
1998-01-12,15.2165,15.8449,15.0498,15.5686,15.5686,5221388
1998-01-13,15.5686,15.6762,15.3151,15.4434,15.4434,5127934
1998-01-14,15.3625,15.5894,15.2955,15.5519,15.5519,4695619
1998-01-15,15.5894,15.6338,15.1287,15.3369,15.3369,3544328
1998-01-16,15.8449,15.8449,15.1681,15.2767,15.2767,5892275
1998-01-20,15.1918,15.2549,15.0044,15.1681,15.1681,8294327
1998-01-21,15.3369,15.9939,15.3151,15.8005,15.8005,15513880
1998-01-22,15.5282,15.5686,15.2549,15.3625,15.3625,7432435
1998-01-23,15.469,15.4848,15.1681,15.3369,15.3369,6163907
1998-01-26,15.5894,15.612,15.3151,15.3832,15.3832,3030035
1998-01-27,15.398,15.7591,15.398,15.6338,15.6338,4282159
1998-01-28,15.8222,16.2218,15.7591,16.2218,16.2218,4219583
1998-01-29,16.3904,16.5197,16.0935,16.3539,16.3539,4131036
1998-01-30,16.4969,16.4969,16.0145,16.1842,16.1842,3262316
1998-02-02,16.4743,16.9566,16.4545,16.9428,16.9428,4375344
1998-02-03,17.0227,17.2141,16.8126,17.0227,17.0227,5271121
1998-02-04,16.7712,16.9566,16.6203,16.8126,16.8126,2678332
1998-02-05,17.1105,17.1105,16.4299,16.4743,16.4743,4542043
1998-02-06,16.854,17.1915,16.7308,17.1105,17.1105,3447317
1998-02-09,17.1915,17.6955,17.1677,17.6955,17.6955,3316144
1998-02-10,17.6955,17.953,17.3572,17.4065,17.4065,4818864
1998-02-11,17.3818,17.6728,17.1263,17.3147,17.3147,2935752
1998-02-12,17.2792,17.7863,17.1471,17.5278,17.5278,3909421
1998-02-13,17.5052,18.098,17.448,18.0546,18.0546,4637409
1998-02-17,18.2026,18.607,18.1434,18.1641,18.1641,4955502
1998-02-18,17.9905,18.0122,17.6176,17.7863,17.7863,3092332
1998-02-19,17.7863,17.7863,17.3572,17.4834,17.4834,2560280
1998-02-20,17.448,17.8849,16.9991,17.7399,17.7399,4525100
1998-02-23,17.7635,17.7635,17.5278,17.5515,17.5515,2647180
1998-02-24,17.5742,17.8061,17.5278,17.7182,17.7182,3090428
1998-02-25,17.7182,18.031,17.5742,17.9076,17.9076,2019204
1998-02-26,17.8425,18.1216,17.7399,17.9323,17.9323,2094622
1998-02-27,17.9905,18.4127,17.7399,18.3919,18.3919,2018653
1998-03-02,18.0772,18.2026,17.9076,18.0546,18.0546,1975748
1998-03-03,17.9747,18.2026,17.5939,17.7182,17.7182,4321787
1998-03-04,17.5742,17.7635,17.4686,17.5515,17.5515,3323796
1998-03-05,17.4686,17.5052,17.1915,17.2575,17.2575,1908258
1998-03-06,17.3374,18.0122,17.3374,17.9747,17.9747,3753653
1998-03-09,17.8061,18.0772,17.6728,17.8662,17.8662,2771793
1998-03-10,17.8425,18.2904,17.8199,18.2026,18.2026,3112559
1998-03-11,18.3111,18.6258,18.1641,18.2223,18.2223,2717410
1998-03-12,18.246,19.1772,18.2223,18.8734,18.8734,3426271
1998-03-13,19.1772,19.346,18.9207,18.9395,18.9395,3218861
1998-03-16,18.9612,19.5551,18.7954,19.489,19.489,2332915
1998-03-17,19.4012,19.5353,19.2542,19.3794,19.3794,2092711
1998-03-18,19.4012,19.7247,19.3794,19.5699,19.5699,3315599
1998-03-19,19.5107,19.9742,18.8734,18.8961,18.8961,19856427
1998-03-20,19.0075,19.1081,18.6484,18.8961,18.8961,5690597
1998-03-23,18.7086,19.1772,18.5015,18.9612,18.9612,2951875
1998-03-24,18.9395,19.2778,18.8734,19.0657,19.0657,2157750
1998-03-25,19.0885,19.1081,18.5824,18.687,18.687,3611008
1998-03-26,18.5015,18.607,18.2026,18.4601,18.4601,3887829
1998-03-27,18.4127,18.8398,18.4127,18.7086,18.7086,2715494
1998-03-30,18.536,18.6692,18.4127,18.536,18.536,1632797
1998-03-31,18.536,18.824,18.4601,18.5587,18.5587,2481304
1998-04-01,18.5587,18.5587,18.031,18.2223,18.2223,3790547
1998-04-02,18.246,18.2904,17.9323,18.1799,18.1799,4744535
1998-04-03,18.1799,18.3703,17.8662,18.2904,18.2904,3325709
1998-04-06,18.5143,18.6258,18.3338,18.3703,18.3703,2579403
1998-04-07,18.3919,18.5015,18.1641,18.3919,18.3919,2152824
1998-04-08,18.2223,18.5015,18.1641,18.2904,18.2904,2914168
1998-04-09,18.4127,18.5824,18.3111,18.4827,18.4827,3152728
1998-04-13,18.4827,18.5143,18.2677,18.3338,18.3338,2857595
1998-04-14,18.3338,19.0431,18.2904,18.9395,18.9395,5268393
1998-04-15,18.9859,19.4228,18.8398,19.0885,19.0885,5520899
1998-04-16,19.4228,19.4682,18.9612,19.0283,19.0283,4339823
1998-04-17,19.2966,19.4446,18.9207,19.2196,19.2196,5132305
1998-04-20,19.1081,19.2542,18.9859,19.2542,19.2542,3710206
1998-04-21,19.2542,19.2966,19.0657,19.2542,19.2542,2463540
1998-04-22,19.2542,19.7247,19.2334,19.489,19.489,3683148
1998-04-23,19.489,19.7247,19.4446,19.6557,19.6557,4567458
1998-04-24,19.6359,19.6359,19.2542,19.2778,19.2778,4685781
1998-04-27,18.9859,19.0283,18.7284,18.7481,18.7481,3962156
1998-04-28,18.8536,18.8536,18.687,18.7481,18.7481,3283896
1998-04-29,18.7708,18.8961,18.6258,18.687,18.687,2079595
1998-04-30,18.7708,19.346,18.7481,19.2778,19.2778,1765602
1998-05-01,19.3232,19.5107,19.1289,19.346,19.346,1282460
1998-05-04,19.3864,19.489,19.0885,19.2196,19.2196,2086699
1998-05-05,19.2196,19.2196,18.7708,18.9395,18.9395,2271428
1998-05-06,18.9395,18.9859,18.7284,18.7481,18.7481,1598911
1998-05-07,18.7954,18.9207,18.5824,18.7284,18.7284,2237818
1998-05-08,18.8536,19.0075,18.7481,18.8961,18.8961,1665587
1998-05-11,18.8172,19.0283,18.7954,18.8172,18.8172,1268525
1998-05-12,18.8961,19.2966,18.8734,19.2778,19.2778,1979575
1998-05-13,19.2334,19.5107,19.2196,19.2542,19.2542,1701934
1998-05-14,19.2966,19.9368,19.2542,19.9368,19.9368,3229245
1998-05-15,19.9368,20.0374,19.5107,19.5767,19.5767,3997139
1998-05-18,19.5107,19.9832,19.4682,19.7691,19.7691,2618757
1998-05-19,19.849,19.9604,19.6172,19.8244,19.8244,1737730
1998-05-20,19.8036,20.2288,19.8036,20.2288,20.2288,2579403
1998-05-21,20.2288,20.5721,20.1055,20.5504,20.5504,2904327
1998-05-22,20.508,20.5268,19.5995,19.8244,19.8244,2652914
1998-05-26,19.9832,19.9832,19.1772,19.1772,19.1772,2200923
1998-05-27,19.0885,19.3232,18.8734,19.2196,19.2196,3298932
1998-05-28,19.1772,19.2196,18.8536,19.1289,19.1289,1712319
1998-05-29,19.0431,19.1081,18.607,18.607,18.607,2497698
1998-06-01,18.687,19.0075,18.5587,18.7086,18.7086,2947502
1998-06-02,18.7954,18.833,18.3485,18.536,18.536,2862514
1998-06-03,18.6258,18.9612,18.4511,18.4739,18.4739,1996519
1998-06-04,18.4945,18.7481,18.246,18.7284,18.7284,1757677
1998-06-05,18.7954,19.2334,18.607,19.1289,19.1289,2019204
1998-06-08,19.0075,19.0885,18.8536,18.9395,18.9395,3245915
1998-06-09,19.0283,19.0885,18.6258,19.0657,19.0657,3333363
1998-06-10,18.9207,18.9612,18.1128,18.246,18.246,6097229
1998-06-11,18.246,18.2608,17.6896,17.7103,17.7103,5400659
1998-06-12,17.7793,17.8199,17.2861,17.6097,17.6097,5743063
1998-06-15,17.6896,18.5143,17.52,17.734,17.734,5094868
1998-06-16,17.8583,17.9244,17.5663,17.7793,17.7793,2832460
1998-06-17,18.6258,18.6258,18.2835,18.3919,18.3919,4307302
1998-06-18,18.2835,18.4739,17.9905,18.4511,18.4511,2416540
1998-06-19,17.9461,18.3919,17.3522,17.4766,17.4766,6794887
1998-06-22,17.6097,18.0477,17.588,17.9017,17.9017,4147987
1998-06-23,18.246,18.2608,17.6679,17.879,17.879,2416540
1998-06-24,18.2026,18.3703,17.8583,18.2835,18.2835,2769605
1998-06-25,18.2026,18.2223,17.6314,17.8199,17.8199,3963797
1998-06-26,17.734,18.1128,17.6097,17.9461,17.9461,2539236
1998-06-29,18.0911,18.1128,17.5663,17.734,17.734,3461528
1998-06-30,18.0714,18.1128,17.7567,17.9165,17.9165,4836901
1998-07-01,18.0911,18.4127,17.9905,18.2608,18.2608,4011617
1998-07-02,18.2835,18.3919,17.9905,18.3239,18.3239,2984398
1998-07-06,18.3239,18.5143,18.1128,18.3919,18.3919,4627847
1998-07-07,18.4511,18.4511,18.2026,18.2835,18.2835,2222244
1998-07-08,18.3703,18.3919,18.1572,18.246,18.246,2378829
1998-07-09,18.2026,18.2026,17.3522,17.6521,17.6521,5844997
1998-07-10,17.6097,17.7971,17.4618,17.7971,17.7971,3316144
1998-07-13,17.9244,17.9244,17.5426,17.6521,17.6521,1896231
1998-07-14,18.031,19.0885,17.879,19.0431,19.0431,6249707
1998-07-15,18.7481,18.7708,17.3098,17.6097,17.6097,14736697
1998-07-16,17.8119,18.1128,17.7735,18.1128,18.1128,6225395
1998-07-17,18.025,18.2835,17.8119,18.1128,18.1128,5562433
1998-07-20,18.4601,18.4601,17.8583,18.2223,18.2223,3579850
1998-07-21,18.2026,18.3919,17.7103,18.0477,18.0477,6779313
1998-07-22,18.0062,18.0062,17.5574,17.6245,17.6245,4385730
1998-07-23,17.7103,17.8119,16.9212,17.0691,17.0691,4311401
1998-07-24,17.1105,17.2003,16.712,16.7495,16.7495,4759021
1998-07-27,16.5827,16.641,16.3292,16.641,16.641,4201547
1998-07-28,16.8334,16.8334,16.3292,16.6203,16.6203,3418893
1998-07-29,16.8196,16.854,16.3539,16.712,16.712,2797475
1998-07-30,16.9852,17.1105,16.7712,17.0553,17.0553,3149998
1998-07-31,17.0889,17.0889,16.3835,16.5197,16.5197,7120632
1998-08-03,16.6893,16.9428,16.5601,16.7978,16.7978,4766669
1998-08-04,16.9852,16.9852,15.9613,16.0935,16.0935,6787236
1998-08-05,16.1774,16.1774,15.6486,16.0491,16.0491,4932541
1998-08-06,16.0491,16.0935,15.7926,16.0077,16.0077,3683420
1998-08-07,16.1378,16.3697,16.0244,16.1774,16.1774,3453054
1998-08-10,16.3086,16.3697,16.0244,16.1142,16.1142,2283185
1998-08-11,15.6831,16.2158,15.6831,16.196,16.196,4863135
1998-08-12,16.3835,16.4969,16.0077,16.4743,16.4743,2763044
1998-08-13,16.6893,16.8334,16.2375,16.6005,16.6005,2179066
1998-08-14,16.8196,16.8788,16.3835,16.4743,16.4743,3279528
1998-08-17,16.5601,16.8788,16.2858,16.7712,16.7712,3177594
1998-08-18,16.8984,17.2003,16.7978,17.2003,17.2003,3269416
1998-08-19,17.2644,17.2644,16.7495,16.9852,16.9852,3154370
1998-08-20,16.9852,16.9852,16.3086,16.4969,16.4969,3485301
1998-08-21,16.3539,16.3539,15.7522,16.1378,16.1378,4416887
1998-08-24,16.4299,16.6656,16.0491,16.6656,16.6656,3503884
1998-08-25,16.7712,16.7712,16.1774,16.3086,16.3086,2320895
1998-08-26,16.1378,16.1536,15.7522,15.8617,15.8617,5023818
1998-08-27,15.4128,15.4917,15.0902,15.1997,15.1997,4765030
1998-08-28,15.5361,15.5834,14.8772,14.9798,14.9798,4478097
1998-08-31,15.3241,15.3931,14.2774,14.298,14.298,4395296
1998-09-01,14.813,15.6831,14.5565,15.6268,15.6268,6288788
1998-09-02,15.9179,15.9869,15.4513,15.5834,15.5834,5544674
1998-09-03,15.4917,15.4917,15.0498,15.2816,15.2816,4329981
1998-09-04,15.3704,15.6693,15.1366,15.6486,15.6486,4533843
1998-09-08,16.2612,16.854,15.9179,16.7495,16.7495,6530637
1998-09-09,16.7495,16.7712,15.9613,16.4062,16.4062,4924621
1998-09-10,16.0077,16.0077,15.4355,15.6693,15.6693,6358205
1998-09-11,15.2391,15.8143,15.0695,15.4128,15.4128,5713007
1998-09-14,15.7522,15.9179,15.3241,15.4513,15.4513,4498047
1998-09-15,15.6268,16.1774,15.4769,15.6693,15.6693,5225764
1998-09-16,15.8853,15.9613,15.1997,15.4128,15.4128,5435088
1998-09-17,15.4128,15.4128,14.5141,14.5565,14.5565,5979722
1998-09-18,14.6463,14.7686,13.4537,13.7062,13.7062,10819627
1998-09-21,13.3264,14.6661,13.3027,14.4983,14.4983,5579928
1998-09-22,14.7913,14.7913,14.2438,14.3424,14.3424,4242807
1998-09-23,14.8584,15.5134,14.5141,15.4355,15.4355,5142146
1998-09-24,15.6486,16.0491,15.4128,15.7038,15.7038,7822115
1998-09-25,15.7038,15.9869,15.5361,15.9869,15.9869,6694870
1998-09-28,16.0077,16.6893,15.8617,16.5601,16.5601,6829864
1998-09-29,16.6893,16.854,15.9021,16.1142,16.1142,5065355
1998-09-30,16.0077,16.0077,14.8584,15.1553,15.1553,4939922
1998-10-01,15.5834,15.5834,14.6661,14.962,14.962,4779784
1998-10-02,15.2165,15.5134,15.0261,15.3241,15.3241,4726775
1998-10-05,15.3241,15.3241,14.298,14.8772,14.8772,3621665
1998-10-06,15.1366,15.177,14.4983,14.5773,14.5773,3727692
1998-10-07,14.6463,15.2816,14.5141,14.9008,14.9008,4851112
1998-10-08,14.7341,15.4917,14.2774,15.3241,15.3241,6544301
1998-10-09,15.7522,16.3292,15.3241,15.9179,15.9179,5091588
1998-10-12,16.5197,16.6656,16.1142,16.2612,16.2612,3699546
1998-10-13,16.3292,16.4062,15.7926,16.0935,16.0935,3633143
1998-10-14,15.3457,15.9021,15.2165,15.6693,15.6693,6582828
1998-10-15,15.6486,16.3835,15.1139,16.3539,16.3539,7883323
1998-10-16,16.2612,16.2858,15.6693,16.0077,16.0077,8555029
1998-10-19,15.7522,16.641,15.6268,16.2375,16.2375,5913317
1998-10-20,16.2612,16.6656,16.0718,16.5197,16.5197,6416957
1998-10-21,16.5601,16.5601,15.7038,16.3086,16.3086,5164281
1998-10-22,16.3667,16.3667,15.6338,16.196,16.196,4226681
1998-10-23,16.196,16.3667,15.9317,16.13,16.13,3316420
1998-10-26,16.2532,16.2532,15.6574,15.7216,15.7216,3128411
1998-10-27,15.764,15.9781,15.4207,15.5055,15.5055,4296644
1998-10-28,15.5282,15.5282,14.954,14.954,14.954,3674947
1998-10-29,14.6315,15.1435,14.6315,15.0981,15.0981,5421699
1998-10-30,15.5944,15.8301,15.2955,15.398,15.398,4309758
1998-11-02,15.9317,16.2296,15.764,16.1083,16.1083,4698898
1998-11-03,16.196,16.4545,16.1083,16.346,16.346,4610359
1998-11-04,16.712,17.1343,16.4545,17.0889,17.0889,6476527
1998-11-05,17.0553,17.1757,16.5137,17.076,17.076,5033926
1998-11-06,16.7978,16.8788,16.4743,16.8788,16.8788,3780980
1998-11-09,17.007,17.007,16.4062,16.6005,16.6005,3236351
1998-11-10,16.712,16.8126,16.1083,16.4743,16.4743,4488751
1998-11-11,16.4743,16.4743,15.4434,15.5766,15.5766,6491288
1998-11-12,15.6338,15.8775,15.5766,15.6762,15.6762,5237242
1998-11-13,15.8961,16.278,15.8527,16.278,16.278,4971350
1998-11-16,16.6005,16.7712,16.196,16.7308,16.7308,5497945
1998-11-17,16.7712,16.9626,16.5739,16.854,16.854,4473450
1998-11-18,16.6203,16.641,16.3233,16.4545,16.4545,4452135
1998-11-19,16.6005,16.7308,16.2296,16.3835,16.3835,2928103
1998-11-20,16.6656,16.7978,16.3835,16.7495,16.7495,3289912
1998-11-23,17.0553,17.222,16.712,17.222,17.222,5067538
1998-11-24,17.1343,17.2003,17.007,17.1539,17.1539,3833718
1998-11-25,17.1343,17.1343,16.8334,17.1105,17.1105,2650460
1998-11-27,17.1343,17.2003,16.9212,17.007,17.007,836757
1998-11-30,17.007,17.1343,16.641,16.9428,16.9428,5172206
1998-12-01,16.8788,17.8849,16.8788,17.7971,17.7971,8588914
1998-12-02,17.7793,17.7793,17.2003,17.3739,17.3739,5394646
1998-12-03,17.3739,17.3739,17.0553,17.1105,17.1105,3437753
1998-12-04,17.3098,17.3305,16.5137,16.712,16.712,4609263
1998-12-07,16.9428,16.9626,16.5739,16.854,16.854,3453054
1998-12-08,16.854,16.854,16.4299,16.6893,16.6893,3486939
1998-12-09,16.6893,16.8126,16.2996,16.4545,16.4545,2998332
1998-12-10,16.5137,16.5137,15.9317,16.13,16.13,4132403
1998-12-11,16.1083,16.1083,15.6574,15.9781,15.9781,3442121
1998-12-14,15.9781,16.196,15.764,15.8527,15.8527,2861421
1998-12-15,15.3773,15.398,15.0172,15.2303,15.2303,5927525
1998-12-16,15.2955,15.2955,14.1767,14.1767,14.1767,9598107
1998-12-17,14.4372,14.5871,14.0949,14.0949,14.0949,8176547
1998-12-18,14.2636,14.375,14.0949,14.3504,14.3504,7624810
1998-12-21,14.741,14.741,14.3977,14.4756,14.4756,5424161
1998-12-22,14.4983,14.5615,14.2862,14.4983,14.4983,3819785
1998-12-23,14.4983,14.6088,14.375,14.5871,14.5871,4406495
1998-12-24,14.6719,14.7972,14.6088,14.7173,14.7173,2579953
1998-12-28,15.1632,15.4434,15.0172,15.398,15.398,5217568
1998-12-29,15.3546,15.695,15.0744,15.6338,15.6338,3969543
1998-12-30,15.5944,15.7857,15.4207,15.6574,15.6574,3311498
1998-12-31,15.8775,16.4062,15.764,15.764,15.764,5666825
1999-01-04,16.4299,16.4545,15.9534,16.2296,16.2296,8897709
1999-01-05,16.3233,16.4299,15.7857,16.196,16.196,6944912
1999-01-06,16.5345,16.6893,16.2996,16.6203,16.6203,7235130
1999-01-07,16.5345,16.9212,16.4545,16.7712,16.7712,5622008
1999-01-08,16.9626,17.5663,16.9626,17.4766,17.4766,7278576
1999-01-11,17.4766,18.1641,17.4548,18.1641,18.1641,8350892
1999-01-12,17.9905,17.9905,17.0889,17.3522,17.3522,10359984
1999-01-13,17.007,17.1343,16.4545,16.4743,16.4743,7465494
1999-01-14,16.5137,16.6005,15.764,16.0205,16.0205,6076191
1999-01-15,16.3835,16.4467,16.1684,16.4062,16.4062,3469178
1999-01-19,16.641,16.6656,15.7374,15.8449,15.8449,4545594
1999-01-20,15.8222,16.058,15.5894,15.5894,15.5894,4694527
1999-01-21,15.612,15.6693,15.2471,15.4809,15.4809,4087316
1999-01-22,15.3931,15.3931,14.959,15.1553,15.1553,5167558
1999-01-25,15.3931,15.4809,15.1553,15.3704,15.3704,3314783
1999-01-26,15.4602,15.5894,15.3241,15.5686,15.5686,4157001
1999-01-27,15.7127,15.7591,15.2816,15.4128,15.4128,3111464
1999-01-28,15.177,15.4355,15.1366,15.3457,15.3457,2854041
1999-01-29,15.3931,15.4128,14.8584,14.9383,14.9383,4094970
1999-02-01,15.3457,15.3457,14.9798,15.0695,15.0695,4373710
1999-02-02,15.0695,15.177,14.892,14.9383,14.9383,3322704
1999-02-03,15.0044,15.0261,14.4835,14.8712,14.8712,6441825
1999-02-04,14.9156,15.5204,14.7489,15.2224,15.2224,5030380
1999-02-05,15.3931,16.1221,15.3457,15.9534,15.9534,6691318
1999-02-08,16.0797,16.3233,15.7788,16.2996,16.2996,4508427
1999-02-09,16.4901,16.7308,15.9317,16.0402,16.0402,4734424
1999-02-10,16.1684,16.1684,15.687,15.8449,15.8449,4434649
1999-02-11,15.7788,15.8222,15.5204,15.7127,15.7127,3259034
1999-02-12,15.7127,16.0205,15.4128,15.4602,15.4602,2881916
1999-02-16,15.6338,15.8005,15.3457,15.612,15.612,3706651
1999-02-17,15.3704,15.8449,15.3241,15.7788,15.7788,4249913
1999-02-18,16.0027,16.0027,15.3033,15.4602,15.4602,3610735
1999-02-19,15.4996,15.8005,15.4602,15.543,15.543,2726699
1999-02-22,15.6486,16.0402,15.4355,16.0402,16.0402,3028119
1999-02-23,16.0402,16.2296,15.909,16.1902,16.1902,3006254
1999-02-24,16.058,16.1458,15.7374,15.8695,15.8695,3682606
1999-02-25,15.687,15.8222,15.543,15.7591,15.7591,2672593
1999-02-26,15.909,16.0797,15.6486,15.7127,15.7127,2418720
1999-03-01,16.0797,16.9626,16.0402,16.9626,16.9626,6384709
1999-03-02,16.8984,17.0306,16.1458,16.3667,16.3667,5087486
1999-03-03,16.3667,16.4467,16.0402,16.2996,16.2996,2597717
1999-03-04,16.4467,16.5531,16.2098,16.5345,16.5345,3231432
1999-03-05,16.8788,17.2447,16.6656,17.2082,17.2082,5309387
1999-03-08,17.2082,17.2447,16.6203,17.1185,17.1185,4515533
1999-03-09,17.0553,17.0957,16.6893,16.8334,16.8334,3878262
1999-03-10,17.1845,17.1845,16.712,16.8984,16.8984,2259130
1999-03-11,17.2447,17.5515,17.1609,17.5515,17.5515,5045954
1999-03-12,16.3835,16.3835,15.3931,15.4128,15.4128,11592437
1999-03-15,15.5204,15.7127,15.4355,15.6693,15.6693,5516796
1999-03-16,15.3457,15.4809,15.1366,15.177,15.177,5935999
1999-03-17,15.8695,16.2996,15.8695,16.2996,16.2996,8332857
1999-03-18,16.2098,16.2098,15.8449,16.1458,16.1458,5922877
1999-03-19,16.4693,16.4693,16.0797,16.1458,16.1458,4184874
1999-03-22,16.278,16.346,16.058,16.1902,16.1902,1722433
1999-03-23,16.1684,16.1902,15.5204,15.5686,15.5686,3947127
1999-03-24,15.8449,16.1221,15.543,15.8449,15.8449,3856402
1999-03-25,16.2098,16.4901,16.2098,16.3667,16.3667,4248273
1999-03-26,16.3667,16.3667,16.0402,16.1458,16.1458,2331008
1999-03-29,16.2996,16.5739,16.278,16.2996,16.2996,3266134
1999-03-30,16.278,16.346,15.9317,16.1902,16.1902,2539509
1999-03-31,16.2098,16.3667,15.8005,15.8449,15.8449,3159830
1999-04-01,16.278,16.346,15.9781,16.1902,16.1902,3548427
1999-04-05,16.4299,17.0306,16.3667,16.9212,16.9212,3845744
1999-04-06,16.854,17.1185,16.6656,16.6893,16.6893,2539509
1999-04-07,16.854,16.8788,16.4901,16.7308,16.7308,3214763
1999-04-08,16.8196,16.8984,16.5739,16.7712,16.7712,2090251
1999-04-09,16.7495,17.0957,16.6656,16.8196,16.8196,2427466
1999-04-12,17.1609,17.8504,17.007,17.7182,17.7182,6243426
1999-04-13,17.8287,18.9701,17.6728,18.8813,18.8813,10146011
1999-04-14,19.1437,20.9746,18.7362,20.9321,20.9321,16738677
1999-04-15,20.9519,22.2255,20.6974,21.3198,21.3198,19703672
1999-04-16,21.3396,22.0735,20.6757,22.0084,22.0084,16313197
1999-04-19,21.7066,22.6141,21.2972,21.2972,21.2972,14030289
1999-04-20,21.2548,21.4521,20.7842,20.9321,20.9321,9309253
1999-04-21,20.8671,21.3396,20.5898,21.2754,21.2754,5276320
1999-04-22,21.2972,21.2972,20.5573,20.7368,20.7368,4172576
1999-04-23,20.2791,21.1226,20.0818,20.9903,20.9903,4246908
1999-04-26,21.1226,21.7716,20.9677,21.4885,21.4885,3653362
1999-04-27,22.0972,22.4642,21.8842,22.0291,22.0291,6588843
1999-04-28,21.9857,22.9653,21.9414,22.3784,22.3784,6008688
1999-04-29,22.4484,23.0008,22.402,22.7029,22.7029,4894289
1999-04-30,22.6605,22.6812,21.5733,22.3162,22.3162,11000808
1999-05-03,22.2255,22.6812,21.9857,22.5924,22.5924,4961238
1999-05-04,22.6812,23.0245,22.5697,22.6812,22.6812,5168376
1999-05-05,22.5273,22.6141,22.2255,22.5697,22.5697,3394303
1999-05-06,22.5697,22.9229,22.4228,22.6605,22.6605,3426549
1999-05-07,22.5697,22.7453,21.6405,21.9048,21.9048,4671299
1999-05-10,21.4679,21.6641,21.232,21.4017,21.4017,3903950
1999-05-11,21.1886,22.0972,20.9233,21.9048,21.9048,3960248
1999-05-12,21.9186,21.9186,21.0338,21.0545,21.0545,2600449
1999-05-13,20.5356,21.1226,20.5149,21.0111,21.0111,4462792
1999-05-14,20.8385,21.6641,20.6678,21.1413,21.1413,3509620
1999-05-17,21.2972,21.5733,21.0792,21.1886,21.1886,3051896
1999-05-18,21.1226,21.2124,19.929,20.3403,20.3403,3781799
1999-05-19,20.361,20.8611,20.0128,20.1055,20.1055,3190441
1999-05-20,20.1055,20.582,20.1055,20.4251,20.4251,2147366
1999-05-21,20.4478,20.798,20.3817,20.6678,20.6678,2721508
1999-05-24,20.8227,21.0338,20.3817,20.5149,20.5149,2620396
1999-05-25,20.5356,20.8799,20.2791,20.3403,20.3403,2270613
1999-05-26,20.2603,20.4251,19.8401,20.0374,20.0374,2901048
1999-05-27,19.7543,19.929,18.8882,19.1989,19.1989,5533741
1999-05-28,19.1772,19.2966,18.8882,19.0223,19.0223,3756932
1999-06-01,19.1989,20.6244,18.9119,20.361,20.361,5333436
1999-06-02,20.361,20.7122,19.9742,20.2377,20.2377,3162025
1999-06-03,20.2377,21.163,20.2377,20.9459,20.9459,5187781
1999-06-04,21.4885,21.7954,21.2754,21.7716,21.7716,3923086
1999-06-07,21.6641,22.1169,21.5093,21.9186,21.9186,4573740
1999-06-08,21.8408,22.0084,21.2124,21.5309,21.5309,3403593
1999-06-09,21.5981,21.818,21.1413,21.3198,21.3198,2352592
1999-06-10,21.1413,21.4885,20.9677,21.4441,21.4441,3518091
1999-06-11,21.4679,21.4679,20.4705,20.6036,20.6036,4173673
1999-06-14,20.8385,21.0111,20.582,20.7753,20.7753,2982206
1999-06-15,20.798,20.798,20.2603,20.2603,20.2603,3410150
1999-06-16,20.3403,20.7526,20.1499,20.4251,20.4251,3114199
1999-06-17,20.4064,20.5149,20.3403,20.4064,20.4064,2499610
1999-06-18,20.798,21.4017,20.7753,21.3198,21.3198,4521270
1999-06-21,21.2972,21.5093,20.8385,21.1008,21.1008,2523385
1999-06-22,21.0338,21.0338,20.6905,20.8611,20.8611,2162398
1999-06-23,20.8611,20.8611,20.4478,20.6678,20.6678,1707942
1999-06-24,21.0545,21.0545,20.1499,20.4478,20.4478,2426104
1999-06-25,20.5356,20.7368,20.2791,20.3157,20.3157,2331273
1999-06-28,20.4478,21.163,20.4478,21.0545,21.0545,3312325
1999-06-29,21.232,21.2972,20.9677,21.1886,21.1886,2875906
1999-06-30,20.9677,21.5733,20.798,20.798,20.798,5394922
1999-07-01,21.0545,21.3781,21.0111,21.2124,21.2124,3325162
1999-07-02,21.4885,21.7954,21.2972,21.4679,21.4679,3230613
1999-07-06,21.232,21.2972,20.5573,20.5573,20.5573,2709210
1999-07-07,20.9233,21.5981,20.8611,21.5309,21.5309,5480728
1999-07-08,21.4017,21.4017,20.9903,21.2124,21.2124,2798026
1999-07-09,21.2972,21.3396,20.8385,21.2124,21.2124,2787640
1999-07-12,21.3781,21.3781,21.0111,21.1413,21.1413,3011451
1999-07-13,20.9677,20.9677,20.7368,20.7526,20.7526,3452237
1999-07-14,20.798,20.8799,20.6244,20.7368,20.7368,3618657
1999-07-15,20.798,20.8385,20.2791,20.6244,20.6244,5201987
1999-07-16,20.5642,20.798,20.0374,20.5445,20.5445,8853167
1999-07-19,20.6442,21.02,20.6442,20.9993,20.9993,4106993
1999-07-20,20.9519,21.2182,20.8877,20.9746,20.9746,5251450
1999-07-21,20.9993,21.1956,20.8877,21.1314,21.1314,2700191
1999-07-22,21.1719,21.1956,20.9519,21.0851,21.0851,3610735
1999-07-23,21.1956,21.3475,21.0417,21.2626,21.2626,1811243
1999-07-26,21.3475,21.8052,20.8227,20.9085,20.9085,3304665
1999-07-27,21.02,21.1719,20.8877,20.9519,20.9519,2322529
1999-07-28,20.9321,21.6069,20.798,21.3475,21.3475,2789829
1999-07-29,21.2814,21.2814,20.5208,20.5208,20.5208,2918535
1999-07-30,20.7753,20.9085,20.433,20.433,20.433,4227779
1999-08-02,20.4547,20.5445,20.3452,20.4143,20.4143,2893943
1999-08-03,20.502,20.5445,20.0128,20.1686,20.1686,3109276
1999-08-04,20.2131,20.3886,19.8855,19.929,19.929,2966084
1999-08-05,19.929,19.929,19.4534,19.5629,19.5629,4869146
1999-08-06,19.5205,20.1913,19.4534,20.1302,20.1302,5837893
1999-08-09,20.1302,20.3699,19.8184,20.1302,20.1302,2203935
1999-08-10,20.2131,20.6678,19.9516,20.5208,20.5208,4371795
1999-08-11,20.7368,20.7368,20.2603,20.6442,20.6442,2335103
1999-08-12,21.4136,21.89,21.2626,21.2626,21.2626,5953217
1999-08-13,21.5813,21.7559,21.5576,21.6947,21.6947,5130121
1999-08-16,21.825,21.825,21.3702,21.7144,21.7144,4871058
1999-08-17,21.9344,21.9562,21.5013,21.6069,21.6069,3226786
1999-08-18,21.5576,21.5576,21.1956,21.2626,21.2626,2016474
1999-08-19,21.1314,21.3929,20.8877,21.02,21.02,2437580
1999-08-20,20.9519,21.1472,20.8671,21.02,21.02,2505353
1999-08-23,21.3475,21.9778,21.2182,21.9344,21.9344,3507707
1999-08-24,21.9562,22.2639,21.7806,21.9562,21.9562,2960621
1999-08-25,22.1101,22.2856,21.825,21.8674,21.8674,3333086
1999-08-26,21.9344,22.1979,21.89,22.0005,22.0005,2776710
1999-08-27,22.0203,22.0429,21.3278,21.4817,21.4817,1749481
1999-08-30,21.3929,21.4599,20.6442,20.7368,20.7368,2067023
1999-08-31,20.7368,20.7368,19.7307,19.7307,19.7307,6015519
1999-09-01,19.9516,20.4547,19.929,20.2131,20.2131,4084309
1999-09-02,20.1302,20.6244,19.996,20.5208,20.5208,2982757
1999-09-03,20.8463,20.8877,20.4784,20.6244,20.6244,3818144
1999-09-07,20.5445,20.5642,20.1499,20.3452,20.3452,3382824
1999-09-08,20.1055,20.5445,20.1055,20.433,20.433,1645640
1999-09-09,20.6096,20.6096,20.1302,20.4784,20.4784,2313237
1999-09-10,20.4784,20.6096,19.6941,19.777,19.777,3842464
1999-09-13,19.8401,20.7753,19.777,20.7122,20.7122,4731690
1999-09-14,20.7753,21.1472,20.2791,20.3699,20.3699,4342281
1999-09-15,20.7122,20.9321,20.3009,20.4547,20.4547,2960891
1999-09-16,20.4143,20.433,19.6073,19.7099,19.7099,3860500
1999-09-17,20.0631,20.5898,19.8401,20.3245,20.3245,3941123
1999-09-20,20.1302,20.1499,19.6073,19.8855,19.8855,3172131
1999-09-21,19.8628,19.8855,19.346,19.4771,19.4771,3196997
1999-09-22,19.4958,19.6073,18.755,19.5827,19.5827,5402573
1999-09-23,19.5827,19.6497,18.8398,18.9227,18.9227,3289912
1999-09-24,18.904,19.1023,18.7362,18.8616,18.8616,3278977
1999-09-27,18.9927,19.0361,18.607,18.6484,18.6484,3199462
1999-09-28,18.6484,18.7146,18.317,18.4945,18.4945,5420336
1999-09-29,18.5143,19.2966,18.4945,19.0361,19.0361,3471363
1999-09-30,19.0569,19.6073,18.9473,19.1023,19.1023,3749280
1999-10-01,19.1023,19.3864,18.6484,18.7146,18.7146,2228800
1999-10-04,19.346,19.408,19.1683,19.192,19.192,3504701
1999-10-05,18.904,19.3666,18.6928,19.0155,19.0155,3590235
1999-10-06,19.2127,19.8401,19.0815,19.7099,19.7099,3516998
1999-10-07,19.7099,19.8184,19.4534,19.4771,19.4771,2457249
1999-10-08,19.6941,20.0374,19.4771,19.7307,19.7307,3527930
1999-10-11,19.9516,20.5208,19.929,20.3699,20.3699,4715842
1999-10-12,20.3699,20.4784,19.1683,19.346,19.346,5571998
1999-10-13,19.5629,19.996,19.5629,19.7099,19.7099,5214287
1999-10-14,19.7307,20.0818,18.9473,19.3864,19.3864,3664838
1999-10-15,19.0361,19.777,18.5824,19.5432,19.5432,6208179
1999-10-18,19.8184,19.8184,19.0569,19.2966,19.2966,3538859
1999-10-19,19.5205,19.5432,18.9473,19.1683,19.1683,2419542
1999-10-20,19.192,19.346,18.7954,18.8172,18.8172,3177051
1999-10-21,18.4511,18.6258,18.0772,18.2746,18.2746,4941016
1999-10-22,19.1081,19.6557,18.6692,19.3498,19.3498,4974355
1999-10-25,19.263,19.263,18.7362,18.9119,18.9119,2659475
1999-10-26,19.263,19.5028,19.0885,19.4386,19.4386,3004075
1999-10-27,19.3312,19.7691,19.263,19.416,19.416,3680419
1999-10-28,19.5028,19.5481,18.9119,19.1989,19.1989,4818318
1999-10-29,19.4613,20.3403,19.3726,19.3932,19.3932,6196972
1999-11-01,19.3932,19.6172,19.0657,19.1525,19.1525,4697259
1999-11-02,19.416,20.0068,19.3498,19.6557,19.6557,4259477
1999-11-03,19.8993,20.1627,19.7021,19.8569,19.8569,4934462
1999-11-04,19.8993,19.921,19.0885,19.1289,19.1289,2872354
1999-11-05,19.2838,19.6359,19.0223,19.1989,19.1989,3849023
1999-11-08,19.0007,19.2196,18.7362,18.9543,18.9543,2367079
1999-11-09,18.9543,18.9779,18.7146,18.8882,18.8882,2869619
1999-11-10,18.8882,19.0657,18.7362,18.8468,18.8468,1967827
1999-11-11,18.8468,19.2838,18.6692,19.2838,19.2838,3122123
1999-11-12,18.9779,19.4386,18.6484,19.2838,19.2838,4379720
1999-11-15,19.4386,19.7247,19.0223,19.483,19.483,3682877
1999-11-17,19.8776,20.0068,19.416,19.416,19.416,2854041
1999-11-18,19.416,19.8569,19.3932,19.6172,19.6172,2725609
1999-11-19,18.0546,18.4057,17.1757,17.2447,17.2447,20424835
1999-11-22,17.007,17.8583,16.789,17.6176,17.6176,11227349
1999-11-23,17.6176,17.6176,17.1539,17.5939,17.5939,4938830
1999-11-24,17.1757,17.2861,16.8788,17.0306,17.0306,5676665
1999-11-26,16.8984,16.9428,16.7031,16.8788,16.8788,2425557
1999-11-29,16.6577,16.7446,16.196,16.196,16.196,5405300
1999-11-30,16.0027,16.8984,16.0027,16.2612,16.2612,6628741
1999-12-01,16.196,16.6577,16.196,16.4615,16.4615,3671670
1999-12-02,16.789,17.0553,16.6577,16.6577,16.6577,5247896
1999-12-03,16.8334,17.2447,16.6341,16.9212,16.9212,6354102
1999-12-06,16.9212,17.0553,16.6341,16.7031,16.7031,3441581
1999-12-07,16.789,16.789,15.8893,16.0205,16.0205,5524998
1999-12-08,15.8449,16.0205,15.6693,15.8222,15.8222,8488624
1999-12-09,16.0027,16.3086,15.9317,16.0659,16.0659,5115363
1999-12-10,16.13,16.5059,16.13,16.3697,16.3697,6328962
1999-12-13,16.3292,16.4615,16.0402,16.2375,16.2375,4255929
1999-12-14,15.9534,16.7248,15.9534,16.1774,16.1774,6040116
1999-12-15,16.13,16.5679,16.0659,16.3086,16.3086,4737157
1999-12-16,16.13,16.6577,16.13,16.5265,16.5265,4019549
1999-12-17,16.6133,16.6341,15.7591,15.7591,15.7591,7273113
1999-12-20,15.7788,16.0402,15.7591,15.8222,15.8222,3871434
1999-12-21,15.5834,15.7788,15.1208,15.5598,15.5598,4788530
1999-12-22,15.4513,15.7127,15.2076,15.2076,15.2076,3448957
1999-12-23,15.4917,15.9317,15.4513,15.7127,15.7127,3032218
1999-12-27,15.9534,16.4615,15.8695,16.2858,16.2858,4765299
1999-12-28,16.3697,16.854,16.2612,16.6814,16.6814,4226960
1999-12-29,16.7248,16.854,16.2158,16.3086,16.3086,4353759
1999-12-30,16.3904,16.6814,16.0876,16.13,16.13,3709382
1999-12-31,16.0402,16.6341,16.0205,16.5059,16.5059,2084514
2000-01-03,17.1343,17.1757,16.7179,17.0395,17.0395,6906930
2000-01-04,16.8788,17.448,16.8334,16.8334,16.8334,8445993
2000-01-05,16.854,17.588,16.8334,17.222,17.222,8742768
2000-01-06,17.8849,18.317,17.7261,18.0911,18.0911,7023891
2000-01-07,18.5449,19.3312,18.5015,18.687,18.687,8690298
2000-01-10,18.9612,19.1161,18.0714,18.0714,18.0714,5031201
2000-01-11,18.0911,18.6396,17.7903,17.7903,17.7903,5391096
2000-01-12,18.0714,18.3407,17.9323,18.0911,18.0911,4646974
2000-01-13,18.6396,18.7086,18.2539,18.2973,18.2973,4275878
2000-01-14,18.2539,18.5449,18.1799,18.2095,18.2095,4159731
2000-01-18,18.1799,18.2539,17.588,17.6097,17.6097,5539481
2000-01-19,17.6097,17.8849,17.4065,17.4065,17.4065,4679220
2000-01-20,17.4982,17.6097,16.6055,16.6252,16.6252,5846910
2000-01-21,16.6489,16.9212,16.1024,16.7179,16.7179,6831778
2000-01-24,16.5827,16.6735,15.8961,15.9869,15.9869,7358650
2000-01-25,15.8005,15.8775,15.0261,15.3931,15.3931,8313183
2000-01-26,15.3033,16.1221,15.3033,15.8527,15.8527,5722572
2000-01-27,15.8527,16.0797,15.5282,15.7127,15.7127,4564719
2000-01-28,15.5766,15.9386,15.3457,15.3457,15.3457,6629016
2000-01-31,15.2076,15.5055,14.9798,14.9798,14.9798,5024095
2000-02-01,15.0902,15.5519,15.0902,15.2303,15.2303,4003692
2000-02-02,15.7127,15.7788,15.1208,15.3241,15.3241,4008345
2000-02-03,15.2303,15.2549,14.8643,14.9383,14.9383,5934629
2000-02-04,15.0044,15.0902,14.5516,14.9383,14.9383,5632122
2000-02-07,14.6809,14.7558,14.3908,14.5516,14.5516,5588123
2000-02-08,14.6385,14.6385,14.1097,14.4756,14.4756,7990997
2000-02-09,14.1097,14.522,13.8167,13.8167,13.8167,8109047
2000-02-10,13.79,13.9489,13.2623,13.4211,13.4211,7934974
2000-02-11,13.1508,13.3589,12.3014,12.6891,12.6891,16320848
2000-02-14,13.059,13.7436,12.7849,13.6292,13.6292,9274547
2000-02-15,13.719,14.3908,13.6292,14.1097,14.1097,8263991
2000-02-16,14.0239,14.3366,13.7002,13.8384,13.8384,5303372
2000-02-17,13.8167,13.8167,13.2899,13.6578,13.6578,5225223
2000-02-18,13.4971,13.5375,13.1962,13.2899,13.2899,4123386
2000-02-22,13.3797,13.719,13.2406,13.5187,13.5187,5504773
2000-02-23,13.5375,13.6578,13.1282,13.3353,13.3353,6687491
2000-02-24,13.3353,13.3589,12.7849,12.7849,12.7849,6132478
2000-02-25,12.8085,13.2406,12.6487,12.6891,12.6891,5656442
2000-02-28,12.6891,12.9279,12.4868,12.5599,12.5599,4535209
2000-02-29,12.3764,12.8509,12.3527,12.3764,12.3764,6566434
2000-03-01,12.3981,12.626,12.3014,12.3014,12.3014,6615347
2000-03-02,12.2807,12.3527,12.0509,12.1417,12.1417,5405300
2000-03-03,12.1603,13.1744,12.1603,12.8292,12.8292,6566434
2000-03-06,13.1282,13.3984,12.8509,12.9456,12.9456,7187581
2000-03-07,12.8736,12.8736,11.829,11.9374,11.9374,11997699
2000-03-08,12.4642,12.8509,12.2195,12.3241,12.3241,7886605
2000-03-09,12.3241,12.4868,12.0755,12.4444,12.4444,6701155
2000-03-10,12.3527,12.9673,12.2807,12.6023,12.6023,7290056
2000-03-13,12.3527,12.7433,12.3527,12.5806,12.5806,4515533
2000-03-14,12.9673,13.1282,12.626,12.626,12.626,8943344
2000-03-15,12.7849,13.79,12.5806,13.4971,13.4971,9328659
2000-03-16,13.9045,14.6809,13.7436,14.3582,14.3582,10552914
2000-03-17,14.1551,14.229,13.79,13.9715,13.9715,6556866
2000-03-20,13.9045,14.3158,13.5572,13.5839,13.5839,6022348
2000-03-21,13.6046,14.1313,13.5572,14.0425,14.0425,4188975
2000-03-22,13.8847,13.9715,13.6786,13.7436,13.7436,3398400
2000-03-23,13.9252,14.1836,13.862,13.9489,13.9489,4913421
2000-03-24,13.862,14.1097,13.862,13.9252,13.9252,3112013
2000-03-27,13.7684,14.3366,13.7684,13.79,13.79,3062275
2000-03-28,13.5572,13.8167,13.5187,13.5187,13.5187,3578761
2000-03-29,13.4971,13.9489,13.2899,13.7684,13.7684,5162096
2000-03-30,13.862,14.5693,13.719,14.3908,14.3908,6664813
2000-03-31,14.3366,14.4983,13.862,13.9045,13.9045,6627376
2000-04-03,14.0879,14.9156,13.9045,14.7765,14.7765,6372956
2000-04-04,14.8446,15.5766,14.4322,15.3241,15.3241,9918378
2000-04-05,15.2816,15.4848,14.9156,14.9798,14.9798,5136401
2000-04-06,15.0044,15.3931,14.9156,14.9383,14.9383,2875906
2000-04-07,14.7765,14.9798,14.5516,14.595,14.595,4013531
2000-04-10,14.5516,14.8643,14.4983,14.6167,14.6167,2583229
2000-04-11,14.8199,15.2549,14.6809,14.8446,14.8446,4825421
2000-04-12,15.1208,15.7788,15.0902,15.3241,15.3241,5772036
2000-04-13,15.5055,15.8222,14.7558,14.8199,14.8199,5922061
2000-04-14,14.6581,14.8199,14.1836,14.2932,14.2932,5857568
2000-04-17,14.3366,14.9798,14.2073,14.451,14.451,5129573
2000-04-18,15.1208,15.3457,13.8847,14.2073,14.2073,13605078
2000-04-19,13.5839,13.862,13.1508,13.3797,13.3797,11691908
2000-04-20,13.3589,13.6292,13.3353,13.5187,13.5187,6728762
2000-04-24,13.6046,13.9045,13.5839,13.8847,13.8847,4525648
2000-04-25,13.8847,14.4135,13.8847,14.2685,14.2685,5986548
2000-04-26,14.2685,14.4756,14.0425,14.1313,14.1313,6209269
2000-04-27,13.8847,14.3908,13.862,14.2685,14.2685,3967348
2000-04-28,14.595,14.595,13.9489,14.0239,14.0239,5112361
2000-05-01,14.0239,14.1097,13.8167,13.8167,13.8167,3604174
2000-05-02,13.8847,14.2073,13.5375,14.0879,14.0879,3881544
2000-05-03,13.9045,13.9953,13.7002,13.8384,13.8384,3337462
2000-05-04,13.862,13.862,13.4753,13.4971,13.4971,3247827
2000-05-05,13.4971,13.9953,13.4753,13.9045,13.9045,3476833
2000-05-08,13.9953,14.1313,13.719,13.862,13.862,2840105
2000-05-09,14.229,14.229,13.4971,13.5187,13.5187,4206736
2000-05-10,13.5572,13.6786,13.3589,13.6578,13.6578,3267507
2000-05-11,13.7436,14.0663,13.3984,13.8167,13.8167,3576573
2000-05-12,13.7684,14.1836,13.7436,13.9953,13.9953,2634061
2000-05-15,14.1097,14.4983,14.0663,14.4322,14.4322,4824599
2000-05-16,14.6167,14.8446,14.2932,14.3158,14.3158,5555604
2000-05-17,14.4135,14.4756,14.1836,14.229,14.229,2085875
2000-05-18,14.2073,14.229,13.7002,13.8167,13.8167,4863135
2000-05-19,13.8384,14.3908,13.7002,14.2488,14.2488,5386451
2000-05-22,14.2685,14.4756,14.0879,14.2932,14.2932,3338008
2000-05-23,14.3908,14.4756,13.8847,14.0425,14.0425,2740365
2000-05-24,13.79,14.4135,13.79,14.1097,14.1097,2835189
2000-05-25,14.0239,14.1836,13.4537,13.5375,13.5375,3776338
2000-05-26,13.7002,13.8167,13.4753,13.5572,13.5572,2607281
2000-05-30,13.6786,13.8167,13.5572,13.6292,13.6292,2205573
2000-05-31,13.4753,13.6786,13.4753,13.6046,13.6046,3997139
2000-06-01,13.8384,14.229,13.8167,14.1313,14.1313,3874168
2000-06-02,14.7035,15.1208,14.3158,14.6167,14.6167,6136852
2000-06-05,14.3158,14.5516,13.719,14.229,14.229,5289987
2000-06-06,14.0425,14.0663,13.5839,13.9045,13.9045,5051964
2000-06-07,13.79,13.8167,13.5572,13.8167,13.8167,4123119
2000-06-08,13.6786,13.6786,13.3984,13.5572,13.5572,3304947
2000-06-09,13.6292,13.719,13.4211,13.6046,13.6046,2486224
2000-06-12,13.4211,13.9045,13.3984,13.7436,13.7436,3601167
2000-06-13,13.719,13.719,13.1508,13.2406,13.2406,4310582
2000-06-14,13.2406,13.6046,13.1962,13.3797,13.3797,4498862
2000-06-15,13.2899,13.5187,13.1074,13.1508,13.1508,3693808
2000-06-16,13.1282,13.1962,12.7641,12.7849,12.7849,7529170
2000-06-19,12.9279,12.991,12.4868,12.4868,12.4868,5059890
2000-06-20,12.4868,12.6891,12.4444,12.4642,12.4642,4389282
2000-06-21,12.4642,12.626,12.4198,12.4868,12.4868,3510171
2000-06-22,12.4642,12.5806,12.2195,12.2571,12.2571,4768854
2000-06-23,12.3241,12.4868,12.2571,12.3241,12.3241,2442224
2000-06-26,12.3527,12.6891,12.3241,12.3764,12.3764,2676688
2000-06-27,12.3241,12.991,12.3241,12.6891,12.6891,3764039
2000-06-28,12.991,13.0856,12.8085,12.8509,12.8509,3453054
2000-06-29,12.626,12.626,12.3527,12.4444,12.4444,3300293
2000-06-30,12.3527,12.5599,12.0341,12.0509,12.0509,6383615
2000-07-03,12.1959,12.8292,12.1603,12.8085,12.8085,2326085
2000-07-05,12.3981,12.6023,12.2195,12.5076,12.5076,4542591
2000-07-06,12.6655,12.6655,12.3764,12.3764,12.3764,3324892
2000-07-07,12.3981,12.4198,12.0755,12.0755,12.0755,4801924
2000-07-10,12.1603,12.5806,12.1603,12.1959,12.1959,4213842
2000-07-11,12.2807,13.059,12.2807,12.8509,12.8509,6909389
2000-07-12,13.1282,13.1508,12.7197,13.0117,13.0117,4422346
2000-07-13,12.991,13.0334,12.7641,12.7849,12.7849,4697532
2000-07-14,12.7641,12.8292,12.4868,12.7197,12.7197,4097978
2000-07-17,12.626,12.8736,12.4444,12.7197,12.7197,3658009
2000-07-18,13.3353,13.7436,13.2406,13.5572,13.5572,11540516
2000-07-19,13.862,13.862,13.5375,13.6292,13.6292,8671170
2000-07-20,13.719,13.8167,13.1074,13.3106,13.3106,6888618
2000-07-21,13.2899,13.3589,13.059,13.1074,13.1074,5161545
2000-07-24,13.059,13.1074,12.9673,13.0117,13.0117,2268425
2000-07-25,13.0117,13.1508,12.8736,12.8736,12.8736,3228700
2000-07-26,12.7641,12.8292,12.4868,12.4868,12.4868,4663649
2000-07-27,12.5599,12.6891,12.4444,12.5274,12.5274,3610185
2000-07-28,12.3527,12.6023,12.1959,12.2353,12.2353,4558985
2000-07-31,12.4198,12.6487,12.2353,12.2353,12.2353,4279156
2000-08-01,12.3241,12.3764,12.2571,12.3241,12.3241,5475809
2000-08-02,12.3981,12.6487,12.3527,12.5806,12.5806,5085580
2000-08-03,12.3014,12.8292,12.3014,12.6023,12.6023,4611723
2000-08-04,12.5806,12.6023,12.3527,12.5076,12.5076,2757577
2000-08-07,12.5806,13.2623,12.4198,13.1744,13.1744,5514066
2000-08-08,13.2623,13.9252,13.2179,13.79,13.79,9641560
2000-08-09,13.7684,13.79,13.4971,13.4971,13.4971,3971723
2000-08-10,13.7002,13.7002,13.4211,13.4753,13.4753,2683525
2000-08-11,13.3797,13.9953,13.3797,13.862,13.862,3844658
2000-08-14,13.9715,14.0239,13.7684,14.0239,14.0239,5597417
2000-08-15,14.1097,14.1836,13.7436,13.8847,13.8847,3464258
2000-08-16,13.9252,14.1097,13.8167,13.862,13.862,3925813
2000-08-17,13.8847,13.9252,13.719,13.7436,13.7436,2405609
2000-08-18,13.79,13.862,13.5375,13.719,13.719,2692815
2000-08-21,13.7436,13.7684,13.4211,13.5375,13.5375,2087244
2000-08-22,13.6046,13.6578,13.4211,13.5839,13.5839,2606461
2000-08-23,13.6046,13.6046,13.3106,13.3353,13.3353,2681335
2000-08-24,13.3106,13.5375,13.2899,13.5375,13.5375,3213396
2000-08-25,13.4971,13.5839,13.3797,13.5187,13.5187,1913173
2000-08-28,13.5375,13.5572,13.1508,13.3589,13.3589,3646805
2000-08-29,13.7002,14.0425,13.5572,13.6786,13.6786,5622551
2000-08-30,13.5839,13.8167,13.1744,13.4971,13.4971,5449297
2000-08-31,13.2899,13.6046,13.1074,13.1962,13.1962,6605790
2000-09-01,13.2179,13.4753,13.0117,13.3984,13.3984,3503060
2000-09-05,13.4211,13.9252,13.3106,13.6786,13.6786,3929096
2000-09-06,13.6786,14.0879,13.6786,13.8847,13.8847,3963253
2000-09-07,13.9953,14.0239,13.6786,13.6786,13.6786,6527906
2000-09-08,13.6786,13.7436,13.4753,13.5839,13.5839,4224226
2000-09-11,13.5839,14.1097,13.5572,13.7684,13.7684,3445681
2000-09-12,13.7002,13.9252,13.5572,13.6578,13.6578,4359496
2000-09-13,13.8167,14.0879,13.7436,13.8847,13.8847,2913069
2000-09-14,14.0663,14.229,13.9252,14.0879,14.0879,5722572
2000-09-15,13.5572,13.8167,13.3589,13.4537,13.4537,8208793
2000-09-18,13.3797,13.3984,12.7197,12.9456,12.9456,7622899
2000-09-19,12.6891,12.991,12.4444,12.7433,12.7433,7106688
2000-09-20,12.6891,12.8085,12.5599,12.6487,12.6487,4802740
2000-09-21,12.7197,12.8085,12.4868,12.5076,12.5076,3296202
2000-09-22,12.4868,12.8085,12.4198,12.626,12.626,3559905
2000-09-25,12.6891,12.9279,12.6023,12.7433,12.7433,2809774
2000-09-26,12.5806,12.6891,12.3981,12.5806,12.5806,3832355
2000-09-27,12.4198,12.4868,11.6661,12.0341,12.0341,10191107
2000-09-28,11.7076,12.4868,11.7076,12.2195,12.2195,6648690
2000-09-29,12.3014,12.4868,10.4074,11.1384,11.1384,4889367
2000-10-02,11.1384,12.3014,11.1384,12.3014,12.3014,9057024
2000-10-03,12.2807,12.9279,12.2807,12.6023,12.6023,6034103
2000-10-04,12.626,12.8963,12.5076,12.626,12.626,4829250
2000-10-05,12.626,12.7849,12.5274,12.5806,12.5806,3790547
2000-10-06,12.6023,12.8085,12.3981,12.3981,12.3981,3483388
2000-10-09,12.3981,12.5806,12.3527,12.4198,12.4198,1802495
2000-10-10,12.2571,12.3764,11.9591,11.9868,11.9868,3702280
2000-10-11,11.9374,12.2195,11.6869,11.9374,11.9374,5111537
2000-10-12,11.9158,11.9374,11.2054,11.4609,11.4609,6559057
2000-10-13,11.162,11.4304,11.094,11.3899,11.3899,4851933
2000-10-16,11.3455,11.5251,11.2538,11.4116,11.4116,4675674
2000-10-17,11.4609,11.5053,10.9095,10.9569,10.9569,4467438
2000-10-18,10.9341,10.9341,10.73,10.8148,10.8148,7604867
2000-10-19,10.9569,11.1838,10.9095,11.0664,11.0664,4299922
2000-10-20,11.021,11.3208,11.021,11.1384,11.1384,3238537
2000-10-23,11.2054,11.5705,11.1384,11.4116,11.4116,3724137
2000-10-24,11.5053,11.7076,11.4609,11.5705,11.5705,4705459
2000-10-25,11.3002,11.6227,11.3002,11.3672,11.3672,3297292
2000-10-26,11.3002,11.7322,11.2755,11.5467,11.5467,3629858
2000-10-27,11.6227,11.9374,11.6227,11.9374,11.9374,4373164
2000-10-30,11.892,12.991,11.7984,12.6891,12.6891,7839879
2000-10-31,12.6891,13.0117,12.3014,12.7433,12.7433,9079710
2000-11-01,12.7641,12.991,12.5599,12.626,12.626,4568273
2000-11-02,12.8292,12.8963,12.626,12.6487,12.6487,3227608
2000-11-03,12.6655,12.7197,12.5599,12.6487,12.6487,2833820
2000-11-06,12.6487,13.3106,12.6487,13.1508,13.1508,4411692
2000-11-07,12.9456,13.1744,12.9279,13.1282,13.1282,3466719
2000-11-08,13.0856,13.4211,12.8292,13.2406,13.2406,3478745
2000-11-09,13.3106,13.4537,12.9673,13.2899,13.2899,3891381
2000-11-10,13.1962,13.2179,12.991,12.991,12.991,3766221
2000-11-13,12.7849,13.1962,12.7849,13.1508,13.1508,4188429
2000-11-14,13.059,13.1962,12.9673,13.1074,13.1074,3103541
2000-11-15,13.1962,13.4211,13.1074,13.3353,13.3353,3874713
2000-11-16,13.3353,13.3353,13.0117,13.1962,13.1962,2508080
2000-11-17,13.2899,13.6046,13.2406,13.4211,13.4211,3549246
2000-11-20,13.3353,13.5375,13.2623,13.5187,13.5187,4274506
2000-11-21,13.5187,13.9715,13.5187,13.8847,13.8847,5008515
2000-11-22,13.79,13.862,13.6292,13.719,13.719,2912796
2000-11-24,13.719,14.1551,13.7002,14.1097,14.1097,2029861
2000-11-27,14.2073,14.451,13.9489,14.4135,14.4135,4020090
2000-11-28,14.1313,14.2488,13.9953,14.1551,14.1551,2488134
2000-11-29,14.1551,14.7253,14.1551,14.5693,14.5693,3897393
2000-11-30,14.3366,14.9156,14.2488,14.2685,14.2685,5444104
2000-12-01,14.3366,14.9798,14.3366,14.7765,14.7765,4103989
2000-12-04,14.8199,15.9613,14.7972,15.7374,15.7374,8229835
2000-12-05,15.5766,16.0797,15.2303,15.7591,15.7591,8051938
2000-12-06,15.4128,15.5055,15.0261,15.0902,15.0902,4217668
2000-12-07,15.4355,15.4355,15.0044,15.0902,15.0902,3091792
2000-12-08,15.1839,15.3033,14.887,15.1208,15.1208,3815145
2000-12-11,15.2076,15.4602,14.8643,15.3931,15.3931,4188158
2000-12-12,15.2076,15.8527,15.2076,15.3931,15.3931,5589490
2000-12-13,15.62,15.687,15.0498,15.1435,15.1435,3753380
2000-12-14,14.5693,14.8643,14.5693,14.7765,14.7765,2920724
2000-12-15,14.8643,15.0498,14.7972,14.8199,14.8199,6253539
2000-12-18,14.7253,15.4848,14.5693,15.3704,15.3704,5018898
2000-12-19,15.3931,15.7591,15.0498,15.5766,15.5766,7371761
2000-12-20,15.3457,15.7374,14.9798,15.6486,15.6486,7937980
2000-12-21,15.4602,16.3086,15.3457,16.2612,16.2612,8150313
2000-12-22,16.0797,16.9704,16.058,16.9212,16.9212,7847802
2000-12-26,16.9212,17.3374,16.854,17.3374,17.3374,5076558
2000-12-27,17.1343,17.2644,16.8334,17.2447,17.2447,5106345
2000-12-28,17.1105,17.3147,16.7643,17.2861,17.2861,3495958
2000-12-29,17.0819,17.4065,16.9922,17.1757,17.1757,4169845
2001-01-02,16.789,17.1539,16.5531,16.8126,16.8126,4488482
2001-01-03,16.2612,16.9517,15.8222,16.8788,16.8788,10335119
2001-01-04,16.8788,18.0201,16.8788,17.6807,17.6807,12501336
2001-01-05,17.6097,17.6097,16.4693,16.6489,16.6489,9643467
2001-01-08,16.4901,16.6962,16.3983,16.6055,16.6055,5126569
2001-01-09,16.6055,16.6055,16.3086,16.5827,16.5827,5242162
2001-01-10,16.5137,16.5531,16.0145,16.3746,16.3746,4994031
2001-01-11,16.4901,16.5137,16.0323,16.5137,16.5137,4605991
2001-01-12,16.4467,16.4467,15.5055,15.8775,15.8775,4774322
2001-01-16,15.8961,16.2375,15.6486,16.2375,16.2375,5792534
2001-01-17,16.2375,16.5531,16.1024,16.3539,16.3539,6094221
2001-01-18,15.3241,15.3931,14.6385,15.2816,15.2816,12524567
2001-01-19,15.0044,15.0261,14.5693,14.8643,14.8643,7518512
2001-01-22,14.8643,15.1632,14.5693,14.959,14.959,6366944
2001-01-23,14.959,15.3704,14.9156,15.2303,15.2303,7914479
2001-01-24,15.0498,15.687,15.0044,15.4355,15.4355,5014802
2001-01-25,15.687,16.1221,15.5282,15.8527,15.8527,4806292
2001-01-26,15.7788,16.0145,15.5766,15.8222,15.8222,4228049
2001-01-29,15.7374,16.0323,15.6693,15.7788,15.7788,3333363
2001-01-30,15.8222,16.2858,15.4602,16.2375,16.2375,6387990
2001-01-31,16.2375,16.4693,16.1024,16.1902,16.1902,5313759
2001-02-01,16.2858,16.3292,15.9869,16.2158,16.2158,3740537
2001-02-02,16.1902,16.4467,16.058,16.1902,16.1902,3262041
2001-02-05,16.1024,16.2375,16.0145,16.0145,16.0145,2490870
2001-02-06,16.058,16.1221,15.8527,15.9179,15.9179,3140156
2001-02-07,15.9386,16.058,15.8775,15.9613,15.9613,2423643
2001-02-08,15.9613,16.0145,15.6693,15.8005,15.8005,2669860
2001-02-09,15.7591,15.8222,15.5519,15.7374,15.7374,4265486
2001-02-12,15.8222,16.058,15.7788,15.7788,15.7788,4345831
2001-02-13,15.7788,16.1458,15.7788,15.8222,15.8222,3960248
2001-02-14,16.0797,16.2858,15.6693,15.7127,15.7127,3682054
2001-02-15,15.9179,16.4693,15.8961,16.1458,16.1458,4764486
2001-02-16,16.0797,16.3539,15.9179,15.9869,15.9869,4544775
2001-02-20,15.8775,15.8775,15.3033,15.3033,15.3033,5788977
2001-02-21,15.3931,15.4602,14.959,14.9798,14.9798,4238438
2001-02-22,15.1435,15.1632,14.7035,14.887,14.887,4437105
2001-02-23,14.887,14.9156,14.5516,14.6581,14.6581,4451041
2001-02-26,14.887,15.3241,14.8446,15.2303,15.2303,2961713
2001-02-27,15.2076,15.5944,15.2076,15.5519,15.5519,5074103
2001-02-28,15.4848,15.8005,15.2076,15.2303,15.2303,4051523
2001-03-01,15.2303,15.6486,15.1839,15.3704,15.3704,4559528
2001-03-02,15.4602,15.8961,15.4128,15.62,15.62,3541048
2001-03-05,15.9613,16.3539,15.8527,16.2158,16.2158,4977636
2001-03-06,16.4901,16.5345,16.1458,16.2858,16.2858,5063711
2001-03-07,16.789,17.1343,16.5137,17.1343,17.1343,8931872
2001-03-08,17.2003,17.5663,17.1757,17.4982,17.4982,10297680
2001-03-09,17.4766,17.4766,16.9517,17.1343,17.1343,6741327
2001-03-12,16.6489,17.1343,16.3746,16.4467,16.4467,6214460
2001-03-13,16.4693,16.9212,16.421,16.854,16.854,5900746
2001-03-14,16.3539,16.6489,16.3086,16.3746,16.3746,6060612
2001-03-15,16.3746,16.5345,16.3086,16.4693,16.4693,3553072
2001-03-16,16.6735,16.6735,16.1902,16.3292,16.3292,7397452
2001-03-19,16.3372,16.5679,16.1024,16.5197,16.5197,3947950
2001-03-20,16.4299,16.6814,16.0323,16.0491,16.0491,6454394
2001-03-21,15.8222,15.8222,15.1997,15.4355,15.4355,7566608
2001-03-22,15.3546,15.3546,14.6887,15.1366,15.1366,6049403
2001-03-23,15.3151,15.3625,14.8347,15.2885,15.2885,6398917
2001-03-26,15.5894,16.0145,15.4513,15.7127,15.7127,6261464
2001-03-27,15.7127,16.3904,15.5361,16.3904,16.3904,6462046
2001-03-28,16.3904,16.6489,15.9455,16.6489,16.6489,6674649
2001-03-29,16.2454,16.3746,15.8301,16.3292,16.3292,8872025
2001-03-30,16.2532,16.4377,16.0205,16.2375,16.2375,4173673
2001-04-02,16.2454,16.7248,16.0244,16.2612,16.2612,5921238
2001-04-03,16.0876,16.0876,15.1839,15.4286,15.4286,8508025
2001-04-04,15.3546,16.0718,15.3299,15.9317,15.9317,5041854
2001-04-05,15.9317,16.8334,15.9317,16.7495,16.7495,6405204
2001-04-06,16.4969,16.5059,16.058,16.2996,16.2996,5526365
2001-04-09,16.3588,16.7179,16.3174,16.4615,16.4615,5834612
2001-04-10,16.5059,17.2003,16.4693,16.7248,16.7248,6958031
2001-04-11,16.8334,16.8698,16.4377,16.5197,16.5197,4659819
2001-04-12,16.4545,17.2003,16.4545,17.2003,17.2003,4509247
2001-04-16,16.9428,17.2861,16.6962,17.1105,17.1105,5139959
2001-04-17,17.0158,17.0158,16.6203,16.7446,16.7446,7915030
2001-04-18,16.7978,17.9323,16.7031,17.734,17.734,10782465
2001-04-19,17.5663,17.5663,17.1845,17.448,17.448,4414151
2001-04-20,17.2003,17.6442,17.1471,17.52,17.52,4216303
2001-04-23,17.6521,17.7103,17.4766,17.6521,17.6521,4463618
2001-04-24,17.7635,17.9905,17.6383,17.6728,17.6728,6831778
2001-04-25,17.6955,18.3111,17.3976,18.2973,18.2973,7134841
2001-04-26,18.2973,18.4443,17.9747,18.0644,18.0644,6928241
2001-04-27,18.2095,18.5991,18.0852,18.4127,18.4127,5644140
2001-04-30,18.4275,18.8468,18.3703,18.3703,18.3703,6906930
2001-05-01,18.3703,18.6642,18.1374,18.5824,18.5824,6309284
2001-05-02,18.6642,18.6642,18.0772,18.4057,18.4057,5715743
2001-05-03,18.246,18.3851,17.9076,18.3111,18.3111,3779890
2001-05-04,17.9678,18.5143,17.9461,18.4945,18.4945,5564076
2001-05-07,18.3338,19.0737,18.3338,18.8468,18.8468,8124624
2001-05-08,18.9543,19.1161,18.8961,18.9779,18.9779,6216373
2001-05-09,18.9779,19.2838,18.8961,19.0283,19.0283,4815310
2001-05-10,19.1023,19.7602,19.0885,19.5481,19.5481,7356193
2001-05-11,19.6172,19.7247,19.3794,19.4682,19.4682,7931151
2001-05-14,19.3932,19.4771,19.1772,19.3312,19.3312,4512801
2001-05-15,19.0283,19.6172,18.9543,19.4446,19.4446,8263991
2001-05-16,19.3578,20.6757,19.2887,20.4626,20.4626,8992263
2001-05-17,20.3077,20.508,20.2131,20.2131,20.2131,10123875
2001-05-18,20.2209,20.3077,19.8707,20.2131,20.2131,4981184
2001-05-21,19.9438,20.3817,19.8322,20.3817,20.3817,6524625
2001-05-22,20.3817,20.6757,20.2929,20.5642,20.5642,5882707
2001-05-23,20.5573,20.7911,20.0878,20.1302,20.1302,8511579
2001-05-24,20.1302,20.2131,19.7602,19.9072,19.9072,8141843
2001-05-25,19.9438,19.996,19.7021,19.7602,19.7602,4278605
2001-05-29,19.5827,20.2288,19.5827,20.1755,20.1755,5306651
2001-05-30,20.1302,20.1302,19.489,19.5432,19.5432,6623548
2001-05-31,19.6172,20.0128,19.6073,19.8184,19.8184,3873348
2001-06-01,19.7977,20.1627,19.6793,20.0739,20.0739,3971995
2001-06-04,20.0739,20.508,19.8993,20.4143,20.4143,3785901
2001-06-05,20.4064,20.4784,20.1055,20.4547,20.4547,4740986
2001-06-06,20.2732,20.433,19.921,19.996,19.996,3125401
2001-06-07,19.7602,20.1755,19.7307,20.1203,20.1203,4246635
2001-06-08,20.1203,20.1203,19.5995,19.8776,19.8776,3812678
2001-06-11,19.6172,19.7977,19.3232,19.5284,19.5284,4267949
2001-06-12,19.4682,19.7819,19.3932,19.6941,19.6941,4160554
2001-06-13,19.6941,19.9368,19.6725,19.777,19.777,2283731
2001-06-14,19.7602,19.9832,19.5915,19.8244,19.8244,5701806
2001-06-15,19.8244,19.9368,19.7484,19.8115,19.8115,8739759
2001-06-18,19.777,20.0631,19.777,19.929,19.929,4041954
2001-06-19,19.9604,20.0128,19.6439,19.7247,19.7247,5978628
2001-06-20,19.7602,20.3886,19.7602,20.3077,20.3077,5661637
2001-06-21,20.2732,20.6757,20.2465,20.4932,20.4932,7061060
2001-06-22,20.2929,20.4547,19.8628,19.996,19.996,5087486
2001-06-25,19.9438,19.996,19.2472,19.263,19.263,7411664
2001-06-26,18.9395,19.6497,18.9227,19.4682,19.4682,9780921
2001-06-27,19.483,19.7484,19.0283,19.1289,19.1289,6995468
2001-06-28,19.1368,19.346,18.4443,18.536,18.536,13560809
2001-06-29,18.2095,18.6258,18.1128,18.3111,18.3111,11201936
2001-07-02,18.3111,19.1161,18.3111,19.0155,19.0155,5629389
2001-07-03,19.0283,19.1289,18.8813,19.0283,19.0283,2931928
2001-07-05,18.9927,19.1023,18.8616,18.9119,18.9119,4390924
2001-07-06,18.9395,18.9395,18.1512,18.1512,18.1512,5127389
2001-07-09,18.3851,18.7146,18.2973,18.4443,18.4443,3725507
2001-07-10,18.6258,18.6327,17.8504,17.8504,17.8504,5831336
2001-07-11,17.9836,18.3239,17.879,17.9323,17.9323,5578010
2001-07-12,18.2608,19.0431,18.2608,18.9927,18.9927,6395095
2001-07-13,19.0283,19.2778,18.9927,19.2048,19.2048,5935175
2001-07-16,19.1605,19.1989,18.3485,18.4275,18.4275,4441748
2001-07-17,18.8468,19.9438,18.8112,19.5915,19.5915,14066084
2001-07-18,19.483,19.6941,18.9701,19.2778,19.2778,8429868
2001-07-19,19.4318,20.0631,19.3578,19.8322,19.8322,8382596
2001-07-20,20.0374,20.1134,19.6725,19.7602,19.7602,4427541
2001-07-23,19.8244,19.929,19.416,19.7247,19.7247,4004517
2001-07-24,19.7602,19.8322,19.2778,19.3578,19.3578,8973407
2001-07-25,19.4682,19.6172,19.1437,19.3932,19.3932,9604663
2001-07-26,19.3312,19.4318,18.9927,19.2394,19.2394,6519155
2001-07-27,19.1023,19.3054,19.1023,19.3054,19.3054,6023719
2001-07-30,19.5028,19.6793,19.4228,19.5915,19.5915,3850663
2001-07-31,19.7602,20.3077,19.6725,20.1627,20.1627,6677654
2001-08-01,20.0739,20.3886,19.5767,19.7484,19.7484,6844077
2001-08-02,19.849,20.0196,19.5767,19.9832,19.9832,5002501
2001-08-03,19.929,19.9674,19.483,19.929,19.929,3086052
2001-08-06,19.7602,19.7691,19.1289,19.3794,19.3794,3168032
2001-08-07,19.3054,19.6073,19.1989,19.5028,19.5028,3791365
2001-08-08,19.2838,19.5028,19.2127,19.3054,19.3054,6376510
2001-08-09,19.1023,19.1772,18.8024,19.1605,19.1605,6130841
2001-08-10,19.1368,19.9438,18.9207,19.6301,19.6301,5746076
2001-08-13,19.5028,19.8776,19.4958,19.7691,19.7691,3562363
2001-08-14,19.6725,19.7908,19.4958,19.7099,19.7099,4756833
2001-08-15,19.7178,20.2603,19.7178,20.2061,20.2061,6572720
2001-08-16,20.2002,20.2002,19.7908,19.8115,19.8115,6735313
2001-08-17,19.849,19.929,19.416,19.6725,19.6725,4724041
2001-08-20,19.6172,19.6172,19.1161,19.3054,19.3054,5740062
2001-08-21,19.3932,19.4318,19.1239,19.1772,19.1772,7659243
2001-08-22,19.2472,19.5028,19.1161,19.5028,19.5028,7025255
2001-08-23,19.2472,19.2472,18.612,18.9543,18.9543,7243600
2001-08-24,18.9543,19.1289,18.6642,19.1161,19.1161,6745701
2001-08-27,19.1368,19.2778,19.1023,19.1989,19.1989,2713583
2001-08-28,19.1989,19.1989,18.8734,19.0815,19.0815,2875906
2001-08-29,19.0815,19.0815,18.6258,18.7284,18.7284,4293365
2001-08-30,18.5912,18.8112,18.1128,18.2973,18.2973,5230683
2001-08-31,18.2608,18.7284,18.1306,18.2973,18.2973,4560352
2001-09-04,18.2973,18.833,18.0772,18.4363,18.4363,7391714
2001-09-05,18.5912,18.5912,18.2164,18.4057,18.4057,4832253
2001-09-06,18.4945,18.9395,18.4945,18.7146,18.7146,8441894
2001-09-07,18.7146,18.7146,17.8425,17.879,17.879,6952568
2001-09-10,17.5663,17.6955,17.2141,17.6018,17.6018,7531351
2001-09-17,17.2003,17.734,16.0491,16.3539,16.3539,11057372
2001-09-18,16.3539,17.365,16.3539,16.7308,16.7308,7597210
2001-09-19,16.781,16.9626,15.8449,16.2454,16.2454,6733943
2001-09-20,16.2858,16.4545,15.1681,15.2639,15.2639,8094841
2001-09-21,15.0044,16.1378,14.7558,16.1142,16.1142,13393295
2001-09-24,16.4821,17.3453,16.4821,16.8788,16.8788,7681104
2001-09-25,16.8788,17.1185,16.5059,16.9704,16.9704,6159532
2001-09-26,16.7584,16.7584,15.9869,16.13,16.13,8541639
2001-09-27,16.1378,16.2858,15.6022,16.0244,16.0244,6591848
2001-09-28,16.0244,16.6489,15.8449,16.3904,16.3904,5887628
2001-10-01,16.4151,16.4151,15.8695,16.0935,16.0935,5752634
2001-10-02,16.1842,16.7308,16.13,16.6133,16.6133,4924350
2001-10-03,16.5197,17.4904,16.3588,17.3522,17.3522,6351096
2001-10-04,17.3818,17.6955,17.3305,17.3522,17.3522,5806193
2001-10-05,17.4982,17.6521,17.2003,17.6521,17.6521,5130942
2001-10-08,17.4548,17.4548,16.9369,17.0691,17.0691,5609440
2001-10-09,16.8698,17.2141,16.8334,17.1609,17.1609,3788357
2001-10-10,16.7584,17.3818,16.6489,17.3147,17.3147,9168521
2001-10-11,17.4065,18.2608,17.365,18.0398,18.0398,6594581
2001-10-12,17.7863,17.9244,17.4548,17.7635,17.7635,7543652
2001-10-15,17.5821,17.6955,17.4548,17.6383,17.6383,3049707
2001-10-16,17.2003,17.6383,17.0553,17.5821,17.5821,9047739
2001-10-17,17.6018,17.7103,17.1343,17.1677,17.1677,7967494
2001-10-18,17.0464,17.1845,16.781,16.9774,16.9774,4352663
2001-10-19,17.1263,17.1263,16.5739,16.7446,16.7446,4847283
2001-10-22,16.712,17.0889,16.6133,17.0464,17.0464,7430239
2001-10-23,17.2003,17.222,16.8196,16.8984,16.8984,3941937
2001-10-24,16.8876,16.9991,16.5423,16.6341,16.6341,4510882
2001-10-25,16.4821,17.0957,16.2158,16.9626,16.9626,5023547
2001-10-26,16.9991,17.4232,16.9852,17.3098,17.3098,3457429
2001-10-29,17.2358,17.3818,16.7248,16.7248,16.7248,3281715
2001-10-30,16.7248,16.7248,16.3233,16.4299,16.4299,4818043
2001-10-31,16.6341,16.7031,16.3539,16.3667,16.3667,4574013
2001-11-01,16.5423,16.6005,15.9939,16.5423,16.5423,6713728
2001-11-02,16.5059,16.7584,16.3372,16.7308,16.7308,4222862
2001-11-05,16.8196,16.9991,16.7584,16.8698,16.8698,4807935
2001-11-06,16.9212,17.4904,16.7366,17.4834,17.4834,6118814
2001-11-07,17.4232,17.879,17.2723,17.6728,17.6728,6556325
2001-11-08,17.7103,18.2282,17.6728,17.7103,17.7103,6336614
2001-11-09,17.7793,17.9165,17.4232,17.6521,17.6521,4076113
2001-11-12,17.5821,17.8425,17.2003,17.4834,17.4834,2841750
2001-11-13,17.8425,18.0772,17.7103,17.9165,17.9165,4992669
2001-11-14,18.2835,18.2835,17.6728,17.7034,17.7034,6421053
2001-11-15,17.6728,17.6728,17.3522,17.5939,17.5939,3659378
2001-11-16,17.7497,18.0201,17.6176,17.9678,17.9678,7059415
2001-11-19,18.0644,18.3485,17.8425,18.2973,18.2973,6385253
2001-11-20,18.1128,18.2026,17.7567,18.0062,18.0062,6528720
2001-11-21,18.0062,18.0644,17.6679,17.7182,17.7182,4507884
2001-11-23,17.7182,17.7971,17.6314,17.7971,17.7971,2971825
2001-11-26,17.8928,18.0201,17.6955,18.0201,18.0201,3381457
2001-11-27,17.7971,18.0201,17.5515,17.8199,17.8199,5072734
2001-11-28,17.8199,17.8199,17.5663,17.6314,17.6314,2754845
2001-11-29,17.6314,17.7103,17.3976,17.6383,17.6383,4217938
2001-11-30,17.4766,17.6314,17.3147,17.3522,17.3522,4912872
2001-12-03,17.3522,17.3818,17.0889,17.3453,17.3453,4723491
2001-12-04,17.4332,17.7497,17.2792,17.734,17.734,3230613
2001-12-05,17.9323,18.6642,17.879,18.4945,18.4945,6298903
2001-12-06,18.6484,18.9119,18.4659,18.4827,18.4827,6461225
2001-12-07,18.3703,18.8961,18.3338,18.7146,18.7146,5887900
2001-12-10,18.7146,18.7146,18.2608,18.2973,18.2973,5593315
2001-12-11,18.2973,18.7008,18.2973,18.4827,18.4827,3966259
2001-12-12,18.4827,18.679,18.3781,18.6642,18.6642,5171111
2001-12-13,18.5291,18.7146,18.3338,18.3781,18.3781,3342106
2001-12-14,18.3111,18.3851,17.8199,18.3239,18.3239,6265566
2001-12-17,18.1868,18.5015,18.1868,18.2608,18.2608,3315869
2001-12-18,18.4827,18.9473,18.4659,18.7954,18.7954,3596251
2001-12-19,18.7954,19.0815,18.6692,19.0431,19.0431,5276320
2001-12-20,18.9543,18.9612,18.4945,18.5143,18.5143,3757750
2001-12-21,18.7481,18.9119,18.7362,18.833,18.833,4598610
2001-12-24,18.833,19.1161,18.833,19.0283,19.0283,1173426
2001-12-26,18.9779,19.3232,18.9395,19.1989,19.1989,2404783
2001-12-27,19.1989,19.3794,19.1161,19.3054,19.3054,1825999
2001-12-28,19.3578,19.483,19.1437,19.4613,19.4613,2785181
2001-12-31,19.346,19.4318,19.1023,19.1161,19.1161,2792556
2002-01-02,19.1605,19.2472,18.6642,18.8961,18.8961,5429078
2002-01-03,18.904,19.1605,18.833,19.1437,19.1437,4302388
2002-01-04,19.1772,19.777,19.1772,19.7099,19.7099,6873593
2002-01-07,19.6725,19.7977,19.408,19.4446,19.4446,3743544
2002-01-08,19.1605,19.1683,18.6642,18.7954,18.7954,8743307
2002-01-09,18.9779,19.3312,18.8112,18.8694,18.8694,4612548
2002-01-10,18.8112,18.9543,18.5824,18.7146,18.7146,3398124
2002-01-11,18.7954,18.9927,18.5991,18.5991,18.5991,3303850
2002-01-14,18.5745,18.7481,18.4511,18.4827,18.4827,3734252
2002-01-15,18.4827,18.6258,18.1868,18.2095,18.2095,4222037
2002-01-16,18.2095,18.2095,17.5742,17.6176,17.6176,6104879
2002-01-17,17.6018,18.1641,17.6018,18.0477,18.0477,5447115
2002-01-18,18.0477,18.1434,17.9165,17.9244,17.9244,4537398
2002-01-22,17.9323,18.0644,17.6314,17.6314,17.6314,4388190
2002-01-23,17.4548,17.879,17.1105,17.8425,17.8425,7871577
2002-01-24,17.8425,18.246,17.7863,17.9678,17.9678,3382551
2002-01-25,18.0398,18.3989,17.8928,18.3338,18.3338,3525748
2002-01-28,18.3485,18.7954,18.3338,18.5991,18.5991,4716933
2002-01-29,18.607,18.6642,18.1868,18.1868,18.1868,4473173
2002-01-30,18.098,18.3781,17.5663,18.3703,18.3703,7713355
2002-01-31,18.3338,18.4511,17.9678,18.3989,18.3989,4391739
2002-02-01,18.4827,18.5291,18.1947,18.4887,18.4887,3928820
2002-02-04,18.4057,18.7146,17.9461,17.9461,17.9461,3998233
2002-02-05,17.9461,18.2095,17.8061,17.8504,17.8504,4646157
2002-02-06,17.8504,17.9836,17.4548,17.7903,17.7903,7204520
2002-02-07,17.7497,17.7971,17.3522,17.3522,17.3522,4073926
2002-02-08,17.4232,17.7497,17.3147,17.7497,17.7497,3461802
2002-02-11,17.6521,18.2835,17.6314,18.2164,18.2164,4725952
2002-02-12,18.1512,18.5143,17.9678,18.3851,18.3851,5721479
2002-02-13,18.3851,18.7146,18.3338,18.5824,18.5824,6045307
2002-02-14,18.612,18.833,18.4739,18.4945,18.4945,3603080
2002-02-15,18.5745,18.5824,18.2223,18.2677,18.2677,4285168
2002-02-19,18.2223,18.3703,17.9323,18.2608,18.2608,4759837
2002-02-20,18.3703,18.8398,18.2677,18.7008,18.7008,6843805
2002-02-21,18.7481,19.2394,18.6928,18.9859,18.9859,5467886
2002-02-22,18.7708,19.3578,18.7708,19.2778,19.2778,5850737
2002-02-25,19.5767,20.5642,19.5767,20.5149,20.5149,14289350
2002-02-26,20.5268,20.7842,20.142,20.4784,20.4784,8870109
2002-02-27,20.508,20.6442,20.2603,20.4547,20.4547,5451762
2002-02-28,20.4547,20.6036,20.2465,20.3077,20.3077,6182760
2002-03-01,20.2732,20.8227,20.0374,20.6096,20.6096,7848894
2002-03-04,20.6372,21.6641,20.6294,21.6217,21.6217,8972313
2002-03-05,21.5733,21.7016,20.8947,21.2252,21.2252,9878481
2002-03-06,21.1472,21.672,21.1226,21.5981,21.5981,7515230
2002-03-07,21.8476,21.8842,21.3534,21.4136,21.4136,6533913
2002-03-08,21.6405,21.9344,21.5901,21.7066,21.7066,7539556
2002-03-11,21.6217,21.7716,21.5013,21.6277,21.6277,4651625
2002-03-12,21.3702,21.7016,21.3702,21.5517,21.5517,6408754
2002-03-13,21.4817,21.5517,21.0417,21.0417,21.0417,6794887
2002-03-14,21.1098,21.8102,21.1098,21.4679,21.4679,8157965
2002-03-15,21.5457,21.9562,21.5181,21.8762,21.8762,9677351
2002-03-18,21.8762,21.8762,21.5181,21.6335,21.6335,5669285
2002-03-19,21.8052,21.9344,21.5901,21.7016,21.7016,6075092
2002-03-20,21.6789,21.8674,21.2252,21.238,21.238,5959776
2002-03-21,21.0545,21.1719,20.7122,20.8947,20.8947,6590481
2002-03-22,20.8947,21.2252,20.6244,20.9085,20.9085,4865596
2002-03-25,21.094,21.1719,20.4547,20.4705,20.4705,5722303
2002-03-26,20.4399,21.0052,20.361,20.582,20.582,6445103
2002-03-27,20.6372,21.2252,20.6036,21.0417,21.0417,6122639
2002-03-28,21.1413,21.1542,20.8069,20.8069,20.8069,4157824
2002-04-01,20.8611,20.9411,20.4932,20.8286,20.8286,3513997
2002-04-02,20.8286,20.8463,20.5642,20.6372,20.6372,4121752
2002-04-03,20.5445,20.5504,19.9072,20.0966,20.0966,6791882
2002-04-04,20.0966,20.6905,20.0878,20.2732,20.2732,7153970
2002-04-05,20.4202,21.1364,20.4202,20.9903,20.9903,6688858
2002-04-08,20.9903,21.1956,20.6442,21.1364,21.1364,4912323
2002-04-09,21.1956,21.5309,21.0792,21.1808,21.1808,4281612
2002-04-10,21.3534,21.818,21.2626,21.7716,21.7716,6110344
2002-04-11,21.6069,21.8102,21.305,21.3781,21.3781,5110986
2002-04-12,21.6277,21.6641,21.1719,21.2124,21.2124,4622380
2002-04-15,21.2626,21.3346,20.8749,21.2252,21.2252,4082124
2002-04-16,21.2252,21.2252,20.6442,20.729,20.729,12060827
2002-04-17,20.6757,20.8069,20.2131,20.4202,20.4202,8221636
2002-04-18,20.2929,20.2929,19.9438,20.0966,20.0966,6607151
2002-04-19,20.2732,20.2929,20.0463,20.142,20.142,3642161
2002-04-22,20.142,20.1627,19.6172,19.6941,19.6941,5410221
2002-04-23,19.7247,19.7602,19.416,19.4318,19.4318,6139584
2002-04-24,19.4682,20.0631,19.3932,19.3932,19.3932,4062722
2002-04-25,19.3932,19.6439,19.1081,19.6172,19.6172,6115264
2002-04-26,19.8115,19.9438,19.4446,19.8115,19.8115,6714003
2002-04-29,19.8184,19.8776,19.3578,19.3578,19.3578,4375892
2002-04-30,19.4682,20.1755,19.3578,19.9882,19.9882,6167187
2002-05-01,19.9882,20.0562,19.4228,19.8115,19.8115,6678478
2002-05-02,19.9072,20.1755,19.7484,19.996,19.996,4255929
2002-05-03,19.996,20.0739,19.5028,19.7602,19.7602,5188597
2002-05-06,19.5767,19.6301,19.1023,19.1772,19.1772,5519803
2002-05-07,19.3578,19.3794,19.0737,19.2472,19.2472,5220840
2002-05-08,19.7099,20.2002,19.6725,20.1341,20.1341,6112527
2002-05-09,20.1302,20.1302,19.5827,19.7099,19.7099,4200175
2002-05-10,19.7099,19.7099,19.2887,19.3312,19.3312,5085580
2002-05-13,19.3232,19.483,19.0657,19.3054,19.3054,5226855
2002-05-14,19.8115,19.8934,19.489,19.849,19.849,6835606
2002-05-15,19.9438,20.6244,19.8934,20.4932,20.4932,8050021
2002-05-16,20.4547,20.5642,20.0374,20.1913,20.1913,4832253
2002-05-17,20.2288,20.3758,19.9438,20.0463,20.0463,4474270
2002-05-20,20.0463,20.0562,19.6231,19.777,19.777,5746893
2002-05-21,19.8707,19.9438,19.5205,19.5551,19.5551,3635053
2002-05-22,19.5629,19.8628,19.408,19.8628,19.8628,4185972
2002-05-23,19.849,20.0128,19.6231,19.849,19.849,5269762
2002-05-24,19.8401,19.9516,19.7307,19.7484,19.7484,3282810
2002-05-28,19.8322,19.9072,19.4318,19.5767,19.5767,2615752
2002-05-29,19.5699,19.5767,19.0943,19.2127,19.2127,5831881
2002-05-30,19.0155,19.1161,18.7481,19.0283,19.0283,5597417
2002-05-31,19.0283,19.3864,18.9859,19.1289,19.1289,4396383
2002-06-03,19.2196,19.3864,18.8616,18.9779,18.9779,5260202
2002-06-04,18.9395,19.0007,18.1434,18.607,18.607,6139854
2002-06-05,18.5143,18.9473,18.4945,18.8172,18.8172,4722399
2002-06-06,18.8468,18.8961,18.246,18.3851,18.3851,3169399
2002-06-07,18.3851,18.6642,18.246,18.5212,18.5212,4369333
2002-06-10,18.5912,18.6554,18.2904,18.4945,18.4945,2463815
2002-06-11,18.7008,18.9859,18.1306,18.1306,18.1306,4785250
2002-06-12,17.9392,17.9836,17.5821,17.9836,17.9836,7606229
2002-06-13,17.8928,18.1512,17.8849,18.0201,18.0201,4511712
2002-06-14,17.6383,17.9165,17.4332,17.8928,17.8928,6483361
2002-06-17,17.7103,18.2973,17.5663,17.5821,17.5821,10080975
2002-06-18,17.7497,18.2608,17.734,18.098,18.098,6118541
2002-06-19,17.8583,18.1947,17.5663,17.6442,17.6442,5487011
2002-06-20,17.5663,17.7497,17.4766,17.4766,17.4766,4091145
2002-06-21,17.3098,17.6097,17.3098,17.448,17.448,7653505
2002-06-24,17.2644,17.5821,16.7978,17.3976,17.3976,6829050
2002-06-25,17.5821,17.879,17.4332,17.6383,17.6383,6104057
2002-06-26,17.1471,17.5515,17.1471,17.44,17.44,5771217
2002-06-27,17.511,17.8199,17.2516,17.8199,17.8199,4602983
2002-06-28,17.7635,18.3111,17.7497,17.9165,17.9165,7212448
2002-07-01,18.0062,18.0772,17.5278,17.5663,17.5663,7077178
2002-07-02,17.6176,17.7103,17.0306,17.2575,17.2575,5643328
2002-07-03,17.2003,17.3818,16.4151,16.8984,16.8984,7957659
2002-07-05,16.9428,17.6521,16.9428,17.6521,17.6521,3209568
2002-07-08,17.6383,17.7863,17.3453,17.511,17.511,4556247
2002-07-09,17.4766,17.8662,17.2516,17.2516,17.2516,4312765
2002-07-10,17.4292,17.4548,16.6005,16.6489,16.6489,5867676
2002-07-11,16.5423,16.5827,15.9869,16.4969,16.4969,7200422
2002-07-12,16.5059,16.9064,16.2454,16.6489,16.6489,5314037
2002-07-15,16.6489,16.6489,15.7216,16.5345,16.5345,6519155
2002-07-16,14.7253,15.9317,14.7253,15.7374,15.7374,23273687
2002-07-17,15.8222,16.1536,15.6634,15.8222,15.8222,7667992
2002-07-18,15.6634,15.8064,15.4286,15.62,15.62,6233861
2002-07-19,15.62,15.7522,15.1504,15.1504,15.1504,7354821
2002-07-22,15.0744,15.5894,14.6385,14.8712,14.8712,8748503
2002-07-23,14.8712,15.0902,14.6009,14.6385,14.6385,7212448
2002-07-24,14.5516,15.8064,14.2862,15.8064,15.8064,8543549
2002-07-25,15.6268,15.9179,15.106,15.6574,15.6574,6275128
2002-07-26,15.7709,15.9691,15.6574,15.9317,15.9317,4167384
2002-07-29,16.2454,16.8334,16.1024,16.7978,16.7978,5768480
2002-07-30,16.7031,16.7308,16.1024,16.5827,16.5827,5428534
2002-07-31,16.6489,16.6489,16.0205,16.3588,16.3588,5902658
2002-08-01,16.2454,16.3904,15.6831,15.8301,15.8301,8831580
2002-08-02,15.8449,15.9179,14.954,15.2224,15.2224,7414946
2002-08-05,15.1366,15.3033,14.7489,14.7834,14.7834,6031098
2002-08-06,15.0409,15.9021,15.0409,15.5134,15.5134,5602058
2002-08-07,15.7857,15.8853,15.1366,15.6831,15.6831,4288722
2002-08-08,15.8449,16.4545,15.7374,16.2996,16.2996,4898110
2002-08-09,16.2098,16.4615,15.9691,16.3174,16.3174,5323052
2002-08-12,16.1378,16.2454,15.7522,16.1842,16.1842,3540501
2002-08-13,16.4299,16.6341,16.13,16.1774,16.1774,7815829
2002-08-14,16.0145,16.27,15.7374,16.2158,16.2158,9497813
2002-08-15,16.2858,16.4545,16.0244,16.1606,16.1606,6458763
2002-08-16,16.0659,16.0876,15.837,15.9021,15.9021,6466692
2002-08-19,15.9317,16.3835,15.8853,16.3539,16.3539,5774767
2002-08-20,16.2296,16.2918,16.0244,16.1902,16.1902,4627299
2002-08-21,16.3372,16.3746,16.0244,16.27,16.27,4587131
2002-08-22,16.2454,16.6893,16.1378,16.6005,16.6005,4655173
2002-08-23,16.6005,16.6005,16.346,16.4151,16.4151,3849023
2002-08-26,16.4151,16.6489,16.2158,16.5197,16.5197,3846292
2002-08-27,16.8196,16.9064,16.3588,16.4151,16.4151,4798916
2002-08-28,16.3904,16.4299,16.0244,16.1842,16.1842,2795294
2002-08-29,15.9179,16.0027,15.6268,15.8527,15.8527,4477272
2002-08-30,15.8222,16.2454,15.7522,15.9691,15.9691,3200823
2002-09-03,15.9534,15.9534,15.5134,15.6022,15.6022,6608514
2002-09-04,15.6022,15.6693,15.3241,15.6022,15.6022,5048961
2002-09-05,15.3704,15.6574,15.1504,15.5766,15.5766,4922162
2002-09-06,15.7216,15.8064,15.3832,15.8064,15.8064,6268843
2002-09-09,15.7374,15.837,15.5055,15.7788,15.7788,5146514
2002-09-10,15.8222,15.8449,15.5519,15.6831,15.6831,4207558
2002-09-11,15.9939,16.0797,15.6574,15.7216,15.7216,2944497
2002-09-12,15.6486,15.837,15.4355,15.5134,15.5134,4431913
2002-09-13,15.2391,15.2471,14.7253,14.8712,14.8712,11131977
2002-09-16,14.8712,14.9008,14.5565,14.887,14.887,5335074
2002-09-17,15.2224,15.2224,14.375,14.4372,14.4372,6070717
2002-09-18,14.2359,14.4066,13.7594,14.2685,14.2685,7275848
2002-09-19,13.9953,14.306,13.8236,13.9045,13.9045,7973506
2002-09-20,13.8236,13.9557,13.6854,13.8532,13.8532,9179721
2002-09-23,13.5918,13.9173,13.575,13.7812,13.7812,5201987
2002-09-24,13.5918,13.7594,13.3264,13.4901,13.4901,7609782
2002-09-25,13.7062,13.941,13.4901,13.9045,13.9045,5827238
2002-09-26,13.9795,14.3238,13.9341,14.2438,14.2438,7963942
2002-09-27,14.2359,14.2359,13.719,13.719,13.719,5622008
2002-09-30,13.4053,13.8236,13.2899,13.6224,13.6224,6974702
2002-10-01,13.6716,14.1689,13.4753,14.1551,14.1551,7701056
2002-10-02,13.9953,14.0879,13.798,13.9715,13.9715,1965368
2002-10-03,13.8167,14.1836,13.7516,13.8532,13.8532,1741288
2002-10-04,13.79,13.8384,12.8588,13.1744,13.1744,5763291
2002-10-07,13.2485,13.4053,13.0423,13.136,13.136,5513791
2002-10-08,13.2258,13.502,12.6891,13.2899,13.2899,7666624
2002-10-09,12.9279,13.1962,12.3527,12.3912,12.3912,10440600
2002-10-10,12.4573,12.918,12.3912,12.8371,12.8371,9887224
2002-10-11,12.991,13.6046,12.9545,13.3875,13.3875,6267200
2002-10-14,13.283,13.3027,13.066,13.0728,13.0728,4638233
2002-10-15,13.5375,13.8976,13.5375,13.8976,13.8976,8847434
2002-10-16,14.3582,14.5378,13.9795,14.1836,14.1836,13193530
2002-10-17,14.6246,14.8199,14.1836,14.7686,14.7686,9716159
2002-10-18,14.6719,15.0261,14.6009,15.0044,15.0044,6217740
2002-10-21,15.0044,15.7857,14.8584,15.695,15.695,7426417
2002-10-22,15.3704,15.3704,15.0261,15.2885,15.2885,6563698
2002-10-23,15.2885,15.6831,15.1681,15.6634,15.6634,5805645
2002-10-24,15.9021,15.9179,15.0044,15.0409,15.0409,7296609
2002-10-25,15.0498,15.9179,14.8712,15.1681,15.1681,6122365
2002-10-28,15.2816,15.3832,14.7173,14.8051,14.8051,4571284
2002-10-29,14.8199,14.954,14.4066,14.8051,14.8051,4635772
2002-10-30,14.8584,15.1997,14.6719,14.9876,14.9876,4106721
2002-10-31,15.0744,15.1681,14.7489,14.954,14.954,3709929
2002-11-01,14.9294,15.4996,14.8199,15.4039,15.4039,4038948
2002-11-04,15.7374,15.909,15.4128,15.6831,15.6831,5292170
2002-11-05,15.6831,15.8449,15.5204,15.764,15.764,3483935
2002-11-06,15.9534,15.9534,15.5055,15.9455,15.9455,4851933
2002-11-07,15.9534,16.0205,15.469,15.5686,15.5686,4640967
2002-11-08,15.6022,15.9179,15.5894,15.7926,15.7926,4311676
2002-11-11,15.7374,15.7374,15.0902,15.1681,15.1681,3932648
2002-11-12,15.2224,15.7857,15.1839,15.5894,15.5894,4190341
2002-11-13,15.5686,15.9613,15.4039,15.7522,15.7522,4160008
2002-11-14,15.7591,16.2858,15.7591,16.204,16.204,5066725
2002-11-15,16.2098,16.5059,16.058,16.4969,16.4969,5792803
2002-11-18,16.5739,16.6656,16.3233,16.3292,16.3292,5899920
2002-11-19,16.3292,16.5531,16.0718,16.4545,16.4545,4359496
2002-11-20,16.4545,17.0306,16.2532,17.0306,17.0306,5997481
2002-11-21,17.1185,17.6442,16.9517,17.5742,17.5742,5453944
2002-11-22,17.5663,17.9323,17.4904,17.7635,17.7635,6128379
2002-11-25,17.8199,17.9678,17.6314,17.8119,17.8119,4502142
2002-11-26,17.734,17.734,17.1343,17.2358,17.2358,5847453
2002-11-27,17.2861,18.031,17.2644,18.025,18.025,4934731
2002-11-29,18.2223,18.4057,18.1947,18.2608,18.2608,3618657
2002-12-02,18.2608,18.607,17.7971,18.0122,18.0122,7693951
2002-12-03,17.9165,17.9323,17.2003,17.3098,17.3098,7200696
2002-12-04,17.1263,17.2141,17.0158,17.0957,17.0957,6632841
2002-12-05,17.2003,17.2003,16.8984,16.9517,16.9517,5943922
2002-12-06,16.6656,17.0553,16.6341,16.8984,16.8984,5163735
2002-12-09,16.8984,16.8984,16.4693,16.4693,16.4693,3949047
2002-12-10,16.4693,16.8196,16.2454,16.6656,16.6656,5536746
2002-12-11,16.6656,16.7643,16.3746,16.7308,16.7308,4048516
2002-12-12,16.7308,16.8334,16.4693,16.5137,16.5137,3094792
2002-12-13,16.5137,16.6893,16.3233,16.3233,16.3233,3820328
2002-12-16,16.4151,16.9428,16.4151,16.9369,16.9369,3271057
2002-12-17,16.9369,17.1185,16.7308,16.7643,16.7643,2698828
2002-12-18,16.7643,16.8334,16.4821,16.6893,16.6893,3186070
2002-12-19,16.6005,16.861,16.3588,16.5473,16.5473,2976472
2002-12-20,16.7248,17.0158,16.6656,17.0158,17.0158,6004588
2002-12-23,17.007,17.0553,16.8334,16.9626,16.9626,2431022
2002-12-24,16.9626,17.0158,16.8334,16.9774,16.9774,1469110
2002-12-26,16.9991,17.1915,16.8788,16.9428,16.9428,3013638
2002-12-27,16.9064,16.9212,16.4901,16.4901,16.4901,3926360
2002-12-30,16.5827,16.7366,16.3539,16.6341,16.6341,2329912
2002-12-31,16.6489,16.7584,16.3667,16.7308,16.7308,2610556
2003-01-02,16.8196,17.4766,16.7495,17.4766,17.4766,6202435
2003-01-03,17.4332,17.4548,17.2003,17.3522,17.3522,4523188
2003-01-06,17.3976,17.7182,17.3976,17.7103,17.7103,3213938
2003-01-07,17.7103,17.7103,17.3098,17.511,17.511,4265215
2003-01-08,17.511,17.511,16.9212,16.9774,16.9774,4436011
2003-01-09,17.0553,17.3572,16.9517,17.3226,17.3226,3985112
2003-01-10,17.1757,17.5278,17.1105,17.3522,17.3522,3885916
2003-01-13,17.511,17.5426,17.2516,17.4548,17.4548,3711299
2003-01-14,17.365,17.4232,17.0464,17.3453,17.3453,6340713
2003-01-15,17.4232,17.511,17.1609,17.2644,17.2644,5275230
2003-01-16,17.1845,17.4834,17.1845,17.293,17.293,4478911
2003-01-17,17.2141,17.365,17.0819,17.2141,17.2141,3845199
2003-01-21,17.3453,17.3453,16.8452,16.861,16.861,4914237
2003-01-22,16.861,16.861,16.1142,16.27,16.27,7745329
2003-01-23,16.3746,16.6656,15.6406,16.641,16.641,11717869
2003-01-24,16.641,16.641,15.9939,16.0718,16.0718,4975722
2003-01-27,16.0244,16.1684,15.7709,15.8222,15.8222,4013531
2003-01-28,15.8695,16.1024,15.7374,16.0323,16.0323,4020090
2003-01-29,16.0402,16.278,15.6831,16.1142,16.1142,5232327
2003-01-30,16.2098,16.2375,15.7216,15.7522,15.7522,3642709
2003-01-31,15.6486,16.2858,15.5894,16.0935,16.0935,4488207
2003-02-03,16.2296,16.3174,16.1024,16.1902,16.1902,3189072
2003-02-04,16.1024,16.196,15.837,16.0077,16.0077,3638608
2003-02-05,16.1536,16.3667,15.9455,15.9781,15.9781,3631775
2003-02-06,15.9179,16.1024,15.6486,15.7216,15.7216,3894935
2003-02-07,15.8449,15.9691,15.4996,15.6022,15.6022,3802025
2003-02-10,15.5361,15.6486,15.2885,15.5834,15.5834,4420432
2003-02-11,15.7522,15.8695,15.4809,15.5834,15.5834,3902039
2003-02-12,15.6022,15.7522,15.3704,15.3832,15.3832,3591330
2003-02-13,15.3546,15.4355,15.0902,15.4128,15.4128,4226136
2003-02-14,15.4128,15.837,15.2767,15.8222,15.8222,4317137
2003-02-18,15.8695,16.3835,15.8695,16.2996,16.2996,5533741
2003-02-19,16.6133,16.8196,16.5197,16.8196,16.8196,9876022
2003-02-20,16.8876,16.9626,16.6203,16.9428,16.9428,7825394
2003-02-21,16.9428,17.0553,16.8698,17.0306,17.0306,5967969
2003-02-24,16.9369,16.9369,16.6656,16.7643,16.7643,7367120
2003-02-25,16.6203,16.8334,16.4299,16.7643,16.7643,6186858
2003-02-26,16.7031,16.8334,16.6341,16.7446,16.7446,5239427
2003-02-27,16.8334,17.1343,16.6489,17.0957,17.0957,7335420
2003-02-28,17.1845,17.3976,17.0889,17.2003,17.2003,6153243
2003-03-03,17.2003,17.3305,17.1471,17.2279,17.2279,5606977
2003-03-04,17.1609,17.1609,16.5059,16.5473,16.5473,7191131
2003-03-05,16.5473,16.8126,16.4821,16.7031,16.7031,4716388
2003-03-06,16.7031,16.7031,16.2454,16.3233,16.3233,4916965
2003-03-07,16.0145,16.9212,16.0027,16.7584,16.7584,7133744
2003-03-10,16.6005,16.6133,16.3233,16.3835,16.3835,3724412
2003-03-11,16.3904,16.5473,16.2098,16.2858,16.2858,4790993
2003-03-12,16.2296,16.3372,15.9257,16.1842,16.1842,5085580
2003-03-13,17.1677,17.1677,16.5059,17.1677,17.1677,6997385
2003-03-14,17.1845,17.5515,17.0553,17.2082,17.2082,7141666
2003-03-17,17.1845,18.3851,17.1185,18.3781,18.3781,10853786
2003-03-18,18.3781,18.5449,18.1128,18.2223,18.2223,10239745
2003-03-19,18.1128,18.2973,17.879,18.2164,18.2164,7765276
2003-03-20,18.2164,18.6642,17.9323,18.5212,18.5212,7805990
2003-03-21,18.5745,19.5028,18.5745,19.2275,19.2275,11800124
2003-03-24,19.2334,19.2334,18.4659,18.5587,18.5587,7381330
2003-03-25,18.6642,18.7362,18.4275,18.6642,18.6642,7617434
2003-03-26,18.6642,18.679,18.2608,18.3703,18.3703,7482985
2003-03-27,18.2095,18.6642,18.0398,18.5587,18.5587,4985840
2003-03-28,18.5587,18.5587,18.2164,18.3851,18.3851,5258831
2003-03-31,18.246,18.246,17.8287,18.0062,18.0062,6112527
2003-04-01,18.0062,18.2973,17.9599,18.1641,18.1641,5899102
2003-04-02,18.612,18.9701,18.5912,18.9227,18.9227,7115708
2003-04-03,19.1023,19.1023,18.7619,18.9543,18.9543,5327153
2003-04-04,18.9543,19.1023,18.687,18.833,18.833,4701903
2003-04-07,19.2127,19.5767,18.8882,18.9207,18.9207,5808926
2003-04-08,19.0155,19.1161,18.7086,19.0657,19.0657,4173673
2003-04-09,18.8694,19.2334,18.8694,18.9227,18.9227,6846812
2003-04-10,18.9227,19.3312,18.8468,19.3312,19.3312,5899381
2003-04-11,19.5767,19.849,19.3232,19.3864,19.3864,5389183
2003-04-14,19.3144,19.6301,19.2966,19.6301,19.6301,4677857
2003-04-15,19.4446,19.5481,19.1081,19.2838,19.2838,7699689
2003-04-16,19.483,19.6231,18.7954,18.8112,18.8112,7051216
2003-04-17,18.4511,19.0815,18.4443,19.0223,19.0223,7018970
2003-04-21,19.0223,19.1772,18.8468,18.9701,18.9701,5264298
2003-04-22,18.7362,19.4386,18.612,19.3794,19.3794,5829148
2003-04-23,19.2887,19.3932,19.1161,19.346,19.346,5975349
2003-04-24,19.1368,19.4318,19.1368,19.3054,19.3054,3993858
2003-04-25,19.3054,19.3794,18.9612,19.0007,19.0007,4443665
2003-04-28,19.0007,19.3932,19.0007,19.3144,19.3144,4070104
2003-04-29,19.3312,19.416,18.9927,19.1772,19.1772,4661460
2003-04-30,19.1605,19.3794,18.9927,19.2472,19.2472,4664742
2003-05-01,19.2472,19.263,18.7866,18.9779,18.9779,4853567
2003-05-02,18.9395,19.2334,18.8734,19.1605,19.1605,6785324
2003-05-05,19.4228,19.5107,19.2275,19.2778,19.2778,5967152
2003-05-06,19.3144,19.7247,19.2542,19.7247,19.7247,5699891
2003-05-07,19.7247,19.7247,19.4318,19.5107,19.5107,4903852
2003-05-08,19.4771,19.4771,18.9859,19.0155,19.0155,7674002
2003-05-09,19.0283,19.6497,19.0283,19.4446,19.4446,5365956
2003-05-12,19.483,19.9142,19.3578,19.849,19.849,4721581
2003-05-13,19.7977,19.7977,19.3932,19.4613,19.4613,5373607
2003-05-14,19.5284,19.5699,19.1161,19.3144,19.3144,5491385
2003-05-15,19.5028,19.5481,19.3312,19.5432,19.5432,4749451
2003-05-16,19.5432,19.6725,19.2275,19.3794,19.3794,4861496
2003-05-19,19.263,19.2838,18.8172,18.8468,18.8468,4480554
2003-05-20,18.8468,18.9119,18.612,18.7481,18.7481,5404757
2003-05-21,18.7008,18.7008,18.3604,18.4511,18.4511,7124181
2003-05-22,18.5538,18.8398,18.4827,18.7412,18.7412,5255826
2003-05-23,18.7481,18.7619,18.4827,18.6642,18.6642,2806770
2003-05-27,18.5745,19.263,18.5143,19.2127,19.2127,5111537
2003-05-28,19.2472,19.408,19.1605,19.2127,19.2127,5499039
2003-05-29,19.2196,19.5107,18.4827,18.4827,18.4827,8775285
2003-05-30,18.6642,19.1081,18.5912,19.0815,19.0815,8184746
2003-06-02,19.2127,19.3794,19.0283,19.0943,19.0943,4274506
2003-06-03,19.0943,19.5915,19.0499,19.3794,19.3794,5082847
2003-06-04,19.3932,19.8115,19.3794,19.7307,19.7307,4956047
2003-06-05,19.7307,19.9438,19.5284,19.8934,19.8934,4753278
2003-06-06,19.996,20.4932,19.9604,19.9832,19.9832,7506216
2003-06-09,19.9604,20.0374,19.7247,19.8401,19.8401,4724857
2003-06-10,20.0128,20.0463,19.6873,19.9882,19.9882,3880724
2003-06-11,20.0739,20.7428,20.0196,20.7368,20.7368,6388535
2003-06-12,20.7368,20.8749,20.4399,20.5445,20.5445,4415513
2003-06-13,20.508,20.582,20.3699,20.508,20.508,3740537
2003-06-16,20.7684,21.1956,20.729,21.1886,21.1886,5857025
2003-06-17,21.2252,21.314,20.9607,21.1364,21.1364,4953315
2003-06-18,21.0417,21.2252,20.8069,20.8671,20.8671,4739889
2003-06-19,20.9321,21.0269,20.5978,20.6757,20.6757,4136230
2003-06-20,20.8463,21.0338,20.7842,20.9459,20.9459,6918131
2003-06-23,20.9459,20.9993,20.433,20.7368,20.7368,4446393
2003-06-24,20.582,21.0417,20.582,20.6609,20.6609,3791909
2003-06-25,20.6609,20.7043,20.3452,20.5445,20.5445,4335447
2003-06-26,20.5208,20.8069,20.4399,20.7684,20.7684,2996145
2003-06-27,20.7122,20.7911,20.2791,20.4251,20.4251,4331894
2003-06-30,20.4478,20.652,20.2002,20.3699,20.3699,2872626
2003-07-01,20.1627,20.3077,19.4318,20.0296,20.0296,11657752
2003-07-02,20.0296,20.508,20.0296,20.3975,20.3975,6099415
2003-07-03,20.2732,20.6244,20.2377,20.3403,20.3403,2797475
2003-07-07,20.582,20.9677,20.5445,20.6372,20.6372,4640148
2003-07-08,20.6096,20.8286,20.5445,20.7526,20.7526,3316691
2003-07-09,20.729,20.8069,20.5268,20.6442,20.6442,2951875
2003-07-10,20.6442,20.6905,20.4932,20.5721,20.5721,4819684
2003-07-11,20.508,21.094,20.508,20.9993,20.9993,4853567
2003-07-14,21.3346,21.4885,21.1542,21.1808,21.1808,7007496
2003-07-15,21.4441,21.4441,21.0792,21.2548,21.2548,5959226
2003-07-16,21.4017,21.4599,21.1413,21.4599,21.4599,6288244
2003-07-17,22.1416,23.3254,21.8102,23.2524,23.2524,28230281
2003-07-18,23.3471,24.0997,23.1981,24.0061,24.0061,20866170
2003-07-21,24.0061,24.1165,23.6982,23.9045,23.9045,18307528
2003-07-22,23.2593,23.8739,23.2593,23.4911,23.4911,17915116
2003-07-23,23.5059,23.793,23.3401,23.7278,23.7278,13212113
2003-07-24,23.7742,23.786,23.3471,23.352,23.352,8225741
2003-07-25,23.4201,23.8956,23.2958,23.8956,23.8956,9407909
2003-07-28,23.9627,24.0347,23.793,23.8166,23.8166,7209171
2003-07-29,23.8166,24.0119,23.7052,23.9123,23.9123,7367662
2003-07-30,23.9193,24.4046,23.8739,24.3218,24.3218,8289409
2003-07-31,24.6443,24.9926,24.5763,24.6847,24.6847,9827923
2003-08-01,24.7242,24.8051,24.3582,24.5969,24.5969,7058870
2003-08-04,24.5969,24.6779,24.378,24.5516,24.5516,5798269
2003-08-05,24.6365,24.7163,24.3986,24.3986,24.3986,8406641
2003-08-06,24.3986,24.5042,24.1402,24.1895,24.1895,9055115
2003-08-07,24.1521,24.6847,24.0061,24.5763,24.5763,8311820
2003-08-08,24.6651,25.176,24.5821,24.958,24.958,8447632
2003-08-11,25.028,25.2559,24.8386,25.1316,25.1316,6062250
2003-08-12,25.1316,25.7275,24.9442,25.7275,25.7275,7479436
2003-08-13,25.7275,25.7995,25.5508,25.763,25.763,8408284
2003-08-14,25.763,26.0481,25.5568,25.8577,25.8577,9759334
2003-08-15,26.0145,26.3342,25.7847,25.9681,25.9681,4510067
2003-08-18,26.1496,26.7652,26.1063,26.7278,26.7278,8975866
2003-08-19,26.7278,26.7741,26.2512,26.6755,26.6755,8772006
2003-08-20,26.3854,26.4989,26.2828,26.4417,26.4417,5526089
2003-08-21,26.4919,27.0641,26.3854,26.861,26.861,8466217
2003-08-22,26.9625,27.0641,26.2276,26.2276,26.2276,6395369
2003-08-25,25.9829,25.9829,25.3388,25.4887,25.4887,9680631
2003-08-26,25.1839,25.5804,24.9294,25.4473,25.4473,9983965
2003-08-27,25.4325,25.7847,25.3822,25.6752,25.6752,5716558
2003-08-28,25.8123,25.9603,25.3526,25.8577,25.8577,5076289
2003-08-29,25.9829,26.3588,25.9829,26.2828,26.2828,4983373
2003-09-02,26.3342,26.6755,26.0708,26.5147,26.5147,5732411
2003-09-03,26.4151,26.5147,25.9869,26.3342,26.3342,6824676
2003-09-04,26.1792,26.3105,25.8123,26.0145,26.0145,5420336
2003-09-05,25.6002,25.7995,25.4157,25.6594,25.6594,10462190
2003-09-08,25.6594,25.834,25.4611,25.8054,25.8054,6309563
2003-09-09,25.7107,25.7107,25.176,25.395,25.395,7024979
2003-09-10,25.2629,25.3082,24.958,25.25,25.25,8579350
2003-09-11,25.25,25.2825,24.4687,24.9058,24.9058,15258920
2003-09-12,24.7962,24.958,24.5763,24.889,24.889,8254976
2003-09-15,24.9866,25.4157,24.9382,25.25,25.25,7594480
2003-09-16,25.2629,25.544,25.1839,25.5055,25.5055,5011520
2003-09-17,25.6268,25.8705,25.6072,25.7048,25.7048,7363564
2003-09-18,25.834,26.269,25.6002,26.0924,26.0924,7031001
2003-09-19,26.0924,26.2612,25.9079,26.0481,26.0481,6782859
2003-09-22,25.9681,26.2276,25.6673,25.7847,25.7847,8012856
2003-09-23,25.7847,26.2276,25.7847,26.1496,26.1496,5373058
2003-09-24,26.1635,26.3342,25.7768,25.7768,25.7768,6307101
2003-09-25,25.8636,25.9169,25.2145,25.2145,25.2145,7361379
2003-09-26,25.176,25.176,24.6847,24.9708,24.9708,8010123
2003-09-29,25.028,25.4088,24.8761,25.3161,25.3161,6454941
2003-09-30,25.2559,25.4256,24.8475,25.1908,25.1908,7021157
2003-10-01,25.2273,26.1496,25.2273,26.1063,26.1063,7220921
2003-10-02,26.347,26.6695,26.3105,26.6074,26.6074,9859630
2003-10-03,26.8915,27.2535,26.6074,26.853,26.853,8460477
2003-10-06,27.0425,27.3295,26.78,27.0849,27.0849,5153622
2003-10-07,26.9951,27.2338,26.8244,27.2338,27.2338,5375514
2003-10-08,27.4312,27.6511,27.3137,27.5643,27.5643,5644140
2003-10-09,27.5643,28.2134,27.5643,27.8415,27.8415,7398271
2003-10-10,27.8119,27.9579,27.584,27.7241,27.7241,3493225
2003-10-13,27.8119,28.3249,27.8119,28.1384,28.1384,4120383
2003-10-14,28.0013,28.1384,27.7971,28.1316,28.1316,5145972
2003-10-15,28.3436,28.8812,28.1937,28.8072,28.8072,8636736
2003-10-16,27.4874,27.4874,26.341,27.1993,27.1993,37472314
2003-10-17,27.2131,27.3502,26.861,26.926,26.926,9068234
2003-10-20,26.926,27.2181,26.7938,27.0769,27.0769,5509693
2003-10-21,27.0849,27.0849,26.6261,26.6261,26.6261,7639022
2003-10-22,26.269,26.7465,26.1063,26.1872,26.1872,7932787
2003-10-23,26.1872,26.2828,25.9869,26.1122,26.1122,7707887
2003-10-24,25.8705,26.1872,25.7847,25.9948,25.9948,6655794
2003-10-27,26.1635,26.2898,25.9869,26.2355,26.2355,5427441
2003-10-28,26.2828,26.706,26.1734,26.6341,26.6341,7263279
2003-10-29,26.6261,26.8786,26.347,26.8786,26.8786,4511163
2003-10-30,27.0425,27.2477,26.6903,27.0286,27.0286,7514414
2003-10-31,27.0286,27.1835,26.8166,26.8166,26.8166,6711269
2003-11-03,26.8786,27.2535,26.8166,27.0917,27.0917,5503838
2003-11-04,27.0917,27.5416,27.0493,27.3798,27.3798,6111498
2003-11-05,27.2831,27.6915,27.2181,27.4232,27.4232,5395464
2003-11-06,27.3364,27.3502,27.0997,27.2743,27.2743,5395192
2003-11-07,27.2417,27.2575,26.5147,26.5521,26.5521,7894807
2003-11-10,26.5147,26.8334,26.2828,26.3854,26.3854,5678574
2003-11-11,26.3854,26.5601,26.2612,26.3342,26.3342,5807286
2003-11-12,26.4209,26.9951,26.4209,26.9546,26.9546,3581493
2003-11-13,26.861,27.1165,26.7564,26.8876,26.8876,4260573
2003-11-14,26.8876,27.2831,26.5295,26.5679,26.5679,4728409
2003-11-17,26.5679,26.5679,26.3342,26.5295,26.5295,4974628
2003-11-18,26.5295,26.7652,26.0924,26.0924,26.0924,5011794
2003-11-19,26.129,26.6528,26.1063,26.6261,26.6261,4907132
2003-11-20,26.6074,26.9182,26.4919,26.6261,26.6261,5023271
2003-11-21,26.7278,26.8392,26.6173,26.6755,26.6755,4113825
2003-11-24,26.7278,26.9951,26.7278,26.8392,26.8392,4939922
2003-11-25,26.9546,27.5643,26.933,27.4608,27.4608,6509867
2003-11-26,27.6264,27.6264,27.1993,27.5939,27.5939,4913688
2003-11-28,27.5416,27.8829,27.5248,27.8267,27.8267,1861795
2003-12-01,27.8987,28.1118,27.5722,28.103,28.103,4815584
2003-12-02,28.0082,28.0082,27.515,27.659,27.659,5311028
2003-12-03,27.7883,27.9362,27.5722,27.6185,27.6185,3769774
2003-12-04,27.6264,27.6511,27.2999,27.4232,27.4232,4145795
2003-12-05,27.8119,28.2203,27.8119,27.9944,27.9944,8866289
2003-12-08,27.9796,28.1316,27.8267,28.096,28.096,4351573
2003-12-09,28.1937,28.2992,27.9283,27.9875,27.9875,4936373
2003-12-10,27.9796,28.0161,27.7241,27.8119,27.8119,5205542
2003-12-11,27.9579,28.611,27.8484,28.5202,28.5202,6280863
2003-12-12,28.5202,28.6425,28.3436,28.5488,28.5488,5001136
2003-12-15,28.902,29.1555,28.7184,28.7332,28.7332,8293782
2003-12-16,28.749,29.6833,28.749,29.6497,29.6497,11118587
2003-12-17,29.4958,30.0295,29.3212,30.0128,30.0128,8724460
2003-12-18,30.067,30.8118,29.8598,30.6283,30.6283,11588610
2003-12-19,30.8118,31.016,30.4083,31.016,31.016,13709745
2003-12-22,30.9716,31.092,30.6194,30.6598,30.6598,7262453
2003-12-23,30.6678,30.7989,30.3491,30.6116,30.6116,5533200
2003-12-24,30.4892,30.723,30.3728,30.5622,30.5622,2287829
2003-12-26,30.4705,30.7753,30.3945,30.6283,30.6283,1060839
2003-12-29,30.7003,31.016,30.7003,30.9587,30.9587,3466990
2003-12-30,30.9213,31.016,30.6895,30.7585,30.7585,2986032
2003-12-31,30.8847,30.8917,30.3728,30.3807,30.3807,6115813
2004-01-02,30.4399,30.6194,30.1963,30.2495,30.2495,5701531
2004-01-05,30.6816,31.164,30.6283,31.0683,31.0683,8449818
2004-01-06,30.8561,30.9065,30.4478,30.5188,30.5188,8458290
2004-01-07,30.5622,30.5622,30.1242,30.1814,30.1814,8475781
2004-01-08,30.2791,30.4399,29.921,29.9506,29.9506,6900367
2004-01-09,29.6567,29.8796,29.3488,29.4436,29.4436,8291866
2004-01-12,29.6763,30.2633,29.6615,30.1745,30.1745,5692513
2004-01-13,30.358,30.5948,29.6271,30.1873,30.1873,7143582
2004-01-14,30.1745,30.7585,30.1745,30.6283,30.6283,6145866
2004-01-15,30.7388,31.1048,30.2268,30.51,30.51,5083665
2004-01-16,30.7388,31.092,30.6116,30.7911,30.7911,6945733
2004-01-20,30.5948,30.7437,30.067,30.067,30.067,6563151
2004-01-21,30.0808,30.5622,29.8016,30.5188,30.5188,5556425
2004-01-22,30.5692,30.9983,30.4142,30.7388,30.7388,5616821
2004-01-23,30.7664,30.8049,30.432,30.8049,30.8049,6387990
2004-01-26,30.6283,31.1412,30.2564,31.1117,31.1117,6333063
2004-01-27,31.3613,31.3613,30.0058,30.0058,30.0058,12637426
2004-01-28,29.7523,30.067,28.9819,29.1377,29.1377,10725618
2004-01-29,29.2738,29.336,28.09,28.2745,28.2745,14835890
2004-01-30,28.1937,28.7136,28.1878,28.5883,28.5883,12353770
2004-02-02,28.6297,28.7422,28.2667,28.3505,28.3505,10641726
2004-02-03,28.3436,28.3436,27.9668,28.1937,28.1937,11219149
2004-02-04,27.8987,28.0013,27.7241,27.7745,27.7745,11567023
2004-02-05,27.7389,28.2262,27.5485,27.9283,27.9283,10768251
2004-02-06,27.9579,28.8428,27.9579,28.7264,28.7264,7145498
2004-02-09,28.7136,28.7915,28.3673,28.4265,28.4265,4016542
2004-02-10,28.3751,28.4709,27.8701,28.0161,28.0161,7830857
2004-02-11,27.9283,28.897,27.8188,28.897,28.897,8685381
2004-02-12,28.8201,28.9977,28.611,28.7915,28.7915,4230785
2004-02-13,28.7264,28.9296,28.2884,28.3317,28.3317,5122466
2004-02-17,28.7836,29.2403,28.7264,29.1003,29.1003,6476527
2004-02-18,28.9897,29.1071,28.6366,28.8753,28.8753,4207558
2004-02-19,28.9977,29.1782,28.7184,28.7422,28.7422,4581664
2004-02-20,28.7422,28.7836,27.8484,28.1118,28.1118,7311643
2004-02-23,28.2519,28.4777,28.0161,28.2607,28.2607,4904400
2004-02-24,28.103,28.3603,27.9421,28.0704,28.0704,4441204
2004-02-25,28.0526,28.3603,27.876,28.242,28.242,5310478
2004-02-26,28.1788,28.749,28.1246,28.5281,28.5281,4946754
2004-02-27,28.4333,28.4333,27.7005,27.7241,27.7241,10091632
2004-03-01,27.8119,28.3989,27.7527,28.1177,28.1177,6500850
2004-03-02,27.8987,28.4777,27.8543,28.3989,28.3989,6194790
2004-03-03,28.3989,28.611,28.2667,28.2943,28.2943,4927356
2004-03-04,28.1986,28.2745,28.0013,28.1384,28.1384,3620568
2004-03-05,27.8484,28.2134,27.7971,27.949,27.949,7113252
2004-03-08,28.4185,28.6297,28.1384,28.1384,28.1384,7787136
2004-03-09,28.2667,28.537,27.7971,27.9579,27.9579,6969507
2004-03-10,28.1788,28.3249,26.853,26.9004,26.9004,12912612
2004-03-11,26.8392,27.2575,26.5353,26.7741,26.7741,10662223
2004-03-12,26.8334,27.4232,26.7208,27.4232,27.4232,7742595
2004-03-15,27.1165,27.3216,26.9546,27.0691,27.0691,7804080
2004-03-16,27.2575,27.7597,27.1647,27.5722,27.5722,8465118
2004-03-17,27.6422,28.3505,27.6264,28.2607,28.2607,6892444
2004-03-18,28.1631,28.3249,27.6422,28.2519,28.2519,6685580
2004-03-19,28.2519,28.4985,27.8829,27.9214,27.9214,6673013
2004-03-22,27.6856,27.7389,27.4016,27.6264,27.6264,5339989
2004-03-23,27.7005,28.09,27.6185,27.7527,27.7527,5891454
2004-03-24,27.7971,28.0526,27.659,27.9283,27.9283,4712288
2004-03-25,27.9944,28.2519,27.7971,28.2331,28.2331,4774594
2004-03-26,28.1631,28.6297,27.9796,28.3367,28.3367,5219479
2004-03-29,28.7056,29.1644,28.7056,29.0825,29.0825,6880149
2004-03-30,29.0125,29.2876,28.6228,29.2738,29.2738,8196496
2004-03-31,29.0755,29.2176,28.8655,28.9296,28.9296,4464157
2004-04-01,28.9691,29.2876,28.7264,28.9079,28.9079,4685234
2004-04-02,29.3616,29.8411,29.1141,29.7149,29.7149,7538461
2004-04-05,29.6419,30.1963,29.4958,30.1518,30.1518,4639053
2004-04-06,30.0058,30.4764,29.9704,30.3363,30.3363,5925615
2004-04-07,30.2347,30.2989,29.7937,30.0424,30.0424,6550313
2004-04-08,30.2633,30.4399,29.9348,29.999,29.999,3219679
2004-04-12,30.0808,30.6678,30.0058,30.653,30.653,4778148
2004-04-13,30.6895,30.7989,29.7859,30.0128,30.0128,6883972
2004-04-14,29.8874,30.1518,29.336,29.6567,29.6567,6990552
2004-04-15,29.7287,29.991,29.3854,29.5669,29.5669,5438640
2004-04-16,29.8944,30.0295,29.5669,29.991,29.991,4781975
2004-04-19,29.991,29.991,29.5313,29.6419,29.6419,4421253
2004-04-20,29.7287,30.0295,29.2255,29.267,29.267,6249988
2004-04-21,29.2738,29.7049,28.6978,29.6685,29.6685,8230107
2004-04-22,30.3728,31.016,29.8874,30.7753,30.7753,14772768
2004-04-23,30.7753,30.8561,29.921,29.991,29.991,9584440
2004-04-26,30.0058,30.0295,29.5737,29.6043,29.6043,6760185
2004-04-27,29.7523,30.0058,29.6043,29.9348,29.9348,6095314
2004-04-28,30.0058,30.0759,28.9601,29.1644,29.1644,7523161
2004-04-29,29.3854,29.3854,28.171,28.3909,28.3909,9455459
2004-04-30,28.5429,28.897,28.2203,28.4472,28.4472,7651050
2004-05-03,28.5074,29.1644,28.4896,29.0479,29.0479,5069995
2004-05-04,29.0479,29.1377,28.5488,28.9148,28.9148,5689504
2004-05-05,28.902,28.9691,28.6168,28.8349,28.8349,4804107
2004-05-06,28.6908,28.6908,28.0704,28.4827,28.4827,5209641
2004-05-07,28.3249,28.7422,28.2134,28.2203,28.2203,6636391
2004-05-10,27.8484,27.8484,26.4269,26.6695,26.6695,19415100
2004-05-11,26.8096,26.933,26.6074,26.7465,26.7465,10500991
2004-05-12,26.8244,27.4084,26.4575,27.3946,27.3946,8582357
2004-05-13,27.2535,27.6856,27.0286,27.3216,27.3216,6636118
2004-05-14,27.2575,27.8829,27.0917,27.6915,27.6915,6632841
2004-05-17,27.1914,27.2477,26.6074,26.9083,26.9083,7109695
2004-05-18,27.2743,27.3364,26.7465,26.9951,26.9951,6483633
2004-05-19,27.2575,27.5328,26.9182,27.0099,27.0099,7596669
2004-05-20,27.0099,27.0138,26.3854,26.4417,26.4417,8714347
2004-05-21,26.5521,26.7406,26.3529,26.7278,26.7278,6011693
2004-05-24,27.4469,27.7241,26.9546,27.0769,27.0769,9810708
2004-05-25,27.0099,27.3295,26.853,27.3216,27.3216,7197691
2004-05-26,27.3216,27.515,27.2575,27.3867,27.3867,5666005
2004-05-27,27.5328,27.9796,27.3137,27.509,27.509,6742422
2004-05-28,27.5328,27.7389,27.4312,27.5722,27.5722,3906684
2004-06-01,27.5722,27.9283,27.4676,27.7971,27.7971,5090497
2004-06-02,27.8484,28.0822,27.7093,27.9668,27.9668,5610255
2004-06-03,27.8267,27.9362,27.4804,27.5012,27.5012,4777598
2004-06-04,27.6669,27.9283,27.1914,27.6264,27.6264,6500303
2004-06-07,27.8829,28.4551,27.8701,28.4333,28.4333,4536024
2004-06-08,28.2519,28.4551,28.09,28.2203,28.2203,5362125
2004-06-09,28.171,28.2331,27.5643,27.5939,27.5939,6256268
2004-06-10,27.6856,27.8701,27.515,27.6669,27.6669,4571555
2004-06-14,27.6669,27.6669,27.2999,27.3571,27.3571,3349760
2004-06-15,27.4469,27.7527,27.4016,27.5939,27.5939,6517243
2004-06-16,27.6008,27.6669,27.0425,27.0849,27.0849,7225020
2004-06-17,27.0849,27.4084,27.0769,27.3433,27.3433,5554511
2004-06-18,27.2477,27.4312,27.1253,27.2338,27.2338,9090640
2004-06-21,27.4084,27.6057,27.2664,27.439,27.439,4546687
2004-06-22,27.8119,28.0526,27.4804,28.0526,28.0526,6672191
2004-06-23,28.0605,28.5074,27.9362,28.5074,28.5074,5621464
2004-06-24,28.5962,29.0549,28.5577,28.9453,28.9453,8106316
2004-06-25,28.8497,28.9977,28.5488,28.604,28.604,7055042
2004-06-28,28.7422,28.826,28.2331,28.3505,28.3505,4807116
2004-06-29,28.3249,28.9247,28.1937,28.8428,28.8428,5214018
2004-06-30,28.8349,29.1318,28.5429,29.0687,29.0687,6976617
2004-07-01,28.9819,29.0549,28.4472,28.611,28.611,4924621
2004-07-02,28.611,28.611,27.9579,28.0762,28.0762,5403940
2004-07-06,28.0762,28.1631,27.8188,28.0822,28.0822,4423170
2004-07-07,27.9875,28.3831,27.8987,28.3603,28.3603,3837549
2004-07-08,28.2992,28.3436,27.9875,28.0082,28.0082,4621016
2004-07-09,28.2134,28.4117,28.103,28.2055,28.2055,4702998
2004-07-12,28.2055,28.6908,28.0526,28.6297,28.6297,3978560
2004-07-13,28.3831,29.0263,28.3831,29.0065,29.0065,5635675
2004-07-14,28.897,29.0687,28.6662,28.826,28.826,5254460
2004-07-15,28.826,29.1377,28.7915,29.0549,29.0549,3985112
2004-07-16,29.0825,29.1318,28.4403,28.4777,28.4777,5795261
2004-07-19,28.4777,28.7618,28.3317,28.611,28.611,4747813
2004-07-20,28.6168,28.8132,28.3751,28.5646,28.5646,3882093
2004-07-21,28.7136,28.9819,28.0082,28.1631,28.1631,6666449
2004-07-22,26.5295,27.0138,25.9948,26.9083,26.9083,24371692
2004-07-23,26.9083,27.1401,26.5147,26.7938,26.7938,10398792
2004-07-26,26.8018,27.0099,26.4851,26.5679,26.5679,6801173
2004-07-27,26.5679,26.5917,26.1635,26.4151,26.4151,9453545
2004-07-28,26.4151,27.0425,26.341,26.8728,26.8728,8668159
2004-07-29,27.0641,27.1747,26.7346,27.0553,27.0553,4549145
2004-07-30,27.0553,27.1165,26.7564,26.8876,26.8876,4738246
2004-08-02,26.8018,26.8876,26.6261,26.7465,26.7465,5724763
2004-08-03,26.7465,26.7465,26.0708,26.2276,26.2276,10394690
2004-08-04,26.347,26.4151,26.1635,26.2355,26.2355,8570883
2004-08-05,26.2898,26.3105,25.4739,25.4739,25.4739,8207153
2004-08-06,25.3082,25.9455,25.0695,25.7048,25.7048,12960707
2004-08-09,25.8951,25.9761,25.5933,25.6348,25.6348,4564719
2004-08-10,25.6348,26.0994,25.5568,26.0777,26.0777,5538934
2004-08-11,25.9869,26.4071,25.8123,26.3687,26.3687,5888723
2004-08-12,26.1635,26.341,26.0777,26.2612,26.2612,8051391
2004-08-13,26.2216,26.4071,26.0994,26.2612,26.2612,5984092
2004-08-16,26.2612,26.6695,26.0846,26.6695,26.6695,6484178
2004-08-17,26.933,27.1529,26.4209,26.5235,26.5235,8374396
2004-08-18,26.4338,26.6341,26.3588,26.5295,26.5295,6027813
2004-08-19,26.5295,26.5353,25.8636,26.0924,26.0924,7248796
2004-08-20,25.9829,26.5601,25.9829,26.4338,26.4338,5394100
2004-08-23,26.5235,26.6261,26.2976,26.3588,26.3588,3438570
2004-08-24,27.0207,27.0207,26.6695,26.7741,26.7741,7274752
2004-08-25,26.8334,27.0849,26.6528,27.0355,27.0355,5694969
2004-08-26,27.0355,27.1165,26.8096,26.9694,26.9694,3534217
2004-08-27,27.0286,27.0917,26.8392,26.9694,26.9694,2783271
2004-08-30,26.9083,26.9083,26.4338,26.4338,26.4338,3695175
2004-08-31,26.5067,26.7208,26.347,26.6074,26.6074,3162845
2004-09-01,26.6695,26.8786,26.5147,26.5759,26.5759,4511163
2004-09-02,26.6261,26.8096,26.4417,26.7741,26.7741,4518811
2004-09-03,26.8915,27.0425,26.7741,26.9182,26.9182,3615107
2004-09-07,27.1647,27.6787,27.1401,27.6057,27.6057,7774294
2004-09-08,27.5328,27.6136,27.4084,27.515,27.515,3528479
2004-09-09,27.515,27.584,27.2477,27.4016,27.4016,4871602
2004-09-10,27.515,27.515,27.0641,27.4804,27.4804,4185420
2004-09-13,27.5574,27.8484,27.5416,27.7971,27.7971,5153622
2004-09-14,27.8119,27.8119,27.5328,27.7093,27.7093,3999875
2004-09-15,27.6669,27.6669,27.2477,27.3216,27.3216,4578658
2004-09-16,27.3216,27.5939,27.2664,27.3867,27.3867,3264771
2004-09-17,27.5328,27.8829,27.4676,27.8543,27.8543,6745425
2004-09-20,27.7005,28.0299,27.6669,27.7675,27.7675,3604174
2004-09-21,27.8059,28.09,27.7597,27.9283,27.9283,4655996
2004-09-22,27.8484,27.8484,27.4676,27.5781,27.5781,4714472
2004-09-23,27.5781,27.6185,27.1253,27.2575,27.2575,4469351
2004-09-24,27.1529,27.5416,27.1529,27.3571,27.3571,4312765
2004-09-27,27.1599,27.3364,27.0849,27.2338,27.2338,3468360
2004-09-28,27.2743,28.5074,27.2743,28.1384,28.1384,12556540
2004-09-29,28.2667,29.4722,28.1878,29.4583,29.4583,19409356
2004-09-30,29.4208,29.7523,29.2176,29.4436,29.4436,11763777
2004-10-01,29.4376,29.6271,29.2443,29.4958,29.4958,9906626
2004-10-04,29.5531,29.999,29.5531,29.7287,29.7287,7767736
2004-10-05,29.7287,29.7573,29.3124,29.412,29.412,5613536
2004-10-06,29.412,29.6419,29.3282,29.6419,29.6419,4758471
2004-10-07,29.7523,29.8796,29.2403,29.2738,29.2738,5526365
2004-10-08,29.2798,29.3616,28.9819,29.0913,29.0913,4373710
2004-10-11,29.0913,29.3854,28.9819,29.0549,29.0549,2615752
2004-10-12,28.9759,29.3616,28.7264,29.1782,29.1782,5017259
2004-10-13,29.1861,29.1861,28.5577,28.9453,28.9453,10008285
2004-10-14,28.9453,29.2522,28.7056,29.0913,29.0913,7176924
2004-10-15,29.1003,29.9122,29.0913,29.6763,29.6763,8332308
2004-10-18,29.6497,29.6981,29.336,29.6833,29.6833,6407385
2004-10-19,29.7573,29.999,29.3764,29.5975,29.5975,7101228
2004-10-20,29.6833,29.9122,29.3124,29.5669,29.5669,7011046
2004-10-21,29.412,29.5827,28.09,28.1937,28.1937,22227880
2004-10-22,28.5577,28.9079,28.2884,28.2992,28.2992,12331363
2004-10-25,28.2992,28.7688,28.1937,28.6662,28.6662,5989557
2004-10-26,28.6168,29.1003,28.6168,29.0549,29.0549,6503037
2004-10-27,28.9691,29.6685,28.902,29.5669,29.5669,8262902
2004-10-28,29.4208,29.5175,28.9247,29.1071,29.1071,8832673
2004-10-29,29.1071,29.557,29.0825,29.4722,29.4722,5289437
2004-11-01,29.6043,29.9704,29.5244,29.9506,29.9506,7167628
2004-11-02,29.991,30.4764,29.8598,29.999,29.999,8306079
2004-11-03,30.7388,30.9134,30.578,30.8275,30.8275,9448626
2004-11-04,30.9065,31.5852,30.7003,31.4273,31.4273,10459453
2004-11-05,31.5447,32.1445,31.4481,31.9028,31.9028,10187002
2004-11-08,31.9028,32.0104,31.5389,31.8436,31.8436,5712737
2004-11-09,31.7628,32.399,31.7332,32.3201,32.3201,7537094
2004-11-10,32.3922,32.5628,32.2155,32.472,32.472,7229936
2004-11-11,32.5628,32.9357,32.5382,32.8745,32.8745,6137676
2004-11-12,32.9179,32.9179,32.4228,32.9179,32.9179,6370768
2004-11-15,32.8676,33.1764,32.7107,32.8183,32.8183,5730495
2004-11-16,32.912,33.1192,32.6259,32.8864,32.8864,6324317
2004-11-17,33.2642,33.4674,32.9949,33.2573,33.2573,5382623
2004-11-18,33.2573,33.5848,32.9791,33.4605,33.4605,4874337
2004-11-19,33.4605,33.4605,32.9712,33.0008,33.0008,5355843
2004-11-22,33.0206,33.278,32.7897,32.9712,32.9712,5044591
2004-11-23,33.4467,33.5779,32.9446,33.2642,33.2642,7076628
2004-11-24,33.2987,33.7062,33.207,33.6884,33.6884,5019993
2004-11-26,33.7525,33.9883,33.7062,33.9577,33.9577,1938311
2004-11-29,33.9577,34.1027,33.2139,33.3599,33.3599,7143307
2004-11-30,33.2267,33.5848,33.0067,33.498,33.498,5718198
2004-12-01,33.498,33.9064,33.498,33.9064,33.9064,4558714
2004-12-02,33.9064,33.9064,33.3204,33.572,33.572,4657365
2004-12-03,33.4753,33.5986,32.9712,33.2721,33.2721,6708265
2004-12-06,33.278,33.4467,33.0808,33.1399,33.1399,3985659
2004-12-07,33.1399,33.8788,33.1399,33.2336,33.2336,6186043
2004-12-08,33.2336,33.3204,32.9446,33.1616,33.1616,4687419
2004-12-09,33.0067,33.5779,32.6358,33.4674,33.4674,7248796
2004-12-10,33.4674,33.7062,33.2987,33.5286,33.5286,3963253
2004-12-13,33.79,34.3898,33.645,34.3898,34.3898,6342628
2004-12-14,34.3818,34.4845,33.79,34.2892,34.2892,6318029
2004-12-15,34.2892,34.8288,34.2448,34.7193,34.7193,5853742
2004-12-16,34.7271,35.0349,34.3592,34.6917,34.6917,6789694
2004-12-17,34.6917,34.8288,34.2744,34.4845,34.4845,8153047
2004-12-20,34.7271,34.8732,34.4371,34.5219,34.5219,4158094
2004-12-21,34.7055,35.2895,34.6049,35.2253,35.2253,5901021
2004-12-22,35.3289,35.6554,35.2253,35.5508,35.5508,4906862
2004-12-23,35.5508,35.7975,35.4601,35.614,35.614,2975924
2004-12-27,35.6732,35.8557,35.0931,35.1681,35.1681,3350306
2004-12-28,35.3555,36.0628,35.3496,36.0293,36.0293,3829898
2004-12-29,35.8625,36.122,35.7906,36.0293,36.0293,3461256
2004-12-30,36.0392,36.0806,35.6939,35.6939,35.6939,3274063
2004-12-31,35.6939,35.8625,35.5608,35.688,35.688,2254760
2005-01-03,35.1681,35.5508,34.5969,34.7863,34.7863,8599841
2005-01-04,35.1444,35.2391,34.1461,34.4066,34.4066,10356157
2005-01-05,34.4845,34.5643,33.7456,33.7456,33.7456,8106316
2005-01-06,33.8136,34.6049,33.7456,34.2448,34.2448,8608588
2005-01-07,34.2812,34.5062,34.0919,34.1708,34.1708,7945910
2005-01-10,34.2162,34.2892,33.8136,33.8561,33.8561,6584196
2005-01-11,33.8561,33.8561,33.3381,33.3895,33.3895,8056036
2005-01-12,33.6676,33.8492,33.207,33.8078,33.8078,11460449
2005-01-13,33.7386,34.0791,33.7238,33.9803,33.9803,9157589
2005-01-14,34.2092,34.4144,34.0267,34.2812,34.2812,5226313
2005-01-18,34.1461,34.2162,33.6292,33.864,33.864,6318850
2005-01-19,33.7722,33.9163,33.4812,33.4891,33.4891,7977606
2005-01-20,33.4891,33.5049,32.9031,32.9653,32.9653,6979619
2005-01-21,32.912,33.2839,32.478,32.6585,32.6585,9391784
2005-01-24,32.7679,32.8381,32.2481,32.2481,32.2481,7698322
2005-01-25,32.472,33.1192,32.2481,33.1192,33.1192,8197592
2005-01-26,33.1192,33.5365,32.8943,33.3441,33.3441,8681282
2005-01-27,31.9818,32.2886,31.6167,31.6592,31.6592,29811155
2005-01-28,31.8358,32.2481,31.7786,32.0025,32.0025,11172144
2005-01-31,32.2017,32.8114,32.0765,32.6052,32.6052,9120699
2005-02-01,32.7897,33.133,32.6259,32.9791,32.9791,6544841
2005-02-02,32.9712,33.4674,32.7769,33.3056,33.3056,9239570
2005-02-03,33.126,33.6804,33.0294,33.5907,33.5907,7141666
2005-02-04,33.5907,33.7308,33.2918,33.6292,33.6292,9026420
2005-02-07,33.6292,33.7308,33.3895,33.4299,33.4299,5077928
2005-02-08,33.4467,33.5986,33.1616,33.4753,33.4753,4587131
2005-02-09,33.4753,33.6598,33.1192,33.1675,33.1675,5186415
2005-02-10,33.2987,33.8136,33.2642,33.6884,33.6884,4361952
2005-02-11,33.7722,34.0919,33.4092,33.9498,33.9498,6363391
2005-02-14,34.0849,34.0977,33.6213,33.7456,33.7456,3282533
2005-02-15,33.6756,33.8788,33.2918,33.4812,33.4812,8629630
2005-02-16,33.3895,33.9636,33.3381,33.864,33.864,6194512
2005-02-17,33.864,34.0465,33.5582,33.5986,33.5986,4672118
2005-02-18,33.5986,33.6065,33.1991,33.2425,33.2425,6075642
2005-02-22,33.1537,33.4467,32.7187,32.7365,32.7365,6982352
2005-02-23,32.8943,33.2139,32.8114,33.1014,33.1014,4235430
2005-02-24,33.2139,34.1708,33.1902,34.0919,34.0919,6210907
2005-02-25,34.0643,34.8732,33.9439,34.6985,34.6985,8319195
2005-02-28,34.6177,35.2175,34.3444,34.7784,34.7784,9007019
2005-03-01,34.7469,35.7126,34.5575,35.6357,35.6357,13242448
2005-03-02,35.3555,35.7906,35.3555,35.5608,35.5608,9239301
2005-03-03,35.5608,35.8034,35.1967,35.7669,35.7669,7441721
2005-03-04,35.8034,36.5807,35.5844,36.5807,36.5807,11061742
2005-03-07,36.5581,36.5581,36.0628,36.193,36.193,6528720
2005-03-08,36.2621,36.5047,36.0076,36.2286,36.2286,6781226
2005-03-09,36.0461,36.0806,35.4058,35.4285,35.4285,7845615
2005-03-10,35.4907,36.2158,35.4058,35.9573,35.9573,9573781
2005-03-11,35.9573,36.4407,35.8034,36.2286,36.2286,7759531
2005-03-14,35.8251,35.9494,35.1967,35.3289,35.3289,11253857
2005-03-15,35.4058,35.6209,35.2391,35.4058,35.4058,7429702
2005-03-16,35.4058,35.5922,34.954,35.2253,35.2253,6086295
2005-03-17,35.2785,35.5844,35.2637,35.4285,35.4285,4670205
2005-03-18,35.6801,35.8162,34.961,35.2785,35.2785,12106459
2005-03-21,35.2785,35.5104,35.0566,35.1967,35.1967,4591230
2005-03-22,35.3289,35.4532,34.6049,34.6541,34.6541,6346995
2005-03-23,34.6759,34.7557,34.2319,34.2664,34.2664,6844894
2005-03-24,34.3374,34.6689,34.2448,34.2448,34.2448,4984194
2005-03-28,34.2497,34.5969,34.0405,34.4795,34.4795,5717102
2005-03-29,34.1787,34.3976,32.7897,32.8617,32.8617,16816289
2005-03-30,33.1014,33.5651,33.0808,33.4753,33.4753,8982971
2005-03-31,33.4812,33.6804,33.1764,33.4605,33.4605,6231132
2005-04-01,33.6676,33.7525,32.8676,32.9949,32.9949,8696032
2005-04-04,32.8617,33.207,32.5904,33.0067,33.0067,8887876
2005-04-05,33.0955,33.1537,32.6901,33.064,33.064,6226485
2005-04-06,33.1537,33.5049,33.1537,33.4467,33.4467,6279774
2005-04-07,33.4092,33.6134,33.2642,33.5138,33.5138,4799734
2005-04-08,33.6598,33.6676,33.1764,33.1833,33.1833,4935274
2005-04-11,33.126,33.3441,32.9712,33.0008,33.0008,4587953
2005-04-12,33.0008,33.4812,32.6259,33.4467,33.4467,6799530
2005-04-13,33.3895,33.3895,32.327,32.4228,32.4228,8570052
2005-04-14,32.4228,32.5697,31.2152,31.2518,31.2518,13403954
2005-04-15,31.2518,31.2882,30.3423,30.5415,30.5415,12708478
2005-04-18,30.6066,31.016,30.2268,30.5858,30.5858,8547647
2005-04-19,30.8847,31.3514,30.8847,31.092,31.092,9406269
2005-04-20,32.7897,32.9357,32.0843,32.2155,32.2155,24092680
2005-04-21,32.3132,32.8943,32.0193,32.8114,32.8114,13027926
2005-04-22,32.8114,33.0808,32.478,32.8676,32.8676,8717897
2005-04-25,33.1014,33.572,32.9712,33.3441,33.3441,7991542
2005-04-26,33.3529,33.4249,32.478,32.5184,32.5184,7770737
2005-04-27,32.3704,32.3704,31.5852,32.2155,32.2155,10923746
2005-04-28,32.2155,32.3053,31.6167,31.7292,31.7292,7783039
2005-04-29,32.0577,32.2886,31.4826,32.2155,32.2155,7642026
2005-05-02,32.2826,32.3645,31.9324,32.3478,32.3478,4927903
2005-05-03,32.3478,32.4444,31.9186,32.0498,32.0498,6994106
2005-05-04,32.1377,32.8183,32.1377,32.7187,32.7187,5327422
2005-05-05,32.7187,33.0294,32.6772,32.8745,32.8745,6195876
2005-05-06,33.3963,33.3963,32.9534,32.9949,32.9949,6342081
2005-05-09,32.9949,33.1902,32.9179,33.0373,33.0373,4111915
2005-05-10,32.9712,32.9712,32.6901,32.8114,32.8114,5629389
2005-05-11,32.8617,33.3441,32.6052,33.2642,33.2642,6261464
2005-05-12,33.2839,33.4092,32.4958,32.5234,32.5234,10027961
2005-05-13,32.5234,33.0136,32.399,32.5697,32.5697,8456104
2005-05-16,32.5776,33.133,32.4602,33.0728,33.0728,5166465
2005-05-17,33.1616,33.6884,32.9712,33.6509,33.6509,6290432
2005-05-18,33.6676,34.3976,33.6676,34.223,34.223,6811281
2005-05-19,34.2092,34.3256,33.9577,34.2162,34.2162,3774417
2005-05-20,34.3374,34.3374,33.9241,34.2586,34.2586,3633414
2005-05-23,34.2319,34.6689,34.2319,34.4144,34.4144,3721404
2005-05-24,34.3976,34.4144,34.0919,34.3326,34.3326,3008444
2005-05-25,34.1392,34.1866,33.713,33.8373,33.8373,4636321
2005-05-26,33.9311,34.5643,33.9311,34.5575,34.5575,3545424
2005-05-27,34.5437,34.6049,34.2497,34.5141,34.5141,2439493
2005-05-31,34.5141,34.7469,34.2319,34.4371,34.4371,4845642
2005-06-01,34.3818,35.3289,34.3256,34.9452,34.9452,6844627
2005-06-02,34.9382,35.1277,34.7271,34.8288,34.8288,3715125
2005-06-03,34.7784,34.9836,34.3108,34.3818,34.3818,4469078
2005-06-06,34.4558,34.7351,34.3326,34.4558,34.4558,3307402
2005-06-07,34.4795,35.0931,34.4292,34.5969,34.5969,4487385
2005-06-08,35.1277,35.4601,34.9452,35.3417,35.3417,10758415
2005-06-09,35.4838,36.0766,35.4216,35.6643,35.6643,7337333
2005-06-10,35.8034,35.8773,35.2175,35.5035,35.5035,6760185
2005-06-13,35.5104,36.2404,35.3713,35.7077,35.7077,5695515
2005-06-14,35.7126,36.193,35.5992,36.0688,36.0688,5204995
2005-06-15,36.0688,36.2158,35.6357,36.0766,36.0766,4517993
2005-06-16,36.193,36.2473,35.7975,35.978,35.978,5683771
2005-06-17,36.2286,36.9004,36.0461,36.6676,36.6676,10347139
2005-06-20,36.5926,37.0819,36.4032,36.8866,36.8866,5804007
2005-06-21,37.0335,37.6837,37.0118,37.3986,37.3986,9311990
2005-06-22,37.3275,37.4114,36.7741,36.7998,36.7998,5998300
2005-06-23,36.7741,36.7741,35.9859,36.0293,36.0293,8115335
2005-06-24,36.0293,36.0954,35.2785,35.4443,35.4443,9601109
2005-06-27,35.4443,35.8625,35.1365,35.47,35.47,5093498
2005-06-28,35.5844,35.8557,35.5104,35.7906,35.7906,7424506
2005-06-29,35.7906,36.0628,35.3121,35.3634,35.3634,8225462
2005-06-30,35.2391,35.5104,34.8672,34.881,34.881,9171254
2005-07-01,35.0408,35.1681,34.954,35.1089,35.1089,5725578
2005-07-05,35.0724,35.3121,34.9047,35.1967,35.1967,6024808
2005-07-06,34.9836,35.1612,34.7055,34.8732,34.8732,6941907
2005-07-07,34.881,35.688,34.7637,35.6209,35.6209,7664442
2005-07-08,35.7767,36.3884,35.5844,36.1161,36.1161,7942077
2005-07-11,36.3884,36.6547,36.1516,36.5807,36.5807,6375688
2005-07-12,36.5807,36.5867,36.0076,36.2158,36.2158,10396331
2005-07-13,36.2158,36.5491,36.0875,36.5353,36.5353,21456438
2005-07-14,36.7416,37.3986,36.2286,37.3275,37.3275,9611088
2005-07-15,37.3275,37.3275,36.7534,37.0819,37.0819,7008997
2005-07-18,37.1431,37.6185,37.1145,37.1933,37.1933,5662726
2005-07-19,38.3278,39.0973,38.2469,39.0815,39.0815,18829751
2005-07-20,38.8556,39.2275,38.2183,38.9355,38.9355,13953230
2005-07-21,38.9887,39.1189,38.095,38.2775,38.2775,11368627
2005-07-22,38.607,38.672,37.8839,38.3564,38.3564,6994106
2005-07-25,38.461,38.5458,37.7793,37.949,37.949,5204586
2005-07-26,38.0594,38.2252,37.7743,37.9273,37.9273,3794917
2005-07-27,38.0594,38.6336,37.7743,38.6336,38.6336,7392943
2005-07-28,38.7895,39.9594,38.6405,39.8519,39.8519,10460275
2005-07-29,39.5599,39.7681,39.043,39.4554,39.4554,7407832
2005-08-01,39.6685,39.8519,39.338,39.5382,39.5382,4087039
2005-08-02,39.5599,39.9388,39.4623,39.8588,39.8588,4168208
2005-08-03,39.6901,39.8588,39.5047,39.8046,39.8046,4404994
2005-08-04,39.5639,39.6901,39.3162,39.5382,39.5382,3911470
2005-08-05,39.5215,39.6299,39.1051,39.2334,39.2334,3552796
2005-08-08,39.5047,39.6941,39.1555,39.2896,39.2896,2791601
2005-08-09,39.5215,39.8134,39.2798,39.7681,39.7681,3091242
2005-08-10,39.9802,40.6826,39.9308,40.2544,40.2544,5922468
2005-08-11,40.3649,40.6194,40.1271,40.6194,40.6194,3768819
2005-08-12,40.5148,40.5208,39.8864,40.1035,40.1035,3343475
2005-08-15,40.4053,40.5148,39.9308,40.4458,40.4458,2419135
2005-08-16,39.8134,40.1843,39.2334,39.2985,39.2985,6739549
2005-08-17,39.2275,39.412,38.9641,39.1269,39.1269,3082502
2005-08-18,39.043,39.0815,38.5705,38.9009,38.9009,3831948
2005-08-19,39.0815,40.2149,38.8921,40.1193,40.1193,5615311
2005-08-22,40.2544,40.6194,39.917,40.1114,40.1114,4358681
2005-08-23,40.1429,40.3738,39.7109,40.0285,40.0285,3139336
2005-08-24,39.9594,39.9654,38.7974,38.9414,38.9414,5226037
2005-08-25,38.9483,39.5511,38.9355,39.0815,39.0815,3815145
2005-08-26,39.4474,39.5126,38.8921,39.1485,39.1485,3655956
2005-08-29,38.9009,39.4474,38.824,39.3044,39.3044,3230340
2005-08-30,39.0815,39.4554,38.7441,39.3586,39.3586,3740261
2005-08-31,39.6023,40.7289,39.4336,40.6115,40.6115,8336414
2005-09-01,40.9627,41.7184,40.8355,41.674,41.674,8778425
2005-09-02,41.8624,43.0324,41.7184,42.6289,42.6289,9569140
2005-09-06,42.2866,43.0382,42.0459,42.8213,42.8213,10642820
2005-09-07,43.1438,43.278,42.7985,43.2316,43.2316,6780268
2005-09-08,42.5953,43.3471,42.3616,42.7068,42.7068,5437825
2005-09-09,43.0008,43.1438,42.7473,43.0806,43.0806,3600625
2005-09-12,43.1438,43.3933,43.0008,43.3933,43.3933,3331035
2005-09-13,43.4151,43.8245,43.1004,43.4743,43.4743,5047868
2005-09-14,43.4743,43.6134,42.5677,42.6693,42.6693,4085403
2005-09-15,42.6891,42.8351,41.9798,42.2579,42.2579,4777736
2005-09-16,42.4494,42.5756,41.7756,42.2412,42.2412,6657569
2005-09-19,42.2273,42.5362,41.4491,41.6947,41.6947,4625523
2005-09-20,42.0459,42.3191,41.4905,41.5783,41.5783,5131760
2005-09-21,41.4983,42.1405,41.2468,41.7982,41.7982,5770398
2005-09-22,41.7982,42.8893,41.7982,42.4494,42.4494,5820541
2005-09-23,42.7285,43.2553,42.5598,43.1212,43.1212,4352393
2005-09-26,42.7413,42.8528,42.1505,42.6969,42.6969,6397009
2005-09-27,42.7413,43.1576,42.3754,42.9761,42.9761,4697122
2005-09-28,43.5167,43.5907,41.7184,42.1199,42.1199,5285882
2005-09-29,42.1267,42.622,41.9146,42.4414,42.4414,4212749
2005-09-30,42.6535,43.2859,42.4572,43.0008,43.0008,5462967
2005-10-03,43.0038,43.3471,42.8528,43.1872,43.1872,3550611
2005-10-04,43.1054,43.7949,42.2658,42.2866,42.2866,4976540
2005-10-05,41.5694,42.2017,41.1412,41.1482,41.1482,7115848
2005-10-06,41.2418,41.2418,39.8864,40.3895,40.3895,8662834
2005-10-07,40.6332,41.6424,40.6194,41.4372,41.4372,4909317
2005-10-10,41.3889,41.5694,40.3126,40.6697,40.6697,4500369
2005-10-11,40.8819,41.379,40.6194,40.6628,40.6628,4502552
2005-10-12,40.7289,41.155,39.8796,40.0768,40.0768,7303857
2005-10-13,39.9308,40.2209,38.9977,39.5215,39.5215,8385190
2005-10-14,39.8134,40.1903,39.7681,40.066,40.066,5922061
2005-10-17,40.3974,40.5385,39.8667,40.2751,40.2751,4490938
2005-10-18,40.1607,40.1676,39.484,39.4919,39.4919,4791674
2005-10-19,39.4978,40.5829,39.0291,40.569,40.569,4330801
2005-10-20,40.3807,41.3494,39.0736,39.5451,39.5451,5735688
2005-10-21,36.0559,36.9004,35.3121,35.8034,35.8034,37294826
2005-10-24,36.2286,36.849,36.193,36.8194,36.8194,11699147
2005-10-25,36.9082,37.0503,36.5807,36.8076,36.8076,9467343
2005-10-26,36.8156,37.435,36.5669,36.9961,36.9961,6388260
2005-10-27,36.925,37.0335,36.4101,36.5195,36.5195,7222145
2005-10-28,36.7011,37.586,36.4555,37.3758,37.3758,5887352
2005-10-31,38.0594,38.9009,37.8227,38.4886,38.4886,9018498
2005-11-01,38.4985,38.9227,38.312,38.5862,38.5862,8935281
2005-11-02,38.68,39.5382,38.6494,39.2985,39.2985,5834890
2005-11-03,39.5945,39.8934,39.1189,39.1426,39.1426,8466625
2005-11-04,39.3438,39.4771,39.0815,39.192,39.192,4380399
2005-11-07,39.338,40.0048,39.0815,39.7019,39.7019,4363049
2005-11-08,39.7019,40.0285,39.3242,39.7019,39.7019,4921890
2005-11-09,39.7109,39.917,39.412,39.5945,39.5945,3852032
2005-11-10,39.4711,40.1903,39.3922,40.0285,40.0285,4016542
2005-11-11,40.1193,40.2455,39.7267,40.1607,40.1607,2557954
2005-11-14,40.1035,40.6115,39.9742,40.569,40.569,4104395
2005-11-15,40.5474,40.9577,40.5306,40.9133,40.9133,5360210
2005-11-16,40.9133,41.9078,40.9133,41.5211,41.5211,6255041
2005-11-17,41.7016,42.0813,41.4105,42.0597,42.0597,5874921
2005-11-18,42.4494,42.4494,41.6217,41.9226,41.9226,5568037
2005-11-21,41.7914,42.3112,41.4905,42.2333,42.2333,3642709
2005-11-22,42.2333,43.1054,42.0113,43.0038,43.0038,4395428
2005-11-23,42.8893,42.8942,42.3477,42.4572,42.4572,3708155
2005-11-25,42.4652,42.7985,42.3684,42.4128,42.4128,1114259
2005-11-28,42.4346,42.6111,41.8042,42.0459,42.0459,3007210
2005-11-29,42.0459,42.3033,41.674,41.7914,41.7914,4908771
2005-11-30,41.9018,42.4414,41.8624,42.2866,42.2866,3689568
2005-12-01,42.4494,43.201,42.3319,43.1823,43.1823,4279426
2005-12-02,43.1054,43.5098,42.7413,43.0382,43.0382,3090832
2005-12-05,42.9238,43.2859,42.3191,42.6891,42.6891,4360860
2005-12-06,42.6289,43.3933,42.4414,43.0324,43.0324,3674679
2005-12-07,43.0324,43.2385,42.0813,42.2866,42.2866,4202094
2005-12-08,42.1791,42.5894,41.7666,41.964,41.964,3844658
2005-12-09,42.1505,42.7473,41.9432,42.5144,42.5144,3120757
2005-12-12,42.4652,42.8439,42.4494,42.472,42.472,1888031
2005-12-13,42.397,43.4901,42.3033,43.1576,43.1576,3648988
2005-12-14,42.985,43.1823,42.5214,43.0008,43.0008,3243457
2005-12-15,43.2138,43.5463,42.9011,42.9692,42.9692,3491584
2005-12-16,43.1823,43.7298,43.0482,43.6498,43.6498,6976617
2005-12-19,42.9238,43.1823,41.2468,41.5931,41.5931,7723464
2005-12-20,41.7184,42.2412,41.4105,41.5289,41.5289,4765852
2005-12-21,41.7914,42.2579,41.5427,41.7756,41.7756,3928139
2005-12-22,42.0113,42.9692,41.9502,42.7789,42.7789,4237071
2005-12-23,42.7857,43.0718,42.622,42.8213,42.8213,1819710
2005-12-27,42.8291,43.4674,42.3616,42.3684,42.3684,2928103
2005-12-28,42.4828,42.5894,41.9877,42.3319,42.3319,3024974
2005-12-29,42.3754,43.0244,42.3616,42.5529,42.5529,2213355
2005-12-30,42.3388,42.5214,42.1337,42.2787,42.2787,2797615
2006-01-03,42.3546,42.5292,41.7519,42.3033,42.3033,5052104
2006-01-04,42.4128,43.496,42.1199,43.4151,43.4151,6254087
2006-01-05,43.1951,43.8087,43.1823,43.3805,43.3805,6224980
2006-01-06,43.5236,44.4667,43.4585,44.2447,44.2447,7777708
2006-01-09,44.2447,45.1444,44.2447,45.0448,45.0448,6023992
2006-01-10,44.8968,45.024,44.3798,44.8652,44.8652,4356077
2006-01-11,44.5525,45.1128,44.4252,44.884,44.884,3765129
2006-01-12,44.812,45.8577,44.7271,45.532,45.532,7271336
2006-01-13,45.394,45.7333,45.2825,45.6179,45.6179,2646219
2006-01-17,45.1513,46.2098,45.1207,46.0796,46.0796,4950584
2006-01-18,45.6406,45.9059,45.1553,45.2825,45.2825,4989111
2006-01-19,45.4137,46.1082,45.3013,45.7471,45.7471,3245915
2006-01-20,45.7471,45.7471,44.2654,44.4815,44.4815,6068124
2006-01-23,44.4608,44.9678,44.1017,44.6729,44.6729,3698040
2006-01-24,44.4884,45.2765,44.4608,44.8968,44.8968,4497496
2006-01-25,45.0102,46.2917,44.7271,45.4275,45.4275,6520802
2006-01-26,46.3292,47.8868,45.5952,47.6945,47.6945,14098200
2006-01-27,48.2301,50.0374,47.6826,49.4238,49.4238,10367637
2006-01-30,48.6898,49.8538,48.531,49.0439,49.0439,6937265
2006-01-31,49.0361,49.8904,48.7707,49.6961,49.6961,7726469
2006-02-01,49.839,50.7476,49.6961,50.6766,50.6766,6593213
2006-02-02,50.3165,50.574,49.7592,50.0551,50.0551,6292753
2006-02-03,49.914,50.4793,49.5835,49.8638,49.8638,4822964
2006-02-06,50.135,50.3668,49.769,50.281,50.281,5118235
2006-02-07,49.988,50.0156,48.9819,49.1495,49.1495,6706074
2006-02-08,49.5835,50.4171,49.2956,50.3599,50.3599,4874202
2006-02-09,50.5,51.0485,49.9358,50.0946,50.0946,5488516
2006-02-10,49.8786,50.4014,49.6073,50.3165,50.3165,4328479
2006-02-13,49.988,50.5414,49.6803,50.2209,50.2209,3878262
2006-02-14,50.5,51.5309,49.9358,51.3928,51.3928,6192461
2006-02-15,51.1788,52.4404,51.158,52.4,52.4,5862623
2006-02-16,52.5381,52.6969,52.2491,52.6633,52.6633,4759432
2006-02-17,52.6969,52.981,52.4848,52.7325,52.7325,6514515
2006-02-21,52.6969,53.2701,52.4631,53.127,53.127,5406396
2006-02-22,53.127,53.9596,53.0896,53.4723,53.4723,7558683
2006-02-23,53.4811,53.4959,52.6239,52.9504,52.9504,6796396
2006-02-24,53.0638,53.3667,52.5194,53.2079,53.2079,3991944
2006-02-27,53.6478,54.151,53.4249,53.7939,53.7939,4395977
2006-02-28,53.5019,53.6894,52.9899,53.4891,53.4891,6057739
2006-03-01,53.5216,54.8474,53.3825,54.445,54.445,5709999
2006-03-02,54.2585,54.6117,54.0207,54.4084,54.4084,3071159
2006-03-03,54.4144,55.2579,54.2368,54.6037,54.6037,4640830
2006-03-06,54.6185,54.802,53.0638,53.5906,53.5906,7509904
2006-03-07,53.4309,54.1737,52.8498,53.4565,53.4565,6701429
2006-03-08,53.4565,53.4634,51.4805,52.9899,52.9899,10556332
2006-03-09,53.0096,53.0758,52.1455,52.2569,52.2569,6970602
2006-03-10,52.2195,52.7038,51.5091,51.9304,51.9304,8147444
2006-03-13,52.2924,52.5124,51.809,51.96,51.96,4647660
2006-03-14,51.96,52.9001,51.96,52.6515,52.6515,5531829
2006-03-15,52.7739,54.6709,52.6515,54.371,54.371,7116527
2006-03-16,54.8396,55.1769,54.4361,54.8168,54.8168,7920900
2006-03-17,55.3141,55.8803,54.4864,55.7905,55.7905,9585667
2006-03-20,56.266,56.4377,55.3515,55.5114,55.5114,5763151
2006-03-21,55.5488,55.8211,54.298,54.3868,54.3868,6277452
2006-03-22,53.9409,55.9493,53.9409,55.7767,55.7767,4967931
2006-03-23,55.9158,56.5117,55.4393,55.8122,55.8122,6660709
2006-03-24,55.8122,56.1052,55.0171,55.2579,55.2579,5887081
2006-03-27,55.535,55.7402,54.9126,55.17,55.17,3523831
2006-03-28,55.2933,55.7905,54.6767,54.7942,54.7942,5085031
2006-03-29,53.6104,54.1441,53.0984,53.9201,53.9201,8814088
2006-03-30,53.9043,54.4144,52.8103,52.9899,52.9899,7217641
2006-03-31,52.9899,53.0234,52.1839,52.5539,52.5539,5877244
2006-04-03,53.2148,55.2431,53.1072,53.7939,53.7939,8040871
2006-04-04,54.2299,55.2727,53.788,55.1108,55.1108,6293432
2006-04-05,55.2579,55.7323,54.5949,55.4768,55.4768,6501663
2006-04-06,55.2579,55.681,54.8968,55.3683,55.3683,5027234
2006-04-07,55.3279,55.6593,54.6423,54.8316,54.8316,5824639
2006-04-10,54.8396,55.5636,54.8316,55.2183,55.2183,5517886
2006-04-11,55.7836,56.1644,55.2579,56.1052,56.1052,7276122
2006-04-12,56.2364,57.2683,56.2364,56.9684,56.9684,8762299
2006-04-13,56.5017,56.9171,55.9227,56.3143,56.3143,5750991
2006-04-17,56.7129,57.6717,55.8339,55.9493,55.9493,7459345
2006-04-18,56.3903,57.8917,56.2206,57.7517,57.7517,10523945
2006-04-19,57.8552,58.5132,57.3403,57.7961,57.7961,6349459
2006-04-20,57.8099,58.0506,56.5353,57.0661,57.0661,5260878
2006-04-21,58.1472,58.5497,56.7938,56.9891,56.9891,9416384
2006-04-24,57.2683,58.3445,56.1556,56.632,56.632,15329966
2006-04-25,56.5561,56.5561,54.7241,54.8396,54.8396,10297680
2006-04-26,55.6662,56.2058,55.3347,55.5854,55.5854,6302591
2006-04-27,54.883,55.3683,54.0484,54.9332,54.9332,8131867
2006-04-28,55.2579,55.6958,54.9638,55.4324,55.4324,6032323
2006-05-01,55.7678,56.0687,55.1887,55.3515,55.3515,5743482
2006-05-02,55.5784,56.8382,55.4906,56.708,56.708,5263886
2006-05-03,57.0513,57.2574,56.0608,57.1587,57.1587,4973128
2006-05-04,57.4528,57.9105,57.3196,57.6806,57.6806,4971624
2006-05-05,58.2409,59.1998,58.1117,58.5329,58.5329,8190349
2006-05-08,58.5408,58.6375,57.7517,58.4777,58.4777,3713480
2006-05-09,58.5497,59.3842,58.5408,59.3842,59.3842,4056985
2006-05-10,59.5687,60.0354,58.7342,59.261,59.261,5422388
2006-05-11,59.261,59.5027,58.0634,58.2705,58.2705,5966605
2006-05-12,58.0022,58.1857,56.855,56.9496,56.9496,6215144
2006-05-15,56.9496,57.0147,55.7836,56.7,56.7,6623277
2006-05-16,57.0581,57.7961,56.4435,56.6043,56.6043,5120826
2006-05-17,55.9109,56.4711,54.8968,55.5558,55.5558,7955060
2006-05-18,55.6889,55.9493,54.4144,54.6117,54.6117,8553662
2006-05-19,54.883,54.948,52.7689,53.2641,53.2641,14061308
2006-05-22,52.6969,53.705,52.6565,53.3322,53.3322,9883947
2006-05-23,53.9467,54.7063,53.9201,53.9527,53.9527,7793146
2006-05-24,53.7198,55.0378,52.8241,53.855,53.855,8713116
2006-05-25,53.9527,54.2171,53.0146,54.1293,54.1293,5135859
2006-05-26,54.3404,54.7616,53.6656,54.4637,54.4637,3752831
2006-05-30,54.4706,54.4795,52.7393,52.8103,52.8103,5636496
2006-05-31,53.1191,53.7337,52.2569,53.3904,53.3904,5486465
2006-06-01,53.2148,53.7742,52.5933,53.639,53.639,3974866
2006-06-02,53.8294,53.8294,52.7887,53.2849,53.2849,5094184
2006-06-05,53.2789,53.2849,50.3599,50.7407,50.7407,9355302
2006-06-06,50.6835,51.2448,49.839,50.1182,50.1182,11924600
2006-06-07,50.281,50.3165,48.605,48.8437,48.8437,13341100
2006-06-08,48.5961,49.4297,47.1431,48.9561,48.9561,16256491
2006-06-09,49.6861,50.5336,49.259,49.4168,49.4168,10822771
2006-06-12,50.062,50.062,48.3485,48.5379,48.5379,8611733
2006-06-13,48.0348,49.404,47.8701,48.5448,48.5448,8515134
2006-06-14,48.2647,49.4603,48.2301,49.3892,49.3892,7264367
2006-06-15,50.135,51.9995,50.135,51.8544,51.8544,11478891
2006-06-16,51.8544,52.2352,51.4875,51.6345,51.6345,9287810
2006-06-19,51.96,52.2924,50.8679,51.1936,51.1936,7279127
2006-06-20,51.5091,52.4306,51.377,51.9521,51.9521,7319983
2006-06-21,51.9521,53.7574,51.9462,53.0382,53.0382,7517826
2006-06-22,53.132,53.1773,52.2253,52.9001,52.9001,4553649
2006-06-23,52.7325,53.6035,52.0725,52.7965,52.7965,4551606
2006-06-26,52.9899,53.3983,52.3872,53.0452,53.0452,3444721
2006-06-27,52.4,53.4043,52.3438,52.4404,52.4404,3533808
2006-06-28,52.4464,53.3737,52.2648,53.2148,53.2148,3976778
2006-06-29,53.3203,54.6639,53.1931,54.4509,54.4509,6934808
2006-06-30,54.8563,54.8563,53.7337,54.5101,54.5101,5333845
2006-07-03,54.8316,55.2025,54.5101,54.7241,54.7241,2607419
2006-07-05,53.9409,54.0119,53.3401,53.5216,53.5216,6870448
2006-07-06,53.5147,54.3354,53.3904,53.9043,53.9043,4309625
2006-07-07,53.7198,54.1155,52.9593,53.1191,53.1191,4525648
2006-07-10,53.2464,54.2299,53.0638,53.6252,53.6252,3560181
2006-07-11,53.6311,53.8708,53.127,53.7198,53.7198,4614317
2006-07-12,53.4397,53.5729,52.0665,52.1899,52.1899,5296955
2006-07-13,52.0073,52.0143,50.9745,51.011,51.011,6701838
2006-07-14,51.234,51.4441,50.3521,50.6372,50.6372,7592842
2006-07-17,50.6372,51.3622,50.5,50.6372,50.6372,7779347
2006-07-18,50.938,51.3395,49.8134,50.8443,50.8443,6625047
2006-07-19,50.8443,52.5381,50.0462,52.0537,52.0537,7592842
2006-07-20,52.2352,52.5992,50.2209,50.5572,50.5572,9859488
2006-07-21,51.96,52.0379,49.1091,50.0236,50.0236,19705858
2006-07-24,50.8275,51.6424,49.9278,51.6118,51.6118,9748675
2006-07-25,51.597,51.9768,50.7407,51.7114,51.7114,7467407
2006-07-26,51.7942,51.9136,51.086,51.3277,51.3277,4819002
2006-07-27,51.597,53.1487,51.4056,51.7568,51.7568,8310861
2006-07-28,52.1839,52.4848,51.5249,52.1169,52.1169,4135548
2006-07-31,51.96,52.4464,51.5595,51.8663,51.8663,4665972
2006-08-01,51.3188,51.5457,50.5898,51.0179,51.0179,6166499
2006-08-02,51.1708,52.1169,51.1708,51.7814,51.7814,4157688
2006-08-03,51.4145,53.3529,51.1708,53.2296,53.2296,6694597
2006-08-04,53.7742,54.2171,52.8745,53.4891,53.4891,7098082
2006-08-07,53.5216,54.0997,53.0816,53.5561,53.5561,5292170
2006-08-08,53.563,53.7396,52.1593,52.4,52.4,5656576
2006-08-09,52.912,52.9504,50.062,50.1469,50.1469,11349775
2006-08-10,50.3165,50.5296,49.8134,50.0008,50.0008,9201724
2006-08-11,49.8786,49.9278,48.4136,49.0597,49.0597,9573922
2006-08-14,49.4721,50.2139,47.95,48.2725,48.2725,11373135
2006-08-15,48.6414,49.3714,48.2301,49.336,49.336,9389327
2006-08-16,49.8904,50.9015,49.5204,50.5818,50.5818,9256655
2006-08-17,50.5818,51.2626,50.3165,50.7634,50.7634,5106755
2006-08-18,51.0485,51.0485,49.5392,49.9959,49.9959,7946318
2006-08-21,49.9959,50.0827,49.479,49.9496,49.9496,5352022
2006-08-22,50.0748,50.574,49.848,50.135,50.135,5034199
2006-08-23,50.3165,50.6539,49.0963,49.19,49.19,6191913
2006-08-24,49.19,49.1969,47.3886,47.9371,47.9371,12171228
2006-08-25,47.9371,48.6414,47.7566,48.2943,48.2943,5416919
2006-08-28,48.3997,49.0281,48.1719,48.3545,48.3545,5245714
2006-08-29,48.5004,48.6494,47.654,47.8996,47.8996,6712504
2006-08-30,47.6461,48.1048,47.439,47.6165,47.6165,5793482
2006-08-31,47.7941,48.7125,47.5346,48.5586,48.5586,8723367
2006-09-01,48.7964,49.6221,48.2647,49.2354,49.2354,7770193
2006-09-05,50.3905,51.1353,49.7345,50.9962,50.9962,11608560
2006-09-06,50.5069,51.5249,50.5069,50.5957,50.5957,7629870
2006-09-07,50.0946,50.2425,49.5461,49.5915,49.5915,7099998
2006-09-08,49.839,49.914,49.2354,49.2698,49.2698,5892956
2006-09-11,49.0439,49.0439,47.8197,47.947,47.947,10749257
2006-09-12,48.1196,48.3327,47.2791,47.6826,47.6826,15890720
2006-09-13,47.6895,49.1347,47.6757,48.5448,48.5448,9743345
2006-09-14,48.5448,48.7964,47.8996,47.947,47.947,4780607
2006-09-15,48.5231,48.5231,47.7862,47.8868,47.8868,8717625
2006-09-18,47.947,49.4721,47.9371,49.0281,49.0281,7726610
2006-09-19,49.4376,49.4721,48.2222,48.7125,48.7125,5392321
2006-09-20,48.9985,49.2206,48.1956,48.2173,48.2173,6613981
2006-09-21,48.5744,48.5892,47.0079,47.2357,47.2357,12233802
2006-09-22,47.2357,47.3324,45.4403,45.9385,45.9385,15112853
2006-09-25,46.0845,47.5001,45.9326,47.0809,47.0809,10493206
2006-09-26,47.1025,48.7036,47.0513,48.2301,48.2301,10310384
2006-09-27,48.2301,48.9275,47.6757,48.0694,48.0694,6709766
2006-09-28,48.0417,48.7362,47.6945,48.7362,48.7362,8005892
2006-09-29,49.0361,49.0805,48.1196,48.1571,48.1571,5757959
2006-10-02,47.8996,48.6562,47.7941,47.8345,47.8345,5808926
2006-10-03,47.8424,48.09,47.1973,47.654,47.654,7609509
2006-10-04,46.702,47.9677,46.4722,47.9677,47.9677,9396704
2006-10-05,47.8641,50.3599,47.7941,49.9406,49.9406,16668044
2006-10-06,49.4119,49.848,48.6958,49.8085,49.8085,8987894
2006-10-09,49.6221,51.1936,49.6073,50.426,50.426,9273180
2006-10-10,50.72,50.7979,50.1271,50.5414,50.5414,6334289
2006-10-11,50.3521,50.3599,49.4168,50.0008,50.0008,4639053
2006-10-12,50.281,50.9814,50.1784,50.6835,50.6835,5891863
2006-10-13,50.8275,50.8275,50.2643,50.5572,50.5572,4724857
2006-10-16,50.7407,51.4145,50.5,51.1788,51.1788,9108532
2006-10-17,50.9962,51.3188,50.1843,51.158,51.158,8178055
2006-10-18,51.7854,51.9048,50.281,50.5572,50.5572,8857269
2006-10-19,50.2721,50.6076,49.8312,50.5138,50.5138,6741872
2006-10-20,45.3466,45.5804,43.0482,43.1823,43.1823,92549577
2006-10-23,43.9123,44.373,43.2997,44.22,44.22,30034007
2006-10-24,44.8652,45.2273,44.447,44.5919,44.5919,15903975
2006-10-25,44.8188,45.4403,44.4815,45.3081,45.3081,15791380
2006-10-26,45.8891,45.9445,45.4542,45.6317,45.6317,14351793
2006-10-27,45.6317,45.6317,44.8031,44.8465,44.8465,12342293
2006-10-30,44.7685,44.7814,44.2684,44.4667,44.4667,7328175
2006-10-31,44.6443,44.7409,44.1599,44.4332,44.4332,9435648
2006-11-01,44.4332,44.6601,43.9557,44.2753,44.2753,12257171
2006-11-02,44.2753,44.735,44.0938,44.3236,44.3236,10766748
2006-11-03,44.373,44.5919,44.0938,44.227,44.227,8862733
2006-11-06,44.2053,44.3474,43.6794,43.8028,43.8028,12974505
2006-11-07,43.8906,44.2053,43.8087,43.8541,43.8541,10198481
2006-11-08,43.8541,44.2053,43.5759,43.9863,43.9863,15627151
2006-11-09,44.1431,44.2053,43.1823,43.3223,43.3223,10399742
2006-11-10,43.5098,43.6844,43.1744,43.6212,43.6212,8087324
2006-11-13,43.3717,44.0671,43.3559,43.5581,43.5581,6962267
2006-11-14,43.8383,44.2368,43.6656,44.1747,44.1747,8480424
2006-11-15,44.2753,45.1306,44.1796,44.9748,44.9748,11723605
2006-11-16,45.1207,45.4542,44.8722,44.9146,44.9146,6572036
2006-11-17,44.9146,44.9146,44.2447,44.5999,44.5999,10834653
2006-11-20,44.2822,44.7035,44.2753,44.5781,44.5781,5088310
2006-11-21,44.3148,45.6682,44.0593,45.5173,45.5173,12182977
2006-11-22,46.0549,46.1812,45.2904,45.9523,45.9523,9551650
2006-11-24,45.7057,46.3479,45.462,46.0145,46.0145,4033343
2006-11-27,45.8162,46.2482,45.2677,45.3535,45.3535,7904091
2006-11-28,45.1947,45.3466,44.3552,45.0842,45.0842,9068234
2006-11-29,45.4137,45.7126,45.1553,45.4196,45.4196,4908499
2006-11-30,45.4848,45.8891,45.0911,45.4009,45.4009,5404485
2006-12-01,45.6988,45.6988,44.1352,44.7814,44.7814,9673801
2006-12-04,44.9304,45.2203,44.6067,45.0034,45.0034,6627240
2006-12-05,45.0102,45.7402,44.9304,45.4848,45.4848,6119499
2006-12-06,45.5952,46.1812,45.4068,46.1447,46.1447,8266728
2006-12-07,46.2917,46.8016,45.9237,46.1082,46.1082,7344437
2006-12-08,46.1082,46.7514,46.1082,46.4031,46.4031,5504369
2006-12-11,46.5481,46.5925,45.8497,46.1594,46.1594,6359980
2006-12-12,46.1082,46.3292,45.0507,45.5804,45.5804,9152262
2006-12-13,45.7254,45.7402,44.8583,45.0034,45.0034,6833692
2006-12-14,45.1513,45.7195,45.0172,45.462,45.462,7313287
2006-12-15,45.8419,45.9187,45.1947,45.2421,45.2421,7862424
2006-12-18,45.5015,45.8113,45.1306,45.3161,45.3161,7099998
2006-12-19,44.9896,45.3772,44.7528,45.024,45.024,5882030
2006-12-20,44.9382,45.2973,44.5733,44.9146,44.9146,7545428
2006-12-21,44.7528,45.032,44.1885,44.5042,44.5042,4410731
2006-12-22,44.5042,44.5663,44.1668,44.3474,44.3474,3628632
2006-12-26,44.2753,44.7409,44.2684,44.5733,44.5733,2630509
2006-12-27,44.6443,45.0665,44.5733,44.9896,44.9896,3759937
2006-12-28,44.9234,45.2677,44.8465,44.8722,44.8722,3262582
2006-12-29,44.735,45.1207,44.6867,44.884,44.884,3229109
2007-01-03,45.1631,45.6041,44.4252,44.7607,44.7607,8372350
2007-01-04,44.8277,44.8534,44.1599,44.6443,44.6443,5438510
2007-01-05,44.4746,44.5841,43.8768,44.0731,44.0731,8562680
2007-01-08,43.9783,44.3316,43.8087,44.1263,44.1263,5387404
2007-01-09,44.2526,44.4252,43.9123,44.365,44.365,5307204
2007-01-10,44.0513,44.1974,43.8028,44.1471,44.1471,9051834
2007-01-11,44.0149,44.3384,43.8383,43.9123,43.9123,9931361
2007-01-12,43.6656,43.8383,43.3223,43.7238,43.7238,8664337
2007-01-16,43.8176,43.861,43.2553,43.3559,43.3559,9158552
2007-01-17,43.4437,44.4104,43.3647,43.8462,43.8462,9247635
2007-01-18,43.6212,44.1352,43.6212,43.8383,43.8383,9329343
2007-01-19,43.9863,44.0593,43.3865,43.4516,43.4516,7296609
2007-01-22,43.4516,43.566,42.4346,42.5756,42.5756,13461478
2007-01-23,42.7631,43.5907,42.5756,43.5907,43.5907,11298397
2007-01-24,43.7564,44.0011,43.2138,43.715,43.715,10448251
2007-01-25,43.8028,44.0011,43.4585,43.641,43.641,9986834
2007-01-26,44.8277,44.953,44.2753,44.7113,44.7113,16762183
2007-01-29,44.8583,45.5884,44.6955,45.1553,45.1553,13129039
2007-01-30,45.4848,46.2256,45.3466,46.0214,46.0214,12217136
2007-01-31,46.2098,47.0887,46.0934,46.8904,46.8904,13140931
2007-02-01,47.4222,47.7566,47.1677,47.5642,47.5642,14036304
2007-02-02,47.5711,47.8424,47.2436,47.7566,47.7566,8158509
2007-02-05,47.7566,47.7941,47.0661,47.1973,47.1973,7178015
2007-02-06,47.2041,47.5346,47.0719,47.1489,47.1489,6658386
2007-02-07,47.5001,48.2301,47.3137,48.0417,48.0417,8944579
2007-02-08,47.9973,48.1956,47.4686,48.0348,48.0348,6187677
2007-02-09,48.2943,48.2943,47.3452,47.4222,47.4222,7619076
2007-02-12,47.3886,47.7003,47.0443,47.2791,47.2791,6764375
2007-02-13,47.3532,47.7003,47.0661,47.3758,47.3758,6784218
2007-02-14,47.8996,48.6562,47.6945,48.4195,48.4195,10241445
2007-02-15,49.769,49.914,49.0361,49.4879,49.4879,13071246
2007-02-16,49.6141,49.7996,49.259,49.5273,49.5273,5806874
2007-02-20,49.4297,49.769,49.0439,49.7128,49.7128,9515715
2007-02-21,49.4662,50.0314,49.2768,49.921,49.921,9872330
2007-02-22,49.9496,50.0827,49.2768,49.6073,49.6073,6817294
2007-02-23,49.4119,49.5204,49.0883,49.2284,49.2284,5160994
2007-02-26,49.4119,49.5983,49.0883,49.2284,49.2284,5452182
2007-02-27,48.3396,48.4274,46.4811,47.4468,47.4468,14649792
2007-02-28,47.3324,47.6165,46.117,47.1559,47.1559,13056081
2007-03-01,47.0513,47.0513,45.9237,46.7672,46.7672,10922328
2007-03-02,46.4031,46.9576,46.0628,46.1378,46.1378,8248422
2007-03-05,45.755,46.6952,45.6258,46.2315,46.2315,9167007
2007-03-06,46.5195,46.9329,46.2482,46.5619,46.5619,7324487
2007-03-07,46.6399,47.3137,46.5679,47.0079,47.0079,7220235
2007-03-08,47.2515,47.5642,46.8412,47.0591,47.0591,5747032
2007-03-09,47.1755,47.4222,46.849,47.1361,47.1361,4463882
2007-03-12,47.0591,47.4912,46.5679,47.2594,47.2594,6762233
2007-03-13,46.921,47.3137,46.2384,46.3558,46.3558,8600941
2007-03-14,46.2621,46.6774,45.8043,46.5748,46.5748,9034214
2007-03-15,46.4643,46.774,46.2315,46.4426,46.4426,6213500
2007-03-16,46.633,46.921,46.0332,46.2256,46.2256,7158483
2007-03-19,47.3137,47.3886,46.7592,46.9645,46.9645,6935487
2007-03-20,46.9645,47.7003,46.849,47.4686,47.4686,6463952
2007-03-21,47.6461,48.6346,47.5642,48.458,48.458,8014259
2007-03-22,48.7559,48.9413,48.2577,48.6958,48.6958,6386629
2007-03-23,48.7786,49.3498,48.7431,48.9473,48.9473,5404480
2007-03-26,49.3636,49.5609,48.4935,48.9197,48.9197,10446443
2007-03-27,48.531,49.0647,48.4067,48.9473,48.9473,5831063
2007-03-28,48.7036,48.8437,48.1196,48.4787,48.4787,6131384
2007-03-29,48.7964,48.9709,48.0348,48.4432,48.4432,5126296
2007-03-30,48.819,49.5392,48.7786,49.0597,49.0597,8492727
2007-04-02,49.0647,49.1426,48.3189,48.8526,48.8526,6718648
2007-04-03,49.19,49.5461,48.9197,49.2116,49.2116,6913699
2007-04-04,49.2116,49.5915,48.9819,49.3892,49.3892,4448311
2007-04-05,49.3892,49.769,49.329,49.4967,49.4967,4963439
2007-04-09,49.5915,49.9052,49.0963,49.2808,49.2808,5165715
2007-04-10,49.1811,49.4376,48.5961,48.9985,48.9985,5055496
2007-04-11,49.0361,49.1584,48.3396,48.5586,48.5586,5164460
2007-04-12,48.3771,48.8526,48.2035,48.7707,48.7707,5489674
2007-04-13,48.9985,49.0597,48.5448,48.8782,48.8782,4713504
2007-04-16,49.0597,49.2768,48.6494,48.9641,48.9641,7004384
2007-04-17,49.0361,49.5915,48.8871,49.5204,49.5204,10819893
2007-04-18,50.0679,51.1284,50.0679,50.7703,50.7703,12938463
2007-04-19,50.281,50.4468,49.8262,50.2209,50.2209,9513098
2007-04-20,52.7177,53.3036,51.7528,52.5618,52.5618,25980932
2007-04-23,52.8409,53.4249,52.5056,52.5864,52.5864,14700503
2007-04-24,52.6239,53.3825,52.5687,53.2849,53.2849,9346906
2007-04-25,53.4249,53.788,52.7038,53.5976,53.5976,7926881
2007-04-26,53.4634,53.6746,53.1398,53.4249,53.4249,6112275
2007-04-27,53.132,54.2299,53.0638,53.9813,53.9813,8893037
2007-04-30,53.8373,54.0997,53.0708,53.1487,53.1487,7133715
2007-05-01,53.132,53.6528,52.5322,52.9179,52.9179,7220911
2007-05-02,53.6528,54.371,53.5334,53.7198,53.7198,5893759
2007-05-03,53.6528,53.9329,53.3479,53.6894,53.6894,5635401
2007-05-04,54.0119,54.291,53.3036,53.5019,53.5019,4736397
2007-05-07,53.3904,53.7337,52.9722,53.1842,53.1842,4963135
2007-05-08,53.0638,54.0484,52.8745,53.7396,53.7396,6214874
2007-05-09,53.7198,54.7153,53.6478,54.7063,54.7063,7722268
2007-05-10,54.5317,54.8168,53.7268,54.0207,54.0207,6194267
2007-05-11,54.2299,54.8898,54.0484,54.802,54.802,7581886
2007-05-14,54.8898,55.9563,54.5949,55.8419,55.8419,10990063
2007-05-15,55.6445,56.2364,55.4699,55.6307,55.6307,7670792
2007-05-16,55.9898,56.2018,54.9866,55.5854,55.5854,8057984
2007-05-17,55.023,55.0378,54.0484,54.7735,54.7735,10146974
2007-05-18,54.8968,55.0704,54.5031,54.7241,54.7241,7089478
2007-05-21,54.7241,55.0773,54.3946,54.7804,54.7804,6061570
2007-05-22,54.7804,55.4235,54.7301,55.2647,55.2647,5695924
2007-05-23,55.535,56.5353,55.4828,55.6445,55.6445,7759618
2007-05-24,55.6445,56.339,54.948,55.2025,55.2025,8630034
2007-05-25,55.1621,56.0549,55.1483,55.4087,55.4087,4560077
2007-05-29,55.4906,55.8487,55.0941,55.4393,55.4393,5210534
2007-05-30,55.1839,57.5573,55.1108,57.436,57.436,11654435
2007-05-31,57.5238,57.7389,56.996,57.508,57.508,7839359
2007-06-01,57.7063,58.1561,56.8934,57.1883,57.1883,8921129
2007-06-04,57.0789,57.3866,56.7267,57.2979,57.2979,4389692
2007-06-05,57.1725,57.7309,56.9417,57.5642,57.5642,4755691
2007-06-06,57.1725,57.9055,57.0857,57.5859,57.5859,7367165
2007-06-07,57.3994,58.023,56.4287,56.5817,56.5817,8700614
2007-06-08,56.5294,57.508,56.3903,57.4676,57.4676,6896603
2007-06-11,57.3196,58.1561,57.1291,57.6343,57.6343,5047388
2007-06-12,57.3058,58.0554,57.1005,57.1439,57.1439,6256449
2007-06-13,57.4212,58.527,57.0937,58.4974,58.4974,10878651
2007-06-14,58.1699,59.2806,58.1699,59.0834,59.0834,8454518
2007-06-15,59.6851,59.7207,59.2806,59.3656,59.3656,8027342
2007-06-18,59.3656,60.1093,59.327,59.9022,59.9022,6214808
2007-06-19,59.9022,60.5986,59.7069,60.3737,60.3737,5536886
2007-06-20,60.6578,60.6667,59.4721,59.5599,59.5599,5685133
2007-06-21,59.2886,59.7453,58.7134,59.6249,59.6249,7189591
2007-06-22,59.6249,60.0048,59.1169,59.2077,59.2077,7015144
2007-06-25,59.0242,59.7069,58.6572,59.0607,59.0607,5993382
2007-06-26,59.2452,59.3842,58.6957,58.7598,58.7598,7047530
2007-06-27,58.5665,58.7598,57.4084,58.1926,58.1926,10732450
2007-06-28,58.2192,58.2794,57.5642,57.8838,57.8838,6471200
2007-06-29,57.8345,58.0722,56.7424,57.3058,57.3058,10265978
2007-07-02,57.5238,59.185,57.4596,58.8782,58.8782,6649814
2007-07-03,57.9568,57.9568,56.7938,57.0789,57.0789,8562907
2007-07-05,57.0857,57.365,56.4711,56.7129,56.7129,6026039
2007-07-06,56.9102,57.9193,56.7938,57.6806,57.6806,6465324
2007-07-09,57.9953,59.1278,57.8759,58.4293,58.4293,8400629
2007-07-10,58.5665,59.8972,58.5497,59.4444,59.4444,13679853
2007-07-11,59.5747,60.4358,59.4444,60.1389,60.1389,9084762
2007-07-12,60.7298,61.5861,60.1389,61.5447,61.5447,9786763
2007-07-13,62.1355,62.8675,61.9698,62.3023,62.3023,8655321
2007-07-16,62.9188,63.2996,62.4,62.8675,62.8675,8242913
2007-07-17,63.122,63.6726,62.9326,63.2848,63.2848,7757079
2007-07-18,62.9248,63.6558,62.0863,63.1092,63.1092,9583696
2007-07-19,63.4989,63.6726,62.6713,63.6558,63.6558,8549338
2007-07-20,58.3643,60.8917,57.2762,60.8917,60.8917,52700060
2007-07-23,60.3569,60.7387,59.5687,60.0097,60.0097,13759586
2007-07-24,59.8854,60.2859,59.2166,59.7651,59.7651,11303605
2007-07-25,60.0265,60.0492,58.2261,58.9177,58.9177,12852775
2007-07-26,58.1699,59.1564,56.2058,57.2979,57.2979,15793552
2007-07-27,57.5968,58.5329,55.0704,55.6376,55.6376,17013411
2007-07-30,56.3459,56.9013,55.3821,56.3824,56.3824,9241893
2007-07-31,57.1657,58.3297,56.9891,57.6717,57.6717,15068433
2007-08-01,57.5326,58.7539,57.1439,58.6424,58.6424,13976822
2007-08-02,58.7342,59.1357,57.8187,59.039,59.039,9060814
2007-08-03,58.6306,59.5825,57.7595,57.7881,57.7881,10675154
2007-08-06,57.8187,59.3656,56.8302,59.2806,59.2806,9610306
2007-08-07,58.8309,59.6911,58.1561,58.8713,58.8713,8812605
2007-08-08,58.7677,60.1093,58.3247,59.2077,59.2077,9359949
2007-08-09,58.2705,58.9009,57.3866,57.436,57.436,11081715
2007-08-10,56.855,57.4528,56.2739,56.7572,56.7572,11536255
2007-08-13,57.1657,58.0388,56.9496,57.0147,57.0147,5279732
2007-08-14,57.0207,57.2416,56.0549,56.2739,56.2739,7065558
2007-08-15,55.9898,56.5886,54.5485,54.7665,54.7665,10186348
2007-08-16,54.2368,54.2368,51.6621,53.4249,53.4249,21910486
2007-08-17,55.0654,55.4028,52.5539,53.1625,53.1625,14703301
2007-08-20,53.4043,54.7458,52.8676,54.1983,54.1983,9263347
2007-08-21,54.3868,54.8898,53.6478,54.363,54.363,6314724
2007-08-22,55.0704,55.7974,54.802,55.1108,55.1108,7144128
2007-08-23,55.609,55.9898,54.3946,55.0171,55.0171,7580680
2007-08-24,55.2025,55.9227,54.7458,55.8567,55.8567,4759563
2007-08-27,55.5272,56.2739,55.2647,55.6218,55.6218,4285318
2007-08-28,55.609,55.7974,54.223,54.2752,54.2752,6356969
2007-08-29,54.3286,54.955,53.6844,54.9214,54.9214,6013603
2007-08-30,54.5031,55.4028,54.3048,54.6423,54.6423,4877477
2007-08-31,55.3762,55.827,55.0447,55.4551,55.4551,4541356
2007-09-04,55.4768,56.6241,55.2351,56.2443,56.2443,6077614
2007-09-05,55.8043,56.3222,54.9332,55.2855,55.2855,6388670
2007-09-06,55.4028,56.2206,54.6581,55.4393,55.4393,5228634
2007-09-07,54.3048,54.5259,53.5019,53.7485,53.7485,8670624
2007-09-10,53.8294,54.5031,53.1625,53.9685,53.9685,6500028
2007-09-11,54.2299,54.7301,53.7939,54.077,54.077,6406709
2007-09-12,53.9685,54.1569,53.0638,53.2582,53.2582,7729202
2007-09-13,53.5502,53.7198,53.1487,53.42,53.42,6376935
2007-09-14,52.9051,54.0119,52.8409,53.5404,53.5404,5505048
2007-09-17,53.4249,54.5949,53.4249,53.9329,53.9329,6348020
2007-09-18,54.3048,57.0581,54.291,56.6922,56.6922,10159743
2007-09-19,57.5711,58.674,56.8302,57.0207,57.0207,10381503
2007-09-20,57.0147,57.0275,56.0687,56.6241,56.6241,6158293
2007-09-21,57.1883,57.3492,56.6241,57.2031,57.2031,8130161
2007-09-24,57.5573,58.3643,56.6833,56.8816,56.8816,7612793
2007-09-25,56.339,56.5817,55.6021,55.8961,55.8961,9202682
2007-09-26,56.193,56.193,55.17,56.1052,56.1052,8235165
2007-09-27,56.3725,57.1095,56.1712,56.7,56.7,6454804
2007-09-28,56.7208,57.8187,56.6764,57.3994,57.3994,7335681
2007-10-01,57.7517,58.5793,57.3994,58.2261,58.2261,6087795
2007-10-02,58.527,58.674,57.3994,58.2873,58.2873,6730265
2007-10-03,58.2873,58.2952,57.1243,57.4942,57.4942,6264740
2007-10-04,57.502,57.8099,56.4801,57.5573,57.5573,5883342
2007-10-05,57.8276,59.2806,57.8276,58.7884,58.7884,9016038
2007-10-08,59.0913,59.7285,58.9009,59.5303,59.5303,4942325
2007-10-09,59.7858,60.5562,59.3408,60.3905,60.3905,6694548
2007-10-10,60.3076,60.3155,58.7766,59.3951,59.3951,7023345
2007-10-11,59.6693,59.838,57.5396,58.1393,58.1393,9216987
2007-10-12,58.4777,58.8782,57.7161,58.7677,58.7677,6103331
2007-10-15,58.6246,58.6246,56.9013,57.7003,57.7003,8931457
2007-10-16,57.4528,57.8099,56.5738,56.9013,56.9013,8634705
2007-10-17,57.3403,57.7161,55.8043,56.4485,56.4485,9981575
2007-10-18,56.2058,56.9013,55.0704,56.8382,56.8382,10640227
2007-10-19,54.6037,55.4028,53.2789,53.8432,53.8432,26931747
2007-10-22,53.1704,54.2368,52.4226,53.7939,53.7939,14058438
2007-10-23,54.0119,54.5949,53.4959,54.4637,54.4637,9770515
2007-10-24,54.1569,55.609,54.1569,55.4699,55.4699,12506866
2007-10-25,55.0654,55.5114,53.8491,54.6511,54.6511,9000162
2007-10-26,54.5949,54.9638,53.9753,54.9214,54.9214,6619041
2007-10-29,54.8968,55.1543,54.0119,54.0839,54.0839,8802286
2007-10-30,54.0484,54.371,53.5976,53.7662,53.7662,5586620
2007-10-31,53.7268,55.0092,53.6104,54.6037,54.6037,8496429
2007-11-01,54.371,54.371,53.3115,53.6528,53.6528,8440804
2007-11-02,53.7988,54.9866,53.1132,54.7153,54.7153,8155706
2007-11-05,53.8373,54.2447,53.5147,53.7939,53.7939,8167807
2007-11-06,53.8373,54.8898,53.7939,54.8316,54.8316,6956436
2007-11-07,54.1648,54.877,53.8629,53.8629,53.8629,6382801
2007-11-08,53.9123,54.0355,52.5618,53.0096,53.0096,13185149
2007-11-09,52.6515,52.7611,50.9903,51.5309,51.5309,12011244
2007-11-12,51.4145,51.6345,50.8531,50.938,50.938,10365753
2007-11-13,51.2961,52.1839,50.5227,52.0143,52.0143,9896360
2007-11-14,52.4306,52.6969,51.1224,51.2537,51.2537,10248184
2007-11-15,51.1501,51.7055,50.7121,51.0337,51.0337,10520292
2007-11-16,51.2744,51.4145,50.1617,50.8197,50.8197,10439297
2007-11-19,50.791,50.8679,49.336,49.914,49.914,9707317
2007-11-20,49.8904,50.6687,49.1495,49.9732,49.9732,10231051
2007-11-21,49.4603,50.3007,49.0361,49.7197,49.7197,8622238
2007-11-23,50.1557,50.3007,49.5047,50.2297,50.2297,3360974
2007-11-26,50.3244,51.0179,49.5835,49.6447,49.6447,6178481
2007-11-27,49.8085,50.8137,49.6861,50.3668,50.3668,9699493
2007-11-28,50.8531,52.2195,50.3668,52.1001,52.1001,9066712
2007-11-29,52.0379,52.9416,51.7814,52.4898,52.4898,7203533
2007-11-30,53.0638,53.6528,52.2037,52.6239,52.6239,7725546
2007-12-03,52.2648,53.1931,51.9857,52.7393,52.7393,7522264
2007-12-04,52.5262,52.8893,52.1839,52.7038,52.7038,6945332
2007-12-05,53.132,53.4476,52.8498,53.2148,53.2148,6036839
2007-12-06,53.1931,54.4509,52.9662,54.4144,54.4144,6366035
2007-12-07,54.4084,54.7241,53.9467,54.3048,54.3048,5165448
2007-12-10,54.5259,56.5165,54.3048,56.047,56.047,10342818
2007-12-11,56.2443,56.5432,53.9123,53.9527,53.9527,12008168
2007-12-12,55.0704,55.5272,53.5404,54.0287,54.0287,9348210
2007-12-13,53.7939,54.5317,53.639,54.3216,54.3216,6227949
2007-12-14,53.8205,54.5407,53.6478,53.711,53.711,5578307
2007-12-17,52.6969,52.8035,51.8988,52.0793,52.0793,12519967
2007-12-18,52.3516,52.6703,51.2823,51.9995,51.9995,10078864
2007-12-19,51.9048,52.4631,51.3553,51.8456,51.8456,5795709
2007-12-20,52.1169,52.5766,51.7528,52.3368,52.3368,4490142
2007-12-21,52.7325,53.6894,52.2352,53.2296,53.2296,10021345
2007-12-24,53.4249,53.5818,52.7689,53.2079,53.2079,2973226
2007-12-26,53.4043,54.0997,53.0234,53.9329,53.9329,4734601
2007-12-27,53.3401,54.0632,53.0037,53.2296,53.2296,4558784
2007-12-28,53.4309,53.9043,53.3529,53.5404,53.5404,4158588
2007-12-31,53.4249,53.9467,52.981,53.1072,53.1072,3553113
2008-01-02,53.1072,53.1842,51.2665,51.6917,51.6917,8659569
2008-01-03,51.9669,52.321,51.1856,51.5091,51.5091,5992626
2008-01-04,50.9745,51.1856,49.839,50.1557,50.1557,10517039
2008-01-07,50.5,50.5957,49.6221,50.3007,50.3007,12010778
2008-01-08,50.4546,50.8601,49.0647,49.1426,49.1426,10469381
2008-01-09,49.1209,49.2284,47.7566,49.2048,49.2048,13452348
2008-01-10,48.7431,49.914,47.9677,49.336,49.336,9447766
2008-01-11,49.6221,50.0088,48.3031,48.312,48.312,12634601
2008-01-14,48.8368,49.404,48.1877,49.2354,49.2354,11076498
2008-01-15,48.5675,48.8368,47.7309,47.8641,47.8641,12777355
2008-01-16,47.7231,48.4511,46.7672,47.0375,47.0375,17871288
2008-01-17,47.0809,47.4468,45.4778,45.7195,45.7195,15045494
2008-01-18,46.1299,47.6076,45.5952,45.9691,45.9691,12605176
2008-01-22,43.6212,47.1677,43.6212,46.709,46.709,13486187
2008-01-23,45.7895,47.7093,44.7814,47.6313,47.6313,14887314
2008-01-24,47.7941,48.2804,46.9931,47.7566,47.7566,11149439
2008-01-25,49.5125,49.5835,47.654,48.2518,48.2518,12640438
2008-01-28,48.8112,50.2297,47.5504,49.921,49.921,13616665
2008-01-29,50.3392,50.9528,50.1271,50.4921,50.4921,11318239
2008-01-30,50.3747,51.5743,49.9812,50.0886,50.0886,10800274
2008-01-31,49.4119,52.4306,49.404,51.9521,51.9521,12060435
2008-02-01,52.0725,52.8173,51.669,52.5194,52.5194,8917305
2008-02-04,52.5322,52.6791,51.669,51.9304,51.9304,6237278
2008-02-05,51.1156,51.305,49.4168,49.4168,49.4168,15999172
2008-02-06,49.8538,50.5336,49.4376,49.7503,49.7503,9981181
2008-02-07,49.4376,50.426,49.2698,50.0008,50.0008,8889471
2008-02-08,49.8312,50.2721,49.4879,49.7769,49.7769,6143003
2008-02-11,49.8538,50.8137,49.4464,50.8058,50.8058,6802996
2008-02-12,51.2162,52.1523,50.9469,51.234,51.234,9159189
2008-02-13,51.6769,52.6308,51.3395,52.4404,52.4404,10250302
2008-02-14,52.3516,52.6881,51.3701,51.5506,51.5506,7403892
2008-02-15,51.234,51.4805,50.6292,51.1936,51.1936,7317186
2008-02-19,51.6769,52.0449,51.1284,51.5249,51.5249,7399184
2008-02-20,51.1788,52.3299,50.8354,52.1455,52.1455,6445779
2008-02-21,52.6881,52.8241,51.6345,51.809,51.809,6870200
2008-02-22,51.9304,52.4404,51.0998,52.0941,52.0941,7148049
2008-02-25,52.1455,52.9327,51.6917,52.8824,52.8824,7091465
2008-02-26,52.6969,53.9813,52.5322,53.6478,53.6478,8476455
2008-02-27,53.4249,55.029,53.0816,54.3216,54.3216,9787532
2008-02-28,54.0355,54.6709,53.5334,54.445,54.445,8231039
2008-02-29,53.9891,54.4084,52.6969,52.9327,52.9327,12055948
2008-03-03,52.7689,53.8708,52.7689,53.5729,53.5729,8340977
2008-03-04,53.1842,53.3401,51.5743,52.5056,52.5056,10927952
2008-03-05,52.7097,53.2582,51.883,52.5864,52.5864,9918071
2008-03-06,52.4306,52.5766,51.6966,51.7814,51.7814,7436436
2008-03-07,51.2626,52.0449,50.426,51.1156,51.1156,9511074
2008-03-10,51.234,51.4589,49.988,50.2949,50.2949,9763893
2008-03-11,50.8799,53.2296,50.8799,53.1398,53.1398,10628214
2008-03-12,54.0119,56.0904,53.9753,55.0704,55.0704,19601947
2008-03-13,54.3562,55.6593,53.6656,55.3821,55.3821,11695502
2008-03-14,55.9898,56.2058,53.78,54.7379,54.7379,11711162
2008-03-17,53.3322,55.0526,53.0708,54.4933,54.4933,12179022
2008-03-18,55.4166,56.2601,54.6185,56.2601,56.2601,12850411
2008-03-19,56.0756,56.3508,53.9596,53.9596,53.9596,10080033
2008-03-20,54.2368,54.363,53.2789,54.0287,54.0287,12652912
2008-03-24,54.2032,55.9898,54.2032,55.6445,55.6445,7342704
2008-03-25,55.9109,56.3143,55.1256,56.0904,56.0904,7120828
2008-03-26,55.6514,56.7978,55.5272,56.6182,56.6182,10246576
2008-03-27,56.855,57.0857,56.1426,56.3725,56.3725,9657790
2008-03-28,56.6241,57.0857,55.9434,56.4219,56.4219,6040959
2008-03-31,56.3508,57.5484,56.3508,57.2979,57.2979,8291984
2008-04-01,57.7389,58.5408,57.6649,58.5329,58.5329,12765203
2008-04-02,58.4412,58.5329,57.1519,57.4596,57.4596,11149294
2008-04-03,57.2259,57.3492,56.193,56.4061,56.4061,10891664
2008-04-04,56.2512,57.502,56.2443,56.9634,56.9634,6674883
2008-04-07,57.2683,57.4152,56.3321,56.5353,56.5353,7270135
2008-04-08,56.2443,57.0275,55.9661,56.7858,56.7858,5491275
2008-04-09,56.8934,56.8934,55.3683,55.7402,55.7402,6261872
2008-04-10,55.6376,56.3054,55.2579,55.4087,55.4087,9556929
2008-04-11,54.9786,55.5114,54.4361,54.7458,54.7458,12358544
2008-04-14,54.7379,55.6376,54.6709,55.2855,55.2855,5925506
2008-04-15,55.6889,56.1712,54.8238,55.5854,55.5854,7458136
2008-04-16,56.1712,57.943,56.0046,57.8345,57.8345,10439176
2008-04-17,56.9733,58.5497,56.7978,57.5158,57.5158,13616994
2008-04-18,59.3034,62.54,59.2806,62.4158,62.4158,27487720
2008-04-21,61.3987,61.807,60.0492,60.9883,60.9883,13408408
2008-04-22,60.8473,60.9952,59.5381,60.0186,60.0186,7815604
2008-04-23,60.578,60.578,59.5519,59.7858,59.7858,6522105
2008-04-24,59.7798,60.3826,58.9315,59.8854,59.8854,7249605
2008-04-25,60.4003,60.6667,59.4356,60.1971,60.1971,5586857
2008-04-28,60.4516,61.1846,60.2327,60.7683,60.7683,6399769
2008-04-29,60.57,60.8117,59.5747,59.6555,59.6555,6113500
2008-04-30,60.2681,60.9745,59.6555,59.6555,59.6555,8241382
2008-05-01,59.9564,60.5068,58.9512,60.2681,60.2681,7337095
2008-05-02,60.9577,61.2132,60.1024,60.5986,60.5986,6164146
2008-05-05,60.7683,60.7683,60.0097,60.5641,60.5641,5389486
2008-05-06,59.8528,61.1076,59.8528,60.9163,60.9163,5688152
2008-05-07,60.0807,61.1076,60.0807,60.1449,60.1449,3436471
2008-05-08,60.0876,60.5484,59.6555,60.3205,60.3205,4188516
2008-05-09,59.99,60.3027,59.5243,59.838,59.838,5218378
2008-05-12,60.1843,61.6413,59.8006,61.3464,61.3464,7059944
2008-05-13,61.6335,61.8446,60.5256,61.5279,61.5279,6274248
2008-05-14,60.7762,61.5515,60.1389,60.5641,60.5641,9372907
2008-05-15,60.57,61.5792,60.3076,61.1136,61.1136,6330482
2008-05-16,61.3069,61.4549,60.4428,61.2596,61.2596,7162354
2008-05-19,61.4046,62.911,61.2063,61.6818,61.6818,9436995
2008-05-20,61.4165,61.5141,60.5641,61.3631,61.3631,7610940
2008-05-21,61.3543,62.7491,60.7762,61.0356,61.0356,9865309
2008-05-22,61.2211,61.2734,59.9702,60.1764,60.1764,6868205
2008-05-23,59.986,60.7387,58.9897,59.6851,59.6851,7753842
2008-05-27,59.5953,60.1843,59.1633,59.9792,59.9792,6656066
2008-05-28,60.2543,61.0189,60.0955,60.8847,60.8847,6522560
2008-05-29,60.8917,61.4095,60.4428,60.5848,60.5848,5733055
2008-05-30,60.8847,60.8847,60.1843,60.4832,60.4832,6724748
2008-06-02,60.3343,60.8335,59.8598,60.2543,60.2543,8038011
2008-06-03,60.5404,60.9656,59.7651,60.3205,60.3205,6777295
2008-06-04,60.2681,61.2211,60.0097,60.3491,60.3491,7820908
2008-06-05,59.918,60.5986,59.2806,60.5484,60.5484,9521030
2008-06-06,59.9268,60.2031,58.5408,58.5408,58.5408,12904950
2008-06-09,58.601,59.327,58.3031,59.1436,59.1436,7964238
2008-06-10,58.7677,59.3112,58.4293,58.6246,58.6246,8177889
2008-06-11,58.4412,58.6306,57.4676,57.7665,57.7665,12844014
2008-06-12,58.2133,59.8598,58.2133,58.9177,58.9177,11003900
2008-06-13,59.185,60.2681,59.0242,59.6467,59.6467,7832568
2008-06-16,59.5599,59.6555,58.9512,59.2166,59.2166,6200026
2008-06-17,59.6319,59.7069,58.9965,59.0538,59.0538,6170336
2008-06-18,58.7973,59.0992,58.162,58.3297,58.3297,7841730
2008-06-19,58.234,58.7973,57.6195,58.1699,58.1699,8265157
2008-06-20,57.8187,58.2873,57.4676,57.8759,57.8759,12385076
2008-06-23,58.1255,58.7272,57.9006,58.5497,58.5497,8390526
2008-06-24,58.2133,58.3179,56.047,56.0904,56.0904,17865077
2008-06-25,56.413,56.6606,55.6218,56.047,56.047,10958019
2008-06-26,55.0171,55.4906,54.077,54.363,54.363,19792745
2008-06-27,54.3216,54.7804,53.199,53.9753,53.9753,14928799
2008-06-30,53.9813,54.3482,53.1072,54.0287,54.0287,9083376
2008-07-01,53.4111,54.3128,52.7611,54.223,54.223,12574455
2008-07-02,54.1648,54.298,51.4805,51.5378,51.5378,15730886
2008-07-03,51.2537,51.7814,50.4468,51.4589,51.4589,9947987
2008-07-07,51.7568,52.5124,51.234,51.8228,51.8228,15965603
2008-07-08,51.9768,52.2855,50.3244,50.8739,50.8739,14343255
2008-07-09,51.4657,51.8012,50.0088,50.0827,50.0827,9568262
2008-07-10,50.1469,50.4921,48.8032,50.0748,50.0748,13491671
2008-07-11,49.4119,51.6769,49.0361,51.0919,51.0919,15615677
2008-07-14,51.809,51.809,50.4635,50.9903,50.9903,8752624
2008-07-15,50.4793,50.6835,48.1956,49.0647,49.0647,14970178
2008-07-16,49.116,51.7736,48.6898,51.6207,51.6207,14598458
2008-07-17,51.1936,52.8035,51.1936,52.5687,52.5687,12300369
2008-07-18,52.7453,52.7887,51.5033,51.883,51.883,10511876
2008-07-21,52.2402,53.8955,51.6345,53.5976,53.5976,13913425
2008-07-22,55.0171,55.5272,53.9753,54.877,54.877,13838899
2008-07-23,54.1243,54.3404,52.4542,53.0037,53.0037,9923285
2008-07-24,53.1625,53.2217,50.9311,51.0702,51.0702,11079227
2008-07-25,51.5309,52.0231,51.086,51.5812,51.5812,6423952
2008-07-28,51.3188,51.7942,50.5818,50.6372,50.6372,7843507
2008-07-29,50.938,52.1839,50.8058,51.9521,51.9521,7147193
2008-07-30,52.3438,52.8942,51.6838,52.7453,52.7453,6495934
2008-07-31,52.4226,52.4226,50.7703,50.8799,50.8799,9817832
2008-08-01,50.9903,51.234,49.6803,49.8706,49.8706,9186595
2008-08-04,49.914,50.3077,49.1742,49.3498,49.3498,10122527
2008-08-05,49.769,50.0462,49.2808,49.8982,49.8982,8209922
2008-08-06,49.6073,52.3724,49.2956,51.6049,51.6049,10098264
2008-08-07,51.2823,51.6769,50.281,50.4468,50.4468,9589661
2008-08-08,50.5898,52.6515,50.0551,51.891,51.891,8941720
2008-08-11,51.6207,52.2352,51.2665,51.815,51.815,5094451
2008-08-12,51.7666,52.7531,51.5506,52.5539,52.5539,7795405
2008-08-13,50.9094,51.2665,49.5609,51.1077,51.1077,12790238
2008-08-14,50.4468,52.2253,49.9574,51.4441,51.4441,7748843
2008-08-15,51.6769,52.2253,51.086,51.4875,51.4875,6914766
2008-08-18,51.8308,51.9995,50.2721,50.6618,50.6618,7414671
2008-08-19,50.4635,50.7269,49.9496,50.2721,50.2721,5873464
2008-08-20,50.4171,50.7338,49.6961,50.3521,50.3521,7653529
2008-08-21,49.8834,50.6835,49.479,50.281,50.281,6969284
2008-08-22,50.6618,51.6769,50.5652,51.4273,51.4273,5817195
2008-08-25,51.2389,51.3395,49.8706,50.1784,50.1784,6216617
2008-08-26,50.2425,50.5296,49.7128,50.2643,50.2643,4633852
2008-08-27,50.2357,51.1284,50.2209,50.9094,50.9094,4264551
2008-08-28,51.4145,52.5539,51.3326,52.4631,52.4631,7542534
2008-08-29,52.2125,52.6703,51.5674,51.7666,51.7666,6702371
2008-09-02,52.3299,52.6969,50.2425,50.5572,50.5572,9436758
2008-09-03,50.4714,50.5818,49.1742,49.5678,49.5678,11518820
2008-09-04,48.3031,48.3031,46.1082,46.7968,46.7968,18697780
2008-09-05,46.6872,47.1607,46.047,46.8904,46.8904,12656909
2008-09-08,48.4432,49.0883,46.3104,47.2683,47.2683,9862061
2008-09-09,47.4912,47.5711,44.9234,44.9234,44.9234,13740114
2008-09-10,45.3377,46.8332,45.1631,45.977,45.977,10817155
2008-09-11,45.977,47.432,44.7962,47.432,47.432,12308273
2008-09-12,46.8244,48.0694,46.2256,47.9085,47.9085,9520559
2008-09-15,46.3292,47.4616,46.124,46.2621,46.2621,10680950
2008-09-16,45.2825,47.8059,45.2677,47.3758,47.3758,13569217
2008-09-17,46.4565,47.8996,45.9593,46.2158,46.2158,12661060
2008-09-18,46.7454,47.9371,43.9399,47.8059,47.8059,17739803
2008-09-19,51.883,54.5259,48.2725,48.6632,48.6632,21531793
2008-09-22,48.605,48.9197,47.2791,47.2791,47.2791,8090349
2008-09-23,47.3235,48.1048,46.117,46.5037,46.5037,8981806
2008-09-24,46.7672,47.0809,44.8188,45.1878,45.1878,9096198
2008-09-25,45.6544,46.27,44.4608,45.3466,45.3466,10596521
2008-09-26,44.5919,46.9871,44.4016,46.9329,46.9329,11290169
2008-09-29,45.7807,46.3864,42.5292,43.8334,43.8334,16690372
2008-09-30,44.8968,44.9816,42.5953,43.6212,43.6212,13880947
2008-10-01,42.9692,43.201,40.1765,41.6809,41.6809,21334224
2008-10-02,40.9913,41.1678,37.9934,38.2183,38.2183,20511057
2008-10-03,39.3044,40.7289,37.3107,37.4794,37.4794,15844768
2008-10-06,36.7258,37.1647,33.498,36.0076,36.0076,24392127
2008-10-07,37.0997,38.6148,34.4558,34.6393,34.6393,18471563
2008-10-08,33.9439,36.7464,33.5365,34.8732,34.8732,21660240
2008-10-09,35.5608,36.0559,32.3922,32.7897,32.7897,15328106
2008-10-10,30.7516,33.5286,27.1323,31.5665,31.5665,26971851
2008-10-13,32.9357,36.2286,32.8301,36.2158,36.2158,14444216
2008-10-14,34.155,38.7816,34.155,34.7271,34.7271,15612106
2008-10-15,33.5138,33.8857,30.723,30.7842,30.7842,17633240
2008-10-16,30.8847,31.5151,28.9691,31.013,31.013,21973216
2008-10-17,30.2919,31.4067,28.5488,28.7776,28.7776,24970227
2008-10-20,29.1782,30.4478,28.5429,29.9348,29.9348,18287658
2008-10-21,29.5669,30.2633,28.1937,28.4185,28.4185,19563872
2008-10-22,27.8701,28.0605,26.1122,26.7278,26.7278,18912576
2008-10-23,26.9182,27.0207,24.7814,25.8793,25.8793,24102265
2008-10-24,23.4329,25.2431,23.3845,24.372,24.372,18297914
2008-10-27,24.0119,25.544,23.6746,23.9903,23.9903,17489656
2008-10-28,24.9866,25.8793,23.4201,25.5804,25.5804,17508573
2008-10-29,26.0007,28.1316,25.25,26.4486,26.4486,21961370
2008-10-30,27.3216,27.7675,26.5295,27.3502,27.3502,11873882
2008-10-31,27.2338,28.682,26.4209,27.9579,27.9579,13484720
2008-11-03,28.4117,28.8428,27.8119,28.5488,28.5488,10408419
2008-11-04,29.557,31.0535,29.1505,30.9213,30.9213,15592005
2008-11-05,31.2094,31.895,29.3488,29.5669,29.5669,19192863
2008-11-06,29.1446,29.7149,27.3295,27.515,27.515,18103484
2008-11-07,28.171,28.8349,27.3364,28.1384,28.1384,12648106
2008-11-10,29.4583,29.921,26.9468,27.3798,27.3798,18915415
2008-11-11,26.9951,28.0299,26.7652,26.9862,26.9862,17360490
2008-11-12,26.7465,26.8668,25.6515,25.6752,25.6752,14688834
2008-11-13,26.0569,28.9355,25.176,28.8428,28.8428,23715965
2008-11-14,28.1878,28.826,26.8668,27.0493,27.0493,16317308
2008-11-17,26.8668,27.6264,25.834,26.129,26.129,12819517
2008-11-18,25.8577,26.5679,25.4157,26.4851,26.4851,16770481
2008-11-19,26.4209,26.6528,24.738,24.7873,24.7873,14477838
2008-11-20,24.4204,26.0224,23.5907,24.0347,24.0347,27086212
2008-11-21,24.6365,25.5055,23.4911,25.3743,25.3743,22972764
2008-11-24,26.706,27.0355,25.324,26.5985,26.5985,23041323
2008-11-25,26.9862,27.5328,26.0994,27.2743,27.2743,17647147
2008-11-26,26.347,28.7994,26.129,28.7836,28.7836,15180884
2008-11-28,28.6908,30.138,28.6908,29.999,29.999,7419182
2008-12-01,28.4827,28.4827,26.6173,26.7741,26.7741,17971247
2008-12-02,27.2999,27.9875,26.7346,27.8119,27.8119,14264725
2008-12-03,27.364,29.3212,27.0286,29.0203,29.0203,19523571
2008-12-04,28.6168,28.826,27.0138,27.4608,27.4608,15547578
2008-12-05,27.1165,28.2884,26.853,28.0013,28.0013,19484407
2008-12-08,29.8796,32.2313,29.5669,31.0476,31.0476,34798561
2008-12-09,30.7753,32.3201,30.1963,31.016,31.016,21015903
2008-12-10,31.6543,32.8943,31.4007,31.961,31.961,21073777
2008-12-11,31.4757,32.8558,30.5188,30.8847,30.8847,16572013
2008-12-12,29.3124,31.0841,29.2738,30.7989,30.7989,14195034
2008-12-15,31.1551,31.5151,30.3728,30.8917,30.8917,11016202
2008-12-16,31.2734,32.1297,30.0956,32.0577,32.0577,15921057
2008-12-17,31.7292,33.4467,31.4757,32.6772,32.6772,13236909
2008-12-18,33.2474,33.2918,30.7437,30.8561,30.8561,17326197
2008-12-19,31.2656,31.5931,30.6737,31.2428,31.2428,18132587
2008-12-22,31.5585,31.8278,29.8746,30.578,30.578,12500116
2008-12-23,30.7989,30.9351,29.7523,30.1035,30.1035,8813839
2008-12-24,30.2041,30.8275,30.0058,30.6737,30.6737,2890526
2008-12-26,30.723,31.4067,30.6678,31.2656,31.2656,3901194
2008-12-29,31.2586,31.6898,30.5257,30.9884,30.9884,6795085
2008-12-30,31.1551,32.0193,30.7437,31.9532,31.9532,6912671
2008-12-31,31.9818,33.0067,31.9818,32.6901,32.6901,8577138
2009-01-02,32.8676,34.3818,32.7187,34.3326,34.3326,9723985
2009-01-05,34.3256,34.4845,33.5286,33.7238,33.7238,15163793
2009-01-06,34.2448,34.2497,33.2336,33.5207,33.5207,14843033
2009-01-07,33.0955,33.3747,31.6167,31.961,31.961,12331238
2009-01-08,31.4185,32.2826,31.1156,32.2155,32.2155,12782470
2009-01-09,32.1377,32.2481,30.9213,31.6167,31.6167,12122089
2009-01-12,31.4668,31.5447,29.7375,30.1449,30.1449,13085093
2009-01-13,30.0867,30.6598,29.6763,30.2989,30.2989,12615117
2009-01-14,29.2738,29.5244,27.9944,28.7994,28.7994,23583514
2009-01-15,28.6602,29.26,27.2901,28.826,28.826,21106386
2009-01-16,29.7049,29.7049,27.8543,28.9453,28.9453,17605820
2009-01-20,28.6524,29.0065,27.8119,28.0457,28.0457,16193733
2009-01-21,28.7422,29.0607,27.6057,28.9453,28.9453,14053740
2009-01-22,28.462,28.5429,26.5917,27.2477,27.2477,26313648
2009-01-23,26.341,27.2477,25.619,26.2612,26.2612,25785330
2009-01-26,24.5891,25.0606,23.1981,23.9123,23.9123,64748135
2009-01-27,24.3286,24.4588,23.4911,23.6538,23.6538,27798995
2009-01-28,24.3434,24.5239,23.8739,24.1521,24.1521,18398784
2009-01-29,23.867,23.9045,23.1508,23.3086,23.3086,19770874
2009-01-30,23.1104,23.2218,22.0005,22.5766,22.5766,28632313
2009-02-02,22.0291,22.5441,21.6641,22.1663,22.1663,23138740
2009-02-03,21.818,22.7108,21.818,21.9492,21.9492,25533744
2009-02-04,22.2797,23.1054,22.1041,22.3961,22.3961,23757779
2009-02-05,22.2097,23.4832,22.1041,23.135,23.135,24257845
2009-02-06,23.6982,24.7715,23.575,24.3582,24.3582,23183291
2009-02-09,24.4983,24.5891,23.712,23.9479,23.9479,12372488
2009-02-10,24.0515,24.378,22.402,22.6289,22.6289,23429067
2009-02-11,22.9426,23.3678,22.4316,22.7809,22.7809,14355768
2009-02-12,22.5056,22.7523,21.9778,22.7029,22.7029,18659697
2009-02-13,22.986,23.3027,22.5766,22.6437,22.6437,13911374
2009-02-17,22.1741,22.3241,20.8749,21.2124,21.2124,30270165
2009-02-18,21.3396,21.385,20.3245,20.8157,20.8157,24388547
2009-02-19,21.1886,21.2124,19.6557,19.777,19.777,24327590
2009-02-20,19.1289,19.9604,19.0431,19.5107,19.5107,26965195
2009-02-23,19.9516,19.9516,18.3407,18.3851,18.3851,22206746
2009-02-24,18.4827,19.263,17.8741,19.0569,19.0569,30522250
2009-02-25,19.0569,19.0657,17.8287,18.317,18.317,24154464
2009-02-26,18.5912,18.824,17.6728,17.734,17.734,19516839
2009-02-27,17.3818,18.4659,17.2003,18.0122,18.0122,23056851
2009-03-02,17.6176,17.7103,16.1221,16.2218,16.2218,28674811
2009-03-03,16.5739,17.0464,15.8893,16.4467,16.4467,30592187
2009-03-04,17.4292,19.3144,17.3147,18.6169,18.6169,50829498
2009-03-05,18.0772,18.0772,16.9626,17.1915,17.1915,29166390
2009-03-06,17.4904,18.2282,16.4821,16.9991,16.9991,27318334
2009-03-09,16.7446,18.1947,16.6252,17.5052,17.5052,26659506
2009-03-10,18.1216,19.7395,17.953,19.4012,19.4012,30699809
2009-03-11,19.7395,19.8569,18.7796,19.2542,19.2542,21562099
2009-03-12,19.1851,19.8855,18.4945,19.777,19.777,18833606
2009-03-13,20.0818,20.2061,19.0431,19.5995,19.5995,14840346
2009-03-16,19.8115,20.0562,19.2334,19.338,19.338,18058241
2009-03-17,19.4012,19.6497,18.7866,19.6359,19.6359,19484310
2009-03-18,19.2048,20.4399,18.8112,20.1055,20.1055,24566017
2009-03-19,20.4705,21.1156,20.3245,20.7911,20.7911,23970168
2009-03-20,20.9519,21.1472,19.5629,19.8115,19.8115,22591329
2009-03-23,20.5978,21.7016,20.1499,21.6858,21.6858,19762156
2009-03-24,21.6217,22.1979,20.8877,21.5181,21.5181,18708955
2009-03-25,22.0587,22.6812,20.2643,21.1542,21.1542,28284572
2009-03-26,21.6405,22.6743,21.5517,22.5273,22.5273,22081858
2009-03-27,22.1041,22.4978,21.7716,22.2097,22.2097,15409111
2009-03-30,21.4767,21.5901,19.7977,20.1499,20.1499,21518579
2009-03-31,20.6096,20.8227,20.0818,20.4626,20.4626,18291152
2009-04-01,20.1302,21.6069,20.0818,21.2182,21.2182,20869287
2009-04-02,22.1663,23.4063,21.9562,23.0836,23.0836,29462028
2009-04-03,23.1261,23.9331,22.6289,23.5306,23.5306,18328009
2009-04-06,23.2139,23.4201,22.1239,22.914,22.914,14756910
2009-04-07,22.2422,22.3241,21.5013,21.5517,21.5517,17883603
2009-04-08,21.7874,22.2097,21.1364,21.6405,21.6405,17483008
2009-04-09,22.329,23.9331,22.329,23.7999,23.7999,24687808
2009-04-13,23.6046,24.5605,23.0393,24.2684,24.2684,16994575
2009-04-14,23.9123,24.8386,23.719,23.9331,23.9331,15062018
2009-04-15,23.8591,24.3,23.4704,24.1669,24.1669,15317247
2009-04-16,23.786,24.2369,22.9308,23.9409,23.9409,22168243
2009-04-17,23.9193,23.9479,22.841,23.6282,23.6282,20111001
2009-04-20,23.1419,23.1419,22.0814,22.3083,22.3083,19618569
2009-04-21,21.2124,23.1981,20.8611,22.9742,22.9742,40235298
2009-04-22,23.0966,25.5568,22.9831,23.7516,23.7516,40518737
2009-04-23,23.9547,23.9627,23.0344,23.7516,23.7516,22255350
2009-04-24,23.8956,25.0222,23.5996,24.6137,24.6137,21582311
2009-04-27,23.9547,24.958,23.9251,24.4372,24.4372,13181733
2009-04-28,24.1521,24.5516,23.712,23.9903,23.9903,11587243
2009-04-29,24.2764,24.9926,24.1521,24.6581,24.6581,16369503
2009-04-30,25.1908,26.639,25.1405,26.0402,26.0402,27465728
2009-05-01,26.2512,27.6008,26.0924,27.2664,27.2664,19271512
2009-05-04,27.7597,28.4827,27.515,28.1631,28.1631,19676435
2009-05-05,28.0704,28.9691,27.9944,28.8428,28.8428,18593456
2009-05-06,29.2324,29.7444,28.1118,29.2738,29.2738,20160337
2009-05-07,29.6685,29.9772,27.2338,27.7527,27.7527,23187723
2009-05-08,28.171,29.2176,28.0161,29.0125,29.0125,21254614
2009-05-11,28.3603,28.604,27.8622,28.1246,28.1246,12949572
2009-05-12,28.3505,28.5429,27.1747,27.8543,27.8543,16285639
2009-05-13,27.0553,27.0997,26.1872,26.4071,26.4071,18329187
2009-05-14,26.2512,26.9182,25.8951,26.4022,26.4022,16471325
2009-05-15,26.3933,27.0425,25.7275,26.1566,26.1566,19142559
2009-05-18,26.7346,27.6787,26.4269,27.6511,27.6511,15046777
2009-05-19,28.023,28.1788,27.4746,27.5722,27.5722,14395196
2009-05-20,27.876,28.7618,27.2043,27.2999,27.2999,18863775
2009-05-21,26.9004,27.0849,25.8853,26.0076,26.0076,19263838
2009-05-22,26.3854,26.4209,25.0142,25.1119,25.1119,19528818
2009-05-26,25.1612,26.2276,24.9058,25.612,25.612,18831704
2009-05-27,25.9829,26.0481,25.5055,25.6515,25.6515,18469508
2009-05-28,25.4611,25.466,24.4766,25.3161,25.3161,20530075
2009-05-29,25.5884,26.0708,25.4611,25.9533,25.9533,15109872
2009-06-01,26.6173,27.6136,26.6074,27.4804,27.4804,19556907
2009-06-02,27.4538,27.7745,27.2181,27.4084,27.4084,10567295
2009-06-03,27.0769,27.2338,26.5147,26.8334,26.8334,12609068
2009-06-04,26.9793,27.9737,26.5521,27.8267,27.8267,15444432
2009-06-05,28.1937,28.3673,27.3295,28.1542,28.1542,21613677
2009-06-08,27.8346,28.4551,27.0099,28.2262,28.2262,18744617
2009-06-09,28.1788,28.4709,27.7389,27.9875,27.9875,14308159
2009-06-10,28.3505,28.3603,27.0286,27.5328,27.5328,20234385
2009-06-11,27.659,28.023,27.2575,27.5248,27.5248,14021582
2009-06-12,27.4232,27.6422,27.0917,27.6136,27.6136,11691356
2009-06-15,27.0849,27.1461,26.2512,26.4338,26.4338,14277297
2009-06-16,26.6834,27.0553,25.9021,26.0224,26.0224,17071652
2009-06-17,25.763,25.8123,24.6995,25.466,25.466,21002607
2009-06-18,25.5568,25.5656,24.5516,24.9442,24.9442,22183022
2009-06-19,25.2145,25.324,24.4845,24.6285,24.6285,19790349
2009-06-22,24.4914,24.5121,23.426,23.6824,23.6824,19344022
2009-06-23,23.7674,24.2606,23.5227,24.1521,24.1521,14924229
2009-06-24,24.5309,25.1464,24.2438,24.444,24.444,14112644
2009-06-25,24.8278,25.4552,24.2832,25.2431,25.2431,15865077
2009-06-26,25.2767,25.763,24.958,25.2915,25.2915,17219145
2009-06-29,25.5134,25.834,24.9926,25.4256,25.4256,9310294
2009-06-30,25.3891,25.4256,24.1441,24.1807,24.1807,23007594
2009-07-01,24.5042,24.9926,24.2606,24.2912,24.2912,15827263
2009-07-02,23.9981,23.9981,23.2297,23.2297,23.2297,18489701
2009-07-06,23.1054,23.2958,22.6605,23.1981,23.1981,14857871
2009-07-07,23.1419,23.2524,22.1327,22.1663,22.1663,19915519
2009-07-08,22.3162,22.475,21.962,22.3784,22.3784,21660419
2009-07-09,22.7977,22.9377,22.3784,22.4316,22.4316,13912010
2009-07-10,22.2501,22.4316,21.9778,22.3438,22.3438,14286658
2009-07-13,22.549,23.2731,22.1416,23.2731,23.2731,15121252
2009-07-14,23.055,23.3925,22.8499,23.3678,23.3678,13823607
2009-07-15,23.7052,24.8613,23.7052,24.7647,24.7647,24606129
2009-07-16,24.5891,25.0764,24.2526,24.9926,24.9926,13944561
2009-07-17,24.8682,25.103,24.7321,24.8761,24.8761,12042452
2009-07-20,25.8498,26.8915,25.7995,26.8244,26.8244,29946032
2009-07-21,29.8658,30.3363,27.8415,28.8812,28.8812,85584959
2009-07-22,28.1542,28.826,27.8829,28.2943,28.2943,22754954
2009-07-23,28.3673,30.3728,28.2519,30.1963,30.1963,26390367
2009-07-24,29.9574,30.7989,29.4583,30.7388,30.7388,23251787
2009-07-27,30.6283,31.4619,30.4083,31.3682,31.3682,19569958
2009-07-28,30.9884,31.895,30.6678,31.4007,31.4007,22808971
2009-07-29,31.1324,31.1412,30.2268,30.6116,30.6116,16924391
2009-07-30,31.2152,32.1061,31.1866,31.7696,31.7696,20382839
2009-07-31,31.6592,32.546,31.4668,32.2481,32.2481,16029641
2009-08-03,32.6969,33.2918,32.4514,33.0206,33.0206,16748553
2009-08-04,34.6541,35.0931,33.1902,35.0488,35.0488,34587889
2009-08-05,34.954,35.1869,33.9803,34.1343,34.1343,21303287
2009-08-06,34.4845,34.9836,34.0791,34.5003,34.5003,16732950
2009-08-07,35.0931,35.2895,34.7055,34.9698,34.9698,20976278
2009-08-10,34.8288,35.2785,34.0977,34.5062,34.5062,15787350
2009-08-11,34.2319,34.2497,32.9594,33.8709,33.8709,17840634
2009-08-12,33.5907,35.1681,33.3747,34.8218,34.8218,15664352
2009-08-13,35.1444,35.175,34.1343,34.5219,34.5219,13122584
2009-08-14,34.5219,34.5821,33.2573,33.6676,33.6676,12442228
2009-08-17,32.7531,32.7531,31.6769,32.1673,32.1673,15552569
2009-08-18,32.3478,33.1399,32.2481,33.0136,33.0136,12148168
2009-08-19,32.2017,33.4812,31.9127,33.057,33.057,12358018
2009-08-20,32.8795,33.4063,32.6821,33.2987,33.2987,9410199
2009-08-21,33.6884,34.6393,33.3895,34.6177,34.6177,16840587
2009-08-24,35.0566,35.8103,34.6453,34.809,34.809,13352849
2009-08-25,34.9778,35.3713,34.6611,35.0054,35.0054,13082090
2009-08-26,34.9166,34.954,34.2162,34.5821,34.5821,10764742
2009-08-27,34.3976,34.6611,33.6065,34.4558,34.4558,11348565
2009-08-28,34.8218,35.1277,33.8561,34.1866,34.1866,10340861
2009-08-31,33.498,33.5907,32.8617,33.1616,33.1616,14311290
2009-09-01,32.8617,34.0405,32.0104,32.0843,32.0843,18991028
2009-09-02,32.0843,32.2313,31.6089,31.8436,31.8436,12141058
2009-09-03,32.4306,33.0206,31.9324,32.9653,32.9653,11992838
2009-09-04,32.9594,33.8995,32.8183,33.7456,33.7456,10108773
2009-09-08,34.3256,34.5969,33.9311,34.376,34.376,10173244
2009-09-09,34.4292,35.6801,34.0327,35.4285,35.4285,16881416
2009-09-10,35.2253,35.6801,34.8603,35.6357,35.6357,11196997
2009-09-11,35.6554,35.9425,34.9916,35.5173,35.5173,13335868
2009-09-14,35.1444,35.9365,34.9452,35.6939,35.6939,9440336
2009-09-15,35.9425,38.1463,35.6052,37.8375,37.8375,28118679
2009-09-16,38.2864,38.7441,38.0112,38.5133,38.5133,17439571
2009-09-17,38.4886,39.8667,38.4294,39.4396,39.4396,20875152
2009-09-18,39.6023,39.8796,38.7441,39.0973,39.0973,16935263
2009-09-21,38.5547,39.1051,37.9273,38.3949,38.3949,13812964
2009-09-22,38.7816,39.8361,38.6888,39.7681,39.7681,15274605
2009-09-23,39.8361,40.0443,38.8723,38.8921,38.8921,13137326
2009-09-24,38.9977,39.3744,37.3986,37.949,37.949,16119316
2009-09-25,38.1798,38.5862,37.362,37.4726,37.4726,14732466
2009-09-28,37.875,38.3495,37.511,38.1897,38.1897,8253265
2009-09-29,38.2252,38.7106,37.6837,37.7645,37.7645,10297462
2009-09-30,38.2045,38.4017,36.8648,37.5643,37.5643,14547843
2009-10-01,37.1933,37.3906,36.0806,36.193,36.193,17533916
2009-10-02,35.6288,36.193,34.7637,35.7363,35.7363,14594200
2009-10-05,36.0076,37.1785,35.8961,37.1431,37.1431,11836025
2009-10-06,37.6185,38.3426,37.0997,37.8375,37.8375,13357786
2009-10-07,37.511,38.1176,37.511,37.9845,37.9845,10160503
2009-10-08,38.4442,38.9809,37.8839,38.8556,38.8556,15293839
2009-10-09,38.4294,39.3044,38.2864,39.2551,39.2551,10999025
2009-10-12,39.5126,39.5215,38.6494,38.824,38.824,9127546
2009-10-13,38.7174,38.9285,38.1176,38.6001,38.6001,8896693
2009-10-14,39.1703,39.8934,38.824,39.8934,39.8934,12546280
2009-10-15,39.5215,40.0966,39.1634,40.0798,40.0798,10066166
2009-10-16,39.6023,40.0719,39.2422,39.9388,39.9388,12075146
2009-10-19,40.1765,42.5953,40.1518,42.3388,42.3388,25647928
2009-10-20,44.7685,44.8534,42.7197,43.6282,43.6282,46220118
2009-10-21,43.2138,44.0011,42.6151,42.7413,42.7413,23292804
2009-10-22,42.3033,43.1054,41.2024,42.9948,42.9948,15544306
2009-10-23,42.8942,43.6134,42.0311,42.1573,42.1573,11980669
2009-10-26,42.4414,43.2385,41.5931,41.7666,41.7666,13381812
2009-10-27,41.6424,42.1573,41.2705,41.4905,41.4905,14960518
2009-10-28,41.1482,41.7588,39.8292,39.8361,39.8361,16517361
2009-10-29,40.4724,41.964,40.2683,41.9018,41.9018,13483801
2009-10-30,41.7824,42.3754,39.988,40.2949,40.2949,16462828
2009-11-02,40.7674,41.5121,39.7109,40.6115,40.6115,13603230
2009-11-03,40.2367,41.5211,39.988,41.3208,41.3208,10568830
2009-11-04,41.6661,42.325,41.0584,41.1482,41.1482,11810313
2009-11-05,41.5289,42.5144,41.4185,42.4414,42.4414,9338937
2009-11-06,41.9955,42.5953,41.379,42.1573,42.1573,8412319
2009-11-09,42.7285,43.9783,42.622,43.9123,43.9123,16713330
2009-11-10,43.789,44.152,43.2316,43.8837,43.8837,12123420
2009-11-11,44.4667,44.5121,43.5236,43.9557,43.9557,10242289
2009-11-12,43.789,44.0011,42.5835,42.8676,42.8676,10348985
2009-11-13,43.0718,43.3647,42.5953,43.0176,43.0176,8804887
2009-11-16,43.5463,44.5733,43.3647,44.2053,44.2053,11365985
2009-11-17,43.9487,44.0365,43.2138,43.8245,43.8245,9670814
2009-11-18,43.8837,44.0149,43.1823,43.4822,43.4822,9047123
2009-11-19,42.9761,42.9948,42.1573,42.8942,42.8942,11246667
2009-11-20,42.5214,42.622,41.746,42.4128,42.4128,11884604
2009-11-23,43.1507,43.789,42.4198,42.5529,42.5529,12947445
2009-11-24,42.5292,42.7197,41.892,42.4494,42.4494,9053142
2009-11-25,42.4652,43.4289,42.0459,43.206,43.206,8521260
2009-11-27,41.746,42.6891,41.5379,42.0459,42.0459,7090764
2009-11-30,42.3191,42.8213,41.9432,42.7345,42.7345,13258663
2009-12-01,43.3559,44.0938,43.2138,43.6794,43.6794,13422674
2009-12-02,43.8028,43.9715,42.8528,43.1369,43.1369,10755844
2009-12-03,43.2701,43.9123,42.4494,42.5953,42.5953,10365919
2009-12-04,43.278,43.6331,41.9078,42.6693,42.6693,14275694
2009-12-07,42.7551,42.7551,41.9432,42.1267,42.1267,9338298
2009-12-08,41.819,41.8544,41.1678,41.2626,41.2626,8832691
2009-12-09,41.2468,41.4185,40.5474,41.1186,41.1186,11684968
2009-12-10,41.6503,41.9146,41.3563,41.674,41.674,8613107
2009-12-11,41.892,42.1939,41.4491,42.0893,42.0893,7330061
2009-12-14,42.4494,42.7789,42.2658,42.6693,42.6693,6264901
2009-12-15,42.6111,42.7699,42.3033,42.5953,42.5953,6763537
2009-12-16,42.7631,43.0718,42.4494,42.6151,42.6151,9207470
2009-12-17,42.397,42.4414,41.7262,42.1041,42.1041,7788685
2009-12-18,42.4976,42.5214,41.5121,41.8544,41.8544,9887327
2009-12-21,42.1267,42.397,41.9354,42.1573,42.1573,7281945
2009-12-22,42.1267,42.4346,41.9502,42.3684,42.3684,5847874
2009-12-23,42.6151,42.8676,42.3684,42.6831,42.6831,5529921
2009-12-24,42.7068,42.908,42.5894,42.6891,42.6891,2060162
2009-12-28,42.8123,42.9445,42.5756,42.8213,42.8213,5177829
2009-12-29,42.8597,42.9948,42.5362,42.5835,42.5835,3923111
2009-12-30,42.405,42.6111,42.2658,42.4828,42.4828,4754619
2009-12-31,42.1573,42.4198,41.7085,41.7085,41.7085,5273383
2010-01-04,42.1939,43.3175,42.0893,42.8528,42.8528,10008439
2010-01-05,42.8528,43.5039,42.6151,43.3647,43.3647,7774685
2010-01-06,43.3105,43.861,43.2138,43.496,43.496,6447357
2010-01-07,43.4003,43.8383,42.9238,43.6726,43.6726,7423501
2010-01-08,43.3647,44.1796,43.3647,44.1599,44.1599,9073806
2010-01-11,44.6067,47.1489,44.5347,46.9329,46.9329,29856793
2010-01-12,46.117,46.2256,44.7745,45.5528,45.5528,18481955
2010-01-13,45.4472,45.9445,44.9234,45.6179,45.6179,11474867
2010-01-14,45.4472,45.9937,45.1947,45.3595,45.3595,8492786
2010-01-15,45.0842,45.1365,43.9192,44.0011,44.0011,12839534
2010-01-19,43.7357,44.7883,43.4368,44.5919,44.5919,10912960
2010-01-20,44.0365,44.227,43.4072,43.7357,43.7357,9500799
2010-01-21,43.5463,43.8383,41.4983,41.6049,41.6049,18957525
2010-01-22,41.4105,42.1119,39.5382,39.7019,39.7019,20159829
2010-01-25,40.3807,41.1264,40.1271,40.357,40.357,13358873
2010-01-26,40.2455,41.674,39.9594,40.8749,40.8749,20792120
2010-01-27,38.7599,39.405,37.3482,39.1131,39.1131,46509104
2010-01-28,39.3922,39.3982,37.4726,37.9539,37.9539,21344254
2010-01-29,38.6267,39.3586,38.0594,38.2321,38.2321,19077451
2010-02-01,38.6563,39.1555,38.4225,38.7441,38.7441,9755716
2010-02-02,39.1426,39.3162,38.5133,39.192,39.192,10469285
2010-02-03,38.9355,39.5215,38.8645,39.0736,39.0736,8663698
2010-02-04,38.6405,38.6888,37.6027,37.6185,37.6185,15902821
2010-02-05,37.4794,38.0427,37.0997,37.875,37.875,21846201
2010-02-08,37.7921,38.164,36.9576,37.1647,37.1647,11840559
2010-02-09,38.5705,39.7019,38.461,39.1791,39.1791,21170597
2010-02-10,39.264,39.5599,38.3869,38.9009,38.9009,11723560
2010-02-11,38.8645,41.1826,38.5458,41.0929,41.0929,22409772
2010-02-12,40.3185,41.3889,39.9654,41.1334,41.1334,18374238
2010-02-16,41.5477,41.892,41.1264,41.8042,41.8042,10061908
2010-02-17,42.4572,42.7068,41.8772,42.0813,42.0813,11546802
2010-02-18,41.8288,42.4828,41.6049,42.3112,42.3112,9344834
2010-02-19,42.1505,42.7985,41.9432,42.6289,42.6289,10937445
2010-02-22,42.985,43.1576,42.4494,42.472,42.472,9555716
2010-02-23,42.3684,42.7285,41.1482,41.4658,41.4658,14087654
2010-02-24,41.4727,42.0517,41.3208,41.6858,41.6858,7937674
2010-02-25,40.4922,41.7351,39.6763,41.5605,41.5605,13615390
2010-02-26,41.674,41.892,41.0584,41.7519,41.7519,8343220
2010-03-01,41.9571,42.7345,41.9018,42.3388,42.3388,11475089
2010-03-02,42.6535,43.0482,42.4652,42.5598,42.5598,8995272
2010-03-03,42.7789,43.861,42.7345,42.8676,42.8676,12062960
2010-03-04,43.0244,43.1823,42.3112,42.7789,42.7789,8464975
2010-03-05,43.3559,43.6035,43.1054,43.3471,43.3471,9054424
2010-03-08,43.5236,43.5404,42.8676,43.1142,43.1142,6497032
2010-03-09,42.7857,43.707,42.7413,43.3105,43.3105,10510341
2010-03-10,43.2641,43.5463,42.7631,43.0176,43.0176,8921851
2010-03-11,43.0244,43.1655,42.3892,43.1054,43.1054,8421716
2010-03-12,43.566,44.2684,43.4368,44.1747,44.1747,13235118
2010-03-15,43.9399,44.0938,42.7285,43.5236,43.5236,10803131
2010-03-16,43.6578,43.6794,43.0648,43.5098,43.5098,9949733
2010-03-17,43.6578,44.2753,43.5404,44.0731,44.0731,10828994
2010-03-18,43.6282,44.1974,43.421,43.7436,43.7436,9846914
2010-03-19,43.9931,44.1431,43.1438,43.4516,43.4516,12877470
2010-03-22,42.9613,44.1105,42.9327,43.8768,43.8768,10264906
2010-03-23,43.9863,45.7471,43.9192,45.6761,45.6761,19561358
2010-03-24,45.3466,45.7718,44.953,45.4196,45.4196,15641214
2010-03-25,45.8715,46.6271,45.4137,45.4778,45.4778,15524839
2010-03-26,45.6613,46.2384,45.3693,45.6988,45.6988,10776854
2010-03-29,45.9326,46.5481,45.9326,46.4565,46.4565,9546045
2010-03-30,46.3864,46.5679,45.9691,46.2256,46.2256,8447849
2010-03-31,45.9326,46.4722,45.8329,46.0007,46.0007,9100907
2010-04-01,46.3203,46.9871,46.3203,46.8332,46.8332,10697057
2010-04-05,47.1025,47.5711,46.9871,47.5642,47.5642,9148082
2010-04-06,47.432,47.9154,47.2594,47.7862,47.7862,8729625
2010-04-07,47.7566,47.8503,46.8412,47.1825,47.1825,9527538
2010-04-08,46.8766,47.3137,46.5107,47.1884,47.1884,7390624
2010-04-09,47.5001,47.95,47.439,47.7705,47.7705,8229301
2010-04-12,48.2577,49.0361,48.1275,48.8368,48.8368,16173104
2010-04-13,48.819,49.2206,48.4195,48.4432,48.4432,9565869
2010-04-14,48.5744,49.3024,48.4511,49.2442,49.2442,7511406
2010-04-15,49.1495,50.2899,49.1495,49.9278,49.9278,9740860
2010-04-16,49.8085,49.9358,48.5527,48.9473,48.9473,14190081
2010-04-19,48.7431,49.5461,48.1334,49.0281,49.0281,10887543
2010-04-20,49.5539,49.988,49.329,49.404,49.404,10514427
2010-04-21,49.5983,49.7079,48.819,49.5835,49.5835,8667036
2010-04-22,48.7964,49.5125,48.2804,49.4119,49.4119,11912825
2010-04-23,49.1801,50.4596,49.0271,50.3343,50.3343,12357905
2010-04-26,52.2648,53.3036,52.0725,52.4404,52.4404,0
2010-04-27,52.1455,52.3872,49.9732,50.1557,50.1557,19564977
2010-04-28,50.7772,51.4273,50.2071,50.4793,50.4793,11248366
2010-04-29,51.2014,51.7854,50.9528,51.7814,51.7814,10816298
2010-04-30,51.9521,52.2253,49.6359,49.8312,49.8312,12882047
2010-05-03,50.0374,51.3474,49.8312,51.1856,51.1856,10774887
2010-05-04,50.1784,50.1784,48.4866,48.819,48.819,17157578
2010-05-05,48.2035,49.3557,46.8984,48.2725,48.2725,15593155
2010-05-06,48.1956,48.9907,42.4494,46.4722,46.4722,26452585
2010-05-07,46.1378,47.1677,44.3798,45.4472,45.4472,21487088
2010-05-10,48.1196,49.0361,47.7093,48.8112,48.8112,16194146
2010-05-11,47.7003,49.0203,47.5711,48.3545,48.3545,10221990
2010-05-12,48.7884,49.988,48.7431,49.8786,49.8786,10643229
2010-05-13,49.8786,50.062,48.7964,48.9709,48.9709,8923595
2010-05-14,48.3277,48.4432,46.774,47.4834,47.4834,13579087
2010-05-17,47.578,48.1118,45.3693,46.6774,46.6774,16234002
2010-05-18,47.508,47.9588,46.0007,46.2482,46.2482,13109717
2010-05-19,46.0628,46.2315,43.3865,44.9678,44.9678,25384292
2010-05-20,43.2316,44.2132,42.4494,42.9376,42.9376,31149101
2010-05-21,41.8624,44.2753,41.8624,43.9783,43.9783,21711179
2010-05-24,43.9557,44.7271,43.2474,43.3381,43.3381,15270662
2010-05-25,41.2418,43.4437,40.795,43.3303,43.3303,18845577
2010-05-26,43.641,44.9382,43.3647,43.715,43.715,15802380
2010-05-27,44.9046,45.462,44.5121,45.4196,45.4196,12897553
2010-05-28,45.682,45.682,43.9487,44.4667,44.4667,10523931
2010-06-01,43.9399,45.1128,43.3381,43.3805,43.3805,11396298
2010-06-02,43.8383,44.5733,43.3865,44.5436,44.5436,12914440
2010-06-03,45.5884,45.6406,44.22,44.7271,44.7271,12273381
2010-06-04,43.5759,44.0593,41.9798,42.2718,42.2718,14016965
2010-06-07,42.4572,42.6535,40.8355,40.8601,40.8601,12166712
2010-06-08,40.9913,41.8496,40.1765,41.4313,41.4313,15856047
2010-06-09,42.0735,43.0718,41.4185,41.5783,41.5783,13320847
2010-06-10,42.6772,43.9123,42.4494,43.8768,43.8768,13227910
2010-06-11,43.3381,44.0889,43.1744,44.0809,44.0809,10030896
2010-06-14,44.953,45.7895,44.5604,44.6443,44.6443,13359409
2010-06-15,45.2273,46.5195,45.0102,46.4426,46.4426,16215845
2010-06-16,46.124,47.2189,45.9139,47.1283,47.1283,14430206
2010-06-17,47.2999,47.5642,46.5995,47.5346,47.5346,14448662
2010-06-18,47.6609,48.2301,47.2594,48.1956,48.1956,14992644
2010-06-21,49.4464,50.0236,47.9756,48.3545,48.3545,15862908
2010-06-22,48.5231,48.6562,46.7514,46.921,46.921,11774409
2010-06-23,46.8836,47.4764,45.8419,47.0809,47.0809,12342420
2010-06-24,46.6646,47.1677,46.1447,46.3815,46.3815,11827941
2010-06-25,46.5037,47.359,46.047,47.359,47.359,16470531
2010-06-28,47.1677,47.7941,46.849,47.1361,47.1361,9340890
2010-06-29,45.9691,46.0056,44.0938,44.5347,44.5347,17833948
2010-06-30,44.662,45.3299,43.8452,43.9635,43.9635,13157666
2010-07-01,43.6726,44.4252,42.4908,43.8906,43.8906,15843566
2010-07-02,44.1352,44.3937,42.9011,43.3105,43.3105,10763027
2010-07-06,44.3552,45.1207,43.3303,43.7752,43.7752,12782790
2010-07-07,43.8028,45.5736,43.6726,45.5074,45.5074,10357664
2010-07-08,46.1674,46.3637,45.5074,46.2315,46.2315,8271518
2010-07-09,46.195,47.4616,46.1082,47.367,47.367,8813596
2010-07-12,47.2041,47.6461,46.7454,47.0443,47.0443,6712904
2010-07-13,48.1048,49.2956,47.7991,48.8782,48.8782,13721216
2010-07-14,48.5586,48.9709,47.95,48.819,48.819,9357119
2010-07-15,48.5823,48.7362,47.8345,48.675,48.675,11058630
2010-07-16,48.1275,48.1512,46.6557,46.7968,46.7968,11606622
2010-07-19,47.1025,47.7399,46.5195,47.4222,47.4222,9319356
2010-07-20,46.5195,48.8644,46.5195,48.6188,48.6188,12926919
2010-07-21,49.0281,49.8085,48.4432,48.9413,48.9413,15581256
2010-07-22,49.329,50.2209,48.6414,49.769,49.769,21721356
2010-07-23,49.404,50.9686,49.2768,50.7269,50.7269,12111376
2010-07-26,50.7979,51.2902,50.5572,51.225,51.225,12130868
2010-07-27,51.305,51.3622,49.8262,50.6292,50.6292,16322390
2010-07-28,50.281,51.1224,50.281,51.0258,51.0258,10397776
2010-07-29,51.1156,51.4441,49.921,50.791,50.791,10481674
2010-07-30,50.0551,51.4145,50.0551,51.0485,51.0485,9862442
2010-08-02,51.7736,52.4779,51.2823,51.9995,51.9995,8564574
2010-08-03,51.6512,51.9857,51.1432,51.5033,51.5033,8032597
2010-08-04,51.4371,52.3033,51.4371,52.0537,52.0537,8477171
2010-08-05,51.8308,52.8824,51.8228,52.6633,52.6633,10115357
2010-08-06,51.9669,52.6456,51.4519,52.3724,52.3724,7454766
2010-08-09,52.7393,52.8241,52.2717,52.7453,52.7453,4952772
2010-08-10,51.8752,52.6881,51.6581,52.2717,52.2717,8310553
2010-08-11,51.2389,51.3474,50.0236,50.2899,50.2899,12561729
2010-08-12,49.769,49.769,48.8723,49.404,49.404,10413538
2010-08-13,49.5757,50.1034,49.19,49.7769,49.7769,9098843
2010-08-16,49.4879,50.4862,49.0805,50.1271,50.1271,7422649
2010-08-17,50.8197,51.7854,50.72,51.0406,51.0406,8109941
2010-08-18,51.0998,51.5506,50.5414,51.0485,51.0485,6814558
2010-08-19,51.1353,51.597,50.0748,50.7121,50.7121,13142594
2010-08-20,50.791,50.8927,49.3714,50.3974,50.3974,10955295
2010-08-23,50.281,51.0485,48.8328,48.9197,48.9197,12101847
2010-08-24,48.0417,48.1877,47.0661,47.5988,47.5988,13145617
2010-08-25,47.0513,47.5583,46.3479,47.3532,47.3532,11854518
2010-08-26,47.4468,48.1719,46.6715,46.8016,46.8016,9656756
2010-08-27,47.3976,48.4136,46.3726,48.2301,48.2301,10200034
2010-08-30,48.4067,48.4195,47.1755,47.1825,47.1825,6993338
2010-08-31,46.9378,48.1986,46.778,47.6895,47.6895,9237486
2010-09-01,49.0706,50.1617,48.5586,49.8834,49.8834,12341320
2010-09-02,50.0088,50.3451,49.5835,50.1617,50.1617,7232261
2010-09-03,51.1936,51.6621,50.8927,51.2902,51.2902,10687197
2010-09-07,51.0702,51.2665,50.3521,51.011,51.011,9348097
2010-09-08,51.2162,52.3122,51.1936,51.7736,51.7736,8606674
2010-09-09,52.3724,52.5687,51.2389,51.6966,51.6966,7298178
2010-09-10,51.883,52.3724,51.5033,52.1523,52.1523,6847512
2010-09-13,52.6633,53.0452,52.4848,52.8745,52.8745,10485377
2010-09-14,52.9001,52.9662,52.3802,52.5687,52.5687,8253337
2010-09-15,52.2402,52.8942,51.815,52.7887,52.7887,7520247
2010-09-16,52.6387,52.9504,52.1691,52.6969,52.6969,8516254
2010-09-17,52.8824,53.6528,52.0301,53.5561,53.5561,15465112
2010-09-20,53.6173,54.7458,53.3401,54.7063,54.7063,12141721
2010-09-21,54.7379,56.4377,54.6847,55.9109,55.9109,20412581
2010-09-22,55.8043,55.9898,55.2579,55.756,55.756,11454585
2010-09-23,55.1957,56.7208,54.8898,55.8122,55.8122,11935270
2010-09-24,56.846,58.4974,56.8056,58.3525,58.3525,19385616
2010-09-27,58.3297,58.5329,57.7447,58.2133,58.2133,11423201
2010-09-28,58.1393,58.5053,57.3994,58.31,58.31,10635796
2010-09-29,58.2587,58.5497,58.1255,58.5408,58.5408,10848354
2010-09-30,58.5793,58.6099,57.2416,57.5859,57.5859,16278645
2010-10-01,57.2979,57.7309,56.7424,57.2485,57.2485,11669351
2010-10-04,56.9812,57.2762,55.9967,56.5511,56.5511,8751966
2010-10-05,57.436,58.3731,57.2337,58.1117,58.1117,9701285
2010-10-06,58.2587,58.4777,57.436,57.8759,57.8759,8542590
2010-10-07,58.1561,58.3939,56.9733,57.6254,57.6254,12267272
2010-10-08,58.1176,59.2806,57.7665,58.822,58.822,13746235
2010-10-11,58.5724,59.0992,58.1926,58.5329,58.5329,6276366
2010-10-12,58.3643,58.3643,57.3058,58.0634,58.0634,13710290
2010-10-13,58.8141,59.4198,58.6099,58.7598,58.7598,11604684
2010-10-14,58.9088,59.1564,58.015,58.4836,58.4836,7738796
2010-10-15,58.7539,58.892,57.8187,58.3643,58.3643,8912543
2010-10-18,58.5132,58.9245,58.3031,58.7272,58.7272,8939412
2010-10-19,57.7961,58.3377,56.9171,57.4872,57.4872,13467155
2010-10-20,57.7447,59.1219,57.6806,58.7815,58.7815,13168146
2010-10-21,59.2738,59.4267,56.7267,57.7389,57.7389,24195615
2010-10-22,57.6421,57.7517,56.9812,57.3255,57.3255,8793809
2010-10-25,57.508,58.5497,57.4528,57.8552,57.8552,8848877
2010-10-26,57.1657,57.8601,56.9891,57.5642,57.5642,8526455
2010-10-27,57.2337,57.3866,56.4435,57.2485,57.2485,9266833
2010-10-28,57.7063,57.8187,56.193,56.8934,56.8934,9640619
2010-10-29,56.7968,57.6313,56.774,57.5208,57.5208,6218131
2010-11-01,57.7961,58.681,57.4596,58.015,58.015,10215226
2010-11-02,58.5497,58.8654,58.1985,58.3643,58.3643,6751614
2010-11-03,58.4195,58.5132,57.4872,58.4629,58.4629,7892963
2010-11-04,59.1505,60.9498,59.1081,60.8769,60.8769,17822926
2010-11-05,60.9271,61.3631,60.6943,61.1402,61.1402,8569167
2010-11-08,60.9271,61.1472,60.3076,60.8335,60.8335,5846302
2010-11-09,60.8917,61.0899,59.5825,59.9496,59.9496,8213183
2010-11-10,60.1311,60.6262,59.5027,60.3491,60.3491,8121053
2010-11-11,59.8134,60.498,59.6615,60.3343,60.3343,6838295
2010-11-12,59.8972,60.4003,58.5793,59.3112,59.3112,8393028
2010-11-15,58.4708,61.1678,58.4017,59.8854,59.8854,21567751
2010-11-16,59.9268,60.1449,58.3297,58.822,58.822,17101917
2010-11-17,58.9591,59.6091,58.5586,59.403,59.403,7382174
2010-11-18,60.4211,61.0564,60.2099,60.8275,60.8275,9070765
2010-11-19,60.8117,61.4618,60.3905,61.4549,61.4549,7838341
2010-11-22,61.3927,61.735,60.5927,61.4766,61.4766,8728133
2010-11-23,61.0268,61.0268,60.0186,60.4763,60.4763,7824083
2010-11-24,60.9271,62.0557,60.9271,61.9827,61.9827,8014129
2010-11-26,61.3543,61.6591,61.0731,61.5713,61.5713,3445271
2010-11-29,61.2674,61.3987,60.4152,61.2378,61.2378,6947208
2010-11-30,60.6223,62.1523,60.573,61.9166,61.9166,10614331
2010-12-01,62.2332,64.2575,62.2105,64.0039,64.0039,12069221
2010-12-02,64.0039,65.0575,64.0039,64.8572,64.8572,8659438
2010-12-03,64.6679,65.4975,64.2812,65.4156,65.4156,6826728
2010-12-06,65.3436,65.6356,64.8238,65.2815,65.2815,5926207
2010-12-07,65.8329,67.3324,65.8329,66.1259,66.1259,15342975
2010-12-08,66.0677,66.5264,65.3505,65.5892,65.5892,7168319
2010-12-09,65.9621,66.043,65.1503,65.6287,65.6287,5232389
2010-12-10,65.7165,65.9858,65.4216,65.8269,65.8269,4525198
2010-12-13,66.3459,67.6056,66.0144,67.0621,67.0621,9052925
2010-12-14,67.434,67.9982,66.9753,67.3974,67.3974,6755011
2010-12-15,67.8818,69.038,67.8147,68.1512,68.1512,11347673
2010-12-16,68.2034,68.5398,67.7259,68.2123,68.2123,6643005
2010-12-17,68.3573,68.3653,67.5139,67.7655,67.7655,8828820
2010-12-20,68.3347,68.4658,67.7191,68.2843,68.2843,4794141
2010-12-21,68.5763,69.4484,68.2379,69.257,69.257,5613210
2010-12-22,69.3665,69.3665,68.8782,69.2126,69.2126,3564882
2010-12-23,69.0093,69.3369,68.7973,69.1258,69.1258,3014452
2010-12-27,68.6878,68.9453,68.2202,68.8496,68.8496,3579353
2010-12-28,69.0005,69.1031,68.1146,68.5694,68.5694,4087771
2010-12-29,68.6128,68.9571,68.4293,68.6326,68.6326,3797570
2010-12-30,68.4727,68.8969,68.4431,68.7016,68.7016,3177164
2010-12-31,68.676,68.7194,68.2893,68.5477,68.5477,3473041
2011-01-03,69.0735,69.3892,68.8782,68.9039,68.9039,7143938
2011-01-04,69.2638,69.2638,67.5514,68.5852,68.5852,8358125
2011-01-05,68.2616,69.3024,68.0574,69.1761,69.1761,5626751
2011-01-06,69.2037,69.3182,68.2843,68.4579,68.4579,5610329
2011-01-07,68.6956,69.331,67.9174,68.597,68.597,6213862
2011-01-10,68.2202,68.7726,67.7063,68.3505,68.3505,5676463
2011-01-11,68.8525,69.3082,68.2459,68.7568,68.7568,7245504
2011-01-12,69.2284,69.25,68.3781,68.4234,68.4234,7784232
2011-01-13,68.8614,69.183,68.5763,68.8969,68.8969,6200976
2011-01-14,68.75,68.9837,68.1432,68.8062,68.8062,6247560
2011-01-18,68.9127,70.6045,68.75,70.4299,70.4299,12013896
2011-01-19,70.5078,70.8481,69.6377,69.9199,69.9199,8829665
2011-01-20,69.4553,69.7335,68.2922,68.5122,68.5122,9762879
2011-01-21,69.3448,69.5293,67.6056,67.8818,67.8818,8455871
2011-01-24,67.8513,69.3024,67.7063,69.2126,69.2126,6256849
2011-01-25,69.2126,69.2708,68.0406,69.0804,69.0804,7428622
2011-01-26,69.477,70.3786,69.0883,70.0787,70.0787,8297238
2011-01-27,71.0642,71.5693,69.91,70.7209,70.7209,15752739
2011-01-28,71.0001,71.1372,69.4553,70.0254,70.0254,9890184
2011-01-31,70.353,71.1382,70.1517,70.9981,70.9981,8210173
2011-02-01,71.2467,71.7676,70.6242,71.7301,71.7301,10317992
2011-02-02,71.5318,72.6535,71.4885,72.5183,72.5183,8919027
2011-02-03,72.6307,72.6307,71.8327,72.4018,72.4018,6876053
2011-02-04,72.463,72.982,72.2352,72.8872,72.8872,8234770
2011-02-07,72.9129,73.78,72.8143,73.5334,73.5334,7769656
2011-02-08,73.6024,73.7011,72.685,73.634,73.634,6892464
2011-02-09,73.2453,73.5097,72.5943,73.0302,73.0302,6559571
2011-02-10,72.6593,73.7435,72.2746,73.6262,73.6262,7698888
2011-02-11,73.3993,75.7835,73.3351,75.7777,75.7777,8785556
2011-02-14,75.8487,75.8487,75.2341,75.5744,75.5744,5543650
2011-02-15,75.3525,75.462,74.6589,75.3821,75.3821,6040192
2011-02-16,76.043,76.4129,75.3179,75.7835,75.7835,6629070
2011-02-17,75.6198,75.9404,75.3525,75.6454,75.6454,4089197
2011-02-18,76.0114,77.4803,75.7125,77.4803,77.4803,11941122
2011-02-22,76.7454,77.0669,74.3068,74.6589,74.6589,11247285
2011-02-23,74.4695,74.7477,71.7449,73.2029,73.2029,12171004
2011-02-24,73.1338,74.5859,72.2884,73.6024,73.6024,8632946
2011-02-25,74.2486,75.1207,74.0207,74.6511,74.6511,6318410
2011-02-28,75.1749,75.6444,74.3078,75.3307,75.3307,5480099
2011-03-01,75.6494,75.8487,72.7137,73.0904,73.0904,9928816
2011-03-02,73.0806,74.7418,72.7728,73.8945,73.8945,7395638
2011-03-03,74.6047,76.4287,74.5919,76.2975,76.2975,10129829
2011-03-04,76.1229,76.258,74.6669,75.4136,75.4136,7749295
2011-03-07,75.6898,76.258,73.9585,74.7477,74.7477,8193869
2011-03-08,74.5711,76.4445,74.0523,76.2117,76.2117,8381445
2011-03-09,75.8161,75.8161,74.5051,74.9154,74.9154,8728480
2011-03-10,73.5876,73.7356,71.7982,72.0083,72.0083,16154769
2011-03-11,71.5318,73.5541,71.0001,73.2029,73.2029,11142109
2011-03-14,75.0822,75.0822,73.4643,74.7241,74.7241,10914798
2011-03-15,72.471,74.1953,72.1257,73.7356,73.7356,16070279
2011-03-16,74.4212,75.0989,72.4868,73.4791,73.4791,17835447
2011-03-17,74.5741,75.61,74.1243,75.4688,75.4688,13469704
2011-03-18,76.8391,77.3156,76.5974,76.8904,76.8904,15713420
2011-03-21,78.234,78.815,78.0308,78.745,78.745,10507398
2011-03-22,78.3513,78.664,77.6026,78.156,78.156,9588549
2011-03-23,77.8601,78.8318,77.3156,78.1304,78.1304,9696464
2011-03-24,78.9729,79.6989,78.2725,79.3112,79.3112,11427869
2011-03-25,79.5913,80.6094,79.5589,79.836,79.836,10465922
2011-03-28,80.1705,80.8599,80.0609,80.0678,80.0678,7436347
2011-03-29,80.2483,81.0849,79.4858,80.8995,80.8995,7880189
2011-03-30,81.7538,81.7626,80.8995,81.6216,81.6216,7666671
2011-03-31,81.1096,81.951,81.1096,81.4983,81.4983,7059075
2011-04-01,82.0399,83.126,81.8188,82.7975,82.7975,8302882
2011-04-04,83.126,83.3785,82.3624,82.97,82.97,5307014
2011-04-05,82.6821,82.8329,81.8988,82.1878,82.1878,7295294
2011-04-06,82.5923,82.9208,81.1422,81.2477,81.2477,7799782
2011-04-07,81.0287,81.1638,79.8282,80.3884,80.3884,11484762
2011-04-08,80.8945,81.2477,79.691,80.3737,80.3737,7370856
2011-04-11,80.5453,80.7219,79.2748,79.8212,79.8212,6831020
2011-04-12,79.4858,79.7857,77.8275,77.9884,77.9884,11933082
2011-04-13,78.8693,79.0271,77.8601,78.7746,78.7746,7970661
2011-04-14,78.1777,78.8791,77.0985,78.738,78.738,7885859
2011-04-15,79.107,79.1307,78.163,78.4678,78.4678,7266267
2011-04-18,77.2702,77.3866,74.7724,76.044,76.044,15617414
2011-04-19,76.9782,77.8848,76.5856,77.6519,77.6519,9774226
2011-04-20,79.3191,79.7374,78.9077,79.5755,79.5755,7223500
2011-04-21,80.1063,80.4714,79.6733,80.418,80.418,5514657
2011-04-25,80.2918,80.4624,79.328,79.9958,79.9958,5044954
2011-04-26,80.9478,82.46,80.7307,82.2707,82.2707,9057212
2011-04-27,82.8063,82.8409,80.6479,82.7639,82.7639,8257278
2011-04-28,82.5074,82.8409,81.8278,82.7915,82.7915,8517413
2011-04-29,84.8128,85.4234,84.1874,84.8217,84.8217,16029790
2011-05-02,85.4234,85.6553,83.7188,84.0641,84.0641,10369388
2011-05-03,83.8767,84.071,82.8626,83.2423,83.2423,8550658
2011-05-04,83.2088,83.709,80.786,81.4095,81.4095,12179484
2011-05-05,80.8945,81.9076,79.6575,80.3884,80.3884,11923882
2011-05-06,81.951,82.8477,80.9655,81.0938,81.0938,10865529
2011-05-09,81.4183,82.6643,81.1164,82.0547,82.0547,6892867
2011-05-10,82.8724,83.0194,82.2046,82.9434,82.9434,6693955
2011-05-11,82.5597,82.5686,80.1063,80.8165,80.8165,13137661
2011-05-12,80.2671,80.5453,78.6454,79.8282,79.8282,12564750
2011-05-13,80.4565,80.5453,77.9183,78.1383,78.1383,12552277
2011-05-16,77.8059,79.5677,77.2169,77.9617,77.9617,11276843
2011-05-17,77.2248,77.3353,74.5741,75.021,75.021,26106297
2011-05-18,75.5872,77.5336,74.798,77.351,77.351,12850457
2011-05-19,78.3513,78.5418,77.0985,77.3866,77.3866,11724725
2011-05-20,77.3432,77.5336,76.1377,76.6724,76.6724,11762604
2011-05-23,74.4557,75.3357,73.7612,74.8819,74.8819,13684171
2011-05-24,75.2311,75.6563,74.2802,74.6303,74.6303,9892625
2011-05-25,74.2486,76.3813,74.0661,75.8803,75.8803,8401808
2011-05-26,75.7707,76.9308,74.9826,76.5727,76.5727,9029723
2011-05-27,76.9634,77.432,76.629,76.8726,76.8726,6137524
2011-05-31,78.2024,78.3415,76.6596,77.7615,77.7615,9037373
2011-06-01,77.1459,77.5178,74.2269,74.4044,74.4044,14357681
2011-06-02,74.8296,76.2245,74.4557,75.1039,75.1039,12403767
2011-06-03,73.856,75.3239,72.8655,74.3008,74.3008,12924939
2011-06-06,73.6774,74.6777,73.1033,73.3874,73.3874,11003304
2011-06-07,74.4044,74.4863,73.3509,73.4051,73.4051,9220347
2011-06-08,72.9148,73.3874,71.8534,72.0537,72.0537,13263439
2011-06-09,72.2342,73.2779,72.1849,72.9494,72.9494,8381606
2011-06-10,72.6071,72.6869,70.8629,71.1322,71.1322,13065803
2011-06-13,71.2358,71.6788,69.6121,70.1419,70.1419,13284054
2011-06-14,71.1776,72.3516,70.6479,71.9205,71.9205,11517742
2011-06-15,70.9784,71.5525,70.1911,70.2947,70.2947,11055186
2011-06-16,70.1024,71.1836,69.2343,70.1577,70.1577,12089316
2011-06-17,70.8897,71.2428,70.0452,70.5148,70.5148,11313422
2011-06-20,70.9123,72.2944,70.5907,72.1543,72.1543,10157780
2011-06-21,73.0264,74.9322,72.8024,74.512,74.512,13046669
2011-06-22,74.3522,75.3307,73.5452,73.6014,73.6014,10121468
2011-06-23,71.9491,73.9703,71.2487,73.8945,73.8945,14464433
2011-06-24,74.2664,74.3008,73.0836,73.4998,73.4998,11557794
2011-06-27,73.4614,74.5929,72.8093,74.0789,74.0789,7636932
2011-06-28,74.5879,76.4849,74.5189,76.3143,76.3143,10680912
2011-06-29,76.7642,76.7918,75.2548,75.9601,75.9601,11755013
2011-06-30,75.9591,78.5852,75.9305,78.2419,78.2419,14399266
2011-07-01,78.0052,80.2335,77.7191,79.8212,79.8212,12446823
2011-07-05,79.3112,79.9386,78.8929,79.6821,79.6821,9357223
2011-07-06,79.4543,80.9241,79.4306,80.8995,80.8995,9424350
2011-07-07,81.9905,82.7975,81.7626,82.0399,82.0399,10052396
2011-07-08,79.7453,81.15,79.2165,81.15,81.15,11265070
2011-07-11,79.6634,80.4624,78.8239,79.4937,79.4937,10269734
2011-07-12,79.107,79.7078,78.3918,78.5852,78.5852,10727447
2011-07-13,79.7216,81.157,79.6229,79.836,79.836,9256740
2011-07-14,79.9781,81.2152,78.6454,79.0725,79.0725,9996614
2011-07-15,79.9298,80.3737,78.745,80.3737,80.3737,9041284
2011-07-18,80.0511,80.0609,78.3513,79.5589,79.5589,9306464
2011-07-19,80.3677,81.1638,79.8498,80.9153,80.9153,9004678
2011-07-20,81.7064,81.8988,80.8945,81.4183,81.4183,7778002
2011-07-21,81.951,82.97,81.2802,82.3624,82.3624,12566906
2011-07-22,77.211,78.5852,76.0154,77.6026,77.6026,34793984
2011-07-25,76.8726,78.451,76.6073,77.9716,77.9716,11683997
2011-07-26,78.163,78.2261,77.2722,77.6451,77.6451,9692341
2011-07-27,77.0739,77.2051,74.5415,74.7882,74.7882,14429597
2011-07-28,74.9174,75.3436,73.3973,73.5403,73.5403,12770006
2011-07-29,72.5647,73.781,71.7912,72.9168,72.9168,16640165
2011-08-01,75.5961,75.8832,72.9198,74.3344,74.3344,17419393
2011-08-02,73.4693,74.945,71.6788,71.7222,71.7222,16310185
2011-08-03,72.2677,72.54,69.0351,71.0573,71.0573,22928944
2011-08-04,69.6693,69.8992,66.0529,66.0904,66.0904,24880507
2011-08-05,68.009,68.2675,63.8244,67.1529,67.1529,30876156
2011-08-08,63.64,65.0664,60.7022,60.9607,60.9607,28804334
2011-08-09,63.0264,64.6521,59.6615,64.5633,64.5633,27725997
2011-08-10,64.0029,64.3572,61.5457,61.6354,61.6354,20763751
2011-08-11,62.836,65.529,61.9521,64.3906,64.3906,19160771
2011-08-12,67.2051,67.3836,65.5438,66.2798,66.2798,15501359
2011-08-15,67.4922,68.4895,66.923,67.432,67.432,14160982
2011-08-16,66.4386,66.6951,65.3298,65.9424,65.9424,14639862
2011-08-17,66.4949,67.0117,64.3186,64.6797,64.6797,14370990
2011-08-18,62.325,62.5854,60.1488,61.4993,61.4993,22716254
2011-08-19,60.4576,62.7315,58.9097,59.0183,59.0183,18613296
2011-08-22,61.2122,61.2832,58.7204,58.9601,58.9601,12800737
2011-08-23,59.4415,61.2576,58.893,61.2428,61.2428,15837604
2011-08-24,61.4332,63.2611,60.6677,63.0264,63.0264,13723842
2011-08-25,63.6468,64.1036,61.1126,61.4411,61.4411,11117049
2011-08-26,60.6588,63.4051,59.8134,62.8488,62.8488,12811054
2011-08-29,64.289,65.3535,63.7278,65.0575,65.0575,10337854
2011-08-30,64.945,67.0651,64.4755,66.2975,66.2975,13340828
2011-08-31,67.7111,69.2402,66.3469,67.1597,67.1597,17156553
2011-09-01,67.2988,68.5122,65.1523,65.3535,65.3535,14479714
2011-09-02,62.9159,63.9863,62.2697,63.0136,63.0136,16186673
2011-09-06,60.6953,63.4831,60.5986,63.2483,63.2483,11710659
2011-09-07,64.803,65.4689,63.778,65.4551,65.4551,12625474
2011-09-08,64.4459,65.6682,63.7662,64.2378,64.2378,13452575
2011-09-09,63.493,63.6528,61.3622,61.9669,61.9669,15801924
2011-09-12,60.4654,62.1001,59.9644,61.8948,61.8948,14680948
2011-09-13,61.8614,63.6528,61.5377,62.7453,62.7453,13277470
2011-09-14,63.1842,64.1796,60.9103,63.0618,63.0618,14390429
2011-09-15,63.9507,64.7162,63.3006,63.9132,63.9132,11237709
2011-09-16,64.5475,64.5475,62.8873,63.3973,63.3973,14201719
2011-09-19,61.9353,62.8488,60.7614,62.4384,62.4384,12106717
2011-09-20,63.1694,63.3006,61.6285,61.7459,61.7459,12183843
2011-09-21,61.3395,61.5457,58.5191,58.5694,58.5694,22290931
2011-09-22,56.3064,56.5047,53.5818,54.5417,54.5417,28373366
2011-09-23,54.2032,55.7205,53.8905,54.5101,54.5101,16399480
2011-09-26,55.1385,56.8283,54.0523,56.7168,56.7168,13568148
2011-09-27,58.4875,58.9315,56.9151,57.3215,57.3215,14646094
2011-09-28,57.6619,58.4165,55.2647,55.4097,55.4097,12707944
2011-09-29,56.7474,57.0335,54.0247,55.6406,55.6406,13891887
2011-09-30,54.2131,56.0085,54.0474,54.4953,54.4953,14276557
2011-10-03,53.713,54.3118,52.033,52.0675,52.0675,14601227
2011-10-04,50.7387,53.7002,49.848,53.5325,53.5325,19956657
2011-10-05,53.7604,55.0645,52.7639,54.805,54.805,13097602
2011-10-06,55.0358,56.9694,54.3168,56.8954,56.8954,21413195
2011-10-07,57.3936,57.4104,55.1315,55.7333,55.7333,18999660
2011-10-10,57.0266,58.8585,56.9733,58.3987,58.3987,13958611
2011-10-11,57.6224,59.8874,57.5277,59.5283,59.5283,24092432
2011-10-12,60.5256,61.1096,59.8183,60.2997,60.2997,14116470
2011-10-13,59.9416,60.4506,59.2945,60.1034,60.1034,10771163
2011-10-14,61.1422,62.1671,60.8097,62.0625,62.0625,9952253
2011-10-17,62.6022,63.0136,60.0196,60.1636,60.1636,13806176
2011-10-18,60.1103,63.1556,59.6053,62.5242,62.5242,18365603
2011-10-19,62.4848,63.0412,61.303,61.666,61.666,11819917
2011-10-20,62.2618,63.0776,61.224,62.5321,62.5321,12716599
2011-10-21,63.3923,64.9352,63.3025,64.8524,64.8524,15436354
2011-10-24,68.0969,68.9453,67.3846,68.1038,68.1038,22039388
2011-10-25,67.7999,68.6374,66.0628,66.7099,66.7099,14421958
2011-10-26,68.1393,68.4579,66.8066,67.9558,67.9558,13129338
2011-10-27,70.502,72.5154,70.2109,71.4855,71.4855,18667677
2011-10-28,71.0228,72.6919,70.9813,71.8722,71.8722,11718592
2011-10-31,70.9646,70.9646,69.6467,70.1004,70.1004,12496764
2011-11-01,66.7888,69.0183,66.047,67.9982,67.9982,18251404
2011-11-02,69.0389,69.9347,68.4234,69.7127,69.7127,12537473
2011-11-03,70.8433,71.5032,69.6634,71.2428,71.2428,15036764
2011-11-04,70.7269,71.2319,69.6081,71.0465,71.0465,9188275
2011-11-07,70.9449,71.4293,69.3064,70.502,70.502,9814477
2011-11-08,71.2162,71.2428,69.7127,71.159,71.159,9857250
2011-11-09,69.3872,69.7453,67.6411,68.0072,68.0072,15097016
2011-11-10,68.9571,69.3142,67.6806,68.4234,68.4234,9866830
2011-11-11,69.4385,71.3888,69.2916,71.3385,71.3385,13226283
2011-11-14,72.3338,72.7797,71.153,71.6344,71.6344,11562604
2011-11-15,71.3977,72.5331,71.0938,72.0399,72.0399,11801977
2011-11-16,71.4233,72.8744,70.9449,71.0573,71.0573,10933899
2011-11-17,71.0228,71.2882,68.8663,69.6191,69.6191,13573720
2011-11-18,70.1587,70.3451,69.1278,69.7049,69.7049,8169076
2011-11-21,68.3277,68.3485,66.3942,67.6214,67.6214,13266110
2011-11-22,67.3846,67.6944,65.7343,66.7819,66.7819,10093386
2011-11-23,66.339,66.4909,64.8839,65.1246,65.1246,10292582
2011-11-25,64.7882,65.6011,64.288,64.3572,64.3572,4148537
2011-11-28,67.0493,68.1936,66.7819,67.8877,67.8877,11230103
2011-11-29,68.0072,68.1393,67.1233,67.1893,67.1893,8157377
2011-11-30,70.2415,72.6564,70.2415,72.6347,72.6347,17598696
2011-12-01,72.1553,72.7245,71.0642,71.8504,71.8504,10091769
2011-12-02,72.541,72.7245,71.2487,71.4579,71.4579,10631094
2011-12-05,72.5242,72.7077,71.4855,71.8722,71.8722,10084132
2011-12-06,71.7015,71.9343,70.422,71.2142,71.2142,8681147
2011-12-07,70.4891,70.7121,69.6081,70.422,70.422,10970031
2011-12-08,70.0097,70.8897,68.7214,68.9581,68.9581,10564965
2011-12-09,69.4829,71.4579,69.3428,71.222,71.222,9603137
2011-12-12,70.0245,70.1291,68.5053,69.1928,69.1928,8512823
2011-12-13,69.7887,70.2651,66.8648,67.5148,67.5148,11394834
2011-12-14,66.4859,66.6398,64.0385,64.5653,64.5653,18270035
2011-12-15,65.8921,65.9582,64.6313,65.0861,65.0861,10297140
2011-12-16,65.9138,66.4267,64.7123,64.7123,64.7123,15573147
2011-12-19,65.3712,66.5836,64.5179,64.7478,64.7478,10669958
2011-12-20,66.2423,68.1995,66.2186,68.0762,68.0762,10555115
2011-12-21,68.1097,68.2823,66.7178,67.9982,67.9982,9656825
2011-12-22,68.2961,68.6454,67.5464,68.1324,68.1324,6390313
2011-12-23,68.4234,68.5872,68.012,68.4589,68.4589,4527638
2011-12-27,68.0515,68.5556,67.9114,67.938,67.938,4263208
2011-12-28,68.0969,68.1245,66.1742,66.3232,66.3232,7058942
2011-12-29,66.3873,67.427,66.3873,67.2219,67.2219,4792754
2011-12-30,67.3244,67.8443,67.0857,67.2367,67.2367,4419617
2012-01-03,68.8486,70.5838,68.8486,69.7453,69.7453,11018911
2012-01-04,69.3221,70.8787,69.3221,70.3904,70.3904,9884651
2012-01-05,70.3904,71.3592,69.6831,70.8857,70.8857,7487222
2012-01-06,71.2605,71.3888,70.7407,71.0612,71.0612,7376300
2012-01-09,71.3118,72.2914,71.2428,72.0605,72.0605,8809416
2012-01-10,72.9356,74.1973,72.9356,74.1825,74.1825,12863405
2012-01-11,74.0957,74.5435,73.7652,73.9497,73.9497,9739848
2012-01-12,74.2062,75.7303,73.2187,75.6504,75.6504,14097726
2012-01-13,74.6165,76.2146,74.6165,76.047,76.047,13363249
2012-01-17,77.0463,77.7693,76.6724,76.7108,76.7108,11945344
2012-01-18,76.6516,77.9006,76.4041,77.7191,77.7191,9120155
2012-01-19,78.0052,78.8397,77.2455,78.8318,78.8318,12697129
2012-01-20,78.3918,78.9639,78.1472,78.7528,78.7528,8854590
2012-01-23,78.9571,79.9386,78.7528,79.2886,79.2886,9395636
2012-01-24,78.5171,79.6151,78.3829,79.2234,79.2234,7486704
2012-01-25,79.0183,81.4677,79.0113,81.295,81.295,14292436
2012-01-26,83.6014,84.9864,82.5074,82.97,82.97,24870166
2012-01-27,82.393,83.4752,81.7538,82.9434,82.9434,10510975
2012-01-30,82.0073,82.5508,77.8601,82.3052,82.3052,8008402
2012-01-31,82.9533,83.484,81.0376,81.3453,81.3453,10208406
2012-02-01,82.5163,83.0272,81.9412,82.3842,82.3842,9039508
2012-02-02,82.5834,82.7639,81.8889,82.244,82.244,6876326
2012-02-03,83.6103,85.4481,83.4111,84.94,84.94,13717586
2012-02-06,84.4163,85.1621,84.0957,84.8217,84.8217,6747667
2012-02-07,84.2664,85.0673,83.8619,84.8464,84.8464,6894207
2012-02-08,84.8542,85.2103,84.3995,85.015,85.015,5532090
2012-02-09,85.2647,85.4481,83.9259,84.1213,84.1213,10150506
2012-02-10,82.8063,83.3243,82.244,83.2995,83.2995,8521408
2012-02-13,84.0207,84.8888,83.2512,84.7625,84.7625,7650407
2012-02-14,84.4833,85.3297,84.3916,85.3051,85.3051,8620643
2012-02-15,85.3396,85.4926,83.4416,83.8855,83.8855,11012622
2012-02-16,83.8855,85.0239,83.776,84.9598,84.9598,7324141
2012-02-17,85.2567,85.3485,84.2584,84.95,84.95,5763034
2012-02-21,85.3485,86.8144,85.2647,85.7313,85.7313,10088398
2012-02-22,85.4481,86.8144,85.3485,86.3221,86.3221,6714547
2012-02-23,86.3745,86.8144,85.7313,86.6161,86.6161,6795101
2012-02-24,86.6625,87.1617,86.2126,86.4681,86.4681,6001304
2012-02-27,85.605,86.8568,85.382,86.184,86.184,6586209
2012-02-28,86.3745,86.6349,85.8773,86.2797,86.2797,5383867
2012-02-29,86.55,86.7779,84.7359,85.1364,85.1364,9096996
2012-03-01,85.2725,86.0065,84.2506,84.509,84.509,10015264
2012-03-02,84.3995,84.94,83.3419,83.8619,83.8619,7250302
2012-03-05,83.2818,83.4111,81.6294,82.0635,82.0635,11257309
2012-03-06,79.4454,79.8726,78.4204,78.9639,78.9639,16952270
2012-03-07,79.7078,80.9655,79.248,80.715,80.715,13974770
2012-03-08,81.6886,82.4108,80.9961,82.2046,82.2046,8278602
2012-03-09,82.6554,82.8231,81.8366,82.1651,82.1651,8757817
2012-03-12,81.9905,82.7087,81.0129,81.2152,81.2152,8720720
2012-03-13,81.7902,84.4991,81.4903,84.4419,84.4419,10842151
2012-03-14,84.3916,84.5593,82.9276,83.6824,83.6824,8292130
2012-03-15,84.1538,84.5761,83.0272,84.5593,84.5593,7133553
2012-03-16,85.0002,85.1621,84.2664,84.6599,84.6599,7750396
2012-03-19,84.5929,85.0585,84.0779,84.7803,84.7803,6356629
2012-03-20,83.484,83.484,82.3742,82.5597,82.5597,10854241
2012-03-21,82.6011,83.0016,81.2556,81.2556,81.2556,10636112
2012-03-22,79.9692,80.4624,78.7992,79.328,79.328,12679786
2012-03-23,79.4543,80.9557,78.8693,80.3806,80.3806,8083327
2012-03-26,81.1974,81.7764,80.5868,81.0682,81.0682,6132033
2012-03-27,81.0129,81.6709,80.418,80.5453,80.5453,5649930
2012-03-28,80.4714,80.4802,77.1893,77.7191,77.7191,13744276
2012-03-29,77.2406,79.2096,77.137,79.034,79.034,11157210
2012-03-30,79.5411,79.7078,78.7036,79.4,79.4,6414146
2012-04-02,79.0113,80.4624,78.2991,79.9456,79.9456,6991519
2012-04-03,80.2583,80.561,78.8929,79.1613,79.1613,7818416
2012-04-04,78.0998,79.6447,77.7763,79.2017,79.2017,7489907
2012-04-05,78.7992,79.8558,78.5763,78.8791,78.8791,4383790
2012-04-09,77.2041,77.7447,76.629,77.2041,77.2041,14021425
2012-04-10,77.1824,77.2722,74.3926,74.8642,74.8642,12292614
2012-04-11,75.8595,76.4061,74.9194,75.8437,75.8437,8292416
2012-04-12,76.1604,79.3822,76.1328,79.3358,79.3358,12044812
2012-04-13,79.1356,79.6989,78.451,78.9334,78.9334,8480371
2012-04-16,80.4565,81.2329,79.1356,79.5677,79.5677,9140670
2012-04-17,80.4408,81.4095,79.5489,80.8037,80.8037,7142187
2012-04-18,80.2583,81.7902,80.2583,81.4183,81.4183,6535325
2012-04-19,81.7538,82.1809,79.6309,80.3737,80.3737,7518844
2012-04-20,80.6656,81.3207,80.5453,80.639,80.639,5363129
2012-04-23,79.5983,80.129,78.6956,80.0254,80.0254,7297231
2012-04-24,80.2918,81.4401,80.1793,81.15,81.15,7610866
2012-04-25,79.987,80.1891,76.5806,77.434,77.434,21295034
2012-04-26,77.8275,78.2645,77.1015,78.1383,78.1383,9777812
2012-04-27,78.594,78.6454,77.9311,78.2725,78.2725,5662379
2012-04-30,77.8453,77.939,76.77,76.9308,76.9308,7114308
2012-05-01,76.9644,77.4803,76.1604,76.4375,76.4375,7658221
2012-05-02,76.042,76.8924,75.3436,76.8272,76.8272,7507827
2012-05-03,77.0285,77.3886,75.2311,75.3603,75.3603,8146729
2012-05-04,74.8592,74.9549,73.3597,73.6912,73.6912,12096108
2012-05-07,73.1151,73.5117,72.6347,72.7551,72.7551,9678377
2012-05-08,72.4956,72.5765,70.3056,72.2283,72.2283,13914877
2012-05-09,70.9952,72.8369,70.428,71.8574,71.8574,10332585
2012-05-10,72.7215,72.906,71.2487,71.4459,71.4459,6652868
2012-05-11,70.7397,72.3812,70.5936,71.4885,71.4885,6054046
2012-05-14,70.6154,70.9419,69.9564,70.0679,70.0679,6965789
2012-05-15,70.2543,70.8619,69.0863,69.3783,69.3783,7087320
2012-05-16,69.9386,70.428,68.6512,68.7618,68.7618,7757968
2012-05-17,68.1354,68.599,65.5724,65.7244,65.7244,13705839
2012-05-18,66.0706,67.2337,65.8901,66.3824,66.3824,11563577
2012-05-21,67.0216,69.0942,66.8638,68.8525,68.8525,9099689
2012-05-22,69.4375,69.6033,68.0368,68.4895,68.4895,9632097
2012-05-23,67.7555,69.4622,67.2663,69.2214,69.2214,8906680
2012-05-24,69.5717,69.5795,67.4981,68.4372,68.4372,7581752
2012-05-25,68.4125,68.6217,67.0965,67.3284,67.3284,6195104
2012-05-29,68.2695,70.3105,68.0368,69.258,69.258,11007007
2012-05-30,68.1126,68.1196,66.9979,67.506,67.506,8485970
2012-05-31,66.189,66.2502,64.3808,65.5862,65.5862,16527482
2012-06-01,63.6892,64.9756,63.4219,64.0187,64.0187,12788432
2012-06-04,64.3314,64.3404,61.9304,62.326,62.326,13109483
2012-06-05,62.1465,63.4772,62.1465,62.6199,62.6199,12311801
2012-06-06,63.5038,64.871,63.2691,64.871,64.871,14893846
2012-06-07,66.4879,67.2732,65.0684,65.2331,65.2331,10380508
2012-06-08,64.9964,65.6297,63.8757,65.5724,65.5724,5876704
2012-06-11,66.773,66.9693,63.6962,63.7741,63.7741,8598297
2012-06-12,64.2417,65.1631,63.4486,65.1631,65.1631,7040139
2012-06-13,64.5673,65.1236,63.3913,63.8461,63.8461,11096609
2012-06-14,63.8609,64.5673,63.2543,64.295,64.295,8181077
2012-06-15,64.6767,65.0921,64.145,65.0763,65.0763,8777911
2012-06-18,64.6413,65.1937,64.1302,64.9332,64.9332,6309013
2012-06-19,65.5538,67.2169,65.2745,66.5037,66.5037,8355497
2012-06-20,65.9819,66.4139,64.7507,65.2559,65.2559,12575549
2012-06-21,65.1937,65.464,63.5097,63.6143,63.6143,11459440
2012-06-22,64.0049,64.4163,63.5176,63.6005,63.6005,8566842
2012-06-25,62.8409,62.8646,61.4727,62.0497,62.0497,12124973
2012-06-26,62.3654,62.5232,61.2359,61.9304,61.9304,7467964
2012-06-27,61.882,62.0339,61.1658,61.5693,61.5693,8594493
2012-06-28,61.1304,61.9057,60.6036,61.8564,61.8564,12979704
2012-06-29,63.1201,63.5857,62.7373,63.563,63.563,9421415
2012-07-02,63.8905,63.9901,62.1613,62.6397,62.6397,8577279
2012-07-03,62.8093,64.9026,62.7935,64.7201,64.7201,5821402
2012-07-05,64.8484,65.5418,64.1016,64.9698,64.9698,7410720
2012-07-06,63.8175,63.8175,62.7521,63.3341,63.3341,9286518
2012-07-09,62.8369,63.1438,62.104,62.2382,62.2382,8404139
2012-07-10,62.5528,63.1014,59.2294,60.0886,60.0886,20238307
2012-07-11,60.2771,60.4398,59.329,59.6881,59.6881,10932895
2012-07-12,59.1248,60.133,58.5744,59.6131,59.6131,11675942
2012-07-13,59.847,61.4895,59.5529,61.4381,61.4381,10176719
2012-07-16,61.2724,61.2724,60.0354,60.7446,60.7446,6668479
2012-07-17,61.299,61.6029,59.847,61.3138,61.3138,8633374
2012-07-18,60.6696,62.7935,60.3362,62.1681,62.1681,9899591
2012-07-19,62.4966,62.832,61.814,62.251,62.251,7454683
2012-07-20,61.7222,62.2056,60.7673,60.9863,60.9863,7828236
2012-07-23,60.0097,62.2293,59.3616,61.4589,61.4589,10045771
2012-07-24,62.3418,62.7521,60.4734,61.3464,61.3464,11657745
2012-07-25,64.1342,64.3729,60.4882,62.2293,62.2293,26388959
2012-07-26,63.1625,63.7741,61.8534,62.7521,62.7521,13457220
2012-07-27,62.6653,65.2439,61.8002,64.9106,64.9106,14905045
2012-07-30,65.2577,65.5192,64.0375,64.5564,64.5564,8634000
2012-07-31,64.6185,65.0625,63.3893,63.4387,63.4387,12205748
2012-08-01,64.0375,64.0888,62.1523,62.2648,62.2648,12433399
2012-08-02,62.1207,63.5088,61.8534,62.6199,62.6199,10748378
2012-08-03,63.6814,64.7892,63.3341,64.0513,64.0513,9214962
2012-08-06,64.5859,65.5418,64.3936,65.0536,65.0536,8476633
2012-08-07,65.5418,66.5393,65.3545,65.7096,65.7096,8030652
2012-08-08,65.1571,66.2058,65.0536,65.7096,65.7096,8149567
2012-08-09,65.8547,66.8914,65.7303,66.5994,66.5994,8895383
2012-08-10,66.4909,67.0197,66.0253,67.0029,67.0029,7310755
2012-08-13,66.9289,67.2534,65.9937,66.7542,66.7542,7172365
2012-08-14,67.4182,67.5395,66.116,66.1979,66.1979,7282123
2012-08-15,65.7303,66.0924,64.9106,66.0016,66.0016,8423449
2012-08-16,66.0992,66.92,65.7175,66.7414,66.7414,6609776
2012-08-17,67.6973,67.8799,67.1243,67.8089,67.8089,10418016
2012-08-20,67.6095,68.164,67.2239,68.1334,68.1334,7029789
2012-08-21,68.5556,69.3704,67.7664,68.02,68.02,9451161
2012-08-22,67.8335,68.013,66.0174,66.8382,66.8382,11739135
2012-08-23,66.778,66.8382,65.6504,66.0174,66.0174,7260006
2012-08-24,65.4827,66.1082,65.093,65.8951,65.8951,6610181
2012-08-27,66.0342,66.2966,65.1967,65.2627,65.2627,5672656
2012-08-28,65.0694,65.535,64.6975,64.7971,64.7971,6221687
2012-08-29,64.4745,65.0398,63.6212,64.8553,64.8553,11590798
2012-08-30,64.4607,64.6541,63.6291,63.637,63.637,6862951
2012-08-31,64.1717,64.7438,63.4683,64.2852,64.2852,7276090
2012-09-04,64.0582,64.1342,61.9353,62.2737,62.2737,14983738
2012-09-05,62.2293,62.5903,61.6098,62.3418,62.3418,8280803
2012-09-06,62.9435,63.9843,62.7935,63.8767,63.8767,9269105
2012-09-07,65.7362,66.628,65.3545,66.3705,66.3705,14200494
2012-09-10,66.2502,66.77,65.602,65.6188,65.6188,7422892
2012-09-11,66.0706,67.14,65.8547,66.7474,66.7474,7802303
2012-09-12,67.4182,67.9854,66.7938,67.14,67.14,7986005
2012-09-13,66.77,68.5339,66.5205,68.3159,68.3159,10412555
2012-09-14,69.4691,71.0287,69.2954,70.1892,70.1892,15100020
2012-09-17,70.0186,70.4408,69.1051,69.3034,69.3034,10617180
2012-09-18,69.1386,70.1143,69.1386,70.1143,70.1143,8759694
2012-09-19,70.2899,70.9893,69.918,70.7703,70.7703,9009319
2012-09-20,70.055,70.055,68.744,69.7157,69.7157,9416831
2012-09-21,70.3816,70.3816,68.8348,69.0982,69.0982,14320886
2012-09-24,68.1403,69.1475,68.1403,68.4559,68.4559,11412271
2012-09-25,66.7938,67.4636,65.5418,65.5508,65.5508,18499582
2012-09-26,65.4669,66.2452,64.6393,65.5074,65.5074,11766931
2012-09-27,66.1762,66.2581,65.3545,65.4827,65.4827,10068899
2012-09-28,65.0625,65.2361,64.362,64.8208,64.8208,9981221
2012-10-01,65.3318,65.6573,64.217,64.3887,64.3887,9802939
2012-10-02,64.5101,64.7369,63.5462,64.3887,64.3887,11706072
2012-10-03,64.4203,64.5179,63.6972,64.2446,64.2446,7415854
2012-10-04,64.4301,65.1651,64.1884,64.7576,64.7576,6739120
2012-10-05,65.4274,65.7974,64.0435,64.362,64.362,8691209
2012-10-08,63.9931,64.6471,63.6074,64.368,64.368,6016479
2012-10-09,64.5811,64.8996,63.6548,63.8461,63.8461,7709363
2012-10-10,63.2,63.562,62.2293,62.6475,62.6475,14117036
2012-10-11,62.8251,63.056,61.9659,62.4186,62.4186,10146408
2012-10-12,62.5312,63.3579,62.1207,62.394,62.394,7980628
2012-10-15,62.4611,62.6801,61.8534,62.3872,62.3872,8438524
2012-10-16,62.976,64.0651,62.688,64.0059,64.0059,9218852
2012-10-17,64.5011,65.3683,64.1954,65.2627,65.2627,9741648
2012-10-18,65.4679,66.3419,65.0526,65.6524,65.6524,8989823
2012-10-19,64.6738,64.7882,63.2789,63.559,63.559,13028858
2012-10-22,62.8597,65.2105,62.3704,64.4824,64.4824,22639644
2012-10-23,63.5896,63.7722,62.8902,63.3459,63.3459,9890648
2012-10-24,63.7169,63.7722,62.543,62.7037,62.7037,7268759
2012-10-25,63.202,63.3154,62.4226,63.3095,63.3095,7895281
2012-10-26,63.27,63.9083,63.0885,63.854,63.854,9455518
2012-10-31,64.8267,65.1177,64.0059,64.2792,64.2792,7804281
2012-11-01,64.5879,66.5915,64.4242,66.4327,66.4327,11290351
2012-11-02,67.0689,67.0769,64.952,65.021,65.021,9213642
2012-11-05,65.0684,65.7727,64.8691,65.7649,65.7649,5336586
2012-11-06,66.2028,67.1509,66.1664,66.7552,66.7552,9300551
2012-11-07,65.7323,66.114,64.3028,64.44,64.44,10829875
2012-11-08,64.5426,64.6047,63.3016,63.4081,63.4081,8239209
2012-11-09,62.908,64.6432,62.832,64.3838,64.3838,9613930
2012-11-12,63.9991,64.8524,63.8382,64.5603,64.5603,7653699
2012-11-13,64.2112,64.5603,63.0342,63.1043,63.1043,10155589
2012-11-14,63.5896,63.5896,61.298,61.4667,61.4667,11211893
2012-11-15,61.6561,62.5824,61.0139,61.6206,61.6206,10287078
2012-11-16,61.668,62.3072,60.7535,62.0981,62.0981,10622454
2012-11-19,63.1881,63.5423,63.0214,63.3775,63.3775,7487385
2012-11-20,63.4357,63.49,62.5953,63.1586,63.1586,7304020
2012-11-21,62.8685,63.4653,62.6397,62.9445,62.9445,5959863
2012-11-23,63.3775,63.8086,63.0974,63.7879,63.7879,3514517
2012-11-26,63.5216,64.2792,63.5216,64.1588,64.1588,5595282
2012-11-27,64.0435,64.513,63.5896,63.6726,63.6726,5536225
2012-11-28,63.3855,64.4883,62.908,64.3758,64.3758,6445443
2012-11-29,64.9234,65.5438,64.7882,65.3683,65.3683,10352383
2012-11-30,65.4284,65.4472,64.4469,64.6047,64.6047,7475202
2012-12-03,65.1177,65.1177,63.9931,64.0375,64.0375,6220833
2012-12-04,63.8165,64.3906,63.4733,63.7879,63.7879,5895569
2012-12-05,64.1352,65.6129,64.0957,65.2203,65.2203,11354536
2012-12-06,65.0526,65.4284,64.4824,65.1414,65.1414,5452435
2012-12-07,65.6208,66.3567,65.5714,65.9325,65.9325,9680683
2012-12-10,65.7925,66.2778,65.4679,66.114,66.114,5722153
2012-12-11,66.3903,66.8184,65.9691,66.188,66.188,7073114
2012-12-12,66.6152,67.2781,66.2867,66.6586,66.6586,9359176
2012-12-13,66.5836,67.6885,66.5589,66.9713,66.9713,8049088
2012-12-14,67.0769,67.8335,66.9388,67.4537,67.4537,7741740
2012-12-17,67.6411,67.9795,67.3797,67.9371,67.9371,8040635
2012-12-18,68.0446,69.0389,67.9637,68.7973,68.7973,8778529
2012-12-19,68.9009,69.5993,68.7726,68.8101,68.8101,9325125
2012-12-20,68.1364,68.3119,67.1834,67.8335,67.8335,9094320
2012-12-21,66.3173,66.8322,65.5438,66.6211,66.6211,14155220
2012-12-24,66.3261,66.5669,66.0598,66.3025,66.3025,3070350
2012-12-26,66.4475,67.212,66.3695,66.4475,66.4475,4269624
2012-12-27,66.6004,67.0059,65.5962,66.4405,66.4405,5214804
2012-12-28,66.0065,66.3903,65.7057,65.7925,65.7925,4366844
2012-12-31,65.7925,68.0624,65.6889,67.9164,67.9164,9519091
2013-01-02,70.7002,71.5762,70.4476,70.8659,70.8659,15292476
2013-01-03,70.5454,71.9925,70.4023,71.5466,71.5466,12314612
2013-01-04,71.6768,71.9402,71.2744,71.9402,71.9402,7466327
2013-01-07,71.6768,72.5104,71.5466,72.1592,72.1592,7083750
2013-01-08,71.7518,72.1473,70.9182,71.2438,71.2438,7408635
2013-01-09,71.3207,71.8268,71.3207,71.5762,71.5762,4679021
2013-01-10,72.0843,72.1473,71.4213,72.0635,72.0635,6065446
2013-01-11,71.6699,72.2983,71.3335,72.1473,72.1473,5662014
2013-01-14,72.3437,72.3654,71.3543,71.7222,71.7222,4866090
2013-01-15,71.4026,72.6307,71.3779,72.5104,72.5104,6324863
2013-01-16,72.0793,72.5104,71.8722,72.1473,72.1473,5026993
2013-01-17,72.539,72.979,72.0715,72.5311,72.5311,6366874
2013-01-18,73.0875,73.9852,72.8271,73.9852,73.9852,10983767
2013-01-22,73.056,74.0691,72.7975,74.0641,74.0641,10991774
2013-01-23,73.8777,74.0641,73.2177,73.4051,73.4051,6558821
2013-01-24,72.7599,74.0769,72.7599,73.2177,73.2177,7674488
2013-01-25,72.6999,72.9691,71.743,72.4404,72.4404,11750707
2013-01-28,74.3729,74.8375,73.0875,73.8589,73.8589,21109196
2013-01-29,74.2378,75.1847,74.0641,74.731,74.731,9186891
2013-01-30,74.9046,75.0022,74.4656,74.7685,74.7685,7498113
2013-01-31,74.2702,74.8128,74.1973,74.5721,74.5721,9440828
2013-02-01,75.1039,75.5646,74.9954,75.4048,75.4048,8101625
2013-02-04,74.9204,74.9352,74.2062,74.4745,74.4745,7606681
2013-02-05,74.6451,75.1108,74.5159,74.6077,74.6077,5512488
2013-02-06,74.1746,74.8444,73.7889,74.0503,74.0503,5924031
2013-02-07,73.8392,74.3966,72.1592,72.8409,72.8409,8195002
2013-02-08,72.8359,73.8945,72.8359,73.4051,73.4051,5190714
2013-02-11,73.4851,73.5107,72.9859,73.2177,73.2177,3614009
2013-02-12,73.3233,73.8293,73.269,73.6863,73.6863,5474409
2013-02-13,73.5817,73.8945,72.7777,73.047,73.047,4906158
2013-02-14,72.8053,73.2749,72.5144,72.8133,72.8133,4731705
2013-02-15,72.9573,73.0806,72.2214,72.465,72.465,5775249
2013-02-19,72.5637,73.0392,72.0991,72.4572,72.4572,5764173
2013-02-20,72.0004,72.0793,70.5216,70.6528,70.6528,11308816
2013-02-21,70.2899,70.3243,68.6444,69.3724,69.3724,9492910
2013-02-22,69.7197,70.0995,69.0084,69.3793,69.3793,7721028
2013-02-25,69.5825,69.8952,67.5139,67.575,67.575,9949435
2013-02-26,67.9026,68.3653,67.0769,68.1748,68.1748,9387418
2013-02-27,68.2577,70.0008,68.2577,69.915,69.915,8113768
2013-02-28,70.0995,70.6094,69.9032,70.0087,70.0087,7188015
2013-03-01,69.3793,69.695,68.3119,69.2442,69.2442,6499024
2013-03-04,68.675,68.7795,67.6017,68.021,68.021,8379138
2013-03-05,68.5842,69.181,68.2044,68.3711,68.3711,7062349
2013-03-06,68.9511,69.0084,67.7664,67.9371,67.9371,9415394
2013-03-07,68.1364,68.5171,67.6599,67.947,67.947,6252963
2013-03-08,68.5388,68.7548,68.2212,68.598,68.598,6709660
2013-03-11,68.5842,69.3645,68.2883,69.1051,69.1051,6395672
2013-03-12,69.0923,69.0923,67.7595,68.015,68.015,8699930
2013-03-13,68.0624,68.1422,67.5523,67.6677,67.6677,7700092
2013-03-14,67.8089,67.871,66.8263,67.2298,67.2298,9669990
2013-03-15,67.1567,67.6411,66.78,67.3254,67.3254,9744139
2013-03-18,66.6152,68.2261,66.4475,67.7249,67.7249,9446702
2013-03-19,67.7595,67.7595,66.2709,66.8993,66.8993,9907748
2013-03-20,66.3991,66.6053,65.5014,65.8931,65.8931,12389558
2013-03-21,65.6208,66.1802,65.5094,65.8103,65.8103,7191546
2013-03-22,65.9463,66.4159,65.9157,66.3025,66.3025,6762638
2013-03-25,66.6418,66.6655,65.2203,65.6642,65.6642,8820765
2013-03-26,65.9848,66.2354,65.682,65.9375,65.9375,5505893
2013-03-27,65.5094,66.0598,65.0289,65.8615,65.8615,6385441
2013-03-28,65.9769,66.6803,65.6731,65.9157,65.9157,8200737
2013-04-01,65.8329,65.8931,64.733,64.9086,64.9086,7480724
2013-04-02,65.1967,65.1967,64.0207,64.3305,64.3305,8595093
2013-04-03,63.5995,64.1352,63.3617,63.7564,63.7564,12168774
2013-04-04,63.8915,64.219,63.5423,64.1421,64.1421,10088985
2013-04-05,63.2177,64.6935,62.9445,64.1204,64.1204,11858941
2013-04-08,64.1894,64.6847,63.4427,63.8086,63.8086,8870301
2013-04-09,63.9527,65.6731,63.7021,65.1039,65.1039,13900077
2013-04-10,65.4679,65.8497,65.1039,65.6129,65.6129,8257676
2013-04-11,65.8565,65.9375,64.6511,64.952,64.952,9130316
2013-04-12,64.4163,64.6738,63.8915,64.4627,64.4627,6511606
2013-04-15,63.8461,63.9142,62.0813,62.3546,62.3546,13648539
2013-04-16,63.3855,63.4594,62.2421,62.6111,62.6111,8665583
2013-04-17,61.8012,61.8604,61.1066,61.7498,61.7498,12410090
2013-04-18,62.0448,62.0448,61.0564,61.374,61.374,9028546
2013-04-19,61.7498,61.9057,61.0307,61.3513,61.3513,9195263
2013-04-22,61.9698,63.4121,60.6312,63.0904,63.0904,24180861
2013-04-23,64.0049,64.6255,63.1132,64.15,64.15,16934906
2013-04-24,64.3858,64.5702,63.5324,63.9073,63.9073,9205661
2013-04-25,64.6087,64.8514,64.0888,64.4637,64.4637,8594985
2013-04-26,64.3404,64.8978,64.2634,64.5919,64.5919,8077696
2013-04-29,64.949,65.2193,64.1263,64.6817,64.6817,7953496
2013-04-30,64.6895,65.1236,63.5946,64.585,64.585,9117593
2013-05-01,64.1263,64.3404,63.051,63.3736,63.3736,15217386
2013-05-02,63.5709,64.4982,63.3893,64.2722,64.2722,7602956
2013-05-03,65.2854,66.7276,65.2035,66.3488,66.3488,15588365
2013-05-06,66.4613,67.0857,66.2699,66.8134,66.8134,8365865
2013-05-07,67.2081,68.5073,67.0561,68.4905,68.4905,13643671
2013-05-08,68.4658,68.9551,68.0229,68.8881,68.8881,9742538
2013-05-09,68.6336,69.1761,68.307,68.6128,68.6128,6772663
2013-05-10,68.6188,68.8427,67.0483,67.6007,67.6007,9134717
2013-05-13,67.2682,67.4981,66.9338,67.1795,67.1795,7189626
2013-05-14,66.9861,67.1252,66.2542,66.7819,66.7819,8992055
2013-05-15,66.34,66.4978,65.9345,66.3627,66.3627,9081033
2013-05-16,66.0194,66.8588,65.676,66.193,66.193,10740629
2013-05-17,66.6596,67.0177,66.4405,66.8716,66.8716,8774678
2013-05-20,66.7967,67.6963,66.5669,67.3778,67.3778,7346086
2013-05-21,67.6204,67.8729,66.918,67.2011,67.2011,6205006
2013-05-22,67.1933,67.9568,66.4771,66.8963,66.8963,8495292
2013-05-23,65.6228,66.6517,65.4294,66.3252,66.3252,7901366
2013-05-24,65.7964,66.1476,65.4216,65.7589,65.7589,6079524
2013-05-28,66.3893,66.6596,65.5212,65.7411,65.7411,7604395
2013-05-29,65.3929,66.1032,65.0911,65.973,65.973,6699740
2013-05-30,65.9562,66.3627,65.5902,65.9128,65.9128,4677554
2013-05-31,65.7727,66.3271,65.4521,65.4521,65.4521,7240429
2013-06-03,65.531,65.8299,65.4028,65.6997,65.6997,7988098
2013-06-04,65.5596,65.9562,65.1709,65.539,65.539,6693406
2013-06-05,65.1957,65.3929,64.2476,64.3916,64.3916,9647466
2013-06-06,64.3038,64.3108,63.5384,64.074,64.074,9189271
2013-06-07,64.5702,65.1167,63.7988,64.5702,64.5702,7177505
2013-06-10,64.6175,64.6619,63.7909,63.9201,63.9201,6509205
2013-06-11,63.3321,64.0513,63.0274,63.708,63.708,6918317
2013-06-12,64.2042,64.365,63.3183,63.4683,63.4683,6224701
2013-06-13,63.5551,65.0516,63.4545,64.9431,64.9431,8329499
2013-06-14,64.8425,64.9431,63.6153,63.9743,63.9743,6750757
2013-06-17,63.7307,64.3996,63.631,64.0119,64.0119,5754519
2013-06-18,64.1431,64.7369,64.0425,64.4913,64.4913,4881913
2013-06-19,64.4568,65.0585,64.2634,64.2634,64.2634,6177114
2013-06-20,63.4545,63.8284,62.8182,63.4614,63.4614,10001792
2013-06-21,64.0888,64.0888,62.4917,63.4032,63.4032,12764804
2013-06-24,62.5943,62.7373,61.6768,62.1819,62.1819,9866534
2013-06-25,62.8093,63.0648,62.5272,62.8025,62.8025,8194931
2013-06-26,63.2483,63.639,62.319,62.6239,62.6239,9114512
2013-06-27,62.9682,63.4387,62.9682,63.2809,63.2809,6108787
2013-06-28,63.127,63.4545,62.7847,62.9208,62.9208,11078446
2013-07-01,63.3411,63.5038,62.7521,63.0984,63.0984,6130952
2013-07-02,63.1349,63.7632,62.5805,62.9129,62.9129,4798506
2013-07-03,62.6623,62.9277,62.2135,62.4354,62.4354,3839638
2013-07-05,62.9524,63.0274,62.0921,62.6545,62.6545,6325341
2013-07-08,62.8527,63.4614,62.7373,63.4614,63.4614,6398231
2013-07-09,64.1263,65.7885,63.8599,65.0911,65.0911,10336081
2013-07-10,65.1552,65.4216,64.6757,64.806,64.806,5567380
2013-07-11,65.9503,66.2768,65.676,66.1328,66.1328,7124918
2013-07-12,66.0805,66.5669,66.0115,66.4899,66.4899,6394839
2013-07-15,66.5451,67.1479,66.5067,66.6675,66.6675,5458373
2013-07-16,66.9092,67.5287,66.6813,67.2534,67.2534,7123380
2013-07-17,67.4685,67.8877,65.5104,66.1101,66.1101,19767920
2013-07-18,65.9631,66.5165,65.611,65.8427,65.8427,9173979
2013-07-19,65.6356,65.972,65.4058,65.7865,65.7865,6621883
2013-07-22,65.5784,66.4791,65.5784,66.0558,66.0558,6297018
2013-07-23,65.6632,66.3498,65.3791,65.6889,65.6889,8973300
2013-07-24,64.9658,65.5054,63.4733,64.0898,64.0898,21619514
2013-07-25,63.0224,63.4308,62.4838,63.0914,63.0914,12943252
2013-07-26,62.8902,63.0452,62.5538,63.0284,63.0284,7458437
2013-07-29,63.3075,64.0207,62.9859,63.7682,63.7682,11815294
2013-07-30,64.1125,64.3276,63.491,63.8984,63.8984,6855865
2013-07-31,64.1983,64.4449,63.6301,63.6834,63.6834,9130152
2013-08-01,64.2279,65.1404,63.8441,64.8563,64.8563,8557654
2013-08-02,64.7428,65.0457,64.1352,64.7497,64.7497,6333293
2013-08-05,64.6057,64.7428,64.1352,64.1845,64.1845,4894413
2013-08-06,63.9921,63.9991,63.0994,63.3923,63.3923,9404838
2013-08-07,63.2759,63.5768,62.832,63.3145,63.3145,5588339
2013-08-08,63.712,64.9727,63.6912,64.4883,64.4883,8333026
2013-08-09,64.368,65.1246,64.1352,64.9126,64.9126,7132692
2013-08-12,64.6866,66.4001,64.5673,66.3025,66.3025,11208009
2013-08-13,66.5333,67.1548,66.4001,66.4929,66.4929,8738354
2013-08-14,66.7198,66.8253,65.8349,65.9187,65.9187,5811691
2013-08-15,65.2577,66.4643,65.1967,65.9493,65.9493,6690898
2013-08-16,65.9405,66.3636,65.3969,65.4136,65.4136,6128107
2013-08-19,65.4058,65.6721,64.4804,64.6747,64.6747,4903187
2013-08-20,64.368,64.873,63.9576,64.4134,64.4134,6105774
2013-08-21,64.1519,64.4035,63.6212,63.706,63.706,7242888
2013-08-22,63.9921,64.8968,63.7978,64.6521,64.6521,6171130
2013-08-23,64.805,64.8296,64.0592,64.438,64.438,5842029
2013-08-26,64.5031,65.1177,64.1519,64.1845,64.1845,5368060
2013-08-27,63.6578,64.1667,63.3549,63.5226,63.5226,7252493
2013-08-28,62.832,63.491,62.5716,63.3283,63.3283,8805638
2013-08-29,63.3687,63.7978,63.0017,63.3923,63.3923,4825372
2013-08-30,63.4427,63.5699,63.1467,63.4003,63.4003,5762096
2013-09-03,63.8678,64.1667,62.7679,63.3765,63.3765,9821868
2013-09-04,63.5768,64.3206,63.2148,64.1667,64.1667,5836913
2013-09-05,64.0385,64.1519,63.5314,63.712,63.712,4854065
2013-09-06,63.9201,64.6866,63.2927,64.0523,64.0523,7247091
2013-09-09,64.5515,66.0805,64.5337,65.7392,65.7392,8734262
2013-09-10,66.6773,66.7404,66.194,66.5235,66.5235,8200324
2013-09-11,66.4435,66.923,66.2551,66.923,66.923,5706216
2013-09-12,66.779,66.993,66.5333,66.701,66.701,5182489
2013-09-13,66.9003,66.9792,66.3498,66.8322,66.8322,4265044
2013-09-16,67.5622,67.7645,66.848,66.9654,66.9654,6349664
2013-09-17,67.1015,67.1705,66.5698,66.8766,66.8766,4448061
2013-09-18,66.2946,67.6027,66.2108,67.4714,67.4714,7245866
2013-09-19,67.6243,67.7841,67.0641,67.4004,67.4004,6204315
2013-09-20,67.2919,67.3235,65.099,65.099,65.099,17514336
2013-09-23,65.2883,65.5872,64.8139,65.3101,65.3101,7874474
2013-09-24,65.387,65.6277,64.9274,65.3712,65.3712,4827471
2013-09-25,65.3969,65.7116,64.8494,64.9046,64.9046,4984824
2013-09-26,64.9727,65.1719,64.4449,64.6747,64.6747,4526712
2013-09-27,64.2279,64.4607,64.0444,64.368,64.368,3936531
2013-09-30,63.712,64.3877,63.6212,64.0592,64.0592,7037379
2013-10-01,64.1845,64.7497,63.8146,64.3344,64.3344,5033303
2013-10-02,64.1519,64.7123,64.0059,64.5741,64.5741,4328702
2013-10-03,64.438,64.7281,64.075,64.4952,64.4952,5498616
2013-10-04,64.4952,64.7892,64.1667,64.6747,64.6747,4181872
2013-10-07,64.1036,64.6442,63.9843,64.1608,64.1608,4385728
2013-10-08,64.1667,64.438,63.4663,63.638,63.638,7393536
2013-10-09,63.7899,64.438,63.3283,64.1519,64.1519,5965691
2013-10-10,64.8563,65.2529,64.5741,65.0832,65.0832,5620273
2013-10-11,65.0112,65.9405,64.7892,65.7569,65.7569,5351235
2013-10-14,65.3347,66.3784,65.1819,66.2423,66.2423,6105521
2013-10-15,66.2423,66.632,65.8201,65.8635,65.8635,6379105
2013-10-16,66.1032,66.4347,65.7471,66.265,66.265,4631905
2013-10-17,66.0006,66.5116,65.7076,66.4021,66.4021,4978784
2013-10-18,66.7582,67.8729,66.7276,67.5553,67.5553,8730207
2013-10-21,67.8493,67.9114,67.4398,67.8345,67.8345,5021484
2013-10-22,67.9756,68.9689,67.7111,68.9689,68.9689,11838256
2013-10-23,65.0911,65.4748,64.2378,64.7882,64.7882,27109037
2013-10-24,64.4479,65.7431,64.3,65.3811,65.3811,10819441
2013-10-25,65.2213,65.5724,64.6709,65.5656,65.5656,6323673
2013-10-28,65.3594,65.537,65.0911,65.1887,65.1887,5149731
2013-10-29,64.9026,65.0506,64.4242,65.026,65.026,6883960
2013-10-30,65.1039,65.2459,64.363,64.5771,64.5771,6031916
2013-10-31,64.5367,65.1819,64.4775,64.4775,64.4775,6013350
2013-11-01,64.804,64.8188,64.0435,64.6551,64.6551,7602366
2013-11-04,64.8277,64.9648,64.5465,64.8888,64.8888,5032521
2013-11-05,64.6709,65.1167,64.4775,65.0102,65.0102,5193826
2013-11-06,65.2055,65.2529,64.8543,65.1404,65.1404,4743890
2013-11-07,64.9352,65.3041,64.5859,64.7014,64.7014,7022346
2013-11-08,64.6007,65.2213,64.5859,65.1562,65.1562,5892081
2013-11-11,64.9352,65.3367,64.8336,65.0911,65.0911,3261402
2013-11-12,64.9569,65.1887,64.6195,64.8543,64.8543,4503622
2013-11-13,64.5545,65.1651,64.1993,65.1236,65.1236,5110604
2013-11-14,64.9717,65.1236,64.6333,64.7882,64.7882,5813111
2013-11-15,64.9717,65.0585,64.5859,64.7724,64.7724,6134350
2013-11-18,65.0102,65.7224,64.7724,65.0003,65.0003,6209679
2013-11-19,65.0585,65.3594,64.5702,64.7162,64.7162,6477596
2013-11-20,64.3374,64.7458,63.783,63.9517,63.9517,9622574
2013-11-21,64.2378,64.2684,63.3233,63.5186,63.5186,8026770
2013-11-22,63.5976,64.1608,63.4269,64.1046,64.1046,5702224
2013-11-25,65.2795,65.7017,64.871,65.2795,65.2795,10487103
2013-11-26,65.5892,65.6149,64.9786,65.2529,65.2529,4957995
2013-11-27,65.3041,65.6928,65.2281,65.4926,65.4926,3947942
2013-11-29,65.466,65.8861,65.3811,65.4354,65.4354,2953465
2013-12-02,65.5152,65.8161,64.9934,65.1651,65.1651,6254896
2013-12-03,64.8188,64.9352,64.4064,64.871,64.871,5079592
2013-12-04,64.7803,65.2657,64.2842,64.948,64.948,6783236
2013-12-05,64.9717,65.4216,64.7399,65.2883,65.2883,6841619
2013-12-06,65.7905,66.193,65.6928,66.1318,66.1318,7446144
2013-12-09,66.2867,66.9289,66.1782,66.5895,66.5895,7787735
2013-12-10,66.4949,67.1913,66.4563,66.843,66.843,6458239
2013-12-11,66.5431,66.6892,65.8399,65.9601,65.9601,7271112
2013-12-12,66.0342,66.2867,65.6228,66.186,66.186,5884915
2013-12-13,66.265,66.6961,66.186,66.556,66.556,5472766
2013-12-16,66.9042,67.9509,66.8608,67.5888,67.5888,9019377
2013-12-17,67.4626,67.795,66.8144,67.2337,67.2337,6152950
2013-12-18,67.2988,68.4224,67.0216,68.1975,68.1975,9003904
2013-12-19,67.6806,67.941,67.4932,67.7111,67.7111,5561686
2013-12-20,67.9509,68.9245,67.9183,68.7844,68.7844,9516417
2013-12-23,69.0775,69.6663,69.0479,69.5815,69.5815,7418247
2013-12-24,69.6141,70.3707,69.6053,70.3135,70.3135,3459363
2013-12-26,70.3806,70.9035,70.1547,70.5039,70.5039,6194132
2013-12-27,70.497,70.718,70.0462,70.2859,70.2859,4362161
2013-12-30,70.2711,70.4102,69.8292,70.2859,70.2859,3394194
2013-12-31,70.3865,70.5226,69.9702,70.2415,70.2415,4007214
2014-01-02,69.9268,69.9604,69.0952,69.5125,69.5125,6333224
2014-01-03,69.6141,69.8045,69.2974,69.474,69.474,4812180
2014-01-06,69.7621,69.845,68.3603,68.5615,68.5615,6769691
2014-01-07,68.6622,69.0193,68.6464,68.7844,68.7844,4546346
2014-01-08,68.67,69.474,68.5852,68.9511,68.9511,5720968
2014-01-09,69.0409,69.4592,68.599,69.3892,69.3892,5779066
2014-01-10,69.1593,70.0787,69.0627,70.0077,70.0077,7003727
2014-01-13,69.8124,70.5888,69.474,69.5293,69.5293,6740608
2014-01-14,69.5036,70.1616,69.5036,70.0462,70.0462,4799462
2014-01-15,70.2928,72.0872,70.2928,71.4775,71.4775,13091070
2014-01-16,71.5377,72.2954,71.3897,71.6314,71.6314,6128433
2014-01-17,71.74,71.8268,70.8571,71.1895,71.1895,8777254
2014-01-21,71.3168,71.5101,69.7887,70.5326,70.5326,7139399
2014-01-22,70.5226,70.7061,69.5609,69.7887,69.7887,6150666
2014-01-23,68.9827,69.3507,68.5487,68.8871,68.8871,6448720
2014-01-24,68.4954,68.5043,66.8618,67.0847,67.0847,10421500
2014-01-27,71.4479,71.8662,69.3438,71.0711,71.0711,28526149
2014-01-28,71.157,72.1483,71.1184,71.9885,71.9885,12087235
2014-01-29,71.0889,71.594,70.2928,70.5502,70.5502,10468881
2014-01-30,71.2556,73.0678,70.6361,72.5597,72.5597,18972000
2014-01-31,71.7498,73.7188,71.6314,73.1142,73.1142,12547396
2014-02-03,72.979,73.1338,71.5851,71.9511,71.9511,11670254
2014-02-04,71.9965,72.1306,71.228,72.0132,72.0132,8785355
2014-02-05,71.8268,72.0221,70.8906,71.594,71.594,6595149
2014-02-06,71.5772,73.3597,71.4598,73.049,73.049,8817534
2014-02-07,73.3153,74.1509,73.0914,73.8599,73.8599,12414616
2014-02-10,73.9379,73.9477,72.8951,73.5709,73.5709,7621590
2014-02-11,73.6656,74.2249,73.4002,73.9299,73.9299,7715330
2014-02-12,74.1992,75.2351,74.0927,74.874,74.874,10283939
2014-02-13,74.1844,75.0575,74.0493,74.8237,74.8237,5641513
2014-02-14,74.6303,75.2677,74.6135,75.167,75.167,5437062
2014-02-18,74.6225,75.4698,74.6225,75.1749,75.1749,6257561
2014-02-19,74.8888,76.04,74.8237,74.9026,74.9026,7537421
2014-02-20,75.1355,75.9227,74.1914,75.455,75.455,9915354
2014-02-21,75.603,76.2541,75.455,75.9099,75.9099,7139951
2014-02-24,75.9473,76.4849,75.6533,75.7677,75.7677,6278157
2014-02-25,75.3919,75.5034,74.5969,75.0575,75.0575,7697825
2014-02-26,75.2519,76.2245,75.0032,75.6721,75.6721,6106219
2014-02-27,75.681,76.0085,75.1433,75.2854,75.2854,5574315
2014-02-28,75.2351,75.9227,74.9726,75.4946,75.4946,6950558
2014-03-03,74.9874,75.2607,74.4262,74.9786,74.9786,6241441
2014-03-04,75.6721,75.8763,75.1749,75.534,75.534,8043364
2014-03-05,75.1591,75.4402,74.6451,75.0269,75.0269,6916625
2014-03-06,75.4778,76.4109,75.2519,75.9848,75.9848,8723892
2014-03-07,76.1258,76.1959,75.1285,75.5576,75.5576,6755204
2014-03-10,75.2351,75.3633,74.6303,75.3249,75.3249,6028598
2014-03-11,75.5882,76.2245,75.2233,75.3919,75.3919,7361674
2014-03-12,74.9726,75.7056,74.9726,75.3781,75.3781,5715216
2014-03-13,75.6218,76.0854,74.0059,74.436,74.436,10833949
2014-03-14,74.3108,74.9342,74.1164,74.2674,74.2674,6425343
2014-03-17,74.732,75.0891,74.3887,74.4853,74.4853,6033354
2014-03-18,74.8336,75.2439,74.5051,75.0575,75.0575,6321224
2014-03-19,74.8089,75.3002,74.1558,74.7714,74.7714,6562642
2014-03-20,74.512,74.9272,74.0405,74.9026,74.9026,5646560
2014-03-21,75.5734,76.0085,75.2607,75.8231,75.8231,10712453
2014-03-24,75.9848,75.9848,75.0664,75.4018,75.4018,6179971
2014-03-25,75.7973,77.3392,75.6336,76.7582,76.7582,11660517
2014-03-26,77.3076,77.5415,76.1416,76.1416,76.1416,7206111
2014-03-27,76.2126,76.9881,75.7451,76.6477,76.6477,6363452
2014-03-28,77.0048,77.5592,76.9022,77.3787,77.3787,7477507
2014-03-31,77.8532,78.3415,77.1123,77.3629,77.3629,7414157
2014-04-01,77.0275,77.9183,77.0275,77.7053,77.7053,6184174
2014-04-02,77.8848,80.0057,77.7615,79.8982,79.8982,12020175
2014-04-03,79.3428,80.351,79.1149,79.836,79.836,10571406
2014-04-04,80.1063,80.4802,79.3358,79.5411,79.5411,6280081
2014-04-07,79.1149,79.4621,78.1708,78.7213,78.7213,6710538
2014-04-08,78.6178,80.3806,78.602,79.7147,79.7147,8511542
2014-04-09,79.914,80.351,79.2886,80.1891,80.1891,5217699
2014-04-10,80.1211,80.7465,79.4,79.6151,79.6151,5831381
2014-04-11,78.7114,79.4858,78.6088,78.9906,78.9906,6890219
2014-04-14,79.7778,80.0609,78.594,80.0185,80.0185,5289384
2014-04-15,79.8982,80.2671,78.8397,79.7946,79.7946,8115143
2014-04-16,80.3677,80.7771,80.0432,80.6006,80.6006,4854243
2014-04-17,80.7081,81.005,80.351,80.5286,80.5286,4541845
2014-04-21,80.5768,80.639,79.5253,80.3806,80.3806,4879768
2014-04-22,80.488,81.5604,80.4714,81.2062,81.2062,5788708
2014-04-23,81.1016,81.9244,80.7949,80.9557,80.9557,8209034
2014-04-24,83.2009,84.1213,82.0635,82.4512,82.4512,11306338
2014-04-25,82.2529,82.4512,80.8857,81.9826,81.9826,7319266
2014-04-28,82.1957,82.5508,80.8501,81.6373,81.6373,5154047
2014-04-29,82.0635,82.6179,81.3207,82.47,82.47,6353814
2014-04-30,82.4108,83.2009,82.2194,82.5331,82.5331,6639167
2014-05-01,82.3842,82.8547,81.9313,82.2894,82.2894,3793878
2014-05-02,82.1809,82.6821,82.0141,82.2371,82.2371,3423142
2014-05-05,81.9599,82.0723,81.3039,81.8435,81.8435,4043275
2014-05-06,81.6127,81.81,81.1332,81.3453,81.3453,3620612
2014-05-07,81.5239,81.9599,80.9961,81.9244,81.9244,4342690
2014-05-08,81.8652,82.244,81.5673,82.1878,82.1878,3985112
2014-05-09,82.1957,82.47,81.6709,82.2796,82.2796,3526676
2014-05-12,82.7915,83.4011,82.7403,83.1674,83.1674,4679009
2014-05-13,83.4011,84.7448,82.8724,83.9111,83.9111,5045811
2014-05-14,83.6676,83.8263,83.2512,83.4268,83.4268,3936037
2014-05-15,83.3785,83.5926,81.4835,82.2194,82.2194,6584755
2014-05-16,82.2707,83.0411,81.5801,83.0272,83.0272,5622783
2014-05-19,82.5508,82.6406,82.0073,82.5262,82.5262,5011157
2014-05-20,82.0635,82.0823,78.8791,79.5341,79.5341,11845762
2014-05-21,79.472,80.6578,79.472,80.561,80.561,6972616
2014-05-22,80.5768,81.3542,80.2839,80.7219,80.7219,3974271
2014-05-23,80.7771,81.5673,80.7771,81.4775,81.4775,3693096
2014-05-27,81.6048,81.8188,81.0218,81.1974,81.1974,4396975
2014-05-28,81.077,81.3384,80.5453,80.5868,80.5868,4282554
2014-05-29,80.8767,81.1914,80.3253,81.1332,81.1332,3922247
2014-05-30,80.5768,80.639,79.5253,80.0609,80.0609,7589840
2014-06-02,80.2099,81.4025,79.8814,81.2625,81.2625,4793311
2014-06-03,80.9872,81.881,80.6982,81.8278,81.8278,4652759
2014-06-04,81.7686,82.3052,81.5071,81.6798,81.6798,3677958
2014-06-05,82.0723,83.8944,82.0467,83.7593,83.7593,6890262
2014-06-06,83.8619,84.874,83.776,84.7181,84.7181,5490361
2014-06-09,84.366,85.5961,84.296,85.1621,85.1621,4980542
2014-06-10,84.9776,85.7569,84.9036,85.605,85.605,6078544
2014-06-11,85.2952,85.3396,84.8464,85.1275,85.1275,3497243
2014-06-12,84.9598,84.9776,83.3597,83.5186,83.5186,4359238
2014-06-13,83.4416,83.9783,83.0578,83.6103,83.6103,2565528
2014-06-16,83.4011,83.6922,82.8063,83.6418,83.6418,2728979
2014-06-17,83.4111,83.7928,83.0016,83.5344,83.5344,2730667
2014-06-18,83.5008,84.2664,83.0411,84.1776,84.1776,2833164
2014-06-19,83.7849,84.1381,83.5521,83.9941,83.9941,3310492
2014-06-20,84.6087,85.7855,84.2792,85.6553,85.6553,9923280
2014-06-23,85.5527,86.0163,84.8128,85.1789,85.1789,3625892
2014-06-24,85.0239,85.6227,83.7928,84.4163,84.4163,3661841
2014-06-25,84.1776,85.2567,84.0779,84.94,84.94,2778879
2014-06-26,85.015,85.1955,84.4419,84.9944,84.9944,1944713
2014-06-27,84.8542,85.2567,84.358,85.1789,85.1789,4637942
2014-06-30,85.1187,85.3732,84.5415,85.1117,85.1117,2872521
2014-07-01,85.4156,85.9552,85.3653,85.4846,85.4846,3000250
2014-07-02,85.605,86.0913,85.5961,85.8111,85.8111,2362482
2014-07-03,86.0588,87.0403,85.9127,86.9781,86.9781,3672705
2014-07-07,86.2718,86.4957,85.8201,86.263,86.263,3443375
2014-07-08,86.2965,86.4365,85.674,85.7233,85.7233,3132976
2014-07-09,85.9887,86.3645,85.6908,86.2472,86.2472,2899425
2014-07-10,84.6856,85.8201,84.4064,85.6366,85.6366,2941601
2014-07-11,85.7569,86.1228,85.094,86.0962,86.0962,2544164
2014-07-14,86.4781,86.9515,86.2028,86.2028,86.2028,3033059
2014-07-15,86.332,86.4681,85.674,86.0163,86.0163,4102694
2014-07-16,86.2718,87.286,86.0646,87.2327,87.2327,5079691
2014-07-17,86.9969,87.2031,85.8615,85.9641,85.9641,4017425
2014-07-18,86.2294,86.8312,85.9552,86.8312,86.8312,3077066
2014-07-21,86.5411,87.1103,86.2472,86.8854,86.8854,2634418
2014-07-22,87.3896,87.6963,86.5323,86.7454,86.7454,3653764
2014-07-23,86.5234,86.6802,85.2647,85.4096,85.4096,5682589
2014-07-24,83.2265,83.709,82.0299,82.7817,82.7817,11026932
2014-07-25,82.0723,83.0194,82.0399,82.6258,82.6258,5236418
2014-07-28,82.5686,82.6643,81.3118,82.0823,82.0823,5677584
2014-07-29,82.7481,83.8855,82.4936,82.4936,82.4936,10084262
2014-07-30,82.8152,82.9948,81.1974,81.4775,81.4775,7437017
2014-07-31,80.569,80.9241,79.3921,79.4,79.4,8516223
2014-08-01,79.2017,79.4799,78.1067,79.2165,79.2165,7628698
2014-08-04,79.0903,80.425,78.888,80.2335,80.2335,6577913
2014-08-05,79.6821,80.7535,79.5489,79.987,79.987,7214283
2014-08-06,79.4089,80.2671,79.2886,79.9781,79.9781,7013182
2014-08-07,80.8995,81.5427,80.2918,80.3421,80.3421,7300250
2014-08-08,80.3884,81.5239,80.2099,81.3947,81.3947,5956008
2014-08-11,82.4452,82.6258,81.8988,82.3545,82.3545,6595701
2014-08-12,82.4285,82.8724,82.0635,82.2194,82.2194,5330641
2014-08-13,82.2194,83.1407,82.2194,82.8724,82.8724,5919426
2014-08-14,83.1496,83.5344,82.7403,83.2759,83.2759,5302547
2014-08-15,83.709,83.8678,82.8547,83.3331,83.3331,5201653
2014-08-18,84.0878,84.3995,83.7494,84.296,84.296,4414466
2014-08-19,84.5247,84.8888,84.2318,84.5514,84.5514,4622253
2014-08-20,84.6273,85.2103,84.4666,84.8888,84.8888,6778068
2014-08-21,85.2291,85.5606,84.7546,85.094,85.094,5225774
2014-08-22,84.9598,84.9776,83.9625,84.5593,84.5593,5847369
2014-08-25,85.0318,85.3653,84.9114,85.094,85.094,3830306
2014-08-26,85.1453,85.6148,85.1019,85.1541,85.1541,3636426
2014-08-27,85.2025,85.8535,85.1689,85.5448,85.5448,4164429
2014-08-28,85.1364,85.7667,84.9687,85.6227,85.6227,4100797
2014-08-29,85.8359,85.9887,85.2952,85.9641,85.9641,5631777
2014-09-02,85.9404,86.4681,85.7767,85.8535,85.8535,5127203
2014-09-03,86.2472,86.4109,85.1453,85.4678,85.4678,5924658
2014-09-04,85.3396,86.2718,85.2193,85.7667,85.7667,5842159
2014-09-05,85.9127,86.0341,85.2479,85.536,85.536,5462763
2014-09-08,85.2804,85.4678,84.7359,85.0486,85.0486,4447010
2014-09-09,84.9776,85.2567,84.4577,84.6363,84.6363,4540875
2014-09-10,83.2355,83.627,83.0411,83.4752,83.4752,10356638
2014-09-11,83.2759,83.2759,82.4285,83.2177,83.2177,6929598
2014-09-12,82.7235,82.8231,82.2796,82.7639,82.7639,8765803
2014-09-15,82.2105,82.6643,81.3453,82.6327,82.6327,8948422
2014-09-16,82.1878,83.4011,81.7764,82.6327,82.6327,6712195
2014-09-17,82.8902,83.0658,81.8573,81.951,81.951,6504788
2014-09-18,82.1957,82.393,81.4903,82.2273,82.2273,4968853
2014-09-19,82.6258,82.7481,80.4476,80.786,80.786,10519757
2014-09-22,80.3332,80.5868,79.4543,79.5174,79.5174,6469558
2014-09-23,79.4858,79.6634,78.7114,78.7992,78.7992,7246143
2014-09-24,78.8397,79.9781,78.7213,79.7453,79.7453,7355273
2014-09-25,79.5983,79.7453,78.1698,78.4204,78.4204,6302799
2014-09-26,78.4135,79.3112,78.2093,79.107,79.107,3725539
2014-09-29,78.2971,78.888,77.435,78.672,78.672,4005183
2014-09-30,78.8318,78.888,77.8601,78.0436,78.0436,4765956
2014-10-01,77.7339,78.0208,76.6546,76.921,76.921,6133107
2014-10-02,76.9663,77.2139,75.7737,76.768,76.768,5660725
2014-10-03,77.2623,77.5,76.4671,76.7522,76.7522,4976844
2014-10-06,77.0827,77.3324,76.3725,77.2307,77.2307,5053735
2014-10-07,76.5125,76.845,74.6225,74.6303,74.6303,8221025
2014-10-08,74.5357,76.334,73.7948,76.1682,76.1682,7885313
2014-10-09,75.8221,76.0618,73.4791,73.6863,73.6863,8139925
2014-10-10,73.4791,74.5258,72.1957,73.3923,73.3923,7840894
2014-10-13,73.5206,74.1263,72.2036,72.249,72.249,7431815
2014-10-14,72.906,74.876,72.8103,73.1309,73.1309,8617596
2014-10-15,72.0557,73.0954,70.9656,72.9672,72.9672,11901395
2014-10-16,71.6837,74.7616,71.6837,74.0415,74.0415,9368671
2014-10-17,74.8,75.9147,74.6264,75.4758,75.4758,9378086
2014-10-20,75.0536,75.674,74.0641,74.6669,74.6669,5382854
2014-10-21,75.4688,76.4869,75.4688,76.1426,76.1426,5031130
2014-10-22,75.8565,76.2166,74.6856,75.0969,75.0969,7826910
2014-10-23,77.502,79.3606,77.2938,78.8288,78.8288,14695601
2014-10-24,79.0183,79.1544,78.1116,78.9619,78.9619,5205848
2014-10-27,78.3603,78.4293,77.1361,78.2488,78.2488,5473115
2014-10-28,78.9619,80.3332,78.6394,80.3332,80.3332,6384258
2014-10-29,80.6173,80.8689,79.2816,79.5589,79.5589,5574232
2014-10-30,79.1149,79.8646,78.6602,79.5341,79.5341,3338360
2014-10-31,80.4802,81.295,80.0738,80.5286,80.5286,6759886
2014-11-03,80.6814,80.8037,79.2234,79.5815,79.5815,5584819
2014-11-04,79.2096,79.4089,77.8512,78.3031,78.3031,6106427
2014-11-05,78.9709,79.1238,78.1758,78.9373,78.9373,4427330
2014-11-06,79.0183,80.1971,78.8032,80.129,80.129,4315911
2014-11-07,80.4082,80.8599,80.1211,80.8037,80.8037,3410363
2014-11-10,80.9153,81.4331,80.8857,81.1638,81.1638,4165973
2014-11-11,81.2477,81.6216,80.6735,81.4183,81.4183,3105416
2014-11-12,81.1244,81.9649,80.6094,81.7764,81.7764,3537121
2014-11-13,81.7902,81.9313,79.9456,80.2918,80.2918,4941731
2014-11-14,80.2039,80.7535,79.9228,80.4714,80.4714,3350437
2014-11-17,80.3983,81.0592,79.761,80.7535,80.7535,3119322
2014-11-18,80.7535,81.3542,80.4476,81.0287,81.0287,3477316
2014-11-19,80.8857,81.2398,80.1132,80.4408,80.4408,5892538
2014-11-20,79.6634,81.1096,79.4621,81.0682,81.0682,3844179
2014-11-21,82.8231,85.0772,82.7403,84.5189,84.5189,11003803
2014-11-24,84.4745,84.5327,83.4574,84.1538,84.1538,5174122
2014-11-25,84.2584,84.6698,83.635,84.358,84.358,4182876
2014-11-26,84.3995,84.509,83.7267,84.0128,84.0128,3102700
2014-11-28,82.8961,83.0658,79.5016,79.8814,79.8814,7280103
2014-12-01,79.6733,79.7778,77.6529,78.6128,78.6128,9359095
2014-12-02,78.9965,79.3744,78.3918,79.0183,79.0183,4911914
2014-12-03,79.4395,80.561,79.3744,79.5489,79.5489,8727985
2014-12-04,79.2816,80.0975,79.0183,79.1445,79.1445,4289727
2014-12-05,79.255,79.3744,78.3839,78.4382,78.4382,4539307
2014-12-08,78.3425,78.4224,75.5961,75.6356,75.6356,9054993
2014-12-09,74.7764,76.3665,74.4873,75.7944,75.7944,8265811
2014-12-10,75.3663,75.4511,73.6508,73.8658,73.8658,8511964
2014-12-11,74.3887,74.874,73.4752,73.6014,73.6014,5872918
2014-12-12,72.983,73.055,71.4371,71.8632,71.8632,13005330
2014-12-15,72.4434,72.4936,70.9813,71.2674,71.2674,8728163
2014-12-16,70.7929,73.2532,70.7929,70.9409,70.9409,10134431
2014-12-17,70.9902,71.5762,69.9042,71.2674,71.2674,10920131
2014-12-18,72.9524,72.9672,71.9057,72.8083,72.8083,10508181
2014-12-19,72.7185,73.0372,72.1641,72.8231,72.8231,12201862
2014-12-22,73.4131,73.6992,72.9366,73.3085,73.3085,5764174
2014-12-23,73.8431,74.5949,73.5699,74.2456,74.2456,4481260
2014-12-24,74.3571,74.6264,74.0641,74.4173,74.4173,2091509
2014-12-26,74.6007,75.167,74.4173,74.8247,74.8247,3938933
2014-12-29,74.8,74.8671,74.3176,74.4124,74.4124,3011654
2014-12-30,74.3098,74.3492,73.4584,73.5245,73.5245,4026567
2014-12-31,73.7593,74.3018,72.6169,72.6831,72.6831,4094150
2015-01-02,72.8705,73.3479,71.9885,72.9602,72.9602,4750636
2015-01-05,71.743,71.8012,68.7647,69.107,69.107,14222357
2015-01-06,69.3073,69.6249,67.6293,68.6632,68.6632,10911340
2015-01-07,69.3793,69.989,68.6236,69.7275,69.7275,8199253
2015-01-08,70.8147,70.8916,69.7522,70.4437,70.4437,9593145
2015-01-09,70.4842,70.5868,69.1001,69.6003,69.6003,6116594
2015-01-12,69.6861,69.693,68.3465,68.9965,68.9965,5479948
2015-01-13,69.6249,69.7986,67.6549,68.5852,68.5852,6394416
2015-01-14,67.4102,68.4649,66.9161,68.3465,68.3465,13054908
2015-01-15,68.8752,68.9847,67.4882,67.505,67.505,8335978
2015-01-16,67.4418,67.505,66.4879,67.1371,67.1371,13021464
2015-01-20,67.5859,67.649,66.6014,67.2268,67.2268,7401457
2015-01-21,66.92,68.3691,66.92,68.3465,68.3465,8259795
2015-01-22,68.891,69.9376,68.3929,69.5065,69.5065,6954710
2015-01-23,69.2916,69.6515,68.2113,68.5388,68.5388,6276960
2015-01-26,68.3375,69.0577,67.9716,68.8752,68.8752,10166463
2015-01-27,63.8373,65.1246,63.3253,63.9261,63.9261,34331647
2015-01-28,64.367,65.0072,64.0149,64.0553,64.0553,17569248
2015-01-29,63.9743,64.1914,63.0934,64.0473,64.0473,11437172
2015-01-30,63.6538,64.7034,63.5828,64.0227,64.0227,10180403
2015-02-02,64.1095,64.7507,63.639,64.7192,64.7192,8927768
2015-02-03,65.0644,67.3363,64.9668,67.1863,67.1863,13608404
2015-02-04,66.2719,66.705,65.3742,65.606,65.606,10999732
2015-02-05,65.9681,66.9545,65.5438,66.9032,66.9032,8294159
2015-02-06,66.9279,67.361,66.2877,66.6181,66.6181,6971736
2015-02-09,66.4879,67.945,66.4081,67.7841,67.7841,9609998
2015-02-10,68.0506,68.0506,66.8174,67.1686,67.1686,8205316
2015-02-11,66.8726,66.9851,65.8408,66.777,66.777,7147914
2015-02-12,67.3126,67.4498,66.6961,66.8726,66.8726,5774401
2015-02-13,67.3363,68.4431,67.2722,68.1531,68.1531,7051558
2015-02-17,67.9351,68.5161,67.4102,68.3543,68.3543,4901237
2015-02-18,67.9864,68.6996,67.7141,67.8887,67.8887,4457486
2015-02-19,67.0975,67.2515,65.8161,66.6882,66.6882,7161618
2015-02-20,66.5589,67.7467,65.9681,67.6037,67.6037,7529597
2015-02-23,67.1686,67.2347,66.5589,66.8401,66.8401,6469941
2015-02-24,67.0651,67.8019,66.9279,67.649,67.649,4595930
2015-02-25,67.6667,68.3375,67.3866,68.1709,68.1709,4309397
2015-02-26,68.1294,68.1294,66.8973,67.0877,67.0877,5567128
2015-02-27,67.3945,67.3945,66.3607,66.3676,66.3676,5458661
2015-03-02,66.2719,66.5047,65.8408,66.4505,66.4505,5189960
2015-03-03,66.2166,67.0808,66.1692,66.3202,66.3202,5410673
2015-03-04,66.0943,66.1348,64.7123,65.4294,65.4294,8573238
2015-03-05,64.3739,65.2953,64.0937,65.2568,65.2568,8897873
2015-03-06,64.3434,65.0141,63.6864,64.0937,64.0937,9884907
2015-03-09,64.1855,65.1177,64.1263,64.6935,64.6935,5921301
2015-03-10,64.0631,64.6551,63.8373,63.9743,63.9743,6058698
2015-03-11,64.1431,64.1667,63.4535,63.8067,63.8067,5760918
2015-03-12,64.2624,64.4311,63.1536,63.1536,63.1536,4519769
2015-03-13,63.9655,63.9743,62.5963,63.639,63.639,9084365
2015-03-16,63.7021,64.0473,63.2937,64.0227,64.0227,4494843
2015-03-17,63.5285,63.5285,62.6446,62.8083,62.8083,8718381
2015-03-18,62.6446,65.1995,62.6446,65.1098,65.1098,15181661
2015-03-19,64.4489,64.4489,63.6942,64.1194,64.1194,6540348
2015-03-20,64.5416,65.0486,64.2003,64.9974,64.9974,10263252
2015-03-23,64.9974,65.5824,64.8622,64.9204,64.9204,5875710
2015-03-24,64.8888,65.0072,64.2072,64.4311,64.4311,4969747
2015-03-25,64.8247,64.88,63.9123,63.9349,63.9349,5999367
2015-03-26,63.7603,64.6847,63.6538,63.9517,63.9517,5294256
2015-03-27,63.6134,63.9517,63.054,63.785,63.785,7915343
2015-03-30,64.1914,65.2627,64.0473,65.1423,65.1423,5772283
2015-03-31,64.223,64.5673,63.8945,64.0711,64.0711,6056372
2015-04-01,64.0711,64.4637,63.559,63.7603,63.7603,5553694
2015-04-02,63.6468,64.4489,63.568,64.2388,64.2388,4441756
2015-04-06,64.3256,65.6504,64.0325,65.242,65.242,5616147
2015-04-07,65.023,65.1907,64.4489,64.4795,64.4795,4402798
2015-04-08,64.7192,65.0418,63.9833,64.3966,64.3966,5241295
2015-04-09,64.4489,65.0141,64.2713,64.5909,64.5909,5360523
2015-04-10,64.9274,66.2877,64.6403,66.1288,66.1288,8533641
2015-04-13,66.1288,66.1348,65.3269,65.7599,65.7599,6612419
2015-04-14,66.0884,66.6389,65.2785,66.4505,66.4505,7367991
2015-04-15,66.6793,68.6326,66.4505,68.1788,68.1788,12016289
2015-04-16,68.1294,68.5329,67.8069,68.082,68.082,7051567
2015-04-17,67.4034,67.4774,66.7247,67.2268,67.2268,6582967
2015-04-20,67.7763,68.4106,67.7091,68.2903,68.2903,4849513
2015-04-21,68.3563,68.5892,67.4912,67.7427,67.7427,6963292
2015-04-22,67.9114,68.5654,67.0739,68.5112,68.5112,8075345
2015-04-23,70.0669,70.6302,67.6845,68.4451,68.4451,23435383
2015-04-24,68.3711,68.749,67.8227,68.2903,68.2903,7245468
2015-04-27,68.4767,69.3734,68.1294,68.8821,68.8821,7323781
2015-04-28,68.9531,69.5983,68.2113,69.5815,69.5815,7106464
2015-04-29,69.0893,70.9725,68.9827,70.6302,70.6302,8698623
2015-04-30,70.1053,70.4704,69.6071,70.13,70.13,6764082
2015-05-01,70.787,71.2596,70.0343,70.5226,70.5226,6008400
2015-05-04,70.8167,71.005,70.3648,70.4704,70.4704,3412330
2015-05-05,70.6894,71.2142,69.985,70.2287,70.2287,5727812
2015-05-06,70.8353,70.9863,69.7621,70.2197,70.2197,5531922
2015-05-07,69.9456,70.13,69.332,69.7709,69.7709,4821839
2015-05-08,70.8611,70.9044,69.985,70.4802,70.4802,4431261
2015-05-11,71.2378,72.1987,71.1066,71.6591,71.6591,8526178
2015-05-12,71.1886,71.3108,70.4388,71.1628,71.1628,5037521
2015-05-13,71.5131,71.8998,71.2062,71.3888,71.3888,3938477
2015-05-14,71.667,72.319,71.5604,71.6314,71.6314,3999406
2015-05-15,71.4411,71.4865,70.713,71.3799,71.3799,3970405
2015-05-18,71.3483,71.4411,70.7505,71.2694,71.2694,3808988
2015-05-19,70.9459,70.9626,69.8311,70.423,70.423,7032588
2015-05-20,70.7367,71.1402,70.3323,70.9794,70.9794,4758987
2015-05-21,71.221,72.3437,70.9863,72.1069,72.1069,10103075
2015-05-22,72.0833,72.246,71.5427,71.5427,71.5427,4315681
2015-05-26,71.1402,71.157,70.4605,70.9044,70.9044,3895757
2015-05-27,71.0277,71.6966,70.7505,70.9725,70.9725,5595877
2015-05-28,70.497,70.5936,69.2008,69.4276,69.4276,7307710
2015-05-29,69.2096,69.6861,68.7046,68.8723,68.8723,5804618
2015-06-01,69.4691,69.7177,68.3711,69.0419,69.0419,4926687
2015-06-02,68.7825,69.9702,68.67,69.5569,69.5569,3489938
2015-06-03,69.907,70.2761,69.2668,69.6071,69.6071,3520479
2015-06-04,69.0193,69.7453,68.8723,68.9917,68.9917,4676797
2015-06-05,68.6138,69.8222,68.5408,69.4612,69.4612,4877983
2015-06-08,69.259,69.8064,69.2452,69.5431,69.5431,4157232
2015-06-09,69.7946,70.7278,69.7621,70.0097,70.0097,4935623
2015-06-10,70.5936,71.6088,70.5168,71.4243,71.4243,5843677
2015-06-11,71.5999,71.6502,70.9725,71.1718,71.1718,3558980
2015-06-12,70.9952,71.3661,70.6894,70.9133,70.9133,2741014
2015-06-15,70.3411,70.5404,69.7029,70.3323,70.3323,3370830
2015-06-16,70.058,70.2465,69.6161,69.8992,69.8992,3587377
2015-06-17,70.1389,70.6716,69.6773,70.4309,70.4309,4215336
2015-06-18,70.0915,70.8255,70.0915,70.5848,70.5848,4179282
2015-06-19,70.4467,71.005,70.35,70.6479,70.6479,4844778
2015-06-22,71.0119,71.2951,70.8009,71.2506,71.2506,4519838
2015-06-23,71.374,71.5347,71.0445,71.3977,71.3977,3145304
2015-06-24,71.1628,71.6877,71.0908,71.1718,71.1718,4228833
2015-06-25,71.2142,71.3049,69.9544,70.0018,70.0018,4012538
2015-06-26,69.8222,70.1873,69.2668,70.0856,70.0856,5435077
2015-06-29,69.5983,70.0196,68.6956,68.8545,68.8545,5881053
2015-06-30,69.4927,69.6229,68.452,68.4668,68.4668,5051754
2015-07-01,68.9295,68.9749,67.434,67.7674,67.7674,6560917
2015-07-02,68.3948,68.4382,67.6845,68.1126,68.1126,3198878
2015-07-06,67.5228,67.9252,66.7819,67.1203,67.1203,6065883
2015-07-07,66.991,67.9035,66.0716,67.798,67.798,6433071
2015-07-08,67.0403,67.1863,65.9977,66.41,66.41,5357898
2015-07-09,67.3472,67.5652,65.755,65.9414,65.9414,5662154
2015-07-10,66.7099,66.9249,66.0874,66.3123,66.3123,4329678
2015-07-13,66.8944,67.8305,66.7424,67.5139,67.5139,5238352
2015-07-14,67.4438,68.3563,67.4192,68.1788,68.1788,4704636
2015-07-15,68.2508,68.5013,67.6056,67.9341,67.9341,4535677
2015-07-16,69.0439,69.1593,67.9528,68.236,68.236,4524388
2015-07-17,68.0682,68.1452,67.4232,67.7487,67.7487,3598374
2015-07-20,67.6687,67.8532,66.9161,67.0059,67.0059,5267635
2015-07-21,66.6083,67.5277,66.191,66.9831,66.9831,5759118
2015-07-22,65.9878,66.0864,64.4804,64.9766,64.9766,12496544
2015-07-23,63.2996,64.3906,62.4444,62.6308,62.6308,17074208
2015-07-24,62.6229,62.8064,61.7932,61.9975,61.9975,11263287
2015-07-27,61.2487,61.6848,60.9143,61.3631,61.3631,12605669
2015-07-28,61.8514,63.6666,61.7459,63.3657,63.3657,19270306
2015-07-29,62.976,63.1033,62.3289,63.0007,63.0007,16932943
2015-07-30,62.7157,63.8461,62.468,63.8284,63.8284,9066334
2015-07-31,64.0345,64.3906,63.6666,64.0582,64.0582,7614709
2015-08-03,63.8856,63.8945,62.5272,62.9406,62.9406,7909065
2015-08-04,63.0007,63.4318,62.176,62.4038,62.4038,7146672
2015-08-05,63.1378,63.4772,62.4996,62.6308,62.6308,5624097
2015-08-06,62.7157,63.2582,62.0625,63.1033,63.1033,6885235
2015-08-07,63.1556,63.6666,62.6811,62.9662,62.9662,9637237
2015-08-10,63.5778,65.4245,63.4614,65.3041,65.3041,11098317
2015-08-11,64.1391,64.3038,62.9169,63.5778,63.5778,11037185
2015-08-12,62.984,64.4597,62.6643,64.294,64.294,11492830
2015-08-13,63.9941,64.0177,63.2996,63.3489,63.3489,6950517
2015-08-14,63.2671,64.1391,63.2177,63.9457,63.9457,4678565
2015-08-17,63.6488,64.0651,62.9011,63.9853,63.9853,6415824
2015-08-18,63.9585,64.3601,63.6912,64.2141,64.2141,6317013
2015-08-19,63.7484,63.9853,62.7689,63.0618,63.0618,7196259
2015-08-20,62.9583,63.4071,62.25,62.25,62.25,9534253
2015-08-21,61.8662,62.1593,61.0652,61.1027,61.1027,14491088
2015-08-24,58.5093,61.0031,57.215,59.326,59.326,18668654
2015-08-25,61.2793,61.4983,58.681,58.7066,58.7066,11571634
2015-08-26,60.1399,60.35,59.0873,60.1803,60.1803,10173529
2015-08-27,61.1343,62.0971,60.4734,61.6413,61.6413,10479785
2015-08-28,61.2576,61.9225,60.7979,61.8752,61.8752,8162047
2015-08-31,61.3631,62.543,61.0218,62.2737,62.2737,8616338
2015-09-01,60.6933,61.8662,60.6618,61.0218,61.0218,11112432
2015-09-02,61.8337,62.0448,61.0554,61.9975,61.9975,6537345
2015-09-03,61.8752,61.9225,60.0995,60.6529,60.6529,13596862
2015-09-04,59.403,60.0068,58.9393,59.5519,59.5519,14739527
2015-09-08,60.7585,60.789,59.9288,60.5306,60.5306,6932598
2015-09-09,61.1027,61.2655,59.2916,59.4395,59.4395,7192087
2015-09-10,59.3813,59.7236,58.681,58.9995,58.9995,7496073
2015-09-11,58.8447,59.403,58.5606,59.1692,59.1692,5417879
2015-09-14,58.9393,59.3813,58.6632,59.2846,59.2846,5194843
2015-09-15,59.4859,60.8877,59.185,60.7585,60.7585,6271594
2015-09-16,60.9804,61.81,60.7585,61.6236,61.6236,6414474
2015-09-17,61.4243,61.6552,60.2119,60.3343,60.3343,9506855
2015-09-18,59.7414,59.8804,58.3386,58.5418,58.5418,11366640
2015-09-21,58.9009,59.3408,58.5832,58.7835,58.7835,9322510
2015-09-22,57.94,58.4905,57.5504,58.3939,58.3939,7017907
2015-09-23,58.3879,58.4994,57.1568,57.1903,57.1903,5835805
2015-09-24,53.9329,54.3384,52.6663,53.6064,53.6064,27721749
2015-09-25,52.9534,53.5828,52.7423,52.9346,52.9346,15177865
2015-09-28,52.3348,52.397,51.3178,51.9649,51.9649,15432012
2015-09-29,51.8544,53.2691,51.813,52.3911,52.3911,10782727
2015-09-30,52.911,53.4782,52.2629,53.2483,53.2483,9636135
2015-10-01,53.4683,53.8491,51.82,52.4582,52.4582,9737525
2015-10-02,51.9649,53.5472,51.4056,53.5236,53.5236,10780518
2015-10-05,54.3306,56.6053,54.1944,56.3577,56.3577,13086980
2015-10-06,56.6517,57.9647,56.2778,57.6954,57.6954,11862548
2015-10-07,58.1344,59.2344,56.3341,57.3344,57.3344,10305953
2015-10-08,57.287,58.8022,56.9032,58.5241,58.5241,7477352
2015-10-09,58.9325,59.0548,57.7279,58.086,58.086,6841151
2015-10-12,58.2587,58.2725,57.287,57.434,57.434,5699782
2015-10-13,56.993,57.8651,56.4258,57.1647,57.1647,5799628
2015-10-14,57.1173,57.8907,56.6764,57.6037,57.6037,4962339
2015-10-15,57.4113,57.7743,56.8312,57.7023,57.7023,5582360
2015-10-16,57.5326,57.7112,56.3045,56.7652,56.7652,10200286
2015-10-19,56.4159,56.5955,56.05,56.4347,56.4347,7011374
2015-10-20,56.0983,57.9972,55.8142,57.2475,57.2475,7838528
2015-10-21,57.505,58.5744,56.6852,56.7582,56.7582,10716197
2015-10-22,55.9483,59.993,55.8575,58.3899,58.3899,16884531
2015-10-23,59.0735,59.6654,58.2094,59.1071,59.1071,9641561
2015-10-26,59.1396,59.5589,58.8348,58.9187,58.9187,7592459
2015-10-27,57.8128,58.5546,56.2986,57.9864,57.9864,10051867
2015-10-28,58.2823,59.4,58.0564,59.2876,59.2876,6660536
2015-10-29,58.891,59.7818,58.7214,59.2876,59.2876,5245592
2015-10-30,59.5362,60.3678,59.0075,60.1281,60.1281,8969290
2015-11-02,60.1369,61.4865,59.993,61.2408,61.2408,7133550
2015-11-03,61.3207,62.0468,61.1264,61.5763,61.5763,6077029
2015-11-04,62.0635,62.5509,61.232,61.4095,61.4095,6650478
2015-11-05,61.4943,62.2461,60.3096,61.1402,61.1402,7573402
2015-11-06,60.4832,60.8353,59.5845,60.8275,60.8275,6723295
2015-11-09,60.4911,60.6371,58.8831,59.2215,59.2215,7180067
2015-11-10,59.1396,59.7897,59.0075,59.6654,59.6654,5309321
2015-11-11,59.7581,60.0087,59.1633,59.2373,59.2373,5087053
2015-11-12,58.3395,58.4797,56.3528,56.558,56.558,10599584
2015-11-13,56.5935,57.7713,56.4307,57.36,57.36,7804897
2015-11-16,57.2367,58.1748,57.0295,57.9864,57.9864,6273049
2015-11-17,57.7713,57.9608,56.8826,57.1607,57.1607,5841260
2015-11-18,57.583,58.0368,57.1529,57.9262,57.9262,4598693
2015-11-19,57.2545,57.7546,56.5117,57.6826,57.6826,7642845
2015-11-20,58.0564,58.6592,57.7961,58.604,58.604,7884408
2015-11-23,58.4737,59.2294,58.3959,58.5033,58.5033,4670678
2015-11-24,58.308,59.0735,58.0288,58.818,58.818,4669344
2015-11-25,59.0982,59.2215,58.2636,58.891,58.891,4240103
2015-11-27,58.6375,58.9245,58.2399,58.669,58.669,1993258
2015-11-30,58.7578,59.9634,58.6128,59.846,59.846,6837887
2015-12-01,59.5845,59.838,58.3623,58.9493,58.9493,7985608
2015-12-02,58.6523,59.4188,58.1748,58.5132,58.5132,6152364
2015-12-03,58.6128,58.669,57.1459,57.3689,57.3689,9870106
2015-12-04,57.1371,57.6885,56.6754,57.6481,57.6481,6375506
2015-12-07,56.5777,56.6182,55.7865,56.3173,56.3173,8261694
2015-12-08,55.1858,55.3239,54.5189,54.8129,54.8129,8335079
2015-12-09,54.6157,55.2085,53.6774,54.296,54.296,10413005
2015-12-10,54.3512,55.2687,54.296,54.6817,54.6817,7002742
2015-12-11,53.856,54.4509,53.1172,53.9004,53.9004,9192528
2015-12-14,54.0641,54.5189,53.3233,54.4657,54.4657,8946835
2015-12-15,53.9261,55.1601,53.7416,54.9875,54.9875,7357812
2015-12-16,54.5515,55.9197,54.4844,55.7865,55.7865,8190924
2015-12-17,55.3397,55.606,53.4467,53.4634,53.4634,8254533
2015-12-18,53.2168,54.2595,52.8035,53.636,53.636,16376750
2015-12-21,54.0326,54.221,53.0342,53.7416,53.7416,6447614
2015-12-22,54.5751,56.6685,54.4588,56.3528,56.3528,11771238
2015-12-23,57.3255,58.0654,56.8322,57.5751,57.5751,9209038
2015-12-24,57.4596,57.583,56.8884,57.1529,57.1529,2818899
2015-12-28,56.9408,56.9871,56.0411,56.4949,56.4949,4713534
2015-12-29,57.0226,57.3107,56.5275,56.996,56.996,4296479
2015-12-30,56.558,57.36,56.4859,56.5856,56.5856,3834192
2015-12-31,56.3863,56.923,55.9661,55.9849,55.9849,5286938
2016-01-04,55.0921,56.0864,54.1391,56.0085,56.0085,10415867
2016-01-05,56.3311,56.3765,54.7153,55.4235,55.4235,7429929
2016-01-06,54.3512,55.0674,54.0573,54.5515,54.5515,8059192
2016-01-07,53.6104,53.9763,52.4424,52.6703,52.6703,10421487
2016-01-08,52.9958,53.1576,51.8396,52.1365,52.1365,10041593
2016-01-11,52.4502,52.477,50.1281,50.6372,50.6372,11737718
2016-01-12,51.4381,51.4855,49.7453,50.7447,50.7447,10420924
2016-01-13,51.1314,51.6976,49.7453,50.1597,50.1597,8773765
2016-01-14,50.4468,51.8732,49.7365,51.2961,51.2961,11203181
2016-01-15,49.6457,50.1202,49.0015,49.9368,49.9368,15195033
2016-01-19,50.2613,50.496,48.7776,49.2383,49.2383,10191926
2016-01-20,48.4442,49.5293,47.0089,49.0548,49.0548,13016992
2016-01-21,49.2126,50.3954,48.5862,49.7888,49.7888,10547896
2016-01-22,51.0722,52.1809,50.5444,50.8651,50.8651,9357798
2016-01-25,49.1771,49.5037,48.1788,48.3011,48.3011,13151693
2016-01-26,48.7096,49.7611,48.4531,49.3448,49.3448,9757171
2016-01-27,48.7362,49.9544,47.9282,48.6454,48.6454,13197400
2016-01-28,51.7213,52.0893,48.8526,50.9479,50.9479,16263957
2016-01-29,51.4559,51.9521,50.6805,51.9156,51.9156,9854386
2016-02-01,51.6887,52.616,51.1936,52.2974,52.2974,7140239
2016-02-02,51.1136,51.3375,50.4448,50.6046,50.6046,7530486
2016-02-03,51.2704,53.048,49.8795,52.7729,52.7729,9988945
2016-02-04,53.048,55.8763,53.048,55.0191,55.0191,15102687
2016-02-05,54.7735,55.685,54.365,55.1513,55.1513,8946061
2016-02-08,54.5673,54.7527,53.0984,53.8639,53.8639,7571685
2016-02-09,53.2987,53.7228,52.6476,53.3233,53.3233,6758545
2016-02-10,53.6084,53.6992,51.7114,51.8298,51.8298,7132179
2016-02-11,50.8039,51.9699,50.4724,51.2231,51.2231,8458131
2016-02-12,51.7035,52.9376,51.5625,52.6713,52.6713,5145565
2016-02-16,53.5137,54.6748,52.9722,54.3926,54.3926,5777500
2016-02-17,55.0516,56.5413,54.8159,56.1002,56.1002,8839216
2016-02-18,56.0095,56.3824,54.3334,55.1513,55.1513,7403909
2016-02-19,54.149,54.6501,53.4476,54.5673,54.5673,5873500
2016-02-22,55.391,56.3212,55.3407,56.1426,56.1426,6938937
2016-02-23,55.975,56.0845,54.7991,54.8652,54.8652,6710994
2016-02-24,53.9655,55.026,52.6032,54.949,54.949,7719909
2016-02-25,54.957,55.4413,54.0849,55.4413,55.4413,5127306
2016-02-26,56.2088,56.7168,55.4255,55.7757,55.7757,4975038
2016-02-29,56.0036,57.1992,55.46,56.4673,56.4673,13735428
2016-03-01,57.0847,57.9608,56.1684,57.6244,57.6244,5335687
2016-03-02,57.3422,58.3267,56.8924,57.8681,57.8681,5755924
2016-03-03,58.0674,60.1212,57.8759,59.844,59.844,8598931
2016-03-04,60.1301,61.6867,59.6713,60.7545,60.7545,11415196
2016-03-07,60.7229,63.1674,60.7229,62.3654,62.3654,12876562
2016-03-08,61.5407,61.814,59.6535,59.8272,59.8272,10486611
2016-03-09,60.3303,60.6371,59.4375,59.9476,59.9476,5884092
2016-03-10,60.0807,60.0807,58.7934,59.5214,59.5214,7615891
2016-03-11,60.355,60.9725,60.2879,60.7229,60.7229,5738061
2016-03-14,60.6657,61.2576,60.1645,60.6657,60.6657,6066449
2016-03-15,59.5865,60.4438,59.1041,60.4201,60.4201,5604593
2016-03-16,60.5464,62.1484,60.2199,62.0063,62.0063,7960916
2016-03-17,61.887,63.641,61.3207,63.3085,63.3085,15962140
2016-03-18,63.4575,64.1756,62.2569,62.9484,62.9484,16485225
2016-03-21,63.0017,63.6834,62.5903,63.2987,63.2987,5174158
2016-03-22,63.048,63.4575,62.7531,63.0174,63.0174,4346672
2016-03-23,62.5341,62.6565,61.3661,61.4559,61.4559,6417528
2016-03-24,60.8295,62.8468,60.6657,62.8015,62.8015,8434393
2016-03-28,62.6821,63.0174,62.1079,62.8251,62.8251,4105565
2016-03-29,62.5341,63.4328,61.8791,63.4013,63.4013,4896226
2016-03-30,64.1756,64.4341,63.4013,63.8165,63.8165,5858290
2016-03-31,63.641,64.3324,63.5926,63.8402,63.8402,5211322
2016-04-01,63.0984,64.1164,62.2826,64.0503,64.0503,5848600
2016-04-04,63.858,64.2575,62.907,63.1586,63.1586,5214601
2016-04-05,62.8251,63.2651,62.2243,62.7531,62.7531,5259374
2016-04-06,62.9918,63.0304,61.4717,62.7383,62.7383,5909931
2016-04-07,62.1297,62.2904,61.5219,61.8643,61.8643,5755749
2016-04-08,62.5834,62.7629,61.7222,62.0143,62.0143,5888137
2016-04-11,62.2323,63.2059,62.2323,62.249,62.249,4678470
2016-04-12,62.6061,64.0069,62.1149,63.4713,63.4713,6146330
2016-04-13,64.1164,66.0262,63.858,66.0016,66.0016,11227628
2016-04-14,66.261,66.4929,65.3673,65.9345,65.9345,6440768
2016-04-15,66.2098,66.5451,65.6672,66.0351,66.0351,6371442
2016-04-18,65.4531,66.6201,65.1749,66.1012,66.1012,5780381
2016-04-19,66.7208,67.4704,66.2748,67.0522,67.0522,7529663
2016-04-20,66.9348,67.2298,66.1426,66.5107,66.5107,6421809
2016-04-21,66.3271,67.0246,65.8547,66.2502,66.2502,7719613
2016-04-22,66.4781,66.6882,65.02,65.9621,65.9621,11990582
2016-04-25,66.114,66.4179,64.1786,64.6747,64.6747,9591809
2016-04-26,64.9756,65.4738,64.4045,65.3998,65.3998,7224395
2016-04-27,65.676,66.4445,65.3564,66.266,66.266,5294597
2016-04-28,65.7195,66.6783,65.3535,65.4817,65.4817,5751828
2016-04-29,65.7116,66.5363,65.1187,65.457,65.457,9145666
2016-05-02,65.1453,65.7501,64.5297,65.5576,65.5576,3952894
2016-05-03,64.7251,64.9372,63.6596,64.3128,64.3128,5688049
2016-05-04,64.1618,64.2704,62.2411,62.5282,62.5282,8228408
2016-05-05,62.4492,62.8301,61.23,61.303,61.303,9575141
2016-05-06,60.7762,61.8356,60.3195,61.7864,61.7864,8243289
2016-05-09,60.9183,61.1658,59.4356,59.6121,59.6121,11152131
2016-05-10,59.6121,61.2398,59.4533,61.0672,61.0672,7723953
2016-05-11,61.3563,61.9975,60.9429,61.0031,61.0031,5569042
2016-05-12,61.4125,61.6798,59.9515,60.3895,60.3895,5263297
2016-05-13,60.3283,60.4536,59.0075,59.0133,59.0133,7618284
2016-05-16,59.2846,60.3895,59.039,59.5461,59.5461,5361173
2016-05-17,59.5461,60.791,59.335,59.839,59.839,5748658
2016-05-18,59.479,60.5316,59.0223,59.4533,59.4533,6133004
2016-05-19,58.8969,59.0557,58.1433,58.4777,58.4777,7281279
2016-05-20,58.9551,59.6121,58.746,58.8466,58.8466,6805232
2016-05-23,58.7845,59.7572,58.6118,59.2916,59.2916,4751658
2016-05-24,59.6121,60.0068,59.1662,59.8746,59.8746,4596465
2016-05-25,60.3283,61.23,60.0136,61.1224,61.1224,5978661
2016-05-26,61.6838,61.9797,60.6904,60.7071,60.7071,4923169
2016-05-27,60.7673,60.8087,60.2179,60.6046,60.6046,3564526
2016-05-31,60.6677,61.6275,60.5976,61.0672,61.0672,4834928
2016-06-01,60.6213,61.0485,60.0225,60.8679,60.8679,3205637
2016-06-02,61.1462,62.0191,60.8729,62.0053,62.0053,5479737
2016-06-03,62.0271,63.2858,61.5663,63.2,63.2,7859339
2016-06-06,63.4673,64.4577,63.2582,64.363,64.363,5669633
2016-06-07,64.4577,65.0891,64.3778,64.6895,64.6895,5022431
2016-06-08,65.2725,66.2808,65.0713,65.7855,65.7855,7104224
2016-06-09,65.1799,65.2725,64.5445,64.9855,64.9855,4493493
2016-06-10,64.2792,64.4804,63.4851,64.0355,64.0355,5787364
2016-06-13,63.7584,64.295,63.3607,63.3607,63.3607,4851690
2016-06-14,63.2167,63.6301,62.2826,63.048,63.048,4818454
2016-06-15,63.3263,63.9665,62.6111,63.2237,63.2237,4514143
2016-06-16,62.6703,63.2858,61.7764,63.1596,63.1596,4820993
2016-06-17,63.4604,64.5653,63.3697,63.9517,63.9517,6460505
2016-06-20,64.7754,65.1453,64.3374,64.37,64.37,4857164
2016-06-21,64.3867,64.7675,64.0177,64.4222,64.4222,3908794
2016-06-22,64.7576,64.9283,64.1618,64.37,64.37,3629007
2016-06-23,65.4097,65.9029,65.0378,65.8793,65.8793,4268077
2016-06-24,63.3341,63.6804,61.4737,61.5071,61.5071,14447440
2016-06-27,61.0574,61.2398,59.4,60.1172,60.1172,8733493
2016-06-28,60.8423,61.3997,60.2247,61.0771,61.0771,5631883
2016-06-29,61.6906,62.6565,61.303,62.5193,62.5193,4766554
2016-06-30,62.468,63.8836,62.2983,63.8481,63.8481,5574874
2016-07-01,63.4851,64.8415,63.4851,64.3867,64.3867,5497271
2016-07-05,63.7208,63.9665,62.0725,62.6426,62.6426,5667327
2016-07-06,62.8241,63.057,61.8692,63.0234,63.0234,4441212
2016-07-07,63.2237,63.783,62.6426,63.2089,63.2089,3657845
2016-07-08,63.9428,65.2143,63.8234,65.1611,65.1611,6509627
2016-07-11,65.6948,66.1476,65.1187,65.5262,65.5262,5310271
2016-07-12,66.2995,67.3274,65.9463,67.2091,67.2091,6580291
2016-07-13,67.361,67.6569,66.5965,67.1173,67.1173,6127616
2016-07-14,67.7989,68.2212,67.354,67.428,67.428,6457903
2016-07-15,67.7891,68.0524,67.5109,67.9696,67.9696,5511073
2016-07-18,67.9242,67.9322,67.067,67.8749,67.8749,4864352
2016-07-19,67.4656,67.8305,67.3028,67.8069,67.8069,3890516
2016-07-20,67.5592,67.9075,67.1173,67.7655,67.7655,4920789
2016-07-21,68.4077,69.1938,67.8069,68.0348,68.0348,7633548
2016-07-22,67.8394,67.8483,67.0581,67.4991,67.4991,4861031
2016-07-25,67.3028,67.3344,66.6181,66.9111,66.9111,6810902
2016-07-26,67.21,70.5798,66.9565,70.3658,70.3658,12940686
2016-07-27,70.3391,71.6758,70.3391,71.5151,71.5151,9943198
2016-07-28,71.1728,71.1738,70.1083,70.5088,70.5088,5251543
2016-07-29,70.4082,70.6982,69.841,70.3757,70.3757,5026520
2016-08-01,70.3757,70.4772,69.328,69.6841,69.6841,3966363
2016-08-02,69.7275,69.8922,68.8101,69.0804,69.0804,4597082
2016-08-03,69.0065,69.983,68.819,69.7542,69.7542,3647621
2016-08-04,69.5727,70.1873,69.2166,69.5332,69.5332,2831261
2016-08-05,69.914,70.5404,69.7275,70.205,70.205,3864457
2016-08-08,70.5798,71.2487,70.4082,70.9508,70.9508,4163416
2016-08-09,71.0218,71.2172,70.3204,70.4338,70.4338,2722298
2016-08-10,70.8433,70.8433,70.1359,70.2799,70.2799,2689765
2016-08-11,70.5798,71.1313,70.57,70.7831,70.7831,2621617
2016-08-12,70.7989,71.2408,70.2217,70.5798,70.5798,5107115
2016-08-15,70.5798,71.664,70.5424,71.5565,71.5565,4769892
2016-08-16,71.6078,71.733,71.1214,71.6758,71.6758,3709480
2016-08-17,71.7764,72.0507,71.2931,71.7764,71.7764,3496880
2016-08-18,70.9251,71.0948,70.1606,70.8995,70.8995,5881949
2016-08-19,70.6272,71.7518,70.3757,71.2931,71.2931,4496352
2016-08-22,71.1036,71.2408,70.5798,71.08,71.08,3391590
2016-08-23,71.4125,72.0063,71.3789,71.4391,71.4391,3737733
2016-08-24,70.9251,71.5151,70.5522,70.7051,70.7051,2585187
2016-08-25,70.6371,70.7219,70.2307,70.4428,70.4428,3625361
2016-08-26,70.7555,71.3414,69.9652,70.2899,70.2899,4225084
2016-08-29,70.1606,70.8767,70.0777,70.6637,70.6637,2650119
2016-08-30,70.4576,70.7051,69.991,70.1359,70.1359,4079536
2016-08-31,69.7808,70.0186,69.3961,69.7019,69.7019,4753056
2016-09-01,69.3793,69.7275,68.5122,69.261,69.261,4823988
2016-09-02,69.8922,70.0373,69.2768,69.4641,69.4641,2875627
2016-09-06,69.7354,69.9199,69.2856,69.7966,69.7966,3611416
2016-09-07,70.1527,71.1994,70.0777,71.1905,71.1905,4695256
2016-09-08,71.005,71.3937,70.646,71.0386,71.0386,3998739
2016-09-09,70.4862,70.5798,68.673,68.6996,68.6996,6233182
2016-09-12,68.2567,69.8272,68.1117,69.6615,69.6615,4829480
2016-09-13,68.9611,69.0982,67.9696,68.2231,68.2231,5569455
2016-09-14,68.3505,69.404,68.2231,68.8949,68.8949,6261036
2016-09-15,68.7342,70.0254,68.6562,69.7542,69.7542,4132090
2016-09-16,69.406,69.7966,69.0557,69.7729,69.7729,7897180
2016-09-19,69.8824,70.0254,69.1751,69.6269,69.6269,5116015
2016-09-20,70.1162,70.2967,69.4375,69.472,69.472,3263467
2016-09-21,69.983,70.9952,69.7354,70.9774,70.9774,5013155
2016-09-22,71.4026,71.812,70.8433,71.005,71.005,4615982
2016-09-23,71.0119,71.0711,70.059,70.1004,70.1004,3561540
2016-09-26,69.8992,70.3047,69.7354,70.0422,70.0422,3928778
2016-09-27,69.8922,70.4772,69.4464,70.4772,70.4772,5051430
2016-09-28,70.7919,73.6912,70.6933,73.631,73.631,11164846
2016-09-29,73.3657,75.5528,73.3657,74.3778,74.3778,12483090
2016-09-30,74.8188,75.6602,74.6689,75.4836,75.4836,7497223
2016-10-03,75.025,75.8397,74.9746,75.0674,75.0674,5044675
2016-10-04,75.2548,75.6366,74.1332,74.4124,74.4124,5578090
2016-10-05,74.9312,76.4189,74.8671,76.0381,76.0381,6099330
2016-10-06,75.6454,76.2403,75.4334,75.9285,75.9285,4452508
2016-10-07,76.1229,76.3093,74.7764,75.2301,75.2301,4435125
2016-10-10,75.7658,76.1062,74.948,75.018,75.018,4450739
2016-10-11,75.7658,75.9523,74.1983,74.3778,74.3778,7610993
2016-10-12,74.4044,74.6165,73.9951,74.4755,74.4755,4644578
2016-10-13,73.8925,74.0395,73.3479,73.9547,73.9547,6669103
2016-10-14,74.6876,75.1857,74.4557,74.5495,74.5495,4234051
2016-10-17,74.3018,74.5919,73.8925,74.2249,74.2249,5253681
2016-10-18,74.9224,74.9993,73.784,74.1667,74.1667,4369696
2016-10-19,74.2416,75.0674,73.8609,74.8286,74.8286,6987749
2016-10-20,74.6866,74.8671,73.9713,74.3146,74.3146,5334965
2016-10-21,73.5452,74.3098,73.2266,74.0572,74.0572,4186676
2016-10-24,73.8757,74.7458,73.3785,73.7642,73.7642,5937435
2016-10-25,73.6558,75.1887,71.955,72.471,72.471,13565476
2016-10-26,71.8958,72.394,71.0968,72.1701,72.1701,7672473
2016-10-27,72.2993,72.3546,70.9508,71.2122,71.2122,5831510
2016-10-28,71.4755,72.2066,71.2024,71.955,71.955,5798622
2016-10-31,72.2223,72.3802,71.5535,71.5949,71.5949,5454809
2016-11-01,71.6048,71.7587,70.0422,70.5482,70.5482,5991333
2016-11-02,70.4724,70.4724,68.9097,69.5785,69.5785,6094817
2016-11-03,70.0343,70.06,69.2086,69.7157,69.7157,4498358
2016-11-04,69.7788,71.1146,69.1356,70.6114,70.6114,6697875
2016-11-07,71.8346,72.1967,71.1748,71.8436,71.8436,4413721
2016-11-08,71.8623,72.9198,71.2506,72.6416,72.6416,3969290
2016-11-09,77.0167,79.9524,76.6556,78.2359,78.2359,22473585
2016-11-10,78.9551,81.4519,78.7844,80.1645,80.1645,16519659
2016-11-11,80.1132,80.9281,78.7676,79.7877,79.7877,8590905
2016-11-14,79.9948,81.9244,79.7976,80.7821,80.7821,8803073
2016-11-15,80.1743,81.0316,79.472,81.0149,81.0149,5413776
2016-11-16,80.4408,80.9803,79.6397,80.0787,80.0787,3843186
2016-11-17,80.2089,80.2089,79.2658,79.5923,79.5923,4595168
2016-11-18,79.7877,80.1221,78.8357,79.2136,79.2136,5496670
2016-11-21,79.8912,80.5078,79.5923,79.694,79.694,4410106
2016-11-22,80.1221,80.3865,79.6071,80.3115,80.3115,3694349
2016-11-23,81.3325,82.7155,80.8255,82.5054,82.5054,7653702
2016-11-25,82.321,82.7303,81.6758,82.1898,82.1898,2339448
2016-11-28,81.9333,82.2312,81.0395,81.4095,81.4095,5722923
2016-11-29,80.6351,81.1264,80.3204,80.6706,80.6706,4436728
2016-11-30,82.1395,82.2628,80.9369,81.9757,81.9757,5410221
2016-12-01,82.3536,83.5472,80.6795,82.5508,82.5508,10910329
2016-12-02,81.804,82.4818,81.4341,81.6147,81.6147,5871948
2016-12-05,82.2401,82.3436,80.7663,81.0247,81.0247,5803306
2016-12-06,80.7239,81.7626,80.6972,81.6847,81.6847,4270055
2016-12-07,81.7114,83.4929,81.4341,83.4929,83.4929,5711903
2016-12-08,83.4337,83.555,82.466,82.5853,82.5853,4500796
2016-12-09,82.5508,82.612,81.6571,81.953,81.953,7634174
2016-12-12,82.3624,82.9109,81.4183,81.5653,81.5653,4192738
2016-12-13,82.1305,82.7827,81.6472,82.3694,82.3694,4378827
2016-12-14,82.1563,82.3536,80.3036,80.4161,80.4161,6580967
2016-12-15,80.4654,81.2625,79.8252,81.0928,81.0928,4896156
2016-12-16,80.9369,81.0484,79.3754,79.4207,79.4207,9176441
2016-12-19,78.8614,79.5923,78.0643,79.5302,79.5302,4495132
2016-12-20,80.3273,81.3513,80.0373,80.9281,80.9281,5015381
2016-12-21,80.8609,80.8955,80.3628,80.4822,80.4822,3297928
2016-12-22,80.4486,81.0247,80.3964,80.7406,80.7406,2954338
2016-12-23,80.4575,80.9803,80.3273,80.9123,80.9123,1801079
2016-12-27,80.9281,81.3236,80.7239,81.1106,81.1106,2022918
2016-12-28,81.152,81.4095,79.6259,79.908,79.908,3121057
2016-12-29,80.0205,80.5078,79.7798,80.0274,80.0274,2782705
2016-12-30,79.8163,79.9948,79.2056,79.5569,79.5569,4046373
2017-01-03,80.6351,81.6571,79.9948,80.6282,80.6282,5889981
2017-01-04,81.0316,81.0662,80.1487,80.2681,80.2681,4388933
2017-01-05,79.9336,81.0316,79.2836,79.7798,79.7798,5477347
2017-01-06,80.1645,80.2957,79.2758,79.8163,79.8163,4689692
2017-01-09,79.7196,80.2011,79.0932,79.2382,79.2382,3607763
2017-01-10,79.761,81.0149,79.5825,80.491,80.491,4638904
2017-01-11,81.0395,81.2812,80.1132,81.1944,81.1944,4334941
2017-01-12,80.9537,80.9537,79.5923,80.6282,80.6282,3616995
2017-01-13,80.6972,81.1727,80.3628,81.0484,81.0484,3038591
2017-01-17,80.8433,80.8876,79.9662,80.2681,80.2681,5874415
2017-01-18,80.2593,80.8037,80.0353,80.7278,80.7278,3959017
2017-01-19,80.9429,81.2891,80.4072,80.7712,80.7712,4091861
2017-01-20,81.3148,82.173,80.9774,81.809,81.809,5818410
2017-01-23,81.8278,81.9491,80.9251,81.7074,81.7074,3760086
2017-01-24,82.1888,83.6676,81.9994,83.2453,83.2453,6662397
2017-01-25,84.6115,85.2775,84.1766,84.8938,84.8938,8724936
2017-01-26,85.1571,85.6158,83.053,84.0917,84.0917,10512904
2017-01-27,84.4971,86.0292,84.3344,85.6237,85.6237,7364357
2017-01-30,85.1137,85.2775,83.5294,83.7198,83.7198,6032120
2017-01-31,83.5472,83.5807,81.8178,82.7422,82.7422,6617998
2017-02-01,82.8724,83.486,81.6502,82.2657,82.2657,4138246
2017-02-02,81.9727,82.2854,80.8748,81.1086,81.1086,4401671
2017-02-03,81.5821,81.6966,80.277,80.6834,80.6834,5407764
2017-02-06,80.277,80.5453,79.9494,80.3283,80.3283,5342317
2017-02-07,81.5821,82.1059,80.4585,80.711,80.711,5766375
2017-02-08,80.4427,80.4427,79.6703,80.3638,80.3638,4718286
2017-02-09,80.493,81.4627,80.1734,81.2714,81.2714,4617866
2017-02-10,82.0575,83.5708,81.739,83.3025,83.3025,6438856
2017-02-13,84.4971,85.6711,84.0394,85.1995,85.1995,8078753
2017-02-14,85.016,85.4086,84.1272,84.8454,84.8454,5018978
2017-02-15,84.8612,85.6474,84.7665,85.6474,85.6474,4998668
2017-02-16,85.676,85.6918,84.5919,84.9944,84.9944,3539315
2017-02-17,84.8286,85.5882,84.3689,85.5014,85.5014,4198272
2017-02-21,85.5182,85.8053,84.6954,84.8522,84.8522,4528020
2017-02-22,84.801,85.3998,84.4389,84.9391,84.9391,3504348
2017-02-23,85.1483,85.1995,82.2756,82.6475,82.6475,6955609
2017-02-24,82.0487,82.6041,80.8748,82.5873,82.5873,5801570
2017-02-27,82.5873,84.3522,82.2707,84.2792,84.2792,6294761
2017-02-28,84.1085,84.4202,83.4189,83.6084,83.6084,4568457
2017-03-01,84.9391,85.606,84.2732,85.2676,85.2676,6433673
2017-03-02,85.1907,85.3998,80.3036,81.6166,81.6166,26645186
2017-03-03,81.6166,82.9484,81.4963,82.2756,82.2756,9453875
2017-03-06,81.5821,82.9858,81.3937,82.7422,82.7422,5440390
2017-03-07,82.7333,83.2364,81.9649,82.976,82.976,5409546
2017-03-08,81.3937,82.5873,80.3204,80.639,80.639,10819662
2017-03-09,79.9642,80.6302,78.2014,79.0469,79.0469,10706668
2017-03-10,79.4809,80.5276,78.5486,79.8449,79.8449,8285513
2017-03-13,80.7278,80.9005,79.8025,80.13,80.13,5059348
2017-03-14,78.8999,79.5765,78.3839,79.4552,79.4552,6683368
2017-03-15,79.8952,81.1244,79.6299,80.7525,80.7525,7438637
2017-03-16,81.2812,81.3858,80.131,80.3115,80.3115,4298142
2017-03-17,80.4328,80.7189,80.1389,80.3638,80.3638,8256224
2017-03-20,80.5542,82.5873,80.347,82.5163,82.5163,7533163
2017-03-21,82.4976,82.5064,79.6535,79.9494,79.9494,8925424
2017-03-22,79.5765,80.5542,79.3339,79.9494,79.9494,5821706
2017-03-23,79.9642,80.4427,79.5411,79.7749,79.7749,2990020
2017-03-24,79.7838,80.6489,79.1958,79.7068,79.7068,4201795
2017-03-27,78.6246,79.5499,78.1402,79.1534,79.1534,3959304
2017-03-28,79.1958,80.5808,79.1534,80.3973,80.3973,4469483
2017-03-29,80.2325,80.6578,79.9228,80.3204,80.3204,2906141
2017-03-30,80.426,80.7613,79.9228,80.6302,80.6302,4245977
2017-03-31,80.1211,80.6489,79.5953,80.2325,80.2325,4644636
2017-04-03,79.9494,80.3036,78.7104,79.8124,79.8124,4261293
2017-04-04,81.2112,81.9816,80.493,81.4183,81.4183,6702656
2017-04-05,82.1029,83.6676,81.2714,81.5141,81.5141,7006313
2017-04-06,81.6689,83.4002,81.5318,82.8813,82.8813,6243452
2017-04-07,82.9227,83.5708,82.534,82.6229,82.6229,5160640
2017-04-10,83.3025,84.6708,83.122,84.0237,84.0237,5951514
2017-04-11,84.1588,84.1657,82.7501,83.9871,83.9871,4914015
2017-04-12,83.633,83.702,81.8751,82.0487,82.0487,5517860
2017-04-13,81.8278,82.0487,80.5186,80.5276,80.5276,5436764
2017-04-17,81.0376,81.6077,80.8669,81.4273,81.4273,4299457
2017-04-18,80.8748,81.7716,80.5453,81.6423,81.6423,3827468
2017-04-19,82.0487,83.0116,80.6913,80.8471,80.8471,6416839
2017-04-20,81.3542,82.8191,81.0928,82.5577,82.5577,5563306
2017-04-21,83.0214,83.0717,81.8168,82.2598,82.2598,4733294
2017-04-24,83.5866,84.6501,83.5531,84.434,84.434,7726474
2017-04-25,89.7186,91.4667,88.9571,91.0829,91.0829,21071454
2017-04-26,90.5344,92.4512,90.3874,91.2743,91.2743,11295853
2017-04-27,90.7535,90.9172,89.4572,89.5469,89.5469,7713263
2017-04-28,89.6742,90.2907,89.1632,89.1898,89.1898,4604642
2017-05-01,89.5233,89.8172,88.4421,88.9571,88.9571,5173890
2017-05-02,89.1988,89.5735,88.2971,88.5279,88.5279,4987335
2017-05-03,88.1284,89.109,87.8976,88.5556,88.5556,4905556
2017-05-04,88.4687,88.52,86.0242,86.6862,86.6862,8337340
2017-05-05,86.7779,87.2001,86.3587,86.9012,86.9012,4685856
2017-05-08,86.7592,87.3037,86.2906,86.6674,86.6674,5841314
2017-05-09,86.9693,87.3974,86.5599,86.5944,86.5944,11169270
2017-05-10,86.9693,87.8344,86.6033,87.5266,87.5266,5385754
2017-05-11,88.8781,88.8969,87.3432,88.086,88.086,5985347
2017-05-12,87.7299,88.0514,87.3619,87.8344,87.8344,4713965
2017-05-15,88.6,89.4572,88.4421,89.3319,89.3319,4303168
2017-05-16,89.6101,89.6476,88.3169,89.2608,89.2608,3572609
2017-05-17,88.0948,88.6542,87.1193,87.3342,87.3342,5291031
2017-05-18,86.4633,87.7999,85.2449,87.4053,87.4053,6801089
2017-05-19,88.5842,89.7009,88.3169,89.3418,89.3418,5316220
2017-05-22,89.5381,89.8706,88.7992,89.2174,89.2174,5018031
2017-05-23,89.2274,90.49,89.0103,90.3796,90.3796,3815182
2017-05-24,90.1112,91.4854,89.9652,90.6706,90.6706,5931576
2017-05-25,91.1116,92.4108,90.9172,91.5781,91.5781,5985565
2017-05-26,91.5604,92.1996,91.2476,92.1523,92.1523,3316616
2017-05-30,91.7922,92.3377,91.5693,91.9777,91.9777,3682002
2017-05-31,91.7834,92.247,90.3529,91.9411,91.9411,4731247
2017-06-01,92.2548,92.8211,91.7064,92.1434,92.1434,4828498
2017-06-02,92.1621,93.0815,91.7202,92.4206,92.4206,4245626
2017-06-05,92.0793,93.4633,91.6876,91.7399,91.7399,4952432
2017-06-06,91.3867,92.024,90.7613,91.1846,91.1846,4356885
2017-06-07,90.9714,91.3029,89.3595,90.2711,90.2711,5871408
2017-06-08,90.5344,91.9027,90.3618,91.5693,91.5693,5320495
2017-06-09,91.6412,93.3241,91.585,92.393,92.393,4449420
2017-06-12,92.1434,92.7757,91.4755,92.532,92.532,4778353
2017-06-13,92.6179,93.0076,92.0161,92.2371,92.2371,4039122
2017-06-14,92.2805,92.46,90.6982,91.3118,91.3118,4701186
2017-06-15,90.5344,92.9888,90.5344,92.8033,92.8033,6849257
2017-06-16,93.0815,94.1045,92.8033,93.8667,93.8667,8424367
2017-06-19,94.142,94.2268,93.0174,93.7622,93.7622,4981014
2017-06-20,94.2456,94.3304,93.2285,93.3409,93.3409,6093103
2017-06-21,92.98,93.0815,89.9652,90.2375,90.2375,7193463
2017-06-22,90.3283,91.2743,90.2533,90.571,90.571,4187919
2017-06-23,89.4049,90.9458,89.2274,90.8067,90.8067,13867749
2017-06-26,91.2743,92.1257,90.2089,90.9271,90.9271,3276583
2017-06-27,91.149,91.7656,90.4358,90.6518,90.6518,3875351
2017-06-28,91.4291,92.98,91.3581,92.8398,92.8398,4722009
2017-06-29,92.8398,93.2779,91.4035,92.1345,92.1345,4066357
2017-06-30,92.5617,94.2268,92.3091,93.7356,93.7356,5390854
2017-07-03,92.8773,94.0571,92.8497,93.2779,93.2779,2757445
2017-07-05,93.3055,94.0858,92.9976,93.7622,93.7622,3994274
2017-07-06,93.5195,94.0946,92.7283,92.8773,92.8773,3345188
2017-07-07,92.9622,93.8471,92.3278,93.2285,93.2285,3113529
2017-07-10,93.0628,94.6125,92.6731,94.0571,94.0571,3384112
2017-07-11,94.1045,94.5947,93.3499,94.3886,94.3886,2934425
2017-07-12,94.9992,95.9245,94.9242,95.0367,95.0367,4140950
2017-07-13,94.9706,95.2833,94.1617,94.5947,94.5947,3493889
2017-07-14,94.6668,95.379,94.2366,94.8562,94.8562,5137003
2017-07-17,94.1884,95.3889,94.1716,94.9242,94.9242,3404793
2017-07-18,95.0752,95.0752,93.6222,94.0571,94.0571,4535144
2017-07-19,94.2544,94.866,94.1045,94.7329,94.7329,3253375
2017-07-20,94.7615,95.0091,94.0483,94.2644,94.2644,4268140
2017-07-21,93.7543,93.9713,92.3476,93.6408,93.6408,4846760
2017-07-24,94.7428,95.3119,94.2456,95.0367,95.0367,6787487
2017-07-25,99.4863,100.937,98.2142,100.602,100.602,16234521
2017-07-26,100.355,100.602,99.3482,99.7337,99.7337,6535720
2017-07-27,99.9105,100.464,99.4963,100.444,100.444,6351427
2017-07-28,100.512,100.947,99.7039,100.226,100.226,5171519
2017-07-31,100.562,100.71,99.8817,100.098,100.098,5105645
2017-08-01,100.355,100.493,98.8258,99.3681,99.3681,4191946
2017-08-02,99.4078,99.7823,98.4707,99.3582,99.3582,3215845
2017-08-03,99.1316,99.9105,99.1316,99.7635,99.7635,2775485
2017-08-04,100.03,100.7,99.6741,100.424,100.424,2977661
2017-08-07,100.542,101.026,100.384,100.76,100.76,2583294
2017-08-08,100.651,101.243,100.296,100.483,100.483,2932808
2017-08-09,100.464,101.43,100.236,100.414,100.414,3608715
2017-08-10,100.04,100.256,99.1415,99.4078,99.4078,3627017
2017-08-11,99.3383,99.8717,99.033,99.1316,99.1316,2425268
2017-08-14,99.684,100.444,99.5062,99.9015,99.9015,2236229
2017-08-15,100.138,100.335,99.5559,99.8519,99.8519,3216913
2017-08-16,99.98,100.572,99.832,100.246,100.246,2582418
2017-08-17,100.138,100.444,99.3979,99.3979,99.3979,3258977
2017-08-18,99.2598,100.7,98.9737,100.068,100.068,4408527
2017-08-21,99.9403,100.216,99.5062,99.8022,99.8022,3554046
2017-08-22,100.316,101.785,100.138,101.756,101.756,4414777
2017-08-23,101.036,101.351,100.799,100.799,100.799,2779069
2017-08-24,101.036,101.065,100.464,100.828,100.828,2117560
2017-08-25,101.44,102.437,101.154,101.332,101.332,3717430
2017-08-28,101.706,101.953,100.71,101.075,101.075,2282460
2017-08-29,100.454,102.407,100.384,101.903,101.903,4958091
2017-08-30,102.012,103.393,101.805,103.285,103.285,3868391
2017-08-31,103.62,104.37,103.097,103.235,103.235,3816294
2017-09-01,103.235,104.37,103.147,103.897,103.897,3405041
2017-09-05,103.778,104.646,103.511,103.916,103.916,4360141
2017-09-06,104.301,104.695,102.752,102.752,102.752,4783846
2017-09-07,103.127,103.601,102.308,103.463,103.463,3722330
2017-09-08,102.979,104.39,102.761,103.511,103.511,3172289
2017-09-11,104.37,104.449,103.215,104.409,104.409,4014624
2017-09-12,104.695,106.629,104.587,106.214,106.214,6322857
2017-09-13,105.86,106.264,104.873,105.09,105.09,2882640
2017-09-14,105.248,106.086,104.705,105.85,105.85,3305989
2017-09-15,106.274,106.796,105.712,106.609,106.609,5230983
2017-09-18,108.592,109.322,107.921,108.779,108.779,4950316
2017-09-19,108.888,109.747,108.711,109.569,109.569,3469642
2017-09-20,109.785,110.042,109.075,109.667,109.667,3584965
2017-09-21,109.401,109.855,108.769,109.608,109.608,2690316
2017-09-22,109.441,110.171,109.243,109.322,109.322,2975410
2017-09-25,109.263,109.608,108.611,109.213,109.213,3720730
2017-09-26,109.539,109.875,109.213,109.391,109.391,2620457
2017-09-27,109.993,110.171,109.233,109.401,109.401,2412861
2017-09-28,108.849,110.052,108.592,110.013,110.013,2325451
2017-09-29,110.111,110.289,109.401,109.549,109.549,2587950
2017-10-02,109.293,109.647,108.888,109.549,109.549,2848386
2017-10-03,109.795,110.269,109.243,110.259,110.259,2464837
2017-10-04,110.417,111.65,110.338,111.334,111.334,3178729
2017-10-05,111.374,111.482,110.683,111.029,111.029,2841696
2017-10-06,110.782,111.562,110.654,111.502,111.502,3070643
2017-10-09,111.492,111.502,110.614,111.453,111.453,2249755
2017-10-10,112.025,112.686,111.818,112.598,112.598,5025262
2017-10-11,112.578,112.962,112.154,112.962,112.962,2458948
2017-10-12,112.774,114.323,112.755,114.175,114.175,3863756
2017-10-13,115.073,115.439,113.514,114.827,114.827,3959497
2017-10-16,115.291,116.079,115.014,115.487,115.487,3317022
2017-10-17,115.191,115.487,114.461,114.669,114.669,2707566
2017-10-18,114.639,115.645,114.639,115.329,115.329,2858940
2017-10-19,115.073,115.625,113.672,115.557,115.557,5504037
2017-10-20,116.079,116.573,115.301,116.089,116.089,3482794
2017-10-23,116.612,116.928,115.911,116.375,116.375,6267378
2017-10-24,123.814,124.09,120.745,122.175,122.175,21357174
2017-10-25,121.249,121.801,119.118,120.913,120.913,8208046
2017-10-26,120.953,122.175,120.923,121.012,121.012,6499253
2017-10-27,120.992,122.304,120.973,121.781,121.781,4599554
2017-10-30,121.288,121.781,120.607,120.617,120.617,3445080
2017-10-31,120.627,120.726,119.374,119.996,119.996,4513290
2017-11-01,119.887,121.327,119.68,120.42,120.42,4105646
2017-11-02,120.548,121.061,119.907,120.597,120.597,3079405
2017-11-03,120.607,121.021,120.489,120.745,120.745,2382482
2017-11-06,120.873,122.343,120.873,121.683,121.683,3145123
2017-11-07,121.771,122.748,120.775,122.659,122.659,3646001
2017-11-08,122.304,122.61,121.219,121.317,121.317,2187241
2017-11-09,120.568,120.825,118.98,119.601,119.601,3327752
2017-11-10,119.384,120.963,119.374,120.607,120.607,2283219
2017-11-13,119.779,120.677,119.196,120.657,120.657,2142108
2017-11-14,121.959,122.067,120.597,121.525,121.525,3440568
2017-11-15,120.607,120.825,118.26,118.486,118.486,4238899
2017-11-16,119.72,121.427,119.394,120.489,120.489,3183901
2017-11-17,119.996,120.489,119.335,120.301,120.301,2617118
2017-11-20,120.568,121.781,120.39,120.982,120.982,2403591
2017-11-21,121.741,121.959,121.209,121.584,121.584,2512685
2017-11-22,122.156,122.324,121.239,121.969,121.969,5531017
2017-11-24,122.057,122.324,121.367,121.407,121.407,1068841
2017-11-27,121.465,122.205,120.963,121.229,121.229,2811224
2017-11-28,121.495,122.837,121.298,122.827,122.827,2933626
2017-11-29,122.837,122.995,121.239,122.018,122.018,3505975
2017-11-30,122.748,124.898,121.169,124.73,124.73,8380087
2017-12-01,125.116,125.846,122.285,125.066,125.066,6114784
2017-12-04,127.483,128.292,124.988,125.046,125.046,5569866
2017-12-05,125.244,125.658,123.478,123.853,123.853,4393805
2017-12-06,123.853,124.721,123.271,124.01,124.01,3248635
2017-12-07,123.518,126.388,122.985,126.28,126.28,3353587
2017-12-08,127.138,127.533,126.319,127.128,127.128,2817497
2017-12-11,127.799,127.877,126.783,127.049,127.049,2165115
2017-12-12,126.793,127.957,126.536,126.723,126.723,3835456
2017-12-13,127.414,131.715,127.315,131.272,131.272,7336550
2017-12-14,131.518,131.666,128.923,129.279,129.279,5223114
2017-12-15,130.206,130.64,128.569,129.614,129.614,8969972
2017-12-18,130.57,132.396,129.713,132.366,132.366,3998089
2017-12-19,132.475,133.54,131.242,133.363,133.363,4017688
2017-12-20,134.241,134.852,133.165,134.783,134.783,3480603
2017-12-21,134.931,137.052,134.141,136.658,136.658,4545397
2017-12-22,136.756,137.694,136.046,137.644,137.644,2811924
2017-12-26,137.9,138.709,137.556,138.256,138.256,2112841
2017-12-27,138.67,139.341,138.137,139.193,139.193,2851344
2017-12-28,139.567,140.209,138.926,140.011,140.011,4597518
2017-12-29,139.657,140.081,139.183,139.242,139.242,2959239
2018-01-02,139.893,140.84,137.89,138.768,138.768,5778916
2018-01-03,138.768,139.163,137.308,138.976,138.976,4690422
2018-01-04,139.528,141.007,138.749,140.879,140.879,5505736
2018-01-05,141.629,143.198,141.057,143.119,143.119,4462032
2018-01-08,145.013,147.075,143.642,146.709,146.709,6705776
2018-01-09,146.985,147.953,145.891,147.075,147.075,5117401
2018-01-10,146.601,148.031,145.378,146.571,146.571,6199064
2018-01-11,147.489,149.798,146.375,149.522,149.522,4746895
2018-01-12,150.212,150.814,149.531,150.508,150.508,4669254
2018-01-16,152.797,153.063,148.071,149.61,149.61,9566553
2018-01-17,149.62,150.33,148.9,148.9,148.9,6299656
2018-01-18,149.62,150.902,148.554,149.186,149.186,5268089
2018-01-19,150.606,151.317,149.67,151.287,151.287,6529115
2018-01-22,151.198,151.711,149.56,151.691,151.691,3984221
2018-01-23,152.747,152.767,150.212,150.428,150.428,5652952
2018-01-24,152.165,153.073,148.85,149.452,149.452,8894107
2018-01-25,153.674,153.674,144.224,150.37,150.37,19074794
2018-01-26,149.856,150.044,146.079,148.318,148.318,10176681
2018-01-29,147.005,147.262,141.531,144.332,144.332,10693821
2018-01-30,142.35,146.227,141.896,145.398,145.398,9787037
2018-01-31,146.217,147.173,143.73,144.5,144.5,7896516
2018-02-01,143.148,145.378,142.202,144.046,144.046,4858998
2018-02-02,142.714,142.744,138.956,139.824,139.824,8549489
2018-02-05,137.546,141.057,126.812,134.113,134.113,12709559
2018-02-06,131.448,138.985,130.334,138.857,138.857,15666737
2018-02-07,137.93,140.347,136.954,137.012,137.012,8059210
2018-02-08,136.578,136.874,129.535,129.594,129.594,10239860
2018-02-09,132.04,133.965,126.842,132.475,132.475,10723446
2018-02-12,134.833,136.253,133.402,135.217,135.217,6480539
2018-02-13,134.261,137.802,134.043,136.697,136.697,6036579
2018-02-14,135.296,140.781,135.257,140.337,140.337,6257052
2018-02-15,141.886,142.359,139.814,142.044,142.044,5532629
2018-02-16,142.162,142.922,138.571,138.768,138.768,6746563
2018-02-20,138.108,140.445,138.108,138.108,138.108,5738009
2018-02-21,138.236,140.623,137.654,137.812,137.812,4702838
2018-02-22,138.857,141.866,138.66,141.027,141.027,5320079
2018-02-23,141.511,144.244,141.343,144.194,144.194,5007617
2018-02-26,144.746,145.635,143.424,145.329,145.329,7042720
2018-02-27,144.934,146.127,143.148,143.158,143.158,4649449
2018-02-28,143.386,144.135,136.854,137.27,137.27,8221130
2018-03-01,136.45,138.66,131.844,133.383,133.383,10627387
2018-03-02,132.406,133.057,129.476,129.969,129.969,10711410
2018-03-05,128.864,134.823,127.849,134.151,134.151,9521472
2018-03-06,135.493,137.594,134.665,136.529,136.529,6528148
2018-03-07,133.165,135.197,132.12,134.517,134.517,6185099
2018-03-08,134.724,136.697,133.441,136.381,136.381,4623884
2018-03-09,137.722,140.643,137.002,140.495,140.495,5155249
2018-03-12,140.485,141.452,136.578,137.15,137.15,5497307
2018-03-13,138.759,140.159,136.006,136.47,136.47,5428260
2018-03-14,137.417,137.842,134.319,135.405,135.405,5489599
2018-03-15,135.987,138.137,134.645,137.21,137.21,5934831
2018-03-16,136.992,139.785,136.115,138.897,138.897,12275033
2018-03-19,136.914,137.446,133.905,135.079,135.079,6171792
2018-03-20,135.819,137.802,135.405,136.766,136.766,4007245
2018-03-21,136.844,139.617,136.016,138.334,138.334,4378823
2018-03-22,135.701,136.292,129.841,130.423,130.423,9265298
2018-03-23,131.124,132.238,127.651,128.105,128.105,7358868
2018-03-26,131.222,132.761,128.963,132.455,132.455,6144381
2018-03-27,133.077,134.151,129.417,130.512,130.512,5536585
2018-03-28,130.512,131.596,127.523,128.874,128.874,5557576
2018-03-29,129.801,132.08,129.249,130.838,130.838,4741496
2018-04-02,130.018,130.818,125.865,127.729,127.729,6079805
2018-04-03,128.549,129.308,126.408,128.785,128.785,5458191
2018-04-04,124.178,129.141,122.561,128.894,128.894,6970447
2018-04-05,130.068,132.169,130.048,131.488,131.488,5164284
2018-04-06,129.407,130.512,125.016,126.941,126.941,6428815
2018-04-09,128.549,130.314,126.763,127.019,127.019,4562848
2018-04-10,130.275,132.297,129.288,131.458,131.458,4540836
2018-04-11,130.216,131.706,129.91,130.314,130.314,3625742
2018-04-12,131.084,134.181,131.084,133.293,133.293,4458292
2018-04-13,134.733,135.74,132.278,133.383,133.383,4058704
2018-04-16,134.724,136.224,133.431,135.069,135.069,3441798
2018-04-17,136.144,138.088,135.829,136.115,136.115,4299673
2018-04-18,137.792,139.489,137.21,138.443,138.443,3477263
2018-04-19,137.96,138.778,136.687,138.236,138.236,4520511
2018-04-20,138.522,139.321,135.957,136.726,136.726,4547814
2018-04-23,137.999,138.946,135.77,137.388,137.388,5996425
2018-04-24,142.527,143.75,127.907,128.884,128.884,27035262
2018-04-25,128.321,131.696,126.842,129.535,129.535,11166891
2018-04-26,129.653,131.498,128.489,130.551,130.551,7350991
2018-04-27,129.989,130.808,128.627,129.131,129.131,4326757
2018-04-30,129.555,130.462,128.125,128.805,128.805,5340187
2018-05-01,127.651,128.874,125.164,128.864,128.864,5608705
2018-05-02,128.479,130.847,128.025,128.351,128.351,5197676
2018-05-03,126.428,129.496,123.261,128.292,128.292,8633456
2018-05-04,126.911,131.32,125.865,130.61,130.61,5243370
2018-05-07,132.218,135.148,132.06,133.669,133.669,7671158
2018-05-08,134.419,134.793,132.554,133.777,133.777,4318940
2018-05-09,134.517,136.806,134.271,136.184,136.184,5231960
2018-05-10,136.697,138.68,136.372,137.368,137.368,4383234
2018-05-11,137.644,139.853,137.18,138.186,138.186,3931509
2018-05-14,138.847,139.557,137.772,138.542,138.542,3994295
2018-05-15,137.23,137.782,135.365,136.164,136.164,4625567
2018-05-16,136.125,137.278,135.937,137.21,137.21,3018653
2018-05-17,137.13,138.522,136.322,137.121,137.121,3234325
2018-05-18,137.546,139.953,137.408,138.916,138.916,4359009
2018-05-21,142.103,144.194,141.609,141.817,141.817,6556091
2018-05-22,141.915,142.182,139.321,139.37,139.37,3936580
2018-05-23,137.999,140.969,137.14,140.731,140.731,4494203
2018-05-24,140.277,141.323,139.213,140.693,140.693,3240087
2018-05-25,140.031,140.603,138.502,139.055,139.055,2644678
2018-05-29,137.654,138.926,136.214,137.062,137.062,4254127
2018-05-30,137.95,139.173,137.25,138.699,138.699,3012804
2018-05-31,138.561,138.571,135.187,135.523,135.523,5095008
2018-06-01,136.776,137.584,135.848,136.964,136.964,3088293
2018-06-04,138.118,138.246,135.681,136.075,136.075,2769244
2018-06-05,135.977,136.598,135.622,136.539,136.539,3268751
2018-06-06,137.092,139.666,136.539,139.637,139.637,4134808
2018-06-07,140.189,140.909,138.768,139.449,139.449,3529431
2018-06-08,139.361,139.775,138.334,138.581,138.581,3647091
2018-06-11,138.463,140.159,138.058,139.459,139.459,3091392
2018-06-12,139.587,142.053,139.548,140.525,140.525,2909085
2018-06-13,140.249,140.387,137.87,138.048,138.048,4695220
2018-06-14,138.907,140.397,136.322,136.638,136.638,4446725
2018-06-15,134.605,134.733,132.445,133.865,133.865,9921459
2018-06-18,132.435,133.363,131.804,132.662,132.662,4092546
2018-06-19,130.265,130.542,126.99,127.858,127.858,7612221
2018-06-20,128.687,129.101,126.516,127.691,127.691,4626803
2018-06-21,126.921,127.049,124.119,124.504,124.504,6629165
2018-06-22,125.727,127.147,124.712,124.86,124.86,5854202
2018-06-25,123.902,124.001,120.617,121.87,121.87,6812166
2018-06-26,122.037,122.531,120.706,120.923,120.923,4802801
2018-06-27,122.057,124.444,120.075,120.104,120.104,6349118
2018-06-28,119.739,122.009,118.378,121.367,121.367,4724962
2018-06-29,121.899,122.985,120.963,121.051,121.051,4617837
2018-07-02,119.384,121.731,118.822,121.593,121.593,3555835
2018-07-03,122.255,122.551,118.95,119.414,119.414,2059230
2018-07-05,120.449,121.427,119.65,121.179,121.179,3772792
2018-07-06,120.548,121.219,118.94,120.815,120.815,3575230
2018-07-09,121.535,125.865,121.427,125.796,125.796,6233990
2018-07-10,126.368,126.546,125.046,126.033,126.033,4215904
2018-07-11,123.241,124.386,121.209,122.047,122.047,5863425
2018-07-12,123.586,124.682,122.097,124.416,124.416,4764106
2018-07-13,124.514,126.033,124.07,125.589,125.589,3183759
2018-07-16,125.708,125.708,123.014,123.192,123.192,4172694
2018-07-17,122.235,124.326,121.831,123.981,123.981,3705251
2018-07-18,124.02,126.26,123.429,125.924,125.924,4925507
2018-07-19,125.284,126.161,124.82,125.146,125.146,3984240
2018-07-20,124.208,124.425,122.659,122.827,122.827,5848547
2018-07-23,122.639,122.807,121.731,122.343,122.343,3945820
2018-07-24,124.702,126.22,123.31,123.872,123.872,5642026
2018-07-25,123.892,126.605,122.689,126.112,126.112,5593547
2018-07-26,126.368,128.874,125.757,127.997,127.997,5999222
2018-07-27,129.239,129.239,126.388,127.977,127.977,5182417
2018-07-30,130.808,131.696,124.83,125.451,125.451,15414206
2018-07-31,127.463,129.989,125.846,129.091,129.091,8475589
2018-08-01,128.341,128.44,123.991,124.386,124.386,7089575
2018-08-02,123.024,124.524,121.821,123.902,123.902,4672981
2018-08-03,124.05,124.444,123.034,124.356,124.356,4003529
2018-08-06,124.366,126.29,123.872,125.194,125.194,3481270
2018-08-07,126.23,128.667,125.964,127.809,127.809,5361452
2018-08-08,127.749,127.829,125.016,125.422,125.422,3827030
2018-08-09,125.786,126.487,124.1,124.366,124.366,3718845
2018-08-10,123.458,123.458,120.943,122.037,122.037,6982735
2018-08-13,122.037,122.748,120.933,121.209,121.209,4321428
2018-08-14,121.731,122.481,120.883,121.13,121.13,3941329
2018-08-15,119.631,119.631,116.217,118.506,118.506,6329521
2018-08-16,120.035,122.581,119.986,122.333,122.333,6170504
2018-08-17,121.781,125.885,121.584,125.076,125.076,7364942
2018-08-20,125.52,126.171,124.406,124.494,124.494,3688377
2018-08-21,124.84,126.516,124.84,125.688,125.688,3365669
2018-08-22,125.984,126.319,125.096,125.342,125.342,2461191
2018-08-23,124.82,124.938,122.462,122.797,122.797,4350182
2018-08-24,123.734,124.396,122.896,124.06,124.06,2857707
2018-08-27,125.126,127.809,125.056,127.523,127.523,5314414
2018-08-28,128.755,129.071,127.019,127.493,127.493,3602460
2018-08-29,127.858,128.005,126.842,127.365,127.365,3753913
2018-08-30,126.585,127.009,124.296,124.83,124.83,5317101
2018-08-31,124.366,125.885,124.228,124.652,124.652,5070822
2018-09-04,123.774,124.77,122.925,124.09,124.09,4406271
2018-09-05,124.178,126.655,123.606,126.211,126.211,5101083
2018-09-06,125.994,127.375,125.747,127.089,127.089,5110805
2018-09-07,126.349,127.601,125.737,126.871,126.871,4648893
2018-09-10,127.276,127.927,127.207,127.533,127.533,3418723
2018-09-11,126.23,127.877,126.023,127.513,127.513,2877674
2018-09-12,127.099,129.959,126.24,129.505,129.505,6272063
2018-09-13,130.206,131.468,129.732,130.65,130.65,4088867
2018-09-14,130.728,132.159,128.578,130.078,130.078,5235017
2018-09-17,130.048,132.909,129.762,131.262,131.262,4263140
2018-09-18,131.972,134.003,131.3,133.827,133.827,5008656
2018-09-19,134.447,137.446,134.083,137.13,137.13,6683635
2018-09-20,139.509,141.6,138.66,140.061,140.061,7545870
2018-09-21,140.623,141.195,138.956,140.377,140.377,6607975
2018-09-24,140.061,140.149,138.048,138.256,138.256,4282642
2018-09-25,138.354,138.69,137.16,138.334,138.334,3848182
2018-09-26,138.216,139.281,137.24,137.506,137.506,3448863
2018-09-27,137.358,138.305,135.73,136.854,136.854,2978873
2018-09-28,136.48,137.26,135.168,136.874,136.874,4010176
2018-10-01,137.91,138.69,136.184,136.706,136.706,4161950
2018-10-02,136.706,139.489,136.006,138.976,138.976,4839013
2018-10-03,140.061,143.07,139.863,142.053,142.053,6731795
2018-10-04,141.886,142.34,139.331,140.702,140.702,4601891
2018-10-05,140.505,140.751,136.115,137.644,137.644,5519845
2018-10-08,136.43,137.95,135.424,137.684,137.684,3857747
2018-10-09,136.992,136.992,133.836,134.161,134.161,5566206
2018-10-10,133.511,133.925,129.032,129.032,129.032,10492438
2018-10-11,128.321,130.976,125.54,126.526,126.526,8475142
2018-10-12,129.298,129.624,125.451,127.543,127.543,6233733
2018-10-15,127.493,128.539,126.674,127.305,127.305,4168114
2018-10-16,128.697,129.18,126.822,129.022,129.022,3980478
2018-10-17,128.45,128.845,126.664,126.881,126.881,5355158
2018-10-18,125.846,126.398,120.716,121.919,121.919,11417958
2018-10-19,123.014,123.715,118.586,118.634,118.634,7809081
2018-10-22,119.877,120.282,116.247,116.297,116.297,8698779
2018-10-23,108.119,110.664,104.449,107.487,107.487,26690437
2018-10-24,108.415,109.894,101.41,101.499,101.499,16939806
2018-10-25,103.739,105.8,101.647,104.459,104.459,15019061
2018-10-26,103.097,105.198,101.529,103.936,103.936,11976854
2018-10-29,105.612,106.934,101.233,102.979,102.979,8932047
2018-10-30,102.999,106.362,102.18,106.096,106.096,8918768
2018-10-31,107.892,111.019,107.744,109.599,109.599,11446535
2018-11-01,110.752,113.14,109.283,112.646,112.646,11222460
2018-11-02,114.787,115.911,112.272,113.653,113.653,8505157
2018-11-05,113.929,114.689,112.508,114.195,114.195,5361922
2018-11-06,114.185,116.967,114.116,116.809,116.809,5233566
2018-11-07,120.627,122.175,118.27,122.067,122.067,8359017
2018-11-08,120.893,121.693,118.28,118.694,118.694,6939420
2018-11-09,117.056,117.066,113.603,114.659,114.659,8023035
2018-11-12,114.905,116.021,112.548,112.922,112.922,6497513
2018-11-13,113.386,117.253,113.179,113.801,113.801,6442239
2018-11-14,114.975,116.553,111.788,113.022,113.022,6105833
2018-11-15,112.32,117.707,111.236,116.898,116.898,6436731
2018-11-16,116.365,119.186,115.685,117.421,117.421,6594472
2018-11-19,116.681,116.957,113.485,113.82,113.82,5961218
2018-11-20,111.906,112.025,109.529,110.466,110.466,8574092
2018-11-21,110.95,114.047,110.673,111.926,111.926,5268394
2018-11-23,110.18,112.084,109.835,110.506,110.506,3464609
2018-11-26,111.71,113.653,111.266,112.736,112.736,5198579
2018-11-27,112.044,112.558,110.565,112.558,112.558,4482139
2018-11-28,113.199,118.161,111.896,118.151,118.151,6359208
2018-11-29,118.18,118.28,115.261,117.668,117.668,5533951
2018-11-30,117.5,122.847,117.303,122.561,122.561,9362138
2018-12-03,128.183,128.667,125.136,125.54,125.54,10361206
2018-12-04,124.74,124.74,116.593,116.799,116.799,8980520
2018-12-06,113.13,116.277,112.084,115.981,115.981,7300015
2018-12-07,116.632,117.441,110.9,111.62,111.62,7099196
2018-12-10,110.585,112.36,109.47,111.472,111.472,6609019
2018-12-11,114.905,115.615,110.457,111.344,111.344,4925497
2018-12-12,113.613,115.605,113.022,113.258,113.258,6136633
2018-12-13,114.235,116.642,112.962,113.751,113.751,5029770
2018-12-14,111.502,115.399,111.256,114.521,114.521,4962425
2018-12-17,114.551,115.319,111.739,112.43,112.43,6267457
2018-12-18,113.722,116.336,111.67,112.282,112.282,5952610
2018-12-19,112.992,116.503,109.145,110.516,110.516,7102241
2018-12-20,109.993,112.498,109.095,109.815,109.815,8371847
2018-12-21,109.983,111.788,108.02,108.473,108.473,11106525
2018-12-24,106.757,108.039,105.416,105.682,105.682,3305781
2018-12-26,106.6,112.706,104.873,112.696,112.696,5638031
2018-12-27,110.042,114.442,109.273,114.422,114.422,5090515
2018-12-28,114.856,115.873,112.972,113.495,113.495,4221029
2018-12-31,114.373,115.735,112.459,114.807,114.807,3824484
2019-01-02,112.064,115.527,111.127,114.166,114.166,5294428
2019-01-03,113.199,113.386,108.809,109.775,109.775,6825073
2019-01-04,112.192,116.197,111.758,115.773,115.773,6040092
2019-01-07,116.197,117.066,114.452,115.853,115.853,5150996
2019-01-08,117.362,118.772,115.853,117.234,117.234,4651777
2019-01-09,118.438,119.444,117.372,117.697,117.697,5385588
2019-01-10,116.217,120.272,114.965,120.124,120.124,3783850
2019-01-11,118.428,119.542,117.5,119.354,119.354,3219506
2019-01-14,117.736,119.611,116.661,119.068,119.068,4961332
2019-01-15,119.364,120.272,117.026,118.072,118.072,3568647
2019-01-16,118.141,119.739,117.678,118.93,118.93,4025641
2019-01-17,117.884,122.787,116.691,121.545,121.545,7613681
2019-01-18,122.847,125.204,121.525,124.208,124.208,6733446
2019-01-22,122.689,122.699,119.266,120.252,120.252,5706550
2019-01-23,120.963,121.377,118.348,119.868,119.868,3435280
2019-01-24,119.483,120.913,119.296,120.686,120.686,4337201
2019-01-25,122.541,124.474,121.741,124.454,124.454,7071033
2019-01-28,115.457,116.227,111.996,113.08,113.08,19160044
2019-01-29,114.205,116.721,114.205,115.043,115.043,9404120
2019-01-30,116.336,119.434,114.847,118.308,118.308,7898362
2019-01-31,118.486,121.239,117.332,121.081,121.081,7306287
2019-02-01,120.953,121.713,118.308,119.019,119.019,6210214
2019-02-04,118.99,119.394,118.308,118.99,118.99,4994979
2019-02-05,118.762,120.114,118.742,120.025,120.025,3975202
2019-02-06,119.364,120.114,118.526,118.684,118.684,3407381
2019-02-07,117.569,118.594,115.803,117.076,117.076,4049584
2019-02-08,115.911,116.908,115.063,116.908,116.908,3447913
2019-02-11,117.244,118.28,116.987,117.224,117.224,2912845
2019-02-12,118.446,121.436,118.22,120.627,120.627,4955217
2019-02-13,122.037,122.127,120.41,121.021,121.021,3507876
2019-02-14,119.838,121.159,119.364,120.578,120.578,3164675
2019-02-15,121.939,123.892,121.545,123.853,123.853,5738225
2019-02-19,123.044,124.554,122.758,123.478,123.478,4268671
2019-02-20,124.01,127.917,123.971,127.581,127.581,6817691
2019-02-21,127.069,128.193,125.865,126.28,126.28,4455356
2019-02-22,126.181,127.019,125.412,126.092,126.092,3832804
2019-02-25,128.203,129.604,127.473,128.578,128.578,4887569
2019-02-26,124.139,126.408,122.985,125.461,125.461,8001696
2019-02-27,125.342,126.98,124.702,126.921,126.921,3784423
2019-02-28,125.984,126.388,124.702,124.868,124.868,4425558
2019-03-01,126.26,126.842,124.514,124.988,124.988,4191280
2019-03-04,126.201,127.089,124.662,125.816,125.816,4245031
2019-03-05,125.54,125.905,124.564,124.702,124.702,3434537
2019-03-06,125.056,125.155,122.501,122.59,122.59,4273856
2019-03-07,122.195,122.571,119.69,120.745,120.745,4719009
2019-03-08,118.654,120.144,118.418,119.434,119.434,4660898
2019-03-11,119.956,121.298,119.66,121.031,121.031,4305469
2019-03-12,121.15,121.279,119.966,120.44,120.44,4628805
2019-03-13,121.831,122.127,120.647,121.387,121.387,4712843
2019-03-14,120.785,121.909,120.035,121.555,121.555,4115983
2019-03-15,121.723,122.333,120.015,120.627,120.627,7753494
2019-03-18,120.657,122.037,120.489,121.939,121.939,4504135
2019-03-19,123.044,123.389,121.397,121.989,121.989,3646854
2019-03-20,121.683,121.989,120.075,120.933,120.933,3873557
2019-03-21,120.173,122.393,120.035,121.899,121.899,2898733
2019-03-22,120.913,121.209,117.746,118.013,118.013,6319248
2019-03-25,117.836,120.025,117.51,119.453,119.453,3519267
2019-03-26,120.647,121.436,119.226,119.887,119.887,2901602
2019-03-27,120.272,120.43,118.438,119.296,119.296,2615670
2019-03-28,119.946,120.745,119.256,120.361,120.361,2735394
2019-03-29,121.851,123.922,121.485,123.182,123.182,5148787
2019-04-01,125.174,127.631,123.952,127.533,127.533,5588651
2019-04-02,127.443,127.917,126.576,127.483,127.483,2781434
2019-04-03,127.167,127.779,125.865,126.605,126.605,5303024
2019-04-04,126.507,128.085,126.388,127.424,127.424,3287235
2019-04-05,128.292,128.341,127.227,127.621,127.621,3093131
2019-04-08,127.305,127.414,126.033,127.138,127.138,2746839
2019-04-09,126.062,126.309,123.734,123.981,123.981,3647837
2019-04-10,124.712,125.688,123.922,125.046,125.046,3641308
2019-04-11,125.096,126.921,124.554,126.27,126.27,3038677
2019-04-12,128.213,129.042,127.128,128.391,128.391,4820395
2019-04-15,128.815,129.486,127.009,127.533,127.533,3332596
2019-04-16,127.789,129.308,126.931,129.141,129.141,2939830
2019-04-17,130.038,131.37,129.515,129.792,129.792,3815613
2019-04-18,130.62,132.435,130.275,131.142,131.142,4924202
2019-04-22,130.768,130.986,129.367,130.236,130.236,3976863
2019-04-23,129.91,130.936,129.377,129.94,129.94,6483011
2019-04-24,127.829,128.341,124.918,125.994,125.994,9504467
2019-04-25,125.362,125.757,122.659,124.534,124.534,5569570
2019-04-26,124.918,127.187,124.316,127.187,127.187,5596359
2019-04-29,127.611,128.489,127,127.177,127.177,3688660
2019-04-30,128.055,128.065,125.865,127.543,127.543,4221867
2019-05-01,127.671,128.005,125.914,126.388,126.388,3992299
2019-05-02,126.704,126.723,122.925,123.656,123.656,5909359
2019-05-03,124.524,127.345,124.228,127.217,127.217,4541946
2019-05-06,123.291,125.786,122.867,125.096,125.096,5319966
2019-05-07,123.685,124.425,120.795,122.285,122.285,6146783
2019-05-08,121.683,122.955,120.548,120.706,120.706,4526229
2019-05-09,119.118,120.44,117.253,120.025,120.025,6456443
2019-05-10,119.404,120.489,116.997,120.154,120.154,5728917
2019-05-13,116.642,116.651,113.514,114.619,114.619,9380165
2019-05-14,115.715,117.608,114.975,116.612,116.612,4393539
2019-05-15,115.171,117.036,114.323,116.454,116.454,3143822
2019-05-16,117.49,117.589,115.645,115.823,115.823,4718776
2019-05-17,113.781,114.827,111.896,112.292,112.292,6693029
2019-05-20,111.206,112.538,110.969,112.015,112.015,6900620
2019-05-21,112.814,114.403,112.262,114.304,114.304,6004732
2019-05-22,113.662,114.747,112.992,113.022,113.022,5050926
2019-05-23,111.7,113.199,111.068,111.848,111.848,5427443
2019-05-24,112.992,113.514,111.798,112.41,112.41,4156832
2019-05-28,112.41,112.932,111.157,111.226,111.226,5344944
2019-05-29,110.229,112.35,110.023,111.137,111.137,5826653
2019-05-30,111.246,112.232,110.94,111.453,111.453,3146483
2019-05-31,109.579,110.457,108.611,109.599,109.599,5150661
2019-06-03,109.687,111.324,109.549,110.368,110.368,4549541
2019-06-04,111.423,112.302,110.457,111.68,111.68,4438727
2019-06-05,112.874,113.1,111.571,112.616,112.616,3933958
2019-06-06,112.598,113.386,111.818,112.874,112.874,3602753
2019-06-07,113.781,114.925,113.514,113.86,113.86,2785095
2019-06-10,114.777,116.435,114.56,115.014,115.014,4050322
2019-06-11,118.013,118.556,116.159,116.435,116.435,4937118
2019-06-12,115.951,116.651,115.329,116.277,116.277,3317366
2019-06-13,116.503,117.47,115.961,116.336,116.336,3820857
2019-06-14,115.823,116.75,114.807,116.395,116.395,2765920
2019-06-17,116.375,117.303,115.892,116.474,116.474,2850903
2019-06-18,117.47,120.163,117.283,119.216,119.216,5199255
2019-06-19,119.206,120.341,118.772,119.473,119.473,4205666
2019-06-20,121.575,122.393,120.311,122.245,122.245,4158009
2019-06-21,121.999,123.734,121.249,122.472,122.472,6277524
2019-06-24,122.255,123.448,122.175,122.916,122.916,3495820
2019-06-25,123.093,123.409,121.317,122.324,122.324,4101340
2019-06-26,122.817,124.08,122.738,123.636,123.636,3655190
2019-06-27,124.129,124.435,122.551,123.952,123.952,3929342
2019-06-28,124.425,125.579,124.425,124.682,124.682,11444895
2019-07-01,127.433,128.233,123.468,124.948,124.948,5297740
2019-07-02,124.948,125.303,123.557,124.277,124.277,3503887
2019-07-03,124.8,124.84,122.886,124.03,124.03,2775075
2019-07-05,122.965,124.03,121.87,123.942,123.942,3358316
2019-07-08,123.636,124.534,122.965,123.35,123.35,2997535
2019-07-09,122.679,122.975,121.999,122.847,122.847,2862644
2019-07-10,123.241,123.942,121.249,121.327,121.327,4299791
2019-07-11,121.861,122.581,121.288,122.541,122.541,3459193
2019-07-12,123.222,126.566,123.113,126.546,126.546,4536478
2019-07-15,126.566,128.065,126.477,127.719,127.719,4917827
2019-07-16,127.533,128.637,126.388,127.237,127.237,4429067
2019-07-17,126.418,126.694,124.158,124.158,124.158,4099611
2019-07-18,123.389,124.356,122.61,123.389,123.389,3883084
2019-07-19,123.734,126.339,123.734,125.589,125.589,5247360
2019-07-22,125.718,125.984,124.07,124.672,124.672,3545105
2019-07-23,125.293,127.424,124.928,127.305,127.305,4471845
2019-07-24,120.735,123.823,118.408,121.593,121.593,13739211
2019-07-25,120.825,124.366,120.765,124.178,124.178,5232291
2019-07-26,123.932,124.188,122.265,122.521,122.521,4597481
2019-07-29,123.034,124.119,122.452,123.942,123.942,2945911
2019-07-30,122.896,123.113,121.209,122.551,122.551,3533472
2019-07-31,122.501,123.872,120.765,121.367,121.367,4688567
2019-08-01,121.337,122.777,116.533,116.849,116.849,5999203
2019-08-02,116.651,116.859,113.85,114.807,114.807,6474900
2019-08-05,112.558,113.199,110.92,112.144,112.144,5947538
2019-08-06,113.17,113.998,111.216,112.528,112.528,4028944
2019-08-07,110.673,111.719,109.381,111.344,111.344,5476985
2019-08-08,111.542,112.548,110.96,112.468,112.468,4051574
2019-08-09,112.025,112.192,109.529,110.052,110.052,4128412
2019-08-12,109.647,109.727,107.004,107.596,107.596,4675927
2019-08-13,107.793,112.45,107.655,109.707,109.707,4733110
2019-08-14,107.467,107.753,106.028,106.184,106.184,6013274
2019-08-15,105.998,106.55,105.06,106.224,106.224,4525756
2019-08-16,107.172,108.651,106.866,107.339,107.339,3853221
2019-08-19,109.045,109.233,107.586,108.178,108.178,2854191
2019-08-20,108.395,108.582,107.369,107.546,107.546,2606236
2019-08-21,108.769,110.003,108.345,108.483,108.483,3019885
2019-08-22,109.075,109.637,108.049,108.671,108.671,2300386
2019-08-23,107.172,107.753,104.449,105.149,105.149,6623164
2019-08-26,106.037,106.619,104.932,105.484,105.484,5643120
2019-08-27,106.136,106.422,104.291,104.508,104.508,3429328
2019-08-28,104.035,105.948,103.019,105.88,105.88,3466067
2019-08-29,107.497,108.888,107.379,108.563,108.563,3740438
2019-08-30,109.717,110.239,109.193,109.697,109.697,3160068
2019-09-03,108.681,108.681,106.362,107.882,107.882,4102306
2019-09-04,109.165,109.923,109.007,109.795,109.795,4016356
2019-09-05,111.088,114.521,111.088,113.376,113.376,5812372
2019-09-06,114.047,114.619,112.874,113.1,113.1,3596957
2019-09-09,113.741,117.441,113.584,117.303,117.303,4809381
2019-09-10,117.312,120.104,117.273,120.104,120.104,9199010
2019-09-11,120.617,122.777,119.354,122.679,122.679,8236682
2019-09-12,121.683,122.324,119.907,121.436,121.436,6069162
2019-09-13,122.403,123.518,120.864,123.32,123.32,4019219
2019-09-16,122.581,123.34,121.673,122.738,122.738,3120495
2019-09-17,122.225,122.383,120.923,121.851,121.851,3150472
2019-09-18,121.327,121.879,119.582,120.815,120.815,3279318
2019-09-19,121.189,121.713,119.73,119.956,119.956,2968034
2019-09-20,119.858,120.745,117.875,118.151,118.151,6984142
2019-09-23,117.392,118.772,116.464,118.378,118.378,3072030
2019-09-24,118.664,118.89,115.753,116.159,116.159,3739842
2019-09-25,116.021,116.878,115.231,116.701,116.701,2585328
2019-09-26,116.849,116.977,115.833,116.513,116.513,2754562
2019-09-27,117.056,117.431,115.843,116.691,116.691,2402129
2019-09-30,116.464,117.145,116.049,116.435,116.435,3041903
2019-10-01,117.45,118.446,112.726,112.794,112.794,4057345
2019-10-02,111.68,112.32,110.023,110.565,110.565,4669281
2019-10-03,110.023,110.654,108.079,110.634,110.634,3436891
2019-10-04,110.358,111.68,110.032,111.581,111.581,2684820
2019-10-07,111.394,112.192,110.387,110.841,110.841,2576836
2019-10-08,109.509,109.885,108.493,108.74,108.74,3852143
2019-10-09,110.141,110.654,108.769,110.101,110.101,2862074
2019-10-10,110.634,113.416,110.397,113.09,113.09,3562784
2019-10-11,115.901,120.193,115.596,118.358,118.358,7350960
2019-10-14,116.869,118.506,116.178,118.348,118.348,3129990
2019-10-15,117.993,121.377,117.678,120.785,120.785,3578315
2019-10-16,120.755,122.413,119.946,120.015,120.015,3323914
2019-10-17,120.726,122.462,120.006,121.751,121.751,3716055
2019-10-18,120.903,122.659,120.765,121.427,121.427,4661438
2019-10-21,122.581,123.981,122.175,122.857,122.857,4599432
2019-10-22,123.172,124.73,121.653,124.208,124.208,5106665
2019-10-23,124.712,126.349,121.427,125.747,125.747,12171092
2019-10-24,125.51,125.698,122.975,124.366,124.366,4236118
2019-10-25,125.422,130.058,125.274,129.821,129.821,8954771
2019-10-28,130.146,131.568,129.022,130.117,130.117,6645485
2019-10-29,129.476,131.41,128.923,131.3,131.3,4766072
2019-10-30,131.004,131.004,129.703,130.384,130.384,4249549
2019-10-31,129.466,130.384,126.704,128.025,128.025,4345924
2019-11-01,129.466,134.349,129.348,134.231,134.231,6695188
2019-11-04,135.069,136.578,134.733,136.52,136.52,5853097
2019-11-05,136.46,137.496,135.326,135.987,135.987,4861614
2019-11-06,136.085,136.085,134.399,135.178,135.178,4021975
2019-11-07,136.924,137.88,136.352,136.578,136.578,4108208
2019-11-08,136.273,137.674,135.444,137.654,137.654,2990248
2019-11-11,136.342,137.644,136.224,137.496,137.496,2373732
2019-11-12,137.604,137.94,135.651,135.957,135.957,3063774
2019-11-13,134.113,135.503,133.501,134.231,134.231,3473179
2019-11-14,133.984,135.029,133.047,133.254,133.254,2781481
2019-11-15,134.299,135.523,134.251,135,135,3043385
2019-11-18,134.003,134.517,132.869,133.402,133.402,2840574
2019-11-19,134.103,134.497,132.642,133.017,133.017,2244403
2019-11-20,132.356,132.583,130.166,131.468,131.468,3750901
2019-11-21,131.488,133.727,130.956,133.175,133.175,3549515
2019-11-22,133.707,134.201,132.879,133.669,133.669,2430809
2019-11-25,134.487,136.184,133.599,136.036,136.036,3320755
2019-11-26,136.016,136.263,135.178,135.72,135.72,2656797
2019-11-27,134.733,135.365,133.511,135.355,135.355,2863202
2019-11-29,133.965,135.148,133.599,134.467,134.467,1778656
2019-12-02,134.891,135.671,132.711,132.81,132.81,3120958
2019-12-03,130.107,130.472,128.726,130.117,130.117,4265339
2019-12-04,130.986,132.189,130.068,130.176,130.176,2674359
2019-12-05,130.61,131.114,129.624,131.054,131.054,2452444
2019-12-06,132.85,133.235,132.09,132.603,132.603,2444866
2019-12-09,132.82,133.106,132.278,132.702,132.702,1733799
2019-12-10,132.573,133.402,131.686,132.721,132.721,2033193
2019-12-11,133.579,134.359,133.116,133.787,133.787,2438825
2019-12-12,133.353,136.934,132.85,136.381,136.381,4000695
2019-12-13,136.401,137.88,134.852,135.217,135.217,3564619
2019-12-16,137.22,137.792,134.921,135.049,135.049,2600050
2019-12-17,135.187,136.568,135.148,135.987,135.987,3068566
2019-12-18,136.115,136.835,135.267,136.687,136.687,2830756
2019-12-19,136.559,136.559,134.053,134.733,134.733,3850737
2019-12-20,136.914,137.278,134.931,137.092,137.092,7325975
2019-12-23,137.19,137.999,136.381,137.97,137.97,2528138
2019-12-24,138.157,138.256,136.825,137.012,137.012,1039990
2019-12-26,137.398,137.722,136.568,137.713,137.713,1697715
2019-12-27,138.098,138.364,137.486,137.772,137.772,1662405
2019-12-30,137.9,137.94,136.578,137.052,137.052,1925781
2019-12-31,136.964,137.722,136.391,137.19,137.19,2101548
2020-01-02,138.433,139.883,137.476,139.863,139.863,3564853
2020-01-03,138.226,139.321,136.983,137.91,137.91,3337365
2020-01-06,136.806,138.028,136.154,137.822,137.822,2747040
2020-01-07,136.884,137.092,135.197,135.996,135.996,3069879
2020-01-08,136.43,138.038,136.075,137.19,137.19,2317608
2020-01-09,137.308,137.466,136.125,136.844,136.844,2446265
2020-01-10,136.983,137.23,135.474,135.76,135.76,2576507
2020-01-13,136.144,136.43,135.237,136.42,136.42,3613259
2020-01-14,136.983,137.476,135.927,136.282,136.282,2952746
2020-01-15,135.839,136.342,134.891,135.247,135.247,2842286
2020-01-16,136.046,137.426,135.858,137.368,137.368,3305430
2020-01-17,137.732,138.719,137.14,138.275,138.275,3561053
2020-01-21,137.722,138.344,136.312,136.47,136.47,2647381
2020-01-22,136.816,137.112,133.333,133.441,133.441,3850934
2020-01-23,132.682,133.984,130.798,133.56,133.56,3401929
2020-01-24,133.363,133.511,130.284,131.33,131.33,2700125
2020-01-27,128.075,128.933,126.832,126.99,126.99,3121652
2020-01-28,128.193,128.736,126.881,127.927,127.927,2954138
2020-01-29,128.726,128.894,126.931,127.029,127.029,2801092
2020-01-30,126.082,127.217,124.356,126.635,126.635,4128654
2020-01-31,125.184,126.299,122.137,122.896,122.896,7252978
2020-02-03,122.965,124.573,120.963,121.407,121.407,4687750
2020-02-04,124.444,126.102,124.129,124.908,124.908,3742775
2020-02-05,126.812,128.607,126.704,128.578,128.578,4754419
2020-02-06,129.298,129.407,127.365,128.411,128.411,2441035
2020-02-07,127.276,127.691,124.444,124.77,124.77,4074790
2020-02-10,124.464,125.688,124.228,125.678,125.678,2492205
2020-02-11,126.753,128.391,126.368,127.424,127.424,2546012
2020-02-12,129.466,130.926,129.2,130.6,130.6,3443865
2020-02-13,130.986,131.448,129.496,130.718,130.718,3547373
2020-02-14,130.551,130.62,128.065,129.101,129.101,3007478
2020-02-18,128.598,129.634,126.388,127.769,127.769,4136323
2020-02-19,127.977,128.371,127.295,128.035,128.035,2281957
2020-02-20,127.493,129.949,127.433,128.105,128.105,2862764
2020-02-21,127.691,128.578,126.408,128.371,128.371,3052517
2020-02-24,123.991,125.224,123.547,123.666,123.666,5306726
2020-02-25,124.416,124.564,119.996,120.686,120.686,5173573
2020-02-26,121.465,122.551,119.335,119.996,119.996,4173306
2020-02-27,117.51,120.262,115.271,115.319,115.319,7876480
2020-02-28,111.877,116.237,111.354,116.237,116.237,8873666
2020-03-02,116.977,119.65,115.073,119.384,119.384,6520297
2020-03-03,118.792,121.209,115.823,116.365,116.365,6795981
2020-03-04,117.954,119.226,116.307,119.186,119.186,5424377
2020-03-05,115.201,116.78,113.436,114.126,114.126,6429554
2020-03-06,111.334,114.008,111.176,113.603,113.603,6165305
2020-03-09,105.732,105.732,97.3126,97.352,97.352,9230969
2020-03-10,101.647,102.042,92.7235,99.6343,99.6343,8864357
2020-03-11,97.1182,98.0012,93.6222,94.1982,94.1982,6997629
2020-03-12,87.4764,88.2053,81.8612,86.3143,86.3143,10994297
2020-03-13,92.0517,93.4732,84.3324,93.2196,93.2196,9319062
2020-03-16,83.2651,99.033,82.7985,87.3906,87.3906,10580675
2020-03-17,89.8242,93.9713,86.9791,93.7444,93.7444,7702376
2020-03-18,87.935,96.3201,87.1064,93.6704,93.6704,7476857
2020-03-19,92.8359,97.6736,90.9843,96.3685,96.3685,7343976
2020-03-20,96.4741,97.283,88.0929,89.3477,89.3477,8177186
2020-03-23,87.8502,90.0422,84.8,85.9305,85.9305,7201506
2020-03-24,89.8706,95.456,89.0389,94.8088,94.8088,7927913
2020-03-25,94.6471,101.519,92.1543,97.932,97.932,7031078
2020-03-26,98.1086,103.827,96.2708,103.393,103.393,6478086
2020-03-27,97.7061,102.565,96.7492,98.6384,98.6384,6142240
2020-03-30,99.4863,105.584,98.1747,104.498,104.498,6119868
2020-03-31,103.601,109.391,103.167,108.563,108.563,9598335
2020-04-01,104.863,109.233,102.427,104.173,104.173,7318527
2020-04-02,104.064,110.881,103.975,109.223,109.223,8664795
2020-04-03,108.049,109.322,104.893,107.3,107.3,5383420
2020-04-06,112.302,113.889,110.516,112.656,112.656,6184064
2020-04-07,114.965,120.489,112.736,114.077,114.077,9074525
2020-04-08,115.053,119.927,113.238,119.186,119.186,5008769
2020-04-09,120.361,121.249,115.201,116.957,116.957,5080815
2020-04-13,112.232,112.312,106.244,106.786,106.786,11244065
2020-04-14,108.987,110.249,107.142,108.967,108.967,7659866
2020-04-15,105.702,105.82,102.713,104.33,104.33,6042101
2020-04-16,104.636,106.146,101.845,105.928,105.928,6334583
2020-04-17,108.049,110.042,107.497,109.815,109.815,4376650
2020-04-20,108.039,110.525,105.86,108.197,108.197,4325376
2020-04-21,104.834,104.834,102.525,103.719,103.719,6082957
2020-04-22,105.79,105.85,103.117,104.449,104.449,4019555
2020-04-23,105.12,108.799,104.755,106.6,106.6,3755122
2020-04-24,107.625,107.99,105.001,107.675,107.675,3226149
2020-04-27,104.656,109.647,103.611,108.769,108.769,5660933
2020-04-28,111.275,111.404,107.053,109.007,109.007,5936126
2020-04-29,110.427,114.087,110.032,113.357,113.357,4513159
2020-04-30,111.404,111.65,108.888,109.885,109.885,4279483
2020-05-01,107.635,108.187,104.38,104.686,104.686,4194617
2020-05-04,103.877,104.113,100.621,101.716,101.716,4766858
2020-05-05,103.147,104.883,102.653,102.821,102.821,3683337
2020-05-06,103.887,104.084,100.74,101.667,101.667,4729362
2020-05-07,102.929,103.906,100.818,101.302,101.302,4638181
2020-05-08,102.881,105.928,102.249,105.85,105.85,4144876
2020-05-11,104.005,104.577,102.15,102.535,102.535,4456114
2020-05-12,103.019,103.235,99.1415,99.1415,99.1415,4103187
2020-05-13,99.2796,99.4277,96.8262,98.6384,98.6384,5694079
2020-05-14,96.7788,100.345,94.6224,100.256,100.256,5870222
2020-05-15,99.319,101.963,98.4509,101.894,101.894,6972466
2020-05-18,105.938,109.203,105.77,108.592,108.592,5935893
2020-05-19,108.533,108.987,105.78,105.83,105.83,3606273
2020-05-20,106.994,110.92,106.738,109.233,109.233,3956651
2020-05-21,108.533,109.223,107.467,107.694,107.694,2481197
2020-05-22,107.753,107.783,105.258,106.176,106.176,2896832
2020-05-26,109.509,111.956,109.509,110.851,110.851,4432671
2020-05-27,113.031,115.655,112.854,115.587,115.587,4726615
2020-05-28,117.786,117.865,113.574,114.008,114.008,3965692
2020-05-29,112.952,113.978,111.009,113.426,113.426,4531116
2020-06-01,113.16,114.422,111.048,113.771,113.771,2259846
2020-06-02,115.023,116.888,114.501,116.435,116.435,3153602
2020-06-03,118.446,120.252,118.042,120.006,120.006,3932192
2020-06-04,118.408,121.831,117.776,121.761,121.761,3258650
2020-06-05,130.156,131.577,125.944,127.581,127.581,5922639
2020-06-08,127.749,132.13,127.749,130.038,130.038,4384023
2020-06-09,127.493,127.839,125.776,126.684,126.684,4045520
2020-06-10,126.26,127.809,123.251,125.046,125.046,4256430
2020-06-11,119.354,119.769,114.738,114.767,114.767,6322372
2020-06-12,117.46,118.19,112.676,116.277,116.277,4758402
2020-06-15,111.906,117.441,111.414,116.701,116.701,4336347
2020-06-16,124.03,125.046,119.335,122.847,122.847,7299989
2020-06-17,122.896,123.172,120.617,121.071,121.071,3419046
2020-06-18,120.045,121.781,119.631,120.449,120.449,2613601
2020-06-19,122.738,122.738,118.694,120.341,120.341,6868557
2020-06-22,119.305,119.424,117.648,118.742,118.742,2972319
2020-06-23,120.282,120.43,118.782,119.196,119.196,2496500
2020-06-24,117.826,117.875,115.014,115.231,115.231,3989234
2020-06-25,114.827,117.865,114.067,117.746,117.746,3075170
2020-06-26,117.392,117.49,114.669,115.557,115.557,3861436
2020-06-29,116.79,118.99,116.395,118.28,118.28,2964179
2020-06-30,117.076,119.976,117.076,119.444,119.444,2943184
2020-07-01,122.166,122.185,118.832,119.01,119.01,2973849
2020-07-02,121.091,123.044,120.094,120.578,120.578,2677007
2020-07-06,122.867,123.202,121.012,122.215,122.215,2639320
2020-07-07,120.597,121.555,119.73,120.104,120.104,2137618
2020-07-08,122.117,122.117,119.414,120.973,120.973,2414776
2020-07-09,120.4,121.189,118.141,118.694,118.694,2821046
2020-07-10,118.92,121.071,118.772,120.854,120.854,2850648
2020-07-13,122.205,124.712,121.653,123.271,123.271,3927721
2020-07-14,123.024,129.634,122.027,129.249,129.249,6927631
2020-07-15,132.356,132.356,129.446,130.63,130.63,5205931
2020-07-16,130.58,133.106,129.91,130.828,130.828,3835738
2020-07-17,131.142,131.676,129.87,130.226,130.226,2584383
2020-07-20,129.15,130.275,127.701,128.065,128.065,2605078
2020-07-21,128.203,130.502,127.867,129.259,129.259,3393088
2020-07-22,128.647,131.142,128.588,130.304,130.304,2267806
2020-07-23,130.226,130.818,129.101,129.94,129.94,1696469
2020-07-24,130.512,131.922,130.176,130.866,130.866,2140694
2020-07-27,130.472,133.501,130.384,133.067,133.067,2635767
2020-07-28,132.169,133.155,131.192,131.291,131.291,2134000
2020-07-29,131.824,134.211,131.084,133.669,133.669,2458211
2020-07-30,132.307,132.327,129.338,130.058,130.058,3220569
2020-07-31,125.974,128.559,123.872,126.408,126.408,7129902
2020-08-03,125.846,126.507,124.702,125.352,125.352,2998940
2020-08-04,124.958,125.984,124.306,125.096,125.096,2419857
2020-08-05,126.309,129.308,126.142,128.391,128.391,2954242
2020-08-06,127.957,128.598,127.177,127.829,127.829,2571775
2020-08-07,127.473,128.519,126.053,128.341,128.341,2337901
2020-08-10,129.121,135.227,129.061,135.089,135.089,5447297
2020-08-11,136.992,139.055,135.355,135.572,135.572,4421660
2020-08-12,136.924,137.13,134.447,135.612,135.612,2671680
2020-08-13,134.705,135.77,132.948,133.807,133.807,3090644
2020-08-14,132.652,134.013,132.001,133.126,133.126,2143030
2020-08-17,133.313,133.737,131.548,131.952,131.952,2401159
2020-08-18,132.179,133.274,131.34,131.616,131.616,1643317
2020-08-19,131.744,133.086,130.758,131.282,131.282,1944284
2020-08-20,129.377,131.252,129.042,130.778,130.778,2396877
2020-08-21,130.127,132.228,130.127,131.676,131.676,2654050
2020-08-24,132.938,135.316,132.307,134.763,134.763,3071540
2020-08-25,135.71,137.87,133.679,134.271,134.271,2594147
2020-08-26,133.619,135.493,132.988,134.901,134.901,2502320
2020-08-27,135.197,137.288,134.399,136.391,136.391,3164642
2020-08-28,137.23,138.729,135.73,136.628,136.628,3888366
2020-08-31,136.52,136.598,135.335,135.365,135.365,3034494
2020-09-01,134.753,138.976,134.033,138.907,138.907,2812882
2020-09-02,139.715,142.251,139.252,141.994,141.994,4747018
2020-09-03,141.343,143.83,138.226,139.607,139.607,4708719
2020-09-04,141.452,143.424,138.897,140.939,140.939,5392408
2020-09-08,139.843,143.405,138.611,141.274,141.274,5020055
2020-09-09,142.488,147.883,141.945,145.24,145.24,5619138
2020-09-10,144.598,145.773,141.501,142.547,142.547,4611908
2020-09-11,143.138,146.867,142.912,146.335,146.335,3403029
2020-09-14,146.493,147.253,144.776,146.019,146.019,2701103
2020-09-15,146.681,146.937,141.117,141.353,141.353,4302261
2020-09-16,142.675,144.569,141.126,143.75,143.75,3473623
2020-09-17,142.537,148.633,141.886,146.375,146.375,4717065
2020-09-18,146.187,148.604,144.648,144.954,144.954,5375717
2020-09-21,141.313,142.202,136.844,138.256,138.256,4497509
2020-09-22,137.94,140.307,137.446,139.991,139.991,2711768
2020-09-23,140.287,141.659,136.598,137.328,137.328,2544215
2020-09-24,136.992,140.249,135.77,138.068,138.068,2248472
2020-09-25,136.864,139.548,136.036,138.788,138.788,1943655
2020-09-28,140.771,142.971,140.229,140.475,140.475,2326151
2020-09-29,141.126,141.718,139.064,140.229,140.229,1707425
2020-09-30,140.771,143.592,140.535,141.886,141.886,3829603
2020-10-01,142.606,142.971,138.552,139.557,139.557,2268020
2020-10-02,137.22,143.878,136.736,142.626,142.626,3385633
2020-10-05,144.746,146.917,144.224,145.999,145.999,2730842
2020-10-06,146.493,147.864,143.908,144.145,144.145,2691031
2020-10-07,145.802,148.456,145.733,147.223,147.223,2454142
2020-10-08,148.15,149.097,146.709,149.028,149.028,1937731
2020-10-09,150.172,151.603,149.708,151.188,151.188,4293609
2020-10-12,152.175,155.233,151.731,154.69,154.69,4499215
2020-10-13,153.832,155.213,153.25,154.227,154.227,3489409
2020-10-14,154.74,156.782,154.592,155.628,155.628,4297127
2020-10-15,152.471,157.689,152.353,156.989,156.989,3110639
2020-10-16,159.09,162.178,158.489,160.52,160.52,5856644
2020-10-19,160.511,161.734,158.665,159.357,159.357,2899554
2020-10-20,160.007,162.908,159.721,160.747,160.747,3162573
2020-10-21,161.526,162.188,158.607,159.238,159.238,2630284
2020-10-22,159.791,161.566,158.755,161.398,161.398,2478644
2020-10-23,162.079,163.332,160.353,161.359,161.359,2985508
2020-10-26,159.475,159.475,153.921,156.2,156.2,4708867
2020-10-27,154.049,154.888,150.271,151.129,151.129,5075918
2020-10-28,147.193,148.752,144.056,144.668,144.668,5898532
2020-10-29,144.135,148.83,143.198,148.022,148.022,4040758
2020-10-30,147.351,150.547,146.463,150.31,150.31,4571726
2020-11-02,152.372,156.812,150.882,156.268,156.268,4255185
2020-11-03,157.916,161.744,156.072,160.481,160.481,5060978
2020-11-04,152.353,155.39,148.574,148.574,148.574,9489334
2020-11-05,150.902,157.877,150.833,156.092,156.092,5038018
2020-11-06,156.89,158.429,153.852,154.375,154.375,3116894
2020-11-09,166.558,168.806,162.819,163.5,163.5,6237541
2020-11-10,164.515,167.475,163.45,164.901,164.901,3656148
2020-11-11,164.979,165.335,160.264,162.168,162.168,2450790
2020-11-12,161.576,163.736,160.441,161.862,161.862,2284755
2020-11-13,162.986,164.831,161.912,164.328,164.328,2216422
2020-11-16,167.485,167.485,164.447,165.729,165.729,4077518
2020-11-17,164.782,165.078,162.878,164.525,164.525,2205978
2020-11-18,164.654,167.83,164.654,165.335,165.335,3307165
2020-11-19,165.097,165.789,163.391,165.473,165.473,2102386
2020-11-20,165.049,165.669,163.934,164.841,164.841,2560411
2020-11-23,166.291,167.948,165.779,167.278,167.278,2513104
2020-11-24,168.688,170.671,167.732,169.29,169.29,3602669
2020-11-25,168.896,168.916,165.373,167.14,167.14,2619128
2020-11-27,166.923,168.363,166.41,167.554,167.554,1020707
2020-11-30,166.143,167.366,165.029,166.123,166.123,2489600
2020-12-01,167.84,168.984,165.512,165.798,165.798,2831896
2020-12-02,165.798,166.933,164.891,166.4,166.4,2059521
2020-12-03,166.4,167.554,165.817,167.14,167.14,3034466
2020-12-04,168.363,175.92,168.067,174.38,174.38,6359351
2020-12-07,172.644,172.644,168.984,171.027,171.027,4792992
2020-12-08,170.02,172.97,169.872,171.145,171.145,2090949
2020-12-09,171.905,172.723,169.389,172.339,172.339,3045696
2020-12-10,171.539,171.815,169.527,171.155,171.155,3248998
2020-12-11,169.379,172.063,168.668,171.589,171.589,2793590
2020-12-14,172.841,175.456,170.139,170.405,170.405,2647355
2020-12-15,172.201,174.904,171.323,173.936,173.936,2466727
2020-12-16,173.069,173.483,170.711,171.787,171.787,2123218
2020-12-17,172.911,172.96,170.908,171.471,171.471,2399749
2020-12-18,172.339,173.512,169.843,173.177,173.177,5498977
2020-12-21,169.33,173.108,168.758,172.427,172.427,2163931
2020-12-22,171.589,172.427,168.916,168.994,168.994,2607103
2020-12-23,169.823,171.589,169.399,170.76,170.76,1946126
2020-12-24,171.747,172.121,170.701,171.845,171.845,612022
2020-12-28,172.723,173.335,170.661,170.721,170.721,1576535
2020-12-29,171.471,171.677,167.584,169.064,169.064,1557247
2020-12-30,172.053,174.39,171.007,172.309,172.309,2842735
2020-12-31,172.516,174.282,171.066,174.212,174.212,1794977
2021-01-04,175.13,177.991,172.516,174.322,174.322,4261474
2021-01-05,173.424,177.833,173.424,175.762,175.762,3065429
2021-01-06,179.106,188.813,178.149,185.528,185.528,8395395
2021-01-07,188.398,188.901,183.939,185.883,185.883,5535290
2021-01-08,185.518,186.88,183.111,185.912,185.912,3329682
2021-01-11,183.328,187.076,182.124,185.528,185.528,2655334
2021-01-12,186.317,189.483,185.005,189.059,189.059,2576782
2021-01-13,190.253,191.565,187.382,187.462,187.462,3296328
2021-01-14,187.668,189.395,186.978,188.931,188.931,2598197
2021-01-15,187.244,187.294,182.687,186.258,186.258,3466028
2021-01-19,186.938,188.684,186.12,186.712,186.712,2454111
2021-01-20,185.36,186.564,183.199,185.054,185.054,2599536
2021-01-21,185.064,186.386,182.864,184.916,184.916,2028218
2021-01-22,183.624,185.518,182.134,184.679,184.679,2106962
2021-01-25,183.338,184.117,179.895,180.24,180.24,3988129
2021-01-26,180.496,182.233,179.757,180.122,180.122,2604586
2021-01-27,177.221,178.523,172.545,173.798,173.798,4256488
2021-01-28,175.357,180.506,174.44,177.359,177.359,3581030
2021-01-29,176.541,181.67,173.878,175.92,175.92,4720105
2021-02-01,178.918,179.727,175.12,177.735,177.735,2845996
2021-02-02,179.441,185.478,178.603,185.202,185.202,5472586
2021-02-03,183.683,184.275,181.908,184.196,184.196,3096441
2021-02-04,184.739,185.311,183.002,184.393,184.393,2342763
2021-02-05,185.222,186.978,182.815,185.686,185.686,2328275
2021-02-08,187.61,190.065,187.294,189.977,189.977,2832931
2021-02-09,190.065,191.141,187.5,189.809,189.809,2423322
2021-02-10,190.993,192.147,188.823,190.233,190.233,2927292
2021-02-11,190.115,190.914,187.037,190.845,190.845,2263882
2021-02-12,190.479,191.22,189.296,190.489,190.489,1875399
2021-02-16,192.186,197.405,191.693,194.712,194.712,3869174
2021-02-17,194.722,195.215,192.226,194.643,194.643,2506444
2021-02-18,193.912,195.205,191.062,192.344,192.344,2438561
2021-02-19,195.551,203.452,195.018,201.963,201.963,5131648
2021-02-22,201.696,210.584,201.4,209.795,209.795,4758496
2021-02-23,211.216,212.38,205.208,211.838,211.838,4287493
2021-02-24,212.064,218.092,211.542,214.047,214.047,5118851
2021-02-25,215.142,215.901,211.403,213.416,213.416,4482790
2021-02-26,212.4,213.978,207.645,207.704,207.704,4636885
2021-03-01,210.999,214.155,210.614,211.433,211.433,2984875
2021-03-02,210.417,211.028,206.866,207.645,207.645,2966672
2021-03-03,204.113,209.311,203.985,206.766,206.766,2768824
2021-03-04,206.352,208.463,200.572,204.705,204.705,3708807
2021-03-05,206.224,212.43,203.491,211.818,211.818,3744045
2021-03-08,212.616,215.803,209.943,213.189,213.189,3168684
2021-03-09,212.992,213.909,207.951,208.591,208.591,3016629
2021-03-10,209.479,213.633,208.967,212.706,212.706,2531636
2021-03-11,214.57,215.123,210.851,211.433,211.433,3076518
2021-03-12,210.713,220.341,209.855,220.321,220.321,4943746
2021-03-15,220.203,223.034,217.273,221.998,221.998,4382887
2021-03-16,219.098,222.452,216.267,217.884,217.884,3678490
2021-03-17,219.492,225.431,218.536,224.79,224.79,3657003
2021-03-18,225.154,228.785,221.041,221.939,221.939,4506902
2021-03-19,220.084,220.962,215.557,216.77,216.77,7779657
2021-03-22,218.042,218.574,215.093,217.46,217.46,2298614
2021-03-23,213.642,216.72,208.453,209.983,209.983,4175708
2021-03-24,212.162,218.516,212.162,212.854,212.854,4425546
2021-03-25,210.93,216.454,207.852,215.753,215.753,3015979
2021-03-26,217.776,221.139,216.691,220.814,220.814,3159795
2021-03-29,219.463,223.083,219.088,221.505,221.505,3121440
2021-03-30,222.442,225.816,222.383,224.248,224.248,3262652
2021-03-31,225.48,228.025,220.183,223.103,223.103,4689922
2021-04-01,222.541,226.092,218.98,223.912,223.912,3936106
2021-04-05,226.092,226.743,223.576,224.868,224.868,2415035
2021-04-06,223.685,227.699,221.515,221.899,221.899,2717434
2021-04-07,223.192,225.322,220.666,221.683,221.683,2546024
2021-04-08,221.416,222.294,218.566,221.751,221.751,2243820
2021-04-09,222.541,223.418,218.93,222.008,222.008,2580609
2021-04-12,221.573,222.541,220.262,222.175,222.175,1754645
2021-04-13,224.572,224.662,219.414,220.666,220.666,2376423
2021-04-14,220.913,225.362,220.863,223.764,223.764,2589086
2021-04-15,224.316,224.602,221.998,223.704,223.704,1933367
2021-04-16,225.717,227.019,223.478,224.524,224.524,2212174
2021-04-19,224.07,224.267,221.209,223.586,223.586,1780054
2021-04-20,222.146,222.541,217.046,219.019,219.019,2926605
2021-04-21,218.713,223.794,217.46,223.646,223.646,2055550
2021-04-22,224.414,224.592,220.104,220.222,220.222,2505531
2021-04-23,221.673,223.872,220.242,222.393,222.393,3581061
2021-04-26,222.846,225.056,222.245,222.837,222.837,1929511
2021-04-27,222.57,223.132,220.429,222.619,222.619,2027240
2021-04-28,222.333,225.875,221.693,224.514,224.514,3068173
2021-04-29,227.137,227.315,215.714,219.848,219.848,5631164
2021-04-30,217.964,220.735,217.342,220.459,220.459,4090600
2021-05-03,222.284,223.192,219.591,220.518,220.518,3293269
2021-05-04,219.394,226.151,217.796,225.589,225.589,4180804
2021-05-05,226.763,231.31,226.763,229.9,229.9,2503765
2021-05-06,230.018,232.909,228.085,229.13,229.13,4683951
2021-05-07,227.729,233.777,225.352,232.909,232.909,3443342
2021-05-10,235.345,237.554,234.457,234.467,234.467,3883054
2021-05-11,230.788,234.842,228.617,231.28,231.28,3272803
2021-05-12,233.185,235.079,228.519,229.357,229.357,3795681
2021-05-13,228.124,232.909,226.713,232.021,232.021,2306081
2021-05-14,233.885,235.197,232.03,234.112,234.112,2112410
2021-05-17,234.595,237.23,233.037,236.578,236.578,2067716
2021-05-18,236.578,237.318,231.39,231.438,231.438,2520706
2021-05-19,228.183,229.14,224.158,228.943,228.943,3252105
2021-05-20,229.515,229.633,224.8,227.127,227.127,3455268
2021-05-21,228.677,231.38,227.147,229.288,229.288,2565349
2021-05-24,229.712,231.666,228.301,231.034,231.034,2454979
2021-05-25,231.478,233.777,228.815,229.219,229.219,2344265
2021-05-26,229.446,231.468,228.696,229.732,229.732,2141804
2021-05-27,233.411,235.217,230.926,233.195,233.195,3719333
2021-05-28,233.797,234.141,230.798,232.997,232.997,2370370
2021-06-01,235.828,236.716,233.697,234.615,234.615,2561823
2021-06-02,234.921,236.884,232.642,235.306,235.306,2430219
2021-06-03,234.309,238.166,232.79,235.671,235.671,1989864
2021-06-04,236.904,238.413,234.201,235.838,235.838,1901646
2021-06-07,235.868,236.144,230.63,231.715,231.715,2411501
2021-06-08,231.38,233.125,228.143,232.11,232.11,2289127
2021-06-09,230.984,231.172,226.595,226.792,226.792,3020834
2021-06-10,228.223,228.726,218.022,218.17,218.17,6499700
2021-06-11,218.713,220.281,212.666,213.297,213.297,9037806
2021-06-14,212.706,214.54,208.375,211.66,211.66,7463456
2021-06-15,212.528,213.376,209.015,212.104,212.104,5231206
2021-06-16,211.66,212.034,209.431,209.874,209.874,4301016
2021-06-17,209.687,210.949,200.907,202.436,202.436,8272575
2021-06-18,199.27,204.705,198.608,201.864,201.864,7404548
2021-06-21,204.458,208.01,204.32,206.066,206.066,5829243
2021-06-22,206.332,207.625,204.103,205.988,205.988,3907344
2021-06-23,206.442,209.499,205.454,206.628,206.628,3397231
2021-06-24,209.283,214.501,208.109,211.986,211.986,7064355
2021-06-25,213.761,214.323,208.049,209.065,209.065,11665165
2021-06-28,209.193,209.509,206.402,209.025,209.025,3281963
2021-06-29,210.742,211.374,207.388,207.891,207.891,3562791
2021-06-30,207.418,210.653,206.875,210.338,210.338,3362240
2021-07-01,211.808,212.43,208.907,209.44,209.44,2510479
2021-07-02,210.367,211.048,208.355,210.466,210.466,2518789
2021-07-06,210.121,210.269,204.261,206.362,206.362,4498915
2021-07-07,205.554,207.852,204.083,207.487,207.487,2801557
2021-07-08,202.959,206.737,202.889,205.001,205.001,3852960
2021-07-09,208.671,211.275,207.22,210.131,210.131,3273475
2021-07-12,208.789,211.6,207.645,211.255,211.255,2596060
2021-07-13,211.61,211.699,207.497,207.97,207.97,2455579
2021-07-14,208.039,208.414,204.143,204.547,204.547,3295665
2021-07-15,203.235,206.234,203.077,204.33,204.33,2832827
2021-07-16,205.346,205.564,200.078,200.976,200.976,4520264
2021-07-19,196.537,197.977,193.588,197.316,197.316,5548274
2021-07-20,197.287,202.713,196.567,202.071,202.071,4049394
2021-07-21,202.801,204.981,201.696,204.754,204.754,3506647
2021-07-22,205.02,205.386,202.623,203.235,203.235,1987861
2021-07-23,203.561,204.409,201.973,203.591,203.591,2369716
2021-07-26,203.896,206.066,203.561,205.05,205.05,2220852
2021-07-27,201.647,205.08,201.134,203.955,203.955,2544042
2021-07-28,204.054,206.668,202.209,205.445,205.445,3341539
2021-07-29,207.931,208.434,203.748,206.54,206.54,3519378
2021-07-30,202.012,202.751,197.385,200.887,200.887,6005048
2021-08-02,202.111,204.922,199.142,199.338,199.338,4093070
2021-08-03,199.486,203.353,197.661,202.603,202.603,3684898
2021-08-04,202.327,203.649,198.579,198.727,198.727,3034648
2021-08-05,199.428,201.765,198.904,201.321,201.321,2764137
2021-08-06,203.087,204.429,201.765,202.455,202.455,2755187
2021-08-09,201.41,203.935,200.286,202.969,202.969,2827323
2021-08-10,204.054,208.809,203.037,208,208,4315833
2021-08-11,209.617,216.267,208.493,215.379,215.379,8021341
2021-08-12,215.941,217.421,212.282,213.998,213.998,4575879
2021-08-13,213.642,214.303,211.551,212.38,212.38,2109172
2021-08-16,211.206,211.818,208.266,211.532,211.532,3225664
2021-08-17,210.091,210.259,204.616,207.388,207.388,4140102
2021-08-18,206.48,207.497,203.777,203.867,203.867,3033668
2021-08-19,202.279,203.037,197.445,198.658,198.658,4927753
2021-08-20,199.595,201.381,197.819,199.132,199.132,2846150
2021-08-23,201.371,203.807,200,203.215,203.215,2909805
2021-08-24,203.807,207.23,203.591,206.57,206.57,2558411
2021-08-25,207.132,209.588,206.146,208.681,208.681,2675603
2021-08-26,208.434,208.434,204.518,205.258,205.258,2587245
2021-08-27,206.244,207.97,206.204,206.796,206.796,2584609
2021-08-30,207.181,207.684,204.823,205.454,205.454,1978170
2021-08-31,205.297,206.284,204.458,204.892,204.892,2941207
2021-09-01,204.892,205.011,200.759,202.071,202.071,4243103
2021-09-02,202.999,206.914,202.999,205.78,205.78,3007490
2021-09-03,205.168,206.766,204.054,204.409,204.409,2586290
2021-09-07,204.093,204.389,201.953,202.337,202.337,2720259
2021-09-08,201.252,202.229,198.974,200.907,200.907,2678994
2021-09-09,200.65,202.259,199.092,199.595,199.595,2859168
2021-09-10,201.233,201.992,199.023,199.2,199.2,2625560
2021-09-13,201.292,201.973,198.155,200.364,200.364,2777832
2021-09-14,200.206,200.266,195.925,196.597,196.597,3867164
2021-09-15,196.449,200.739,196.153,199.9,199.9,3440189
2021-09-16,199.624,200.552,197.079,197.829,197.829,3211118
2021-09-17,196.892,197.503,193.794,194.09,194.09,6540339
2021-09-20,187.59,188.487,183.131,185.409,185.409,9417876
2021-09-21,186.564,187.244,181.68,184.463,184.463,5866051
2021-09-22,186.564,188.99,185.745,185.932,185.932,4038844
2021-09-23,187.442,191.999,187.382,191.052,191.052,3465976
2021-09-24,190.115,192.186,189.405,191.239,191.239,2263604
2021-09-27,191.999,196.271,191.999,194.337,194.337,3121540
2021-09-28,194.524,196.172,193.124,194.87,194.87,3342155
2021-09-29,194.801,195.462,192.098,192.266,192.266,3040860
2021-09-30,192.996,193.232,186.198,186.534,186.534,5129336
2021-10-01,187.432,190.313,185.824,188.823,188.823,3803242
2021-10-04,189.217,190.351,186.958,187.658,187.658,2948087
2021-10-05,187.294,188.892,185.321,187.047,187.047,3164240
2021-10-06,184.621,186.938,182.48,186.426,186.426,3887809
2021-10-07,188.24,190.825,188.132,190.213,190.213,3612876
2021-10-08,190.253,191.013,189.217,189.631,189.631,2792414
2021-10-11,190.775,191.585,187.214,187.422,187.422,2073919
2021-10-12,186.87,188.102,184.205,184.541,184.541,4843959
2021-10-13,185.103,185.834,182.401,183.585,183.585,3349285
2021-10-14,188.073,189.277,187.156,188.823,188.823,5366420
2021-10-15,190.401,193.794,189.769,193.38,193.38,4874441
2021-10-18,191.792,193.054,190.007,192.562,192.562,2891344
2021-10-19,192.976,195.767,192.838,195.442,195.442,2703598
2021-10-20,195.462,199.358,194.85,198.411,198.411,3021609
2021-10-21,195.886,196.567,194.08,196.419,196.419,3160831
2021-10-22,196.033,197.701,194.623,196.043,196.043,2694269
2021-10-25,196.655,198.638,195.905,197.563,197.563,3372136
2021-10-26,198.096,198.135,194.89,195.057,195.057,3002531
2021-10-27,195.649,195.827,191.417,191.624,191.624,3486733
2021-10-28,192.828,199.802,192.522,199.398,199.398,4567615
2021-10-29,203.215,204.932,198.569,199.318,199.318,4393111
2021-11-01,199.595,202.131,199.132,200.66,200.66,3290758
2021-11-02,201.025,203.037,198.342,202.367,202.367,3510250
2021-11-03,201.519,201.834,197.188,198.875,198.875,3210717
2021-11-04,199.309,200.187,197.957,198.914,198.914,2603239
2021-11-05,200.759,204.083,200.522,201.154,201.154,2652164
2021-11-08,210.93,211.492,206.402,209.331,209.331,6084395
2021-11-09,210.239,210.624,204.162,204.991,204.991,3388067
2021-11-10,204.468,205.129,201.686,201.923,201.923,3338439
2021-11-11,203.107,205.602,203.107,203.738,203.738,4933117
2021-11-12,204.547,205.85,203.511,204.468,204.468,2065396
2021-11-15,205.178,205.85,202.012,202.939,202.939,2448817
2021-11-16,203.225,203.393,200.552,200.71,200.71,2188295
2021-11-17,200.296,200.483,196.241,198.322,198.322,3209381
2021-11-18,198.599,199.032,196.053,196.793,196.793,2170958
2021-11-19,196.31,198.263,195.077,195.837,195.837,3050821
2021-11-22,196.863,199.842,195.491,197.731,197.731,2658333
2021-11-23,198.392,200.848,196.961,200.611,200.611,3201445
2021-11-24,198.984,203.472,198.421,202.317,202.317,3971702
2021-11-26,196.389,196.823,192.098,194.17,194.17,3578155
2021-11-29,196.605,196.873,188.842,191.417,191.417,4667094
2021-11-30,189.385,192.266,187.156,188.911,188.911,6507479
2021-12-01,193.044,193.874,186.968,187.076,187.076,3507601
2021-12-02,187.896,193.084,187.402,192.275,192.275,3526662
2021-12-03,193.134,194.81,191.239,193.252,193.252,3327345
2021-12-06,194.998,198.589,193.784,196.655,196.655,2905158
2021-12-07,198.618,201.469,198.401,199.792,199.792,2884222
2021-12-08,199.714,201.459,198.934,199.496,199.496,2396252
2021-12-09,198.441,200.266,196.271,199.438,199.438,1685287
2021-12-10,200.68,201.173,197.464,198.786,198.786,3393094
2021-12-13,199.142,199.556,195.847,196.625,196.625,1912412
2021-12-14,195.403,199.299,195.215,197.011,197.011,2301651
2021-12-15,196.389,197.947,194.08,197.898,197.898,2245289
2021-12-16,200.296,203.443,199.95,201.43,201.43,2923915
2021-12-17,200.246,200.542,196.605,196.745,196.745,6233864
2021-12-20,193.015,193.015,188.625,190.973,190.973,3689824
2021-12-21,192.472,194.446,192.226,193.755,193.755,2357523
2021-12-22,196.369,198.727,196.221,197.503,197.503,3642334
2021-12-23,198.746,202.545,198.618,201.459,201.459,2732381
2021-12-27,201.213,202.15,200.434,201.637,201.637,1751787
2021-12-28,201.44,203.472,201.4,201.874,201.874,1425928
2021-12-29,201.529,203.758,201.341,202.575,202.575,1366379
2021-12-30,202.575,204.113,201.203,201.341,201.341,1500396
2021-12-31,201.459,202.969,200.946,201.992,201.992,1406803
2022-01-03,202.575,203.807,201.075,202.249,202.249,2104916
2022-01-04,203.491,213.889,203.166,213.07,213.07,5365539
2022-01-05,213.169,218.23,213.169,214.708,214.708,5504592
2022-01-06,216.405,217.588,213.05,216.898,216.898,4005227
2022-01-07,217.391,220.785,217.125,219.048,219.048,3759757
2022-01-10,219.778,220.567,215.547,216.553,216.553,3822718
2022-01-11,216.908,216.997,211.61,214.905,214.905,3013489
2022-01-12,217.016,218.556,215.013,217.292,217.292,2565846
2022-01-13,217.766,222.649,217.52,221.781,221.781,5119937
2022-01-14,219.552,224.366,218.446,223.675,223.675,4063915
2022-01-18,222.481,225.145,221.643,224.592,224.592,5540779
2022-01-19,225.47,225.618,216.908,217.618,217.618,5084372
2022-01-20,217.046,217.825,212.104,212.686,212.686,3611469
2022-01-21,213.544,213.544,208.553,210.19,210.19,3824449
2022-01-24,207.309,211.048,202.889,210.427,210.427,5203164
2022-01-25,208.217,212.883,203.324,210.407,210.407,4638816
2022-01-26,211.078,214.895,208.375,210.387,210.387,3624574
2022-01-27,211.285,213.929,206.322,208.305,208.305,3751757
2022-01-28,201.844,204.212,193.212,197.494,197.494,10946765
2022-01-31,195.817,197.928,191.131,197.888,197.888,6293704
2022-02-01,197.139,202.041,196.883,201.607,201.607,4101385
2022-02-02,199.496,202.051,197.731,201.203,201.203,3557133
2022-02-03,201.262,202.121,196.449,196.931,196.931,2799234
2022-02-04,196.557,197.346,192.906,194.791,194.791,4003748
2022-02-07,195.215,197.859,194.416,196.181,196.181,2446632
2022-02-08,196.605,198.618,195.6,197.829,197.829,2451921
2022-02-09,198.944,200.384,198.401,199.89,199.89,2794684
2022-02-10,198.875,202.979,197.888,199.368,199.368,3604186
2022-02-11,199.714,200.917,196.477,197.573,197.573,3897787
2022-02-14,197.287,198.027,194.495,196.251,196.251,2781223
2022-02-15,197.04,200.72,196.369,199.704,199.704,2803988
2022-02-16,199.408,201.667,199.299,199.93,199.93,2295992
2022-02-17,197.336,198.086,190.895,191.19,191.19,4786874
2022-02-18,189.839,192.058,187.688,188.448,188.448,4466627
2022-02-22,188.448,191.348,187.076,187.728,187.728,3552701
2022-02-23,188.221,188.813,182.973,183.269,183.269,3616261
2022-02-24,178.711,181.898,176.393,181.326,181.326,6029357
2022-02-25,181.572,184.501,180.763,183.653,183.653,3661327
2022-02-28,180.98,185.331,180.329,184.157,184.157,5264491
2022-03-01,184.344,184.788,177.349,179.5,179.5,5205473
2022-03-02,181.828,190.036,181.631,189.099,189.099,5958496
2022-03-03,189.799,192.996,188.832,191.299,191.299,4511967
2022-03-04,187.619,192.433,186.84,192.098,192.098,4415195
2022-03-07,191.239,199.792,190.095,193.114,193.114,7040667
2022-03-08,200.158,210.969,199.299,206.174,206.174,9491628
2022-03-09,208.701,209.707,203.669,205.958,205.958,4887423
2022-03-10,205.573,213.554,204.389,207.931,207.931,4976970
2022-03-11,208.434,213.8,208.434,210.91,210.91,4120570
2022-03-14,212.36,214.501,209.045,211.512,211.512,3596400
2022-03-15,212.182,213.416,206.678,212.518,212.518,4445215
2022-03-16,213.534,215.487,208.453,212.144,212.144,4459983
2022-03-17,211.394,217.736,210.437,217.658,217.658,3667249
2022-03-18,215.477,217.658,214.027,216.888,216.888,4181324
2022-03-21,216.977,222.915,216.967,219.63,219.63,2956033
2022-03-22,220.37,221.731,217.302,218.654,218.654,2507189
2022-03-23,217.648,220.686,217.648,218.122,218.122,2038842
2022-03-24,218.486,220.903,217.47,218.16,218.16,2150054
2022-03-25,218.042,219.719,217.105,219.285,219.285,1610492
2022-03-28,218.288,218.624,215.043,217.806,217.806,3129535
2022-03-29,216.779,217.391,212.596,217.016,217.016,3735885
2022-03-30,217.954,221.761,216.681,219.019,219.019,2554125
2022-03-31,219.137,221.091,218.378,218.762,218.762,3210720
2022-04-01,220.262,221.407,214.185,215.763,215.763,2666910
2022-04-04,215.161,217.322,212.656,216.789,216.789,2221935
2022-04-05,215.991,218.318,211.216,212.084,212.084,3648609
2022-04-06,211.196,213.169,209.657,212.272,212.272,2834934
2022-04-07,211.532,212.37,209.667,211.966,211.966,2295616
2022-04-08,211.857,213.909,210.131,213.07,213.07,2495738
2022-04-11,213.07,214.777,211.818,212.114,212.114,2540995
2022-04-12,211.522,215.477,211.058,212.754,212.754,2554865
2022-04-13,212.972,215.675,212.458,214.293,214.293,1934287
2022-04-14,215.901,225.036,214.629,223.655,223.655,5436986
2022-04-18,223.843,230.107,223.843,225.727,225.727,3711629
2022-04-19,226.052,228.696,223.418,227.927,227.927,2739293
2022-04-20,229.298,232.06,228.341,230.798,230.798,2961656
2022-04-21,232.918,233.559,227.423,228.331,228.331,3637729
2022-04-22,225.312,226.684,212.686,213.376,213.376,5122946
2022-04-25,212.4,214.067,206.737,213.771,213.771,4202271
2022-04-26,213.208,215.251,206.52,207.457,207.457,4233897
2022-04-27,208.257,212.636,204.498,211.068,211.068,3404276
2022-04-28,204.621,210.081,199.27,209.569,209.569,6177784
2022-04-29,209.825,214.274,207.319,207.694,207.694,3450656
2022-05-02,207.161,209.889,204.853,209.203,209.203,2675678
2022-05-03,209.035,212.452,207.941,210.732,210.732,2150195
2022-05-04,212.044,220.272,210.935,219.581,219.581,3065082
2022-05-05,219.394,220.134,210.88,213.011,213.011,3046743
2022-05-06,214.077,214.077,207.507,211.748,211.748,2299485
2022-05-09,209.163,209.183,202.663,203.501,203.501,2970021
2022-05-10,205.425,206.688,198.668,200.246,200.246,3082214
2022-05-11,202.781,206.875,200.838,202.436,202.436,2587385
2022-05-12,200.858,202.565,196.601,200.286,200.286,3327046
2022-05-13,202.377,203.669,200.177,201.568,201.568,2355643
2022-05-16,201.647,206.382,200.927,204.389,204.389,2575795
2022-05-17,209.923,210.88,206.313,210.209,210.209,2307120
2022-05-18,210.949,214.955,204.715,205.129,205.129,4788006
2022-05-19,203.077,206.451,198.979,203.965,203.965,2927294
2022-05-20,203.659,203.837,191.417,195.146,195.146,5478557
2022-05-23,197.227,202.713,196.467,201.39,201.39,3291040
2022-05-24,199.28,202.919,198.569,202.871,202.871,2501785
2022-05-25,202.229,207.25,202.051,206.48,206.48,3122454
2022-05-26,208.691,210.747,207.556,210.111,210.111,2043581
2022-05-27,212.094,214.688,211.265,214.205,214.205,2048117
2022-05-31,211.886,215.142,210.604,212.932,212.932,3825216
2022-06-01,215.507,216.039,211.403,214.629,214.629,2345739
2022-06-02,216.622,217.854,214.313,217.026,217.026,1808662
2022-06-03,215.299,221.071,215.299,219.887,219.887,2253197
2022-06-06,219.887,221.724,219.246,220.607,220.607,1586962
2022-06-07,218.999,224.198,218.654,224.03,224.03,1823733
2022-06-08,222.245,229.209,221.583,226.694,226.694,4228503
2022-06-09,224.356,225.127,220.597,220.647,220.647,3089096
2022-06-10,216.533,217.243,212.104,212.272,212.272,2641099
2022-06-13,206.747,207.033,202.131,204.083,204.083,3608372
2022-06-14,205.248,206.895,202.495,203.896,203.896,2391338
2022-06-15,204.675,205.83,200.384,203.215,203.215,2375340
2022-06-16,198.352,198.53,190.637,192.157,192.157,4855538
2022-06-17,193.035,195.067,188.29,190.036,190.036,7325180
2022-06-21,194.436,195.738,191.249,193.716,193.716,2793111
2022-06-22,187.432,190.184,185.168,185.291,185.291,4067225
2022-06-23,184.057,184.699,173.641,176.255,176.255,6759295
2022-06-24,178.889,183.091,176.945,182.983,182.983,4935639
2022-06-27,185.538,187.51,183.308,185.054,185.054,3103036
2022-06-28,187.402,190.489,184.897,184.907,184.907,3373303
2022-06-29,184.788,185.035,179.668,181,181,2470312
2022-06-30,177.823,179.678,174.726,176.344,176.344,4254618
2022-07-01,176.886,178.869,171.371,175.88,175.88,3470065
2022-07-05,171.421,172.063,168.289,171.411,171.411,3776458
2022-07-06,171.135,172.309,167.002,169.981,169.981,3234302
2022-07-07,180.033,180.033,173.946,177.843,177.843,4741723
2022-07-08,177.793,178.79,174.006,176.679,176.679,2525222
2022-07-11,175.012,177.34,172.259,172.654,172.654,2811887
2022-07-12,172.378,174.844,170.267,172.131,172.131,2755646
2022-07-13,169.922,172.881,169.537,171.519,171.519,2421778
2022-07-14,167.456,168.392,164.821,167.643,167.643,2565917
2022-07-15,169.922,171.037,166.913,171.037,171.037,2313379
2022-07-18,173.749,174.312,170.375,171.145,171.145,2510343
2022-07-19,172.744,178.501,171.735,178.297,178.297,2689273
2022-07-20,177.592,179.598,175.888,178.774,178.774,2190651
2022-07-21,177.234,179.866,175.307,179.787,179.787,2229347
2022-07-22,180.284,181.585,176.161,177.433,177.433,1974614
2022-07-25,177.979,181.386,176.583,180.602,180.602,1857953
2022-07-26,179.956,182.424,179.38,180.025,180.025,1779501
2022-07-27,181.704,184.943,179.121,184.019,184.019,1869048
2022-07-28,185.608,188.26,182.976,186.591,186.591,2244120
2022-07-29,187.933,198.164,187.863,196.932,196.932,5222863
2022-08-01,193.783,195.879,192.115,193.565,193.565,3206444
2022-08-02,186.75,188.211,181.943,182.29,182.29,8247918
2022-08-03,182.102,184.207,180.393,181.655,181.655,4183700
2022-08-04,181.645,184.695,179.916,182.419,182.419,2495445
2022-08-05,182.36,184.863,182.012,184.158,184.158,1921291
2022-08-08,185.529,186.75,182.936,184.575,184.575,2673361
2022-08-09,184.714,186.631,183.929,184.794,184.794,2476462
2022-08-10,187.476,190.247,186.204,189.452,189.452,2320078
2022-08-11,191.548,194.28,190.634,192.711,192.711,2555979
2022-08-12,193.595,195.661,192.512,195.532,195.532,1877275
2022-08-15,192.115,195.194,191.787,194.648,194.648,1764311
2022-08-16,194.022,197.081,193.654,196.207,196.207,1972445
2022-08-17,193.704,195.591,192.581,194.628,194.628,1586988
2022-08-18,195.74,196.316,193.947,196.038,196.038,1762604
2022-08-19,193.972,195.909,192.522,194.3,194.3,2016971
2022-08-22,191.826,192.641,190.278,190.485,190.485,2022297
2022-08-23,191.469,196.823,191.201,195.899,195.899,2461443
2022-08-24,196.247,197.359,192.164,192.869,192.869,2520193
2022-08-25,194.191,197.588,193.277,197.558,197.558,1901370
2022-08-26,198.075,199.036,190.456,190.644,190.644,2577518
2022-08-29,188.737,191.885,187.744,190.505,190.505,2009950
2022-08-30,190.227,190.684,183.365,185.697,185.697,2709225
2022-08-31,185.39,186.81,183.274,183.482,183.482,2674337
2022-09-01,181.059,181.992,178.903,181.227,181.227,2704254
2022-09-02,183.621,184.505,178.655,179.628,179.628,2200097
2022-09-06,181.684,182.439,178.396,179.459,179.459,2156023
2022-09-07,177.92,180.63,177.006,179.658,179.658,2181529
2022-09-08,178.486,182.062,176.896,181.933,181.933,2260754
2022-09-09,186.303,188.499,185.971,188.231,188.231,2295096
2022-09-12,189.581,191.419,189.343,191.121,191.121,1950186
2022-09-13,186.601,188.787,182.28,183.085,183.085,2222393
2022-09-14,182.698,183.909,180.661,183.423,183.423,2310433
2022-09-15,183.443,185.301,180.472,181.277,181.277,1946061
2022-09-16,178.804,179.141,176.583,178.277,178.277,5122382
2022-09-19,176.072,181.515,175.625,180.9,180.9,2943392
2022-09-20,179.39,179.519,175.139,176.807,176.807,2529174
2022-09-21,178.088,179.29,170.738,170.807,170.807,4089081
2022-09-22,171.552,173.459,169.158,169.416,169.416,2525135
2022-09-23,167.539,168.314,160.655,163.148,163.148,4074303
2022-09-26,162.91,164.748,161.142,161.539,161.539,3234911
2022-09-27,163.367,163.474,159.533,161.36,161.36,2771938
2022-09-28,163.407,167.36,162.453,166.645,166.645,3719477
2022-09-29,164.599,165.483,162.453,164.797,164.797,3541755
2022-09-30,164.787,166.665,162.801,162.989,162.989,2983067
2022-10-03,166.317,172.213,164.946,170.092,170.092,3467776
2022-10-04,173.141,178.992,173.052,178.436,178.436,4035003
2022-10-05,175.973,179.062,175.514,177.194,177.194,3088002
2022-10-06,176.231,179.777,175.714,177.621,177.621,2431273
2022-10-07,175.545,177.766,173.976,176.37,176.37,2777700
2022-10-10,178.615,179.956,174.9,177.482,177.482,2651680
2022-10-11,175.645,181.863,175.496,178.555,178.555,2559487
2022-10-12,178.287,179.916,177.592,178.307,178.307,2275954
2022-10-13,172.595,183.721,171.557,181.923,181.923,3770995
2022-10-14,182.529,183.105,176.35,177.006,177.006,2849675
2022-10-17,181.088,183.085,178.009,179.598,179.598,2959849
2022-10-18,183.671,184.297,179.708,182.33,182.33,2691926
2022-10-19,181.724,184.466,180.79,183.184,183.184,2102775
2022-10-20,183.313,184.505,179.261,179.34,179.34,2973621
2022-10-21,179.73,190.41,179.21,190.22,190.22,3483823
2022-10-24,188.65,192.14,188.45,191.3,191.3,2919594
2022-10-25,190.01,195.67,188.92,194.84,194.84,2545049
2022-10-26,198.19,199.58,194.57,196.96,196.96,3547951
2022-10-27,210.15,217.13,207.37,212.14,212.14,7872157
2022-10-28,212.5,219.5,211.21,219.34,219.34,5161042
2022-10-31,215.34,218.8688,215.01,216.46,216.46,3786144
2022-11-01,218.63,219.4687,216.71,218.5,218.5,2717516
2022-11-02,217.6,221.6961,213.93,214.54,214.54,3150919
2022-11-03,211.54,221.79,211.3581,219.26,219.26,3570445
2022-11-04,224.02,229.73,223.6,227.85,227.85,4973751
2022-11-07,228,229.13,222.67,228.61,228.61,3405597
2022-11-08,228.61,232.63,226.67,229.81,229.81,3676620
2022-11-09,226.07,229.135,225.0624,225.54,225.54,6248284
2022-11-10,232.22,232.59,226.33,232.45,232.45,4590846
2022-11-11,233,238.4,231.9983,236.49,236.49,3585442
2022-11-14,236,239.85,234.5,236.5,236.5,3217733
2022-11-15,237.1,239.4,232.745,234.59,234.59,3371100
2022-11-16,234,234.66,230.8375,232.42,232.42,3061954
2022-11-17,227.75,230.53,225.51,230.44,230.44,3257638
2022-11-18,230.85,231.84,227.63,231.43,231.43,2868714
2022-11-21,231.55,233.67,228.27,232.17,232.17,2522619
2022-11-22,234,237.48,233.36,237.26,237.26,2523669
2022-11-23,237.63,239.63,235.61,236.92,236.92,2311283
2022-11-25,237,237.49,235.19,235.7,235.7,1034795
2022-11-28,233.94,234.955,231.57,232.3,232.3,2862337
2022-11-29,233.3,235.73,231.55,235.12,235.12,2277925
2022-11-30,235.9,236.76,230.79,236.41,236.41,3849956
2022-12-01,236.9,237,231.94,235.69,235.69,2504686
2022-12-02,233.89,238.47,233.59,236.13,236.13,2218271
2022-12-05,234.8,235.91,232.26,232.57,232.57,2064513
2022-12-06,232.59,233.05,225.56,228.29,228.29,3633800
2022-12-07,227,229.84,225.78,228.98,228.98,3044194
2022-12-08,230.91,232.5,229.54,230.92,230.92,2189369
2022-12-09,232,232.81,227.19,227.29,227.29,2256976
2022-12-12,227.55,233.4,227.02,233.06,233.06,2709227
2022-12-13,237.82,237.92,232.13,235.49,235.49,2945191
2022-12-14,236.06,238.22,233.12,234.48,234.48,3513780
2022-12-15,232.16,232.93,227.72,230.66,230.66,2953761
2022-12-16,228.63,233.215,228.05,232.72,232.72,7610743
2022-12-19,233.9,236.93,230.93,232.29,232.29,2622367
2022-12-20,232.44,235.72,231.86,235.14,235.14,2649895
2022-12-21,237.66,241.9101,237.66,241.73,241.73,4143626
2022-12-22,240.15,240.8,233.04,237.54,237.54,3129995
2022-12-23,236.95,240.54,236.5,239.87,239.87,1960066
2022-12-27,240.69,245.05,239.7223,243.14,243.14,3381464
2022-12-28,243.14,243.82,238.275,239.38,239.38,2269966
2022-12-29,241.21,241.61,238.27,240.2,240.2,1652542
2022-12-30,239.39,240.16,237.7,239.56,239.56,1521214
2023-01-03,240.68,240.68,236.2,238.88,238.88,2651884
2023-01-04,240,242.13,238.55,241.36,241.36,2387868
2023-01-05,240.53,241.535,237.56,240.28,240.28,2355923
2023-01-06,242.89,249.91,242.24,248.86,248.86,3945070
2023-01-09,249.01,250.97,246,246.62,246.62,3417307
2023-01-10,246.95,250.84,246.45,250.51,250.51,3011934
2023-01-11,251.49,251.89,247.125,250.73,250.73,2402410
2023-01-12,252,257.3799,251.01,255.07,255.07,3881458
2023-01-13,256.8,258.575,255.23,258.46,258.46,3067830
2023-01-17,258.86,260.5,255.935,256.26,256.26,4100061
2023-01-18,257.28,258.9099,252.07,252.82,252.82,3361371
2023-01-19,250.48,251.25,244.3,245.75,245.75,4885201
2023-01-20,246.87,249.92,244.76,249.71,249.71,2964106
2023-01-23,250.75,253.68,249.27,252.7,252.7,2610238
2023-01-24,252.88,259.0474,249.75,257.61,257.61,3505069
2023-01-25,254.53,259.185,254.32,258.44,258.44,2424912
2023-01-26,260,262.26,256.8913,262.12,262.12,2677234
2023-01-27,262.46,266.04,262.12,264.54,264.54,2782988
2023-01-30,263.34,264.9999,261.31,261.5,261.5,3426868
2023-01-31,257,257.39,246.41,252.29,252.29,10992111
2023-02-01,251.75,252.7,245.31,249.54,249.54,6022012
2023-02-02,249.33,249.53,241.8,244.9,244.9,6130329
2023-02-03,244,250.95,243.1268,247.76,247.76,4134653
2023-02-06,248.11,252.14,248,251.42,251.42,3528766
2023-02-07,250.55,252,245.3503,249.66,249.66,3467883
2023-02-08,248.1,251.56,247.08,248.87,248.87,2300252
2023-02-09,250,251.97,245.48,246.28,246.28,2464903
2023-02-10,246.28,248.63,244.64,247.67,247.67,2820453
2023-02-13,243.5,248.38,242.65,248.15,248.15,3068116
2023-02-14,247.01,247.31,241.65,244.36,244.36,2512857
2023-02-15,244.2,248.77,243.225,248.7,248.7,2399236
2023-02-16,246.5,248.53,244.52,246.52,246.52,1934871
2023-02-17,247.86,250.86,245.63,247.79,247.79,3759290
2023-02-21,244.5,248,239.75,240.71,240.71,3105908
2023-02-22,241.19,242.23,236.42,237.89,237.89,3145185
2023-02-23,240.67,240.8297,235.6,237.95,237.95,3218961
2023-02-24,235.23,236.69,233.02,236.17,236.17,2105656
2023-02-27,239.1,241.25,238.72,239.98,239.98,1721039
2023-02-28,240.94,241.1,238.71,239.55,239.55,2647745
2023-03-01,242.01,249.7,241.57,248.67,248.67,4117683
2023-03-02,246.51,252.49,246.13,252.18,252.18,2678457
2023-03-03,252.39,255.4,249.91,255.31,255.31,2314730
2023-03-06,255.65,255.7,251.58,253.98,253.98,2317075
2023-03-07,254.05,254.75,245.9499,246.14,246.14,3018405
2023-03-08,247.99,251.11,246.75,248.72,248.72,2068605
2023-03-09,248.95,250.13,240.605,240.96,240.96,2518845
2023-03-10,236.31,238.13,225.8,227.01,227.01,5767526
2023-03-13,222.58,228.33,221.54,224.7,224.7,4885063
2023-03-14,228.99,229.59,222.2,225.67,225.67,3754946
2023-03-15,219.4,221.1834,212.57,217.26,217.26,5471675
2023-03-16,215.67,219.81,213.32,218.71,218.71,3555109
2023-03-17,217.4,217.4,211.43,215.01,215.01,7203047
2023-03-20,217.35,221.87,216.48,220.31,220.31,3464160
2023-03-21,224.06,226,223.61,224.92,224.92,3074835
2023-03-22,225.17,226.59,219.86,219.95,219.95,2930156
2023-03-23,220.51,225.3,217.6007,219.44,219.44,2957536
2023-03-24,216.85,217.43,213.14,217.01,217.01,2977746
2023-03-27,214.93,218.96,213.92,218,218,3209536
2023-03-28,218.15,220.56,217.71,220.16,220.16,1801975
2023-03-29,222.74,223.22,221.5009,223,223,1857436
2023-03-30,225.05,226.344,223.99,224.54,224.54,1921317
2023-03-31,226.38,229.055,224.9,228.84,228.84,2746909
2023-04-03,230.01,233.85,228.86,229.87,229.87,2242533
2023-04-04,228.9,229.49,216.25,217.45,217.45,4282098
2023-04-05,216.2,217.8791,211.55,213.53,213.53,4265252
2023-04-06,212.67,213,208.94,209.17,209.17,4180062
2023-04-10,210.22,216.09,209.32,215.53,215.53,3838965
2023-04-11,216.17,222.9,216.17,220.6,220.6,3882026
2023-04-12,222.15,223.215,219.89,220.5,220.5,2385141
2023-04-13,219.94,222.18,216.66,221.67,221.67,2909059
2023-04-14,222.99,225.83,221.44,223.68,223.68,2246904
2023-04-17,225.01,226.92,224.3,225.24,225.24,1751839
2023-04-18,225.56,227.5,224.06,225.2,225.2,2567096
2023-04-19,224.8,225.15,222.41,224.65,224.65,2078502
2023-04-20,222.42,224.22,220.93,222.27,222.27,2826825
2023-04-21,220.67,220.99,217.5,220.27,220.27,2712742
2023-04-24,220.53,223.685,220.53,223.43,223.43,2790653
2023-04-25,222.36,223.2288,218.27,218.63,218.63,2505596
2023-04-26,217.73,220.39,216.12,216.19,216.19,3254731
2023-04-27,210.48,216.08,204.04,214.33,214.33,7711149
2023-04-28,213.24,220.555,213,218.8,218.8,4669549
2023-05-01,219.342,221.96,216.53,217.27,217.27,2876412
2023-05-02,217.11,217.11,210.59,215.15,215.15,2857991
2023-05-03,215.64,219.17,214.86,215.64,215.64,2635075
2023-05-04,216.05,216.93,209.33,210.38,210.38,3211007
2023-05-05,213.59,215.68,212.4,215.09,215.09,2716550
2023-05-08,216.44,218.11,213.63,214.79,214.79,2414108
2023-05-09,213.74,215.3937,211.95,213.49,213.49,4111863
2023-05-10,215.43,215.99,210.19,213.17,213.17,2446106
2023-05-11,209,210.28,208.415,210.03,210.03,3263278
2023-05-12,211.71,212.55,207.93,209.54,209.54,2172580
2023-05-15,210.31,213.305,209.15,211.29,211.29,1925794
2023-05-16,210.05,210.265,207.05,207.2,207.2,2771733
2023-05-17,209.28,213.835,208.65,212.1,212.1,2897517
2023-05-18,211,215.66,210.23,214.72,214.72,2643586
2023-05-19,219.46,219.8894,212.95,214.78,214.78,4402093
2023-05-22,214.25,217.16,211.89,214.26,214.26,2540614
2023-05-23,213.2,215.26,211.35,212.71,212.71,2298512
2023-05-24,211.81,212.48,209.22,209.7,209.7,2963968
2023-05-25,209.69,211.785,208.6,209.98,209.98,2243773
2023-05-26,211.74,213.28,210.205,211.8,211.8,1973881
2023-05-30,211.18,212.89,208.25,209.9,209.9,2885893
2023-05-31,209.13,210.78,205.6,205.75,205.75,5936977
2023-06-01,207.68,210.57,206.04,209.07,209.07,2989150
2023-06-02,214.95,227.78,214.01,226.63,226.63,8358196
2023-06-05,226.99,226.99,220.75,222.47,222.47,3438443
2023-06-06,221.86,228.27,221.45,226.68,226.68,3230095
2023-06-07,227.81,236.36,226.28,235.55,235.55,5586408
2023-06-08,234.54,236.28,231.74,234.45,234.45,3548041
2023-06-09,235.7,235.81,231.43,235.03,235.03,2489663
2023-06-12,235.23,238.885,233.3201,237.9,237.9,3645004
2023-06-13,240.08,246.68,239.68,245.44,245.44,4335106
2023-06-14,246.8,248.32,241.57,243.32,243.32,3122386
2023-06-15,244,248.3782,243.48,247.67,247.67,2743898
2023-06-16,249.4,250.89,244.97,245.27,245.27,5261185
2023-06-20,242.33,243.215,240.55,241.15,241.15,2980704
2023-06-21,238.84,245.26,238.0313,241.48,241.48,2892473
2023-06-22,240.23,240.98,235.95,237.34,237.34,2423665
2023-06-23,234.44,235.86,231.28,234.44,234.44,3354027
2023-06-26,235.46,239.6225,235.125,236.95,236.95,1748332
2023-06-27,237.48,240.84,235.32,240.69,240.69,2283013
2023-06-28,239.29,242.05,237.86,241.87,241.87,2200056
2023-06-29,241.94,246.8628,241.37,244.24,244.24,2070085
2023-06-30,246.57,246.9344,243.89,246.05,246.05,2377993
2023-07-03,245.95,248.39,245.27,247.33,247.33,1045746
2023-07-05,245,247.5,244.1183,244.83,244.83,1820710
2023-07-06,242.75,243.87,238.84,240.58,240.58,3081719
2023-07-07,240.19,247.8,240.11,245.18,245.18,2903972
2023-07-10,244.51,249.36,244.09,248.81,248.81,2771882
2023-07-11,249.84,254.47,249.84,252.85,252.85,3294783
2023-07-12,255.49,257.64,251.44,253.6,253.6,2986445
2023-07-13,254.56,256.46,252.74,255.86,255.86,1949520
2023-07-14,256.48,256.48,252.91,255.62,255.62,1936998
2023-07-17,254.27,258.85,252.01,257.46,257.46,2674932
2023-07-18,257.63,264.16,256.93,263.81,263.81,3833380
2023-07-19,260.14,262.92,259.7,262.75,262.75,2771896
2023-07-20,264.17,265.4,260.44,261.09,261.09,2102305
2023-07-21,261.75,261.76,257.51,257.65,257.65,2249852
2023-07-24,258.3,262.44,258.1,259.37,259.37,2195493
2023-07-25,260.1,263.88,259.44,262.06,262.06,2016647
2023-07-26,260.53,262.54,257.25,258.32,258.32,2622804
2023-07-27,258.97,261.1,256.8226,258.3,258.3,2284531
2023-07-28,259.93,262.98,258.99,260.43,260.43,2104855
2023-07-31,262.75,265.21,261.66,265.17,265.17,3576780
2023-08-01,272.75,288.78,270.5,288.65,288.65,11830412
2023-08-02,287.75,293.88,286.09,287.57,287.57,6290294
2023-08-03,285.54,287.94,281.05,281.45,281.45,4745711
2023-08-04,283.2,283.5,275.36,276.44,276.44,3888182
2023-08-07,277.12,281.96,275.89,281.65,281.65,2438200
2023-08-08,278,283.95,274.78,282.89,282.89,2519489
2023-08-09,284.66,287.12,283.88,284.53,284.53,3088597
2023-08-10,284.49,287.66,281.19,283.82,283.82,2647229
2023-08-11,283.94,286.04,282.61,285.22,285.22,1874273
2023-08-14,284.06,285.6,281.27,284.54,284.54,2194187
2023-08-15,282.52,282.64,277.05,277.37,277.37,2593607
2023-08-16,277,281.71,274.085,274.51,274.51,2831256
2023-08-17,277.02,279.55,274.66,275.17,275.17,2534718
2023-08-18,273.01,275.69,271.11,273.8,273.8,2532964
2023-08-21,274.75,276.235,268.8,272.75,272.75,2207586
2023-08-22,273.94,274.1299,269.67,270.2,270.2,1669867
2023-08-23,270.3,273.76,269.1101,273.03,273.03,1677971
2023-08-24,271.6,274.69,269.2,269.3,269.3,1433718
2023-08-25,271.52,273.62,268.83,272.56,272.56,1291666
2023-08-28,273.5,276.999,273.035,274.79,274.79,1550820
2023-08-29,275,280.13,273.43,280.03,280.03,2065754
2023-08-30,280.03,283.81,279.81,282.33,282.33,1431019
2023-08-31,283.64,284.805,280.84,281.13,281.13,2579127
2023-09-01,284.8,287.07,283.65,286.25,286.25,2336591
2023-09-05,286.34,289.41,281.38,281.63,281.63,2515636
2023-09-06,280.42,284.47,279.04,282.9,282.9,1688876
2023-09-07,280.93,283.48,277.6509,281.43,281.43,1593373
2023-09-08,281.57,283.39,279.12,282.28,282.28,1241276
2023-09-11,284.56,285,279.95,282.05,282.05,1515311
2023-09-12,280.26,284.715,279.82,281.81,281.81,1587363
2023-09-13,280.21,282.74,273.0301,275.92,275.92,2119256
2023-09-14,279,283.175,277.83,282.56,282.56,2660520
2023-09-15,281.87,281.87,277.33,279.15,279.15,4940871
2023-09-18,279.06,282.75,278.85,280.94,280.94,1363218
2023-09-19,280.08,283.5,277.65,279.67,279.67,2313534
2023-09-20,281.5,286.5985,278.08,278.61,278.61,2382011
2023-09-21,276.21,276.21,271.6,272.03,272.03,2278483
2023-09-22,272.01,275.1,271.61,273.06,273.06,1708570
2023-09-25,270.75,274.83,270.07,274.27,274.27,1257517
2023-09-26,271.15,273.42,269.15,269.52,269.52,1756427
2023-09-27,271,274.23,269.2,272.71,272.71,1991541
2023-09-28,273.49,278.25,272.22,276.24,276.24,1994725
2023-09-29,279.08,279.55,271.36,273,273,2257825
2023-10-02,272.64,276.81,270.24,271.72,271.72,1778235
2023-10-03,271.21,273.58,267.54,268.97,268.97,2188005
2023-10-04,267.5,267.82,262.78,265.03,265.03,2970215
2023-10-05,263.9,265.94,260.43,260.8,260.8,2639337
2023-10-06,261.57,268.4185,258.27,266.04,266.04,2293464
2023-10-09,266.04,271.61,264.6508,271.3,271.3,1640764
2023-10-10,272.65,275.0957,271.83,273.21,273.21,2009107
2023-10-11,273.53,274.4079,269.9,272.83,272.83,1538219
2023-10-12,273.8,273.8,266.19,269.61,269.61,1910506
2023-10-13,270.49,273.9399,266.1,267.94,267.94,1918648
2023-10-16,272.12,273.972,269.58,270.79,270.79,1678588
2023-10-17,268.58,275.56,268.58,272.65,272.65,2110205
2023-10-18,268.5,269,258.75,259.22,259.22,4257056
2023-10-19,257.91,260,251.76,252.89,252.89,3849996
2023-10-20,251.31,253.49,248.158,249.2,249.2,3103477
2023-10-23,247.63,251.61,246.56,247.32,247.32,3193201
2023-10-24,250.25,251.72,247.25,249.55,249.55,2304815
2023-10-25,249.87,250.77,244.5,244.94,244.94,2542399
2023-10-26,245.53,246.73,240.41,242.43,242.43,3859150
2023-10-27,243.05,243.915,237.86,238.56,238.56,3229943
2023-10-30,240.94,243.6,239.18,242.16,242.16,4478283
2023-10-31,227.65,230.54,223.76,226.05,226.05,12093251
2023-11-01,225.11,232.65,223.9244,231.83,231.83,4932814
2023-11-02,235.8,239.59,232.88,239.12,239.12,7749892
2023-11-03,241.51,244.2393,238.18,240.75,240.75,3929453
2023-11-06,241.51,242.92,236.3607,238.28,238.28,2891529
2023-11-07,234.58,237.14,233.57,234.92,234.92,4073958
2023-11-08,236,237.79,234.445,234.82,234.82,2532451
2023-11-09,237.44,239.28,233.82,234.15,234.15,2708931
2023-11-10,235.34,240.15,234.62,239.68,239.68,2525979
2023-11-13,238.88,243.31,238.88,241.67,241.67,3035714
2023-11-14,246.75,249.5499,244.69,247.86,247.86,3441793
2023-11-15,249.52,252.925,248.6,251.09,251.09,3740063
2023-11-16,250.5,252.92,246.6,248.21,248.21,2625013
2023-11-17,250.09,254.26,250,253.07,253.07,3438183
2023-11-20,252.61,252.9,248.66,250.45,250.45,2661794
2023-11-21,249.44,249.8538,248.32,249.41,249.41,1765468
2023-11-22,241.84,247.63,241.81,246.01,246.01,3594076
2023-11-24,246.75,248.9,246.7,247.36,247.36,982235
2023-11-27,246.96,248.215,246.32,247.39,247.39,1743468
2023-11-28,247.74,248.87,246.01,247.5,247.5,2150011
2023-11-29,249.68,251.58,248.31,249.45,249.45,2224796
2023-11-30,251.04,251.5,247.84,250.72,250.72,3210495
2023-12-01,251.91,257.44,251.01,256.76,256.76,3731480
2023-12-04,253.57,255.53,252.42,254.75,254.75,3028712
2023-12-05,253.78,257.2,253.78,255.19,255.19,2682372
2023-12-06,256.8,261.01,255.5717,255.97,255.97,3632822
2023-12-07,257.21,259.38,255.8097,257.41,257.41,2162534
2023-12-08,257.38,261.64,257,259.5,259.5,3258348
2023-12-11,259.84,262.24,259.5,260.92,260.92,2898544
2023-12-12,259.99,262.49,259.12,261.43,261.43,2375743
2023-12-13,261.4,268.23,259.28,267.97,267.97,3708327
2023-12-14,272.45,285.46,270.55,285.17,285.17,6464060
2023-12-15,280.1,286.85,279.9799,285.74,285.74,7321193
2023-12-18,286.74,288.8763,284.57,285.71,285.71,2691728
2023-12-19,286.8,293.03,286.16,292.96,292.96,3659607
2023-12-20,291.93,298.27,289.52,289.71,289.71,3818414
2023-12-21,289.9,290.73,286.6,290.07,290.07,3209389
2023-12-22,290.31,292.83,288.91,290.36,290.36,2833962
2023-12-26,291.59,297.0899,291.0001,295.63,295.63,2019046
2023-12-27,295.63,299.15,294.73,298.12,298.12,1876485
2023-12-28,297.1,299.2,296.04,296.88,296.88,2267452
2023-12-29,296.85,298.235,293.2,295.67,295.67,2300643
2024-01-02,293.43,296.64,291.35,292.71,292.71,2433125
2024-01-03,288.39,288.925,283.315,284.3,284.3,3043399
2024-01-04,284.41,288.22,283.79,286.1,286.1,2995437
2024-01-05,286.25,291,285.47,288.93,288.93,2684787
2024-01-08,287.56,292.68,285.24,292.25,292.25,2369129
2024-01-09,289.23,292.36,288,292.29,292.29,1974507
2024-01-10,292.15,294.55,291.4612,293.35,293.35,2048021
2024-01-11,294.6,295.595,289.41,292.06,292.06,1941352
2024-01-12,295.27,295.83,288.93,290.41,290.41,1955694
2024-01-16,288.88,290.205,285.6,287.23,287.23,3140086
2024-01-17,278.83,282.02,276.94,278.63,278.63,3789153
2024-01-18,280.02,282.53,277.6601,281.9,281.9,2479261
2024-01-19,282.32,286.08,278.95,285.28,285.28,3115987
2024-01-22,286.1,290.59,286.1,288.67,288.67,2072329
2024-01-23,290.5,292.88,287.52,288.83,288.83,1866294
2024-01-24,290.84,292.61,288.34,290.68,290.68,2765909
2024-01-25,294,303.31,293.13,300.77,300.77,4647055
2024-01-26,301,302.98,298.66,299.43,299.43,2920474
2024-01-29,299.02,303.7,297.45,303.25,303.25,2101353
2024-01-30,300.51,305.73,300.51,304.76,304.76,2150444
2024-01-31,305.57,305.75,299.93,300.31,300.31,2812955
2024-02-01,303.24,308.07,301.94,307.69,307.69,3196264
2024-02-02,307,317.37,305.995,315.09,315.09,4661484
2024-02-05,334.87,334.87,315.91,321.4,321.4,6557542
2024-02-06,323.19,327.43,319.07,322.72,322.72,2826394
2024-02-07,322.94,327.82,321.1,323.59,323.59,3202982
2024-02-08,324.67,326.43,321.4201,322,322,1986100
2024-02-09,322,322.33,315.57,317.16,317.16,2823170
2024-02-12,317.21,323.09,316.51,321.63,321.63,2483602
2024-02-13,315.79,316,310.79,312.84,312.84,2923359
2024-02-14,316.01,317.85,313.97,316.71,316.71,1887095
2024-02-15,315.95,323.21,315.46,323.07,323.07,2362937
2024-02-16,323.72,328.3,321.44,321.91,321.91,2513347
2024-02-20,317.26,319,312.74,313.74,313.74,2701572
2024-02-21,312.9,317.82,312.9,317.14,317.14,1780222
2024-02-22,321,323.37,320.34,322.09,322.09,1875783
2024-02-23,323,325.08,322.05,323.88,323.88,1575227
2024-02-26,323.65,327.24,322.25,325.38,325.38,1650017
2024-02-27,326.98,327.945,323.77,327.63,327.63,1640875
2024-02-28,327.39,331.68,326.99,329.56,329.56,1471162
2024-02-29,331,334.89,330.1,333.96,333.96,2699773
2024-03-01,334,337.77,333.6,336.7,336.7,1815536
2024-03-04,335.6,340.26,334.79,338.65,338.65,1551197
2024-03-05,335.42,338.99,331.7401,333.53,333.53,2029966
2024-03-06,336.25,337.73,334.16,335.63,335.63,1542427
2024-03-07,338.51,342.34,338.43,340.22,340.22,1732485
2024-03-08,342.07,344.5,338.1,339.19,339.19,2307423
2024-03-11,337,338.205,331.53,334.97,334.97,1868119
2024-03-12,335.28,338.39,332.74,337.24,337.24,1646140
2024-03-13,338.14,343.1,337.39,341.52,341.52,1818943
2024-03-14,344.55,346.84,338.94,341.92,341.92,2110175
2024-03-15,342.97,347.29,341.15,346.97,346.97,4406009
2024-03-18,348.08,353.34,347.86,351.9,351.9,2528184
2024-03-19,351.6,354,349.62,353.9,353.9,2207751
2024-03-20,351.12,358.18,348.14,356.45,356.45,2563949
2024-03-21,357.67,365.2,356.72,364.56,364.56,2616273
2024-03-22,364.6,365.52,357.86,358.11,358.11,2051989
2024-03-25,356.96,358.87,355.03,355.95,355.95,1774760
2024-03-26,356.46,359.587,356,356.39,356.39,1637312
2024-03-27,358.72,364.81,357.8783,364.65,364.65,2262845
2024-03-28,364.62,367.22,363.53,366.43,366.43,2028629
2024-04-01,367.48,367.93,362.64,363.74,363.74,1953766
2024-04-02,362.31,364.99,361.48,364.83,364.83,1968867
2024-04-03,365.49,376.07,364.6,375.79,375.79,2623737
2024-04-04,377.37,381.03,368.88,369.79,369.79,2492175
2024-04-05,372.5,381,371.79,379.3,379.3,2068267
2024-04-08,379.11,382.01,372.89,373.47,373.47,2689993
2024-04-09,375.03,377.16,365.51,371.9,371.9,2043292
2024-04-10,366.2,372.62,364.39,372.07,372.07,2148522
2024-04-11,372.63,373.37,366.9,371.98,371.98,2535736
2024-04-12,368.64,372.8425,362.68,365.63,365.63,2072870
2024-04-15,372.97,374.46,362.1101,363.91,363.91,2170956
2024-04-16,363.02,363.455,357.18,359.88,359.88,2514069
2024-04-17,362.65,362.91,352.88,358.32,358.32,2313776
2024-04-18,361.15,363.48,356.1677,357.93,357.93,2380716
2024-04-19,358.29,360.95,352.14,354.48,354.48,2928296
2024-04-22,356.1,362,353.24,357.61,357.61,2085356
2024-04-23,360,365.52,359.04,363.25,363.25,1810693
2024-04-24,363.95,368.17,358.895,363.52,363.52,3032711
2024-04-25,330.44,341.94,330.32,338,338,6459595
2024-04-26,338.44,345.5,338.33,343.38,343.38,3324630
2024-04-29,343.98,350.9499,343.98,349.8,349.8,2213594
2024-04-30,347.02,347.77,333.12,334.57,334.57,4201677
2024-05-01,333.38,338.495,330.74,331.07,331.07,3520821
2024-05-02,333.52,336.16,329.25,335.44,335.44,2492004
2024-05-03,338.09,341.61,334.98,336.75,336.75,1977087
2024-05-06,340.87,342.5499,339.7,342.1,342.1,1653860
2024-05-07,344.47,348.54,343.395,345,345,1965752
2024-05-08,340,346.27,338.74,344.5,344.5,2260496
2024-05-09,345.92,352.88,345.43,351.78,351.78,3208947
2024-05-10,355,357.51,353.5226,354.79,354.79,2210787
2024-05-13,354.8,358.55,354.37,356.68,356.68,2051224
2024-05-14,357.72,360.61,357.03,358.18,358.18,1563528
2024-05-15,361.47,363.31,358.12,360.04,360.04,1913878
2024-05-16,356.75,358.77,349.61,350.72,350.72,2821686
2024-05-17,352.97,356.41,351.56,356.27,356.27,2104332
2024-05-20,356.4,364.4299,354.77,362.75,362.75,2247917
2024-05-21,362.26,363.24,357.5,359.07,359.07,1841136
2024-05-22,358.5,359.2,352.56,355.94,355.94,2104298
2024-05-23,360.4,361.34,348.79,350.7,350.7,2749157
2024-05-24,352.64,353.91,346.68,348.9,348.9,2635223
2024-05-28,348,349.2317,344.4,346.47,346.47,2264877
2024-05-29,345,345.31,337.72,338.11,338.11,3040026
2024-05-30,338.47,344.55,338.47,339.25,339.25,2746084
2024-05-31,339.34,340.885,335.06,338.52,338.52,8319505
2024-06-03,340.87,341.4,325.75,331.36,331.36,3878646
2024-06-04,328.71,330.33,324.5001,327.57,327.57,3706638
2024-06-05,329.48,331.27,326.7,329.45,329.45,2616330
2024-06-06,330.22,331.03,327.09,328.29,328.29,2452154
2024-06-07,326.2,332.8799,323.7176,328.94,328.94,2499318
2024-06-10,328.71,331.91,328.44,329.61,329.61,2640555
2024-06-11,327.76,328.64,323.725,327.31,327.31,3247002
2024-06-12,333.15,335.17,326,328.73,328.73,4817488
2024-06-13,327.5,327.89,321.45,326.36,326.36,3183935
2024-06-14,321.39,322.675,315.85,321.47,321.47,4195333
2024-06-17,321.47,323.84,318.88,322.4,322.4,3198913
2024-06-18,323.05,325.6,321,325.14,325.14,3275381
2024-06-20,325.06,331.1,324.58,329.13,329.13,4463440
2024-06-21,330.53,330.55,326.18,327.84,327.84,8265206
2024-06-24,329.36,333.67,326.07,330,330,2447399
2024-06-25,328.01,329.47,324.37,327.4,327.4,2995905
2024-06-26,326.25,327.71,323.78,326.73,326.73,2198622
2024-06-27,326.03,329.23,324.67,327.46,327.46,1995103
2024-06-28,328.51,334.19,328.32,333.1,333.1,8891479
2024-07-01,335.11,335.29,325.37,329.08,329.08,2950343
2024-07-02,328,330.09,325.58,327.76,327.76,2119862
2024-07-03,328.26,331.41,328.26,330.61,330.61,1352181
2024-07-05,331.57,333.44,326.63,328.35,328.35,2280941
2024-07-08,330.36,333.26,327.14,329.06,329.06,1913367
2024-07-09,328.54,330.12,325.83,326.06,326.06,1896255
2024-07-10,326.1,328.48,321.64,328.48,328.48,2904464
2024-07-11,330,334.43,329.3,331.13,331.13,3016860
2024-07-12,334.95,338.23,333.43,335.59,335.59,2451399
2024-07-15,339.1,347.9,337.84,345.77,345.77,3394255
2024-07-16,346.83,362.28,345.26,360.58,360.58,4636980
2024-07-17,358.97,362.685,356.2,357.8,357.8,3060996
2024-07-18,356.5,369.23,355.75,356.03,356.03,3876297
2024-07-19,355.35,356.4854,346.69,347.63,347.63,3462657
2024-07-22,348,348.73,341.375,347.87,347.87,2659572
2024-07-23,345.73,348.66,341.38,344.17,344.17,2027837
2024-07-24,342.95,344.82,335.45,336.04,336.04,2835754
2024-07-25,335.51,348.2,333.95,344.3,344.3,3291486
2024-07-26,348.64,352.94,346.88,350.48,350.48,1894930
2024-07-29,350.18,351.38,343.13,344.53,344.53,2190368
2024-07-30,343.66,345.715,338.62,341.72,341.72,1970785
2024-07-31,345.35,350.99,340.85,346.2,346.2,2568331
2024-08-01,346.3,349.83,328.0794,331.52,331.52,3747881
2024-08-02,322.75,323.4,317.66,320.87,320.87,4246740
2024-08-05,309,320.58,307.05,316.8,316.8,4681329
2024-08-06,314.05,332.17,310.5,326.44,326.44,5071715
2024-08-07,333.51,335.18,324.45,325.8,325.8,3011727
2024-08-08,330,336.4299,327.61,336.16,336.16,2268337
2024-08-09,336,338.5,332.48,338.26,338.26,1668078
2024-08-12,338.26,339.845,333.595,336.03,336.03,2127606
2024-08-13,337.18,339.52,333.73,338.8,338.8,1503929
2024-08-14,339.6,341.79,334.6,337.59,337.59,1610888
2024-08-15,344.5,347.64,340.79,345.64,345.64,3232783
2024-08-16,345.25,345.84,340.7601,343.48,343.48,2483755
2024-08-19,343.68,346.1,343.3,344.65,344.65,2252755
2024-08-20,345,346.17,341.82,343.3,343.3,1479542
2024-08-21,344.58,345.6,341.85,342.97,342.97,1433163
2024-08-22,343,345.14,341.77,342.36,342.36,2021578
2024-08-23,344.97,349.5439,343.07,348.41,348.41,2183912
2024-08-26,349.81,354.41,348.935,351.16,351.16,1718059
2024-08-27,350.35,351.72,347.1,351.12,351.12,1211040
2024-08-28,350.59,354.43,345.84,348.2,348.2,1514474
2024-08-29,351.22,356.46,347.49,351.64,351.64,1664658
2024-08-30,352.59,356.24,349.83,356.1,356.1,2974052
2024-09-03,352.21,352.63,338.4001,340.24,340.24,3107219
2024-09-04,338.59,340.85,335.29,336.75,336.75,2782497
2024-09-05,336.02,336.485,330.56,333.56,333.56,2525491
2024-09-06,334.2,338.62,328.12,329.36,329.36,2676623
2024-09-09,333.91,336.36,332.97,334.04,334.04,2355801
2024-09-10,335.11,335.75,329.39,334.16,334.16,1869324
2024-09-11,333,335.48,326.11,335,335,1934695
2024-09-12,335.28,341.04,333.68,339.58,339.58,1747566
2024-09-13,342.42,347.22,340.3541,345.31,345.31,2518723
2024-09-16,348.35,351.46,344.29,347.96,347.96,1648247
2024-09-17,350,354.58,349.2352,353.69,353.69,2088589
2024-09-18,355,361.63,352.32,355.12,355.12,1990660
2024-09-19,363,374.69,361.27,373.31,373.31,4066612
2024-09-20,370.4,371.45,365.84,368.82,368.82,5440526
2024-09-23,368.99,372.97,366.975,371.17,371.17,2442816
2024-09-24,380,389.43,379.5,385.93,385.93,4024264
2024-09-25,387,388.64,377.92,378.25,378.25,2661536
2024-09-26,390.01,397.22,386.2,390.96,390.96,3906800
2024-09-27,391,395.56,389.1382,391.08,391.08,2683768
2024-09-30,389.38,392.755,386.82,391.12,391.12,2251585
2024-10-01,391.27,395.485,386.63,392.39,392.39,2091388
2024-10-02,391.98,395.66,388.6357,394.05,394.05,1768062
2024-10-03,392.34,394,388.72,391.09,391.09,1866089
2024-10-04,396.72,397.46,391.85,397.09,397.09,1675430
2024-10-07,396.45,401.17,396.1385,398.25,398.25,2224513
2024-10-08,394.26,395,384.8488,387.96,387.96,2438847
2024-10-09,388.17,396.6,387.5001,396.19,396.19,1757882
2024-10-10,395.18,396.96,390.5,396.64,396.64,1331845
2024-10-11,396.64,403.6,396.64,402.02,402.02,2110351
2024-10-14,393.39,396.29,386.87,393.95,393.95,3006132
2024-10-15,390.63,392.47,387.59,387.99,387.99,2715320
2024-10-16,387.4,394.6,386.925,393.62,393.62,1551797
2024-10-17,395.15,397.12,393.16,394.49,394.49,1561648
2024-10-18,396.25,396.45,389.72,393.86,393.86,3024091
2024-10-21,392.29,393.15,389.24,390.48,390.48,2376089
2024-10-22,389.73,391.29,385.725,388.46,388.46,1523872
2024-10-23,386.95,390.03,382.6933,385.73,385.73,1501236
2024-10-24,386.95,388.36,382.219,387.06,387.06,1844245
2024-10-25,389.61,392.03,384.31,385.97,385.97,1606883
2024-10-28,388.39,391.57,387.37,390.61,390.61,3213934
2024-10-29,389.5,389.6,385.55,387.51,387.51,2186415
2024-10-30,374,388.26,367.2,379.24,379.24,4037464
2024-10-31,377.35,378.9132,372.75,376.2,376.2,2394488
2024-11-01,378.07,383.265,376.94,379.63,379.63,1633361
2024-11-04,378.1,381.485,375.3,376.52,376.52,1793751
2024-11-05,377.13,386.07,375.65,383.37,383.37,1724115
2024-11-06,405.17,418.3041,404.01,416.88,416.88,4720049
2024-11-07,414.92,418.5,407.54,408.21,408.21,3211102
2024-11-08,400.96,403.06,392.4,393.37,393.37,3345862
2024-11-11,397.91,402.08,395.0101,396.54,396.54,1859182
2024-11-12,397.71,398.73,391.15,393.01,393.01,1737372
2024-11-13,388.6,391.2,385.67,387.07,387.07,2002200
2024-11-14,388,390.175,386.205,387.36,387.36,1372462
2024-11-15,385.99,388.49,382.2,384.07,384.07,2165453
2024-11-18,386,386.3,382.92,384.46,384.46,1626303
2024-11-19,379.425,383.25,378.03,382.33,382.33,1793407
2024-11-20,384.01,386.2,378.47,381.5,381.5,1859725
2024-11-21,383.5,392.02,379,389.59,389.59,1833547
2024-11-22,390.04,398.16,387.89,397.49,397.49,1893407
2024-11-25,400,407.15,400,405.65,405.65,4398020
2024-11-26,403.66,408.41,401.76,407.83,407.83,1796714
2024-11-27,408.395,412.1199,403.24,403.7,403.7,1371922
2024-11-29,405,411.19,405,406.11,406.11,1962112
2024-12-02,408,408.145,400.79,402.51,402.51,1548651
2024-12-03,404,405.53,396.595,399.26,399.26,1716152
2024-12-04,398.65,401.47,396.1292,399.51,399.51,1193925
2024-12-05,400.59,401.43,394.21,394.98,394.98,1291385
2024-12-06,399.367,399.74,392.74,395.03,395.03,1331099
2024-12-09,402.52,409.71,398.44,399.26,399.26,1739787
2024-12-10,390.72,395.4657,385.61,388.39,388.39,2250982
2024-12-11,390.48,391.35,387.425,388.87,388.87,1651616
2024-12-12,388.995,389.87,380.15,380.78,380.78,1804628
2024-12-13,380.6,382.89,378.89,380.51,380.51,2035063
2024-12-16,381.45,382.315,377.76,378.92,378.92,1311206
2024-12-17,376.03,378.89,373.83,375.8,375.8,2138650
2024-12-18,378.7,381.155,363.03,363.89,363.89,2820729
2024-12-19,368.58,369.57,360.01,360.37,360.37,2619200
2024-12-20,358.795,371.49,357.24,366.04,366.04,5141960
2024-12-23,364.71,366.35,361.495,365.39,365.39,1804875
2024-12-24,364.92,367.57,362.66,367.57,367.57,886018
2024-12-26,365.9525,367.49,363.865,367.12,367.12,1098408
2024-12-27,363.8999,367.4,361.7468,364.86,364.86,1245823
2024-12-30,361.52,364.8199,358.74,363.01,363.01,1422636
2024-12-31,364,365.7677,361.8,362.76,362.76,1168071
2025-01-02,366.14,368.85,358.09,359.77,359.77,1803731
2025-01-03,361.55,364.48,359.49,363.79,363.79,1391959
2025-01-06,367,370.84,362.5801,364.2,364.2,1590975
2025-01-07,365,366.09,361.09,363,363,1607627
2025-01-08,362.71,362.88,357.7,361.07,361.07,1828830
2025-01-10,357.83,359.85,349.8,351,351,2774045
2025-01-13,353.375,363.195,351.8,362.5,362.5,2745954
2025-01-14,365.18,372,365.18,371.57,371.57,2331660
2025-01-15,379.13,379.94,374.33,374.89,374.89,1984512
2025-01-16,375.72,381.42,374.72,380.55,380.55,1974718
2025-01-17,384.37,386.845,382,386.02,386.02,2605870
2025-01-21,391,402.58,390.8,398.36,398.36,3144508
2025-01-22,398.825,400.4819,395.111,397.61,397.61,1994791
2025-01-23,397.525,409.59,397.27,406.4,406.4,2587401
2025-01-24,406,409.4,405.28,407.63,407.63,1938183
2025-01-27,397,399.54,389.92,394.98,394.98,2964352
2025-01-28,394.5,396.88,386.48,390.29,390.29,1788939
2025-01-29,391.25,399.36,391.12,393.23,393.23,2675819
2025-01-30,373.2542,380.81,373.16,374.98,374.98,4234597
2025-01-31,377.475,378,371.28,371.44,371.44,2859000
2025-02-03,363.59,368.55,359.69,361.55,361.55,3079283
2025-02-04,369.66,369.66,359.41,361.95,361.95,2709817
2025-02-05,362.87,363,357.2,358.85,358.85,2134445
2025-02-06,362.515,367.5382,362.515,365.45,365.45,3007274
2025-02-07,368.38,369.5299,362.58,363.88,363.88,1804954
2025-02-10,366.235,366.235,361.55,363.22,363.22,1944675
2025-02-11,362.16,364.4199,360.9775,362.23,362.23,1516854
2025-02-12,358.85,358.93,351.44,352.04,352.04,2833093
2025-02-13,352.57,357.5882,350.42,353.7,353.7,3547192
2025-02-14,356.75,358.8762,352.8,353.32,353.32,2045278
2025-02-18,355.25,356.93,351.11,354,354,3120367
2025-02-19,351.87,353.8533,349.59,353,353,2211123
2025-02-20,354,356.8514,347.4518,349.15,349.15,2174066
2025-02-21,350,352,337.5989,340.04,340.04,3225242
2025-02-24,343.05,345.45,336.23,338.92,338.92,2513291
2025-02-25,340.65,344.23,336.38,342.36,342.36,3323544
2025-02-26,347.195,348.78,340.12,342.58,342.58,2397754
2025-02-27,344.1,346.92,338.46,340,340,1971027
2025-02-28,341.98,344.9,338.74,343.95,343.95,3210269
2025-03-03,348.057,348.15,330.03,332.04,332.04,2569655
2025-03-04,326.4326,331.92,318.68,326.75,326.75,3500232
2025-03-05,329.49,339.51,328.65,338.49,338.49,3189095
2025-03-06,335.5,341.91,332.5201,341.01,341.01,2234096
2025-03-07,339.77,352.115,339.4,350.3,350.3,3063803
2025-03-10,345.5,352.41,341.85,345.21,345.21,2809137
2025-03-11,344,345.15,336.37,339.77,339.77,3191100
2025-03-12,342.1,344.91,335.45,338.13,338.13,1816667
2025-03-13,336.66,340.65,331.67,333.31,333.31,2490395
2025-03-14,337.72,341.99,336.95,339.64,339.64,1936119
2025-03-17,339.415,344.3625,339.0015,342.64,342.64,1684083
2025-03-18,341.18,342,335.35,336.71,336.71,3310243
2025-03-19,337.08,342,336.67,338.62,338.62,2407288
2025-03-20,334.525,339.7797,333.61,336.25,336.25,2782873
2025-03-21,331.345,335.95,329.21,335.78,335.78,6766101
2025-03-24,340.5,343.15,339.29,341.67,341.67,2277496
2025-03-25,343.48,344.81,340.83,342.62,342.62,1678009
2025-03-26,343.365,347.27,338.79,341.11,341.11,1705089
2025-03-27,341,341.995,336.63,339.3,339.3,1481115
2025-03-28,337.4,338.25,328.05,329.69,329.69,1965493
2025-03-31,325.63,331.98,322,329.8,329.8,2837768
2025-04-01,326.3161,332.2087,323.89,330.57,330.57,1955410
2025-04-02,326.1,336.35,326.1,334.66,334.66,1747616
2025-04-03,322.11,324.7,305,305.76,305.76,4638692
2025-04-04,284.0363,294.2914,281.5013,288.08,288.08,7216842
2025-04-07,275.89,294.3492,267.3,280.06,280.06,7824699
2025-04-08,289.89,291.78,268.275,273.94,273.94,4989008
2025-04-09,271.12,301.8566,269.13,301.01,301.01,6457333
2025-04-10,296.68,298.27,279.8,289.16,289.16,4116825
2025-04-11,288.49,295.41,284.14,293.45,293.45,3197931
2025-04-14,298.21,302.48,295.71,298.12,298.12,2758813
2025-04-15,296.83,301.73,292.39,293.43,293.43,3611291
2025-04-16,292.83,295.7309,287.61,290.14,290.14,3017437
2025-04-17,291.9,297.695,291.9,294.25,294.25,2717624
2025-04-21,289.33,291,282.4563,284.74,284.74,2978308
2025-04-22,287,293.2336,287,291.17,291.17,2231223
2025-04-23,300.82,305.36,295.18,295.77,295.77,2458327
2025-04-24,297.07,308.21,297.07,306.86,306.86,2874396
2025-04-25,305.71,307.99,303.91,306.45,306.45,2162570
2025-04-28,305.8,311.43,303.8501,307.06,307.06,2189801
2025-04-29,306.89,308.67,302.91,307.4,307.4,2651012
2025-04-30,315.21,316.05,302.175,309.27,309.27,5124833
2025-05-01,311.375,318.89,311.0167,313.96,313.96,2961232
2025-05-02,318.5,324.67,318.48,323.68,323.68,3765238
2025-05-05,320,326.47,319.38,323.11,323.11,1829247
2025-05-06,321.465,324.1,319.85,320.89,320.89,1724184
2025-05-07,321.8,322.8,318.11,320.29,320.29,1555975
2025-05-08,324.3,328.87,322.9,324.25,324.25,2553435
2025-05-09,325.32,327.74,323.31,325.62,325.62,1646273
2025-05-12,343.11,351,339.73,342.55,342.55,4592046
2025-05-13,348.93,355.33,348.0672,352.54,352.54,4132547
2025-05-14,351.85,352.43,348.7807,349.66,349.66,2052201
2025-05-15,350,351.34,348.5,349.81,349.81,1580642
2025-05-16,352,354.22,348.24,353.58,353.58,2561699
2025-05-19,349.725,352.96,348.54,352.57,352.57,2277960
2025-05-20,351.25,352.461,347.485,349.49,349.49,2266041
2025-05-21,345.1893,348.42,341.65,342.51,342.51,2093731
2025-05-22,341.855,347.37,340.59,345.19,345.19,2174286
2025-05-23,337.63,344.94,336.2409,343.39,343.39,1936728
2025-05-27,347.985,353.34,346.615,351.51,351.51,2240068
2025-05-28,351.8,352.8,348.86,349.49,349.49,1924390
2025-05-29,351.905,353.09,348.74,351.79,351.79,2290340
2025-05-30,351.315,353.24,347.02,348.03,348.03,4867154
2025-06-02,346.4,346.47,339.5,344.67,344.67,2552788
2025-06-03,346,350.84,344.9182,349.4,349.4,2614301
2025-06-04,350.41,351.73,349.33,349.33,349.33,1616391
2025-06-05,351.04,351.51,345.85,348.96,348.96,1753704
2025-06-06,352.43,357.44,352.26,353.35,353.35,1608073
2025-06-09,353.925,360.46,353.925,358.07,358.07,2147099
2025-06-10,359.145,360.355,356.085,358.57,358.57,1894523
2025-06-11,360.325,364.29,357.745,363.14,363.14,2551804
2025-06-12,359.76,362,357.87,360.96,360.96,1571922
2025-06-13,357,360.38,355.7,357.05,357.05,1609882
2025-06-16,361,364.6099,360.2,362.44,362.44,1579789
2025-06-17,360.72,362.39,357.03,357.68,357.68,1560105
2025-06-18,357.33,364.23,356.96,359.8,359.8,2000469
2025-06-20,362.95,364.25,359.14,360.52,360.52,6268337
2025-06-23,360,367.1,357.733,366.23,366.23,2927378
2025-06-24,369.22,374.105,367.917,373.02,373.02,3842180
2025-06-25,372.7925,374.19,369.5135,371.58,371.58,1737892
2025-06-26,373.065,382.33,373.043,381.88,381.88,2575085
2025-06-27,383.02,387.49,382.75,384.71,384.71,4455001
2025-06-30,386.06,389.15,384.81,388.21,388.21,2791538
2025-07-01,386.85,393.89,384.25,390.92,390.92,2393985
2025-07-02,391.735,398.635,389.42,398.43,398.43,2713685
2025-07-03,398.5,402.42,397.59,397.86,397.86,1737838
2025-07-07,397.86,398.06,388.09,391.51,391.51,3012875
2025-07-08,392.47,395.95,391.52,394.29,394.29,2003569
2025-07-09,398,403.76,396.88,402.18,402.18,3100968
2025-07-10,403.5,412,403.44,408.33,408.33,3383755
2025-07-11,405.45,406.88,401.7,405.92,405.92,2072955
2025-07-14,403.605,406.79,402.226,405.77,405.77,2497731
2025-07-15,406.035,408.75,403.02,404.64,404.64,2167235
2025-07-16,405,413.07,403.32,412.88,412.88,3242126
2025-07-17,413.305,419.9,412.88,418.07,418.07,2445031
2025-07-18,418.71,419.9,412.16,413.71,413.71,2526690
2025-07-21,417.43,417.43,409.84,410.07,410.07,1833690
2025-07-22,410.375,418.52,410.375,417.19,417.19,2185012
2025-07-23,419.785,428.16,419.45,427.59,427.59,3254863
2025-07-24,426.775,430.16,424.5,429.52,429.52,2511355
2025-07-25,429.5,434.87,428.62,433.75,433.75,2218847
2025-07-28,432.58,436.4,431.12,432.94,432.94,2550479
2025-07-29,434.46,435.21,424.8,430.05,430.05,2384032
2025-07-30,429.5,436.83,426.43,434.12,434.12,3172623
2025-07-31,434.16,441.15,433.68,438.02,438.02,4116363
2025-08-01,426.5,430.86,421.29,428.69,428.69,4027733
2025-08-04,432.9079,436.8916,429.99,433.7,433.7,4059537
2025-08-05,427.65,439.74,426.57,434.23,434.23,4329916
2025-08-06,432.925,434.71,425.54,427.72,427.72,2630801
2025-08-07,426.59,427.33,409.96,417.12,417.12,4261088
2025-08-08,419.35,421.8999,415.76,416.52,416.52,2965513
2025-08-11,416.98,418.29,406.8,408.54,408.54,3416155
2025-08-12,410.01,418.19,409.64,412.71,412.71,2765814
2025-08-13,414.885,415.54,410.54,413.7,413.7,4403194
2025-08-14,409.19,419.24,407,417.5,417.5,3676023
2025-08-15,416,416.555,407.1,407.79,407.79,3107741
2025-08-18,407,413.14,405.46,412.64,412.64,3185165
2025-08-19,418.5,421.88,414.06,416.09,416.09,3543629
2025-08-20,416.01,421.92,412.05,420.59,420.59,4060195
2025-08-21,419.97,420.58,414.16,417.89,417.89,2504344
2025-08-22,420.515,437.84,420.05,435.67,435.67,3785096
2025-08-25,434.69,436.8993,432.17,432.3,432.3,1858079
2025-08-26,431.69,432.185,427.24,431.26,431.26,2792215
2025-08-27,429.74,435.06,428.95,432.67,432.67,1971269
2025-08-28,433.835,435.98,432.63,434.91,434.91,1651718
2025-08-29,425.5,428.1,414.37,419.04,419.04,3673787
2025-09-02,413,417.205,410.515,416.05,416.05,2329944
2025-09-03,417.17,418.13,411.37,415.12,415.12,1496741
2025-09-04,416.06,420.79,414.2875,420.22,420.22,1634609
2025-09-05,420.835,424.8999,417.91,423.08,423.08,1843342
2025-09-08,422.65,423.91,416.78,422.78,422.78,1876960
2025-09-09,422.98,423.55,416.44,418.09,418.09,1710703
2025-09-10,419.5,426.5,419.5,422.91,422.91,2221280
2025-09-11,423.8,435.79,423.32,431.38,431.38,2738072
2025-09-12,429.34,432.61,427.75,431.52,431.52,2341766
2025-09-15,434.25,438.75,430.61,435.94,435.94,2255875
2025-09-16,436.83,440.8,434.28,440.67,440.67,2366493
2025-09-17,445,452.34,443,450.66,450.66,4512193
2025-09-18,450.66,467.71,448.865,466.96,466.96,4331863
2025-09-19,470.26,472.12,462.71,466.54,466.54,5069345
2025-09-22,467.29,473.24,459.6116,472.1,472.1,3179951
2025-09-23,473.5,485.3375,468.19,471.26,471.26,3856637
2025-09-24,472.435,476.52,468.6261,469.79,469.79,2776892
2025-09-25,465.5,468,459.575,463.72,463.72,2979229
2025-09-26,464.22,468.45,462.38,465.76,465.76,2329149
2025-09-29,468.08,472.49,467.46,471.61,471.61,2892237
2025-09-30,471.5,477.44,470.24,477.15,477.15,2315264
2025-10-01,475.5,483.93,471.14,480.82,480.82,2964858
2025-10-02,486.86,495.98,484.19,490.57,490.57,2648753
2025-10-03,492.525,504.48,492.525,497.85,497.85,2996868
2025-10-06,500.42,505.589,493.04,495.38,495.38,2629156
2025-10-07,496.455,498.376,483.545,486.71,486.71,2135728
2025-10-08,491.05,509.4799,489.34,502.12,502.12,3959416
2025-10-09,504.02,506.53,497.14,500.36,500.36,3114119
2025-10-10,503.115,511.5,491.3,491.3,491.3,3889116
2025-10-13,501.51,506.38,495.45,504.76,504.76,2618593
2025-10-14,502.49,531.56,499.01,527.47,527.47,5459830
2025-10-15,533,538.449,527.2109,534.05,534.05,3447104
2025-10-16,538.06,544.9899,534.7,540.96,540.96,3463082
2025-10-17,537.375,542.21,526.97,527.08,527.08,2814681
2025-10-20,529.51,534.2,526.94,531.18,531.18,2170839
2025-10-21,525.07,533.38,522.04,524.65,524.65,2259080
2025-10-22,525.73,525.8,510.21,513.91,513.91,4149408
2025-10-23,517.69,522.89,513.01,520.5,520.5,2619367
2025-10-24,522.525,527.23,521.0201,522.73,522.73,2392328
2025-10-27,528,529.472,521.43,527.07,527.07,2493765
2025-10-28,526.42,530.29,521.6744,524.47,524.47,2775399
2025-10-29,558.18,596.21,558,585.49,585.49,6948546
2025-10-30,577.885,593.77,575.77,583.15,583.15,2574806
2025-10-31,584.03,587.05,571.3501,577.26,577.26,2974760
2025-11-03,576,576.22,565.39,570.59,570.59,2439751
2025-11-04,565,566.5,545.2,547.58,547.58,3440740
2025-11-05,550.5,574.01,550.355,569.15,569.15,2701295
2025-11-06,572.66,583.99,564.23,569.78,569.78,2246131
2025-11-07,564.25,565.575,550.33,563.1,563.1,2320052
2025-11-10,570.45,574.18,561.51,570.85,570.85,1830279
2025-11-11,570,570.45,560.26,567.93,567.93,1517433
2025-11-12,570.65,581.27,570.5,573.02,573.02,2645380
2025-11-13,572.8,576.8199,544.63,553.55,553.55,3458688
2025-11-14,548.99,558.31,541,554.03,554.03,2764743
2025-11-17,552.585,561.59,547.57,552.05,552.05,1941133
2025-11-18,544.4,551.57,538.05,546.88,546.88,1918917
2025-11-19,549.48,560.91,547.635,553.11,553.11,1880907
2025-11-20,565.95,568.865,541,546.13,546.13,3195043
2025-11-21,546,554.99,537.08,550.43,550.43,2921913
2025-11-24,552.13,565.74,550.6701,559.6,559.6,4653463
2025-11-25,564.19,567.14,547.55,566.61,566.61,3105486
2025-11-26,566.6,574.88,566.02,573.73,573.73,1995114
2025-11-28,573.11,577.36,572.4,575.76,575.76,1019499
2025-12-01,570.41,575.59,567,568.06,568.06,1764470
2025-12-02,571.27,585.5599,569.06,582.47,582.47,2749464
2025-12-03,581.4,593.24,562.21,591.49,591.49,2545695
2025-12-04,590.08,602.72,587.0001,599.15,599.15,2313594
2025-12-05,603.68,607,597.7382,603.17,603.17,2177278
2025-12-08,604.655,604.85,591.93,596.5,596.5,1822521
2025-12-09,593.56,599.99,592.23,594.36,594.36,1755275
2025-12-10,600,617.23,598.69,615.35,615.35,2797893
2025-12-11,611.95,626.81,604.2583,625.61,625.61,2779489
2025-12-12,627.5,627.5,595.78,597.89,597.89,4581053
2025-12-15,604.15,604.15,587.89,589.76,589.76,3968606
2025-12-16,590.7,598.655,586.28,588.93,588.93,2319382
2025-12-17,587.2,590.999,557.46,561.89,561.89,3753312
2025-12-18,568.5,574.6599,561.91,565.83,565.83,2193033
2025-12-19,572.69,581.73,570.33,576.22,576.22,5355561
2025-12-22,583.3,585.79,575.692,582.41,582.41,2387725
2025-12-23,581.19,588.71,580.5,582.42,582.42,1731351
2025-12-24,582.66,587.13,581,583.76,583.76,947042
2025-12-26,583.38,583.8299,578.65,583,583,954395
2025-12-29,580.5,583.969,574.64,578.61,578.61,2585835
2025-12-30,580.01,580.98,575.51,577.39,577.39,1216946
2025-12-31,577.2,578.94,572.05,572.87,572.87,1164004
2026-01-02,576.645,599.61,575.31,598.41,598.41,2762009
2026-01-05,607.44,621.75,606.22,616.1,616.1,3444837
2026-01-06,616,626.77,608.9,623.09,623.09,2706762
2026-01-07,623,625,595.775,596.52,596.52,3312371
2026-01-08,595.59,609.5799,594.1745,608.13,608.13,2075412
2026-01-09,610,619.15,608.2,617.62,617.62,1822011
2026-01-12,614.18,630.98,612.96,629.77,629.77,1856964
2026-01-13,633.2,644.59,633,636.53,636.53,1959083
2026-01-14,635.545,639.73,623.07,638.75,638.75,2106113
2026-01-15,645,652.3599,644.04,647.18,647.18,2052803
2026-01-16,651.97,655.68,641.01,646.89,646.89,2554861
2026-01-20,641.79,644.1,625.12,629,629,2659038
2026-01-21,633.115,647.201,627.3201,645.38,645.38,2490744
2026-01-22,649.11,655.78,640.9,648.41,648.41,1565707
2026-01-23,644.79,646.5,623.5702,626.62,626.62,2267826
2026-01-26,628.95,639,619.2604,635.92,635.92,2532867
2026-01-27,639.26,644.13,633.23,638.91,638.91,1827521
2026-01-28,637.97,647.28,628.98,643.28,643.28,2720670
2026-01-29,655.17,679.99,642.73,665.24,665.24,4441879
2026-01-30,656.5,677.831,650.31,657.36,657.36,3300085
2026-02-02,658.715,691.38,657.4305,690.91,690.91,4450010
2026-02-03,695,710.03,691.4,702.89,702.89,3524657
2026-02-04,705.85,723.16,675,691.82,691.82,7146654
2026-02-05,682.25,686.5,665.07,678.31,678.31,2792796
2026-02-06,691,727.4,690.52,726.2,726.2,3359724
2026-02-09,724.5,743.4999,721.61,742.12,742.12,2496781
2026-02-10,742.21,752,737.6701,742.37,742.37,4008672
2026-02-11,757.1,775.54,756.1,775,775,3926333
2026-02-12,776.69,789.81,756.01,758.29,758.29,4893393
2026-02-13,763.65,784,747.42,774.2,774.2,3232805
2026-02-17,765,774.42,750,764.76,764.76,3450284
2026-02-18,765.2,772.7,750.38,751.97,751.97,2563692
2026-02-19,752,762,744.15,760.53,760.53,2908016
2026-02-20,756.675,771.9699,752.11,759.74,759.74,2095147
2026-02-23,758.95,767.98,752.7827,756.47,756.47,2289600
2026-02-24,756,773.94,751.69,768.23,768.23,2615316
2026-02-25,772.5,777.6,756.74,766.61,766.61,2606526
2026-02-26,766.76,770.61,728.4,752.93,752.93,3305634
2026-02-27,745,751.49,731.04,742.83,742.83,3440847
2026-03-02,733.26,755.73,725.055,752.32,752.32,2473058
2026-03-03,728.99,731.665,706.6,722.18,722.18,3332671
2026-03-04,735.27,746.01,730.8412,731.97,731.97,2823711
2026-03-05,721.89,728.07,693.5764,706.08,706.08,3719844
2026-03-06,682.47,696.33,675.07,680.9,680.9,3564419
2026-03-09,665.46,708.63,662.8477,704.82,704.82,3584373
2026-03-10,711.5,730.7909,710.28,716.68,716.68,3089074
2026-03-11,713.13,720.42,703.63,707.59,707.59,1953586
2026-03-12,694.455,703.77,679.7553,700.69,700.69,3231819
2026-03-13,704.34,706.9287,687.18,693.99,693.99,2042163
2026-03-16,704.53,710,694.595,699.78,699.78,2145487
2026-03-17,707.36,709,694.91,702,702,1824937
2026-03-18,701.305,711.84,692.7,693.62,693.62,1796173
2026-03-19,676.79,693.49,669,688.65,688.65,2240180
2026-03-20,685.98,694.06,670.44,680.88,680.88,5131128
2026-03-23,699,712,694.56,701.7,701.7,2981009
2026-03-24,693.03,721.15,693.03,716.63,716.63,2098290
2026-03-25,728.4,729.35,717,719.04,719.04,1591456
2026-03-26,710.07,717.97,696.43,703.19,703.19,2428682
2026-03-27,694.47,708.36,692.33,695.4,695.4,2059801
2026-03-30,702.21,702.99,664.57,667.43,667.43,2609971
2026-03-31,680,708.89,672,708.46,708.46,3002163
2026-04-01,722,740.01,719.74,730.32,730.32,2435826
2026-04-02,705.57,735.41,705.45,717.22,717.22,1764325
2026-04-06,716.74,722.57,704.27,721.24,721.24,1246531
2026-04-07,719.59,725.73,708.93,724.44,724.44,1549121
2026-04-08,764.62,774.398,753.1,771.58,771.58,3013995
2026-04-09,773,795.52,772.99,787.07,787.07,2801890
2026-04-10,790.67,797.85,786.24,790.66,790.66,1872030
2026-04-13,788.42,798.54,785.33,791.73,791.73,1820142
2026-04-14,796,797.9999,782.0408,794.25,794.25,1866304
2026-04-15,787.1,789.9655,756.6501,770.17,770.17,2764742
2026-04-16,768,772.81,754.45,772.66,772.66,2005066
2026-04-17,780.51,801.77,776,794.65,794.65,2818838
2026-04-20,790.9,799.63,786.83,798.4,798.4,1454089
2026-04-21,804.88,820.2,797.79,800.45,800.45,2293546
2026-04-22,812.5,817.85,805.481,808.87,808.87,1628402
2026-04-23,817.11,845.27,815.46,835.24,835.24,2601828
2026-04-24,839.26,839.5,826.65,830.79,830.79,2253922
2026-04-27,829.76,836.02,816.72,828.79,828.79,1987044
2026-04-28,814.35,825,805,817.87,817.87,1875554
2026-04-29,822.93,823.21,809.1,810.05,810.05,2566311
2026-04-30,856.63,896.98,850.8,890.11,890.11,5203322
2026-05-01,896.84,905,879.58,889.67,889.67,2376504
2026-05-04,887.28,892.84,869.5923,874.78,874.78,2669860
2026-05-05,888.1,908.9,888.1,904.59,904.59,2581097
2026-05-06,913.5,930.54,905.35,926.93,926.93,3010561
2026-05-07,929.96,931.35,886.88,895.69,895.69,2957310
2026-05-08,911,914.77,893.85,897.45,897.45,2030291
2026-05-11,903.61,929,895.06,926.79,926.79,2811658
2026-05-12,912,915.0926,894.51,912.14,912.14,2348885
2026-05-13,912.5,922.99,897.38,902.3,902.3,1957140
2026-05-14,910,920.35,902.5001,920.22,920.22,2095582
2026-05-15,898.75,899.73,880.2,888.31,888.31,2907875
2026-05-18,893.32,893.32,850.825,863.95,863.95,2720549
2026-05-19,861.59,869.86,845.551,860.15,860.15,3239673
2026-05-20,871.22,877.76,857.06,872.56,872.56,2415643
2026-05-21,864.9,872.665,858.6,865.95,865.95,1860736
2026-05-22,878,893.8399,861.06,879.89,879.89,1988833
2026-05-26,884.95,909.56,878.02,908.55,908.55,2258403
2026-05-27,905.18,911.67,889.83,909.93,909.93,2464728
2026-05-28,898.56,905,880.47,887.67,887.67,2750603
2026-05-29,886.69,890.8099,866.19,875.87,875.87,5196777
2026-06-01,860.16,873.77,853.37,865.36,865.36,2675025
2026-06-02,876.67,911.96,873.12,909.81,909.81,2822638
2026-06-03,914.43,936.71,912.39,926.18,926.18,2511162
2026-06-04,913.985,946.83,903,940.48,940.48,3077009
2026-06-05,929.93,934.03,901.5,904.28,904.28,2780466
2026-06-08,917,927.34,902.735,915.64,915.64,2550629
2026-06-09,927.49,938.18,876.99,914.7,914.7,3007329
2026-06-10,901.74,906,854.73,856.16,856.16,3611238
2026-06-11,872.4,900.65,870.03,897.63,897.63,3463264
2026-06-12,905.24,918.975,899.2,910.57,910.57,2097236
2026-06-15,935,946.1,928.5,933.93,933.93,2449558
2026-06-16,942.8,961.33,939.17,945.46,945.46,2834386
2026-06-17,956.98,975.64,953,955.92,955.92,2743871
2026-06-18,979,994.49,976.33,985.82,985.82,6175042
2026-06-22,999.28,1023.29,999,1022.28,1022.28,4033502
2026-06-23,985.25,994.595,972.65,984.24,984.24,4286915
2026-06-24,981.61,1004.87,970.0501,994.45,994.45,3525999
2026-06-25,1024.64,1057.07,1015,1057.01,1057.01,4646225
2026-06-26,1031.85,1031.85,989.64,997.47,997.47,13948452
2026-06-29,998.41,1039.07,992.11,1033.19,1033.19,3146941
2026-06-30,1045,1073.46,1037.21,1064.9,1064.9,3287475
2026-07-01,1033.92,1041.26,985.05,991.41,991.41,3914148
2026-07-02,1001.28,1001.28,948.78,963.53,963.53,3569889
