Date,Open,High,Low,Close,Adj Close,Volume
1970-01-02,0.58756,0.599556,0.58756,0.599556,0.599556,105306
1970-01-05,0.599556,0.612236,0.599556,0.605993,0.605993,224377
1970-01-06,0.605993,0.605993,0.59351,0.59351,0.59351,110753
1970-01-07,0.59351,0.599556,0.58756,0.59351,0.59351,90264
1970-01-08,0.599556,0.612236,0.599556,0.605993,0.605993,127072
1970-01-09,0.605993,0.605993,0.605993,0.605993,0.605993,103069
1970-01-12,0.605993,0.612236,0.599556,0.605993,0.605993,66896
1970-01-13,0.605993,0.605993,0.59351,0.59351,0.59351,74578
1970-01-14,0.59351,0.59351,0.574685,0.581414,0.581414,225024
1970-01-15,0.581414,0.581414,0.574685,0.581414,0.581414,67215
1970-01-16,0.581414,0.581414,0.574685,0.581414,0.581414,85145
1970-01-19,0.581414,0.581414,0.574685,0.574685,0.574685,101791
1970-01-20,0.574685,0.574685,0.56854,0.56854,0.56854,117792
1970-01-21,0.56854,0.574685,0.562297,0.56854,0.56854,90909
1970-01-22,0.56854,0.574685,0.562297,0.56854,0.56854,128038
1970-01-23,0.56854,0.56854,0.562297,0.562297,0.562297,85465
1970-01-26,0.562297,0.562297,0.549716,0.562297,0.562297,146603
1970-01-27,0.562297,0.562297,0.543376,0.562297,0.562297,108186
1970-01-28,0.562297,0.562297,0.537231,0.537231,0.537231,99865
1970-01-29,0.537231,0.543376,0.530989,0.537231,0.537231,139238
1970-01-30,0.537231,0.543376,0.524843,0.530989,0.530989,163560
1970-02-02,0.530989,0.537231,0.524843,0.530989,0.530989,187573
1970-02-03,0.530989,0.530989,0.524843,0.524843,0.524843,394349
1970-02-04,0.530989,0.537231,0.530989,0.537231,0.537231,106906
1970-02-05,0.537231,0.537231,0.530989,0.537231,0.537231,67541
1970-02-06,0.537231,0.537231,0.530989,0.537231,0.537231,54412
1970-02-09,0.537231,0.537231,0.530989,0.530989,0.530989,111711
1970-02-10,0.530989,0.537231,0.50602,0.50602,0.50602,199412
1970-02-11,0.50602,0.5187,0.49968,0.5187,0.5187,175726
1970-02-12,0.5187,0.524843,0.50602,0.50602,0.50602,163242
1970-02-13,0.50602,0.5187,0.49968,0.50602,0.50602,98583
1970-02-16,0.50602,0.512457,0.50602,0.512457,0.512457,97627
1970-02-17,0.512457,0.5187,0.50602,0.512457,0.512457,90264
1970-02-18,0.512457,0.524843,0.512457,0.524843,0.524843,205814
1970-02-19,0.524843,0.537231,0.524843,0.530989,0.530989,164845
1970-02-20,0.530989,0.537231,0.530989,0.537231,0.537231,233339
1970-02-24,0.537231,0.537231,0.530989,0.537231,0.537231,208695
1970-02-25,0.543376,0.562297,0.543376,0.562297,0.562297,118749
1970-02-26,0.562297,0.56854,0.555957,0.562297,0.562297,172523
1970-02-27,0.562297,0.56854,0.562297,0.562297,0.562297,249353
1970-03-02,0.562297,0.562297,0.543376,0.549716,0.549716,103710
1970-03-03,0.549716,0.555957,0.530989,0.543376,0.543376,108829
1970-03-04,0.543376,0.549716,0.537231,0.537231,0.537231,84503
1970-03-05,0.537231,0.537231,0.530989,0.537231,0.537231,136993
1970-03-06,0.537231,0.537231,0.530989,0.537231,0.537231,96350
1970-03-09,0.537231,0.549716,0.530989,0.537231,0.537231,104989
1970-03-10,0.537231,0.543376,0.530989,0.537231,0.537231,86102
1970-03-11,0.537231,0.543376,0.537231,0.537231,0.537231,168678
1970-03-12,0.537231,0.537231,0.530989,0.537231,0.537231,107870
1970-03-13,0.537231,0.537231,0.524843,0.530989,0.530989,137642
1970-03-16,0.524843,0.524843,0.50602,0.524843,0.524843,146603
1970-03-17,0.524843,0.530989,0.5187,0.524843,0.524843,112987
1970-03-18,0.524843,0.537231,0.524843,0.530989,0.530989,87382
1970-03-19,0.530989,0.530989,0.5187,0.5187,0.5187,165487
1970-03-20,0.5187,0.5187,0.512457,0.5187,0.5187,74578
1970-03-23,0.512457,0.512457,0.50602,0.512457,0.512457,107870
1970-03-24,0.512457,0.5187,0.50602,0.5187,0.5187,71059
1970-03-25,0.5187,0.537231,0.5187,0.524843,0.524843,197492
1970-03-26,0.524843,0.524843,0.50602,0.512457,0.512457,329047
1970-03-30,0.512457,0.512457,0.512457,0.512457,0.512457,125797
1970-03-31,0.512457,0.524843,0.512457,0.5187,0.5187,115868
1970-04-01,0.5187,0.530989,0.5187,0.530989,0.530989,205814
1970-04-02,0.530989,0.530989,0.5187,0.5187,0.5187,230142
1970-04-03,0.5187,0.524843,0.5187,0.524843,0.524843,89946
1970-04-06,0.524843,0.530989,0.524843,0.530989,0.530989,76822
1970-04-07,0.530989,0.530989,0.5187,0.5187,0.5187,84503
1970-04-08,0.5187,0.524843,0.5187,0.524843,0.524843,64335
1970-04-09,0.524843,0.524843,0.512457,0.524843,0.524843,104031
1970-04-10,0.524843,0.524843,0.5187,0.5187,0.5187,72019
1970-04-13,0.5187,0.524843,0.5187,0.5187,0.5187,81620
1970-04-14,0.5187,0.5187,0.512457,0.512457,0.512457,112672
1970-04-15,0.512457,0.512457,0.512457,0.512457,0.512457,77144
1970-04-16,0.512457,0.512457,0.50602,0.50602,0.50602,163242
1970-04-17,0.50602,0.512457,0.50602,0.50602,0.50602,57293
1970-04-20,0.50602,0.512457,0.50602,0.50602,0.50602,70099
1970-04-21,0.50602,0.512457,0.50602,0.50602,0.50602,60495
1970-04-22,0.50602,0.50602,0.49968,0.50602,0.50602,88030
1970-04-23,0.50602,0.50602,0.49968,0.50602,0.50602,103389
1970-04-24,0.50602,0.50602,0.49968,0.49968,0.49968,109792
1970-04-27,0.49968,0.50602,0.493437,0.493437,0.493437,116514
1970-04-28,0.493437,0.49968,0.481304,0.487438,0.487438,172206
1970-04-29,0.487438,0.493437,0.468604,0.493437,0.493437,174765
1970-04-30,0.493437,0.49968,0.487438,0.493437,0.493437,86102
1970-05-01,0.493437,0.493437,0.475091,0.493437,0.493437,141478
1970-05-04,0.493437,0.493437,0.475091,0.481304,0.481304,107553
1970-05-05,0.487438,0.487438,0.481304,0.481304,0.481304,126751
1970-05-06,0.481304,0.487438,0.475091,0.481304,0.481304,237506
1970-05-07,0.481304,0.481304,0.475091,0.481304,0.481304,112672
1970-05-08,0.481304,0.481304,0.475091,0.481304,0.481304,106270
1970-05-11,0.481304,0.481304,0.475091,0.475091,0.475091,116190
1970-05-12,0.475091,0.487438,0.468604,0.475091,0.475091,182767
1970-05-13,0.475091,0.481304,0.462333,0.475091,0.475091,148517
1970-05-14,0.475091,0.487438,0.475091,0.481304,0.481304,169324
1970-05-15,0.481304,0.493437,0.475091,0.493437,0.493437,89946
1970-05-18,0.493437,0.49968,0.487438,0.49968,0.49968,103710
1970-05-19,0.49968,0.49968,0.487438,0.487438,0.487438,54735
1970-05-20,0.487438,0.493437,0.481304,0.481304,0.481304,67541
1970-05-21,0.481304,0.487438,0.475091,0.475091,0.475091,115554
1970-05-22,0.475091,0.487438,0.475091,0.475091,0.475091,69773
1970-05-25,0.475091,0.481304,0.475091,0.475091,0.475091,66896
1970-05-26,0.475091,0.475091,0.468604,0.475091,0.475091,106595
1970-05-27,0.475091,0.49968,0.475091,0.493437,0.493437,125157
1970-05-28,0.493437,0.50602,0.493437,0.50602,0.50602,101151
1970-05-29,0.50602,0.5187,0.50602,0.5187,0.5187,108829
1970-06-01,0.5187,0.530989,0.512457,0.530989,0.530989,107553
1970-06-02,0.530989,0.530989,0.512457,0.524843,0.524843,87061
1970-06-03,0.524843,0.537231,0.5187,0.530989,0.530989,84178
1970-06-04,0.530989,0.537231,0.512457,0.512457,0.512457,117472
1970-06-05,0.512457,0.512457,0.50602,0.50602,0.50602,76504
1970-06-08,0.50602,0.50602,0.49968,0.49968,0.49968,66896
1970-06-09,0.49968,0.49968,0.493437,0.493437,0.493437,52173
1970-06-10,0.493437,0.493437,0.487438,0.493437,0.493437,81302
1970-06-11,0.493437,0.493437,0.481304,0.493437,0.493437,70740
1970-06-12,0.493437,0.493437,0.487438,0.493437,0.493437,65937
1970-06-15,0.493437,0.493437,0.487438,0.493437,0.493437,58899
1970-06-16,0.493437,0.50602,0.487438,0.49968,0.49968,98269
1970-06-17,0.49968,0.50602,0.493437,0.49968,0.49968,75213
1970-06-18,0.49968,0.50602,0.493437,0.50602,0.50602,90590
1970-06-19,0.50602,0.50602,0.49968,0.49968,0.49968,71059
1970-06-22,0.49968,0.49968,0.493437,0.493437,0.493437,57617
1970-06-23,0.493437,0.49968,0.493437,0.493437,0.493437,64335
1970-06-24,0.487438,0.487438,0.481304,0.481304,0.481304,89626
1970-06-25,0.481304,0.487438,0.481304,0.481304,0.481304,60174
1970-06-26,0.481304,0.481304,0.481304,0.481304,0.481304,58252
1970-06-29,0.481304,0.481304,0.481304,0.481304,0.481304,47691
1970-06-30,0.481304,0.481304,0.481304,0.481304,0.481304,62738
1970-07-01,0.481304,0.481304,0.475091,0.481304,0.481304,64335
1970-07-02,0.481304,0.481304,0.475091,0.475091,0.475091,61450
1970-07-06,0.475091,0.475091,0.462333,0.462333,0.462333,181489
1970-07-07,0.462333,0.462333,0.456091,0.456091,0.456091,109151
1970-07-08,0.456091,0.462333,0.449858,0.462333,0.462333,117150
1970-07-09,0.462333,0.468604,0.462333,0.462333,0.462333,105947
1970-07-10,0.468604,0.475091,0.468604,0.475091,0.475091,111391
1970-07-13,0.475091,0.481304,0.475091,0.481304,0.481304,92824
1970-07-14,0.481304,0.481304,0.475091,0.475091,0.475091,77460
1970-07-15,0.475091,0.481304,0.475091,0.475091,0.475091,73298
1970-07-16,0.481304,0.493437,0.481304,0.493437,0.493437,149804
1970-07-17,0.493437,0.50602,0.493437,0.50602,0.50602,167725
1970-07-20,0.50602,0.50602,0.50602,0.50602,0.50602,162285
1970-07-21,0.50602,0.512457,0.50602,0.50602,0.50602,143401
1970-07-22,0.50602,0.512457,0.50602,0.50602,0.50602,91863
1970-07-23,0.50602,0.530989,0.50602,0.524843,0.524843,202295
1970-07-24,0.524843,0.537231,0.512457,0.5187,0.5187,118116
1970-07-27,0.5187,0.524843,0.512457,0.5187,0.5187,95064
1970-07-28,0.5187,0.5187,0.512457,0.512457,0.512457,98583
1970-07-29,0.512457,0.5187,0.512457,0.512457,0.512457,68819
1970-07-30,0.512457,0.524843,0.512457,0.5187,0.5187,164522
1970-07-31,0.524843,0.530989,0.524843,0.524843,0.524843,100829
1970-08-03,0.524843,0.524843,0.512457,0.5187,0.5187,82586
1970-08-04,0.524843,0.524843,0.512457,0.524843,0.524843,60816
1970-08-05,0.524843,0.524843,0.5187,0.524843,0.524843,59217
1970-08-06,0.524843,0.524843,0.5187,0.524843,0.524843,62416
1970-08-07,0.524843,0.543376,0.5187,0.537231,0.537231,107553
1970-08-10,0.537231,0.543376,0.524843,0.530989,0.530989,126111
1970-08-11,0.530989,0.530989,0.524843,0.524843,0.524843,37447
1970-08-12,0.524843,0.524843,0.5187,0.524843,0.524843,49614
1970-08-13,0.524843,0.524843,0.5187,0.524843,0.524843,51212
1970-08-14,0.524843,0.530989,0.5187,0.5187,0.5187,63376
1970-08-17,0.5187,0.5187,0.512457,0.512457,0.512457,92503
1970-08-18,0.512457,0.524843,0.512457,0.524843,0.524843,143401
1970-08-19,0.530989,0.549716,0.530989,0.537231,0.537231,257350
1970-08-20,0.537231,0.562297,0.537231,0.562297,0.562297,251271
1970-08-21,0.562297,0.56854,0.562297,0.56854,0.56854,198452
1970-08-24,0.56854,0.58756,0.56854,0.574685,0.574685,288082
1970-08-25,0.574685,0.581414,0.56854,0.581414,0.581414,96985
1970-08-26,0.574685,0.574685,0.56854,0.56854,0.56854,117150
1970-08-27,0.56854,0.574685,0.562297,0.574685,0.574685,159404
1970-08-28,0.574685,0.574685,0.56854,0.574685,0.574685,91222
1970-08-31,0.574685,0.581414,0.574685,0.581414,0.581414,82586
1970-09-01,0.581414,0.581414,0.574685,0.574685,0.574685,122274
1970-09-02,0.574685,0.581414,0.56854,0.581414,0.581414,95064
1970-09-03,0.581414,0.581414,0.574685,0.581414,0.581414,110107
1970-09-04,0.581414,0.58756,0.581414,0.581414,0.581414,113629
1970-09-08,0.581414,0.581414,0.56854,0.581414,0.581414,117150
1970-09-09,0.581414,0.58756,0.574685,0.581414,0.581414,87382
1970-09-10,0.581414,0.581414,0.56854,0.56854,0.56854,80663
1970-09-11,0.56854,0.574685,0.562297,0.56854,0.56854,65622
1970-09-14,0.56854,0.56854,0.562297,0.562297,0.562297,60174
1970-09-15,0.562297,0.562297,0.555957,0.555957,0.555957,59536
1970-09-16,0.555957,0.555957,0.549716,0.555957,0.555957,222144
1970-09-17,0.555957,0.562297,0.549716,0.555957,0.555957,138598
1970-09-18,0.555957,0.574685,0.555957,0.56854,0.56854,280071
1970-09-21,0.56854,0.56854,0.562297,0.562297,0.562297,118749
1970-09-22,0.555957,0.555957,0.549716,0.549716,0.549716,118749
1970-09-23,0.549716,0.574685,0.549716,0.562297,0.562297,231420
1970-09-24,0.562297,0.56854,0.562297,0.56854,0.56854,200054
1970-09-25,0.56854,0.56854,0.562297,0.56854,0.56854,110430
1970-09-28,0.56854,0.56854,0.562297,0.56854,0.56854,83862
1970-09-29,0.56854,0.56854,0.562297,0.562297,0.562297,119392
1970-09-30,0.562297,0.562297,0.555957,0.555957,0.555957,111711
1970-10-01,0.555957,0.562297,0.549716,0.562297,0.562297,52494
1970-10-02,0.562297,0.574685,0.562297,0.56854,0.56854,151721
1970-10-05,0.574685,0.581414,0.574685,0.581414,0.581414,126438
1970-10-06,0.581414,0.58756,0.581414,0.58756,0.58756,182451
1970-10-07,0.58756,0.58756,0.58756,0.58756,0.58756,153965
1970-10-08,0.58756,0.599556,0.58756,0.58756,0.58756,209656
1970-10-09,0.58756,0.58756,0.581414,0.581414,0.581414,198129
1970-10-12,0.581414,0.581414,0.574685,0.581414,0.581414,45770
1970-10-13,0.581414,0.581414,0.574685,0.574685,0.574685,106270
1970-10-14,0.574685,0.58756,0.574685,0.58756,0.58756,75213
1970-10-15,0.58756,0.58756,0.581414,0.58756,0.58756,90909
1970-10-16,0.58756,0.59351,0.58756,0.58756,0.58756,75539
1970-10-19,0.58756,0.58756,0.581414,0.581414,0.581414,81941
1970-10-20,0.581414,0.58756,0.574685,0.574685,0.574685,69773
1970-10-21,0.574685,0.58756,0.574685,0.58756,0.58756,92824
1970-10-22,0.58756,0.58756,0.581414,0.581414,0.581414,75539
1970-10-23,0.581414,0.58756,0.581414,0.58756,0.58756,107230
1970-10-26,0.58756,0.58756,0.574685,0.574685,0.574685,77781
1970-10-27,0.574685,0.574685,0.562297,0.574685,0.574685,88341
1970-10-28,0.574685,0.581414,0.562297,0.581414,0.581414,133474
1970-10-29,0.581414,0.58756,0.574685,0.581414,0.581414,147558
1970-10-30,0.581414,0.58756,0.574685,0.58756,0.58756,130918
1970-11-02,0.58756,0.58756,0.581414,0.581414,0.581414,136993
1970-11-03,0.581414,0.58756,0.581414,0.58756,0.58756,77144
1970-11-04,0.58756,0.58756,0.58756,0.58756,0.58756,87061
1970-11-05,0.58756,0.59351,0.58756,0.58756,0.58756,116514
1970-11-06,0.58756,0.59351,0.58756,0.59351,0.59351,119392
1970-11-09,0.59351,0.59351,0.58756,0.59351,0.59351,80663
1970-11-10,0.59351,0.59351,0.58756,0.59351,0.59351,105306
1970-11-11,0.59351,0.599556,0.59351,0.59351,0.59351,94745
1970-11-12,0.59351,0.599556,0.59351,0.59351,0.59351,79065
1970-11-13,0.59351,0.59351,0.58756,0.59351,0.59351,91222
1970-11-17,0.58756,0.59351,0.58756,0.58756,0.58756,44494
1970-11-18,0.58756,0.58756,0.58756,0.58756,0.58756,62416
1970-11-19,0.58756,0.58756,0.58756,0.58756,0.58756,51531
1970-11-20,0.58756,0.58756,0.581414,0.58756,0.58756,64978
1970-11-23,0.58756,0.58756,0.581414,0.58756,0.58756,88980
1970-11-24,0.58756,0.59351,0.581414,0.58756,0.58756,119711
1970-11-25,0.58756,0.605993,0.58756,0.599556,0.599556,169959
1970-11-27,0.599556,0.612236,0.599556,0.612236,0.612236,232063
1970-11-30,0.612236,0.637401,0.612236,0.624721,0.624721,499336
1970-12-01,0.624721,0.637401,0.624721,0.624721,0.624721,395303
1970-12-02,0.624721,0.630964,0.618673,0.624721,0.624721,98583
1970-12-03,0.624721,0.637401,0.624721,0.624721,0.624721,153642
1970-12-04,0.624721,0.630964,0.624721,0.630964,0.630964,162925
1970-12-07,0.630964,0.637401,0.624721,0.630964,0.630964,351129
1970-12-08,0.630964,0.637401,0.630964,0.637401,0.637401,244546
1970-12-09,0.637401,0.643545,0.630964,0.643545,0.643545,216056
1970-12-10,0.643545,0.649788,0.643545,0.643545,0.643545,201653
1970-12-11,0.649788,0.655933,0.649788,0.649788,0.649788,153000
1970-12-14,0.649788,0.649788,0.643545,0.643545,0.643545,70415
1970-12-15,0.643545,0.649788,0.643545,0.643545,0.643545,84178
1970-12-16,0.643545,0.643545,0.630964,0.643545,0.643545,90590
1970-12-17,0.643545,0.649788,0.643545,0.649788,0.649788,59217
1970-12-18,0.649788,0.655933,0.649788,0.649788,0.649788,69136
1970-12-21,0.649788,0.655933,0.649788,0.655933,0.655933,76822
1970-12-22,0.655933,0.655933,0.643545,0.649788,0.649788,178932
1970-12-23,0.649788,0.662273,0.649788,0.655933,0.655933,143712
1970-12-24,0.655933,0.662273,0.655933,0.662273,0.662273,40011
1970-12-28,0.662273,0.662273,0.649788,0.662273,0.662273,126751
1970-12-29,0.662273,0.668807,0.662273,0.668807,0.668807,141478
1970-12-30,0.668807,0.674953,0.668807,0.674953,0.674953,117472
1970-12-31,0.674953,0.674953,0.668807,0.668807,0.668807,75539
1971-01-04,0.668807,0.668807,0.655933,0.655933,0.655933,72344
1971-01-05,0.655933,0.662273,0.649788,0.655933,0.655933,146918
1971-01-06,0.655933,0.662273,0.655933,0.662273,0.662273,94745
1971-01-07,0.662273,0.668807,0.662273,0.662273,0.662273,174123
1971-01-08,0.662273,0.668807,0.662273,0.668807,0.668807,114917
1971-01-11,0.668807,0.674953,0.649788,0.662273,0.662273,141797
1971-01-12,0.662273,0.662273,0.649788,0.655933,0.655933,115554
1971-01-13,0.649788,0.649788,0.618673,0.624721,0.624721,486209
1971-01-14,0.624721,0.624721,0.605993,0.624721,0.624721,327448
1971-01-15,0.624721,0.630964,0.624721,0.624721,0.624721,139560
1971-01-18,0.624721,0.637401,0.624721,0.637401,0.637401,164204
1971-01-19,0.637401,0.643545,0.637401,0.643545,0.643545,142439
1971-01-20,0.643545,0.643545,0.637401,0.643545,0.643545,123552
1971-01-21,0.643545,0.649788,0.643545,0.643545,0.643545,169959
1971-01-22,0.643545,0.655933,0.643545,0.649788,0.649788,200054
1971-01-25,0.649788,0.649788,0.637401,0.643545,0.643545,132511
1971-01-26,0.643545,0.643545,0.637401,0.637401,0.637401,131879
1971-01-27,0.637401,0.637401,0.630964,0.637401,0.637401,105947
1971-01-28,0.637401,0.643545,0.630964,0.643545,0.643545,123876
1971-01-29,0.643545,0.655933,0.643545,0.655933,0.655933,127072
1971-02-01,0.655933,0.668807,0.655933,0.662273,0.662273,283273
1971-02-02,0.662273,0.668807,0.643545,0.649788,0.649788,183089
1971-02-03,0.649788,0.655933,0.637401,0.655933,0.655933,135396
1971-02-04,0.649788,0.649788,0.643545,0.643545,0.643545,66255
1971-02-05,0.643545,0.655933,0.643545,0.655933,0.655933,108186
1971-02-08,0.662273,0.662273,0.662273,0.662273,0.662273,80024
1971-02-09,0.662273,0.668807,0.655933,0.655933,0.655933,105306
1971-02-10,0.655933,0.662273,0.649788,0.655933,0.655933,133795
1971-02-11,0.655933,0.662273,0.655933,0.655933,0.655933,144357
1971-02-12,0.655933,0.674953,0.655933,0.674953,0.674953,193656
1971-02-16,0.674953,0.680999,0.674953,0.674953,0.674953,257028
1971-02-17,0.674953,0.680999,0.674953,0.680999,0.680999,165487
1971-02-18,0.680999,0.680999,0.674953,0.680999,0.680999,158119
1971-02-19,0.680999,0.680999,0.680999,0.680999,0.680999,74578
1971-02-22,0.680999,0.680999,0.668807,0.674953,0.674953,133795
1971-02-23,0.674953,0.674953,0.668807,0.668807,0.668807,115868
1971-02-24,0.668807,0.674953,0.668807,0.674953,0.674953,140837
1971-02-25,0.674953,0.693582,0.674953,0.693582,0.693582,203255
1971-02-26,0.693582,0.693582,0.668807,0.680999,0.680999,239105
1971-03-01,0.680999,0.687436,0.680999,0.687436,0.687436,99229
1971-03-02,0.687436,0.693582,0.680999,0.693582,0.693582,164204
1971-03-03,0.693582,0.699825,0.693582,0.699825,0.699825,140518
1971-03-04,0.699825,0.699825,0.693582,0.699825,0.699825,99229
1971-03-05,0.699825,0.724793,0.699825,0.724793,0.724793,224701
1971-03-08,0.724793,0.731035,0.724793,0.724793,0.724793,163885
1971-03-09,0.724793,0.731035,0.724793,0.724793,0.724793,149477
1971-03-10,0.724793,0.731035,0.718649,0.724793,0.724793,106595
1971-03-11,0.724793,0.724793,0.718649,0.724793,0.724793,66896
1971-03-12,0.724793,0.724793,0.724793,0.724793,0.724793,58252
1971-03-15,0.724793,0.737375,0.724793,0.737375,0.737375,62416
1971-03-16,0.737375,0.743715,0.737375,0.743715,0.743715,80024
1971-03-17,0.737375,0.737375,0.724793,0.731035,0.731035,153326
1971-03-18,0.731035,0.737375,0.724793,0.731035,0.731035,192690
1971-03-19,0.731035,0.731035,0.718649,0.718649,0.718649,103710
1971-03-22,0.718649,0.718649,0.712503,0.718649,0.718649,72978
1971-03-23,0.718649,0.731035,0.712503,0.724793,0.724793,101464
1971-03-24,0.724793,0.724793,0.712503,0.718649,0.718649,150762
1971-03-25,0.712503,0.712503,0.693582,0.712503,0.712503,189172
1971-03-26,0.712503,0.712503,0.705872,0.712503,0.712503,41933
1971-03-29,0.712503,0.712503,0.693582,0.699825,0.699825,81302
1971-03-30,0.699825,0.705872,0.693582,0.699825,0.699825,67541
1971-03-31,0.699825,0.712503,0.699825,0.705872,0.705872,71379
1971-04-01,0.705872,0.712503,0.699825,0.699825,0.699825,47049
1971-04-02,0.699825,0.712503,0.699825,0.705872,0.705872,62416
1971-04-05,0.705872,0.718649,0.705872,0.712503,0.712503,94745
1971-04-06,0.718649,0.731035,0.718649,0.731035,0.731035,160040
1971-04-07,0.731035,0.749568,0.731035,0.743715,0.743715,154924
1971-04-08,0.743715,0.755908,0.743715,0.743715,0.743715,123234
1971-04-12,0.743715,0.755908,0.743715,0.749568,0.749568,80024
1971-04-13,0.749568,0.755908,0.743715,0.743715,0.743715,90909
1971-04-14,0.743715,0.749568,0.737375,0.743715,0.743715,60816
1971-04-15,0.743715,0.755908,0.743715,0.755908,0.755908,159081
1971-04-16,0.755908,0.774538,0.755908,0.768587,0.768587,183089
1971-04-19,0.768587,0.780877,0.762443,0.780877,0.780877,95705
1971-04-20,0.780877,0.780877,0.774538,0.780877,0.780877,161644
1971-04-21,0.780877,0.780877,0.768587,0.774538,0.774538,104031
1971-04-22,0.774538,0.780877,0.774538,0.774538,0.774538,72978
1971-04-23,0.774538,0.780877,0.768587,0.780877,0.780877,86426
1971-04-26,0.780877,0.787315,0.774538,0.774538,0.774538,120672
1971-04-27,0.774538,0.774538,0.768587,0.768587,0.768587,80663
1971-04-28,0.774538,0.787315,0.774538,0.774538,0.774538,82267
1971-04-29,0.780877,0.787315,0.780877,0.780877,0.780877,82905
1971-04-30,0.780877,0.787315,0.780877,0.780877,0.780877,49293
1971-05-03,0.780877,0.780877,0.768587,0.774538,0.774538,87382
1971-05-04,0.780877,0.780877,0.768587,0.780877,0.780877,89946
1971-05-05,0.780877,0.780877,0.774538,0.780877,0.780877,56973
1971-05-06,0.780877,0.780877,0.768587,0.774538,0.774538,62098
1971-05-07,0.768587,0.768587,0.749568,0.762443,0.762443,110430
1971-05-10,0.762443,0.762443,0.755908,0.762443,0.762443,104031
1971-05-11,0.762443,0.774538,0.762443,0.774538,0.774538,68819
1971-05-12,0.774538,0.780877,0.768587,0.768587,0.768587,90590
1971-05-13,0.762443,0.762443,0.749568,0.755908,0.755908,81302
1971-05-14,0.755908,0.755908,0.737375,0.743715,0.743715,106270
1971-05-17,0.743715,0.743715,0.731035,0.737375,0.737375,70740
1971-05-18,0.737375,0.743715,0.724793,0.731035,0.731035,104989
1971-05-19,0.737375,0.743715,0.737375,0.737375,0.737375,64657
1971-05-20,0.737375,0.743715,0.737375,0.737375,0.737375,58899
1971-05-21,0.737375,0.737375,0.731035,0.731035,0.731035,43213
1971-05-24,0.731035,0.737375,0.718649,0.724793,0.724793,81302
1971-05-25,0.718649,0.718649,0.699825,0.712503,0.712503,136036
1971-05-26,0.712503,0.718649,0.712503,0.718649,0.718649,92503
1971-05-27,0.718649,0.718649,0.712503,0.718649,0.718649,96350
1971-05-28,0.718649,0.724793,0.712503,0.718649,0.718649,61777
1971-06-01,0.718649,0.731035,0.712503,0.724793,0.724793,59217
1971-06-02,0.724793,0.737375,0.718649,0.737375,0.737375,94106
1971-06-03,0.743715,0.755908,0.743715,0.743715,0.743715,105306
1971-06-04,0.743715,0.755908,0.743715,0.755908,0.755908,99549
1971-06-07,0.755908,0.755908,0.749568,0.755908,0.755908,73298
1971-06-08,0.755908,0.755908,0.749568,0.749568,0.749568,69773
1971-06-09,0.749568,0.749568,0.731035,0.737375,0.737375,78099
1971-06-10,0.737375,0.743715,0.737375,0.743715,0.743715,50895
1971-06-11,0.743715,0.743715,0.743715,0.743715,0.743715,62738
1971-06-14,0.743715,0.743715,0.737375,0.743715,0.743715,38733
1971-06-15,0.743715,0.743715,0.737375,0.743715,0.743715,69773
1971-06-16,0.743715,0.743715,0.724793,0.724793,0.724793,228221
1971-06-17,0.724793,0.724793,0.718649,0.718649,0.718649,80024
1971-06-18,0.718649,0.718649,0.705872,0.712503,0.712503,225983
1971-06-21,0.705872,0.705872,0.687436,0.687436,0.687436,177331
1971-06-22,0.687436,0.699825,0.687436,0.693582,0.693582,346333
1971-06-23,0.693582,0.693582,0.687436,0.693582,0.693582,120993
1971-06-24,0.693582,0.699825,0.693582,0.699825,0.699825,217659
1971-06-25,0.699825,0.712503,0.699825,0.712503,0.712503,91547
1971-06-28,0.712503,0.712503,0.699825,0.705872,0.705872,96985
1971-06-29,0.705872,0.718649,0.705872,0.712503,0.712503,96350
1971-06-30,0.712503,0.718649,0.705872,0.718649,0.718649,108186
1971-07-01,0.718649,0.724793,0.712503,0.712503,0.712503,103389
1971-07-02,0.712503,0.718649,0.712503,0.718649,0.718649,125476
1971-07-06,0.718649,0.731035,0.718649,0.718649,0.718649,110107
1971-07-07,0.718649,0.724793,0.712503,0.712503,0.712503,91547
1971-07-08,0.718649,0.724793,0.718649,0.718649,0.718649,48973
1971-07-09,0.718649,0.731035,0.718649,0.724793,0.724793,70099
1971-07-12,0.724793,0.724793,0.718649,0.724793,0.724793,111391
1971-07-13,0.724793,0.724793,0.718649,0.718649,0.718649,74903
1971-07-14,0.718649,0.718649,0.712503,0.718649,0.718649,35853
1971-07-15,0.718649,0.724793,0.718649,0.718649,0.718649,89306
1971-07-16,0.718649,0.731035,0.718649,0.718649,0.718649,108829
1971-07-19,0.718649,0.724793,0.718649,0.724793,0.724793,75213
1971-07-20,0.724793,0.724793,0.724793,0.724793,0.724793,92824
1971-07-21,0.724793,0.724793,0.724793,0.724793,0.724793,90590
1971-07-22,0.724793,0.724793,0.718649,0.724793,0.724793,64016
1971-07-23,0.724793,0.731035,0.724793,0.731035,0.731035,40011
1971-07-26,0.731035,0.749568,0.731035,0.743715,0.743715,244546
1971-07-27,0.743715,0.743715,0.731035,0.731035,0.731035,135078
1971-07-28,0.731035,0.737375,0.731035,0.731035,0.731035,67215
1971-07-29,0.731035,0.737375,0.724793,0.731035,0.731035,93783
1971-07-30,0.731035,0.731035,0.718649,0.718649,0.718649,72656
1971-08-02,0.724793,0.731035,0.724793,0.724793,0.724793,56973
1971-08-03,0.724793,0.724793,0.718649,0.718649,0.718649,119392
1971-08-04,0.724793,0.724793,0.712503,0.712503,0.712503,88660
1971-08-05,0.712503,0.718649,0.712503,0.718649,0.718649,61450
1971-08-06,0.718649,0.718649,0.712503,0.712503,0.712503,39372
1971-08-09,0.712503,0.718649,0.705872,0.705872,0.705872,46094
1971-08-10,0.705872,0.718649,0.699825,0.699825,0.699825,95389
1971-08-11,0.699825,0.712503,0.699825,0.705872,0.705872,71059
1971-08-12,0.705872,0.718649,0.699825,0.712503,0.712503,63057
1971-08-13,0.712503,0.718649,0.705872,0.712503,0.712503,54412
1971-08-16,0.712503,0.743715,0.674953,0.693582,0.693582,289357
1971-08-17,0.693582,0.699825,0.674953,0.687436,0.687436,322647
1971-08-18,0.687436,0.687436,0.674953,0.674953,0.674953,207095
1971-08-19,0.674953,0.674953,0.655933,0.662273,0.662273,185653
1971-08-20,0.662273,0.668807,0.662273,0.662273,0.662273,133155
1971-08-23,0.668807,0.687436,0.668807,0.680999,0.680999,170289
1971-08-24,0.687436,0.712503,0.687436,0.699825,0.699825,163560
1971-08-25,0.699825,0.718649,0.699825,0.712503,0.712503,110107
1971-08-26,0.712503,0.712503,0.699825,0.699825,0.699825,134759
1971-08-27,0.699825,0.705872,0.693582,0.693582,0.693582,86102
1971-08-30,0.693582,0.699825,0.687436,0.693582,0.693582,80024
1971-08-31,0.687436,0.687436,0.680999,0.687436,0.687436,62416
1971-09-01,0.687436,0.699825,0.687436,0.699825,0.699825,42573
1971-09-02,0.699825,0.712503,0.693582,0.699825,0.699825,51531
1971-09-03,0.699825,0.712503,0.693582,0.712503,0.712503,88030
1971-09-07,0.718649,0.731035,0.718649,0.718649,0.718649,149804
1971-09-08,0.718649,0.724793,0.712503,0.718649,0.718649,222777
1971-09-09,0.718649,0.718649,0.693582,0.712503,0.712503,96350
1971-09-10,0.705872,0.705872,0.687436,0.693582,0.693582,103389
1971-09-13,0.693582,0.705872,0.687436,0.705872,0.705872,80981
1971-09-14,0.705872,0.718649,0.705872,0.712503,0.712503,277516
1971-09-15,0.712503,0.712503,0.705872,0.712503,0.712503,92503
1971-09-16,0.712503,0.718649,0.705872,0.705872,0.705872,68819
1971-09-17,0.705872,0.712503,0.705872,0.712503,0.712503,64016
1971-09-20,0.712503,0.712503,0.705872,0.712503,0.712503,71379
1971-09-21,0.712503,0.712503,0.712503,0.712503,0.712503,58252
1971-09-22,0.712503,0.712503,0.699825,0.699825,0.699825,104031
1971-09-23,0.699825,0.712503,0.687436,0.712503,0.712503,77144
1971-09-24,0.712503,0.718649,0.705872,0.705872,0.705872,104031
1971-09-27,0.705872,0.712503,0.699825,0.705872,0.705872,81620
1971-09-28,0.705872,0.712503,0.693582,0.705872,0.705872,97305
1971-09-29,0.705872,0.712503,0.699825,0.712503,0.712503,68497
1971-09-30,0.712503,0.718649,0.712503,0.718649,0.718649,64016
1971-10-01,0.718649,0.718649,0.712503,0.718649,0.718649,62098
1971-10-04,0.718649,0.718649,0.712503,0.712503,0.712503,82905
1971-10-05,0.712503,0.718649,0.712503,0.712503,0.712503,51212
1971-10-06,0.712503,0.718649,0.705872,0.718649,0.718649,143401
1971-10-07,0.718649,0.718649,0.712503,0.718649,0.718649,346333
1971-10-08,0.718649,0.718649,0.705872,0.712503,0.712503,84178
1971-10-11,0.712503,0.712503,0.705872,0.712503,0.712503,60816
1971-10-12,0.712503,0.712503,0.699825,0.705872,0.705872,98909
1971-10-13,0.705872,0.712503,0.699825,0.705872,0.705872,77144
1971-10-14,0.705872,0.712503,0.693582,0.699825,0.699825,73623
1971-10-15,0.699825,0.699825,0.693582,0.693582,0.693582,114266
1971-10-18,0.693582,0.699825,0.693582,0.693582,0.693582,65622
1971-10-19,0.693582,0.693582,0.687436,0.687436,0.687436,63694
1971-10-20,0.687436,0.687436,0.674953,0.680999,0.680999,110753
1971-10-21,0.680999,0.680999,0.662273,0.668807,0.668807,118749
1971-10-22,0.668807,0.680999,0.668807,0.668807,0.668807,106270
1971-10-25,0.668807,0.680999,0.668807,0.674953,0.674953,53140
1971-10-26,0.680999,0.687436,0.680999,0.680999,0.680999,79065
1971-10-27,0.680999,0.680999,0.668807,0.674953,0.674953,130270
1971-10-28,0.674953,0.699825,0.674953,0.693582,0.693582,113315
1971-10-29,0.693582,0.705872,0.687436,0.705872,0.705872,80342
1971-11-01,0.699825,0.699825,0.693582,0.693582,0.693582,72656
1971-11-02,0.693582,0.693582,0.687436,0.687436,0.687436,89946
1971-11-03,0.687436,0.699825,0.687436,0.699825,0.699825,112672
1971-11-04,0.712503,0.712503,0.699825,0.699825,0.699825,70740
1971-11-05,0.699825,0.705872,0.693582,0.693582,0.693582,84828
1971-11-08,0.693582,0.693582,0.687436,0.687436,0.687436,40330
1971-11-09,0.687436,0.687436,0.674953,0.680999,0.680999,64978
1971-11-10,0.680999,0.680999,0.643545,0.649788,0.649788,234944
1971-11-11,0.655933,0.662273,0.655933,0.662273,0.662273,105306
1971-11-12,0.662273,0.668807,0.655933,0.668807,0.668807,109792
1971-11-15,0.668807,0.668807,0.655933,0.662273,0.662273,75213
1971-11-16,0.662273,0.668807,0.655933,0.668807,0.668807,86102
1971-11-17,0.668807,0.680999,0.668807,0.680999,0.680999,111071
1971-11-18,0.680999,0.687436,0.668807,0.668807,0.668807,62738
1971-11-19,0.668807,0.674953,0.655933,0.662273,0.662273,62416
1971-11-22,0.662273,0.662273,0.649788,0.649788,0.649788,49934
1971-11-23,0.649788,0.655933,0.649788,0.649788,0.649788,112352
1971-11-24,0.649788,0.662273,0.649788,0.655933,0.655933,104668
1971-11-26,0.655933,0.674953,0.655933,0.674953,0.674953,69136
1971-11-29,0.674953,0.680999,0.674953,0.680999,0.680999,82267
1971-11-30,0.680999,0.687436,0.674953,0.680999,0.680999,66896
1971-12-01,0.680999,0.693582,0.680999,0.687436,0.687436,82905
1971-12-02,0.687436,0.693582,0.680999,0.687436,0.687436,74903
1971-12-03,0.687436,0.712503,0.687436,0.705872,0.705872,79701
1971-12-06,0.705872,0.724793,0.705872,0.712503,0.712503,102744
1971-12-07,0.705872,0.705872,0.699825,0.699825,0.699825,92824
1971-12-08,0.693582,0.693582,0.674953,0.680999,0.680999,138598
1971-12-09,0.680999,0.693582,0.674953,0.693582,0.693582,74578
1971-12-10,0.693582,0.705872,0.693582,0.693582,0.693582,120355
1971-12-13,0.699825,0.712503,0.699825,0.712503,0.712503,126751
1971-12-14,0.712503,0.712503,0.699825,0.712503,0.712503,104668
1971-12-15,0.712503,0.724793,0.705872,0.718649,0.718649,77781
1971-12-16,0.718649,0.724793,0.718649,0.724793,0.724793,99229
1971-12-17,0.724793,0.724793,0.718649,0.724793,0.724793,79065
1971-12-20,0.724793,0.737375,0.724793,0.731035,0.731035,115554
1971-12-21,0.731035,0.731035,0.724793,0.724793,0.724793,49614
1971-12-22,0.724793,0.724793,0.712503,0.718649,0.718649,80981
1971-12-23,0.718649,0.718649,0.712503,0.712503,0.712503,69461
1971-12-27,0.712503,0.718649,0.705872,0.712503,0.712503,61777
1971-12-28,0.718649,0.737375,0.718649,0.731035,0.731035,82267
1971-12-29,0.731035,0.749568,0.731035,0.743715,0.743715,174446
1971-12-30,0.743715,0.755908,0.743715,0.749568,0.749568,70740
1971-12-31,0.749568,0.749568,0.737375,0.743715,0.743715,77460
1972-01-03,0.743715,0.749568,0.743715,0.749568,0.749568,108505
1972-01-04,0.749568,0.762443,0.749568,0.762443,0.762443,86743
1972-01-05,0.762443,0.780877,0.762443,0.774538,0.774538,131229
1972-01-06,0.774538,0.774538,0.774538,0.774538,0.774538,87382
1972-01-07,0.774538,0.780877,0.774538,0.780877,0.780877,98269
1972-01-10,0.774538,0.774538,0.755908,0.768587,0.768587,144680
1972-01-11,0.768587,0.774538,0.768587,0.768587,0.768587,179883
1972-01-12,0.774538,0.780877,0.774538,0.780877,0.780877,133795
1972-01-13,0.780877,0.780877,0.768587,0.774538,0.774538,123876
1972-01-14,0.774538,0.774538,0.768587,0.768587,0.768587,182451
1972-01-17,0.768587,0.774538,0.768587,0.774538,0.774538,46410
1972-01-18,0.774538,0.780877,0.774538,0.780877,0.780877,109151
1972-01-19,0.780877,0.780877,0.774538,0.774538,0.774538,157164
1972-01-20,0.774538,0.780877,0.774538,0.780877,0.780877,81302
1972-01-21,0.780877,0.780877,0.768587,0.780877,0.780877,157480
1972-01-24,0.780877,0.780877,0.774538,0.774538,0.774538,86743
1972-01-25,0.774538,0.774538,0.768587,0.768587,0.768587,73623
1972-01-26,0.768587,0.774538,0.768587,0.774538,0.774538,94106
1972-01-27,0.774538,0.780877,0.774538,0.780877,0.780877,83541
1972-01-28,0.780877,0.780877,0.780877,0.780877,0.780877,91222
1972-01-31,0.780877,0.780877,0.774538,0.774538,0.774538,46735
1972-02-01,0.774538,0.780877,0.774538,0.780877,0.780877,73298
1972-02-02,0.780877,0.787315,0.780877,0.780877,0.780877,121315
1972-02-03,0.780877,0.780877,0.774538,0.780877,0.780877,72344
1972-02-04,0.787315,0.787315,0.780877,0.787315,0.787315,122274
1972-02-07,0.787315,0.787315,0.780877,0.780877,0.780877,69773
1972-02-08,0.780877,0.787315,0.780877,0.780877,0.780877,82905
1972-02-09,0.780877,0.780877,0.780877,0.780877,0.780877,149477
1972-02-10,0.780877,0.780877,0.774538,0.774538,0.774538,49614
1972-02-11,0.774538,0.780877,0.768587,0.768587,0.768587,97305
1972-02-14,0.768587,0.768587,0.749568,0.749568,0.749568,101464
1972-02-15,0.749568,0.755908,0.749568,0.749568,0.749568,151401
1972-02-16,0.749568,0.762443,0.749568,0.762443,0.762443,75539
1972-02-17,0.762443,0.768587,0.755908,0.762443,0.762443,96025
1972-02-18,0.762443,0.762443,0.749568,0.755908,0.755908,82267
1972-02-22,0.755908,0.755908,0.749568,0.755908,0.755908,67215
1972-02-23,0.755908,0.762443,0.755908,0.762443,0.762443,49934
1972-02-24,0.762443,0.762443,0.749568,0.749568,0.749568,102110
1972-02-25,0.755908,0.762443,0.755908,0.755908,0.755908,134439
1972-02-28,0.755908,0.762443,0.755908,0.762443,0.762443,42573
1972-02-29,0.762443,0.780877,0.762443,0.780877,0.780877,145638
1972-03-01,0.780877,0.787315,0.780877,0.780877,0.780877,199734
1972-03-02,0.780877,0.780877,0.768587,0.780877,0.780877,54412
1972-03-03,0.780877,0.780877,0.774538,0.774538,0.774538,102425
1972-03-06,0.774538,0.780877,0.768587,0.780877,0.780877,78422
1972-03-07,0.780877,0.780877,0.774538,0.780877,0.780877,67541
1972-03-08,0.780877,0.787315,0.774538,0.780877,0.780877,120032
1972-03-09,0.780877,0.780877,0.780877,0.780877,0.780877,127072
1972-03-10,0.780877,0.787315,0.780877,0.780877,0.780877,110753
1972-03-13,0.780877,0.780877,0.780877,0.780877,0.780877,260868
1972-03-14,0.780877,0.780877,0.774538,0.780877,0.780877,108186
1972-03-15,0.780877,0.787315,0.780877,0.780877,0.780877,121315
1972-03-16,0.780877,0.780877,0.774538,0.780877,0.780877,59217
1972-03-17,0.780877,0.780877,0.768587,0.780877,0.780877,86102
1972-03-20,0.780877,0.780877,0.774538,0.774538,0.774538,112030
1972-03-21,0.768587,0.768587,0.755908,0.768587,0.768587,153965
1972-03-22,0.768587,0.768587,0.755908,0.762443,0.762443,64657
1972-03-23,0.762443,0.768587,0.762443,0.762443,0.762443,113315
1972-03-24,0.762443,0.762443,0.755908,0.755908,0.755908,73943
1972-03-27,0.755908,0.762443,0.755908,0.755908,0.755908,104031
1972-03-28,0.755908,0.755908,0.731035,0.737375,0.737375,87061
1972-03-29,0.731035,0.731035,0.712503,0.718649,0.718649,604645
1972-03-30,0.718649,0.731035,0.718649,0.731035,0.731035,131879
1972-04-03,0.731035,0.737375,0.731035,0.737375,0.737375,144680
1972-04-04,0.737375,0.737375,0.731035,0.737375,0.737375,69461
1972-04-05,0.737375,0.743715,0.737375,0.743715,0.743715,82267
1972-04-06,0.743715,0.755908,0.743715,0.743715,0.743715,176043
1972-04-07,0.743715,0.749568,0.737375,0.743715,0.743715,109151
1972-04-10,0.743715,0.743715,0.737375,0.737375,0.737375,104349
1972-04-11,0.737375,0.737375,0.724793,0.731035,0.731035,84828
1972-04-12,0.731035,0.737375,0.731035,0.731035,0.731035,86102
1972-04-13,0.731035,0.731035,0.731035,0.731035,0.731035,104668
1972-04-14,0.731035,0.737375,0.724793,0.731035,0.731035,77781
1972-04-17,0.731035,0.743715,0.731035,0.737375,0.737375,53778
1972-04-18,0.737375,0.743715,0.731035,0.737375,0.737375,72978
1972-04-19,0.737375,0.743715,0.731035,0.737375,0.737375,70740
1972-04-20,0.737375,0.737375,0.731035,0.737375,0.737375,79701
1972-04-21,0.737375,0.737375,0.731035,0.731035,0.731035,79701
1972-04-24,0.731035,0.731035,0.718649,0.724793,0.724793,66896
1972-04-25,0.724793,0.724793,0.718649,0.724793,0.724793,50573
1972-04-26,0.724793,0.724793,0.712503,0.724793,0.724793,85785
1972-04-27,0.724793,0.731035,0.718649,0.724793,0.724793,80024
1972-04-28,0.724793,0.737375,0.724793,0.737375,0.737375,47049
1972-05-01,0.737375,0.749568,0.737375,0.737375,0.737375,49293
1972-05-02,0.737375,0.743715,0.737375,0.737375,0.737375,45131
1972-05-03,0.737375,0.755908,0.737375,0.743715,0.743715,107870
1972-05-04,0.755908,0.762443,0.749568,0.755908,0.755908,67541
1972-05-05,0.755908,0.768587,0.749568,0.762443,0.762443,104989
1972-05-08,0.762443,0.768587,0.762443,0.768587,0.768587,75213
1972-05-09,0.768587,0.768587,0.755908,0.762443,0.762443,88341
1972-05-10,0.762443,0.762443,0.749568,0.749568,0.749568,72344
1972-05-11,0.755908,0.762443,0.755908,0.762443,0.762443,67857
1972-05-12,0.762443,0.762443,0.755908,0.762443,0.762443,45770
1972-05-15,0.762443,0.768587,0.755908,0.755908,0.755908,161324
1972-05-16,0.755908,0.762443,0.755908,0.755908,0.755908,85145
1972-05-17,0.755908,0.762443,0.749568,0.762443,0.762443,74578
1972-05-18,0.762443,0.762443,0.755908,0.755908,0.755908,62416
1972-05-19,0.755908,0.762443,0.755908,0.762443,0.762443,73943
1972-05-22,0.762443,0.768587,0.762443,0.768587,0.768587,70099
1972-05-23,0.762443,0.762443,0.755908,0.755908,0.755908,55372
1972-05-24,0.755908,0.762443,0.755908,0.755908,0.755908,62738
1972-05-25,0.755908,0.768587,0.755908,0.768587,0.768587,128674
1972-05-26,0.768587,0.780877,0.768587,0.780877,0.780877,131556
1972-05-30,0.780877,0.787315,0.780877,0.780877,0.780877,115554
1972-05-31,0.780877,0.787315,0.774538,0.780877,0.780877,89306
1972-06-01,0.780877,0.787315,0.780877,0.787315,0.787315,112030
1972-06-02,0.780877,0.780877,0.780877,0.780877,0.780877,104349
1972-06-05,0.780877,0.787315,0.780877,0.780877,0.780877,225024
1972-06-06,0.780877,0.780877,0.774538,0.780877,0.780877,106595
1972-06-07,0.780877,0.780877,0.774538,0.774538,0.774538,86102
1972-06-08,0.774538,0.774538,0.768587,0.774538,0.774538,52809
1972-06-09,0.774538,0.774538,0.768587,0.768587,0.768587,42251
1972-06-12,0.768587,0.787315,0.762443,0.787315,0.787315,244870
1972-06-13,0.793655,0.799799,0.793655,0.799799,0.799799,347933
1972-06-14,0.799799,0.799799,0.793655,0.799799,0.799799,183089
1972-06-15,0.805944,0.812186,0.805944,0.805944,0.805944,216380
1972-06-16,0.805944,0.812186,0.805944,0.812186,0.812186,80024
1972-06-19,0.812186,0.818624,0.812186,0.818624,0.818624,63694
1972-06-20,0.818624,0.818624,0.812186,0.818624,0.818624,92186
1972-06-21,0.818624,0.824768,0.818624,0.818624,0.818624,247748
1972-06-22,0.818624,0.824768,0.812186,0.818624,0.818624,397233
1972-06-23,0.818624,0.824768,0.818624,0.824768,0.824768,132197
1972-06-26,0.824768,0.824768,0.799799,0.805944,0.805944,83862
1972-06-27,0.805944,0.812186,0.805944,0.805944,0.805944,44169
1972-06-28,0.805944,0.805944,0.793655,0.793655,0.793655,60495
1972-06-29,0.793655,0.799799,0.787315,0.793655,0.793655,187250
1972-06-30,0.793655,0.799799,0.787315,0.799799,0.799799,80663
1972-07-03,0.799799,0.818624,0.799799,0.812186,0.812186,84503
1972-07-05,0.812186,0.818624,0.812186,0.818624,0.818624,72019
1972-07-06,0.824768,0.837156,0.824768,0.831205,0.831205,153965
1972-07-07,0.831205,0.831205,0.824768,0.831205,0.831205,45455
1972-07-10,0.831205,0.831205,0.831205,0.831205,0.831205,48333
1972-07-11,0.831205,0.831205,0.824768,0.824768,0.824768,69136
1972-07-12,0.824768,0.831205,0.818624,0.824768,0.824768,149804
1972-07-13,0.824768,0.824768,0.818624,0.818624,0.818624,100829
1972-07-14,0.818624,0.824768,0.818624,0.818624,0.818624,152042
1972-07-17,0.818624,0.818624,0.805944,0.805944,0.805944,72344
1972-07-18,0.805944,0.812186,0.793655,0.805944,0.805944,86743
1972-07-19,0.812186,0.831205,0.812186,0.818624,0.818624,109151
1972-07-20,0.818624,0.824768,0.818624,0.824768,0.824768,51851
1972-07-21,0.824768,0.831205,0.818624,0.824768,0.824768,45455
1972-07-24,0.824768,0.837156,0.824768,0.831205,0.831205,116190
1972-07-25,0.831205,0.837156,0.824768,0.824768,0.824768,101791
1972-07-26,0.824768,0.824768,0.812186,0.818624,0.818624,52809
1972-07-27,0.818624,0.818624,0.787315,0.787315,0.787315,85785
1972-07-28,0.787315,0.787315,0.768587,0.787315,0.787315,100186
1972-07-31,0.787315,0.787315,0.780877,0.780877,0.780877,33931
1972-08-01,0.780877,0.799799,0.780877,0.793655,0.793655,54412
1972-08-02,0.799799,0.812186,0.799799,0.812186,0.812186,92503
1972-08-03,0.818624,0.837156,0.818624,0.824768,0.824768,110430
1972-08-04,0.837156,0.849933,0.837156,0.8433,0.8433,114266
1972-08-07,0.8433,0.8433,0.818624,0.818624,0.818624,70740
1972-08-08,0.818624,0.824768,0.812186,0.818624,0.818624,91547
1972-08-09,0.824768,0.8433,0.824768,0.837156,0.837156,68497
1972-08-10,0.837156,0.849933,0.837156,0.8433,0.8433,115554
1972-08-11,0.8433,0.856077,0.8433,0.856077,0.856077,112672
1972-08-14,0.862125,0.881048,0.862125,0.874999,0.874999,227901
1972-08-15,0.874999,0.881048,0.868368,0.881048,0.881048,338332
1972-08-16,0.881048,0.881048,0.874999,0.881048,0.881048,216056
1972-08-17,0.881048,0.887191,0.874999,0.887191,0.887191,143081
1972-08-18,0.887191,0.899774,0.887191,0.893531,0.893531,145957
1972-08-21,0.893531,0.918501,0.893531,0.918501,0.918501,184693
1972-08-22,0.918501,0.937521,0.918501,0.937521,0.937521,272070
1972-08-23,0.937521,0.937521,0.918501,0.930985,0.930985,282641
1972-08-24,0.930985,0.930985,0.899774,0.899774,0.899774,195889
1972-08-25,0.899774,0.918501,0.887191,0.912258,0.912258,188211
1972-08-28,0.912258,0.912258,0.899774,0.912258,0.912258,103069
1972-08-29,0.912258,0.912258,0.899774,0.905918,0.905918,120993
1972-08-30,0.905918,0.912258,0.905918,0.905918,0.905918,100829
1972-08-31,0.912258,0.924645,0.912258,0.924645,0.924645,93149
1972-09-01,0.924645,0.930985,0.912258,0.918501,0.918501,77144
1972-09-05,0.918501,0.918501,0.905918,0.912258,0.912258,54735
1972-09-06,0.912258,0.912258,0.905918,0.905918,0.905918,43213
1972-09-07,0.905918,0.912258,0.893531,0.905918,0.905918,109792
1972-09-08,0.905918,0.905918,0.893531,0.899774,0.899774,57293
1972-09-11,0.899774,0.899774,0.874999,0.887191,0.887191,87382
1972-09-12,0.887191,0.887191,0.874999,0.881048,0.881048,67541
1972-09-13,0.881048,0.887191,0.874999,0.887191,0.887191,36166
1972-09-14,0.887191,0.887191,0.881048,0.881048,0.881048,49293
1972-09-15,0.881048,0.893531,0.881048,0.893531,0.893531,70099
1972-09-18,0.893531,0.899774,0.887191,0.893531,0.893531,51212
1972-09-19,0.893531,0.905918,0.887191,0.899774,0.899774,86426
1972-09-20,0.899774,0.899774,0.893531,0.893531,0.893531,56016
1972-09-21,0.893531,0.899774,0.893531,0.893531,0.893531,64335
1972-09-22,0.893531,0.912258,0.893531,0.912258,0.912258,122589
1972-09-25,0.912258,0.912258,0.905918,0.912258,0.912258,108186
1972-09-26,0.912258,0.918501,0.905918,0.912258,0.912258,74903
1972-09-27,0.912258,0.930985,0.912258,0.930985,0.930985,121633
1972-09-28,0.930985,0.937521,0.924645,0.937521,0.937521,140837
1972-09-29,0.937521,0.937521,0.930985,0.930985,0.930985,114266
1972-10-02,0.930985,0.937521,0.924645,0.937521,0.937521,194933
1972-10-03,0.937521,0.943373,0.937521,0.943373,0.943373,127072
1972-10-04,0.943373,0.95615,0.943373,0.949713,0.949713,229820
1972-10-05,0.949713,0.95615,0.943373,0.949713,0.949713,216056
1972-10-06,0.949713,0.95615,0.943373,0.95615,0.95615,146280
1972-10-09,0.95615,0.962295,0.949713,0.95615,0.95615,104031
1972-10-10,0.95615,0.968635,0.95615,0.962295,0.962295,243581
1972-10-11,0.962295,0.968635,0.95615,0.95615,0.95615,103069
1972-10-12,0.95615,0.968635,0.949713,0.968635,0.968635,162285
1972-10-13,0.968635,0.968635,0.95615,0.962295,0.962295,101791
1972-10-16,0.962295,0.968635,0.949713,0.95615,0.95615,128674
1972-10-17,0.949713,0.949713,0.937521,0.949713,0.949713,108505
1972-10-18,0.95615,0.974584,0.95615,0.968635,0.968635,177006
1972-10-19,0.968635,0.968635,0.943373,0.943373,0.943373,386022
1972-10-20,0.943373,0.968635,0.943373,0.962295,0.962295,152042
1972-10-23,0.962295,0.974584,0.962295,0.968635,0.968635,105947
1972-10-24,0.968635,0.974584,0.95615,0.974584,0.974584,175409
1972-10-25,0.974584,0.981021,0.968635,0.974584,0.974584,291919
1972-10-26,0.981021,0.993802,0.981021,0.993802,0.993802,221183
1972-10-27,0.993802,0.993802,0.981021,0.981021,0.981021,111071
1972-10-30,0.981021,0.981021,0.974584,0.981021,0.981021,112987
1972-10-31,0.981021,0.993802,0.981021,0.993802,0.993802,76504
1972-11-01,0.993802,1.00619,0.993802,0.999657,0.999657,177331
1972-11-02,0.999657,1.00619,0.993802,1.00619,1.00619,123552
1972-11-03,1.01233,1.01233,1.00619,1.00619,1.00619,217659
1972-11-06,1.00619,1.01233,1.00619,1.01233,1.01233,186290
1972-11-08,1.01233,1.03097,1.01233,1.01233,1.01233,273998
1972-11-09,1.01233,1.01818,1.00619,1.01233,1.01233,105631
1972-11-10,1.01233,1.03097,1.00619,1.02472,1.02472,188211
1972-11-13,1.02472,1.03097,1.01818,1.03097,1.03097,212220
1972-11-14,1.03097,1.0371,1.03097,1.0371,1.0371,209656
1972-11-15,1.0371,1.04969,1.0371,1.04345,1.04345,326169
1972-11-16,1.04345,1.04969,1.0371,1.04345,1.04345,190764
1972-11-17,1.04345,1.05603,1.04345,1.05603,1.05603,205175
1972-11-20,1.05603,1.06266,1.04345,1.04969,1.04969,157480
1972-11-21,1.05603,1.06266,1.05603,1.06266,1.06266,156205
1972-11-22,1.06266,1.0687,1.05603,1.06266,1.06266,173488
1972-11-24,1.06266,1.0809,1.04969,1.07466,1.07466,264072
1972-11-27,1.07466,1.07466,1.06266,1.0687,1.0687,144040
1972-11-28,1.0687,1.07466,1.06266,1.0687,1.0687,99549
1972-11-29,1.06266,1.06266,1.04969,1.05603,1.05603,118116
1972-11-30,1.05603,1.06266,1.04969,1.05603,1.05603,111391
1972-12-01,1.05603,1.06266,1.04969,1.06266,1.06266,198129
1972-12-04,1.06266,1.06266,1.05603,1.06266,1.06266,125797
1972-12-05,1.06266,1.0687,1.06266,1.06266,1.06266,162925
1972-12-06,1.0687,1.07466,1.0687,1.07466,1.07466,173810
1972-12-07,1.0809,1.08733,1.0809,1.08733,1.08733,340250
1972-12-08,1.08733,1.09348,1.08733,1.09348,1.09348,223420
1972-12-11,1.09348,1.09982,1.09348,1.09348,1.09348,124833
1972-12-12,1.09982,1.11212,1.09982,1.10606,1.10606,175409
1972-12-13,1.09982,1.09982,1.09348,1.09982,1.09982,112030
1972-12-14,1.09348,1.09348,1.08733,1.09348,1.09348,141478
1972-12-15,1.09348,1.09982,1.08733,1.09348,1.09348,93149
1972-12-18,1.08733,1.08733,1.0687,1.08733,1.08733,159723
1972-12-19,1.0809,1.0809,1.0687,1.0687,1.0687,83862
1972-12-20,1.0687,1.07466,1.06266,1.0687,1.0687,130595
1972-12-21,1.0687,1.0687,1.06266,1.06266,1.06266,111391
1972-12-22,1.06266,1.06266,1.04969,1.04969,1.04969,116827
1972-12-26,1.04969,1.04969,1.03097,1.04345,1.04345,90590
1972-12-27,1.04345,1.04969,1.03097,1.04969,1.04969,161324
1972-12-29,1.04969,1.08733,1.04969,1.0809,1.0809,161005
1973-01-02,1.08733,1.09348,1.08733,1.08733,1.08733,115868
1973-01-03,1.08733,1.11212,1.08733,1.10606,1.10606,238146
1973-01-04,1.10606,1.10606,1.09348,1.09982,1.09982,86743
1973-01-05,1.09982,1.12469,1.09982,1.11885,1.11885,173488
1973-01-08,1.11885,1.13093,1.11885,1.12469,1.12469,123234
1973-01-09,1.12469,1.12469,1.11885,1.11885,1.11885,160681
1973-01-10,1.11885,1.12469,1.11885,1.12469,1.12469,75213
1973-01-11,1.12469,1.1562,1.12469,1.14361,1.14361,260554
1973-01-12,1.14361,1.1562,1.14361,1.14986,1.14986,137314
1973-01-15,1.14986,1.16215,1.14361,1.14361,1.14361,143401
1973-01-16,1.14361,1.1562,1.13708,1.14986,1.14986,145638
1973-01-17,1.14986,1.14986,1.14361,1.14986,1.14986,103069
1973-01-18,1.14986,1.16215,1.14361,1.1562,1.1562,120993
1973-01-19,1.1562,1.16215,1.1562,1.16215,1.16215,86102
1973-01-22,1.16215,1.19356,1.16215,1.18692,1.18692,236543
1973-01-23,1.18692,1.19356,1.16829,1.17482,1.17482,210619
1973-01-24,1.17482,1.18692,1.1562,1.16829,1.16829,169647
1973-01-26,1.16829,1.16829,1.1562,1.16215,1.16215,187250
1973-01-29,1.16215,1.18107,1.16215,1.16829,1.16829,162603
1973-01-30,1.16829,1.18692,1.16215,1.18107,1.18107,130270
1973-01-31,1.18107,1.21218,1.17482,1.20614,1.20614,167081
1973-02-01,1.20614,1.22477,1.18692,1.18692,1.18692,198452
1973-02-02,1.18692,1.20614,1.18107,1.19356,1.19356,247425
1973-02-05,1.19979,1.19979,1.19356,1.19979,1.19979,113629
1973-02-06,1.19979,1.19979,1.18692,1.18692,1.18692,155882
1973-02-07,1.18692,1.18692,1.11885,1.12469,1.12469,276875
1973-02-08,1.12469,1.12469,1.08733,1.12469,1.12469,547351
1973-02-09,1.13093,1.14986,1.13093,1.14986,1.14986,238785
1973-02-12,1.14986,1.17482,1.14986,1.16215,1.16215,142439
1973-02-13,1.16215,1.18107,1.10606,1.11212,1.11212,303439
1973-02-14,1.11212,1.11212,1.07466,1.08733,1.08733,347291
1973-02-15,1.08733,1.09348,1.05603,1.0809,1.0809,277195
1973-02-16,1.0809,1.09982,1.0809,1.09348,1.09348,119069
1973-02-20,1.09982,1.11885,1.09982,1.11212,1.11212,85465
1973-02-21,1.11212,1.13093,1.09982,1.10606,1.10606,121633
1973-02-22,1.10606,1.10606,1.09348,1.09348,1.09348,138919
1973-02-23,1.09348,1.09348,1.05603,1.05603,1.05603,179246
1973-02-26,1.04345,1.04345,1.01233,1.04345,1.04345,207416
1973-02-27,1.04345,1.06266,1.02472,1.02472,1.02472,150120
1973-02-28,1.02472,1.04345,1.00619,1.04345,1.04345,182767
1973-03-01,1.04345,1.07466,1.0371,1.0371,1.0371,166767
1973-03-02,1.0371,1.0809,1.00619,1.0809,1.0809,118749
1973-03-05,1.0809,1.09348,1.07466,1.0809,1.0809,57940
1973-03-06,1.0809,1.09348,1.0809,1.09348,1.09348,53778
1973-03-07,1.09348,1.10606,1.04345,1.10606,1.10606,304722
1973-03-08,1.10606,1.11212,1.09982,1.10606,1.10606,137642
1973-03-09,1.10606,1.10606,1.09348,1.09348,1.09348,72978
1973-03-12,1.09348,1.09982,1.09348,1.09348,1.09348,50895
1973-03-13,1.10606,1.14361,1.10606,1.13093,1.13093,164845
1973-03-14,1.13093,1.14361,1.12469,1.14361,1.14361,87382
1973-03-15,1.14361,1.1562,1.13093,1.14361,1.14361,88660
1973-03-16,1.13708,1.13708,1.11885,1.12469,1.12469,73298
1973-03-19,1.12469,1.13093,1.09348,1.11212,1.11212,75213
1973-03-20,1.10606,1.10606,1.09348,1.09348,1.09348,85465
1973-03-21,1.09348,1.10606,1.08733,1.09348,1.09348,134120
1973-03-22,1.09348,1.09348,1.0809,1.08733,1.08733,131879
1973-03-23,1.08733,1.09982,1.0809,1.08733,1.08733,120672
1973-03-26,1.08733,1.11885,1.08733,1.11212,1.11212,111711
1973-03-27,1.11212,1.12469,1.11212,1.12469,1.12469,117792
1973-03-28,1.12469,1.14361,1.12469,1.13093,1.13093,72019
1973-03-29,1.13093,1.1562,1.13093,1.14986,1.14986,159404
1973-03-30,1.14986,1.16215,1.14986,1.14986,1.14986,90264
1973-04-02,1.14986,1.14986,1.12469,1.13093,1.13093,59217
1973-04-03,1.12469,1.12469,1.10606,1.10606,1.10606,120355
1973-04-04,1.10606,1.11885,1.10606,1.11212,1.11212,70099
1973-04-05,1.11212,1.11212,1.10606,1.11212,1.11212,72019
1973-04-06,1.11212,1.12469,1.11212,1.12469,1.12469,36490
1973-04-09,1.13093,1.16215,1.13093,1.16215,1.16215,93149
1973-04-10,1.16829,1.18107,1.16829,1.17482,1.17482,249353
1973-04-11,1.17482,1.19979,1.16215,1.19979,1.19979,111071
1973-04-12,1.19979,1.21842,1.18692,1.19979,1.19979,169008
1973-04-13,1.19979,1.19979,1.18692,1.18692,1.18692,117150
1973-04-16,1.18692,1.19356,1.17482,1.18107,1.18107,132836
1973-04-17,1.18107,1.18692,1.18107,1.18107,1.18107,62098
1973-04-18,1.18107,1.20614,1.18107,1.19356,1.19356,180211
1973-04-19,1.19356,1.21218,1.18692,1.19979,1.19979,108829
1973-04-23,1.19979,1.20614,1.19356,1.19356,1.19356,95064
1973-04-24,1.19356,1.21218,1.19356,1.19356,1.19356,101464
1973-04-25,1.19356,1.20614,1.18692,1.19979,1.19979,85145
1973-04-26,1.19979,1.19979,1.16215,1.19356,1.19356,104989
1973-04-27,1.19356,1.19356,1.16215,1.16829,1.16829,75213
1973-04-30,1.16829,1.18107,1.14361,1.17482,1.17482,142439
1973-05-01,1.17482,1.18692,1.14986,1.1562,1.1562,201330
1973-05-02,1.1562,1.16215,1.14361,1.14986,1.14986,93149
1973-05-03,1.14986,1.17482,1.13708,1.16215,1.16215,131229
1973-05-04,1.18107,1.19356,1.18107,1.18692,1.18692,110430
1973-05-07,1.18692,1.19979,1.18692,1.19979,1.19979,129638
1973-05-08,1.19979,1.19979,1.14986,1.16215,1.16215,176691
1973-05-09,1.16215,1.16829,1.11212,1.11885,1.11885,274635
1973-05-10,1.11885,1.12469,1.08733,1.08733,1.08733,322969
1973-05-11,1.08733,1.08733,1.07466,1.0809,1.0809,200054
1973-05-14,1.0687,1.0687,1.04969,1.05603,1.05603,142121
1973-05-15,1.05603,1.05603,1.00619,1.05603,1.05603,318805
1973-05-16,1.05603,1.06266,1.04345,1.05603,1.05603,66576
1973-05-17,1.04969,1.04969,1.04345,1.04345,1.04345,35531
1973-05-18,1.0371,1.0371,1.01233,1.02472,1.02472,103069
1973-05-21,1.01233,1.01233,0.993802,1.01233,1.01233,133155
1973-05-22,1.01233,1.03097,1.00619,1.01233,1.01233,101791
1973-05-23,1.01233,1.01818,0.993802,1.01233,1.01233,66896
1973-05-24,1.01233,1.05603,1.00619,1.05603,1.05603,150445
1973-05-25,1.05603,1.0809,1.04969,1.0687,1.0687,91863
1973-05-29,1.06266,1.06266,1.04969,1.05603,1.05603,38409
1973-05-30,1.05603,1.06266,1.02472,1.03097,1.03097,69773
1973-05-31,1.03097,1.04969,1.02472,1.0371,1.0371,76179
1973-06-01,1.0371,1.0371,1.03097,1.03097,1.03097,37447
1973-06-04,1.03097,1.03097,1.01233,1.01233,1.01233,50258
1973-06-05,1.01233,1.03097,0.999657,1.03097,1.03097,77144
1973-06-06,1.03097,1.03097,1.01233,1.01233,1.01233,95705
1973-06-07,1.01233,1.04969,1.01233,1.04969,1.04969,103069
1973-06-08,1.04969,1.09348,1.04969,1.08733,1.08733,99549
1973-06-11,1.08733,1.09348,1.08733,1.08733,1.08733,89626
1973-06-12,1.08733,1.09348,1.07466,1.09348,1.09348,101151
1973-06-13,1.09348,1.09348,1.06266,1.07466,1.07466,107870
1973-06-14,1.07466,1.08733,1.04969,1.05603,1.05603,143712
1973-06-15,1.04345,1.04345,1.02472,1.03097,1.03097,64335
1973-06-18,1.03097,1.03097,1.01233,1.03097,1.03097,99229
1973-06-19,1.03097,1.0371,1.03097,1.0371,1.0371,78422
1973-06-20,1.0371,1.0371,1.01233,1.01818,1.01818,57617
1973-06-21,1.01818,1.01818,1.00619,1.00619,1.00619,88660
1973-06-22,1.00619,1.0371,1.00619,1.01233,1.01233,86743
1973-06-25,1.01233,1.01233,1.00619,1.00619,1.00619,34890
1973-06-26,1.00619,1.01818,0.999657,1.01818,1.01818,75863
1973-06-27,1.01818,1.03097,1.01233,1.03097,1.03097,53778
1973-06-28,1.03097,1.05603,1.03097,1.05603,1.05603,36166
1973-06-29,1.06266,1.08733,1.06266,1.06266,1.06266,109792
1973-07-02,1.06266,1.06266,1.04969,1.05603,1.05603,64978
1973-07-03,1.05603,1.06266,1.04969,1.05603,1.05603,41288
1973-07-05,1.05603,1.0687,1.05603,1.06266,1.06266,37770
1973-07-06,1.06266,1.0687,1.05603,1.0687,1.0687,53140
1973-07-09,1.0687,1.0687,1.04969,1.05603,1.05603,96668
1973-07-10,1.05603,1.05603,1.04345,1.04345,1.04345,86102
1973-07-11,1.0371,1.0371,1.03097,1.03097,1.03097,102425
1973-07-12,1.03097,1.03097,1.01233,1.01233,1.01233,170289
1973-07-13,1.00619,1.00619,0.949713,0.949713,0.949713,122274
1973-07-16,0.949713,0.962295,0.949713,0.95615,0.95615,601119
1973-07-17,0.95615,0.968635,0.95615,0.962295,0.962295,229185
1973-07-18,0.95615,0.95615,0.937521,0.943373,0.943373,107870
1973-07-19,0.943373,0.962295,0.943373,0.949713,0.949713,133795
1973-07-20,0.949713,0.962295,0.943373,0.949713,0.949713,78422
1973-07-23,0.95615,0.974584,0.95615,0.962295,0.962295,88030
1973-07-24,0.962295,0.981021,0.949713,0.981021,0.981021,98909
1973-07-25,0.981021,1.05603,0.981021,1.03097,1.03097,346971
1973-07-26,1.03097,1.0371,1.02472,1.03097,1.03097,238468
1973-07-27,1.02472,1.02472,1.01233,1.02472,1.02472,103069
1973-07-30,1.01818,1.01818,0.999657,1.01233,1.01233,106270
1973-07-31,1.01233,1.01233,0.993802,0.999657,0.999657,106595
1973-08-01,0.993802,0.993802,0.981021,0.981021,0.981021,91863
1973-08-02,0.981021,0.981021,0.95615,0.95615,0.95615,164204
1973-08-03,0.95615,0.95615,0.937521,0.95615,0.95615,171889
1973-08-06,0.968635,0.987361,0.95615,0.987361,0.987361,68178
1973-08-07,0.987361,0.999657,0.981021,0.987361,0.987361,96985
1973-08-08,0.987361,0.987361,0.962295,0.968635,0.968635,56334
1973-08-09,0.968635,0.974584,0.962295,0.962295,0.962295,58574
1973-08-10,0.962295,0.962295,0.949713,0.949713,0.949713,68497
1973-08-13,0.949713,0.949713,0.924645,0.937521,0.937521,109792
1973-08-14,0.924645,0.924645,0.899774,0.905918,0.905918,142439
1973-08-15,0.905918,0.912258,0.899774,0.905918,0.905918,119069
1973-08-16,0.912258,0.924645,0.912258,0.912258,0.912258,65296
1973-08-17,0.912258,0.912258,0.899774,0.905918,0.905918,73623
1973-08-20,0.905918,0.905918,0.899774,0.899774,0.899774,43213
1973-08-21,0.893531,0.893531,0.862125,0.862125,0.862125,164522
1973-08-22,0.862125,0.874999,0.856077,0.868368,0.868368,98269
1973-08-23,0.874999,0.887191,0.874999,0.881048,0.881048,75539
1973-08-24,0.881048,0.881048,0.874999,0.881048,0.881048,84503
1973-08-27,0.881048,0.881048,0.874999,0.874999,0.874999,40330
1973-08-28,0.874999,0.887191,0.874999,0.881048,0.881048,85785
1973-08-29,0.881048,0.930985,0.881048,0.924645,0.924645,145002
1973-08-30,0.924645,0.930985,0.918501,0.918501,0.918501,82905
1973-08-31,0.918501,0.918501,0.905918,0.912258,0.912258,128038
1973-09-04,0.899774,0.899774,0.887191,0.899774,0.899774,81941
1973-09-05,0.899774,0.899774,0.874999,0.893531,0.893531,434675
1973-09-06,0.893531,0.893531,0.887191,0.893531,0.893531,79065
1973-09-07,0.893531,0.893531,0.874999,0.874999,0.874999,294160
1973-09-10,0.874999,0.881048,0.874999,0.881048,0.881048,104989
1973-09-11,0.874999,0.874999,0.868368,0.868368,0.868368,87704
1973-09-12,0.868368,0.874999,0.862125,0.862125,0.862125,117150
1973-09-13,0.862125,0.862125,0.8433,0.849933,0.849933,128354
1973-09-14,0.849933,0.856077,0.831205,0.856077,0.856077,413232
1973-09-17,0.856077,0.881048,0.856077,0.868368,0.868368,92503
1973-09-18,0.874999,0.893531,0.874999,0.887191,0.887191,128995
1973-09-19,0.893531,0.930985,0.893531,0.912258,0.912258,189172
1973-09-20,0.912258,0.943373,0.912258,0.937521,0.937521,238468
1973-09-21,0.937521,0.943373,0.924645,0.943373,0.943373,196213
1973-09-24,0.943373,0.962295,0.943373,0.962295,0.962295,58899
1973-09-25,0.962295,0.993802,0.962295,0.987361,0.987361,92824
1973-09-26,0.987361,1.00619,0.987361,0.999657,0.999657,108186
1973-09-27,0.999657,0.999657,0.981021,0.981021,0.981021,105631
1973-09-28,0.981021,0.987361,0.962295,0.962295,0.962295,146603
1973-10-01,0.962295,0.968635,0.937521,0.937521,0.937521,137642
1973-10-02,0.937521,0.949713,0.930985,0.937521,0.937521,120355
1973-10-03,0.949713,0.962295,0.949713,0.949713,0.949713,85785
1973-10-04,0.949713,0.95615,0.949713,0.949713,0.949713,94106
1973-10-05,0.949713,0.974584,0.943373,0.968635,0.968635,139560
1973-10-08,0.95615,0.95615,0.930985,0.937521,0.937521,217659
1973-10-09,0.937521,0.949713,0.937521,0.943373,0.943373,107870
1973-10-10,0.943373,0.962295,0.924645,0.930985,0.930985,293200
1973-10-11,0.930985,0.949713,0.930985,0.943373,0.943373,112030
1973-10-12,0.943373,0.95615,0.937521,0.943373,0.943373,121953
1973-10-15,0.930985,0.930985,0.912258,0.912258,0.912258,158765
1973-10-16,0.912258,0.937521,0.893531,0.924645,0.924645,158441
1973-10-17,0.924645,0.937521,0.912258,0.918501,0.918501,94106
1973-10-18,0.918501,0.937521,0.905918,0.930985,0.930985,231104
1973-10-19,0.930985,0.974584,0.930985,0.962295,0.962295,295436
1973-10-22,0.962295,0.999657,0.962295,0.968635,0.968635,167404
1973-10-23,0.968635,0.981021,0.943373,0.968635,0.968635,151082
1973-10-24,0.968635,0.987361,0.962295,0.981021,0.981021,74903
1973-10-25,0.981021,0.993802,0.95615,0.974584,0.974584,136036
1973-10-26,0.981021,1.01233,0.981021,1.01233,1.01233,152042
1973-10-29,1.01233,1.03097,1.01233,1.01818,1.01818,98269
1973-10-30,1.01818,1.02472,1.00619,1.00619,1.00619,79065
1973-10-31,1.00619,1.00619,0.962295,0.962295,0.962295,102110
1973-11-01,0.968635,0.999657,0.968635,0.981021,0.981021,123234
1973-11-02,0.987361,0.993802,0.981021,0.981021,0.981021,89306
1973-11-05,0.974584,0.974584,0.943373,0.949713,0.949713,84828
1973-11-06,0.949713,0.949713,0.918501,0.918501,0.918501,70740
1973-11-07,0.918501,0.949713,0.918501,0.943373,0.943373,63057
1973-11-08,0.943373,0.968635,0.943373,0.949713,0.949713,144680
1973-11-09,0.949713,0.949713,0.924645,0.924645,0.924645,52809
1973-11-12,0.924645,0.937521,0.912258,0.924645,0.924645,75863
1973-11-13,0.918501,0.918501,0.887191,0.905918,0.905918,93783
1973-11-14,0.905918,0.905918,0.849933,0.856077,0.856077,150762
1973-11-15,0.868368,0.893531,0.868368,0.881048,0.881048,154924
1973-11-16,0.881048,0.937521,0.874999,0.905918,0.905918,315926
1973-11-19,0.899774,0.899774,0.862125,0.862125,0.862125,96985
1973-11-20,0.862125,0.868368,0.849933,0.862125,0.862125,141797
1973-11-21,0.862125,0.881048,0.849933,0.862125,0.862125,103069
1973-11-23,0.849933,0.849933,0.8433,0.849933,0.849933,110107
1973-11-26,0.837156,0.837156,0.805944,0.805944,0.805944,127714
1973-11-27,0.805944,0.818624,0.780877,0.780877,0.780877,129638
1973-11-28,0.787315,0.831205,0.787315,0.818624,0.818624,137314
1973-11-29,0.818624,0.818624,0.793655,0.805944,0.805944,126111
1973-11-30,0.805944,0.812186,0.793655,0.805944,0.805944,141797
1973-12-03,0.799799,0.799799,0.787315,0.787315,0.787315,74578
1973-12-04,0.787315,0.793655,0.774538,0.774538,0.774538,138598
1973-12-05,0.774538,0.780877,0.762443,0.768587,0.768587,139560
1973-12-06,0.774538,0.787315,0.774538,0.787315,0.787315,228221
1973-12-07,0.787315,0.818624,0.787315,0.805944,0.805944,157480
1973-12-10,0.805944,0.831205,0.799799,0.824768,0.824768,95389
1973-12-11,0.837156,0.837156,0.793655,0.818624,0.818624,384421
1973-12-12,0.805944,0.805944,0.762443,0.780877,0.780877,330324
1973-12-13,0.780877,0.805944,0.780877,0.787315,0.787315,138919
1973-12-14,0.787315,0.837156,0.787315,0.831205,0.831205,197174
1973-12-17,0.831205,0.868368,0.824768,0.868368,0.868368,108829
1973-12-18,0.881048,0.912258,0.881048,0.893531,0.893531,276875
1973-12-19,0.893531,0.899774,0.8433,0.862125,0.862125,314008
1973-12-20,0.874999,0.918501,0.874999,0.881048,0.881048,223420
1973-12-21,0.899774,0.924645,0.899774,0.905918,0.905918,255753
1973-12-24,0.893531,0.893531,0.862125,0.887191,0.887191,191413
1973-12-26,0.899774,0.930985,0.899774,0.918501,0.918501,125476
1973-12-27,0.918501,0.949713,0.912258,0.949713,0.949713,444597
1973-12-28,0.949713,0.981021,0.949713,0.974584,0.974584,199734
1973-12-31,0.974584,0.981021,0.949713,0.981021,0.981021,185332
1974-01-02,0.981021,0.981021,0.95615,0.981021,0.981021,108186
1974-01-03,0.981021,1.02472,0.981021,1.01233,1.01233,527819
1974-01-04,1.01233,1.03097,0.993802,1.00619,1.00619,304402
1974-01-07,1.00619,1.02472,0.987361,1.01818,1.01818,187573
1974-01-08,1.00619,1.00619,0.95615,0.962295,0.962295,204211
1974-01-09,0.943373,0.943373,0.899774,0.905918,0.905918,345697
1974-01-10,0.905918,0.924645,0.887191,0.893531,0.893531,246149
1974-01-11,0.893531,0.899774,0.862125,0.874999,0.874999,214460
1974-01-14,0.874999,0.887191,0.8433,0.856077,0.856077,197174
1974-01-15,0.856077,0.881048,0.8433,0.868368,0.868368,198129
1974-01-16,0.868368,0.912258,0.868368,0.912258,0.912258,172523
1974-01-17,0.912258,0.918501,0.874999,0.887191,0.887191,289681
1974-01-18,0.881048,0.881048,0.8433,0.8433,0.8433,280396
1974-01-21,0.8433,0.868368,0.812186,0.868368,0.868368,224064
1974-01-22,0.868368,0.881048,0.8433,0.8433,0.8433,148203
1974-01-23,0.8433,0.849933,0.812186,0.812186,0.812186,460926
1974-01-24,0.812186,0.837156,0.799799,0.837156,0.837156,242946
1974-01-25,0.837156,0.837156,0.818624,0.831205,0.831205,173172
1974-01-28,0.831205,0.831205,0.812186,0.824768,0.824768,145002
1974-01-29,0.818624,0.818624,0.805944,0.818624,0.818624,154598
1974-01-30,0.824768,0.862125,0.824768,0.856077,0.856077,272715
1974-01-31,0.862125,0.881048,0.862125,0.881048,0.881048,165487
1974-02-01,0.874999,0.874999,0.837156,0.849933,0.849933,164845
1974-02-04,0.849933,0.849933,0.824768,0.824768,0.824768,208055
1974-02-05,0.824768,0.837156,0.812186,0.824768,0.824768,134120
1974-02-06,0.824768,0.849933,0.818624,0.824768,0.824768,90909
1974-02-07,0.837156,0.849933,0.837156,0.849933,0.849933,76822
1974-02-08,0.849933,0.849933,0.831205,0.837156,0.837156,83224
1974-02-11,0.837156,0.837156,0.812186,0.818624,0.818624,118435
1974-02-12,0.805944,0.805944,0.793655,0.799799,0.799799,251586
1974-02-13,0.799799,0.818624,0.793655,0.805944,0.805944,148203
1974-02-14,0.805944,0.818624,0.793655,0.799799,0.799799,150445
1974-02-15,0.799799,0.799799,0.780877,0.799799,0.799799,131556
1974-02-19,0.799799,0.818624,0.793655,0.793655,0.793655,217984
1974-02-20,0.793655,0.812186,0.787315,0.812186,0.812186,95705
1974-02-21,0.812186,0.824768,0.799799,0.824768,0.824768,101464
1974-02-22,0.831205,0.868368,0.831205,0.849933,0.849933,151082
1974-02-25,0.849933,0.849933,0.805944,0.824768,0.824768,158119
1974-02-26,0.824768,0.831205,0.805944,0.824768,0.824768,111071
1974-02-27,0.824768,0.831205,0.818624,0.824768,0.824768,113629
1974-02-28,0.824768,0.824768,0.793655,0.812186,0.812186,209976
1974-03-01,0.799799,0.799799,0.793655,0.793655,0.793655,160366
1974-03-04,0.793655,0.805944,0.787315,0.793655,0.793655,111711
1974-03-05,0.805944,0.862125,0.805944,0.849933,0.849933,649135
1974-03-06,0.849933,0.881048,0.849933,0.881048,0.881048,410991
1974-03-07,0.881048,0.881048,0.862125,0.874999,0.874999,216380
1974-03-08,0.874999,0.905918,0.837156,0.905918,0.905918,350489
1974-03-11,0.905918,0.918501,0.874999,0.912258,0.912258,232383
1974-03-12,0.912258,0.912258,0.887191,0.899774,0.899774,155559
1974-03-13,0.899774,0.912258,0.887191,0.905918,0.905918,159081
1974-03-14,0.905918,0.924645,0.887191,0.893531,0.893531,306960
1974-03-15,0.893531,0.912258,0.887191,0.912258,0.912258,94106
1974-03-18,0.912258,0.912258,0.874999,0.887191,0.887191,249664
1974-03-19,0.881048,0.881048,0.862125,0.862125,0.862125,171245
1974-03-20,0.862125,0.862125,0.837156,0.856077,0.856077,277195
1974-03-21,0.862125,0.881048,0.862125,0.874999,0.874999,244870
1974-03-22,0.874999,0.881048,0.849933,0.862125,0.862125,170289
1974-03-25,0.862125,0.868368,0.8433,0.856077,0.856077,128674
1974-03-26,0.856077,0.874999,0.849933,0.862125,0.862125,278158
1974-03-27,0.862125,0.862125,0.849933,0.856077,0.856077,107870
1974-03-28,0.837156,0.837156,0.824768,0.837156,0.837156,201974
1974-03-29,0.837156,0.837156,0.818624,0.831205,0.831205,181806
1974-04-01,0.831205,0.837156,0.824768,0.824768,0.824768,141797
1974-04-02,0.824768,0.831205,0.818624,0.831205,0.831205,112352
1974-04-03,0.831205,0.8433,0.818624,0.831205,0.831205,80981
1974-04-04,0.831205,0.837156,0.824768,0.824768,0.824768,63376
1974-04-05,0.824768,0.831205,0.805944,0.812186,0.812186,234623
1974-04-08,0.812186,0.818624,0.780877,0.793655,0.793655,822303
1974-04-09,0.793655,0.812186,0.780877,0.805944,0.805944,145323
1974-04-10,0.805944,0.805944,0.793655,0.793655,0.793655,114266
1974-04-11,0.793655,0.799799,0.780877,0.799799,0.799799,111391
1974-04-15,0.799799,0.799799,0.780877,0.793655,0.793655,269512
1974-04-16,0.793655,0.805944,0.780877,0.799799,0.799799,176365
1974-04-17,0.799799,0.812186,0.793655,0.799799,0.799799,209018
1974-04-18,0.799799,0.805944,0.793655,0.805944,0.805944,160681
1974-04-19,0.805944,0.805944,0.793655,0.805944,0.805944,148203
1974-04-22,0.805944,0.805944,0.793655,0.799799,0.799799,230142
1974-04-23,0.799799,0.805944,0.793655,0.799799,0.799799,165802
1974-04-24,0.799799,0.799799,0.780877,0.793655,0.793655,168047
1974-04-25,0.793655,0.793655,0.780877,0.793655,0.793655,201013
1974-04-26,0.793655,0.805944,0.793655,0.799799,0.799799,150445
1974-04-29,0.799799,0.818624,0.799799,0.818624,0.818624,213177
1974-04-30,0.818624,0.831205,0.805944,0.818624,0.818624,107553
1974-05-01,0.818624,0.893531,0.812186,0.868368,0.868368,492936
1974-05-02,0.868368,0.887191,0.837156,0.862125,0.862125,310802
1974-05-03,0.862125,0.862125,0.824768,0.849933,0.849933,160040
1974-05-06,0.862125,0.862125,0.8433,0.856077,0.856077,112352
1974-05-07,0.856077,0.868368,0.849933,0.856077,0.856077,85145
1974-05-08,0.856077,0.862125,0.8433,0.849933,0.849933,92186
1974-05-09,0.849933,0.862125,0.8433,0.862125,0.862125,85785
1974-05-10,0.862125,0.862125,0.837156,0.837156,0.837156,142121
1974-05-13,0.837156,0.849933,0.831205,0.8433,0.8433,70099
1974-05-14,0.837156,0.837156,0.824768,0.831205,0.831205,157803
1974-05-15,0.824768,0.824768,0.799799,0.805944,0.805944,144040
1974-05-16,0.805944,0.805944,0.780877,0.780877,0.780877,186928
1974-05-17,0.780877,0.780877,0.762443,0.774538,0.774538,216056
1974-05-20,0.774538,0.780877,0.749568,0.768587,0.768587,201974
1974-05-21,0.768587,0.780877,0.762443,0.780877,0.780877,120993
1974-05-22,0.780877,0.787315,0.762443,0.768587,0.768587,197174
1974-05-23,0.768587,0.780877,0.762443,0.768587,0.768587,122917
1974-05-24,0.768587,0.780877,0.768587,0.780877,0.780877,212220
1974-05-28,0.780877,0.793655,0.768587,0.780877,0.780877,114266
1974-05-29,0.780877,0.780877,0.762443,0.768587,0.768587,128674
1974-05-30,0.768587,0.768587,0.749568,0.768587,0.768587,359776
1974-05-31,0.768587,0.780877,0.749568,0.780877,0.780877,145002
1974-06-03,0.780877,0.812186,0.768587,0.805944,0.805944,185010
1974-06-04,0.805944,0.824768,0.799799,0.818624,0.818624,255109
1974-06-05,0.818624,0.837156,0.805944,0.824768,0.824768,121953
1974-06-06,0.824768,0.868368,0.824768,0.868368,0.868368,131556
1974-06-07,0.868368,0.874999,0.856077,0.868368,0.868368,253186
1974-06-10,0.868368,0.868368,0.8433,0.849933,0.849933,185967
1974-06-11,0.837156,0.837156,0.805944,0.805944,0.805944,235583
1974-06-12,0.805944,0.824768,0.805944,0.824768,0.824768,251271
1974-06-13,0.818624,0.818624,0.799799,0.799799,0.799799,211573
1974-06-14,0.799799,0.805944,0.799799,0.799799,0.799799,92186
1974-06-17,0.799799,0.799799,0.780877,0.780877,0.780877,161967
1974-06-18,0.780877,0.787315,0.780877,0.780877,0.780877,181806
1974-06-19,0.780877,0.780877,0.774538,0.780877,0.780877,108186
1974-06-20,0.780877,0.780877,0.768587,0.774538,0.774538,150762
1974-06-21,0.774538,0.780877,0.762443,0.768587,0.768587,91222
1974-06-24,0.768587,0.780877,0.768587,0.774538,0.774538,122274
1974-06-25,0.780877,0.799799,0.780877,0.799799,0.799799,105947
1974-06-26,0.799799,0.799799,0.780877,0.780877,0.780877,144680
1974-06-27,0.780877,0.780877,0.768587,0.780877,0.780877,73943
1974-06-28,0.780877,0.780877,0.768587,0.780877,0.780877,105947
1974-07-01,0.780877,0.780877,0.762443,0.780877,0.780877,85785
1974-07-02,0.780877,0.780877,0.768587,0.774538,0.774538,78739
1974-07-03,0.774538,0.780877,0.762443,0.774538,0.774538,144357
1974-07-05,0.774538,0.780877,0.768587,0.768587,0.768587,64657
1974-07-08,0.768587,0.768587,0.749568,0.755908,0.755908,179568
1974-07-09,0.755908,0.755908,0.743715,0.749568,0.749568,191734
1974-07-10,0.749568,0.749568,0.731035,0.737375,0.737375,141157
1974-07-11,0.737375,0.749568,0.737375,0.743715,0.743715,146918
1974-07-12,0.749568,0.768587,0.749568,0.768587,0.768587,154277
1974-07-15,0.768587,0.768587,0.749568,0.762443,0.762443,180526
1974-07-16,0.762443,0.762443,0.737375,0.743715,0.743715,133795
1974-07-17,0.743715,0.743715,0.724793,0.743715,0.743715,466680
1974-07-18,0.743715,0.743715,0.731035,0.737375,0.737375,268872
1974-07-19,0.737375,0.737375,0.724793,0.737375,0.737375,252548
1974-07-22,0.737375,0.749568,0.731035,0.749568,0.749568,202937
1974-07-23,0.749568,0.762443,0.749568,0.762443,0.762443,301841
1974-07-24,0.768587,0.812186,0.768587,0.812186,0.812186,342490
1974-07-25,0.812186,0.824768,0.799799,0.805944,0.805944,306644
1974-07-26,0.805944,0.805944,0.762443,0.768587,0.768587,214776
1974-07-29,0.755908,0.755908,0.731035,0.743715,0.743715,329690
1974-07-30,0.743715,0.749568,0.737375,0.749568,0.749568,159723
1974-07-31,0.749568,0.755908,0.743715,0.749568,0.749568,446197
1974-08-01,0.749568,0.762443,0.743715,0.762443,0.762443,136360
1974-08-02,0.755908,0.755908,0.743715,0.755908,0.755908,125797
1974-08-05,0.768587,0.768587,0.762443,0.768587,0.768587,130595
1974-08-06,0.768587,0.780877,0.762443,0.768587,0.768587,213177
1974-08-07,0.768587,0.780877,0.762443,0.780877,0.780877,227901
1974-08-08,0.780877,0.787315,0.768587,0.780877,0.780877,378341
1974-08-09,0.780877,0.787315,0.774538,0.787315,0.787315,83224
1974-08-12,0.787315,0.787315,0.774538,0.780877,0.780877,64657
1974-08-13,0.780877,0.780877,0.768587,0.780877,0.780877,96668
1974-08-14,0.768587,0.768587,0.743715,0.743715,0.743715,129320
1974-08-15,0.743715,0.749568,0.743715,0.749568,0.749568,204856
1974-08-16,0.749568,0.749568,0.737375,0.743715,0.743715,107230
1974-08-19,0.743715,0.743715,0.724793,0.731035,0.731035,133795
1974-08-20,0.731035,0.749568,0.712503,0.731035,0.731035,236543
1974-08-21,0.731035,0.731035,0.699825,0.712503,0.712503,297362
1974-08-22,0.712503,0.718649,0.693582,0.699825,0.699825,148517
1974-08-23,0.699825,0.718649,0.699825,0.705872,0.705872,102425
1974-08-26,0.705872,0.718649,0.699825,0.712503,0.712503,154277
1974-08-27,0.712503,0.718649,0.699825,0.705872,0.705872,123552
1974-08-28,0.705872,0.724793,0.699825,0.705872,0.705872,107553
1974-08-29,0.705872,0.705872,0.680999,0.680999,0.680999,194289
1974-08-30,0.680999,0.724793,0.680999,0.724793,0.724793,151721
1974-09-03,0.731035,0.749568,0.731035,0.731035,0.731035,159723
1974-09-04,0.724793,0.724793,0.699825,0.705872,0.705872,223420
1974-09-05,0.705872,0.731035,0.699825,0.731035,0.731035,145638
1974-09-06,0.731035,0.762443,0.724793,0.762443,0.762443,134439
1974-09-09,0.762443,0.762443,0.731035,0.731035,0.731035,141157
1974-09-10,0.731035,0.737375,0.718649,0.724793,0.724793,78099
1974-09-11,0.724793,0.731035,0.712503,0.718649,0.718649,80024
1974-09-12,0.718649,0.718649,0.687436,0.693582,0.693582,184693
1974-09-13,0.687436,0.687436,0.674953,0.680999,0.680999,196213
1974-09-16,0.680999,0.687436,0.662273,0.687436,0.687436,132511
1974-09-17,0.693582,0.724793,0.693582,0.718649,0.718649,164522
1974-09-18,0.705872,0.705872,0.693582,0.699825,0.699825,151401
1974-09-19,0.699825,0.718649,0.699825,0.712503,0.712503,132836
1974-09-20,0.712503,0.718649,0.687436,0.693582,0.693582,188528
1974-09-23,0.693582,0.699825,0.680999,0.687436,0.687436,93783
1974-09-24,0.687436,0.687436,0.674953,0.674953,0.674953,145638
1974-09-25,0.674953,0.687436,0.662273,0.680999,0.680999,128038
1974-09-26,0.674953,0.674953,0.655933,0.662273,0.662273,111071
1974-09-27,0.662273,0.662273,0.643545,0.655933,0.655933,270790
1974-09-30,0.655933,0.655933,0.643545,0.649788,0.649788,101151
1974-10-01,0.649788,0.649788,0.637401,0.637401,0.637401,227581
1974-10-02,0.637401,0.643545,0.618673,0.618673,0.618673,305362
1974-10-03,0.618673,0.618673,0.59351,0.599556,0.599556,232705
1974-10-04,0.599556,0.643545,0.59351,0.637401,0.637401,257028
1974-10-07,0.643545,0.680999,0.643545,0.680999,0.680999,257988
1974-10-08,0.680999,0.687436,0.662273,0.680999,0.680999,153642
1974-10-09,0.680999,0.724793,0.668807,0.712503,0.712503,214460
1974-10-10,0.712503,0.731035,0.699825,0.718649,0.718649,236543
1974-10-11,0.712503,0.712503,0.680999,0.699825,0.699825,313365
1974-10-14,0.699825,0.724793,0.699825,0.724793,0.724793,280071
1974-10-15,0.718649,0.718649,0.699825,0.712503,0.712503,141478
1974-10-16,0.712503,0.712503,0.687436,0.699825,0.699825,113315
1974-10-17,0.699825,0.718649,0.680999,0.712503,0.712503,134759
1974-10-18,0.718649,0.743715,0.718649,0.743715,0.743715,251908
1974-10-21,0.743715,0.749568,0.731035,0.749568,0.749568,136993
1974-10-22,0.749568,0.749568,0.731035,0.737375,0.737375,143712
1974-10-23,0.731035,0.731035,0.699825,0.712503,0.712503,218614
1974-10-24,0.705872,0.705872,0.687436,0.699825,0.699825,168678
1974-10-25,0.699825,0.718649,0.687436,0.699825,0.699825,134439
1974-10-28,0.699825,0.705872,0.693582,0.693582,0.693582,49293
1974-10-29,0.693582,0.718649,0.687436,0.712503,0.712503,127072
1974-10-30,0.712503,0.749568,0.699825,0.743715,0.743715,335449
1974-10-31,0.743715,0.762443,0.743715,0.743715,0.743715,251586
1974-11-01,0.755908,0.762443,0.743715,0.755908,0.755908,148517
1974-11-04,0.749568,0.749568,0.724793,0.749568,0.749568,94106
1974-11-05,0.749568,0.762443,0.731035,0.749568,0.749568,178610
1974-11-06,0.749568,0.774538,0.743715,0.743715,0.743715,186290
1974-11-07,0.743715,0.749568,0.724793,0.731035,0.731035,154277
1974-11-08,0.731035,0.749568,0.712503,0.712503,0.712503,145323
1974-11-11,0.712503,0.718649,0.699825,0.712503,0.712503,129638
1974-11-12,0.712503,0.718649,0.699825,0.712503,0.712503,93467
1974-11-13,0.705872,0.705872,0.693582,0.699825,0.699825,133474
1974-11-14,0.699825,0.699825,0.680999,0.687436,0.687436,138919
1974-11-15,0.687436,0.687436,0.668807,0.687436,0.687436,95705
1974-11-18,0.680999,0.680999,0.662273,0.668807,0.668807,133155
1974-11-19,0.655933,0.655933,0.630964,0.649788,0.649788,156523
1974-11-20,0.649788,0.649788,0.630964,0.637401,0.637401,217022
1974-11-21,0.637401,0.649788,0.630964,0.649788,0.649788,158765
1974-11-22,0.649788,0.649788,0.630964,0.637401,0.637401,140518
1974-11-25,0.637401,0.649788,0.630964,0.643545,0.643545,111071
1974-11-26,0.643545,0.649788,0.637401,0.649788,0.649788,204856
1974-11-27,0.649788,0.662273,0.624721,0.649788,0.649788,359459
1974-11-29,0.649788,0.649788,0.630964,0.637401,0.637401,242307
1974-12-02,0.637401,0.643545,0.618673,0.624721,0.624721,122589
1974-12-03,0.624721,0.624721,0.612236,0.618673,0.618673,188211
1974-12-04,0.618673,0.624721,0.612236,0.624721,0.624721,225983
1974-12-05,0.624721,0.630964,0.618673,0.630964,0.630964,222777
1974-12-06,0.630964,0.630964,0.618673,0.618673,0.618673,213177
1974-12-09,0.618673,0.630964,0.618673,0.630964,0.630964,272070
1974-12-10,0.637401,0.655933,0.637401,0.655933,0.655933,270153
1974-12-11,0.655933,0.693582,0.655933,0.674953,0.674953,236226
1974-12-12,0.674953,0.699825,0.662273,0.693582,0.693582,180850
1974-12-13,0.693582,0.693582,0.668807,0.674953,0.674953,140196
1974-12-16,0.674953,0.680999,0.662273,0.674953,0.674953,185967
1974-12-17,0.674953,0.687436,0.655933,0.687436,0.687436,229501
1974-12-18,0.687436,0.699825,0.680999,0.687436,0.687436,209018
1974-12-19,0.680999,0.680999,0.649788,0.655933,0.655933,192690
1974-12-20,0.655933,0.668807,0.643545,0.655933,0.655933,215420
1974-12-23,0.655933,0.655933,0.637401,0.643545,0.643545,203573
1974-12-24,0.643545,0.662273,0.637401,0.662273,0.662273,135396
1974-12-26,0.662273,0.674953,0.649788,0.662273,0.662273,120672
1974-12-27,0.662273,0.662273,0.649788,0.655933,0.655933,115868
1974-12-30,0.655933,0.655933,0.649788,0.655933,0.655933,203255
1974-12-31,0.655933,0.674953,0.649788,0.668807,0.668807,180526
1975-01-02,0.668807,0.724793,0.668807,0.712503,0.712503,91863
1975-01-03,0.712503,0.731035,0.705872,0.712503,0.712503,135396
1975-01-06,0.712503,0.724793,0.699825,0.699825,0.699825,108186
1975-01-07,0.699825,0.712503,0.687436,0.705872,0.705872,112352
1975-01-08,0.705872,0.712503,0.699825,0.699825,0.699825,75213
1975-01-09,0.699825,0.724793,0.680999,0.724793,0.724793,148517
1975-01-10,0.743715,0.762443,0.743715,0.749568,0.749568,550542
1975-01-13,0.749568,0.749568,0.718649,0.724793,0.724793,163560
1975-01-14,0.705872,0.705872,0.687436,0.693582,0.693582,308241
1975-01-15,0.693582,0.693582,0.674953,0.693582,0.693582,196536
1975-01-16,0.693582,0.693582,0.680999,0.687436,0.687436,185332
1975-01-17,0.687436,0.687436,0.674953,0.680999,0.680999,118749
1975-01-20,0.680999,0.687436,0.668807,0.680999,0.680999,136678
1975-01-21,0.680999,0.693582,0.680999,0.687436,0.687436,167081
1975-01-22,0.687436,0.724793,0.680999,0.724793,0.724793,116827
1975-01-23,0.724793,0.743715,0.699825,0.724793,0.724793,212854
1975-01-24,0.724793,0.755908,0.724793,0.749568,0.749568,234303
1975-01-27,0.749568,0.780877,0.749568,0.780877,0.780877,379621
1975-01-28,0.780877,0.780877,0.768587,0.780877,0.780877,296399
1975-01-29,0.780877,0.793655,0.774538,0.780877,0.780877,286159
1975-01-30,0.780877,0.793655,0.774538,0.780877,0.780877,320727
1975-01-31,0.780877,0.793655,0.774538,0.780877,0.780877,136036
1975-02-03,0.799799,0.805944,0.793655,0.805944,0.805944,200054
1975-02-04,0.805944,0.805944,0.780877,0.805944,0.805944,404269
1975-02-05,0.805944,0.805944,0.780877,0.787315,0.787315,262792
1975-02-06,0.787315,0.799799,0.768587,0.768587,0.768587,345054
1975-02-07,0.768587,0.768587,0.743715,0.755908,0.755908,211573
1975-02-10,0.755908,0.762443,0.743715,0.749568,0.749568,169959
1975-02-11,0.749568,0.762443,0.743715,0.749568,0.749568,126438
1975-02-12,0.749568,0.768587,0.743715,0.768587,0.768587,164845
1975-02-13,0.768587,0.805944,0.768587,0.768587,0.768587,348574
1975-02-14,0.768587,0.780877,0.762443,0.780877,0.780877,187573
1975-02-18,0.780877,0.793655,0.768587,0.787315,0.787315,142754
1975-02-19,0.787315,0.793655,0.774538,0.793655,0.793655,255109
1975-02-20,0.793655,0.805944,0.787315,0.793655,0.793655,218296
1975-02-21,0.793655,0.799799,0.787315,0.799799,0.799799,191413
1975-02-24,0.793655,0.793655,0.780877,0.780877,0.780877,185332
1975-02-25,0.774538,0.774538,0.755908,0.755908,0.755908,184693
1975-02-26,0.755908,0.774538,0.755908,0.768587,0.768587,107553
1975-02-27,0.768587,0.780877,0.768587,0.780877,0.780877,134759
1975-02-28,0.780877,0.780877,0.774538,0.780877,0.780877,144357
1975-03-03,0.780877,0.805944,0.780877,0.805944,0.805944,193656
1975-03-04,0.812186,0.831205,0.812186,0.824768,0.824768,347612
1975-03-05,0.824768,0.8433,0.805944,0.812186,0.812186,149160
1975-03-06,0.812186,0.824768,0.812186,0.812186,0.812186,116190
1975-03-07,0.812186,0.824768,0.799799,0.805944,0.805944,125476
1975-03-10,0.805944,0.818624,0.793655,0.812186,0.812186,210619
1975-03-11,0.812186,0.831205,0.805944,0.824768,0.824768,238468
1975-03-12,0.824768,0.824768,0.805944,0.812186,0.812186,119711
1975-03-13,0.812186,0.812186,0.799799,0.812186,0.812186,114266
1975-03-14,0.812186,0.831205,0.805944,0.824768,0.824768,270473
1975-03-17,0.824768,0.831205,0.812186,0.824768,0.824768,109792
1975-03-18,0.824768,0.824768,0.805944,0.805944,0.805944,159404
1975-03-19,0.799799,0.799799,0.774538,0.780877,0.780877,260868
1975-03-20,0.780877,0.780877,0.768587,0.774538,0.774538,167081
1975-03-21,0.774538,0.780877,0.762443,0.774538,0.774538,138919
1975-03-24,0.768587,0.768587,0.743715,0.749568,0.749568,240387
1975-03-25,0.743715,0.743715,0.737375,0.743715,0.743715,320727
1975-03-26,0.743715,0.749568,0.743715,0.749568,0.749568,122589
1975-03-27,0.749568,0.762443,0.743715,0.755908,0.755908,141797
1975-03-31,0.755908,0.768587,0.743715,0.749568,0.749568,106270
1975-04-01,0.749568,0.762443,0.743715,0.743715,0.743715,158441
1975-04-02,0.743715,0.749568,0.731035,0.731035,0.731035,146918
1975-04-03,0.731035,0.737375,0.724793,0.724793,0.724793,154598
1975-04-04,0.724793,0.731035,0.712503,0.724793,0.724793,144040
1975-04-07,0.724793,0.731035,0.712503,0.724793,0.724793,157803
1975-04-08,0.724793,0.737375,0.718649,0.731035,0.731035,115231
1975-04-09,0.731035,0.768587,0.731035,0.768587,0.768587,217345
1975-04-10,0.768587,0.787315,0.768587,0.774538,0.774538,201653
1975-04-11,0.774538,0.787315,0.768587,0.768587,0.768587,120672
1975-04-14,0.768587,0.799799,0.768587,0.793655,0.793655,93467
1975-04-15,0.793655,0.799799,0.774538,0.780877,0.780877,160366
1975-04-16,0.780877,0.793655,0.768587,0.780877,0.780877,120032
1975-04-17,0.780877,0.793655,0.780877,0.780877,0.780877,142754
1975-04-18,0.780877,0.793655,0.780877,0.780877,0.780877,123234
1975-04-21,0.780877,0.787315,0.768587,0.787315,0.787315,128354
1975-04-22,0.787315,0.787315,0.755908,0.755908,0.755908,235583
1975-04-23,0.755908,0.762443,0.731035,0.731035,0.731035,240387
1975-04-24,0.731035,0.762443,0.731035,0.755908,0.755908,155882
1975-04-25,0.755908,0.768587,0.749568,0.762443,0.762443,285522
1975-04-28,0.762443,0.762443,0.731035,0.755908,0.755908,185332
1975-04-29,0.755908,0.755908,0.743715,0.749568,0.749568,169959
1975-04-30,0.749568,0.768587,0.737375,0.768587,0.768587,230783
1975-05-01,0.768587,0.780877,0.762443,0.768587,0.768587,330324
1975-05-02,0.780877,0.805944,0.780877,0.793655,0.793655,228221
1975-05-05,0.793655,0.818624,0.793655,0.818624,0.818624,255109
1975-05-06,0.818624,0.824768,0.812186,0.812186,0.812186,258948
1975-05-07,0.812186,0.831205,0.799799,0.824768,0.824768,202611
1975-05-08,0.831205,0.868368,0.831205,0.862125,0.862125,267909
1975-05-09,0.868368,0.905918,0.868368,0.893531,0.893531,396588
1975-05-12,0.912258,0.912258,0.868368,0.881048,0.881048,244546
1975-05-13,0.881048,0.893531,0.868368,0.874999,0.874999,226945
1975-05-14,0.874999,0.893531,0.868368,0.893531,0.893531,153642
1975-05-15,0.893531,0.912258,0.893531,0.899774,0.899774,311124
1975-05-16,0.899774,0.899774,0.874999,0.887191,0.887191,148844
1975-05-19,0.887191,0.893531,0.874999,0.893531,0.893531,194933
1975-05-20,0.893531,0.893531,0.874999,0.874999,0.874999,201013
1975-05-21,0.874999,0.874999,0.8433,0.862125,0.862125,120672
1975-05-22,0.862125,0.862125,0.831205,0.837156,0.837156,134120
1975-05-23,0.837156,0.862125,0.837156,0.849933,0.849933,97305
1975-05-27,0.862125,0.887191,0.862125,0.887191,0.887191,260868
1975-05-28,0.887191,0.899774,0.881048,0.899774,0.899774,173488
1975-05-29,0.899774,0.924645,0.899774,0.918501,0.918501,239746
1975-05-30,0.930985,0.949713,0.930985,0.930985,0.930985,451000
1975-06-02,0.937521,0.968635,0.937521,0.962295,0.962295,870954
1975-06-03,0.962295,0.974584,0.949713,0.968635,0.968635,373222
1975-06-04,0.968635,0.987361,0.968635,0.974584,0.974584,311124
1975-06-05,0.974584,0.987361,0.95615,0.974584,0.974584,258311
1975-06-06,0.981021,1.00619,0.981021,0.999657,0.999657,279434
1975-06-09,0.999657,1.02472,0.993802,1.00619,1.00619,290962
1975-06-10,0.999657,0.999657,0.974584,0.987361,0.987361,273673
1975-06-11,0.987361,0.999657,0.987361,0.993802,0.993802,194933
1975-06-12,0.993802,1.00619,0.974584,0.974584,0.974584,233983
1975-06-13,0.974584,0.981021,0.95615,0.981021,0.981021,193331
1975-06-16,0.981021,1.01233,0.981021,1.00619,1.00619,204532
1975-06-17,1.00619,1.02472,0.999657,0.999657,0.999657,217984
1975-06-18,0.999657,0.999657,0.987361,0.987361,0.987361,174765
1975-06-19,0.987361,0.999657,0.987361,0.999657,0.999657,278158
1975-06-20,0.999657,1.00619,0.993802,0.993802,0.993802,229820
1975-06-23,0.993802,0.999657,0.987361,0.999657,0.999657,113315
1975-06-24,0.999657,1.00619,0.981021,0.999657,0.999657,220221
1975-06-25,0.999657,1.01233,0.999657,1.01233,1.01233,179246
1975-06-26,1.01233,1.0371,1.00619,1.01818,1.01818,194612
1975-06-27,1.01818,1.03097,0.999657,0.999657,0.999657,104031
1975-06-30,0.999657,1.01233,0.987361,0.993802,0.993802,110430
1975-07-01,0.993802,0.999657,0.987361,0.993802,0.993802,164522
1975-07-02,0.993802,0.993802,0.95615,0.968635,0.968635,343135
1975-07-03,0.968635,0.974584,0.95615,0.968635,0.968635,242946
1975-07-07,0.968635,0.981021,0.937521,0.937521,0.937521,198129
1975-07-08,0.937521,0.943373,0.924645,0.937521,0.937521,210619
1975-07-09,0.943373,0.962295,0.943373,0.962295,0.962295,248067
1975-07-10,0.968635,0.999657,0.968635,0.987361,0.987361,229501
1975-07-11,0.987361,1.00619,0.981021,0.993802,0.993802,175726
1975-07-14,0.993802,1.01818,0.993802,1.00619,1.00619,130595
1975-07-15,1.00619,1.02472,1.00619,1.02472,1.02472,130918
1975-07-16,1.02472,1.03097,1.01233,1.01818,1.01818,114266
1975-07-17,1.01233,1.01233,0.987361,0.999657,0.999657,395303
1975-07-18,0.999657,0.999657,0.981021,0.999657,0.999657,141478
1975-07-21,0.999657,0.999657,0.974584,0.974584,0.974584,77460
1975-07-22,0.974584,0.987361,0.968635,0.987361,0.987361,169324
1975-07-23,0.987361,0.999657,0.987361,0.987361,0.987361,212534
1975-07-24,0.987361,0.999657,0.974584,0.981021,0.981021,234944
1975-07-25,0.981021,0.993802,0.974584,0.981021,0.981021,202937
1975-07-28,0.974584,0.974584,0.968635,0.968635,0.968635,163560
1975-07-29,0.968635,0.981021,0.949713,0.949713,0.949713,152358
1975-07-30,0.949713,0.95615,0.937521,0.943373,0.943373,241987
1975-07-31,0.949713,0.968635,0.949713,0.95615,0.95615,269831
1975-08-01,0.95615,0.968635,0.949713,0.962295,0.962295,86743
1975-08-04,0.962295,0.968635,0.949713,0.962295,0.962295,100829
1975-08-05,0.962295,0.968635,0.949713,0.962295,0.962295,178284
1975-08-06,0.962295,0.962295,0.949713,0.95615,0.95615,100186
1975-08-07,0.95615,0.968635,0.95615,0.95615,0.95615,165167
1975-08-08,0.95615,0.95615,0.943373,0.95615,0.95615,196854
1975-08-11,0.962295,0.962295,0.949713,0.95615,0.95615,120032
1975-08-12,0.968635,0.987361,0.968635,0.981021,0.981021,162285
1975-08-13,0.981021,0.981021,0.962295,0.962295,0.962295,141157
1975-08-14,0.962295,0.968635,0.95615,0.95615,0.95615,75863
1975-08-15,0.95615,0.95615,0.943373,0.95615,0.95615,249988
1975-08-18,0.95615,0.95615,0.943373,0.95615,0.95615,95705
1975-08-19,0.95615,0.95615,0.930985,0.930985,0.930985,131229
1975-08-20,0.930985,0.930985,0.912258,0.918501,0.918501,214138
1975-08-21,0.918501,0.918501,0.899774,0.912258,0.912258,250628
1975-08-22,0.912258,0.912258,0.893531,0.899774,0.899774,314643
1975-08-25,0.899774,0.912258,0.893531,0.912258,0.912258,273998
1975-08-26,0.912258,0.912258,0.893531,0.905918,0.905918,142439
1975-08-27,0.905918,0.912258,0.899774,0.905918,0.905918,132511
1975-08-28,0.912258,0.937521,0.912258,0.937521,0.937521,194933
1975-08-29,0.937521,0.949713,0.930985,0.943373,0.943373,90909
1975-09-02,0.943373,0.949713,0.924645,0.930985,0.930985,124833
1975-09-03,0.930985,0.943373,0.930985,0.937521,0.937521,230142
1975-09-04,0.937521,0.943373,0.937521,0.937521,0.937521,60495
1975-09-05,0.937521,0.943373,0.937521,0.937521,0.937521,54735
1975-09-08,0.937521,0.943373,0.937521,0.943373,0.943373,82267
1975-09-09,0.943373,0.95615,0.937521,0.937521,0.937521,104349
1975-09-10,0.937521,0.943373,0.937521,0.943373,0.943373,104031
1975-09-11,0.943373,0.943373,0.937521,0.943373,0.943373,50258
1975-09-12,0.943373,0.949713,0.937521,0.937521,0.937521,168678
1975-09-15,0.937521,0.937521,0.930985,0.930985,0.930985,43213
1975-09-16,0.930985,0.937521,0.930985,0.930985,0.930985,74578
1975-09-17,0.930985,0.943373,0.930985,0.937521,0.937521,120032
1975-09-18,0.937521,0.962295,0.937521,0.95615,0.95615,127393
1975-09-19,0.962295,0.981021,0.962295,0.981021,0.981021,82905
1975-09-22,0.981021,0.981021,0.949713,0.949713,0.949713,152358
1975-09-23,0.949713,0.95615,0.943373,0.95615,0.95615,96350
1975-09-24,0.95615,0.981021,0.95615,0.968635,0.968635,164522
1975-09-25,0.968635,0.981021,0.962295,0.968635,0.968635,144357
1975-09-26,0.968635,0.981021,0.962295,0.962295,0.962295,39051
1975-09-29,0.962295,0.968635,0.949713,0.95615,0.95615,193331
1975-09-30,0.943373,0.943373,0.937521,0.937521,0.937521,105947
1975-10-01,0.937521,0.943373,0.930985,0.937521,0.937521,129956
1975-10-02,0.937521,0.943373,0.930985,0.930985,0.930985,94106
1975-10-03,0.930985,0.937521,0.930985,0.937521,0.937521,202611
1975-10-06,0.937521,0.943373,0.930985,0.943373,0.943373,121633
1975-10-07,0.943373,0.943373,0.937521,0.943373,0.943373,65937
1975-10-08,0.943373,0.962295,0.937521,0.962295,0.962295,101464
1975-10-09,0.968635,0.981021,0.968635,0.968635,0.968635,129956
1975-10-10,0.968635,0.981021,0.968635,0.981021,0.981021,137314
1975-10-13,0.981021,0.999657,0.974584,0.999657,0.999657,110753
1975-10-14,0.999657,1.02472,0.999657,1.01233,1.01233,248067
1975-10-15,1.01233,1.01233,0.999657,0.999657,0.999657,225657
1975-10-16,0.999657,1.01818,0.993802,0.999657,0.999657,294480
1975-10-17,0.999657,1.01233,0.993802,1.00619,1.00619,146918
1975-10-20,1.00619,1.01233,0.999657,1.01233,1.01233,124512
1975-10-21,1.01233,1.03097,1.01233,1.01818,1.01818,148203
1975-10-22,1.01818,1.02472,0.999657,1.00619,1.00619,91863
1975-10-23,1.00619,1.00619,0.993802,0.999657,0.999657,143401
1975-10-24,0.987361,0.987361,0.95615,0.962295,0.962295,158119
1975-10-27,0.962295,0.968635,0.95615,0.95615,0.95615,78422
1975-10-28,0.95615,0.981021,0.95615,0.981021,0.981021,221824
1975-10-29,0.981021,0.981021,0.95615,0.95615,0.95615,135078
1975-10-30,0.949713,0.949713,0.943373,0.943373,0.943373,127072
1975-10-31,0.943373,0.949713,0.937521,0.949713,0.949713,203573
1975-11-03,0.949713,0.95615,0.943373,0.949713,0.949713,71379
1975-11-04,0.949713,0.95615,0.937521,0.943373,0.943373,115231
1975-11-05,0.943373,0.949713,0.930985,0.930985,0.930985,154924
1975-11-06,0.930985,0.930985,0.912258,0.918501,0.918501,125476
1975-11-07,0.937521,0.937521,0.924645,0.924645,0.924645,150445
1975-11-10,0.924645,0.937521,0.912258,0.924645,0.924645,123234
1975-11-11,0.924645,0.937521,0.918501,0.918501,0.918501,63694
1975-11-12,0.918501,0.930985,0.912258,0.930985,0.930985,176691
1975-11-13,0.930985,0.949713,0.930985,0.937521,0.937521,126438
1975-11-14,0.937521,0.943373,0.924645,0.943373,0.943373,149160
1975-11-17,0.943373,0.949713,0.937521,0.943373,0.943373,99865
1975-11-18,0.943373,0.95615,0.937521,0.949713,0.949713,104349
1975-11-19,0.949713,0.949713,0.930985,0.937521,0.937521,216056
1975-11-20,0.937521,0.949713,0.924645,0.937521,0.937521,114917
1975-11-21,0.937521,0.937521,0.918501,0.937521,0.937521,141478
1975-11-24,0.930985,0.930985,0.918501,0.924645,0.924645,210619
1975-11-25,0.924645,0.937521,0.918501,0.930985,0.930985,217659
1975-11-26,0.930985,0.943373,0.930985,0.937521,0.937521,173810
1975-11-28,0.937521,0.937521,0.924645,0.930985,0.930985,66255
1975-12-01,0.930985,0.937521,0.924645,0.930985,0.930985,209018
1975-12-02,0.930985,0.930985,0.918501,0.924645,0.924645,316249
1975-12-03,0.912258,0.912258,0.887191,0.893531,0.893531,338332
1975-12-04,0.893531,0.899774,0.868368,0.881048,0.881048,224377
1975-12-05,0.881048,0.887191,0.862125,0.862125,0.862125,136993
1975-12-08,0.862125,0.874999,0.849933,0.874999,0.874999,287439
1975-12-09,0.874999,0.874999,0.862125,0.874999,0.874999,162603
1975-12-10,0.874999,0.887191,0.874999,0.887191,0.887191,115231
1975-12-11,0.887191,0.887191,0.881048,0.887191,0.887191,112030
1975-12-12,0.887191,0.887191,0.868368,0.887191,0.887191,226945
1975-12-15,0.887191,0.893531,0.881048,0.881048,0.881048,54735
1975-12-16,0.881048,0.887191,0.874999,0.881048,0.881048,335128
1975-12-17,0.881048,0.887191,0.874999,0.881048,0.881048,92503
1975-12-18,0.881048,0.887191,0.874999,0.887191,0.887191,258629
1975-12-19,0.887191,0.887191,0.874999,0.874999,0.874999,123234
1975-12-22,0.874999,0.887191,0.874999,0.887191,0.887191,221183
1975-12-23,0.887191,0.899774,0.881048,0.893531,0.893531,115554
1975-12-24,0.893531,0.918501,0.893531,0.912258,0.912258,218614
1975-12-26,0.912258,0.930985,0.905918,0.930985,0.930985,68178
1975-12-29,0.930985,0.943373,0.930985,0.943373,0.943373,145323
1975-12-30,0.943373,0.949713,0.937521,0.949713,0.949713,137642
1975-12-31,0.949713,0.95615,0.943373,0.949713,0.949713,63694
1976-01-02,0.949713,0.95615,0.943373,0.95615,0.95615,74578
1976-01-05,0.95615,0.993802,0.95615,0.987361,0.987361,233666
1976-01-06,0.987361,1.00619,0.981021,1.00619,1.00619,316885
1976-01-07,1.00619,1.01818,0.993802,0.999657,0.999657,233339
1976-01-08,0.999657,1.03097,0.993802,1.01818,1.01818,361380
1976-01-09,1.01818,1.02472,1.00619,1.00619,1.00619,134759
1976-01-12,1.00619,1.00619,0.993802,0.993802,0.993802,170930
1976-01-13,0.993802,0.999657,0.968635,0.968635,0.968635,230783
1976-01-14,0.968635,1.00619,0.962295,0.993802,0.993802,199093
1976-01-15,0.993802,0.999657,0.968635,0.968635,0.968635,270790
1976-01-16,0.968635,0.981021,0.962295,0.968635,0.968635,171561
1976-01-19,0.968635,0.999657,0.968635,0.999657,0.999657,177970
1976-01-20,0.999657,0.999657,0.974584,0.993802,0.993802,264711
1976-01-21,0.993802,0.993802,0.968635,0.993802,0.993802,253828
1976-01-22,0.981021,0.981021,0.968635,0.981021,0.981021,158119
1976-01-23,0.981021,0.987361,0.968635,0.968635,0.968635,227581
1976-01-26,0.974584,0.993802,0.974584,0.981021,0.981021,326806
1976-01-27,0.981021,1.00619,0.968635,1.00619,1.00619,1229773
1976-01-28,1.00619,1.01233,0.993802,0.993802,0.993802,454200
1976-01-29,0.999657,1.02472,0.999657,1.02472,1.02472,755402
1976-01-30,1.02472,1.04345,1.02472,1.02472,1.02472,536464
1976-02-02,1.02472,1.03097,1.00619,1.02472,1.02472,216056
1976-02-03,1.02472,1.0371,1.01233,1.0371,1.0371,339290
1976-02-04,1.0371,1.0809,1.0371,1.0809,1.0809,773008
1976-02-05,1.0809,1.09982,1.0687,1.09348,1.09348,506054
1976-02-06,1.0687,1.0687,1.03097,1.04345,1.04345,545421
1976-02-09,1.04345,1.05603,1.02472,1.04345,1.04345,139879
1976-02-10,1.04345,1.04969,1.0371,1.04345,1.04345,293200
1976-02-11,1.04345,1.10606,1.03097,1.0371,1.0371,481409
1976-02-12,1.0371,1.04345,1.02472,1.03097,1.03097,280071
1976-02-13,1.03097,1.04345,1.03097,1.0371,1.0371,467647
1976-02-17,1.0371,1.04969,1.01233,1.01233,1.01233,387625
1976-02-18,1.01233,1.02472,0.999657,1.01233,1.01233,428599
1976-02-19,1.01233,1.02472,0.999657,1.02472,1.02472,331608
1976-02-20,1.02472,1.02472,1.00619,1.01233,1.01233,362978
1976-02-23,1.01233,1.02472,0.987361,1.00619,1.00619,452285
1976-02-24,1.00619,1.02472,0.999657,1.01233,1.01233,372897
1976-02-25,1.01233,1.01233,0.987361,0.987361,0.987361,281677
1976-02-26,0.987361,1.01233,0.981021,0.987361,0.987361,364583
1976-02-27,0.987361,0.987361,0.962295,0.987361,0.987361,259269
1976-03-01,0.987361,0.987361,0.968635,0.987361,0.987361,303760
1976-03-02,0.987361,1.01233,0.987361,1.00619,1.00619,334176
1976-03-03,0.999657,0.999657,0.974584,0.981021,0.981021,444281
1976-03-04,0.981021,0.987361,0.968635,0.981021,0.981021,200697
1976-03-05,0.981021,0.987361,0.974584,0.987361,0.987361,234944
1976-03-08,0.987361,1.00619,0.974584,0.981021,0.981021,518219
1976-03-09,0.981021,0.993802,0.981021,0.987361,0.987361,389545
1976-03-10,0.987361,0.999657,0.987361,0.993802,0.993802,346971
1976-03-11,0.993802,1.01233,0.993802,0.999657,0.999657,270790
1976-03-12,0.999657,1.01233,0.987361,0.993802,0.993802,443965
1976-03-15,0.993802,0.999657,0.981021,0.987361,0.987361,369379
1976-03-16,0.993802,1.01233,0.993802,0.999657,0.999657,207735
1976-03-17,0.999657,1.01233,0.999657,1.00619,1.00619,334176
1976-03-18,1.00619,1.01233,0.993802,1.00619,1.00619,259593
1976-03-19,1.00619,1.01233,0.987361,1.01233,1.01233,636332
1976-03-22,1.01233,1.02472,1.00619,1.01233,1.01233,293200
1976-03-23,1.02472,1.0687,1.02472,1.0687,1.0687,847595
1976-03-24,1.08733,1.11885,1.08733,1.10606,1.10606,812376
1976-03-25,1.10606,1.12469,1.09982,1.10606,1.10606,679222
1976-03-26,1.10606,1.13093,1.10606,1.12469,1.12469,324566
1976-03-29,1.12469,1.13093,1.11885,1.11885,1.11885,359459
1976-03-30,1.11885,1.11885,1.09982,1.10606,1.10606,407788
1976-03-31,1.10606,1.11885,1.09982,1.11885,1.11885,274635
1976-04-01,1.11885,1.11885,1.0687,1.08733,1.08733,654896
1976-04-02,1.08733,1.08733,1.0687,1.07466,1.07466,267275
1976-04-05,1.08733,1.10606,1.08733,1.09982,1.09982,654896
1976-04-06,1.10606,1.11885,1.10606,1.10606,1.10606,382824
1976-04-07,1.11212,1.13708,1.11212,1.11885,1.11885,357852
1976-04-08,1.11885,1.12469,1.09348,1.09348,1.09348,460603
1976-04-09,1.09348,1.09982,1.08733,1.09982,1.09982,300245
1976-04-12,1.09982,1.11885,1.09348,1.11885,1.11885,323926
1976-04-13,1.11885,1.12469,1.10606,1.12469,1.12469,231104
1976-04-14,1.12469,1.13093,1.10606,1.10606,1.10606,452285
1976-04-15,1.10606,1.11885,1.09982,1.11885,1.11885,358177
1976-04-19,1.11885,1.13093,1.11885,1.13093,1.13093,346971
1976-04-20,1.13093,1.16215,1.13093,1.1562,1.1562,551833
1976-04-21,1.1562,1.18107,1.14361,1.16829,1.16829,519823
1976-04-22,1.16829,1.18107,1.16215,1.17482,1.17482,323605
1976-04-23,1.17482,1.18107,1.16215,1.17482,1.17482,319442
1976-04-26,1.17482,1.18692,1.16829,1.18692,1.18692,348574
1976-04-27,1.18692,1.19979,1.18107,1.18692,1.18692,599197
1976-04-28,1.18692,1.21218,1.17482,1.19979,1.19979,337371
1976-04-29,1.19979,1.21218,1.19979,1.19979,1.19979,660018
1976-04-30,1.19979,1.21218,1.18692,1.19356,1.19356,643056
1976-05-03,1.19356,1.19979,1.16829,1.18692,1.18692,538066
1976-05-04,1.18692,1.20614,1.18692,1.19979,1.19979,389545
1976-05-05,1.19979,1.21218,1.16215,1.21218,1.21218,370656
1976-05-06,1.21218,1.21842,1.19979,1.21218,1.21218,478208
1976-05-07,1.21218,1.21842,1.21218,1.21842,1.21842,270153
1976-05-10,1.23725,1.2432,1.21842,1.23111,1.23111,509896
1976-05-11,1.23111,1.23725,1.21842,1.23111,1.23111,410352
1976-05-12,1.23111,1.23111,1.20614,1.21842,1.21842,229820
1976-05-13,1.21842,1.22477,1.20614,1.20614,1.20614,351129
1976-05-14,1.20614,1.21218,1.20614,1.21218,1.21218,268554
1976-05-17,1.21218,1.21218,1.19356,1.21218,1.21218,289681
1976-05-18,1.21218,1.21842,1.20614,1.21218,1.21218,224377
1976-05-19,1.21842,1.23111,1.21842,1.23111,1.23111,322647
1976-05-20,1.23111,1.2432,1.22477,1.23725,1.23725,514701
1976-05-21,1.23725,1.23725,1.21842,1.22477,1.22477,270153
1976-05-24,1.22477,1.22477,1.18692,1.18692,1.18692,266632
1976-05-25,1.18692,1.23111,1.18107,1.19356,1.19356,355942
1976-05-26,1.19356,1.19979,1.18692,1.19979,1.19979,295116
1976-05-27,1.19979,1.22477,1.18692,1.22477,1.22477,389545
1976-05-28,1.22477,1.24964,1.22477,1.2432,1.2432,383141
1976-06-01,1.2432,1.24964,1.23111,1.2432,1.2432,186928
1976-06-02,1.2432,1.2432,1.23111,1.23725,1.23725,348574
1976-06-03,1.23725,1.2432,1.23111,1.23111,1.23111,414833
1976-06-04,1.23111,1.23725,1.21842,1.21842,1.21842,183728
1976-06-07,1.21842,1.21842,1.20614,1.21218,1.21218,303760
1976-06-08,1.21218,1.22477,1.20614,1.21842,1.21842,313683
1976-06-09,1.21842,1.23111,1.21842,1.23111,1.23111,253186
1976-06-10,1.23111,1.2432,1.23111,1.2432,1.2432,374499
1976-06-11,1.2432,1.24964,1.23725,1.23725,1.23725,330007
1976-06-14,1.2432,1.26222,1.2432,1.24964,1.24964,287761
1976-06-15,1.24964,1.26837,1.2432,1.2432,1.2432,337051
1976-06-16,1.2432,1.25607,1.2432,1.24964,1.24964,238146
1976-06-17,1.24964,1.25607,1.2432,1.24964,1.24964,316885
1976-06-18,1.24964,1.26222,1.2432,1.24964,1.24964,328089
1976-06-21,1.24964,1.25607,1.24964,1.24964,1.24964,298322
1976-06-22,1.24964,1.24964,1.23725,1.2432,1.2432,242946
1976-06-23,1.2432,1.2432,1.23111,1.23111,1.23111,206776
1976-06-24,1.23111,1.24964,1.23111,1.2432,1.2432,289357
1976-06-25,1.2432,1.24964,1.23725,1.24964,1.24964,212220
1976-06-28,1.24964,1.26222,1.24964,1.26222,1.26222,289681
1976-06-29,1.26222,1.26837,1.24964,1.26837,1.26837,264391
1976-06-30,1.26837,1.27451,1.26222,1.26837,1.26837,282956
1976-07-01,1.26837,1.27451,1.26222,1.26222,1.26222,379944
1976-07-02,1.26222,1.27451,1.25607,1.26222,1.26222,222463
1976-07-06,1.26222,1.27451,1.26222,1.26222,1.26222,166451
1976-07-07,1.26222,1.27451,1.26222,1.26222,1.26222,166451
1976-07-08,1.26222,1.29314,1.26222,1.28708,1.28708,410991
1976-07-09,1.28708,1.31225,1.27451,1.28708,1.28708,811417
1976-07-12,1.28094,1.28094,1.24964,1.26222,1.26222,414833
1976-07-13,1.26837,1.28094,1.26837,1.27451,1.27451,618728
1976-07-14,1.27451,1.28708,1.27451,1.27451,1.27451,481090
1976-07-15,1.27451,1.28094,1.26222,1.26222,1.26222,568794
1976-07-16,1.26222,1.26837,1.25607,1.25607,1.25607,194289
1976-07-19,1.25607,1.27451,1.25607,1.26222,1.26222,245507
1976-07-20,1.26222,1.26837,1.25607,1.26222,1.26222,212534
1976-07-21,1.26222,1.26222,1.24964,1.26222,1.26222,154598
1976-07-22,1.26222,1.26837,1.23725,1.26222,1.26222,130918
1976-07-23,1.26222,1.27451,1.25607,1.26837,1.26837,169647
1976-07-26,1.26837,1.27451,1.26222,1.26837,1.26837,128038
1976-07-27,1.26837,1.27451,1.24964,1.24964,1.24964,250945
1976-07-28,1.24964,1.26222,1.24964,1.25607,1.25607,153965
1976-07-29,1.25607,1.26222,1.2432,1.25607,1.25607,122589
1976-07-30,1.25607,1.26837,1.25607,1.26222,1.26222,159404
1976-08-02,1.26222,1.26837,1.25607,1.26222,1.26222,164522
1976-08-03,1.26222,1.26837,1.26222,1.26837,1.26837,158119
1976-08-04,1.26837,1.27451,1.26222,1.26837,1.26837,214138
1976-08-05,1.26837,1.27451,1.26222,1.26222,1.26222,165167
1976-08-06,1.26222,1.27451,1.26222,1.27451,1.27451,181489
1976-08-09,1.28708,1.28708,1.27451,1.28708,1.28708,242628
1976-08-10,1.28708,1.28708,1.27451,1.27451,1.27451,223099
1976-08-11,1.27451,1.28708,1.27451,1.27451,1.27451,296399
1976-08-12,1.27451,1.28708,1.27451,1.28708,1.28708,167081
1976-08-13,1.28708,1.29314,1.27451,1.29314,1.29314,198452
1976-08-16,1.29314,1.29948,1.28708,1.29314,1.29314,338970
1976-08-17,1.29314,1.29948,1.28708,1.29314,1.29314,186290
1976-08-18,1.29314,1.30611,1.28708,1.29314,1.29314,377703
1976-08-19,1.29314,1.29314,1.27451,1.27451,1.27451,203895
1976-08-20,1.27451,1.28708,1.26222,1.27451,1.27451,166451
1976-08-23,1.26222,1.26222,1.24964,1.26222,1.26222,267594
1976-08-24,1.26222,1.28708,1.24964,1.24964,1.24964,172844
1976-08-25,1.24964,1.24964,1.23725,1.24964,1.24964,174765
1976-08-26,1.24964,1.24964,1.23725,1.2432,1.2432,153000
1976-08-27,1.2432,1.24964,1.23725,1.2432,1.2432,96985
1976-08-30,1.2432,1.26222,1.2432,1.24964,1.24964,131229
1976-08-31,1.26222,1.27451,1.26222,1.27451,1.27451,198452
1976-09-01,1.27451,1.27451,1.26222,1.27451,1.27451,177331
1976-09-02,1.27451,1.28708,1.27451,1.27451,1.27451,265669
1976-09-03,1.27451,1.27451,1.26222,1.27451,1.27451,184693
1976-09-07,1.27451,1.27451,1.26222,1.27451,1.27451,252232
1976-09-08,1.27451,1.29314,1.27451,1.28708,1.28708,128354
1976-09-09,1.28708,1.29314,1.27451,1.27451,1.27451,353055
1976-09-10,1.27451,1.27451,1.26222,1.27451,1.27451,235905
1976-09-13,1.27451,1.28708,1.26222,1.27451,1.27451,206776
1976-09-14,1.27451,1.27451,1.27451,1.27451,1.27451,104989
1976-09-15,1.27451,1.28708,1.27451,1.27451,1.27451,257988
1976-09-16,1.27451,1.29948,1.27451,1.29948,1.29948,200054
1976-09-17,1.29948,1.29948,1.26222,1.27451,1.27451,383786
1976-09-20,1.27451,1.29314,1.27451,1.28708,1.28708,350810
1976-09-21,1.28708,1.31225,1.27451,1.31225,1.31225,529100
1976-09-22,1.31225,1.32464,1.30611,1.31225,1.31225,491011
1976-09-23,1.31225,1.32464,1.31225,1.32464,1.32464,374186
1976-09-24,1.32464,1.32464,1.29948,1.31225,1.31225,214460
1976-09-27,1.31225,1.32464,1.31225,1.32464,1.32464,221183
1976-09-28,1.3186,1.3186,1.29948,1.31225,1.31225,195253
1976-09-29,1.31225,1.33127,1.27451,1.27451,1.27451,280715
1976-09-30,1.27451,1.27451,1.26222,1.27451,1.27451,190764
1976-10-01,1.27451,1.27451,1.24964,1.26222,1.26222,318167
1976-10-04,1.26222,1.27451,1.24964,1.26222,1.26222,287439
1976-10-05,1.26222,1.26222,1.24964,1.24964,1.24964,227581
1976-10-06,1.24964,1.24964,1.22477,1.24964,1.24964,349853
1976-10-07,1.24964,1.24964,1.22477,1.23725,1.23725,497414
1976-10-08,1.23725,1.24964,1.23111,1.2432,1.2432,261194
1976-10-11,1.23725,1.23725,1.21218,1.22477,1.22477,234623
1976-10-12,1.22477,1.23111,1.20614,1.21842,1.21842,267594
1976-10-13,1.21842,1.23111,1.20614,1.22477,1.22477,522379
1976-10-14,1.21842,1.21842,1.19356,1.20614,1.20614,297680
1976-10-15,1.19979,1.19979,1.18107,1.18692,1.18692,255433
1976-10-18,1.18692,1.20614,1.18107,1.19979,1.19979,164845
1976-10-19,1.19979,1.20614,1.18107,1.20614,1.20614,128354
1976-10-20,1.20614,1.21218,1.19979,1.20614,1.20614,225983
1976-10-21,1.20614,1.21842,1.20614,1.20614,1.20614,165167
1976-10-22,1.20614,1.21218,1.19356,1.20614,1.20614,154924
1976-10-25,1.20614,1.22477,1.19979,1.21842,1.21842,196213
1976-10-26,1.21842,1.23725,1.21842,1.22477,1.22477,140196
1976-10-27,1.22477,1.23725,1.22477,1.23725,1.23725,250628
1976-10-28,1.23725,1.2432,1.23111,1.23725,1.23725,347612
1976-10-29,1.23725,1.24964,1.23725,1.24964,1.24964,251586
1976-11-01,1.24964,1.27451,1.23725,1.26222,1.26222,336732
1976-11-03,1.23725,1.23725,1.21218,1.22477,1.22477,517257
1976-11-04,1.21842,1.21842,1.20614,1.21218,1.21218,218614
1976-11-05,1.21218,1.21218,1.14986,1.17482,1.17482,618728
1976-11-08,1.17482,1.17482,1.14986,1.17482,1.17482,252548
1976-11-09,1.17482,1.18692,1.16215,1.17482,1.17482,354658
1976-11-10,1.17482,1.18692,1.1562,1.1562,1.1562,290635
1976-11-11,1.1562,1.17482,1.14986,1.17482,1.17482,208374
1976-11-12,1.16215,1.16215,1.14986,1.16215,1.16215,176043
1976-11-15,1.16215,1.17482,1.14986,1.16215,1.16215,243581
1976-11-16,1.16215,1.17482,1.1562,1.17482,1.17482,381225
1976-11-17,1.17482,1.22477,1.17482,1.19356,1.19356,287116
1976-11-18,1.19356,1.22477,1.18692,1.22477,1.22477,448443
1976-11-19,1.22477,1.2432,1.21218,1.22477,1.22477,394030
1976-11-22,1.22477,1.23725,1.21842,1.22477,1.22477,361697
1976-11-23,1.22477,1.23111,1.1562,1.22477,1.22477,223420
1976-11-24,1.22477,1.23725,1.21842,1.23725,1.23725,350178
1976-11-26,1.23725,1.24964,1.23725,1.24964,1.24964,241029
1976-11-29,1.24964,1.26222,1.2432,1.2432,1.2432,207416
1976-11-30,1.2432,1.24964,1.23111,1.24964,1.24964,229501
1976-12-01,1.24964,1.26222,1.2432,1.26222,1.26222,372262
1976-12-02,1.26222,1.28708,1.25607,1.26837,1.26837,452922
1976-12-03,1.26837,1.28708,1.26222,1.28708,1.28708,318485
1976-12-06,1.28708,1.31225,1.27451,1.29948,1.29948,511181
1976-12-07,1.29948,1.32464,1.29948,1.31225,1.31225,462522
1976-12-08,1.31225,1.31225,1.29948,1.31225,1.31225,382500
1976-12-09,1.31225,1.33127,1.31225,1.31225,1.31225,344735
1976-12-10,1.31225,1.33127,1.31225,1.32464,1.32464,356578
1976-12-13,1.32464,1.32464,1.31225,1.32464,1.32464,253186
1976-12-14,1.32464,1.32464,1.29948,1.32464,1.32464,279434
1976-12-15,1.32464,1.33127,1.31225,1.32464,1.32464,235583
1976-12-16,1.32464,1.33703,1.31225,1.33127,1.33127,224377
1976-12-17,1.33127,1.34951,1.33127,1.33703,1.33703,446197
1976-12-20,1.33703,1.34317,1.33127,1.34317,1.34317,244224
1976-12-21,1.34317,1.34317,1.33127,1.34317,1.34317,362016
1976-12-22,1.34317,1.36853,1.34317,1.36853,1.36853,406508
1976-12-23,1.36853,1.36853,1.34317,1.35586,1.35586,365217
1976-12-27,1.35586,1.36853,1.35586,1.36853,1.36853,343772
1976-12-28,1.36853,1.38083,1.36853,1.38083,1.38083,520139
1976-12-29,1.38083,1.38083,1.36853,1.38083,1.38083,310163
1976-12-30,1.38083,1.4057,1.36853,1.4057,1.4057,215736
1976-12-31,1.4057,1.41214,1.38083,1.41214,1.41214,171889
1977-01-03,1.3933,1.41847,1.3933,1.39954,1.39954,320727
1977-01-04,1.39954,1.4057,1.38083,1.38083,1.38083,263749
1977-01-05,1.38083,1.38083,1.35586,1.36853,1.36853,276232
1977-01-06,1.36853,1.36853,1.35586,1.36853,1.36853,228221
1977-01-07,1.36853,1.38083,1.35586,1.38083,1.38083,220541
1977-01-10,1.38083,1.3933,1.38083,1.3933,1.3933,176365
1977-01-11,1.3933,1.3933,1.36853,1.38083,1.38083,474363
1977-01-12,1.36853,1.36853,1.34317,1.34951,1.34951,264072
1977-01-13,1.34951,1.38083,1.34951,1.36853,1.36853,344094
1977-01-14,1.36853,1.3933,1.36853,1.3933,1.3933,310163
1977-01-17,1.3933,1.3933,1.38083,1.3933,1.3933,459964
1977-01-18,1.3933,1.4057,1.3933,1.4057,1.4057,460926
1977-01-19,1.4057,1.42462,1.4057,1.41847,1.41847,399467
1977-01-20,1.41847,1.43076,1.38083,1.3933,1.3933,585119
1977-01-21,1.3933,1.4057,1.38083,1.3933,1.3933,389867
1977-01-24,1.3933,1.43076,1.3933,1.41847,1.41847,349537
1977-01-25,1.42462,1.44353,1.42462,1.44353,1.44353,617125
1977-01-26,1.44353,1.44959,1.43076,1.44353,1.44353,347291
1977-01-27,1.44353,1.44959,1.4374,1.44959,1.44959,273998
1977-01-28,1.44959,1.50596,1.44353,1.45563,1.45563,432120
1977-01-31,1.45563,1.46851,1.44353,1.46851,1.46851,225344
1977-02-01,1.46851,1.47475,1.45563,1.46851,1.46851,337051
1977-02-02,1.46851,1.48694,1.46851,1.4807,1.4807,288401
1977-02-03,1.4807,1.48694,1.47475,1.48694,1.48694,370656
1977-02-04,1.47475,1.47475,1.45563,1.46217,1.46217,390506
1977-02-07,1.46217,1.46217,1.45563,1.46217,1.46217,397866
1977-02-08,1.46217,1.46851,1.44353,1.45563,1.45563,339290
1977-02-09,1.45563,1.45563,1.41214,1.41847,1.41847,516303
1977-02-10,1.41847,1.41847,1.38083,1.4057,1.4057,344410
1977-02-11,1.39954,1.39954,1.36853,1.36853,1.36853,212854
1977-02-14,1.36853,1.36853,1.34317,1.35586,1.35586,330324
1977-02-15,1.35586,1.36853,1.35586,1.36853,1.36853,436277
1977-02-16,1.36853,1.3933,1.36853,1.38083,1.38083,308886
1977-02-17,1.38083,1.38083,1.38083,1.38083,1.38083,217984
1977-02-18,1.38083,1.38083,1.36853,1.38083,1.38083,307602
1977-02-22,1.38083,1.38083,1.36853,1.38083,1.38083,179568
1977-02-23,1.38083,1.38083,1.36853,1.38083,1.38083,237824
1977-02-24,1.38083,1.38083,1.35586,1.36853,1.36853,323605
1977-02-25,1.36853,1.38083,1.36853,1.38083,1.38083,215736
1977-02-28,1.38083,1.38083,1.36853,1.38083,1.38083,145957
1977-03-01,1.38083,1.39954,1.38083,1.3933,1.3933,349214
1977-03-02,1.3933,1.3933,1.38083,1.38083,1.38083,176043
1977-03-03,1.38083,1.41214,1.38083,1.4057,1.4057,281354
1977-03-04,1.4057,1.41847,1.4057,1.4057,1.4057,286792
1977-03-07,1.4057,1.41214,1.3933,1.4057,1.4057,209336
1977-03-08,1.4057,1.4057,1.38083,1.3933,1.3933,229185
1977-03-09,1.3933,1.4057,1.38083,1.4057,1.4057,189492
1977-03-10,1.4057,1.41847,1.3933,1.41214,1.41214,407788
1977-03-11,1.41214,1.41847,1.39954,1.4057,1.4057,158441
1977-03-14,1.4057,1.43076,1.39954,1.43076,1.43076,278158
1977-03-15,1.43076,1.44353,1.42462,1.4374,1.4374,355293
1977-03-16,1.4374,1.44353,1.43076,1.44353,1.44353,206776
1977-03-17,1.44353,1.44353,1.41847,1.43076,1.43076,251908
1977-03-18,1.43076,1.4374,1.41847,1.43076,1.43076,178932
1977-03-21,1.43076,1.4374,1.38083,1.3933,1.3933,534866
1977-03-22,1.3933,1.39954,1.36853,1.38083,1.38083,218614
1977-03-23,1.38083,1.38083,1.33127,1.33127,1.33127,365538
1977-03-24,1.33127,1.34317,1.32464,1.33703,1.33703,436596
1977-03-25,1.33703,1.35586,1.33127,1.34951,1.34951,196536
1977-03-28,1.34951,1.35586,1.33703,1.34951,1.34951,114266
1977-03-29,1.34951,1.36853,1.34951,1.35586,1.35586,203895
1977-03-30,1.35586,1.35586,1.34317,1.34317,1.34317,244224
1977-03-31,1.34317,1.35586,1.33703,1.34317,1.34317,151082
1977-04-01,1.34951,1.36853,1.34951,1.36853,1.36853,122274
1977-04-04,1.36853,1.36853,1.35586,1.35586,1.35586,100829
1977-04-05,1.35586,1.36853,1.34317,1.35586,1.35586,125476
1977-04-06,1.35586,1.35586,1.34317,1.35586,1.35586,110107
1977-04-07,1.35586,1.36853,1.35586,1.36853,1.36853,130270
1977-04-11,1.36853,1.36853,1.36853,1.36853,1.36853,241344
1977-04-12,1.36853,1.3933,1.36853,1.38083,1.38083,165167
1977-04-13,1.38083,1.4057,1.36853,1.38083,1.38083,199093
1977-04-14,1.38083,1.3933,1.36853,1.38083,1.38083,376423
1977-04-15,1.38083,1.38083,1.36853,1.38083,1.38083,169647
1977-04-18,1.38083,1.3933,1.36853,1.38083,1.38083,193656
1977-04-19,1.36853,1.36853,1.35586,1.36853,1.36853,117150
1977-04-20,1.36853,1.38083,1.36853,1.38083,1.38083,174123
1977-04-21,1.38083,1.38083,1.36853,1.36853,1.36853,159404
1977-04-22,1.36853,1.36853,1.35586,1.36853,1.36853,179568
1977-04-25,1.36853,1.36853,1.34317,1.34317,1.34317,333847
1977-04-26,1.34317,1.35586,1.34317,1.34951,1.34951,78739
1977-04-27,1.34951,1.38083,1.34317,1.36853,1.36853,217984
1977-04-28,1.36853,1.3933,1.36853,1.38083,1.38083,240703
1977-04-29,1.38083,1.3933,1.38083,1.3933,1.3933,197174
1977-05-02,1.39954,1.43076,1.39954,1.43076,1.43076,280715
1977-05-03,1.43076,1.45563,1.43076,1.44353,1.44353,191734
1977-05-04,1.44353,1.44959,1.43076,1.44353,1.44353,270473
1977-05-05,1.44353,1.44959,1.43076,1.44353,1.44353,243267
1977-05-06,1.41847,1.41847,1.39954,1.41847,1.41847,275594
1977-05-09,1.4057,1.4057,1.39954,1.4057,1.4057,125476
1977-05-10,1.4057,1.41847,1.4057,1.4057,1.4057,256069
1977-05-11,1.4057,1.41847,1.4057,1.4057,1.4057,263749
1977-05-12,1.4057,1.41847,1.3933,1.41214,1.41214,256069
1977-05-13,1.41214,1.45563,1.41214,1.44353,1.44353,360740
1977-05-16,1.45563,1.4807,1.45563,1.46851,1.46851,457403
1977-05-17,1.46851,1.46851,1.45563,1.46851,1.46851,231104
1977-05-18,1.46851,1.4807,1.46217,1.47475,1.47475,346653
1977-05-19,1.47475,1.47475,1.46217,1.46217,1.46217,155243
1977-05-20,1.46217,1.46851,1.45563,1.46217,1.46217,109469
1977-05-23,1.46217,1.46851,1.41214,1.43076,1.43076,153326
1977-05-24,1.43076,1.43076,1.41847,1.42462,1.42462,199734
1977-05-25,1.42462,1.43076,1.41214,1.41847,1.41847,177970
1977-05-26,1.41847,1.42462,1.4057,1.41847,1.41847,151721
1977-05-27,1.41847,1.43076,1.4057,1.42462,1.42462,124512
1977-05-31,1.42462,1.44353,1.42462,1.44353,1.44353,150445
1977-06-01,1.44353,1.44959,1.43076,1.44959,1.44959,171561
1977-06-02,1.44959,1.44959,1.43076,1.44353,1.44353,136360
1977-06-03,1.44353,1.46217,1.44353,1.44353,1.44353,449721
1977-06-06,1.44353,1.44353,1.43076,1.4374,1.4374,125157
1977-06-07,1.4374,1.4374,1.41214,1.43076,1.43076,410031
1977-06-08,1.43076,1.43076,1.41214,1.41847,1.41847,371620
1977-06-09,1.41847,1.41847,1.38083,1.4057,1.4057,237183
1977-06-10,1.4057,1.41847,1.4057,1.41214,1.41214,236861
1977-06-13,1.41847,1.44353,1.41847,1.43076,1.43076,216700
1977-06-14,1.4374,1.44353,1.4374,1.44353,1.44353,268554
1977-06-15,1.44353,1.44353,1.43076,1.44353,1.44353,106595
1977-06-16,1.44353,1.44959,1.43076,1.44353,1.44353,256710
1977-06-17,1.44353,1.45563,1.43076,1.44353,1.44353,193012
1977-06-20,1.4374,1.4374,1.43076,1.43076,1.43076,95705
1977-06-21,1.43076,1.45563,1.43076,1.4374,1.4374,564633
1977-06-22,1.4374,1.45563,1.43076,1.45563,1.45563,118116
1977-06-23,1.45563,1.45563,1.44959,1.45563,1.45563,237183
1977-06-24,1.45563,1.46217,1.44959,1.45563,1.45563,256710
1977-06-27,1.45563,1.46217,1.44353,1.46217,1.46217,113315
1977-06-28,1.45563,1.45563,1.44353,1.44353,1.44353,232063
1977-06-29,1.44353,1.45563,1.4374,1.44353,1.44353,282956
1977-06-30,1.44353,1.45563,1.4374,1.4374,1.4374,479168
1977-07-01,1.44353,1.44353,1.44353,1.44353,1.44353,164522
1977-07-05,1.44353,1.45563,1.44353,1.44353,1.44353,216056
1977-07-06,1.44353,1.44959,1.4374,1.4374,1.4374,125476
1977-07-07,1.4374,1.45563,1.4374,1.45563,1.45563,185010
1977-07-08,1.45563,1.46851,1.44353,1.44353,1.44353,228865
1977-07-11,1.44353,1.47475,1.44353,1.47475,1.47475,497089
1977-07-12,1.48694,1.51835,1.48694,1.51191,1.51191,662579
1977-07-13,1.51191,1.5246,1.51191,1.51191,1.51191,208055
1977-07-15,1.51191,1.5246,1.50596,1.5246,1.5246,374823
1977-07-18,1.5246,1.53717,1.5246,1.53073,1.53073,222777
1977-07-19,1.53073,1.54976,1.53073,1.54976,1.54976,265037
1977-07-20,1.54976,1.56215,1.5246,1.53717,1.53717,180211
1977-07-21,1.53717,1.54976,1.53073,1.53717,1.53717,180211
1977-07-22,1.54342,1.56215,1.54342,1.56215,1.56215,220541
1977-07-25,1.56215,1.56215,1.5246,1.53073,1.53073,196213
1977-07-26,1.51835,1.51835,1.48694,1.48694,1.48694,243905
1977-07-27,1.4807,1.4807,1.46217,1.46851,1.46851,315926
1977-07-28,1.46851,1.48694,1.45563,1.4807,1.4807,438519
1977-07-29,1.4807,1.48694,1.46851,1.48694,1.48694,151401
1977-08-01,1.48694,1.5246,1.48694,1.49953,1.49953,117472
1977-08-02,1.49953,1.51191,1.48694,1.51191,1.51191,88030
1977-08-03,1.49953,1.49953,1.48694,1.49953,1.49953,149804
1977-08-04,1.49953,1.51191,1.48694,1.51191,1.51191,177331
1977-08-05,1.49953,1.49953,1.48694,1.49953,1.49953,229820
1977-08-08,1.49953,1.49953,1.48694,1.49319,1.49319,209656
1977-08-09,1.48694,1.48694,1.46851,1.4807,1.4807,127072
1977-08-10,1.4807,1.49319,1.47475,1.49319,1.49319,119392
1977-08-11,1.49319,1.49319,1.47475,1.48694,1.48694,202937
1977-08-12,1.46851,1.46851,1.4057,1.45563,1.45563,237183
1977-08-15,1.45563,1.45563,1.4374,1.44353,1.44353,219256
1977-08-16,1.44353,1.44959,1.43076,1.43076,1.43076,255433
1977-08-17,1.43076,1.43076,1.41847,1.42462,1.42462,264711
1977-08-18,1.42462,1.42462,1.39954,1.39954,1.39954,394989
1977-08-19,1.39954,1.4057,1.33127,1.34317,1.34317,1634361
1977-08-22,1.34317,1.34951,1.33127,1.34951,1.34951,338010
1977-08-23,1.34951,1.34951,1.33703,1.34317,1.34317,450042
1977-08-24,1.34317,1.34317,1.33127,1.33703,1.33703,244224
1977-08-25,1.33127,1.33127,1.31225,1.32464,1.32464,455487
1977-08-26,1.31225,1.31225,1.28708,1.31225,1.31225,335128
1977-08-29,1.31225,1.33127,1.31225,1.32464,1.32464,276555
1977-08-30,1.32464,1.34317,1.32464,1.34317,1.34317,195569
1977-08-31,1.34317,1.38083,1.33127,1.38083,1.38083,230142
1977-09-01,1.38083,1.39954,1.36853,1.3933,1.3933,211897
1977-09-02,1.3933,1.4374,1.38083,1.4374,1.4374,166451
1977-09-06,1.43076,1.43076,1.4057,1.42462,1.42462,458362
1977-09-07,1.43076,1.44353,1.43076,1.44353,1.44353,477887
1977-09-08,1.44353,1.44353,1.41214,1.41214,1.41214,650413
1977-09-09,1.4057,1.4057,1.3933,1.39954,1.39954,288082
1977-09-12,1.39954,1.4057,1.3933,1.4057,1.4057,187573
1977-09-13,1.4057,1.41214,1.39954,1.4057,1.4057,204211
1977-09-14,1.4057,1.41847,1.3933,1.41847,1.41847,194933
1977-09-15,1.41847,1.4374,1.41214,1.41847,1.41847,225344
1977-09-16,1.41847,1.4374,1.4057,1.41214,1.41214,108505
1977-09-19,1.4057,1.4057,1.3933,1.3933,1.3933,120355
1977-09-20,1.3933,1.3933,1.38083,1.38083,1.38083,259593
1977-09-21,1.3933,1.4057,1.3933,1.3933,1.3933,293200
1977-09-22,1.3933,1.3933,1.36853,1.3933,1.3933,206776
1977-09-23,1.3933,1.4057,1.3933,1.3933,1.3933,175409
1977-09-26,1.3933,1.4057,1.38083,1.4057,1.4057,165802
1977-09-27,1.4057,1.41214,1.39954,1.4057,1.4057,158119
1977-09-28,1.4057,1.41847,1.39954,1.41214,1.41214,173488
1977-09-29,1.41214,1.42462,1.4057,1.41847,1.41847,168047
1977-09-30,1.42462,1.44353,1.42462,1.4374,1.4374,148844
1977-10-03,1.4374,1.44353,1.42462,1.43076,1.43076,220221
1977-10-04,1.43076,1.43076,1.41847,1.43076,1.43076,171245
1977-10-05,1.43076,1.43076,1.3933,1.4057,1.4057,159404
1977-10-06,1.4057,1.41847,1.39954,1.41847,1.41847,242946
1977-10-07,1.41847,1.42462,1.4057,1.41847,1.41847,174123
1977-10-10,1.41847,1.43076,1.41847,1.43076,1.43076,96668
1977-10-11,1.43076,1.43076,1.41847,1.41847,1.41847,267594
1977-10-12,1.41214,1.41214,1.36853,1.38083,1.38083,654576
1977-10-13,1.38083,1.38083,1.35586,1.36853,1.36853,304083
1977-10-14,1.36853,1.38083,1.35586,1.36853,1.36853,286792
1977-10-17,1.36853,1.3933,1.35586,1.36853,1.36853,114593
1977-10-18,1.36853,1.38083,1.36853,1.36853,1.36853,146918
1977-10-19,1.36853,1.36853,1.34317,1.34317,1.34317,374823
1977-10-20,1.34317,1.34951,1.33127,1.34951,1.34951,136993
1977-10-21,1.34951,1.35586,1.34317,1.34951,1.34951,109792
1977-10-24,1.34951,1.34951,1.33127,1.33127,1.33127,92824
1977-10-25,1.33127,1.34317,1.32464,1.33703,1.33703,153000
1977-10-26,1.33703,1.35586,1.31225,1.34951,1.34951,242946
1977-10-27,1.34951,1.34951,1.33127,1.33703,1.33703,90909
1977-10-28,1.33703,1.34317,1.32464,1.34317,1.34317,93149
1977-10-31,1.34317,1.34317,1.32464,1.33127,1.33127,638900
1977-11-01,1.33127,1.33127,1.32464,1.32464,1.32464,414512
1977-11-02,1.32464,1.33127,1.31225,1.33127,1.33127,100829
1977-11-03,1.32464,1.32464,1.28708,1.31225,1.31225,250945
1977-11-04,1.31225,1.31225,1.29948,1.31225,1.31225,252232
1977-11-07,1.31225,1.34317,1.31225,1.34317,1.34317,171889
1977-11-08,1.34317,1.34317,1.32464,1.33703,1.33703,140837
1977-11-09,1.33703,1.34951,1.33127,1.34317,1.34317,218614
1977-11-10,1.34317,1.35586,1.34317,1.35586,1.35586,138919
1977-11-11,1.36853,1.38083,1.36853,1.38083,1.38083,362016
1977-11-14,1.38083,1.38083,1.36853,1.38083,1.38083,139238
1977-11-15,1.38083,1.38083,1.36853,1.38083,1.38083,167081
1977-11-16,1.38083,1.3933,1.36853,1.38083,1.38083,247425
1977-11-17,1.38083,1.39954,1.38083,1.38083,1.38083,188528
1977-11-18,1.38083,1.38083,1.34951,1.34951,1.34951,379621
1977-11-21,1.34951,1.36853,1.34951,1.36853,1.36853,165802
1977-11-22,1.36853,1.38083,1.34951,1.36853,1.36853,366175
1977-11-23,1.36853,1.38083,1.35586,1.35586,1.35586,588315
1977-11-25,1.35586,1.36853,1.35586,1.36853,1.36853,118749
1977-11-28,1.36853,1.36853,1.36853,1.36853,1.36853,95389
1977-11-29,1.36853,1.36853,1.34951,1.35586,1.35586,412585
1977-11-30,1.35586,1.38083,1.34317,1.38083,1.38083,269512
1977-12-01,1.38083,1.38083,1.35586,1.36853,1.36853,130918
1977-12-02,1.36853,1.38083,1.35586,1.36853,1.36853,123552
1977-12-05,1.36853,1.38083,1.36853,1.36853,1.36853,89306
1977-12-06,1.36853,1.36853,1.34317,1.34317,1.34317,297035
1977-12-07,1.34317,1.36853,1.34317,1.36853,1.36853,211573
1977-12-08,1.36853,1.38083,1.35586,1.35586,1.35586,177006
1977-12-09,1.36853,1.38083,1.36853,1.38083,1.38083,199734
1977-12-12,1.38083,1.38083,1.36853,1.38083,1.38083,105306
1977-12-13,1.38083,1.38083,1.36853,1.36853,1.36853,154598
1977-12-14,1.36853,1.36853,1.33127,1.36853,1.36853,272715
1977-12-15,1.36853,1.36853,1.35586,1.36853,1.36853,274954
1977-12-16,1.36853,1.36853,1.35586,1.35586,1.35586,70415
1977-12-19,1.35586,1.36853,1.34951,1.34951,1.34951,224701
1977-12-20,1.34317,1.34317,1.33703,1.33703,1.33703,233666
1977-12-21,1.33703,1.34951,1.33703,1.33703,1.33703,291278
1977-12-22,1.33703,1.34317,1.32464,1.33703,1.33703,276555
1977-12-23,1.34317,1.36853,1.34317,1.36853,1.36853,307920
1977-12-27,1.36853,1.36853,1.34317,1.35586,1.35586,86426
1977-12-28,1.35586,1.35586,1.33127,1.34317,1.34317,149160
1977-12-29,1.34317,1.34317,1.32464,1.33127,1.33127,258629
1977-12-30,1.33127,1.33703,1.31225,1.33703,1.33703,395942
1978-01-03,1.33703,1.33703,1.31225,1.31225,1.31225,154277
1978-01-04,1.28708,1.29948,1.28708,1.29948,1.29948,220861
1978-01-05,1.29948,1.31225,1.26837,1.28094,1.28094,271757
1978-01-06,1.28094,1.28708,1.26222,1.27451,1.27451,198774
1978-01-09,1.26837,1.26837,1.24964,1.26222,1.26222,242946
1978-01-10,1.26222,1.26222,1.2432,1.2432,1.2432,253510
1978-01-11,1.2432,1.2432,1.20614,1.21842,1.21842,249988
1978-01-12,1.21842,1.23725,1.21218,1.22477,1.22477,320727
1978-01-13,1.22477,1.24964,1.21218,1.21842,1.21842,475331
1978-01-16,1.21842,1.21842,1.18107,1.19356,1.19356,1130543
1978-01-17,1.19356,1.20614,1.18692,1.20614,1.20614,637930
1978-01-18,1.20614,1.21842,1.19979,1.21842,1.21842,299599
1978-01-19,1.21842,1.22477,1.20614,1.21218,1.21218,426032
1978-01-20,1.21218,1.21842,1.20614,1.21218,1.21218,111391
1978-01-23,1.21218,1.21218,1.19979,1.19979,1.19979,113315
1978-01-24,1.19979,1.21218,1.19979,1.21218,1.21218,143081
1978-01-25,1.21218,1.22477,1.20614,1.21842,1.21842,101791
1978-01-26,1.21842,1.23111,1.21842,1.23111,1.23111,182451
1978-01-27,1.23111,1.23725,1.20614,1.22477,1.22477,175085
1978-01-30,1.22477,1.25607,1.22477,1.25607,1.25607,167725
1978-01-31,1.25607,1.27451,1.24964,1.26222,1.26222,164204
1978-02-01,1.26222,1.27451,1.24964,1.27451,1.27451,343452
1978-02-02,1.28708,1.33127,1.28708,1.33127,1.33127,402669
1978-02-03,1.31225,1.31225,1.29948,1.29948,1.29948,372262
1978-02-06,1.29948,1.31225,1.29948,1.31225,1.31225,102744
1978-02-07,1.31225,1.33127,1.31225,1.33127,1.33127,155243
1978-02-08,1.33127,1.33127,1.31225,1.31225,1.31225,338332
1978-02-09,1.31225,1.31225,1.31225,1.31225,1.31225,221183
1978-02-10,1.31225,1.31225,1.29948,1.29948,1.29948,184693
1978-02-13,1.29948,1.31225,1.29948,1.31225,1.31225,135715
1978-02-14,1.31225,1.31225,1.29948,1.31225,1.31225,130595
1978-02-15,1.31225,1.31225,1.29948,1.29948,1.29948,273355
1978-02-16,1.28708,1.28708,1.26222,1.28708,1.28708,200697
1978-02-17,1.28708,1.29948,1.27451,1.28094,1.28094,174446
1978-02-21,1.28094,1.29948,1.27451,1.29948,1.29948,276875
1978-02-22,1.29948,1.29948,1.29948,1.29948,1.29948,244224
1978-02-23,1.29948,1.31225,1.28708,1.29948,1.29948,141797
1978-02-24,1.29948,1.32464,1.29948,1.32464,1.32464,226623
1978-02-27,1.32464,1.33127,1.31225,1.31225,1.31225,149160
1978-02-28,1.31225,1.31225,1.28708,1.29948,1.29948,122589
1978-03-01,1.29948,1.29948,1.28094,1.29948,1.29948,132197
1978-03-02,1.29948,1.31225,1.29948,1.29948,1.29948,316567
1978-03-03,1.29948,1.31225,1.29948,1.31225,1.31225,360740
1978-03-06,1.31225,1.31225,1.29948,1.29948,1.29948,116514
1978-03-07,1.29948,1.29948,1.28708,1.29948,1.29948,186290
1978-03-08,1.29948,1.29948,1.28708,1.29948,1.29948,248067
1978-03-09,1.29948,1.29948,1.28094,1.28708,1.28708,168678
1978-03-10,1.28708,1.32464,1.28708,1.31225,1.31225,259269
1978-03-13,1.32464,1.33703,1.32464,1.32464,1.32464,141157
1978-03-14,1.32464,1.34951,1.32464,1.34317,1.34317,203573
1978-03-15,1.33703,1.33703,1.31225,1.32464,1.32464,117792
1978-03-16,1.32464,1.33703,1.31225,1.33703,1.33703,92186
1978-03-17,1.33703,1.35586,1.33127,1.34317,1.34317,211257
1978-03-20,1.34951,1.38083,1.34951,1.36853,1.36853,225983
1978-03-21,1.36853,1.36853,1.34317,1.34317,1.34317,161005
1978-03-22,1.34317,1.35586,1.34317,1.34951,1.34951,144680
1978-03-23,1.34951,1.34951,1.33703,1.34317,1.34317,272715
1978-03-27,1.33703,1.33703,1.32464,1.33127,1.33127,102744
1978-03-28,1.33127,1.34317,1.32464,1.34317,1.34317,145002
1978-03-29,1.34317,1.35586,1.34317,1.34317,1.34317,159723
1978-03-30,1.34317,1.34317,1.33127,1.33703,1.33703,195889
1978-03-31,1.33127,1.33127,1.32464,1.33127,1.33127,176691
1978-04-03,1.31225,1.31225,1.29948,1.31225,1.31225,287116
1978-04-04,1.31225,1.33703,1.31225,1.33127,1.33127,165167
1978-04-05,1.33127,1.34317,1.32464,1.34317,1.34317,142121
1978-04-06,1.34317,1.35586,1.33127,1.34951,1.34951,232705
1978-04-07,1.34951,1.35586,1.33703,1.34951,1.34951,140837
1978-04-10,1.34951,1.34951,1.33703,1.34317,1.34317,104349
1978-04-11,1.34317,1.34317,1.33127,1.34317,1.34317,183728
1978-04-12,1.34317,1.34317,1.33703,1.34317,1.34317,76179
1978-04-13,1.34317,1.34951,1.34317,1.34951,1.34951,152358
1978-04-14,1.35586,1.38083,1.35586,1.38083,1.38083,426355
1978-04-17,1.38083,1.41214,1.38083,1.3933,1.3933,382500
1978-04-18,1.3933,1.4057,1.38083,1.3933,1.3933,436913
1978-04-19,1.3933,1.4057,1.38083,1.3933,1.3933,197815
1978-04-20,1.39954,1.41847,1.39954,1.4057,1.4057,227581
1978-04-21,1.4057,1.4057,1.3933,1.3933,1.3933,216700
1978-04-24,1.3933,1.41214,1.38083,1.41214,1.41214,439476
1978-04-25,1.44353,1.46851,1.44353,1.45563,1.45563,540947
1978-04-26,1.45563,1.46851,1.44353,1.44959,1.44959,307283
1978-04-27,1.44959,1.45563,1.43076,1.44353,1.44353,318167
1978-04-28,1.44353,1.49319,1.4374,1.49319,1.49319,414191
1978-05-01,1.49319,1.51835,1.4807,1.51191,1.51191,295436
1978-05-02,1.51191,1.51191,1.49319,1.49953,1.49953,369703
1978-05-03,1.49953,1.51191,1.49953,1.50596,1.50596,523980
1978-05-04,1.50596,1.5246,1.49319,1.5246,1.5246,580632
1978-05-05,1.5246,1.5246,1.49953,1.49953,1.49953,560472
1978-05-08,1.49953,1.51191,1.49953,1.49953,1.49953,269512
1978-05-09,1.49953,1.50596,1.49319,1.50596,1.50596,258948
1978-05-10,1.50596,1.51191,1.49319,1.49953,1.49953,188211
1978-05-11,1.49953,1.51191,1.4807,1.49953,1.49953,237183
1978-05-12,1.49953,1.50596,1.48694,1.49953,1.49953,221183
1978-05-15,1.49953,1.50596,1.49319,1.50596,1.50596,214776
1978-05-16,1.50596,1.51191,1.49953,1.49953,1.49953,351452
1978-05-17,1.49953,1.51191,1.48694,1.49953,1.49953,341531
1978-05-18,1.49953,1.51191,1.48694,1.48694,1.48694,302160
1978-05-19,1.48694,1.51191,1.4807,1.49319,1.49319,218296
1978-05-22,1.49319,1.51191,1.48694,1.50596,1.50596,178932
1978-05-23,1.50596,1.51191,1.49319,1.49953,1.49953,200054
1978-05-24,1.49319,1.49319,1.46851,1.4807,1.4807,347612
1978-05-25,1.4807,1.48694,1.44959,1.46217,1.46217,298322
1978-05-26,1.44959,1.44959,1.43076,1.43076,1.43076,151401
1978-05-30,1.43076,1.43076,1.4057,1.43076,1.43076,149160
1978-05-31,1.43076,1.44959,1.43076,1.44353,1.44353,214776
1978-06-01,1.44353,1.46217,1.43076,1.45563,1.45563,224701
1978-06-02,1.45563,1.46851,1.45563,1.46851,1.46851,163885
1978-06-05,1.46851,1.49953,1.46851,1.48694,1.48694,233983
1978-06-06,1.49953,1.5246,1.49953,1.50596,1.50596,468284
1978-06-07,1.49953,1.49953,1.48694,1.49953,1.49953,376423
1978-06-08,1.49953,1.51191,1.48694,1.49319,1.49319,359459
1978-06-09,1.49319,1.49953,1.4807,1.48694,1.48694,176365
1978-06-12,1.48694,1.49953,1.4807,1.48694,1.48694,147558
1978-06-13,1.48694,1.49319,1.46851,1.48694,1.48694,177331
1978-06-14,1.48694,1.49953,1.46851,1.4807,1.4807,156523
1978-06-15,1.4807,1.48694,1.46851,1.4807,1.4807,189492
1978-06-16,1.4807,1.48694,1.46851,1.4807,1.4807,263109
1978-06-19,1.4807,1.48694,1.46851,1.46851,1.46851,439476
1978-06-20,1.46851,1.47475,1.45563,1.45563,1.45563,169647
1978-06-21,1.4374,1.4374,1.42462,1.43076,1.43076,169324
1978-06-22,1.43076,1.43076,1.4057,1.41214,1.41214,260232
1978-06-23,1.4057,1.4057,1.38083,1.38083,1.38083,201653
1978-06-26,1.38083,1.3933,1.36853,1.36853,1.36853,405871
1978-06-27,1.36853,1.38083,1.35586,1.36853,1.36853,604004
1978-06-28,1.36853,1.36853,1.35586,1.36853,1.36853,180526
1978-06-29,1.36853,1.38083,1.35586,1.35586,1.35586,153000
1978-06-30,1.36853,1.36853,1.36853,1.36853,1.36853,94106
1978-07-03,1.35586,1.35586,1.33703,1.34317,1.34317,321368
1978-07-05,1.34317,1.34317,1.33127,1.33703,1.33703,233339
1978-07-06,1.33703,1.33703,1.32464,1.33127,1.33127,278158
1978-07-07,1.33127,1.33127,1.31225,1.32464,1.32464,274310
1978-07-10,1.32464,1.34317,1.32464,1.33703,1.33703,358177
1978-07-11,1.34951,1.36853,1.34951,1.36853,1.36853,361380
1978-07-12,1.36853,1.38083,1.35586,1.36853,1.36853,503817
1978-07-13,1.36853,1.38083,1.36853,1.38083,1.38083,275912
1978-07-14,1.38083,1.38083,1.36853,1.38083,1.38083,261505
1978-07-17,1.38083,1.3933,1.36853,1.36853,1.36853,235263
1978-07-18,1.36853,1.36853,1.35586,1.35586,1.35586,79384
1978-07-19,1.35586,1.38083,1.35586,1.38083,1.38083,318485
1978-07-20,1.38083,1.4057,1.38083,1.38083,1.38083,290635
1978-07-21,1.3933,1.42462,1.3933,1.41214,1.41214,410031
1978-07-24,1.41214,1.42462,1.4057,1.41847,1.41847,192690
1978-07-25,1.41847,1.4374,1.41847,1.43076,1.43076,149804
1978-07-26,1.43076,1.44353,1.42462,1.43076,1.43076,273673
1978-07-27,1.43076,1.44353,1.43076,1.4374,1.4374,132197
1978-07-28,1.4374,1.45563,1.43076,1.44353,1.44353,222463
1978-07-31,1.44353,1.45563,1.43076,1.44353,1.44353,360740
1978-08-01,1.44353,1.45563,1.44353,1.44959,1.44959,244224
1978-08-02,1.44959,1.44959,1.44353,1.44353,1.44353,698109
1978-08-03,1.44353,1.46217,1.4374,1.4374,1.4374,644329
1978-08-04,1.42462,1.42462,1.4057,1.42462,1.42462,229185
1978-08-07,1.42462,1.44353,1.42462,1.4374,1.4374,275272
1978-08-08,1.4374,1.44959,1.4374,1.44353,1.44353,219897
1978-08-09,1.45563,1.46851,1.45563,1.45563,1.45563,378341
1978-08-10,1.45563,1.46851,1.44959,1.45563,1.45563,302803
1978-08-11,1.45563,1.48694,1.44959,1.46851,1.46851,285522
1978-08-14,1.46851,1.48694,1.46851,1.46851,1.46851,243267
1978-08-15,1.46851,1.46851,1.45563,1.46851,1.46851,121315
1978-08-16,1.46851,1.48694,1.46217,1.47475,1.47475,448443
1978-08-17,1.48694,1.54976,1.48694,1.51191,1.51191,828063
1978-08-18,1.51191,1.53073,1.51191,1.51835,1.51835,587362
1978-08-21,1.51835,1.5246,1.49953,1.49953,1.49953,206135
1978-08-22,1.49953,1.49953,1.4807,1.49953,1.49953,433394
1978-08-23,1.49953,1.51191,1.48694,1.49953,1.49953,163560
1978-08-24,1.49953,1.51835,1.49953,1.51191,1.51191,242628
1978-08-25,1.51191,1.51191,1.49953,1.49953,1.49953,229185
1978-08-28,1.49953,1.51191,1.4807,1.49319,1.49319,266314
1978-08-29,1.49953,1.50596,1.49953,1.49953,1.49953,269831
1978-08-30,1.50596,1.53073,1.50596,1.5246,1.5246,252232
1978-08-31,1.5246,1.5246,1.51191,1.51191,1.51191,192369
1978-09-01,1.51191,1.54976,1.51191,1.54342,1.54342,441082
1978-09-05,1.57463,1.5997,1.57463,1.59316,1.59316,501574
1978-09-06,1.5997,1.65598,1.5997,1.63696,1.63696,824544
1978-09-07,1.63696,1.64319,1.62456,1.62456,1.62456,531665
1978-09-08,1.62456,1.65598,1.62456,1.65598,1.65598,657778
1978-09-11,1.65598,1.66798,1.64319,1.64319,1.64319,437244
1978-09-12,1.64319,1.64319,1.61812,1.63696,1.63696,292562
1978-09-13,1.63696,1.63696,1.61189,1.61189,1.61189,376423
1978-09-14,1.61189,1.61189,1.57463,1.57463,1.57463,253510
1978-09-15,1.56215,1.56215,1.54342,1.56215,1.56215,336413
1978-09-18,1.56215,1.57463,1.54976,1.56215,1.56215,308886
1978-09-19,1.56215,1.57463,1.54976,1.54976,1.54976,197174
1978-09-20,1.56215,1.57463,1.56215,1.57463,1.57463,173172
1978-09-21,1.57463,1.58711,1.56215,1.57463,1.57463,409388
1978-09-22,1.57463,1.58711,1.56215,1.57463,1.57463,270473
1978-09-25,1.57463,1.58711,1.56215,1.57463,1.57463,128674
1978-09-26,1.58711,1.5997,1.58711,1.5997,1.5997,387625
1978-09-27,1.5997,1.61189,1.56215,1.59316,1.59316,204532
1978-09-28,1.59316,1.5997,1.58711,1.58711,1.58711,236543
1978-09-29,1.58711,1.61189,1.58711,1.61189,1.61189,265037
1978-10-02,1.61189,1.62456,1.61189,1.61812,1.61812,316885
1978-10-03,1.61812,1.62456,1.61189,1.61812,1.61812,346008
1978-10-04,1.61812,1.63696,1.61189,1.63696,1.63696,330651
1978-10-05,1.65598,1.67451,1.65598,1.65598,1.65598,216056
1978-10-06,1.66798,1.67451,1.65598,1.65598,1.65598,216056
1978-10-09,1.65598,1.66798,1.65598,1.66798,1.66798,135078
1978-10-10,1.66798,1.67451,1.66183,1.67451,1.67451,419951
1978-10-11,1.67451,1.68085,1.66798,1.68085,1.68085,151401
1978-10-12,1.68085,1.68085,1.66183,1.66183,1.66183,506381
1978-10-13,1.66798,1.67451,1.66798,1.66798,1.66798,299599
1978-10-16,1.66798,1.66798,1.62456,1.62456,1.62456,330651
1978-10-17,1.62456,1.62456,1.59316,1.5997,1.5997,608803
1978-10-18,1.5997,1.60585,1.56215,1.57463,1.57463,248707
1978-10-19,1.56215,1.56215,1.51191,1.5246,1.5246,284559
1978-10-20,1.5246,1.53717,1.51835,1.5246,1.5246,389545
1978-10-23,1.5246,1.56215,1.5246,1.54976,1.54976,382824
1978-10-24,1.54976,1.57463,1.54976,1.56215,1.56215,236226
1978-10-25,1.56215,1.56215,1.53073,1.54342,1.54342,207735
1978-10-26,1.54342,1.57463,1.53717,1.53717,1.53717,231104
1978-10-27,1.53717,1.54342,1.49953,1.49953,1.49953,348255
1978-10-30,1.49953,1.49953,1.46851,1.49953,1.49953,254150
1978-10-31,1.49953,1.5246,1.49319,1.49953,1.49953,398185
1978-11-01,1.49953,1.53073,1.49953,1.5246,1.5246,363938
1978-11-02,1.5246,1.53717,1.49953,1.5246,1.5246,304083
1978-11-03,1.5246,1.60585,1.5246,1.5997,1.5997,507336
1978-11-06,1.5997,1.5997,1.56215,1.58711,1.58711,278795
1978-11-07,1.56215,1.56215,1.53717,1.54976,1.54976,205494
1978-11-08,1.54976,1.54976,1.5246,1.54976,1.54976,215094
1978-11-09,1.54976,1.59316,1.54342,1.57463,1.57463,314965
1978-11-10,1.57463,1.58711,1.56215,1.57463,1.57463,119069
1978-11-13,1.57463,1.57463,1.53717,1.53717,1.53717,194933
1978-11-14,1.53073,1.53073,1.49953,1.51191,1.51191,294480
1978-11-15,1.51191,1.53073,1.49953,1.49953,1.49953,179883
1978-11-16,1.49953,1.5246,1.49953,1.5246,1.5246,188528
1978-11-17,1.53717,1.56215,1.53717,1.54342,1.54342,369379
1978-11-20,1.56215,1.58711,1.56215,1.57463,1.57463,390822
1978-11-21,1.57463,1.61189,1.57463,1.59316,1.59316,168370
1978-11-22,1.59316,1.60585,1.58711,1.5997,1.5997,150120
1978-11-24,1.5997,1.61189,1.58711,1.5997,1.5997,178610
1978-11-27,1.5997,1.61189,1.5997,1.61189,1.61189,225983
1978-11-28,1.61189,1.61189,1.60585,1.60585,1.60585,149160
1978-11-29,1.5997,1.5997,1.56215,1.56215,1.56215,155243
1978-11-30,1.56215,1.57463,1.56215,1.56215,1.56215,158765
1978-12-01,1.58711,1.60585,1.58711,1.5997,1.5997,249664
1978-12-04,1.5997,1.60585,1.58711,1.5997,1.5997,245823
1978-12-05,1.5997,1.62456,1.58711,1.60585,1.60585,353373
1978-12-06,1.61812,1.63696,1.61812,1.63062,1.63062,273673
1978-12-07,1.63062,1.63696,1.61812,1.62456,1.62456,386662
1978-12-08,1.62456,1.63696,1.62456,1.63062,1.63062,256389
1978-12-11,1.63062,1.66183,1.62456,1.64319,1.64319,235263
1978-12-12,1.64319,1.65598,1.64319,1.64319,1.64319,269512
1978-12-13,1.64319,1.65598,1.63696,1.64319,1.64319,425394
1978-12-14,1.64319,1.66798,1.64319,1.66798,1.66798,476608
1978-12-15,1.66798,1.68085,1.64319,1.64319,1.64319,523660
1978-12-18,1.63062,1.63062,1.59316,1.5997,1.5997,276232
1978-12-19,1.5997,1.62456,1.5997,1.5997,1.5997,197174
1978-12-20,1.5997,1.61189,1.59316,1.5997,1.5997,178610
1978-12-21,1.5997,1.63062,1.5997,1.5997,1.5997,220221
1978-12-22,1.61189,1.63062,1.61189,1.62456,1.62456,178284
1978-12-26,1.62456,1.63696,1.62456,1.63696,1.63696,105947
1978-12-27,1.63062,1.63062,1.62456,1.62456,1.62456,127072
1978-12-28,1.62456,1.62456,1.61189,1.61189,1.61189,124190
1978-12-29,1.61189,1.62456,1.61189,1.61189,1.61189,83224
1979-01-02,1.61189,1.62456,1.60585,1.61189,1.61189,130270
1979-01-03,1.61189,1.62456,1.61189,1.61189,1.61189,199412
1979-01-04,1.61189,1.62456,1.60585,1.61189,1.61189,275912
1979-01-05,1.61189,1.61812,1.60585,1.60585,1.60585,286472
1979-01-08,1.5997,1.61189,1.5997,1.61189,1.61189,234303
1979-01-09,1.61189,1.61812,1.59316,1.59316,1.59316,662579
1979-01-10,1.58711,1.58711,1.56215,1.58711,1.58711,334176
1979-01-11,1.57463,1.57463,1.56215,1.57463,1.57463,119069
1979-01-12,1.57463,1.5997,1.56215,1.57463,1.57463,281677
1979-01-15,1.57463,1.5997,1.57463,1.59316,1.59316,199734
1979-01-16,1.59316,1.59316,1.57463,1.57463,1.57463,230464
1979-01-17,1.57463,1.5997,1.56215,1.58711,1.58711,345697
1979-01-18,1.58711,1.58711,1.57463,1.57463,1.57463,205494
1979-01-19,1.57463,1.59316,1.57463,1.58711,1.58711,208374
1979-01-22,1.57463,1.57463,1.56215,1.57463,1.57463,223099
1979-01-23,1.57463,1.58711,1.57463,1.58711,1.58711,174123
1979-01-24,1.58711,1.58711,1.57463,1.57463,1.57463,452922
1979-01-25,1.58711,1.5997,1.58711,1.59316,1.59316,199093
1979-01-26,1.59316,1.62456,1.59316,1.61812,1.61812,459964
1979-01-29,1.61812,1.62456,1.61189,1.62456,1.62456,305362
1979-01-30,1.62456,1.64319,1.62456,1.63696,1.63696,250628
1979-01-31,1.63696,1.63696,1.61812,1.62456,1.62456,330970
1979-02-01,1.62456,1.63696,1.62456,1.63696,1.63696,269195
1979-02-02,1.61189,1.61189,1.5997,1.5997,1.5997,200373
1979-02-05,1.59316,1.59316,1.57463,1.58711,1.58711,114266
1979-02-06,1.57463,1.57463,1.56215,1.56215,1.56215,249664
1979-02-07,1.56215,1.57463,1.53717,1.54342,1.54342,140837
1979-02-08,1.54342,1.56215,1.53717,1.53717,1.53717,336413
1979-02-09,1.53717,1.54976,1.53717,1.54976,1.54976,176043
1979-02-12,1.54976,1.56215,1.54342,1.56215,1.56215,165802
1979-02-13,1.56215,1.5997,1.56215,1.57463,1.57463,221824
1979-02-14,1.57463,1.59316,1.57463,1.57463,1.57463,271115
1979-02-15,1.57463,1.57463,1.56215,1.57463,1.57463,108186
1979-02-16,1.57463,1.57463,1.54976,1.57463,1.57463,165802
1979-02-20,1.57463,1.58711,1.57463,1.58711,1.58711,223420
1979-02-21,1.58711,1.5997,1.58711,1.5997,1.5997,217984
1979-02-22,1.58711,1.58711,1.56215,1.56215,1.56215,644973
1979-02-23,1.56215,1.56215,1.54342,1.56215,1.56215,225344
1979-02-26,1.54976,1.54976,1.54976,1.54976,1.54976,154598
1979-02-27,1.54976,1.54976,1.5246,1.53073,1.53073,641133
1979-02-28,1.53073,1.53717,1.5246,1.53717,1.53717,248386
1979-03-01,1.53717,1.56215,1.53073,1.54976,1.54976,248386
1979-03-02,1.54976,1.56215,1.53073,1.53717,1.53717,164522
1979-03-05,1.53717,1.56215,1.53717,1.56215,1.56215,201330
1979-03-06,1.56215,1.56215,1.5246,1.53073,1.53073,217022
1979-03-07,1.53717,1.57463,1.53717,1.56215,1.56215,304402
1979-03-08,1.56215,1.5997,1.56215,1.5997,1.5997,269831
1979-03-09,1.60585,1.63696,1.60585,1.61189,1.61189,278795
1979-03-12,1.61189,1.62456,1.5997,1.62456,1.62456,128674
1979-03-13,1.62456,1.63062,1.5997,1.63062,1.63062,300882
1979-03-14,1.63062,1.64319,1.61189,1.61189,1.61189,217022
1979-03-15,1.61812,1.64319,1.61812,1.61812,1.61812,398509
1979-03-16,1.62456,1.68085,1.62456,1.68085,1.68085,575836
1979-03-19,1.69332,1.71206,1.69332,1.69937,1.69937,548308
1979-03-20,1.69332,1.69332,1.66798,1.66798,1.66798,446197
1979-03-21,1.66798,1.66798,1.64319,1.66798,1.66798,604645
1979-03-22,1.66798,1.66798,1.64319,1.64319,1.64319,391788
1979-03-23,1.64319,1.65598,1.63696,1.63696,1.63696,242628
1979-03-26,1.63696,1.63696,1.61812,1.62456,1.62456,237824
1979-03-27,1.62456,1.63696,1.61189,1.63696,1.63696,280715
1979-03-28,1.63696,1.65598,1.63062,1.63696,1.63696,333847
1979-03-29,1.63696,1.65598,1.61812,1.65598,1.65598,177970
1979-03-30,1.65598,1.66183,1.63696,1.63696,1.63696,283598
1979-04-02,1.63696,1.65598,1.62456,1.65598,1.65598,108186
1979-04-03,1.65598,1.66798,1.64319,1.66798,1.66798,290962
1979-04-04,1.66798,1.68085,1.66798,1.66798,1.66798,365538
1979-04-05,1.66798,1.7184,1.66183,1.7184,1.7184,695547
1979-04-06,1.7184,1.73078,1.71206,1.7184,1.7184,537745
1979-04-09,1.7184,1.7184,1.70572,1.70572,1.70572,281033
1979-04-10,1.70572,1.70572,1.69332,1.69937,1.69937,143401
1979-04-11,1.69332,1.69332,1.65598,1.66183,1.66183,238468
1979-04-12,1.66183,1.67451,1.65598,1.67451,1.67451,201653
1979-04-16,1.66798,1.66798,1.65598,1.65598,1.65598,224701
1979-04-17,1.65598,1.66798,1.65598,1.65598,1.65598,176691
1979-04-18,1.65598,1.66798,1.65598,1.66183,1.66183,128354
1979-04-19,1.66183,1.68085,1.66183,1.66798,1.66798,266314
1979-04-20,1.66798,1.68689,1.66798,1.68689,1.68689,155559
1979-04-23,1.68689,1.69332,1.68085,1.69332,1.69332,131879
1979-04-24,1.70572,1.74961,1.70572,1.73078,1.73078,375137
1979-04-25,1.73078,1.74318,1.7184,1.7184,1.7184,774929
1979-04-26,1.71206,1.71206,1.68689,1.68689,1.68689,200373
1979-04-27,1.68689,1.69332,1.66798,1.67451,1.67451,321682
1979-04-30,1.67451,1.69332,1.66798,1.69332,1.69332,212220
1979-05-01,1.69332,1.7184,1.69332,1.70572,1.70572,223420
1979-05-02,1.70572,1.74318,1.70572,1.74318,1.74318,160040
1979-05-03,1.74318,1.74961,1.72425,1.73078,1.73078,185332
1979-05-04,1.7184,1.7184,1.68085,1.68085,1.68085,281354
1979-05-07,1.67451,1.67451,1.66183,1.66183,1.66183,220861
1979-05-08,1.65598,1.65598,1.63696,1.64319,1.64319,373222
1979-05-09,1.64319,1.65598,1.63696,1.64319,1.64319,195889
1979-05-10,1.63696,1.63696,1.58711,1.58711,1.58711,257028
1979-05-11,1.58711,1.58711,1.57463,1.58711,1.58711,202295
1979-05-14,1.58711,1.58711,1.56215,1.56215,1.56215,221183
1979-05-15,1.56215,1.58711,1.56215,1.58711,1.58711,185010
1979-05-16,1.58711,1.60585,1.58711,1.60585,1.60585,173172
1979-05-17,1.60585,1.64319,1.5997,1.64319,1.64319,156523
1979-05-18,1.64319,1.65598,1.63696,1.63696,1.63696,253510
1979-05-21,1.63696,1.64319,1.62456,1.62456,1.62456,122274
1979-05-22,1.62456,1.64319,1.61812,1.63696,1.63696,154277
1979-05-23,1.63696,1.65598,1.63696,1.63696,1.63696,166127
1979-05-24,1.62456,1.62456,1.61812,1.62456,1.62456,207095
1979-05-25,1.62456,1.62456,1.5997,1.61189,1.61189,279757
1979-05-29,1.61189,1.61189,1.59316,1.5997,1.5997,170289
1979-05-30,1.5997,1.60585,1.58711,1.5997,1.5997,152679
1979-05-31,1.58711,1.58711,1.53717,1.54976,1.54976,468284
1979-06-01,1.54976,1.57463,1.54976,1.56215,1.56215,141157
1979-06-04,1.56215,1.57463,1.56215,1.57463,1.57463,93783
1979-06-05,1.57463,1.63062,1.57463,1.61189,1.61189,286792
1979-06-06,1.63062,1.66798,1.63062,1.65598,1.65598,459964
1979-06-07,1.66798,1.68689,1.66798,1.68085,1.68085,349214
1979-06-08,1.68085,1.68085,1.66798,1.66798,1.66798,249664
1979-06-11,1.66798,1.68689,1.66798,1.68689,1.68689,298959
1979-06-12,1.68689,1.70572,1.68085,1.69937,1.69937,391788
1979-06-13,1.69937,1.71206,1.66798,1.67451,1.67451,343772
1979-06-14,1.66183,1.66183,1.64319,1.65598,1.65598,499657
1979-06-15,1.65598,1.65598,1.63696,1.65598,1.65598,209336
1979-06-18,1.65598,1.65598,1.63696,1.64319,1.64319,134759
1979-06-19,1.63696,1.63696,1.62456,1.63696,1.63696,115231
1979-06-20,1.63696,1.63696,1.61189,1.61812,1.61812,215736
1979-06-21,1.61812,1.61812,1.59316,1.61189,1.61189,337051
1979-06-22,1.61812,1.65598,1.61812,1.65598,1.65598,202937
1979-06-25,1.65598,1.65598,1.63062,1.63696,1.63696,355942
1979-06-26,1.63696,1.64319,1.63062,1.63696,1.63696,370975
1979-06-27,1.63696,1.65598,1.63696,1.64319,1.64319,430517
1979-06-28,1.64319,1.68085,1.64319,1.66798,1.66798,391145
1979-06-29,1.66798,1.68085,1.66798,1.66798,1.66798,195253
1979-07-02,1.66798,1.68085,1.66183,1.67451,1.67451,161644
1979-07-03,1.66798,1.66798,1.63696,1.64319,1.64319,254150
1979-07-05,1.64319,1.67451,1.64319,1.66798,1.66798,489090
1979-07-06,1.67451,1.72425,1.67451,1.72425,1.72425,734921
1979-07-09,1.73078,1.79341,1.73078,1.79341,1.79341,535182
1979-07-10,1.79341,1.79955,1.76834,1.79955,1.79955,611679
1979-07-11,1.79341,1.79341,1.76834,1.76834,1.76834,447801
1979-07-12,1.76834,1.76834,1.74961,1.75575,1.75575,399467
1979-07-13,1.75575,1.76834,1.74318,1.75575,1.75575,521422
1979-07-16,1.75575,1.80588,1.74961,1.78053,1.78053,643056
1979-07-17,1.78053,1.78707,1.76834,1.76834,1.76834,479485
1979-07-18,1.76834,1.78053,1.74961,1.76834,1.76834,386022
1979-07-19,1.76834,1.78707,1.76834,1.78053,1.78053,349853
1979-07-20,1.78053,1.79341,1.76834,1.78707,1.78707,434675
1979-07-23,1.78053,1.78053,1.75575,1.76834,1.76834,321682
1979-07-24,1.76834,1.78053,1.76834,1.78053,1.78053,168678
1979-07-25,1.78053,1.79955,1.78053,1.79341,1.79341,315926
1979-07-26,1.79341,1.79955,1.78053,1.79341,1.79341,235583
1979-07-27,1.79341,1.80588,1.78707,1.79341,1.79341,204211
1979-07-30,1.79341,1.79341,1.78053,1.78707,1.78707,186928
1979-07-31,1.78707,1.79341,1.78053,1.78053,1.78053,274635
1979-08-01,1.78053,1.78707,1.76834,1.76834,1.76834,182451
1979-08-02,1.76834,1.78707,1.76834,1.78053,1.78053,304402
1979-08-03,1.76834,1.76834,1.73078,1.73712,1.73712,331290
1979-08-06,1.73078,1.73078,1.7184,1.73078,1.73078,218296
1979-08-07,1.73078,1.76834,1.72425,1.76834,1.76834,355942
1979-08-08,1.76834,1.78053,1.75575,1.76834,1.76834,371620
1979-08-09,1.75575,1.75575,1.7184,1.72425,1.72425,250945
1979-08-10,1.72425,1.73712,1.7184,1.72425,1.72425,260554
1979-08-13,1.72425,1.73078,1.7184,1.73078,1.73078,164204
1979-08-14,1.73078,1.74318,1.7184,1.7184,1.7184,386662
1979-08-15,1.7184,1.73078,1.71206,1.73078,1.73078,384107
1979-08-16,1.73078,1.74961,1.7184,1.7184,1.7184,375137
1979-08-17,1.7184,1.78707,1.7184,1.78053,1.78053,560472
1979-08-20,1.79955,1.84968,1.79955,1.84968,1.84968,527500
1979-08-21,1.84968,1.86831,1.8368,1.84968,1.84968,572953
1979-08-22,1.84968,1.86831,1.82471,1.86197,1.86197,413547
1979-08-23,1.86197,1.8807,1.85574,1.86831,1.86831,367458
1979-08-24,1.86831,1.93679,1.85574,1.92469,1.92469,374499
1979-08-27,1.93679,1.99969,1.93679,1.93679,1.93679,644973
1979-08-28,1.93679,1.94976,1.93054,1.93679,1.93679,249026
1979-08-29,1.93679,1.93679,1.91825,1.93054,1.93054,164204
1979-08-30,1.93054,1.93679,1.92469,1.92469,1.92469,108829
1979-08-31,1.92469,1.94976,1.92469,1.92469,1.92469,220221
1979-09-04,1.92469,1.92469,1.8368,1.8368,1.8368,157164
1979-09-05,1.8368,1.86831,1.82471,1.8368,1.8368,402990
1979-09-06,1.8368,1.92469,1.8368,1.87436,1.87436,341216
1979-09-07,1.87436,1.93679,1.87436,1.93679,1.93679,296399
1979-09-10,1.956,2.00573,1.956,1.99316,1.99316,655533
1979-09-11,1.99316,2.00573,1.96819,1.98067,1.98067,291597
1979-09-12,1.98067,1.99969,1.96204,1.96819,1.96819,384107
1979-09-13,1.96819,1.96819,1.94312,1.94312,1.94312,218296
1979-09-14,1.94312,1.98652,1.93679,1.98652,1.98652,379301
1979-09-17,1.98652,2.00573,1.96819,1.97463,1.97463,291919
1979-09-18,1.96819,1.96819,1.93054,1.96204,1.96204,268230
1979-09-19,1.96204,2.01169,1.94312,2.00573,2.00573,400426
1979-09-20,2.00573,2.01169,1.94312,2.00573,2.00573,688827
1979-09-21,2.0309,2.09938,2.0309,2.05588,2.05588,1098536
1979-09-24,2.04925,2.04925,1.96819,1.99316,1.99316,494529
1979-09-25,1.99316,2.0309,1.96819,2.0309,2.0309,411951
1979-09-26,2.0309,2.13069,2.0309,2.0309,2.0309,890155
1979-09-27,2.0309,2.05588,2.01813,2.0309,2.0309,456118
1979-09-28,2.01813,2.01813,1.86831,1.98067,1.98067,388269
1979-10-01,1.98067,1.98067,1.93054,1.96204,1.96204,324247
1979-10-02,1.96819,2.01169,1.96819,2.00573,2.00573,405556
1979-10-03,2.00573,2.00573,1.98067,1.99316,1.99316,221183
1979-10-04,1.99316,2.00573,1.98067,2.00573,2.00573,203573
1979-10-05,2.00573,2.07431,2.00573,2.0431,2.0431,563996
1979-10-08,2.0431,2.06806,2.01813,2.01813,2.01813,246787
1979-10-09,2.01169,2.01169,1.96819,1.98652,1.98652,312086
1979-10-10,1.98652,1.98652,1.8368,1.98067,1.98067,612646
1979-10-11,1.98067,1.98652,1.93679,1.96204,1.96204,415474
1979-10-12,1.96204,2.00573,1.94976,1.94976,1.94976,417074
1979-10-15,1.94976,1.94976,1.91181,1.92469,1.92469,275912
1979-10-16,1.92469,1.93679,1.89953,1.89953,1.89953,292876
1979-10-17,1.91181,1.94312,1.91181,1.92469,1.92469,313365
1979-10-18,1.92469,1.94976,1.92469,1.93679,1.93679,807262
1979-10-19,1.93679,1.93679,1.91181,1.91181,1.91181,518544
1979-10-22,1.88684,1.88684,1.84968,1.87436,1.87436,489412
1979-10-23,1.87436,1.87436,1.8368,1.84968,1.84968,315926
1979-10-24,1.84968,1.87436,1.8368,1.8368,1.8368,222144
1979-10-25,1.8368,1.84968,1.82471,1.8368,1.8368,167081
1979-10-26,1.8368,1.85574,1.80588,1.81183,1.81183,149804
1979-10-29,1.82471,1.8368,1.82471,1.8368,1.8368,420590
1979-10-30,1.8368,1.8807,1.82471,1.87436,1.87436,573912
1979-10-31,1.87436,1.90557,1.86197,1.87436,1.87436,267909
1979-11-01,1.87436,1.91181,1.86197,1.89953,1.89953,396907
1979-11-02,1.89953,1.92469,1.87436,1.92469,1.92469,348255
1979-11-05,1.92469,1.94312,1.91181,1.92469,1.92469,160040
1979-11-06,1.92469,1.93054,1.90557,1.90557,1.90557,201013
1979-11-07,1.90557,1.90557,1.87436,1.88684,1.88684,265669
1979-11-08,1.88684,1.89953,1.86831,1.87436,1.87436,173810
1979-11-09,1.87436,1.91181,1.87436,1.89319,1.89319,224701
1979-11-12,1.91181,1.98067,1.91181,1.98067,1.98067,355621
1979-11-13,1.98067,1.99316,1.96204,1.96204,1.96204,158119
1979-11-14,1.96204,2.01813,1.92469,1.98067,1.98067,505417
1979-11-15,1.98652,2.05588,1.98652,2.0431,2.0431,558869
1979-11-16,2.0431,2.0431,2.01169,2.01169,2.01169,156523
1979-11-19,2.01169,2.05588,2.00573,2.0309,2.0309,315278
1979-11-20,2.0309,2.04925,1.96204,1.98067,1.98067,381543
1979-11-21,1.98067,2.00573,1.94976,1.98652,1.98652,347612
1979-11-23,1.99969,2.0309,1.99969,2.01813,2.01813,314965
1979-11-26,2.0309,2.06202,2.0309,2.0309,2.0309,374186
1979-11-27,2.0309,2.0309,1.96204,1.96819,1.96819,299599
1979-11-28,1.96819,1.98067,1.93679,1.96204,1.96204,272392
1979-11-29,1.96204,1.96819,1.94976,1.956,1.956,194289
1979-11-30,1.956,1.956,1.93679,1.94976,1.94976,261194
1979-12-03,1.94976,1.98652,1.94312,1.96819,1.96819,275272
1979-12-04,1.96819,1.99316,1.96819,1.98652,1.98652,249026
1979-12-05,2.00573,2.0309,2.00573,2.00573,2.00573,306960
1979-12-06,2.00573,2.00573,1.98652,1.99969,1.99969,284876
1979-12-07,1.99969,2.00573,1.93679,1.94976,1.94976,406188
1979-12-10,1.94312,1.94312,1.91181,1.92469,1.92469,258311
1979-12-11,1.92469,1.98652,1.91181,1.94976,1.94976,610089
1979-12-12,1.96819,1.98067,1.96819,1.96819,1.96819,310163
1979-12-13,1.956,1.956,1.93679,1.956,1.956,749324
1979-12-14,1.956,2.01169,1.956,2.00573,2.00573,724997
1979-12-17,2.00573,2.0309,1.99969,2.00573,2.00573,889203
1979-12-18,2.00573,2.07431,1.99969,2.01813,2.01813,1413823
1979-12-19,2.01813,2.04925,2.00573,2.0309,2.0309,520466
1979-12-20,2.0309,2.05588,2.00573,2.00573,2.00573,601440
1979-12-21,2.00573,2.01169,1.92469,1.94312,1.94312,506694
1979-12-24,1.94312,1.96819,1.92469,1.96819,1.96819,104989
1979-12-26,1.96819,1.96819,1.91181,1.91181,1.91181,239746
1979-12-27,1.91825,1.93679,1.91825,1.92469,1.92469,248707
1979-12-28,1.92469,1.94976,1.92469,1.93054,1.93054,251271
1979-12-31,1.93679,1.956,1.93679,1.93679,1.93679,205494
1980-01-02,1.93679,1.93679,1.86831,1.86831,1.86831,471485
1980-01-03,1.86831,1.91181,1.8368,1.87436,1.87436,1012756
1980-01-04,1.87436,1.89953,1.86197,1.86197,1.86197,790935
1980-01-07,1.86197,1.8807,1.86197,1.86197,1.86197,725635
1980-01-08,1.86197,1.88684,1.86197,1.8807,1.8807,455487
1980-01-09,1.8807,1.89953,1.86197,1.86197,1.86197,1177276
1980-01-10,1.86197,1.87436,1.84968,1.86197,1.86197,871913
1980-01-11,1.86197,1.86197,1.84968,1.84968,1.84968,331608
1980-01-14,1.84968,1.86197,1.84968,1.84968,1.84968,624486
1980-01-15,1.84968,1.86197,1.8368,1.86197,1.86197,359776
1980-01-16,1.86197,1.92469,1.86197,1.86831,1.86831,1198086
1980-01-17,1.86831,1.89319,1.86197,1.87436,1.87436,764042
1980-01-18,1.87436,1.96204,1.87436,1.96204,1.96204,872872
1980-01-21,1.98067,2.04925,1.98067,2.0431,2.0431,1103655
1980-01-22,2.0431,2.05588,2.0309,2.0309,2.0309,561114
1980-01-23,2.0309,2.09313,2.0309,2.07431,2.07431,477254
1980-01-24,2.09938,2.13069,2.09938,2.10562,2.10562,587680
1980-01-25,2.09938,2.09938,2.06806,2.09938,2.09938,545746
1980-01-28,2.09938,2.14941,2.07431,2.13682,2.13682,463803
1980-01-29,2.13682,2.15565,2.08689,2.10562,2.10562,882478
1980-01-30,2.10562,2.13682,2.09313,2.13069,2.13069,399146
1980-01-31,2.13682,2.18725,2.13682,2.14297,2.14297,600163
1980-02-01,2.14297,2.19945,2.12445,2.19945,2.19945,570072
1980-02-04,2.19945,2.22451,2.18725,2.18725,2.18725,762445
1980-02-05,2.18725,2.1932,2.16814,2.1932,2.1932,475651
1980-02-06,2.1932,2.3558,2.18725,2.3558,2.3558,1326116
1980-02-07,2.46153,2.57428,2.46153,2.49928,2.49928,2472023
1980-02-08,2.49928,2.59944,2.49928,2.59359,2.59359,1782561
1980-02-11,2.58676,2.58676,2.49928,2.49928,2.49928,1566821
1980-02-12,2.49928,2.52405,2.42447,2.51186,2.51186,918004
1980-02-13,2.51186,2.54951,2.45549,2.46153,2.46153,877354
1980-02-14,2.46153,2.50532,2.3994,2.43676,2.43676,610089
1980-02-15,2.42447,2.42447,2.37423,2.42447,2.42447,773971
1980-02-19,2.41803,2.41803,2.37423,2.39276,2.39276,538388
1980-02-20,2.40573,2.56813,2.40573,2.55535,2.55535,1192641
1980-02-21,2.55535,2.64948,2.51186,2.52405,2.52405,1347242
1980-02-22,2.52405,2.71804,2.49928,2.66157,2.66157,2025187
1980-02-25,2.65552,2.65552,2.59944,2.63641,2.63641,888882
1980-02-26,2.63641,2.76808,2.61164,2.76808,2.76808,1400697
1980-02-27,2.76808,2.86182,2.71804,2.71804,2.71804,1983576
1980-02-28,2.71804,2.78047,2.71804,2.73658,2.73658,838624
1980-02-29,2.73658,2.76808,2.72429,2.73658,2.73658,470850
1980-03-03,2.73044,2.73044,2.69922,2.69922,2.69922,780370
1980-03-04,2.69922,2.81841,2.68051,2.80544,2.80544,1015314
1980-03-05,2.80544,2.92434,2.78671,2.78671,2.78671,922810
1980-03-06,2.78671,2.78671,2.68051,2.69288,2.69288,890802
1980-03-07,2.68051,2.68051,2.60549,2.62442,2.62442,925366
1980-03-10,2.62442,2.65552,2.58062,2.60549,2.60549,666738
1980-03-11,2.63055,2.68051,2.63055,2.66157,2.66157,799894
1980-03-12,2.66157,2.66157,2.58676,2.66157,2.66157,473723
1980-03-13,2.66157,2.68051,2.55535,2.56813,2.56813,692024
1980-03-14,2.56813,2.57428,2.51186,2.53019,2.53019,407788
1980-03-17,2.49928,2.49928,2.40573,2.43676,2.43676,452601
1980-03-18,2.43676,2.51186,2.38076,2.49928,2.49928,775566
1980-03-19,2.49928,2.54316,2.48689,2.49928,2.49928,545421
1980-03-20,2.49928,2.51186,2.43676,2.43676,2.43676,520466
1980-03-21,2.43061,2.43061,2.38076,2.39276,2.39276,682745
1980-03-24,2.37423,2.37423,2.2805,2.2805,2.2805,572317
1980-03-25,2.2805,2.34263,2.2805,2.33043,2.33043,861674
1980-03-26,2.33043,2.38076,2.29328,2.30527,2.30527,442679
1980-03-27,2.26148,2.26148,2.11195,2.21174,2.21174,1006672
1980-03-28,2.21174,2.26148,2.21174,2.23661,2.23661,681465
1980-03-31,2.23661,2.26821,2.19945,2.25543,2.25543,506381
1980-04-01,2.25543,2.2805,2.22451,2.23661,2.23661,302803
1980-04-02,2.24948,2.31796,2.24948,2.29328,2.29328,376095
1980-04-03,2.29328,2.29328,2.24948,2.25543,2.25543,209656
1980-04-07,2.23661,2.23661,2.14297,2.14941,2.14941,282956
1980-04-08,2.14941,2.19945,2.13682,2.18725,2.18725,394989
1980-04-09,2.18725,2.32449,2.18725,2.30527,2.30527,580954
1980-04-10,2.30527,2.34263,2.29328,2.34263,2.34263,524300
1980-04-11,2.34263,2.3558,2.33043,2.34263,2.34263,353693
1980-04-14,2.34263,2.3558,2.31796,2.3558,2.3558,324887
1980-04-15,2.3558,2.39276,2.34947,2.36789,2.36789,252870
1980-04-16,2.36789,2.40573,2.29328,2.29328,2.29328,556951
1980-04-17,2.29328,2.32449,2.2805,2.29328,2.29328,192690
1980-04-18,2.29328,2.30527,2.26148,2.26148,2.26148,363938
1980-04-21,2.26148,2.2805,2.22451,2.24948,2.24948,268554
1980-04-22,2.32449,2.40573,2.32449,2.39276,2.39276,587039
1980-04-23,2.39276,2.42447,2.36789,2.37423,2.37423,463481
1980-04-24,2.37423,2.37423,2.33043,2.33043,2.33043,613604
1980-04-25,2.33043,2.36789,2.31796,2.36789,2.36789,323289
1980-04-28,2.36789,2.42447,2.36789,2.38076,2.38076,601762
1980-04-29,2.38076,2.39276,2.36789,2.39276,2.39276,217984
1980-04-30,2.39276,2.43676,2.37423,2.43676,2.43676,246787
1980-05-01,2.43061,2.43061,2.37423,2.3994,2.3994,439802
1980-05-02,2.3994,2.40573,2.38076,2.39276,2.39276,545421
1980-05-05,2.3871,2.3871,2.33043,2.34263,2.34263,375466
1980-05-06,2.34263,2.40573,2.31796,2.33043,2.33043,526863
1980-05-07,2.33043,2.3994,2.33043,2.37423,2.37423,513416
1980-05-08,2.37423,2.37423,2.32449,2.33043,2.33043,779086
1980-05-09,2.33043,2.33043,2.24948,2.2805,2.2805,590559
1980-05-12,2.26148,2.26148,2.23661,2.26148,2.26148,587680
1980-05-13,2.26148,2.29328,2.22451,2.2805,2.2805,706748
1980-05-14,2.2805,2.29328,2.26148,2.26821,2.26821,751561
1980-05-15,2.26821,2.29328,2.25543,2.26821,2.26821,358818
1980-05-16,2.26821,2.33043,2.26821,2.32449,2.32449,286472
1980-05-19,2.32449,2.38076,2.31171,2.3558,2.3558,222777
1980-05-20,2.3558,2.37423,2.34947,2.36789,2.36789,357852
1980-05-21,2.36789,2.39276,2.34263,2.37423,2.37423,198774
1980-05-22,2.38076,2.46153,2.38076,2.44299,2.44299,386345
1980-05-23,2.44299,2.4742,2.44299,2.46153,2.46153,474687
1980-05-27,2.46153,2.52405,2.46153,2.51186,2.51186,501893
1980-05-28,2.51186,2.60549,2.49928,2.59944,2.59944,785494
1980-05-29,2.59944,2.60549,2.48689,2.49928,2.49928,853034
1980-05-30,2.49928,2.54951,2.44299,2.51839,2.51839,395942
1980-06-02,2.51839,2.56813,2.49928,2.51839,2.51839,569114
1980-06-03,2.51839,2.52405,2.48689,2.48689,2.48689,365538
1980-06-04,2.49928,2.56813,2.49928,2.55535,2.55535,879593
1980-06-05,2.55535,2.58676,2.53019,2.53019,2.53019,549905
1980-06-06,2.53019,2.58062,2.53019,2.55535,2.55535,426355
1980-06-09,2.56813,2.59359,2.56813,2.58676,2.58676,225983
1980-06-10,2.58676,2.66781,2.58676,2.63055,2.63055,430197
1980-06-11,2.63055,2.71152,2.62442,2.71152,2.71152,730760
1980-06-12,2.71152,2.74301,2.65552,2.68051,2.68051,637610
1980-06-13,2.68051,2.69288,2.60549,2.61164,2.61164,441714
1980-06-16,2.61164,2.65552,2.61164,2.63055,2.63055,249026
1980-06-17,2.63055,2.68051,2.62442,2.66157,2.66157,364261
1980-06-18,2.66157,2.71804,2.64948,2.71152,2.71152,402348
1980-06-19,2.71152,2.74301,2.66781,2.66781,2.66781,538066
1980-06-20,2.66781,2.68051,2.64948,2.65552,2.65552,464128
1980-06-23,2.65552,2.70547,2.64948,2.68051,2.68051,387945
1980-06-24,2.68051,2.73044,2.66781,2.71152,2.71152,473723
1980-06-25,2.71804,2.76808,2.71804,2.75541,2.75541,663219
1980-06-26,2.75541,2.78671,2.71804,2.73044,2.73044,687223
1980-06-27,2.73044,2.78671,2.69922,2.74301,2.74301,360098
1980-06-30,2.74301,2.74301,2.63055,2.63055,2.63055,455163
1980-07-01,2.63055,2.68051,2.63055,2.64948,2.64948,565595
1980-07-02,2.64948,2.68051,2.64295,2.66781,2.66781,340890
1980-07-03,2.66781,2.73658,2.66781,2.72429,2.72429,451962
1980-07-07,2.72429,2.73658,2.71804,2.73044,2.73044,421876
1980-07-08,2.73044,2.73658,2.71152,2.73044,2.73044,238785
1980-07-09,2.73044,2.74945,2.71152,2.71152,2.71152,202611
1980-07-10,2.70547,2.70547,2.59944,2.59944,2.59944,457081
1980-07-11,2.61164,2.66781,2.61164,2.64948,2.64948,450042
1980-07-14,2.64948,2.71152,2.62442,2.70547,2.70547,278795
1980-07-15,2.70547,2.71152,2.61164,2.61164,2.61164,478528
1980-07-16,2.61164,2.65552,2.61164,2.62442,2.62442,676342
1980-07-17,2.64295,2.70547,2.64295,2.70547,2.70547,306321
1980-07-18,2.70547,2.73658,2.70547,2.71804,2.71804,598563
1980-07-21,2.71804,2.74301,2.70547,2.73658,2.73658,466680
1980-07-22,2.73658,2.76165,2.70547,2.71804,2.71804,435640
1980-07-23,2.71804,2.74945,2.70547,2.73658,2.73658,239746
1980-07-24,2.73658,2.76165,2.71152,2.74945,2.74945,360414
1980-07-25,2.74301,2.74301,2.70547,2.70547,2.70547,242946
1980-07-28,2.70547,2.73658,2.68051,2.73044,2.73044,267594
1980-07-29,2.73044,2.74301,2.71804,2.73044,2.73044,177970
1980-07-30,2.73044,2.73044,2.60549,2.60549,2.60549,489090
1980-07-31,2.57428,2.57428,2.52405,2.56813,2.56813,1119342
1980-08-01,2.56813,2.56813,2.51186,2.53019,2.53019,687223
1980-08-04,2.49928,2.49928,2.44299,2.46796,2.46796,464128
1980-08-05,2.46796,2.48689,2.44953,2.45549,2.45549,909365
1980-08-06,2.45549,2.52405,2.44299,2.52405,2.52405,387625
1980-08-07,2.52405,2.61164,2.50532,2.59944,2.59944,364583
1980-08-08,2.59944,2.62442,2.57428,2.58062,2.58062,568155
1980-08-11,2.58062,2.60549,2.57428,2.59944,2.59944,213502
1980-08-12,2.58676,2.58676,2.53019,2.55535,2.55535,141478
1980-08-13,2.55535,2.55535,2.53019,2.53019,2.53019,305998
1980-08-14,2.53019,2.58676,2.52405,2.58062,2.58062,362978
1980-08-15,2.58062,2.63641,2.58062,2.62442,2.62442,408750
1980-08-18,2.62442,2.64295,2.58676,2.59944,2.59944,242307
1980-08-19,2.59944,2.60549,2.56813,2.58062,2.58062,635051
1980-08-20,2.58062,2.61164,2.57428,2.58676,2.58676,307283
1980-08-21,2.58676,2.61164,2.58676,2.61164,2.61164,241987
1980-08-22,2.61164,2.64948,2.58062,2.58676,2.58676,284237
1980-08-25,2.58676,2.63055,2.58676,2.61164,2.61164,217022
1980-08-26,2.62442,2.65552,2.62442,2.62442,2.62442,180526
1980-08-27,2.62442,2.62442,2.56813,2.56813,2.56813,360740
1980-08-28,2.56813,2.58676,2.53019,2.54316,2.54316,291597
1980-08-29,2.54316,2.54316,2.51186,2.52405,2.52405,339934
1980-09-02,2.52405,2.54316,2.50532,2.51186,2.51186,269512
1980-09-03,2.51186,2.55535,2.49928,2.54951,2.54951,674425
1980-09-04,2.54951,2.56813,2.49928,2.51839,2.51839,440759
1980-09-05,2.51839,2.52405,2.48689,2.52405,2.52405,458041
1980-09-08,2.52405,2.52405,2.43061,2.43676,2.43676,346333
1980-09-09,2.43676,2.48689,2.42447,2.4742,2.4742,307920
1980-09-10,2.4742,2.53019,2.4742,2.51186,2.51186,439157
1980-09-11,2.51186,2.52405,2.46153,2.49928,2.49928,441714
1980-09-12,2.49928,2.49928,2.4742,2.4742,2.4742,227901
1980-09-15,2.4742,2.53019,2.4742,2.51186,2.51186,178932
1980-09-16,2.51186,2.56813,2.51186,2.54316,2.54316,411951
1980-09-17,2.54951,2.59944,2.54951,2.59359,2.59359,459004
1980-09-18,2.59359,2.63641,2.54951,2.55535,2.55535,454843
1980-09-19,2.56813,2.59359,2.56813,2.57428,2.57428,627369
1980-09-22,2.57428,2.57428,2.55535,2.57428,2.57428,643690
1980-09-23,2.57428,2.59359,2.54951,2.56813,2.56813,659059
1980-09-24,2.56813,2.66157,2.56813,2.64948,2.64948,494211
1980-09-25,2.64948,2.71804,2.63055,2.64948,2.64948,549592
1980-09-26,2.64948,2.66157,2.59359,2.60549,2.60549,501260
1980-09-29,2.58676,2.58676,2.55535,2.55535,2.55535,335449
1980-09-30,2.56813,2.62442,2.56813,2.60549,2.60549,442357
1980-10-01,2.64948,2.74301,2.64948,2.74301,2.74301,713473
1980-10-02,2.74301,2.78671,2.74301,2.78671,2.78671,744837
1980-10-03,2.81198,2.94922,2.81198,2.91166,2.91166,1125418
1980-10-06,2.93672,3.01797,2.93672,2.98676,2.98676,657464
1980-10-07,2.98676,3.01797,2.96169,2.9932,2.9932,809499
1980-10-08,2.9932,3.02432,2.9932,2.99935,2.99935,386345
1980-10-09,2.9932,2.9932,2.88679,2.89313,2.89313,621605
1980-10-10,2.91166,2.96813,2.91166,2.94316,2.94316,425394
1980-10-13,2.94316,3.01797,2.94316,3.01797,3.01797,285834
1980-10-14,3.07415,3.09922,3.07415,3.09298,3.09298,605920
1980-10-15,3.09298,3.14302,3.08039,3.12438,3.12438,430517
1980-10-16,3.12438,3.21812,3.08039,3.09298,3.09298,510215
1980-10-17,3.07415,3.07415,3.0367,3.04938,3.04938,481730
1980-10-20,3.04938,3.13062,3.04314,3.13062,3.13062,379944
1980-10-21,3.13062,3.18047,3.11765,3.13062,3.13062,372578
1980-10-22,3.13062,3.1554,3.13062,3.14302,3.14302,207095
1980-10-23,3.14302,3.14302,3.01797,3.03056,3.03056,323926
1980-10-24,3.03056,3.06792,3.01797,3.05533,3.05533,374186
1980-10-27,3.04314,3.04314,2.9932,2.9932,2.9932,419951
1980-10-28,2.9932,2.9932,2.94922,2.9932,2.9932,324887
1980-10-29,2.98676,2.98676,2.91839,2.91839,2.91839,470523
1980-10-30,2.91839,2.96169,2.88679,2.88679,2.88679,816221
1980-10-31,2.88679,2.91839,2.83041,2.90523,2.90523,533905
1980-11-03,2.91166,2.99935,2.91166,2.99935,2.99935,201653
1980-11-05,3.07415,3.13062,3.07415,3.07415,3.07415,835750
1980-11-06,3.07415,3.07415,3.03056,3.04314,3.04314,290635
1980-11-07,3.04314,3.09922,3.0367,3.06792,3.06792,350810
1980-11-10,3.07415,3.12438,3.07415,3.12438,3.12438,197492
1980-11-11,3.1554,3.25548,3.1554,3.20525,3.20525,729795
1980-11-12,3.21812,3.33653,3.21812,3.33653,3.33653,881834
1980-11-13,3.33653,3.38617,3.33029,3.38617,3.38617,763086
1980-11-14,3.38617,3.4364,3.38617,3.38617,3.38617,432757
1980-11-17,3.38617,3.49288,3.3492,3.49288,3.49288,623527
1980-11-18,3.52399,3.59275,3.52399,3.58056,3.58056,518544
1980-11-19,3.58056,3.64893,3.51161,3.52399,3.52399,443640
1980-11-20,3.52399,3.59275,3.52399,3.56768,3.56768,399146
1980-11-21,3.56768,3.59909,3.54925,3.59275,3.59275,285195
1980-11-24,3.59275,3.60524,3.54281,3.59275,3.59275,333847
1980-11-25,3.59275,3.6742,3.56768,3.59275,3.59275,451962
1980-11-26,3.84879,4.04259,3.84879,3.97383,3.97383,850155
1980-11-28,3.97383,3.97383,3.83026,3.95529,3.95529,709635
1980-12-01,3.88654,3.88654,3.69917,3.70511,3.70511,546709
1980-12-02,3.70511,3.76773,3.64893,3.76773,3.76773,557908
1980-12-03,3.76773,3.81153,3.68658,3.76149,3.76149,456444
1980-12-04,3.76149,3.76149,3.68034,3.68034,3.68034,449403
1980-12-05,3.64893,3.64893,3.51161,3.53677,3.53677,783571
1980-12-08,3.49902,3.49902,3.41133,3.49288,3.49288,622249
1980-12-09,3.49288,3.53677,3.4364,3.48654,3.48654,540305
1980-12-10,3.48654,3.56184,3.33653,3.33653,3.33653,476925
1980-12-11,3.33653,3.3615,3.274,3.33653,3.33653,664821
1980-12-12,3.3492,3.4364,3.3492,3.38022,3.38022,518219
1980-12-15,3.38022,3.4364,3.38022,3.38617,3.38617,233021
1980-12-16,3.38617,3.52399,3.37427,3.52399,3.52399,493252
1980-12-17,3.52399,3.66796,3.52399,3.66796,3.66796,432433
1980-12-18,3.66796,3.718,3.61773,3.61773,3.61773,1295387
1980-12-19,3.61773,3.66181,3.58056,3.59275,3.59275,275272
1980-12-22,3.59275,3.64893,3.58056,3.62417,3.62417,388906
1980-12-23,3.62417,3.62417,3.54925,3.56184,3.56184,899122
1980-12-24,3.54281,3.54281,3.44285,3.44928,3.44928,452922
1980-12-26,3.44928,3.48039,3.44285,3.48039,3.48039,70099
1980-12-29,3.48039,3.50508,3.44285,3.45542,3.45542,299278
1980-12-30,3.45542,3.46146,3.41133,3.43016,3.43016,249988
1980-12-31,3.42402,3.42402,3.37427,3.42402,3.42402,211897
1981-01-02,3.41816,3.41816,3.35545,3.41133,3.41133,131879
1981-01-05,3.4364,3.48039,3.4364,3.46781,3.46781,488125
1981-01-06,3.46781,3.49288,3.3615,3.39933,3.39933,514379
1981-01-07,3.3492,3.3492,3.29283,3.32433,3.32433,727556
1981-01-08,3.31799,3.31799,3.16788,3.21812,3.21812,435640
1981-01-09,3.21812,3.26153,3.16788,3.25548,3.25548,467647
1981-01-12,3.26153,3.30551,3.26153,3.28669,3.28669,365538
1981-01-13,3.28669,3.29283,3.23684,3.28669,3.28669,862314
1981-01-14,3.31166,3.39933,3.31166,3.37427,3.37427,773329
1981-01-15,3.37427,3.49288,3.3615,3.46781,3.46781,370336
1981-01-16,3.50508,3.56184,3.50508,3.56184,3.56184,831583
1981-01-19,3.56184,3.56184,3.49902,3.50508,3.50508,277835
1981-01-20,3.50508,3.53677,3.35545,3.35545,3.35545,343135
1981-01-21,3.35545,3.38022,3.31166,3.33029,3.33029,449403
1981-01-22,3.33029,3.35545,3.274,3.274,3.274,326806
1981-01-23,3.28669,3.32433,3.28669,3.29887,3.29887,249026
1981-01-26,3.28669,3.28669,3.22417,3.22417,3.22417,324566
1981-01-27,3.22417,3.31166,3.20525,3.30551,3.30551,474687
1981-01-28,3.30551,3.33653,3.24289,3.24289,3.24289,396907
1981-01-29,3.24289,3.28044,3.21812,3.24289,3.24289,346971
1981-01-30,3.24289,3.26153,3.13062,3.14302,3.14302,368738
1981-02-02,3.09298,3.09298,2.96813,3.03056,3.03056,478208
1981-02-03,3.03056,3.09298,3.01797,3.09298,3.09298,428599
1981-02-04,3.09298,3.11765,3.06792,3.08039,3.08039,497414
1981-02-05,3.08039,3.09298,3.0367,3.08039,3.08039,276875
1981-02-06,3.08039,3.14907,3.06792,3.11765,3.11765,397545
1981-02-09,3.11765,3.14907,3.11765,3.13062,3.13062,597280
1981-02-10,3.14302,3.20525,3.14302,3.16788,3.16788,792531
1981-02-11,3.16788,3.18047,3.09922,3.10537,3.10537,370027
1981-02-12,3.10537,3.13062,3.04938,3.09298,3.09298,438197
1981-02-13,3.09298,3.17424,3.09298,3.17424,3.17424,412274
1981-02-17,3.199,3.25548,3.199,3.20525,3.20525,282641
1981-02-18,3.20525,3.274,3.18691,3.274,3.274,334808
1981-02-19,3.26153,3.26153,3.11765,3.13668,3.13668,475968
1981-02-20,3.13668,3.1554,3.09922,3.12438,3.12438,575195
1981-02-23,3.12438,3.14302,3.09298,3.09922,3.09922,267275
1981-02-24,3.09922,3.11131,2.99935,3.01797,3.01797,529424
1981-02-25,3.01797,3.10537,2.96813,3.09298,3.09298,469244
1981-02-26,3.09298,3.12438,3.08039,3.11765,3.11765,565271
1981-02-27,3.11765,3.1554,3.08039,3.14907,3.14907,403314
1981-03-02,3.14907,3.19305,3.11765,3.18047,3.18047,272715
1981-03-03,3.18047,3.21178,3.1554,3.1554,3.1554,375788
1981-03-04,3.1554,3.199,3.09922,3.12438,3.12438,461240
1981-03-05,3.10537,3.10537,3.03056,3.0367,3.0367,322324
1981-03-06,3.01797,3.01797,2.88679,2.94316,2.94316,2086005
1981-03-09,2.94316,2.94922,2.91166,2.91839,2.91839,392108
1981-03-10,2.91166,2.91166,2.81198,2.85567,2.85567,790935
1981-03-11,2.87401,2.87401,2.76808,2.81198,2.81198,1001869
1981-03-12,2.81198,3.01153,2.81198,2.97418,2.97418,909365
1981-03-13,2.97418,2.99935,2.81841,2.87401,2.87401,1108780
1981-03-16,2.87401,2.91839,2.84904,2.91839,2.91839,397866
1981-03-17,2.91166,2.91166,2.83041,2.87401,2.87401,573912
1981-03-18,2.86182,2.86182,2.81841,2.81841,2.81841,599197
1981-03-19,2.81841,2.81841,2.70547,2.76808,2.76808,763726
1981-03-20,2.76808,2.78047,2.73658,2.75541,2.75541,587039
1981-03-23,2.75541,2.86182,2.75541,2.83694,2.83694,1640121
1981-03-24,2.83694,2.9932,2.76808,2.78047,2.78047,2215002
1981-03-25,2.78047,2.91166,2.76808,2.91166,2.91166,1786405
1981-03-26,2.91166,2.91166,2.81198,2.85567,2.85567,638568
1981-03-27,2.85567,2.86182,2.79305,2.81841,2.81841,684662
1981-03-30,2.81841,2.86182,2.76808,2.78671,2.78671,427952
1981-03-31,2.81841,2.87401,2.81841,2.81841,2.81841,751884
1981-04-01,2.81841,2.87401,2.80544,2.81841,2.81841,997391
1981-04-02,2.81841,2.85567,2.80544,2.81841,2.81841,615529
1981-04-03,2.81841,2.83694,2.81198,2.83041,2.83041,489729
1981-04-06,2.78671,2.78671,2.73658,2.75541,2.75541,972422
1981-04-07,2.75541,2.76165,2.71804,2.71804,2.71804,628965
1981-04-08,2.71804,2.74301,2.69288,2.70547,2.70547,524943
1981-04-09,2.70547,2.71152,2.57428,2.63055,2.63055,1149112
1981-04-10,2.62442,2.62442,2.52405,2.58062,2.58062,785494
1981-04-13,2.58062,2.58062,2.49928,2.55535,2.55535,1173753
1981-04-14,2.55535,2.58676,2.54951,2.58676,2.58676,1009553
1981-04-15,2.60549,2.69288,2.60549,2.69288,2.69288,670902
1981-04-16,2.69288,2.74301,2.62442,2.64948,2.64948,1231052
1981-04-20,2.64948,2.68051,2.60549,2.68051,2.68051,970820
1981-04-21,2.66781,2.66781,2.54951,2.55535,2.55535,993228
1981-04-22,2.55535,2.55535,2.4742,2.51186,2.51186,1276506
1981-04-23,2.51186,2.53019,2.48689,2.49928,2.49928,1017552
1981-04-24,2.49928,2.56813,2.46153,2.54951,2.54951,871594
1981-04-27,2.54951,2.62442,2.54951,2.62442,2.62442,608485
1981-04-28,2.62442,2.64948,2.60549,2.64948,2.64948,711872
1981-04-29,2.64948,2.71804,2.61164,2.71804,2.71804,864551
1981-04-30,2.76165,2.88679,2.76165,2.84904,2.84904,1975892
1981-05-01,2.84904,2.89907,2.83694,2.85567,2.85567,994192
1981-05-04,2.84904,2.84904,2.81198,2.83694,2.83694,829980
1981-05-05,2.83694,2.89907,2.81198,2.86182,2.86182,650734
1981-05-06,2.89907,2.94316,2.89907,2.92434,2.92434,947456
1981-05-07,2.92434,2.97418,2.91839,2.93672,2.93672,702270
1981-05-08,2.93672,2.94922,2.92434,2.93672,2.93672,1015642
1981-05-11,2.91166,2.91166,2.78047,2.80544,2.80544,542545
1981-05-12,2.80544,2.83694,2.78671,2.83694,2.83694,584796
1981-05-13,2.83694,2.83694,2.76808,2.78047,2.78047,543188
1981-05-14,2.78047,2.78671,2.73658,2.73658,2.73658,397866
1981-05-15,2.73658,2.78047,2.73044,2.76808,2.76808,419951
1981-05-18,2.76808,2.81198,2.76808,2.76808,2.76808,410352
1981-05-19,2.76808,2.76808,2.70547,2.74301,2.74301,491337
1981-05-20,2.74301,2.78671,2.71804,2.76165,2.76165,642094
1981-05-21,2.76165,2.78047,2.71804,2.76165,2.76165,628006
1981-05-22,2.76165,2.76165,2.71804,2.71804,2.71804,369379
1981-05-26,2.71804,2.78671,2.69288,2.78671,2.78671,999949
1981-05-27,2.78671,2.78671,2.73658,2.73658,2.73658,746121
1981-05-28,2.73658,2.73658,2.68051,2.70547,2.70547,424754
1981-05-29,2.70547,2.71152,2.59944,2.59944,2.59944,1329955
1981-06-01,2.59944,2.65552,2.52405,2.54951,2.54951,777810
1981-06-02,2.54951,2.56813,2.51186,2.52405,2.52405,608803
1981-06-03,2.52405,2.53019,2.48689,2.52405,2.52405,1453511
1981-06-04,2.53019,2.58062,2.53019,2.56813,2.56813,1143669
1981-06-05,2.56813,2.63055,2.54316,2.62442,2.62442,1023320
1981-06-08,2.62442,2.63055,2.56813,2.58062,2.58062,958658
1981-06-09,2.58062,2.58062,2.53019,2.54316,2.54316,1072932
1981-06-10,2.54316,2.58062,2.54316,2.54951,2.54951,1450309
1981-06-11,2.54951,2.57428,2.4742,2.53019,2.53019,420912
1981-06-12,2.53019,2.53019,2.4742,2.49928,2.49928,906803
1981-06-15,2.49928,2.54316,2.4742,2.48689,2.48689,392108
1981-06-16,2.4742,2.4742,2.41803,2.44299,2.44299,846629
1981-06-17,2.44299,2.56813,2.41803,2.56813,2.56813,1619640
1981-06-18,2.55535,2.55535,2.46796,2.49928,2.49928,1170554
1981-06-19,2.49928,2.58676,2.48689,2.56813,2.56813,896243
1981-06-22,2.56813,2.62442,2.54951,2.54951,2.54951,800856
1981-06-23,2.54951,2.58062,2.53019,2.58062,2.58062,620325
1981-06-24,2.58062,2.59944,2.52405,2.54951,2.54951,735879
1981-06-25,2.55535,2.61164,2.55535,2.59944,2.59944,1608115
1981-06-26,2.59944,2.63055,2.56813,2.58062,2.58062,1080608
1981-06-29,2.58062,2.58062,2.54316,2.54951,2.54951,1377975
1981-06-30,2.54951,2.61164,2.54316,2.58062,2.58062,1667009
1981-07-01,2.58676,2.63055,2.58676,2.61164,2.61164,534866
1981-07-02,2.61164,2.64295,2.60549,2.62442,2.62442,699390
1981-07-06,2.62442,2.63055,2.60549,2.63055,2.63055,861349
1981-07-07,2.63055,2.68051,2.63055,2.68051,2.68051,617125
1981-07-08,2.70547,2.73658,2.70547,2.73044,2.73044,1072932
1981-07-09,2.73044,2.75541,2.71804,2.75541,2.75541,492292
1981-07-10,2.75541,2.75541,2.68051,2.69288,2.69288,452601
1981-07-13,2.69288,2.73044,2.68051,2.71152,2.71152,377377
1981-07-14,2.71152,2.76165,2.64948,2.68051,2.68051,650734
1981-07-15,2.70547,2.85567,2.70547,2.71804,2.71804,1319715
1981-07-16,2.73044,2.78047,2.73044,2.73044,2.73044,713155
1981-07-17,2.74301,2.78047,2.74301,2.78047,2.78047,1095657
1981-07-20,2.76165,2.76165,2.73658,2.75541,2.75541,576157
1981-07-21,2.75541,2.78047,2.71804,2.73658,2.73658,982663
1981-07-22,2.73658,2.76808,2.70547,2.71152,2.71152,526222
1981-07-23,2.71152,2.73658,2.70547,2.71804,2.71804,419636
1981-07-24,2.71804,2.75541,2.71152,2.75541,2.75541,356259
1981-07-27,2.76165,2.83694,2.76165,2.83041,2.83041,840228
1981-07-28,2.83041,2.83041,2.78671,2.80544,2.80544,730439
1981-07-29,2.81841,2.91839,2.81841,2.86182,2.86182,633447
1981-07-30,2.88679,2.93672,2.88679,2.91839,2.91839,512781
1981-07-31,2.91839,2.94922,2.91839,2.92434,2.92434,365217
1981-08-03,2.92434,2.93672,2.87401,2.92434,2.92434,600481
1981-08-04,2.92434,2.94922,2.88679,2.92434,2.92434,715391
1981-08-05,2.92434,2.98676,2.92434,2.98676,2.98676,948101
1981-08-06,2.9932,3.04938,2.9932,2.99935,2.99935,1085098
1981-08-07,2.99935,2.99935,2.96169,2.97418,2.97418,662261
1981-08-10,2.97418,2.9932,2.93672,2.9932,2.9932,645934
1981-08-11,2.9932,3.08039,2.97418,3.05533,3.05533,1245456
1981-08-12,3.06792,3.11765,3.06792,3.06792,3.06792,1025879
1981-08-13,3.06792,3.12438,3.06792,3.12438,3.12438,1070370
1981-08-14,3.12438,3.1554,3.11765,3.13062,3.13062,1032277
1981-08-17,3.13062,3.1554,3.13062,3.13062,3.13062,700671
1981-08-18,3.13062,3.14302,3.05533,3.07415,3.07415,1032277
1981-08-19,3.07415,3.09298,3.04938,3.05533,3.05533,635692
1981-08-20,3.05533,3.09298,3.05533,3.07415,3.07415,586081
1981-08-21,3.07415,3.09298,2.9932,2.9932,2.9932,813659
1981-08-24,2.93672,2.93672,2.81841,2.81841,2.81841,1371569
1981-08-25,2.81841,2.91166,2.78671,2.88679,2.88679,1300188
1981-08-26,2.88679,2.91166,2.85567,2.88679,2.88679,721475
1981-08-27,2.86182,2.86182,2.80544,2.81198,2.81198,731716
1981-08-28,2.81198,2.88679,2.76808,2.87401,2.87401,634407
1981-08-31,2.87401,2.92434,2.85567,2.88679,2.88679,521422
1981-09-01,2.88679,2.93672,2.85567,2.89907,2.89907,511498
1981-09-02,2.89907,2.96169,2.88679,2.94316,2.94316,355293
1981-09-03,2.94316,2.94922,2.84904,2.84904,2.84904,428912
1981-09-04,2.81841,2.81841,2.78047,2.78047,2.78047,740357
1981-09-08,2.78047,2.78047,2.68051,2.71152,2.71152,977539
1981-09-09,2.71152,2.73658,2.66781,2.70547,2.70547,678262
1981-09-10,2.71804,2.81841,2.71804,2.81841,2.81841,805978
1981-09-11,2.81841,2.87401,2.78671,2.86182,2.86182,661937
1981-09-14,2.86182,2.87401,2.83041,2.83694,2.83694,508617
1981-09-15,2.84904,2.88679,2.84904,2.85567,2.85567,695870
1981-09-16,2.85567,2.85567,2.80544,2.81198,2.81198,683063
1981-09-17,2.81198,2.83694,2.73658,2.73658,2.73658,632487
1981-09-18,2.73658,2.74301,2.70547,2.73658,2.73658,765324
1981-09-21,2.71804,2.71804,2.66781,2.68051,2.68051,668659
1981-09-22,2.68051,2.70547,2.66781,2.66781,2.66781,1108135
1981-09-23,2.66781,2.71152,2.60549,2.71152,2.71152,987468
1981-09-24,2.71152,2.78047,2.64948,2.64948,2.64948,669624
1981-09-25,2.61164,2.61164,2.57428,2.58676,2.58676,1000590
1981-09-28,2.58676,2.71804,2.54316,2.71804,2.71804,1030356
1981-09-29,2.71804,2.73044,2.64948,2.68051,2.68051,1000909
1981-09-30,2.68051,2.68051,2.61164,2.63055,2.63055,509259
1981-10-01,2.63055,2.65552,2.61164,2.65552,2.65552,592799
1981-10-02,2.70547,2.83694,2.70547,2.81841,2.81841,1738708
1981-10-05,2.85567,2.92434,2.85567,2.88679,2.88679,1320036
1981-10-06,2.88679,2.99935,2.85567,2.91839,2.91839,1008595
1981-10-07,2.91839,2.93672,2.89907,2.91839,2.91839,537104
1981-10-08,2.91839,2.94316,2.88679,2.92434,2.92434,674101
1981-10-09,2.92434,2.94316,2.87401,2.88679,2.88679,638568
1981-10-12,2.88679,2.91839,2.84904,2.91166,2.91166,418671
1981-10-13,2.91166,2.91839,2.86182,2.86182,2.86182,318485
1981-10-14,2.86182,2.91166,2.84904,2.88679,2.88679,362016
1981-10-15,2.88679,2.91166,2.86182,2.88679,2.88679,493252
1981-10-16,2.88679,2.92434,2.88679,2.89907,2.89907,324247
1981-10-19,2.89907,2.91166,2.85567,2.91166,2.91166,588954
1981-10-20,2.94922,3.03056,2.94922,2.96813,2.96813,818458
1981-10-21,2.96813,2.97418,2.92434,2.93672,2.93672,765966
1981-10-22,2.93672,2.94922,2.92434,2.93672,2.93672,1112939
1981-10-23,2.93672,2.96169,2.91166,2.91166,2.91166,695547
1981-10-26,2.91166,2.92434,2.84904,2.84904,2.84904,514062
1981-10-27,2.84904,2.88679,2.84904,2.84904,2.84904,521740
1981-10-28,2.84904,2.88679,2.84904,2.85567,2.85567,472447
1981-10-29,2.85567,2.88679,2.84904,2.85567,2.85567,311763
1981-10-30,2.85567,2.94316,2.83041,2.94316,2.94316,479168
1981-11-02,2.96169,3.04938,2.96169,3.01153,3.01153,992589
1981-11-03,3.01153,3.01153,2.96813,2.96813,2.96813,383467
1981-11-04,2.96813,3.03056,2.94922,2.98676,2.98676,1599150
1981-11-05,2.98676,2.9932,2.96813,2.9932,2.9932,364261
1981-11-06,2.9932,2.99935,2.94316,2.9932,2.9932,555668
1981-11-09,2.9932,3.01153,2.94922,3.01153,3.01153,588315
1981-11-10,3.01153,3.01153,2.96169,2.96813,2.96813,248067
1981-11-11,2.96169,2.96169,2.92434,2.92434,2.92434,290317
1981-11-12,2.93672,2.9932,2.93672,2.97418,2.97418,501893
1981-11-13,2.97418,3.01153,2.94316,2.94316,2.94316,357216
1981-11-16,2.94316,2.94922,2.87401,2.88679,2.88679,435317
1981-11-17,2.88679,2.91839,2.86182,2.91839,2.91839,825185
1981-11-18,2.88679,2.88679,2.81841,2.83694,2.83694,927293
1981-11-19,2.83694,2.88679,2.83694,2.87401,2.87401,575195
1981-11-20,2.87401,2.93672,2.86182,2.88679,2.88679,618728
1981-11-23,2.88679,2.91839,2.87401,2.88679,2.88679,463481
1981-11-24,2.89907,2.96169,2.89907,2.93672,2.93672,705147
1981-11-25,2.96169,3.04938,2.96169,3.01797,3.01797,1048284
1981-11-27,3.03056,3.09298,3.03056,3.04938,3.04938,517896
1981-11-30,3.07415,3.09922,3.07415,3.09922,3.09922,645615
1981-12-01,3.09922,3.10537,3.05533,3.06792,3.06792,702911
1981-12-02,3.06792,3.07415,3.03056,3.04938,3.04938,549268
1981-12-03,3.04938,3.06792,3.03056,3.06792,3.06792,580632
1981-12-04,3.08039,3.09922,3.08039,3.08039,3.08039,773971
1981-12-07,3.08039,3.09298,3.04938,3.06792,3.06792,750921
1981-12-08,3.06792,3.08039,3.05533,3.07415,3.07415,305687
1981-12-09,3.07415,3.14907,3.07415,3.14907,3.14907,606238
1981-12-10,3.14907,3.16788,3.10537,3.10537,3.10537,705474
1981-12-11,3.10537,3.12438,3.04938,3.05533,3.05533,685949
1981-12-14,3.01797,3.01797,2.94316,2.97418,2.97418,829980
1981-12-15,2.97418,2.97418,2.94316,2.94316,2.94316,667057
1981-12-16,2.94316,2.96169,2.91166,2.91166,2.91166,937851
1981-12-17,2.91166,2.94316,2.89907,2.94316,2.94316,421230
1981-12-18,2.94316,2.97418,2.92434,2.93672,2.93672,534866
1981-12-21,2.93672,2.94922,2.91839,2.93672,2.93672,531983
1981-12-22,2.93672,2.94316,2.91839,2.93672,2.93672,404589
1981-12-23,2.93672,2.97418,2.92434,2.96813,2.96813,399467
1981-12-24,2.96813,2.9932,2.94922,2.98676,2.98676,217984
1981-12-28,2.98676,3.01797,2.96169,2.96169,2.96169,241344
1981-12-29,2.96169,2.97418,2.94316,2.96813,2.96813,429875
1981-12-30,2.96813,2.9932,2.94922,2.9932,2.9932,314965
1981-12-31,2.98676,2.98676,2.94316,2.94922,2.94922,190454
1982-01-04,2.91166,2.94922,2.85567,2.86182,2.86182,400110
1982-01-05,2.80544,2.85567,2.75541,2.75541,2.75541,722433
1982-01-06,2.71152,2.75541,2.66781,2.69288,2.69288,864878
1982-01-07,2.68051,2.69288,2.66781,2.66781,2.66781,778131
1982-01-08,2.68051,2.70547,2.64948,2.64948,2.64948,467328
1982-01-11,2.62442,2.64948,2.58676,2.58676,2.58676,1254742
1982-01-12,2.59944,2.64295,2.55535,2.61164,2.61164,590240
1982-01-13,2.60549,2.65552,2.55535,2.57428,2.57428,542545
1982-01-14,2.58676,2.61164,2.56813,2.59944,2.59944,819740
1982-01-15,2.60549,2.62442,2.58062,2.58676,2.58676,564633
1982-01-18,2.58676,2.63055,2.54951,2.61164,2.61164,466680
1982-01-19,2.57428,2.63055,2.51186,2.52405,2.52405,1449356
1982-01-20,2.46796,2.51186,2.42447,2.46796,2.46796,760846
1982-01-21,2.46153,2.46796,2.44299,2.46153,2.46153,459964
1982-01-22,2.44953,2.46153,2.43676,2.44953,2.44953,465086
1982-01-25,2.42447,2.46153,2.39276,2.44953,2.44953,858791
1982-01-26,2.51186,2.54951,2.46796,2.52405,2.52405,826462
1982-01-27,2.49928,2.53019,2.46796,2.4742,2.4742,715713
1982-01-28,2.49928,2.51186,2.4742,2.49928,2.49928,581916
1982-01-29,2.51186,2.53019,2.48689,2.51186,2.51186,561432
1982-02-01,2.41803,2.46153,2.36789,2.37423,2.37423,1080292
1982-02-02,2.3558,2.39276,2.32449,2.33043,2.33043,1026195
1982-02-03,2.30527,2.33043,2.2805,2.2805,2.2805,1423103
1982-02-04,2.29328,2.31796,2.26148,2.31796,2.31796,1159672
1982-02-05,2.33043,2.3558,2.29328,2.31796,2.31796,707390
1982-02-08,2.26821,2.29328,2.23661,2.25543,2.25543,959622
1982-02-09,2.19945,2.25543,2.14941,2.16814,2.16814,1654524
1982-02-10,2.19945,2.22451,2.16814,2.22451,2.22451,1302750
1982-02-11,2.18725,2.21174,2.14941,2.16199,2.16199,684986
1982-02-12,2.17438,2.1932,2.16199,2.17438,2.17438,520780
1982-02-16,2.11811,2.14297,2.09313,2.13682,2.13682,820382
1982-02-17,2.12445,2.14297,2.11195,2.11195,2.11195,478528
1982-02-18,2.12445,2.14297,2.09938,2.12445,2.12445,619044
1982-02-19,2.11195,2.13682,2.07431,2.09938,2.09938,725313
1982-02-22,2.11195,2.13682,2.08055,2.09938,2.09938,662899
1982-02-23,2.09313,2.11811,2.05588,2.11811,2.11811,1541219
1982-02-24,2.17438,2.22451,2.12445,2.21174,2.21174,2565491
1982-02-25,2.22451,2.25543,2.1932,2.21174,2.21174,728203
1982-02-26,2.1932,2.21174,2.16814,2.18725,2.18725,347291
1982-03-01,2.16199,2.1932,2.11811,2.16814,2.16814,539986
1982-03-02,2.12445,2.16814,2.08055,2.08055,2.08055,572953
1982-03-03,2.0431,2.07431,1.99316,2.0431,2.0431,2014301
1982-03-04,2.05588,2.07431,2.0431,2.0431,2.0431,1506328
1982-03-05,2.0431,2.05588,2.01169,2.0309,2.0309,896880
1982-03-08,2.01813,2.06806,1.96819,2.01169,2.01169,671541
1982-03-09,2.05588,2.09938,2.01169,2.09313,2.09313,1525214
1982-03-10,2.12445,2.18725,2.06806,2.14941,2.14941,1540895
1982-03-11,2.18725,2.21174,2.16199,2.19945,2.19945,974343
1982-03-12,2.1932,2.22451,2.16814,2.19945,2.19945,703869
1982-03-15,2.24948,2.30527,2.18725,2.30527,2.30527,617125
1982-03-16,2.30527,2.32449,2.2805,2.2805,2.2805,746761
1982-03-17,2.25543,2.26821,2.22451,2.24948,2.24948,552470
1982-03-18,2.29328,2.31796,2.25543,2.29328,2.29328,792211
1982-03-19,2.2805,2.30527,2.25543,2.25543,2.25543,902642
1982-03-22,2.29328,2.31796,2.2805,2.29328,2.29328,728513
1982-03-23,2.31796,2.34263,2.2805,2.31796,2.31796,1114225
1982-03-24,2.2805,2.31796,2.23661,2.23661,2.23661,646896
1982-03-25,2.22451,2.23661,2.1932,2.19945,2.19945,961861
1982-03-26,2.14941,2.18725,2.11195,2.16199,2.16199,982987
1982-03-29,2.14941,2.16199,2.13682,2.14941,2.14941,342173
1982-03-30,2.13682,2.16814,2.09313,2.12445,2.12445,838624
1982-03-31,2.11195,2.12445,2.09313,2.11195,2.11195,869993
1982-04-01,2.13682,2.16814,2.09938,2.16814,2.16814,1263063
1982-04-02,2.19945,2.23661,2.16199,2.22451,2.22451,812060
1982-04-05,2.21174,2.22451,2.1932,2.1932,2.1932,771090
1982-04-06,2.21174,2.25543,2.16814,2.24948,2.24948,756042
1982-04-07,2.21174,2.24948,2.16814,2.22451,2.22451,1876342
1982-04-08,2.22451,2.23661,2.21174,2.22451,2.22451,1415104
1982-04-12,2.18725,2.19945,2.16199,2.16814,2.16814,902005
1982-04-13,2.14941,2.16814,2.12445,2.12445,2.12445,403314
1982-04-14,2.11811,2.12445,2.09938,2.11195,2.11195,846629
1982-04-15,2.11195,2.12445,2.08055,2.12445,2.12445,919606
1982-04-16,2.11195,2.12445,2.08055,2.09938,2.09938,985864
1982-04-19,2.09313,2.09938,2.07431,2.09313,2.09313,765966
1982-04-20,2.06806,2.08055,2.0431,2.05588,2.05588,769167
1982-04-21,2.00573,2.0309,1.98067,2.01813,2.01813,1058527
1982-04-22,2.09938,2.12445,2.06806,2.09938,2.09938,1157430
1982-04-23,2.18725,2.22451,2.14941,2.21174,2.21174,2093366
1982-04-26,2.19945,2.22451,2.17438,2.1932,2.1932,1076129
1982-04-27,2.16199,2.19945,2.11195,2.11811,2.11811,1244174
1982-04-28,2.09313,2.11811,2.05588,2.07431,2.07431,2345275
1982-04-29,2.04925,2.05588,2.0309,2.0431,2.0431,2037028
1982-04-30,2.0431,2.05588,2.01813,2.05588,2.05588,665137
1982-05-03,2.06806,2.11811,2.00573,2.11811,2.11811,692668
1982-05-04,2.09938,2.11811,2.07431,2.09313,2.09313,602716
1982-05-05,2.12445,2.16814,2.08055,2.14297,2.14297,1355885
1982-05-06,2.19945,2.22451,2.17438,2.22451,2.22451,1907070
1982-05-07,2.34263,2.42447,2.24948,2.40573,2.40573,4133277
1982-05-10,2.36789,2.39276,2.34263,2.38076,2.38076,1233617
1982-05-11,2.37423,2.40573,2.34263,2.39276,2.39276,1389817
1982-05-12,2.38076,2.41803,2.34947,2.3558,2.3558,889520
1982-05-13,2.38076,2.40573,2.3558,2.36789,2.36789,918970
1982-05-14,2.37423,2.38076,2.3558,2.37423,2.37423,578078
1982-05-17,2.33043,2.3558,2.29328,2.31796,2.31796,798935
1982-05-18,2.29328,2.31796,2.2805,2.30527,2.30527,439157
1982-05-19,2.2805,2.32449,2.23661,2.23661,2.23661,764683
1982-05-20,2.24948,2.2805,2.19945,2.19945,2.19945,716674
1982-05-21,2.24948,2.26821,2.21174,2.26821,2.26821,619366
1982-05-24,2.24948,2.2805,2.19945,2.19945,2.19945,716674
1982-05-25,2.3558,2.38076,2.33043,2.33043,2.33043,958658
1982-05-26,2.29328,2.31796,2.26148,2.30527,2.30527,581916
1982-05-27,2.29328,2.31796,2.2805,2.29328,2.29328,333847
1982-05-28,2.29328,2.32449,2.26148,2.2805,2.2805,725313
1982-06-01,2.31796,2.33043,2.29328,2.33043,2.33043,486852
1982-06-02,2.34263,2.36789,2.31796,2.33043,2.33043,1110704
1982-06-03,2.31796,2.33043,2.29328,2.33043,2.33043,518544
1982-06-04,2.32449,2.33043,2.30527,2.31796,2.31796,252870
1982-06-07,2.30527,2.32449,2.29328,2.29328,2.29328,538388
1982-06-08,2.29328,2.30527,2.2805,2.29328,2.29328,396907
1982-06-09,2.29328,2.29328,2.21174,2.23661,2.23661,1012120
1982-06-10,2.25543,2.2805,2.22451,2.23661,2.23661,629291
1982-06-11,2.29328,2.29328,2.26821,2.2805,2.2805,671856
1982-06-14,2.24948,2.26148,2.22451,2.24948,2.24948,449403
1982-06-15,2.19945,2.22451,2.16814,2.19945,2.19945,561432
1982-06-16,2.13682,2.1932,2.06806,2.07431,2.07431,2181708
1982-06-17,2.0431,2.05588,2.01813,2.05588,2.05588,1010827
1982-06-18,2.04925,2.06806,2.0309,2.06806,2.06806,1223368
1982-06-21,2.0431,2.05588,2.01813,2.01813,2.01813,378341
1982-06-22,2.00573,2.0309,1.96819,2.01169,2.01169,884393
1982-06-23,2.0431,2.08055,1.99316,2.08055,2.08055,560156
1982-06-24,2.06806,2.09313,2.0309,2.04925,2.04925,745799
1982-06-25,2.0309,2.04925,2.00573,2.01813,2.01813,664181
1982-06-28,2.04925,2.07431,2.01169,2.05588,2.05588,839584
1982-06-29,2.0431,2.05588,2.01813,2.0431,2.0431,863916
1982-06-30,2.01169,2.04925,1.98067,1.98067,1.98067,1222093
1982-07-01,1.96819,1.99316,1.93679,1.93679,1.93679,861995
1982-07-02,1.93679,1.96204,1.91181,1.91825,1.91825,681782
1982-07-06,1.91181,1.92469,1.89319,1.91825,1.91825,462849
1982-07-07,1.92469,1.94312,1.91181,1.92469,1.92469,390506
1982-07-08,1.87436,1.93679,1.80588,1.92469,1.92469,919288
1982-07-09,1.91825,1.93679,1.89953,1.91825,1.91825,899122
1982-07-12,1.84968,1.91181,1.79341,1.8368,1.8368,2804917
1982-07-13,1.82471,1.8368,1.80588,1.80588,1.80588,1372849
1982-07-14,1.87436,1.91825,1.82471,1.89953,1.89953,2092720
1982-07-15,1.92469,1.96204,1.89319,1.91181,1.91181,970183
1982-07-16,1.91825,1.93679,1.89319,1.93679,1.93679,468284
1982-07-19,1.96204,1.96819,1.94312,1.94312,1.94312,390180
1982-07-20,1.89319,1.96204,1.82471,1.82471,1.82471,1138547
1982-07-21,1.86831,1.88684,1.8368,1.86197,1.86197,593441
1982-07-22,1.82471,1.84968,1.79955,1.8368,1.8368,1036115
1982-07-23,1.8368,1.86831,1.81183,1.86831,1.86831,783571
1982-07-26,1.87436,1.88684,1.86831,1.88684,1.88684,325206
1982-07-27,1.84968,1.86831,1.82471,1.82471,1.82471,1145267
1982-07-28,1.79955,1.8368,1.76834,1.79341,1.79341,721475
1982-07-29,1.75575,1.79341,1.7184,1.74318,1.74318,962825
1982-07-30,1.74318,1.76834,1.73078,1.73712,1.73712,931452
1982-08-02,1.73078,1.73712,1.71206,1.73078,1.73078,849822
1982-08-03,1.7184,1.75575,1.68085,1.68085,1.68085,1150390
1982-08-04,1.66183,1.69332,1.61812,1.66183,1.66183,1203523
1982-08-05,1.66798,1.69332,1.64319,1.66798,1.66798,985223
1982-08-06,1.65598,1.66183,1.63696,1.66183,1.66183,1330278
1982-08-09,1.66798,1.70572,1.63696,1.68689,1.68689,653939
1982-08-10,1.71206,1.73712,1.68085,1.69332,1.69332,571996
1982-08-11,1.7184,1.74318,1.69332,1.7184,1.7184,517582
1982-08-12,1.73712,1.74318,1.7184,1.7184,1.7184,470850
1982-08-13,1.73078,1.75575,1.69332,1.75575,1.75575,608160
1982-08-16,1.76834,1.79955,1.73078,1.73078,1.73078,1197759
1982-08-17,1.76834,1.80588,1.73078,1.79955,1.79955,1225935
1982-08-18,1.80588,1.8368,1.78053,1.79341,1.79341,874475
1982-08-19,1.76834,1.79955,1.7184,1.76834,1.76834,787731
1982-08-20,1.81183,1.84968,1.76834,1.8368,1.8368,1062689
1982-08-23,1.86831,1.91825,1.80588,1.89953,1.89953,1142711
1982-08-24,1.8368,1.89319,1.79341,1.8368,1.8368,1634680
1982-08-25,1.91825,1.99316,1.8368,1.99316,1.99316,2006622
1982-08-26,2.05588,2.11195,1.99316,2.0309,2.0309,2362558
1982-08-27,1.98652,2.01169,1.96204,1.98067,1.98067,1070685
1982-08-30,1.96204,1.98652,1.93679,1.98652,1.98652,682745
1982-08-31,1.94312,1.98067,1.89953,1.91181,1.91181,675704
1982-09-01,1.91181,1.92469,1.89319,1.89953,1.89953,2677522
1982-09-02,1.96204,2.01169,1.89953,1.99316,1.99316,1150707
1982-09-03,2.12445,2.18725,2.05588,2.09938,2.09938,2360313
1982-09-07,2.09313,2.11195,2.06806,2.08055,2.08055,602716
1982-09-08,2.11195,2.14297,2.06806,2.13682,2.13682,1887228
1982-09-09,2.16814,2.19945,2.13682,2.13682,2.13682,1772318
1982-09-10,2.06806,2.09313,2.0309,2.09313,2.09313,2039912
1982-09-13,2.07431,2.09313,2.05588,2.08055,2.08055,1139506
1982-09-14,2.09938,2.12445,2.07431,2.08055,2.08055,1615160
1982-09-15,2.11195,2.13682,2.07431,2.13682,2.13682,1947720
1982-09-16,2.14297,2.16814,2.11811,2.13682,2.13682,1023320
1982-09-17,2.11811,2.12445,2.09938,2.11195,2.11195,602405
1982-09-20,2.11811,2.14941,2.08055,2.13682,2.13682,720193
1982-09-21,2.14297,2.16199,2.11811,2.14941,2.14941,497089
1982-09-22,2.14297,2.1932,2.08055,2.08055,2.08055,775566
1982-09-23,2.06806,2.08055,2.04925,2.08055,2.08055,1155187
1982-09-24,2.05588,2.07431,2.0431,2.05588,2.05588,528143
1982-09-27,2.04925,2.06806,2.01813,2.06806,2.06806,335128
1982-09-28,2.07431,2.08055,2.05588,2.05588,2.05588,883118
1982-09-29,2.0431,2.05588,2.01169,2.0309,2.0309,428273
1982-09-30,1.99316,2.0309,1.96204,1.96819,1.96819,420278
1982-10-01,1.96204,1.98652,1.92469,1.96819,1.96819,489412
1982-10-04,1.98067,2.00573,1.94312,1.96819,1.96819,686264
1982-10-05,1.98652,2.01169,1.94976,2.00573,2.00573,424115
1982-10-06,2.06806,2.11195,2.01813,2.08055,2.08055,439476
1982-10-07,2.07431,2.11195,2.0309,2.04925,2.04925,911604
1982-10-08,2.08055,2.09938,2.05588,2.08055,2.08055,952893
1982-10-11,2.14297,2.17438,2.09938,2.13682,2.13682,1573543
1982-10-12,2.24948,2.30527,2.18725,2.25543,2.25543,2358399
1982-10-13,2.3558,2.43676,2.26821,2.39276,2.39276,2155142
1982-10-14,2.42447,2.4742,2.37423,2.38076,2.38076,1393976
1982-10-15,2.40573,2.46153,2.3558,2.41803,2.41803,1452871
1982-10-18,2.44953,2.4742,2.42447,2.46796,2.46796,1194246
1982-10-19,2.44953,2.51186,2.39276,2.44299,2.44299,1516251
1982-10-20,2.43676,2.4742,2.39276,2.4742,2.4742,1117742
1982-10-21,2.43676,2.46796,2.39276,2.44299,2.44299,1258900
1982-10-22,2.46153,2.51186,2.3994,2.40573,2.40573,2080243
1982-10-25,2.25543,2.29328,2.22451,2.23661,2.23661,2064236
1982-10-26,2.22451,2.26148,2.16814,2.23661,2.23661,2389771
1982-10-27,2.22451,2.25543,2.17438,2.19945,2.19945,1193600
1982-10-28,2.16814,2.1932,2.13682,2.13682,2.13682,1236812
1982-10-29,2.08055,2.09938,2.06806,2.08055,2.08055,2200596
1982-11-01,2.09938,2.13682,2.06806,2.13682,2.13682,1118063
1982-11-02,2.19945,2.22451,2.17438,2.17438,2.17438,901048
1982-11-03,2.22451,2.26148,2.18725,2.23661,2.23661,2307500
1982-11-04,2.24948,2.26821,2.21174,2.22451,2.22451,1150707
1982-11-05,2.19945,2.22451,2.18725,2.22451,2.22451,848549
1982-11-08,2.16199,2.16814,2.14297,2.16814,2.16814,726907
1982-11-09,2.13682,2.17438,2.08055,2.17438,2.17438,1092454
1982-11-10,2.17438,2.22451,2.13682,2.16814,2.16814,1250259
1982-11-11,2.14297,2.16199,2.11811,2.16199,2.16199,644657
1982-11-12,2.11195,2.14941,2.06806,2.06806,2.06806,1311392
1982-11-15,2.07431,2.09313,2.05588,2.08055,2.08055,1500245
1982-11-16,2.0309,2.05588,1.99316,2.04925,2.04925,2504674
1982-11-17,2.06806,2.09313,2.0431,2.09313,2.09313,1819692
1982-11-18,2.12445,2.14941,2.09313,2.14297,2.14297,1150071
1982-11-19,2.12445,2.16199,2.09313,2.09938,2.09938,982987
1982-11-22,2.05588,2.09313,2.01169,2.01813,2.01813,1063968
1982-11-23,1.99316,2.0309,1.94976,1.94976,1.94976,915766
1982-11-24,1.94976,1.98067,1.92469,1.96819,1.96819,885356
1982-11-26,1.96819,1.98652,1.94976,1.96204,1.96204,591521
1982-11-29,1.96204,1.98067,1.93679,1.94312,1.94312,1234252
1982-11-30,2.01169,2.09313,1.92469,2.09313,2.09313,1942284
1982-12-01,2.04925,2.09313,1.99316,2.04925,2.04925,1600109
1982-12-02,2.05588,2.08055,2.0309,2.04925,2.04925,770766
1982-12-03,2.04925,2.07431,2.01813,2.06806,2.06806,774291
1982-12-06,2.09938,2.14297,2.04925,2.14297,2.14297,1903553
1982-12-07,2.13682,2.16814,2.09938,2.14941,2.14941,691382
1982-12-08,2.16814,2.19945,2.13682,2.16814,2.16814,1096294
1982-12-09,2.18725,2.25543,2.11811,2.18725,2.18725,1081894
1982-12-10,2.24948,2.2805,2.21174,2.25543,2.25543,1645882
1982-12-13,2.23661,2.26821,2.19945,2.22451,2.22451,1010514
1982-12-14,2.1932,2.25543,2.13682,2.13682,2.13682,1054681
1982-12-15,2.16199,2.18725,2.12445,2.16814,2.16814,630568
1982-12-16,2.16814,2.18725,2.14941,2.16814,2.16814,708674
1982-12-17,2.22451,2.24948,2.1932,2.23661,2.23661,593441
1982-12-20,2.24948,2.29328,2.19945,2.22451,2.22451,999308
1982-12-21,2.19945,2.23661,2.16814,2.22451,2.22451,594717
1982-12-22,2.22451,2.25543,2.19945,2.21174,2.21174,627052
1982-12-23,2.22451,2.23661,2.1932,2.22451,2.22451,511498
1982-12-27,2.24948,2.25543,2.22451,2.24948,2.24948,575836
1982-12-28,2.22451,2.26148,2.1932,2.1932,2.1932,538066
1982-12-29,2.1932,2.21174,2.16814,2.19945,2.19945,524943
1982-12-30,2.21174,2.22451,2.18725,2.21174,2.21174,654576
1982-12-31,2.19945,2.21174,2.18725,2.19945,2.19945,351129
1983-01-03,2.18725,2.22451,2.14297,2.14941,2.14941,1363252
1983-01-04,2.21174,2.26821,2.14297,2.26148,2.26148,947776
1983-01-05,2.32449,2.37423,2.26821,2.34947,2.34947,1724626
1983-01-06,2.39276,2.42447,2.3558,2.39276,2.39276,1815209
1983-01-07,2.3994,2.43676,2.3558,2.37423,2.37423,1848181
1983-01-10,2.34947,2.37423,2.32449,2.3558,2.3558,578718
1983-01-11,2.34263,2.3558,2.32449,2.33043,2.33043,798293
1983-01-12,2.33043,2.3558,2.30527,2.30527,2.30527,868717
1983-01-13,2.25543,2.29328,2.19945,2.22451,2.22451,984910
1983-01-14,2.22451,2.24948,2.21174,2.22451,2.22451,1116783
1983-01-17,2.22451,2.24948,2.1932,2.1932,2.1932,890802
1983-01-18,2.1932,2.22451,2.14941,2.21174,2.21174,1351403
1983-01-19,2.22451,2.25543,2.19945,2.24948,2.24948,717312
1983-01-20,2.34263,2.41803,2.25543,2.41803,2.41803,2276775
1983-01-21,2.3994,2.41803,2.37423,2.40573,2.40573,1421502
1983-01-24,2.25543,2.30527,2.19945,2.22451,2.22451,1265623
1983-01-25,2.17438,2.22451,2.12445,2.16814,2.16814,1086693
1983-01-26,2.21174,2.24948,2.16814,2.22451,2.22451,2143299
1983-01-27,2.26148,2.31796,2.21174,2.29328,2.29328,1031636
1983-01-28,2.30527,2.34263,2.26821,2.30527,2.30527,1005711
1983-01-31,2.26821,2.29328,2.24948,2.2805,2.2805,916090
1983-02-01,2.22451,2.26821,2.18725,2.1932,2.1932,1526811
1983-02-02,2.14941,2.17438,2.12445,2.16814,2.16814,1848495
1983-02-03,2.22451,2.26148,2.17438,2.25543,2.25543,1153272
1983-02-04,2.26148,2.32449,2.1932,2.31796,2.31796,2622784
1983-02-07,2.32449,2.34947,2.29328,2.33043,2.33043,671541
1983-02-08,2.29328,2.34947,2.23661,2.26821,2.26821,2441620
1983-02-09,2.29328,2.32449,2.25543,2.31796,2.31796,1149751
1983-02-10,2.39276,2.44953,2.33043,2.42447,2.42447,2506276
1983-02-11,2.41803,2.44953,2.37423,2.38076,2.38076,2622146
1983-02-14,2.37423,2.38076,2.3558,2.3558,2.3558,983629
1983-02-15,2.39276,2.42447,2.34947,2.39276,2.39276,1742868
1983-02-16,2.40573,2.42447,2.38076,2.38076,2.38076,1065246
1983-02-17,2.3994,2.44299,2.3558,2.42447,2.42447,1360690
1983-02-18,2.43676,2.46153,2.3994,2.43676,2.43676,985864
1983-02-22,2.3558,2.37423,2.33043,2.34263,2.34263,1629238
1983-02-23,2.34947,2.37423,2.32449,2.3558,2.3558,1491278
1983-02-24,2.46153,2.51186,2.3994,2.49928,2.49928,1793766
1983-02-25,2.54951,2.58062,2.51186,2.53019,2.53019,2923673
1983-02-28,2.4742,2.49928,2.44299,2.4742,2.4742,1669569
1983-03-01,2.53019,2.56813,2.48689,2.54951,2.54951,1476879
1983-03-02,2.55535,2.58676,2.52405,2.54316,2.54316,2258212
1983-03-03,2.56813,2.58676,2.54316,2.56813,2.56813,1861302
1983-03-04,2.55535,2.58062,2.53019,2.58062,2.58062,1604590
1983-03-07,2.58676,2.60549,2.56813,2.60549,2.60549,875437
1983-03-08,2.55535,2.60549,2.49928,2.49928,2.49928,1293789
1983-03-09,2.53019,2.56813,2.49928,2.54951,2.54951,955454
1983-03-10,2.57428,2.60549,2.53019,2.54951,2.54951,1418620
1983-03-11,2.54316,2.58676,2.4742,2.52405,2.52405,545421
1983-03-14,2.54951,2.57428,2.52405,2.54951,2.54951,1054045
1983-03-15,2.54316,2.55535,2.52405,2.53019,2.53019,877999
1983-03-16,2.4742,2.53019,2.41803,2.41803,2.41803,996434
1983-03-17,2.39276,2.40573,2.36789,2.38076,2.38076,2121853
1983-03-18,2.3994,2.40573,2.38076,2.3994,2.3994,983946
1983-03-21,2.3994,2.46153,2.34263,2.44299,2.44299,1566180
1983-03-22,2.40573,2.42447,2.39276,2.3994,2.3994,1341161
1983-03-23,2.41803,2.43676,2.39276,2.41803,2.41803,806940
1983-03-24,2.43676,2.46153,2.40573,2.46153,2.46153,1440391
1983-03-25,2.46796,2.49928,2.43676,2.44953,2.44953,1048605
1983-03-28,2.44299,2.44953,2.42447,2.42447,2.42447,717312
1983-03-29,2.43676,2.44953,2.41803,2.43676,2.43676,507336
1983-03-30,2.4742,2.51186,2.44299,2.49928,2.49928,876395
1983-03-31,2.68051,2.71152,2.63055,2.64295,2.64295,4204970
1983-04-04,2.64295,2.66781,2.61164,2.66781,2.66781,1979095
1983-04-05,2.64295,2.69288,2.58062,2.60549,2.60549,2026465
1983-04-06,2.55535,2.59944,2.51186,2.53019,2.53019,1288029
1983-04-07,2.53019,2.54951,2.49928,2.54316,2.54316,751561
1983-04-08,2.57428,2.63055,2.49928,2.63055,2.63055,2455380
1983-04-11,2.68051,2.69288,2.65552,2.68051,2.68051,1400055
1983-04-12,2.65552,2.68051,2.62442,2.66781,2.66781,1080292
1983-04-13,2.64295,2.68051,2.59944,2.62442,2.62442,603044
1983-04-14,2.59944,2.62442,2.57428,2.58676,2.58676,334176
1983-04-15,2.59944,2.61164,2.57428,2.58676,2.58676,667057
1983-04-18,2.54951,2.58676,2.49928,2.54951,2.54951,1158708
1983-04-19,2.52405,2.53019,2.49928,2.52405,2.52405,910007
1983-04-20,2.54316,2.55535,2.52405,2.54951,2.54951,842148
1983-04-21,2.51186,2.54951,2.4742,2.49928,2.49928,926652
1983-04-22,2.49928,2.52405,2.4742,2.48689,2.48689,687866
1983-04-25,2.52405,2.54316,2.49928,2.49928,2.49928,679540
1983-04-26,2.57428,2.65552,2.48689,2.64948,2.64948,1250259
1983-04-27,2.71804,2.74301,2.68051,2.71804,2.71804,2122492
1983-04-28,2.74301,2.76165,2.71804,2.74301,2.74301,1658047
1983-04-29,2.76165,2.80544,2.71152,2.80544,2.80544,1846578
1983-05-02,2.78047,2.81198,2.73658,2.75541,2.75541,2353597
1983-05-03,2.71152,2.73658,2.68051,2.73658,2.73658,1571625
1983-05-04,2.71152,2.71804,2.69288,2.70547,2.70547,2927190
1983-05-05,2.61164,2.64295,2.58676,2.61164,2.61164,1846902
1983-05-06,2.65552,2.69288,2.61164,2.64295,2.64295,1681416
1983-05-09,2.64948,2.66781,2.63055,2.64295,2.64295,919288
1983-05-10,2.64295,2.65552,2.62442,2.63055,2.63055,997710
1983-05-11,2.66781,2.69288,2.64295,2.65552,2.65552,1739031
1983-05-12,2.68051,2.68051,2.65552,2.66781,2.66781,758925
1983-05-13,2.65552,2.68051,2.64295,2.64295,2.64295,525901
1983-05-16,2.65552,2.71804,2.59944,2.71152,2.71152,684344
1983-05-17,2.69288,2.71804,2.66781,2.69288,2.69288,815903
1983-05-18,2.68051,2.71152,2.59944,2.61164,2.61164,922810
1983-05-19,2.59944,2.61164,2.54951,2.57428,2.57428,1273300
1983-05-20,2.53019,2.56813,2.53019,2.54951,2.54951,1087654
1983-05-23,2.54951,2.60549,2.53019,2.59944,2.59944,1668933
1983-05-24,2.60549,2.64295,2.59944,2.64295,2.64295,844389
1983-05-25,2.62442,2.63055,2.58062,2.61164,2.61164,769167
1983-05-26,2.61164,2.61164,2.55535,2.55535,2.55535,582559
1983-05-27,2.54951,2.57428,2.54316,2.57428,2.57428,454524
1983-05-31,2.54951,2.56813,2.52405,2.54316,2.54316,519823
1983-06-01,2.52405,2.54316,2.46796,2.49928,2.49928,640815
1983-06-02,2.51186,2.51186,2.4742,2.51186,2.51186,620325
1983-06-03,2.49928,2.49928,2.48689,2.49928,2.49928,620646
1983-06-06,2.48689,2.51186,2.44953,2.44953,2.44953,780370
1983-06-07,2.46153,2.46796,2.38076,2.38076,2.38076,976585
1983-06-08,2.38076,2.3994,2.30527,2.34263,2.34263,1104938
1983-06-09,2.33043,2.36789,2.30527,2.3558,2.3558,754124
1983-06-10,2.36789,2.3994,2.34947,2.38076,2.38076,977226
1983-06-13,2.3994,2.44953,2.37423,2.44953,2.44953,853034
1983-06-14,2.43676,2.48689,2.42447,2.44953,2.44953,956743
1983-06-15,2.43676,2.44299,2.38076,2.42447,2.42447,556309
1983-06-16,2.44299,2.54316,2.41803,2.53019,2.53019,1503444
1983-06-17,2.56813,2.64948,2.55535,2.64948,2.64948,2705692
1983-06-20,2.64295,2.65552,2.61164,2.63055,2.63055,1099499
1983-06-21,2.62442,2.70547,2.59944,2.70547,2.70547,1237776
1983-06-22,2.71152,2.74301,2.66781,2.71804,2.71804,1518489
1983-06-23,2.70547,2.71152,2.65552,2.68051,2.68051,794777
1983-06-24,2.68051,2.71804,2.65552,2.71152,2.71152,756684
1983-06-27,2.71804,2.71804,2.60549,2.62442,2.62442,1066207
1983-06-28,2.62442,2.65552,2.61164,2.63055,2.63055,853991
1983-06-29,2.61164,2.70547,2.60549,2.65552,2.65552,694591
1983-06-30,2.68051,2.71152,2.65552,2.70547,2.70547,1816167
1983-07-01,2.68051,2.70547,2.68051,2.68051,2.68051,955778
1983-07-05,2.63055,2.66781,2.61164,2.65552,2.65552,1177918
1983-07-06,2.66781,2.71804,2.66781,2.71804,2.71804,1296990
1983-07-07,2.69288,2.74301,2.66781,2.69288,2.69288,2664398
1983-07-08,2.68051,2.70547,2.65552,2.65552,2.65552,1190402
1983-07-11,2.65552,2.66781,2.64295,2.65552,2.65552,547351
1983-07-12,2.65552,2.65552,2.58676,2.60549,2.60549,604965
1983-07-13,2.59944,2.62442,2.58676,2.60549,2.60549,1277786
1983-07-14,2.60549,2.63055,2.59944,2.61164,2.61164,1090216
1983-07-15,2.61164,2.61164,2.58062,2.61164,2.61164,411310
1983-07-18,2.61164,2.62442,2.58676,2.61164,2.61164,542224
1983-07-19,2.62442,2.65552,2.61164,2.62442,2.62442,896243
1983-07-20,2.64295,2.68051,2.64295,2.68051,2.68051,1319715
1983-07-21,2.64948,2.65552,2.58676,2.63055,2.63055,1059484
1983-07-22,2.62442,2.64948,2.58676,2.62442,2.62442,1120302
1983-07-25,2.61164,2.66781,2.59944,2.64948,2.64948,861032
1983-07-26,2.63055,2.68051,2.62442,2.65552,2.65552,525262
1983-07-27,2.68051,2.71152,2.65552,2.66781,2.66781,1025559
1983-07-28,2.64948,2.68051,2.58676,2.59944,2.59944,484296
1983-07-29,2.54951,2.54951,2.44953,2.4742,2.4742,5348325
1983-08-01,2.46153,2.4742,2.42447,2.44953,2.44953,1182720
1983-08-02,2.44953,2.49928,2.44299,2.44953,2.44953,936254
1983-08-03,2.46153,2.53019,2.44953,2.53019,2.53019,2199312
1983-08-04,2.49928,2.49928,2.44299,2.4742,2.4742,1759194
1983-08-05,2.46153,2.4742,2.43676,2.44953,2.44953,795737
1983-08-08,2.46153,2.46153,2.40573,2.41803,2.41803,696510
1983-08-09,2.41803,2.4742,2.41803,2.4742,2.4742,516939
1983-08-10,2.4742,2.55535,2.46796,2.54316,2.54316,1205127
1983-08-11,2.54316,2.55535,2.51186,2.53019,2.53019,1108459
1983-08-12,2.52405,2.56813,2.52405,2.55535,2.55535,615202
1983-08-15,2.57428,2.60549,2.56813,2.58062,2.58062,902967
1983-08-16,2.58062,2.61164,2.57428,2.61164,2.61164,667383
1983-08-17,2.63055,2.71804,2.62442,2.69288,2.69288,1491602
1983-08-18,2.71152,2.73044,2.63055,2.63055,2.63055,2456661
1983-08-19,2.63055,2.65552,2.61164,2.64295,2.64295,654576
1983-08-22,2.70547,2.71152,2.66781,2.68051,2.68051,1955723
1983-08-23,2.68051,2.68051,2.65552,2.68051,2.68051,727239
1983-08-24,2.65552,2.68051,2.58676,2.60549,2.60549,1540895
1983-08-25,2.60549,2.61164,2.55535,2.57428,2.57428,892081
1983-08-26,2.58062,2.59944,2.56813,2.58062,2.58062,385707
1983-08-29,2.57428,2.57428,2.53019,2.54316,2.54316,556629
1983-08-30,2.54316,2.58062,2.53019,2.54951,2.54951,851107
1983-08-31,2.54951,2.56813,2.52405,2.54316,2.54316,882155
1983-09-01,2.56813,2.56813,2.54316,2.54951,2.54951,755084
1983-09-02,2.56813,2.57428,2.54951,2.56813,2.56813,620646
1983-09-06,2.59944,2.60549,2.56813,2.58062,2.58062,884080
1983-09-07,2.58676,2.59944,2.57428,2.58676,2.58676,683388
1983-09-08,2.58676,2.59944,2.56813,2.58676,2.58676,528783
1983-09-09,2.57428,2.58062,2.56813,2.57428,2.57428,623527
1983-09-12,2.59944,2.59944,2.4742,2.48689,2.48689,1069729
1983-09-13,2.4742,2.49928,2.46153,2.49928,2.49928,893359
1983-09-14,2.48689,2.49928,2.44953,2.46796,2.46796,786778
1983-09-15,2.44299,2.44299,2.40573,2.41803,2.41803,1651005
1983-09-16,2.40573,2.43676,2.3994,2.42447,2.42447,1346916
1983-09-19,2.43676,2.52405,2.42447,2.52405,2.52405,1178558
1983-09-20,2.54951,2.54951,2.51186,2.54316,2.54316,1164473
1983-09-21,2.54316,2.54316,2.49928,2.51186,2.51186,635692
1983-09-22,2.49928,2.52405,2.49928,2.51186,2.51186,434675
1983-09-23,2.53019,2.54951,2.49928,2.54316,2.54316,1035800
1983-09-26,2.54951,2.55535,2.53019,2.54951,2.54951,2669522
1983-09-27,2.51186,2.52405,2.49928,2.51186,2.51186,1292192
1983-09-28,2.51186,2.52405,2.48689,2.51186,2.51186,1041239
1983-09-29,2.49928,2.51186,2.4742,2.4742,2.4742,1052761
1983-09-30,2.44953,2.46153,2.40573,2.44953,2.44953,1343722
1983-10-03,2.40573,2.46153,2.3994,2.44953,2.44953,988108
1983-10-04,2.44299,2.44953,2.40573,2.40573,2.40573,980743
1983-10-05,2.3994,2.3994,2.34947,2.38076,2.38076,1604913
1983-10-06,2.38076,2.44299,2.37423,2.43676,2.43676,1269142
1983-10-07,2.42447,2.44299,2.40573,2.43676,2.43676,721475
1983-10-10,2.42447,2.53019,2.40573,2.51186,2.51186,2117049
1983-10-11,2.4742,2.52405,2.46796,2.49928,2.49928,1161596
1983-10-12,2.48689,2.54316,2.48689,2.52405,2.52405,836064
1983-10-13,2.53019,2.54316,2.49928,2.53019,2.53019,394668
1983-10-14,2.54316,2.58676,2.49928,2.58676,2.58676,1090536
1983-10-17,2.58062,2.61164,2.57428,2.59944,2.59944,1335396
1983-10-18,2.58676,2.63055,2.55535,2.60549,2.60549,934017
1983-10-19,2.60549,2.60549,2.54316,2.55535,2.55535,986182
1983-10-20,2.54316,2.54316,2.49928,2.54316,2.54316,307602
1983-10-21,2.51186,2.52405,2.48689,2.52405,2.52405,580954
1983-10-24,2.42447,2.51186,2.41803,2.51186,2.51186,750921
1983-10-25,2.51186,2.55535,2.51186,2.51186,2.51186,481090
1983-10-26,2.52405,2.53019,2.41803,2.43676,2.43676,1803053
1983-10-27,2.41803,2.41803,2.3558,2.37423,2.37423,1608435
1983-10-28,2.37423,2.3994,2.36789,2.3994,2.3994,706433
1983-10-31,2.3994,2.44299,2.39276,2.42447,2.42447,562392
1983-11-01,2.43676,2.46796,2.40573,2.46796,2.46796,1796325
1983-11-02,2.44299,2.46153,2.43676,2.44299,2.44299,2177226
1983-11-03,2.44953,2.4742,2.43676,2.43676,2.43676,760846
1983-11-04,2.43676,2.46153,2.42447,2.43676,2.43676,550871
1983-11-07,2.41803,2.41803,2.37423,2.38076,2.38076,590877
1983-11-08,2.38076,2.38076,2.34263,2.34263,2.34263,544789
1983-11-09,2.34263,2.36789,2.32449,2.3558,2.3558,925366
1983-11-10,2.33043,2.34947,2.32449,2.34263,2.34263,492936
1983-11-11,2.32449,2.36789,2.32449,2.34947,2.34947,445562
1983-11-14,2.3558,2.38076,2.34947,2.37423,2.37423,783571
1983-11-15,2.36789,2.3994,2.36789,2.38076,2.38076,595358
1983-11-16,2.39276,2.40573,2.37423,2.39276,2.39276,573912
1983-11-17,2.39276,2.39276,2.3558,2.3558,2.3558,1743831
1983-11-18,2.37423,2.37423,2.30527,2.31796,2.31796,1033235
1983-11-21,2.32449,2.34947,2.29328,2.34263,2.34263,770125
1983-11-22,2.34263,2.42447,2.34263,2.39276,2.39276,1622516
1983-11-23,2.42447,2.43676,2.39276,2.40573,2.40573,2139142
1983-11-25,2.40573,2.42447,2.40573,2.41803,2.41803,231745
1983-11-28,2.40573,2.41803,2.38076,2.40573,2.40573,711228
1983-11-29,2.3994,2.44953,2.39276,2.44299,2.44299,1032922
1983-11-30,2.42447,2.42447,2.38076,2.38076,2.38076,1274905
1983-12-01,2.37423,2.3994,2.3558,2.37423,2.37423,648175
1983-12-02,2.38076,2.3994,2.34947,2.34947,2.34947,927930
1983-12-05,2.3558,2.44299,2.34947,2.42447,2.42447,980743
1983-12-06,2.40573,2.41803,2.39276,2.40573,2.40573,846944
1983-12-07,2.40573,2.40573,2.37423,2.37423,2.37423,562715
1983-12-08,2.38076,2.39276,2.34947,2.3558,2.3558,703869
1983-12-09,2.3558,2.38076,2.34263,2.38076,2.38076,809819
1983-12-12,2.36789,2.41803,2.36789,2.40573,2.40573,565595
1983-12-13,2.39276,2.41803,2.38076,2.3994,2.3994,587362
1983-12-14,2.3994,2.41803,2.38076,2.38076,2.38076,456444
1983-12-15,2.39276,2.39276,2.36789,2.36789,2.36789,663219
1983-12-16,2.3558,2.37423,2.33043,2.3558,2.3558,877354
1983-12-19,2.34947,2.3558,2.2805,2.29328,2.29328,974025
1983-12-20,2.25543,2.26821,2.1932,2.21174,2.21174,1689739
1983-12-21,2.25543,2.30527,2.24948,2.30527,2.30527,2284774
1983-12-22,2.2805,2.31796,2.23661,2.30527,2.30527,1445513
1983-12-23,2.30527,2.33043,2.29328,2.31796,2.31796,386022
1983-12-27,2.31796,2.34947,2.31796,2.34947,2.34947,628329
1983-12-28,2.38076,2.3994,2.3558,2.3994,2.3994,1304353
1983-12-29,2.40573,2.41803,2.36789,2.37423,2.37423,1303070
1983-12-30,2.39276,2.40573,2.37423,2.38076,2.38076,876395
1984-01-03,2.38076,2.39276,2.34263,2.34947,2.34947,714753
1984-01-04,2.34947,2.3994,2.34947,2.3994,2.3994,1073891
1984-01-05,2.41803,2.41803,2.37423,2.39276,2.39276,806619
1984-01-06,2.3994,2.40573,2.3558,2.3994,2.3994,685628
1984-01-09,2.40573,2.42447,2.39276,2.3994,2.3994,1458630
1984-01-10,2.3994,2.43676,2.39276,2.41803,2.41803,1183998
1984-01-11,2.41803,2.42447,2.3994,2.41803,2.41803,797013
1984-01-12,2.3994,2.44299,2.3994,2.43676,2.43676,653939
1984-01-13,2.44299,2.44953,2.42447,2.44953,2.44953,739078
1984-01-16,2.44299,2.44953,2.41803,2.42447,2.42447,805022
1984-01-17,2.41803,2.42447,2.39276,2.40573,2.40573,616805
1984-01-18,2.40573,2.40573,2.34947,2.36789,2.36789,752203
1984-01-19,2.37423,2.44953,2.3558,2.42447,2.42447,1318117
1984-01-20,2.42447,2.48689,2.42447,2.46796,2.46796,1741586
1984-01-23,2.4742,2.48689,2.46153,2.46796,2.46796,424115
1984-01-24,2.46796,2.48689,2.42447,2.43676,2.43676,1359410
1984-01-25,2.46153,2.4742,2.44953,2.46153,2.46153,1493519
1984-01-26,2.44953,2.48689,2.44299,2.44953,2.44953,872556
1984-01-27,2.46153,2.46153,2.39276,2.44299,2.44299,871594
1984-01-30,2.46153,2.48689,2.44953,2.48689,2.48689,740676
1984-01-31,2.49928,2.52405,2.4742,2.52405,2.52405,882155
1984-02-01,2.52405,2.54316,2.48689,2.49928,2.49928,1319394
1984-02-02,2.49928,2.55535,2.48689,2.55535,2.55535,1113579
1984-02-03,2.55535,2.56813,2.49928,2.51186,2.51186,1283225
1984-02-06,2.44953,2.46796,2.3994,2.40573,2.40573,2193871
1984-02-07,2.39276,2.3994,2.37423,2.39276,2.39276,816864
1984-02-08,2.37423,2.39276,2.33043,2.34263,2.34263,931452
1984-02-09,2.32449,2.36789,2.31796,2.32449,2.32449,1518812
1984-02-10,2.34263,2.34947,2.32449,2.33043,2.33043,908088
1984-02-13,2.34263,2.34947,2.31796,2.34263,2.34263,892401
1984-02-14,2.34263,2.37423,2.33043,2.3558,2.3558,629610
1984-02-15,2.37423,2.38076,2.34947,2.36789,2.36789,727875
1984-02-16,2.37423,2.40573,2.36789,2.39276,2.39276,699066
1984-02-17,2.39276,2.46796,2.39276,2.46796,2.46796,1467597
1984-02-21,2.43676,2.48689,2.43676,2.48689,2.48689,912566
1984-02-22,2.48689,2.53019,2.46796,2.48689,2.48689,950339
1984-02-23,2.48689,2.53019,2.44953,2.51186,2.51186,1560739
1984-02-24,2.49928,2.53019,2.49928,2.52405,2.52405,665461
1984-02-27,2.53019,2.64295,2.52405,2.61164,2.61164,2259167
1984-02-28,2.59944,2.61164,2.57428,2.58062,2.58062,1283867
1984-02-29,2.55535,2.58676,2.54951,2.54951,2.54951,1280664
1984-03-01,2.4742,2.4742,2.4742,2.4742,2.4742,1099824
1984-03-02,2.4742,2.49928,2.46153,2.46153,2.46153,699390
1984-03-05,2.46153,2.46153,2.41803,2.46153,2.46153,652655
1984-03-06,2.40573,2.42447,2.34263,2.34947,2.34947,3104196
1984-03-07,2.30527,2.34263,2.29328,2.33043,2.33043,1765276
1984-03-08,2.29328,2.3558,2.29328,2.3558,2.3558,1288029
1984-03-09,2.34263,2.37423,2.32449,2.37423,2.37423,598563
1984-03-12,2.3558,2.37423,2.32449,2.37423,2.37423,1347242
1984-03-13,2.36789,2.38076,2.34947,2.36789,2.36789,555348
1984-03-14,2.3558,2.37423,2.32449,2.34263,2.34263,1216329
1984-03-15,2.32449,2.37423,2.32449,2.37423,2.37423,793174
1984-03-16,2.3994,2.44953,2.34263,2.37423,2.37423,789019
1984-03-19,2.3558,2.36789,2.31796,2.33043,2.33043,626728
1984-03-20,2.33043,2.36789,2.33043,2.36789,2.36789,729795
1984-03-21,2.3558,2.38076,2.3558,2.36789,2.36789,644973
1984-03-22,2.36789,2.37423,2.31796,2.32449,2.32449,1105258
1984-03-23,2.34263,2.34263,2.29328,2.33043,2.33043,794132
1984-03-26,2.34263,2.38076,2.33043,2.37423,2.37423,1216970
1984-03-27,2.38076,2.42447,2.37423,2.40573,2.40573,1025235
1984-03-28,2.40573,2.4742,2.40573,2.46796,2.46796,1228174
1984-03-29,2.46153,2.52405,2.44953,2.49928,2.49928,2108731
1984-03-30,2.49928,2.60549,2.49928,2.57428,2.57428,1846902
1984-04-02,2.60549,2.62442,2.57428,2.57428,2.57428,1938763
1984-04-03,2.57428,2.58676,2.56813,2.58062,2.58062,839904
1984-04-04,2.56813,2.57428,2.54316,2.54951,2.54951,676342
1984-04-05,2.55535,2.57428,2.49928,2.51186,2.51186,1003151
1984-04-06,2.51186,2.52405,2.49928,2.52405,2.52405,1639475
1984-04-09,2.54951,2.55535,2.52405,2.54951,2.54951,2486430
1984-04-10,2.54951,2.58062,2.54316,2.57428,2.57428,2479389
1984-04-11,2.57428,2.58062,2.56813,2.57428,2.57428,1032922
1984-04-12,2.58062,2.68051,2.56813,2.66781,2.66781,1408060
1984-04-13,2.68051,2.76808,2.68051,2.68051,2.68051,2594625
1984-04-16,2.66781,2.74301,2.65552,2.73044,2.73044,1094060
1984-04-17,2.73658,2.76165,2.73044,2.75541,2.75541,2507875
1984-04-18,2.74301,2.76165,2.70547,2.71152,2.71152,1295387
1984-04-19,2.68051,2.71152,2.64295,2.71152,2.71152,1262099
1984-04-23,2.64948,2.71152,2.60549,2.61164,2.61164,960256
1984-04-24,2.63055,2.68051,2.62442,2.66781,2.66781,1337960
1984-04-25,2.64948,2.68051,2.64295,2.66781,2.66781,1097259
1984-04-26,2.66781,2.70547,2.65552,2.70547,2.70547,1210564
1984-04-27,2.70547,2.71804,2.68051,2.70547,2.70547,992905
1984-04-30,2.70547,2.73044,2.68051,2.73044,2.73044,820059
1984-05-01,2.71152,2.73044,2.68051,2.70547,2.70547,2211797
1984-05-02,2.69288,2.70547,2.63055,2.63055,2.63055,1176954
1984-05-03,2.62442,2.65552,2.62442,2.65552,2.65552,2402886
1984-05-04,2.65552,2.66157,2.63055,2.64948,2.64948,2360958
1984-05-07,2.63641,2.68051,2.63055,2.67425,2.67425,1049562
1984-05-08,2.66157,2.73044,2.65552,2.73044,2.73044,1914116
1984-05-09,2.73658,2.76165,2.65552,2.70547,2.70547,1089573
1984-05-10,2.73044,2.76165,2.71804,2.75541,2.75541,1584424
1984-05-11,2.74301,2.74301,2.66157,2.70547,2.70547,1124782
1984-05-14,2.70547,2.71804,2.63055,2.63641,2.63641,917689
1984-05-15,2.64948,2.65552,2.61164,2.63641,2.63641,947776
1984-05-16,2.65552,2.69288,2.65552,2.66157,2.66157,992589
1984-05-17,2.67425,2.68051,2.59944,2.63641,2.63641,902642
1984-05-18,2.63641,2.67425,2.63055,2.66157,2.66157,677947
1984-05-21,2.68051,2.68051,2.60549,2.61164,2.61164,1048605
1984-05-22,2.61164,2.63641,2.59944,2.60549,2.60549,2030629
1984-05-23,2.60549,2.61164,2.59944,2.60549,2.60549,1300188
1984-05-24,2.60549,2.61164,2.56179,2.57428,2.57428,1604590
1984-05-25,2.54951,2.59944,2.54951,2.58676,2.58676,680820
1984-05-29,2.60549,2.60549,2.56179,2.57428,2.57428,825507
1984-05-30,2.57428,2.60549,2.56179,2.58676,2.58676,940093
1984-05-31,2.60549,2.60549,2.57428,2.60549,2.60549,2634952
1984-06-01,2.65552,2.65552,2.62442,2.63641,2.63641,1513052
1984-06-04,2.63641,2.65552,2.63055,2.63641,2.63641,774929
1984-06-05,2.61164,2.63055,2.60549,2.61164,2.61164,1139187
1984-06-06,2.61164,2.63641,2.58676,2.62442,2.62442,946176
1984-06-07,2.62442,2.62442,2.59944,2.61164,2.61164,490053
1984-06-08,2.60549,2.61164,2.59944,2.61164,2.61164,339290
1984-06-11,2.59944,2.60549,2.57428,2.59944,2.59944,516939
1984-06-12,2.58676,2.58676,2.56179,2.56179,2.56179,827742
1984-06-13,2.56179,2.56179,2.51839,2.53019,2.53019,1561700
1984-06-14,2.51839,2.51839,2.44953,2.45549,2.45549,1831213
1984-06-15,2.45549,2.45549,2.42447,2.42447,2.42447,1626677
1984-06-18,2.41168,2.49928,2.39276,2.48689,2.48689,1694218
1984-06-19,2.46153,2.48689,2.46153,2.48689,2.48689,1036440
1984-06-20,2.44953,2.49928,2.42447,2.49928,2.49928,1413823
1984-06-21,2.48689,2.50532,2.44953,2.44953,2.44953,927293
1984-06-22,2.44953,2.44953,2.42447,2.42447,2.42447,681147
1984-06-25,2.43061,2.43676,2.41168,2.42447,2.42447,565595
1984-06-26,2.42447,2.42447,2.39276,2.39276,2.39276,632176
1984-06-27,2.39276,2.40573,2.38076,2.3871,2.3871,569755
1984-06-28,2.3871,2.43061,2.38076,2.42447,2.42447,1261462
1984-06-29,2.43061,2.4742,2.43061,2.44953,2.44953,1841458
1984-07-02,2.44953,2.52405,2.44953,2.51839,2.51839,1090536
1984-07-03,2.51839,2.51839,2.48689,2.51839,2.51839,776210
1984-07-05,2.51839,2.51839,2.46153,2.46153,2.46153,878633
1984-07-06,2.46153,2.46153,2.39276,2.42447,2.42447,904243
1984-07-09,2.42447,2.46153,2.41168,2.45549,2.45549,531345
1984-07-10,2.43676,2.43676,2.40573,2.41168,2.41168,584156
1984-07-11,2.40573,2.40573,2.33043,2.34263,2.34263,1636601
1984-07-12,2.34263,2.34263,2.26821,2.29961,2.29961,742279
1984-07-13,2.29961,2.3558,2.29328,2.34263,2.34263,1385331
1984-07-16,2.34263,2.34263,2.29328,2.32449,2.32449,976910
1984-07-17,2.32449,2.33043,2.29961,2.31796,2.31796,831261
1984-07-18,2.31796,2.31796,2.26821,2.29328,2.29328,868390
1984-07-19,2.29328,2.29961,2.26821,2.26821,2.26821,1004115
1984-07-20,2.26821,2.29328,2.26148,2.26821,2.26821,922810
1984-07-23,2.26821,2.26821,2.22451,2.25543,2.25543,1491602
1984-07-24,2.25543,2.2805,2.25543,2.25543,2.25543,620646
1984-07-25,2.25543,2.30527,2.22451,2.29961,2.29961,779730
1984-07-26,2.29961,2.29961,2.26148,2.29328,2.29328,1063968
1984-07-27,2.2805,2.29328,2.18725,2.18725,2.18725,1282266
1984-07-30,2.16814,2.22451,2.16814,2.21174,2.21174,1202889
1984-07-31,2.21174,2.23661,2.1932,2.19945,2.19945,1173434
1984-08-01,2.21174,2.26148,2.21174,2.25543,2.25543,1210249
1984-08-02,2.25543,2.26821,2.22451,2.22451,2.22451,1016274
1984-08-03,2.23661,2.29328,2.21174,2.29328,2.29328,1980697
1984-08-06,2.30527,2.3871,2.29328,2.34947,2.34947,1998620
1984-08-07,2.34947,2.40573,2.34263,2.39276,2.39276,1197124
1984-08-08,2.43676,2.46153,2.43061,2.44953,2.44953,1933005
1984-08-09,2.43676,2.52405,2.43061,2.49928,2.49928,1334119
1984-08-10,2.61818,2.61818,2.53673,2.53673,2.53673,1903235
1984-08-13,2.52405,2.55535,2.51186,2.55535,2.55535,524943
1984-08-14,2.54951,2.58676,2.54951,2.57428,2.57428,868390
1984-08-15,2.56813,2.57428,2.51186,2.51186,2.51186,1442949
1984-08-16,2.52405,2.52405,2.46153,2.48689,2.48689,1357487
1984-08-17,2.4742,2.48689,2.43061,2.43676,2.43676,1133424
1984-08-20,2.43676,2.46153,2.42447,2.46153,2.46153,1099499
1984-08-21,2.4742,2.54951,2.46153,2.52405,2.52405,1177918
1984-08-22,2.53673,2.58062,2.52405,2.55535,2.55535,1098856
1984-08-23,2.56813,2.57428,2.54951,2.55535,2.55535,572317
1984-08-24,2.53673,2.57428,2.52405,2.56813,2.56813,625446
1984-08-27,2.57428,2.57428,2.52405,2.53673,2.53673,438837
1984-08-28,2.53673,2.59944,2.52405,2.59944,2.59944,815903
1984-08-29,2.58676,2.63641,2.58676,2.58676,2.58676,1008913
1984-08-30,2.60549,2.61818,2.58676,2.60549,2.60549,596956
1984-08-31,2.58676,2.59944,2.57428,2.58062,2.58062,1102373
1984-09-04,2.56813,2.58062,2.55535,2.56813,2.56813,386022
1984-09-05,2.54951,2.55535,2.51186,2.53673,2.53673,1177596
1984-09-06,2.52405,2.55535,2.51186,2.54951,2.54951,865192
1984-09-07,2.54951,2.55535,2.52405,2.54951,2.54951,584796
1984-09-10,2.52405,2.56813,2.52405,2.53673,2.53673,736518
1984-09-11,2.56813,2.57428,2.46153,2.4742,2.4742,1029720
1984-09-12,2.49322,2.49928,2.46153,2.49322,2.49322,1448708
1984-09-13,2.49322,2.58062,2.49322,2.55535,2.55535,1148470
1984-09-14,2.58062,2.58676,2.55535,2.58062,2.58062,1841135
1984-09-17,2.57428,2.59944,2.55535,2.58062,2.58062,1750233
1984-09-18,2.56813,2.58676,2.56813,2.58062,2.58062,1440707
1984-09-19,2.57428,2.58676,2.56813,2.57428,2.57428,1491278
1984-09-20,2.55535,2.57428,2.54951,2.57428,2.57428,676342
1984-09-21,2.56813,2.59944,2.49322,2.49322,2.49322,1317482
1984-09-24,2.49928,2.54951,2.49928,2.52405,2.52405,510215
1984-09-25,2.52405,2.59944,2.52405,2.58676,2.58676,916409
1984-09-26,2.59944,2.63641,2.58676,2.59944,2.59944,690105
1984-09-27,2.61818,2.61818,2.58062,2.58676,2.58676,482689
1984-09-28,2.59944,2.59944,2.56813,2.58676,2.58676,792857
1984-10-01,2.58676,2.58676,2.55535,2.56813,2.56813,592478
1984-10-02,2.56813,2.59944,2.56813,2.58062,2.58062,1266903
1984-10-03,2.58062,2.61818,2.57428,2.61818,2.61818,767568
1984-10-04,2.59944,2.61818,2.58062,2.60549,2.60549,433394
1984-10-05,2.60549,2.60549,2.55535,2.55535,2.55535,583840
1984-10-08,2.56813,2.56813,2.53673,2.54951,2.54951,255433
1984-10-09,2.54951,2.54951,2.49928,2.51186,2.51186,458362
1984-10-10,2.51186,2.51186,2.44953,2.4742,2.4742,1489997
1984-10-11,2.4742,2.48689,2.43676,2.46153,2.46153,518544
1984-10-12,2.4742,2.49928,2.46153,2.48689,2.48689,662579
1984-10-15,2.49322,2.54951,2.48689,2.52405,2.52405,579034
1984-10-16,2.51186,2.51186,2.46153,2.48689,2.48689,499657
1984-10-17,2.43676,2.46153,2.38076,2.3871,2.3871,2150344
1984-10-18,2.34947,2.3871,2.2805,2.34947,2.34947,2356155
1984-10-19,2.31796,2.3558,2.2805,2.34263,2.34263,2320305
1984-10-22,2.32449,2.3558,2.30527,2.30527,2.30527,1436224
1984-10-23,2.31796,2.3558,2.31796,2.32449,2.32449,1353327
1984-10-24,2.32449,2.3558,2.32449,2.34947,2.34947,1645882
1984-10-25,2.34947,2.3871,2.34263,2.36789,2.36789,1602032
1984-10-26,2.34947,2.3871,2.34263,2.38076,2.38076,622568
1984-10-29,2.34947,2.36789,2.30527,2.30527,2.30527,2909265
1984-10-30,2.31796,2.3871,2.31796,2.3558,2.3558,3482540
1984-10-31,2.34947,2.3558,2.32449,2.33043,2.33043,1397821
1984-11-01,2.34947,2.36789,2.34263,2.36789,2.36789,1490643
1984-11-02,2.3558,2.38076,2.3558,2.36789,2.36789,1236500
1984-11-05,2.37423,2.40573,2.37423,2.39276,2.39276,1677253
1984-11-06,2.40573,2.43676,2.39276,2.43061,2.43061,941690
1984-11-07,2.41168,2.43061,2.40573,2.42447,2.42447,1297949
1984-11-08,2.42447,2.43676,2.41168,2.43676,2.43676,919606
1984-11-09,2.44953,2.46153,2.41168,2.41168,2.41168,787414
1984-11-12,2.41168,2.41168,2.36789,2.39276,2.39276,864551
1984-11-13,2.39276,2.40573,2.3558,2.38076,2.38076,634729
1984-11-14,2.37423,2.41168,2.37423,2.38076,2.38076,595358
1984-11-15,2.38076,2.46153,2.38076,2.44953,2.44953,1198399
1984-11-16,2.41168,2.46153,2.41168,2.41168,2.41168,933052
1984-11-19,2.43061,2.43676,2.37423,2.38076,2.38076,891122
1984-11-20,2.38076,2.41168,2.37423,2.41168,2.41168,848867
1984-11-21,2.40573,2.43676,2.36789,2.42447,2.42447,595358
1984-11-23,2.43676,2.46153,2.42447,2.43676,2.43676,1054360
1984-11-26,2.42447,2.43061,2.36789,2.37423,2.37423,897838
1984-11-27,2.38076,2.42447,2.36789,2.40573,2.40573,966020
1984-11-28,2.40573,2.43061,2.38076,2.41168,2.41168,901048
1984-11-29,2.40573,2.42447,2.39276,2.39276,2.39276,831909
1984-11-30,2.37423,2.40573,2.36789,2.40573,2.40573,868069
1984-12-03,2.39276,2.39276,2.31796,2.34263,2.34263,1445513
1984-12-04,2.3558,2.42447,2.34947,2.38076,2.38076,916730
1984-12-05,2.39276,2.41168,2.3558,2.39276,2.39276,788372
1984-12-06,2.39276,2.43061,2.38076,2.38076,2.38076,1925003
1984-12-07,2.3558,2.39276,2.34947,2.3558,2.3558,772683
1984-12-10,2.34947,2.40573,2.34947,2.40573,2.40573,926968
1984-12-11,2.39276,2.39276,2.37423,2.38076,2.38076,563031
1984-12-12,2.38076,2.40573,2.34263,2.34947,2.34947,984910
1984-12-13,2.31796,2.34263,2.29328,2.30527,2.30527,1356204
1984-12-14,2.30527,2.31796,2.26148,2.26148,2.26148,1078051
1984-12-17,2.27445,2.29328,2.24948,2.27445,2.27445,897528
1984-12-18,2.2805,2.31171,2.26148,2.30527,2.30527,2572213
1984-12-19,2.30527,2.30527,2.19945,2.22451,2.22451,1571625
1984-12-20,2.1932,2.26148,2.17438,2.19945,2.19945,1804327
1984-12-21,2.19945,2.21174,2.18725,2.18725,2.18725,1825454
1984-12-24,2.1932,2.24948,2.1932,2.24948,2.24948,911289
1984-12-26,2.24948,2.24948,2.21174,2.21174,2.21174,675704
1984-12-27,2.23047,2.23661,2.22451,2.23047,2.23047,837024
1984-12-28,2.23047,2.30527,2.22451,2.24948,2.24948,962179
1984-12-31,2.26821,2.2805,2.24948,2.26821,2.26821,1068132
1985-01-02,2.26148,2.26148,2.1932,2.19945,2.19945,1175356
1985-01-03,2.17438,2.23661,2.17438,2.17438,2.17438,1377975
1985-01-04,2.17438,2.19945,2.16814,2.16814,2.16814,728203
1985-01-07,2.19945,2.21174,2.13682,2.14941,2.14941,2120570
1985-01-08,2.14941,2.16199,2.12445,2.14941,2.14941,1447107
1985-01-09,2.16814,2.17438,2.16199,2.17438,2.17438,893680
1985-01-10,2.16199,2.21174,2.13682,2.19945,2.19945,1949649
1985-01-11,2.21174,2.23661,2.1932,2.19945,2.19945,2345915
1985-01-14,2.21174,2.27445,2.19945,2.26148,2.26148,1677253
1985-01-15,2.27445,2.36789,2.23661,2.26148,2.26148,2018146
1985-01-16,2.24948,2.2805,2.24948,2.27445,2.27445,1236500
1985-01-17,2.27445,2.27445,2.24948,2.26821,2.26821,885045
1985-01-18,2.26821,2.27445,2.26148,2.26148,2.26148,672817
1985-01-21,2.2805,2.37423,2.27445,2.36789,2.36789,2185868
1985-01-22,2.37423,2.41168,2.36789,2.41168,2.41168,2464023
1985-01-23,2.39276,2.41168,2.37423,2.39276,2.39276,1458630
1985-01-24,2.39276,2.40573,2.33043,2.37423,2.37423,1175356
1985-01-25,2.31171,2.31796,2.26821,2.27445,2.27445,1733907
1985-01-28,2.26821,2.27445,2.23661,2.26148,2.26148,1575145
1985-01-29,2.26148,2.33043,2.23661,2.31796,2.31796,2314866
1985-01-30,2.39276,2.46153,2.38076,2.44953,2.44953,3949865
1985-01-31,2.43061,2.48689,2.43061,2.48689,2.48689,1883390
1985-02-01,2.4742,2.49928,2.43676,2.48689,2.48689,2429135
1985-02-04,2.46153,2.49322,2.45549,2.49322,2.49322,3204061
1985-02-05,2.51186,2.53673,2.49322,2.49928,2.49928,1745428
1985-02-06,2.51186,2.51839,2.48689,2.49322,2.49322,1022674
1985-02-07,2.51186,2.56813,2.49928,2.52405,2.52405,1489683
1985-02-08,2.51839,2.52405,2.49322,2.51839,2.51839,1552739
1985-02-11,2.51186,2.51839,2.49928,2.51186,2.51186,618728
1985-02-12,2.49322,2.53673,2.48689,2.53673,2.53673,608803
1985-02-13,2.53673,2.62442,2.51839,2.58062,2.58062,2165705
1985-02-14,2.56813,2.58062,2.53673,2.53673,2.53673,1324518
1985-02-15,2.54951,2.54951,2.45549,2.4742,2.4742,1358449
1985-02-19,2.46153,2.49322,2.46153,2.49322,2.49322,627691
1985-02-20,2.48689,2.52405,2.48689,2.52405,2.52405,964743
1985-02-21,2.53673,2.60549,2.52405,2.58062,2.58062,1412220
1985-02-22,2.61164,2.62442,2.58062,2.60549,2.60549,2094324
1985-02-25,2.58062,2.60549,2.55535,2.56813,2.56813,1089573
1985-02-26,2.56813,2.58062,2.55535,2.56813,2.56813,1031320
1985-02-27,2.57428,2.58062,2.53673,2.56813,2.56813,1546657
1985-02-28,2.54951,2.55535,2.52405,2.55535,2.55535,1169913
1985-03-01,2.56813,2.64948,2.55535,2.63055,2.63055,1274905
1985-03-04,2.64948,2.64948,2.54951,2.56813,2.56813,1306590
1985-03-05,2.56813,2.58062,2.53673,2.56813,2.56813,1047643
1985-03-06,2.56813,2.59359,2.54951,2.55535,2.55535,1136627
1985-03-07,2.54951,2.58062,2.53673,2.57428,2.57428,961539
1985-03-08,2.57428,2.57428,2.54951,2.56813,2.56813,585437
1985-03-11,2.55535,2.63055,2.49928,2.51186,2.51186,1401336
1985-03-12,2.51186,2.53673,2.49322,2.51839,2.51839,1153272
1985-03-13,2.51186,2.52405,2.49928,2.51839,2.51839,534224
1985-03-14,2.49928,2.54951,2.49928,2.52405,2.52405,810142
1985-03-15,2.51839,2.54951,2.43676,2.43676,2.43676,1333798
1985-03-18,2.4742,2.49928,2.46153,2.49322,2.49322,1576427
1985-03-19,2.49322,2.53673,2.48689,2.53673,2.53673,1177276
1985-03-20,2.51839,2.53673,2.51186,2.53673,2.53673,761164
1985-03-21,2.52405,2.54951,2.51186,2.51186,2.51186,753803
1985-03-22,2.51186,2.52405,2.51186,2.51839,2.51839,499336
1985-03-25,2.51186,2.54951,2.51186,2.53673,2.53673,542870
1985-03-26,2.54951,2.55535,2.49928,2.52405,2.52405,1226571
1985-03-27,2.51839,2.54951,2.51839,2.54951,2.54951,715073
1985-03-28,2.55535,2.56813,2.53673,2.55535,2.55535,789652
1985-03-29,2.55535,2.57428,2.53673,2.57428,2.57428,727239
1985-04-01,2.55535,2.60549,2.55535,2.58062,2.58062,1857783
1985-04-02,2.58062,2.61164,2.57428,2.59359,2.59359,1298916
1985-04-03,2.57428,2.60549,2.56813,2.60549,2.60549,635051
1985-04-04,2.59359,2.60549,2.57428,2.58062,2.58062,593759
1985-04-08,2.57428,2.61164,2.56813,2.60549,2.60549,1081571
1985-04-09,2.59359,2.61164,2.58062,2.60549,2.60549,1064926
1985-04-10,2.60549,2.61164,2.58062,2.59359,2.59359,838950
1985-04-11,2.60549,2.61164,2.53673,2.54951,2.54951,1692937
1985-04-12,2.54951,2.54951,2.52405,2.54951,2.54951,1262741
1985-04-15,2.55535,2.56813,2.53673,2.55535,2.55535,624486
1985-04-16,2.57428,2.58062,2.55535,2.57428,2.57428,1910908
1985-04-17,2.59359,2.59359,2.55535,2.57428,2.57428,889520
1985-04-18,2.58062,2.59359,2.55535,2.57428,2.57428,869354
1985-04-19,2.57428,2.60549,2.54951,2.59359,2.59359,1544415
1985-04-22,2.59359,2.62442,2.57428,2.62442,2.62442,1337645
1985-04-23,2.62442,2.68674,2.61164,2.66781,2.66781,2125052
1985-04-24,2.68051,2.73044,2.68051,2.73044,2.73044,1700297
1985-04-25,2.73044,2.76165,2.71152,2.74945,2.74945,1262099
1985-04-26,2.73044,2.73044,2.66781,2.68674,2.68674,885678
1985-04-29,2.72429,2.73658,2.69922,2.72429,2.72429,1674369
1985-04-30,2.73044,2.76165,2.71152,2.73658,2.73658,1668294
1985-05-01,2.70547,2.73658,2.68674,2.70547,2.70547,2128251
1985-05-02,2.70547,2.71152,2.68674,2.71152,2.71152,730760
1985-05-03,2.71152,2.72429,2.69922,2.72429,2.72429,1175041
1985-05-06,2.73044,2.76165,2.71152,2.74945,2.74945,1662528
1985-05-07,2.74945,2.76165,2.71152,2.71152,2.71152,1006672
1985-05-08,2.68051,2.72429,2.63055,2.64948,2.64948,1407419
1985-05-09,2.64948,2.66157,2.63641,2.64948,2.64948,1100457
1985-05-10,2.65552,2.67425,2.63055,2.64948,2.64948,1127660
1985-05-13,2.63641,2.66157,2.63055,2.66157,2.66157,1132787
1985-05-14,2.66157,2.66157,2.63641,2.63641,2.63641,906485
1985-05-15,2.63641,2.64948,2.59944,2.63055,2.63055,2233562
1985-05-16,2.63055,2.63641,2.58676,2.59944,2.59944,1025879
1985-05-17,2.58676,2.60549,2.57428,2.58062,2.58062,1359410
1985-05-20,2.60549,2.63055,2.58676,2.59944,2.59944,925690
1985-05-21,2.60549,2.65552,2.59944,2.64948,2.64948,1327399
1985-05-22,2.64948,2.67425,2.63641,2.66157,2.66157,999949
1985-05-23,2.65552,2.73044,2.64948,2.73044,2.73044,1475919
1985-05-24,2.72429,2.72429,2.66157,2.66157,2.66157,858152
1985-05-28,2.67425,2.68051,2.59944,2.63055,2.63055,1364529
1985-05-29,2.63641,2.63641,2.60549,2.63055,2.63055,972743
1985-05-30,2.63055,2.68051,2.63055,2.68051,2.68051,1307875
1985-05-31,2.67425,2.69288,2.66157,2.68051,2.68051,1149112
1985-06-03,2.68051,2.69288,2.65552,2.67425,2.67425,1134068
1985-06-04,2.65552,2.66157,2.63055,2.65552,2.65552,1261141
1985-06-05,2.66157,2.68051,2.65552,2.68051,2.68051,1141429
1985-06-06,2.66157,2.69288,2.65552,2.67425,2.67425,1759832
1985-06-07,2.68051,2.68051,2.64948,2.66157,2.66157,1328039
1985-06-10,2.66157,2.67425,2.64948,2.67425,2.67425,550871
1985-06-11,2.66157,2.68051,2.65552,2.68051,2.68051,1291227
1985-06-12,2.70547,2.73044,2.69288,2.70547,2.70547,2451865
1985-06-13,2.72429,2.72429,2.69288,2.70547,2.70547,1877625
1985-06-14,2.72429,2.73044,2.71152,2.73044,2.73044,820382
1985-06-17,2.73044,2.73658,2.71152,2.73044,2.73044,1418305
1985-06-18,2.72429,2.73044,2.70547,2.72429,2.72429,826141
1985-06-19,2.71152,2.72429,2.69288,2.69288,2.69288,798935
1985-06-20,2.69288,2.72429,2.68051,2.70547,2.70547,761164
1985-06-21,2.71152,2.74945,2.71152,2.74945,2.74945,2161543
1985-06-24,2.73044,2.74945,2.72429,2.74945,2.74945,645292
1985-06-25,2.74945,2.79305,2.73658,2.78047,2.78047,1416379
1985-06-26,2.76808,2.78671,2.76165,2.78047,2.78047,642094
1985-06-27,2.78047,2.80544,2.76808,2.80544,2.80544,1196482
1985-06-28,2.80544,2.80544,2.78671,2.80544,2.80544,1249618
1985-07-01,2.76165,2.80544,2.73658,2.79305,2.79305,985223
1985-07-02,2.78671,2.80544,2.78047,2.80544,2.80544,1400055
1985-07-03,2.79305,2.79305,2.76165,2.78047,2.78047,728203
1985-07-05,2.76165,2.78047,2.76165,2.76165,2.76165,443000
1985-07-08,2.73658,2.78671,2.72429,2.78671,2.78671,1306590
1985-07-09,2.78671,2.86796,2.78047,2.85567,2.85567,2076399
1985-07-10,2.85567,2.86182,2.82426,2.85567,2.85567,1260820
1985-07-11,2.8431,2.8431,2.80544,2.81198,2.81198,947456
1985-07-12,2.80544,2.81198,2.78047,2.79305,2.79305,614890
1985-07-15,2.78671,2.79305,2.73658,2.73658,2.73658,996434
1985-07-16,2.73658,2.74945,2.69288,2.70547,2.70547,1599790
1985-07-17,2.71152,2.74945,2.70547,2.74945,2.74945,1232340
1985-07-18,2.73658,2.74945,2.71152,2.71152,2.71152,675063
1985-07-19,2.72429,2.74945,2.70547,2.74945,2.74945,1248332
1985-07-22,2.73044,2.73658,2.68051,2.70547,2.70547,912566
1985-07-23,2.68051,2.70547,2.66157,2.67425,2.67425,1686860
1985-07-24,2.66157,2.79305,2.65552,2.79305,2.79305,2006622
1985-07-25,2.83694,2.88679,2.81198,2.85567,2.85567,2721053
1985-07-26,2.88679,2.92434,2.88045,2.89907,2.89907,1822894
1985-07-29,2.88679,2.89907,2.85567,2.88045,2.88045,1387891
1985-07-30,2.86796,2.88679,2.8431,2.8431,2.8431,783248
1985-07-31,2.82426,2.8431,2.74945,2.76165,2.76165,1376371
1985-08-01,2.73658,2.73658,2.66157,2.71152,2.71152,2219479
1985-08-02,2.72429,2.78671,2.72429,2.78671,2.78671,1298916
1985-08-05,2.83694,2.8431,2.76165,2.83694,2.83694,1258579
1985-08-06,2.8431,2.86182,2.78671,2.79305,2.79305,1123825
1985-08-07,2.79305,2.81841,2.79305,2.81841,2.81841,698747
1985-08-08,2.80544,2.85567,2.79305,2.85567,2.85567,738759
1985-08-09,2.85567,2.86182,2.81198,2.81198,2.81198,764366
1985-08-12,2.81198,2.81198,2.79305,2.79305,2.79305,897838
1985-08-13,2.80544,2.81198,2.78671,2.79305,2.79305,606238
1985-08-14,2.81198,2.83694,2.79305,2.81841,2.81841,676021
1985-08-15,2.83694,2.83694,2.79305,2.81198,2.81198,1094060
1985-08-16,2.79305,2.81841,2.78671,2.80544,2.80544,2008542
1985-08-19,2.80544,2.81198,2.79305,2.81198,2.81198,453237
1985-08-20,2.81198,2.86796,2.80544,2.86182,2.86182,1516890
1985-08-21,2.86182,2.86182,2.81198,2.81841,2.81841,683388
1985-08-22,2.83694,2.8431,2.78671,2.78671,2.78671,1553060
1985-08-23,2.79305,2.81198,2.78671,2.80544,2.80544,665781
1985-08-26,2.81198,2.8431,2.78671,2.81198,2.81198,781324
1985-08-27,2.8431,2.86182,2.80544,2.81198,2.81198,703233
1985-08-28,2.81198,2.85567,2.80544,2.85567,2.85567,543188
1985-08-29,2.85567,2.88045,2.83694,2.86796,2.86796,899122
1985-08-30,2.88045,2.88679,2.85567,2.86796,2.86796,834784
1985-09-03,2.86796,2.86796,2.83694,2.85567,2.85567,695547
1985-09-04,2.85567,2.86796,2.8431,2.85567,2.85567,715713
1985-09-05,2.85567,2.86796,2.8431,2.86796,2.86796,588315
1985-09-06,2.86796,2.88045,2.86182,2.86182,2.86182,669940
1985-09-09,2.86182,2.86796,2.81198,2.81841,2.81841,1117742
1985-09-10,2.81841,2.85567,2.81841,2.83694,2.83694,1430143
1985-09-11,2.8431,2.8431,2.80544,2.81841,2.81841,1297309
1985-09-12,2.81198,2.83694,2.80544,2.81198,2.81198,1122864
1985-09-13,2.83694,2.8431,2.77413,2.79305,2.79305,1405499
1985-09-16,2.74301,2.74301,2.73044,2.73658,2.73658,1384699
1985-09-17,2.73658,2.74301,2.73044,2.73044,2.73044,1103018
1985-09-18,2.73044,2.74301,2.71804,2.74301,2.74301,1021712
1985-09-19,2.75541,2.79305,2.74301,2.79305,2.79305,798616
1985-09-20,2.79305,2.81841,2.77413,2.80544,2.80544,1326116
1985-09-23,2.81841,2.81841,2.76165,2.78671,2.78671,645292
1985-09-24,2.78671,2.78671,2.73044,2.74301,2.74301,1844977
1985-09-25,2.73044,2.73658,2.67425,2.68051,2.68051,617444
1985-09-26,2.67425,2.78671,2.67425,2.77413,2.77413,1999578
1985-09-30,2.81841,2.8431,2.79305,2.81841,2.81841,1896509
1985-10-01,2.89907,2.97418,2.88045,2.95556,2.95556,4577233
1985-10-02,2.97418,2.97418,2.91839,2.92434,2.92434,2850049
1985-10-03,2.91839,2.95556,2.91839,2.94316,2.94316,2190350
1985-10-04,2.94316,2.94316,2.91166,2.91166,2.91166,1100457
1985-10-07,2.91166,2.91166,2.86796,2.88045,2.88045,1382134
1985-10-08,2.88045,2.91166,2.86796,2.88679,2.88679,1061085
1985-10-09,2.89907,2.91839,2.88679,2.89907,2.89907,728513
1985-10-10,2.89907,2.91166,2.86182,2.89907,2.89907,774615
1985-10-11,2.89907,2.91839,2.88679,2.91839,2.91839,597280
1985-10-14,2.91839,2.95556,2.91166,2.95556,2.95556,929531
1985-10-15,2.96813,2.9932,2.94316,2.97418,2.97418,2480669
1985-10-16,2.96813,2.9932,2.95556,2.9932,2.9932,1314912
1985-10-17,2.97418,2.98676,2.93672,2.96813,2.96813,1243220
1985-10-18,2.93672,2.95556,2.89907,2.91166,2.91166,1167033
1985-10-21,2.91166,2.96813,2.89907,2.94316,2.94316,642417
1985-10-22,2.94316,2.98676,2.94316,2.97418,2.97418,1108459
1985-10-23,2.95556,3.02432,2.94316,2.99935,2.99935,1963724
1985-10-24,3.02432,3.04314,3.01797,3.01797,3.01797,1686860
1985-10-25,2.9932,3.02432,2.98676,2.9932,2.9932,1281309
1985-10-28,2.99935,3.04314,2.97418,3.0367,3.0367,1538334
1985-10-29,3.04938,3.10537,3.01797,3.01797,3.01797,3796224
1985-10-30,3.01797,3.02432,2.95556,2.97418,2.97418,984268
1985-10-31,2.96813,3.01797,2.96813,2.98676,2.98676,964102
1985-11-01,2.96813,2.96813,2.93672,2.95556,2.95556,1462795
1985-11-04,2.93672,2.96813,2.92434,2.94316,2.94316,1313317
1985-11-05,2.93672,2.95556,2.91839,2.93672,2.93672,1384053
1985-11-06,2.93672,2.93672,2.88045,2.89313,2.89313,1491921
1985-11-07,2.90523,2.90523,2.88045,2.88679,2.88679,1001869
1985-11-08,2.88679,2.91839,2.88045,2.90523,2.90523,1215049
1985-11-11,2.88679,2.98676,2.88679,2.98676,2.98676,1599475
1985-11-12,2.98676,2.99935,2.95556,2.96813,2.96813,3328896
1985-11-13,2.94316,2.95556,2.92434,2.92434,2.92434,903284
1985-11-14,2.93672,2.9932,2.92434,2.98676,2.98676,1457668
1985-11-15,2.98676,2.9932,2.96813,2.96813,2.96813,1427273
1985-11-18,2.96813,2.98676,2.96813,2.97418,2.97418,705474
1985-11-19,2.97418,2.98676,2.91839,2.95556,2.95556,666423
1985-11-20,2.94316,2.96813,2.91839,2.93672,2.93672,620325
1985-11-21,2.94316,2.9932,2.93672,2.9932,2.9932,1389817
1985-11-22,2.98676,2.9932,2.97418,2.97418,2.97418,461886
1985-11-25,2.98676,3.01153,2.97418,3.01153,3.01153,1302431
1985-11-26,2.99935,3.07415,2.99935,3.04314,3.04314,1428862
1985-11-27,3.04938,3.09298,3.03056,3.04938,3.04938,2004378
1985-11-29,3.03056,3.04938,2.95556,2.96813,2.96813,2008865
1985-12-02,2.94316,2.98676,2.88679,2.89313,2.89313,1048922
1985-12-03,2.89313,2.92434,2.89313,2.91839,2.91839,908405
1985-12-04,2.91839,2.94316,2.86182,2.92434,2.92434,1333162
1985-12-05,2.92434,2.9932,2.92434,2.95556,2.95556,1318433
1985-12-06,2.94316,2.9932,2.93672,2.94316,2.94316,1404860
1985-12-09,2.83041,2.86796,2.78671,2.78671,2.78671,3200861
1985-12-10,2.78671,2.78671,2.63055,2.63055,2.63055,5313437
1985-12-11,2.63055,2.70547,2.60549,2.68051,2.68051,3648984
1985-12-12,2.75541,2.76165,2.71152,2.73044,2.73044,2566455
1985-12-13,2.73658,2.83041,2.73044,2.83041,2.83041,1652929
1985-12-16,2.81841,2.90523,2.7993,2.86796,2.86796,2531238
1985-12-17,2.86796,2.86796,2.81841,2.84904,2.84904,1494158
1985-12-18,2.84904,2.92434,2.84904,2.90523,2.90523,1718865
1985-12-19,2.91839,2.94316,2.90523,2.92434,2.92434,1752791
1985-12-20,2.94316,2.95556,2.92434,2.92434,2.92434,2690005
1985-12-23,2.92434,2.92434,2.88045,2.88045,2.88045,810775
1985-12-24,2.88045,2.89313,2.86182,2.88045,2.88045,810461
1985-12-26,2.86796,2.90523,2.86796,2.88679,2.88679,608485
1985-12-27,2.88679,2.91839,2.88045,2.88679,2.88679,1226249
1985-12-30,2.89313,2.91839,2.84904,2.90523,2.90523,1200968
1985-12-31,2.90523,2.98676,2.89313,2.95556,2.95556,2011100
1986-01-02,2.95556,2.95556,2.88679,2.90523,2.90523,1263703
1986-01-03,2.90523,2.93672,2.89313,2.92434,2.92434,874159
1986-01-06,2.93672,2.93672,2.91839,2.91839,2.91839,573912
1986-01-07,2.93672,2.97418,2.92434,2.96813,2.96813,1313958
1986-01-08,2.97418,2.97418,2.84904,2.86182,2.86182,1748952
1986-01-09,2.86796,2.91839,2.81198,2.89313,2.89313,1718228
1986-01-10,2.89313,2.92434,2.86182,2.89313,2.89313,1158396
1986-01-13,2.90523,2.93672,2.90523,2.92434,2.92434,1304992
1986-01-14,2.93672,2.93672,2.83694,2.88045,2.88045,1643964
1986-01-15,2.88679,2.94316,2.88045,2.88679,2.88679,652023
1986-01-16,2.89313,2.89313,2.83041,2.83041,2.83041,2241245
1986-01-17,2.76808,2.81841,2.73658,2.81841,2.81841,3328896
1986-01-20,2.78047,2.78671,2.73658,2.76165,2.76165,1147829
1986-01-21,2.76165,2.76808,2.65552,2.70547,2.70547,2684561
1986-01-22,2.73044,2.75541,2.69288,2.69288,2.69288,2099443
1986-01-23,2.69288,2.73658,2.64295,2.72429,2.72429,2377277
1986-01-24,2.72429,2.84904,2.72429,2.83041,2.83041,2603583
1986-01-27,2.81198,2.81198,2.75541,2.76165,2.76165,2263976
1986-01-28,2.76808,2.76808,2.67425,2.71152,2.71152,1677575
1986-01-29,2.70547,2.75541,2.70547,2.72429,2.72429,1721425
1986-01-30,2.72429,2.76808,2.67425,2.76808,2.76808,1601396
1986-01-31,2.76808,2.84904,2.76808,2.83041,2.83041,2308780
1986-02-03,2.79305,2.83694,2.78047,2.79305,2.79305,1930438
1986-02-04,2.78671,2.79305,2.68051,2.68051,2.68051,2765547
1986-02-05,2.68674,2.73658,2.68051,2.69922,2.69922,2118328
1986-02-06,2.69922,2.73658,2.68674,2.70547,2.70547,3033139
1986-02-07,2.71804,2.78047,2.70547,2.76808,2.76808,1986773
1986-02-10,2.78047,2.79305,2.76165,2.76808,2.76808,2033187
1986-02-11,2.76808,2.76808,2.71804,2.71804,2.71804,1412220
1986-02-12,2.73658,2.76165,2.70547,2.73658,2.73658,1563624
1986-02-13,2.74301,2.78671,2.74301,2.78671,2.78671,1679492
1986-02-14,2.78671,2.81841,2.78047,2.81841,2.81841,1309792
1986-02-18,2.80544,2.85567,2.79305,2.83041,2.83041,1844336
1986-02-19,2.81841,2.83041,2.73658,2.76165,2.76165,1867058
1986-02-20,2.76165,2.79305,2.73658,2.76165,2.76165,2708248
1986-02-21,2.79305,2.83041,2.78671,2.83041,2.83041,2585019
1986-02-24,2.80544,2.87401,2.80544,2.87401,2.87401,2695442
1986-02-25,2.91839,2.97418,2.90523,2.96813,2.96813,3616976
1986-02-26,2.97418,3.01797,2.96813,2.9932,2.9932,2889098
1986-02-27,2.9932,2.99935,2.88679,2.90523,2.90523,2682001
1986-02-28,2.91839,2.91839,2.85567,2.89313,2.89313,1918918
1986-03-03,2.89313,2.89313,2.83041,2.83694,2.83694,1840812
1986-03-04,2.83694,2.8431,2.79305,2.83041,2.83041,1759194
1986-03-05,2.80544,2.87401,2.80544,2.86182,2.86182,2193871
1986-03-06,2.81841,2.83694,2.79305,2.81841,2.81841,1836976
1986-03-07,2.79305,2.80544,2.71804,2.76165,2.76165,2828283
1986-03-10,2.74301,2.79305,2.73658,2.76165,2.76165,2629830
1986-03-11,2.87401,2.89313,2.85567,2.88679,2.88679,4353177
1986-03-12,2.91839,3.01797,2.90523,2.95556,2.95556,3841037
1986-03-13,2.95556,2.96813,2.88679,2.89313,2.89313,2102330
1986-03-14,2.89313,2.9932,2.8431,2.91839,2.91839,2471065
1986-03-17,2.93672,2.97418,2.90523,2.96813,2.96813,2272612
1986-03-18,2.9932,3.01797,2.95556,2.95556,2.95556,2330867
1986-03-19,2.97418,2.99935,2.94316,2.95556,2.95556,1915708
1986-03-20,2.95556,2.99935,2.94316,2.9932,2.9932,2032231
1986-03-21,3.01797,3.0367,2.93672,2.96813,2.96813,4065096
1986-03-24,2.94316,2.96813,2.86182,2.91839,2.91839,1498005
1986-03-25,2.90523,2.91839,2.8431,2.90523,2.90523,1633398
1986-03-26,2.92434,2.96813,2.91839,2.94316,2.94316,1312992
1986-03-27,2.96813,2.9932,2.92434,2.94316,2.94316,1244496
1986-03-31,2.94316,2.94316,2.87401,2.87401,2.87401,1372849
1986-04-01,2.86182,2.89313,2.83694,2.87401,2.87401,3092035
1986-04-02,2.90523,2.9932,2.89313,2.96813,2.96813,3155411
1986-04-03,2.95556,2.97418,2.90523,2.93672,2.93672,2037992
1986-04-04,2.93672,2.95556,2.88679,2.93672,2.93672,2147783
1986-04-07,2.95556,2.96813,2.90523,2.95556,2.95556,1548573
1986-04-08,2.98676,2.98676,2.92434,2.95556,2.95556,1611314
1986-04-09,2.96813,2.97418,2.90523,2.93672,2.93672,2422413
1986-04-10,2.94316,2.99935,2.92434,2.9932,2.9932,3713003
1986-04-11,2.99935,3.06158,2.9932,3.04938,3.04938,2074478
1986-04-14,3.07415,3.08039,3.06158,3.08039,3.08039,1732955
1986-04-15,3.09298,3.12438,3.08039,3.09298,3.09298,3575364
1986-04-16,3.09298,3.09922,3.04314,3.07415,3.07415,2312302
1986-04-17,3.06158,3.06158,3.01797,3.01797,3.01797,2201235
1986-04-18,2.99935,3.01797,2.97418,2.98676,2.98676,2184268
1986-04-21,2.97418,3.06158,2.96813,3.04938,3.04938,1191359
1986-04-22,3.06158,3.08039,3.01797,3.04314,3.04314,2166027
1986-04-23,3.01797,3.02432,2.96813,3.01797,3.01797,1420222
1986-04-24,3.01797,3.06158,2.99935,3.04938,3.04938,2069359
1986-04-25,3.06158,3.09298,3.04938,3.08039,3.08039,1580265
1986-04-28,3.08039,3.09922,3.06158,3.09298,3.09298,1063003
1986-04-29,3.08039,3.09922,3.06158,3.06158,3.06158,1148147
1986-04-30,3.07415,3.08039,3.02432,3.0367,3.0367,2786667
1986-05-01,3.01797,3.04314,2.9932,3.01797,3.01797,1541535
1986-05-02,3.02432,3.09922,3.01797,3.09298,3.09298,7221153
1986-05-05,3.17424,3.199,3.12438,3.17424,3.17424,5236614
1986-05-06,3.16174,3.17424,3.14302,3.14907,3.14907,3552957
1986-05-07,3.16174,3.17424,3.13062,3.14907,3.14907,1768476
1986-05-08,3.16174,3.21178,3.14302,3.19305,3.19305,2867015
1986-05-09,3.199,3.274,3.17424,3.274,3.274,2831489
1986-05-12,3.28669,3.32433,3.28044,3.28669,3.28669,3015211
1986-05-13,3.31166,3.31166,3.22417,3.2305,3.2305,3328896
1986-05-14,3.24894,3.26153,3.22417,3.23684,3.23684,1790241
1986-05-15,3.2305,3.24894,3.14907,3.17424,3.17424,1688137
1986-05-16,3.17424,3.18047,3.14302,3.18047,3.18047,1400055
1986-05-19,3.199,3.21178,3.14907,3.18047,3.18047,994192
1986-05-20,3.18047,3.2305,3.17424,3.199,3.199,1397821
1986-05-21,3.19305,3.199,3.14907,3.14907,3.14907,1032277
1986-05-22,3.14907,3.19305,3.14907,3.19305,3.19305,1303395
1986-05-23,3.199,3.274,3.199,3.23684,3.23684,1994137
1986-05-27,3.23684,3.23684,3.199,3.2305,3.2305,1309792
1986-05-28,3.21178,3.2305,3.18047,3.199,3.199,1688137
1986-05-29,3.19305,3.22417,3.16174,3.199,3.199,1204162
1986-05-30,3.19305,3.24894,3.18047,3.199,3.199,1597230
1986-06-02,3.22417,3.28044,3.21178,3.24894,3.24894,2239968
1986-06-03,3.24894,3.274,3.23684,3.274,3.274,931131
1986-06-04,3.28044,3.28044,3.19305,3.22417,3.22417,2550768
1986-06-05,3.21178,3.22417,3.18047,3.21178,3.21178,1086693
1986-06-06,3.199,3.2305,3.19305,3.22417,3.22417,1245778
1986-06-09,3.21178,3.22417,3.18047,3.199,3.199,1336041
1986-06-10,3.19305,3.21178,3.17424,3.19305,3.19305,1152632
1986-06-11,3.19305,3.274,3.18047,3.19305,3.19305,1288989
1986-06-12,3.19305,3.199,3.14302,3.18047,3.18047,753164
1986-06-13,3.199,3.2305,3.18047,3.19305,3.19305,1971095
1986-06-16,3.199,3.22417,3.19305,3.199,3.199,1019150
1986-06-17,3.21178,3.21178,3.19305,3.19305,3.19305,1297309
1986-06-18,3.19305,3.21178,3.18047,3.19305,3.19305,1286430
1986-06-19,3.199,3.22417,3.19305,3.21178,3.21178,1808803
1986-06-20,3.21178,3.21178,3.19305,3.21178,3.21178,2044070
1986-06-23,3.21178,3.21178,3.18047,3.18047,3.18047,1425664
1986-06-24,3.19305,3.199,3.16174,3.18047,3.18047,1027797
1986-06-25,3.19305,3.199,3.18047,3.19305,3.19305,912250
1986-06-26,3.19305,3.19305,3.13062,3.16174,3.16174,1030356
1986-06-27,3.17424,3.17424,3.09922,3.11131,3.11131,1367727
1986-06-30,3.04314,3.07415,3.01797,3.07415,3.07415,1756955
1986-07-01,3.04314,3.07415,3.03056,3.04938,3.04938,1592431
1986-07-02,3.06158,3.12438,3.04938,3.09922,3.09922,1160313
1986-07-03,3.09298,3.11131,3.08039,3.09922,3.09922,693948
1986-07-07,3.09922,3.14302,3.01153,3.03056,3.03056,2169544
1986-07-08,3.01797,3.01797,2.94922,3.01153,3.01153,2642952
1986-07-09,3.03056,3.03056,2.91166,2.91839,2.91839,1594671
1986-07-10,2.91839,2.93068,2.81841,2.89907,2.89907,2109050
1986-07-11,2.89907,2.91166,2.83694,2.86182,2.86182,1251856
1986-07-14,2.81841,2.83041,2.73658,2.78047,2.78047,1837616
1986-07-15,2.76165,2.7993,2.73658,2.73658,2.73658,3232874
1986-07-16,2.78047,2.7993,2.73658,2.76808,2.76808,2080882
1986-07-17,2.78047,2.91839,2.76808,2.86182,2.86182,4682860
1986-07-18,2.84904,2.99935,2.83694,2.88045,2.88045,2055596
1986-07-21,2.89907,2.94922,2.88679,2.93068,2.93068,1242891
1986-07-22,2.93068,2.98052,2.93068,2.96169,2.96169,1255377
1986-07-23,2.96169,2.96169,2.88045,2.88679,2.88679,1445832
1986-07-24,2.89907,2.89907,2.81198,2.83041,2.83041,2044714
1986-07-25,2.83041,2.86796,2.81198,2.81841,2.81841,1006672
1986-07-28,2.81198,2.81841,2.76165,2.78047,2.78047,1536101
1986-07-29,2.78671,2.7993,2.73658,2.78671,2.78671,2643596
1986-07-30,2.78047,2.94316,2.78047,2.91166,2.91166,1947720
1986-07-31,2.89907,2.91166,2.86796,2.88679,2.88679,845670
1986-08-01,2.89907,2.94316,2.88679,2.93068,2.93068,1840499
1986-08-04,3.14907,3.14907,2.86796,3.14907,3.14907,2641356
1986-08-05,3.25548,3.30551,3.25548,3.25548,3.25548,9202487
1986-08-06,3.22417,3.2305,3.19305,3.2305,3.2305,2779628
1986-08-07,3.22417,3.274,3.21178,3.26153,3.26153,2473949
1986-08-08,3.25548,3.32433,3.2305,3.24289,3.24289,2073199
1986-08-11,3.26153,3.31166,3.25548,3.28044,3.28044,2102965
1986-08-12,3.30551,3.30551,3.274,3.29283,3.29283,1860340
1986-08-13,3.29283,3.37427,3.28044,3.3615,3.3615,2521959
1986-08-14,3.3615,3.37427,3.33029,3.35545,3.35545,1362928
1986-08-15,3.3615,3.49902,3.3492,3.49902,3.49902,3905056
1986-08-18,3.54281,3.56768,3.51161,3.56184,3.56184,2803636
1986-08-19,3.56184,3.56184,3.43016,3.43016,3.43016,2000540
1986-08-20,3.4364,3.52399,3.39309,3.51765,3.51765,2269737
1986-08-21,3.49902,3.52399,3.4364,3.4364,3.4364,2171141
1986-08-22,3.46146,3.48654,3.44285,3.46146,3.46146,1000909
1986-08-25,3.46146,3.48039,3.4364,3.44285,3.44285,1241937
1986-08-26,3.44285,3.59909,3.44285,3.59275,3.59275,3552957
1986-08-27,3.59909,3.66181,3.58056,3.64893,3.64893,4545220
1986-08-28,3.58056,3.61773,3.52399,3.56184,3.56184,3552957
1986-08-29,3.54925,3.59909,3.54281,3.59909,3.59909,1997341
1986-09-02,3.59275,3.61148,3.56184,3.61148,3.61148,2746664
1986-09-03,3.59275,3.69917,3.59275,3.69917,3.69917,2520038
1986-09-04,3.69917,3.83026,3.68034,3.7925,3.7925,4001083
1986-09-05,3.79904,3.83026,3.7925,3.82382,3.82382,4193127
1986-09-08,3.79904,3.82382,3.72414,3.74891,3.74891,3106117
1986-09-09,3.74257,3.74891,3.68034,3.69283,3.69283,3296888
1986-09-10,3.6742,3.73027,3.64893,3.69917,3.69917,2639438
1986-09-11,3.6742,3.69283,3.51765,3.54281,3.54281,2948959
1986-09-12,3.54925,3.58056,3.46781,3.51765,3.51765,4961336
1986-09-15,3.52399,3.56768,3.51765,3.54925,3.54925,2215002
1986-09-16,3.52399,3.54281,3.48039,3.51765,3.51765,1506645
1986-09-17,3.54281,3.54281,3.41816,3.43016,3.43016,2062632
1986-09-18,3.40539,3.46146,3.31166,3.38617,3.38617,2207314
1986-09-19,3.37427,3.49902,3.3615,3.44285,3.44285,3016169
1986-09-22,3.46781,3.48039,3.44285,3.46146,3.46146,1407419
1986-09-23,3.46781,3.54281,3.4364,3.52399,3.52399,1557540
1986-09-24,3.51765,3.54925,3.48039,3.48039,3.48039,1372530
1986-09-25,3.46781,3.46781,3.40539,3.46146,3.46146,1481674
1986-09-26,3.4364,3.56768,3.43016,3.49902,3.49902,1031636
1986-09-29,3.46146,3.51161,3.44285,3.49902,3.49902,1342126
1986-09-30,3.51161,3.64893,3.51161,3.58056,3.58056,2714336
1986-10-01,3.59909,3.6742,3.59909,3.63031,3.63031,3584965
1986-10-02,3.63031,3.6742,3.61148,3.64893,3.64893,1514006
1986-10-03,3.66181,3.69283,3.61773,3.63031,3.63031,1898434
1986-10-06,3.61148,3.6742,3.59909,3.64893,3.64893,1171836
1986-10-07,3.66181,3.69283,3.64893,3.6742,3.6742,1866744
1986-10-08,3.66181,3.72414,3.66181,3.68034,3.68034,2664723
1986-10-09,3.69283,3.72414,3.61773,3.64893,3.64893,1587941
1986-10-10,3.6426,3.6426,3.54281,3.56184,3.56184,1824171
1986-10-13,3.59909,3.59909,3.54281,3.54925,3.54925,693624
1986-10-14,3.51765,3.51765,3.37427,3.46146,3.46146,3520950
1986-10-15,3.44285,3.54281,3.44285,3.51765,3.51765,2003420
1986-10-16,3.51765,3.6426,3.51765,3.6426,3.6426,2176909
1986-10-17,3.59909,3.61773,3.56768,3.61773,3.61773,1939084
1986-10-20,3.58056,3.59275,3.52399,3.56184,3.56184,1056281
1986-10-21,3.56768,3.56768,3.49902,3.54925,3.54925,1632125
1986-10-22,3.54281,3.56184,3.48039,3.48039,3.48039,794132
1986-10-23,3.46146,3.46146,3.39309,3.43016,3.43016,2300139
1986-10-24,3.40539,3.4364,3.37427,3.39309,3.39309,1377975
1986-10-27,3.38617,3.44285,3.3492,3.4364,3.4364,1934924
1986-10-28,3.43016,3.46146,3.3615,3.38617,3.38617,1167674
1986-10-29,3.37427,3.38617,3.3492,3.35545,3.35545,1445189
1986-10-30,3.4364,3.59909,3.4364,3.54925,3.54925,3062267
1986-10-31,3.58056,3.66181,3.56768,3.63031,3.63031,4481207
1986-11-03,3.5868,3.66796,3.56768,3.5868,3.5868,2493794
1986-11-04,3.56768,3.63655,3.52399,3.62417,3.62417,1814887
1986-11-05,3.62417,3.69917,3.61773,3.68034,3.68034,1910908
1986-11-06,3.69283,3.69917,3.59275,3.62417,3.62417,1523289
1986-11-07,3.63655,3.71136,3.62417,3.69917,3.69917,2537648
1986-11-10,3.69283,3.71136,3.64893,3.66796,3.66796,1315550
1986-11-11,3.66181,3.77417,3.64893,3.77417,3.77417,2502434
1986-11-12,3.7925,3.7925,3.74891,3.7925,3.7925,3520950
1986-11-13,3.7925,3.81777,3.77417,3.7925,3.7925,2232603
1986-11-14,3.78033,3.93648,3.77417,3.90526,3.90526,2256283
1986-11-17,3.87385,3.93648,3.57393,3.90526,3.90526,2321904
1986-11-18,3.89892,3.93003,3.74891,3.76149,3.76149,2420492
1986-11-19,3.74891,3.79904,3.73027,3.77417,3.77417,1643964
1986-11-20,3.79904,3.83026,3.77417,3.83026,3.83026,2347509
1986-11-21,3.85513,3.87385,3.78033,3.87385,3.87385,2996330
1986-11-24,3.89892,3.93648,3.86147,3.89892,3.89892,2746337
1986-11-25,3.86147,3.88654,3.7925,3.85513,3.85513,2827642
1986-11-26,3.83026,3.87385,3.79904,3.82382,3.82382,1212171
1986-11-28,3.83026,3.90526,3.82382,3.90526,3.90526,1879541
1986-12-01,3.87385,3.89892,3.84264,3.88654,3.88654,1675976
1986-12-02,3.88654,3.95529,3.85513,3.94886,3.94886,3132683
1986-12-03,3.93648,3.94886,3.85513,3.87385,3.87385,2468826
1986-12-04,3.85513,3.86147,3.77417,3.78033,3.78033,3100031
1986-12-05,3.78033,3.81777,3.74891,3.77417,3.77417,1649723
1986-12-08,3.76149,3.78033,3.69917,3.76149,3.76149,2254689
1986-12-09,3.74257,3.76149,3.72414,3.74891,3.74891,2013660
1986-12-10,3.73027,3.85513,3.72414,3.85513,3.85513,1918279
1986-12-11,3.84264,3.87385,3.76149,3.87385,3.87385,3552957
1986-12-12,3.91756,3.96769,3.73027,3.95529,3.95529,3648984
1986-12-15,3.95529,3.95529,3.89892,3.93003,3.93003,2350396
1986-12-16,3.91756,3.93648,3.88654,3.93648,3.93648,2326385
1986-12-17,3.87385,3.89892,3.7925,3.82382,3.82382,1672132
1986-12-18,3.7925,3.85513,3.77417,3.79904,3.79904,3520950
1986-12-19,3.79904,3.82382,3.74891,3.7925,3.7925,4801295
1986-12-22,3.85513,3.88654,3.82382,3.83026,3.83026,2461464
1986-12-23,3.79904,3.81777,3.74257,3.78033,3.78033,2916624
1986-12-24,3.78033,3.79904,3.76149,3.77417,3.77417,1272030
1986-12-26,3.77417,3.7925,3.74891,3.77417,3.77417,294480
1986-12-29,3.76149,3.79904,3.73027,3.78033,3.78033,1492567
1986-12-30,3.78033,3.79904,3.76149,3.77417,3.77417,1701898
1986-12-31,3.77417,3.7925,3.72414,3.74257,3.74257,1396537
1987-01-02,3.74891,3.81777,3.74891,3.7925,3.7925,1858746
1987-01-05,3.83026,3.88654,3.83026,3.85513,3.85513,3745012
1987-01-06,3.85513,3.87385,3.83026,3.86147,3.86147,2016220
1987-01-07,3.86147,3.94886,3.84264,3.91756,3.91756,2945429
1987-01-08,3.93648,4.01762,3.93003,4.01108,4.01108,3680992
1987-01-09,3.98017,4.10512,3.98017,4.01762,4.01762,3841037
1987-01-12,4.03002,4.17367,4.01108,4.14266,4.14266,5953607
1987-01-13,4.12374,4.14266,4.10512,4.10512,4.10512,3841037
1987-01-14,4.11127,4.21748,4.10512,4.18627,4.18627,4097103
1987-01-15,4.17367,4.37363,4.14852,4.31774,4.31774,4769283
1987-01-16,4.32994,4.355,4.21748,4.32994,4.32994,5505488
1987-01-19,4.30516,4.34866,4.28623,4.30516,4.30516,2322551
1987-01-20,4.30516,4.31774,4.2361,4.28623,4.28623,3584965
1987-01-21,4.20519,4.34262,4.14852,4.16764,4.16764,3424924
1987-01-22,4.14266,4.28623,4.13623,4.26771,4.26771,2699286
1987-01-23,4.24234,4.37363,4.11127,4.12374,4.12374,4385182
1987-01-26,4.12374,4.19261,4.10512,4.18627,4.18627,1889151
1987-01-27,4.19261,4.30516,4.19261,4.27376,4.27376,3175897
1987-01-28,4.28623,4.30516,4.20519,4.2361,4.2361,2276131
1987-01-29,4.28623,4.29883,4.20519,4.24234,4.24234,2065513
1987-01-30,4.24234,4.37363,4.2361,4.37363,4.37363,1860981
1987-02-02,4.34866,4.39236,4.29883,4.37363,4.37363,1727188
1987-02-03,4.34866,4.34866,4.26771,4.26771,4.26771,1835376
1987-02-04,4.34866,4.50481,4.34262,4.47995,4.47995,4129112
1987-02-05,4.54247,4.55504,4.47995,4.54247,4.54247,2871493
1987-02-06,4.55504,4.6049,4.51115,4.51115,4.51115,1681416
1987-02-09,4.4738,4.47995,4.37363,4.37363,4.37363,1506645
1987-02-10,4.38632,4.38632,4.27376,4.29297,4.29297,2882377
1987-02-11,4.27376,4.27376,4.1613,4.18011,4.18011,3296888
1987-02-12,4.18011,4.19261,4.05488,4.10512,4.10512,3392912
1987-02-13,4.10512,4.24888,4.09253,4.21123,4.21123,2783474
1987-02-17,4.24888,4.30516,4.24888,4.29297,4.29297,1942603
1987-02-18,4.33637,4.33637,4.1178,4.16764,4.16764,3841037
1987-02-19,4.16764,4.16764,4.06131,4.09253,4.09253,2657357
1987-02-20,4.1178,4.1178,4.00495,4.03645,4.03645,4673263
1987-02-23,4.04259,4.05488,3.94886,3.99285,3.99285,2844604
1987-02-24,3.98017,3.98017,3.88654,3.93003,3.93003,3552957
1987-02-25,3.89892,3.98017,3.8801,3.98017,3.98017,2964960
1987-02-26,3.99285,4.07401,3.96135,4.06131,4.06131,2682644
1987-02-27,4.0861,4.16764,4.06131,4.12998,4.12998,2604217
1987-03-02,4.1178,4.12998,4.03645,4.07401,4.07401,1628599
1987-03-03,4.10512,4.24234,4.09253,4.22996,4.22996,2213715
1987-03-04,4.26107,4.26107,4.21748,4.24234,4.24234,1900996
1987-03-05,4.27376,4.27376,4.19894,4.21748,4.21748,1456075
1987-03-06,4.22996,4.30516,4.19894,4.30516,4.30516,2227486
1987-03-09,4.30516,4.30516,4.24234,4.24888,4.24888,1607794
1987-03-10,4.26107,4.30516,4.24234,4.28623,4.28623,2275498
1987-03-11,4.33637,4.33637,4.24888,4.32379,4.32379,2296618
1987-03-12,4.33637,4.41743,4.32379,4.37363,4.37363,3841037
1987-03-13,4.38632,4.41743,4.29297,4.38632,4.38632,2666958
1987-03-16,4.38632,4.49243,4.36758,4.47995,4.47995,1759194
1987-03-17,4.50481,4.66136,4.49243,4.63005,4.63005,6113646
1987-03-18,4.63005,4.82367,4.63005,4.72993,4.72993,5633520
1987-03-19,4.71745,4.7428,4.6675,4.72993,4.72993,2601343
1987-03-20,4.72993,4.82367,4.71745,4.81742,4.81742,4609238
1987-03-23,4.80475,4.91749,4.79246,4.89858,4.89858,3068669
1987-03-24,4.89858,4.94891,4.85498,4.91106,4.91106,2222036
1987-03-25,4.83605,4.88608,4.81742,4.81742,4.81742,1288348
1987-03-26,4.8737,4.94246,4.83605,4.83605,4.83605,1939722
1987-03-27,4.86736,4.8737,4.71121,4.71121,4.71121,1638202
1987-03-30,4.50481,4.68644,4.50481,4.61757,4.61757,3328896
1987-03-31,4.63621,4.71121,4.61757,4.6802,4.6802,1600748
1987-04-01,4.63621,4.83605,4.63005,4.82367,4.82367,1714063
1987-04-02,4.91749,4.97992,4.88608,4.92989,4.92989,3082749
1987-04-03,4.91749,5.02985,4.8737,5.02352,5.02352,3232874
1987-04-06,5.02352,5.05502,5.00479,5.02985,5.02985,2693208
1987-04-07,5.02985,5.12974,4.94246,4.94246,4.94246,2785719
1987-04-08,4.99241,5.00479,4.89858,4.96139,4.96139,3841037
1987-04-09,4.92989,4.94246,4.69872,4.81742,4.81742,2589495
1987-04-10,4.7865,5.00479,4.77363,4.94246,4.94246,3178460
1987-04-13,4.94246,5.00479,4.88608,4.88608,4.88608,2993448
1987-04-14,4.91106,4.92989,4.69872,4.7865,4.7865,3488936
1987-04-15,4.85498,4.88608,4.71121,4.83605,4.83605,3392912
1987-04-16,4.8737,4.91749,4.77363,4.77363,4.77363,3157971
1987-04-20,4.83605,4.85498,4.71121,4.7865,4.7865,2363518
1987-04-21,4.72993,4.94891,4.68644,4.94891,4.94891,3021616
1987-04-22,4.89858,4.96139,4.79246,4.80475,4.80475,2025829
1987-04-23,4.72993,4.85498,4.64868,4.72993,4.72993,2640394
1987-04-24,4.71121,4.7551,4.5612,4.63621,4.63621,2758826
1987-04-27,4.52385,4.66136,4.50481,4.61757,4.61757,3132363
1987-04-28,4.6049,4.71121,4.57358,4.69872,4.69872,4609238
1987-04-29,4.72993,4.80475,4.6802,4.7428,4.7428,2100407
1987-04-30,4.72993,4.89858,4.72993,4.83605,4.83605,1747030
1987-05-01,4.79246,4.79246,4.6802,4.68644,4.68644,1985176
1987-05-04,4.69872,4.76124,4.68644,4.7551,4.7551,2611585
1987-05-05,4.84259,4.85498,4.76124,4.84259,4.84259,2035744
1987-05-06,4.88608,4.97992,4.8737,4.97368,4.97368,1918279
1987-05-07,5.01738,5.05502,4.97992,5.02985,5.02985,2584377
1987-05-08,5.02985,5.06751,5.00479,5.02352,5.02352,1883708
1987-05-11,5.09872,5.17373,4.97368,4.97368,4.97368,2531883
1987-05-12,4.99241,5.00479,4.92989,4.96139,4.96139,1825454
1987-05-13,4.94246,5.00479,4.8737,4.96139,4.96139,2622469
1987-05-14,4.94891,4.96139,4.91106,4.94891,4.94891,1303070
1987-05-15,4.91106,4.91749,4.74886,4.79246,4.79246,2180107
1987-05-18,4.77996,4.8737,4.76739,4.82367,4.82367,2513960
1987-05-19,4.83605,4.83605,4.63621,4.65532,4.65532,3043698
1987-05-20,4.65532,4.79246,4.64244,4.76124,4.76124,3360903
1987-05-21,4.84259,4.84259,4.76124,4.76739,4.76739,2066161
1987-05-22,4.76739,4.82367,4.71121,4.76124,4.76124,1356530
1987-05-26,4.79246,4.82367,4.76124,4.82367,4.82367,1442311
1987-05-27,4.82367,4.84259,4.77996,4.83605,4.83605,1179196
1987-05-28,4.83605,4.86736,4.76739,4.83605,4.83605,1343079
1987-05-29,4.88608,4.92989,4.85498,4.91749,4.91749,1304353
1987-06-01,4.94891,4.99241,4.91749,4.99241,4.99241,1950926
1987-06-02,4.94891,4.97368,4.89858,4.91749,4.91749,1702219
1987-06-03,4.94246,4.99241,4.91749,4.96139,4.96139,1692937
1987-06-04,4.96139,5.04254,4.94246,4.96139,4.96139,1283225
1987-06-05,4.92989,4.96139,4.89858,4.91106,4.91106,2850689
1987-06-08,4.88608,4.92989,4.86736,4.88608,4.88608,1154235
1987-06-09,4.91106,4.91106,4.84259,4.88608,4.88608,1078051
1987-06-10,4.94891,4.97992,4.84259,4.8737,4.8737,1778721
1987-06-11,4.89858,4.89858,4.83605,4.8737,4.8737,1358126
1987-06-12,4.88608,4.94246,4.86736,4.88608,4.88608,1231693
1987-06-15,4.94891,4.94891,4.91106,4.92989,4.92989,1918918
1987-06-16,4.94246,5.04254,4.92989,5.04254,5.04254,2052390
1987-06-17,5.05502,5.08624,5.01738,5.02352,5.02352,1658370
1987-06-18,4.97368,5.02985,4.97368,5.02985,5.02985,1646521
1987-06-19,5.05502,5.05502,4.97368,5.02352,5.02352,3424924
1987-06-22,5.02985,5.11734,5.01738,5.02985,5.02985,2399692
1987-06-23,5.02985,5.05502,4.97992,5.04254,5.04254,1548261
1987-06-24,5.01738,5.04254,5.01738,5.02985,5.02985,1149431
1987-06-25,5.02352,5.1112,5.01738,5.09872,5.09872,1468556
1987-06-26,5.04254,5.11734,5.02985,5.07355,5.07355,1877625
1987-06-29,5.11734,5.21722,5.1112,5.21722,5.21722,3196060
1987-06-30,5.21722,5.24239,5.18007,5.22356,5.22356,2915347
1987-07-01,5.19235,5.21722,5.16104,5.16104,5.16104,1467270
1987-07-02,5.19235,5.25477,5.18007,5.24239,5.24239,1360048
1987-07-06,5.25477,5.29847,5.24239,5.26736,5.26736,1567783
1987-07-07,5.28619,5.37358,5.28004,5.33612,5.33612,1759832
1987-07-08,5.3174,5.33612,5.23586,5.28004,5.28004,1841777
1987-07-09,5.28004,5.29847,5.24239,5.26736,5.26736,1900673
1987-07-10,5.28004,5.28619,5.23586,5.28004,5.28004,1023957
1987-07-13,5.29847,5.29847,5.22356,5.28004,5.28004,1081571
1987-07-14,5.25477,5.3174,5.24239,5.30472,5.30472,1317795
1987-07-15,5.28004,5.38606,5.25477,5.33612,5.33612,1852344
1987-07-16,5.37358,5.42362,5.36109,5.39231,5.39231,2430415
1987-07-17,5.41092,5.44224,5.37358,5.39845,5.39845,2802677
1987-07-20,5.37358,5.41092,5.28619,5.29847,5.29847,3392912
1987-07-21,5.28004,5.30472,5.13597,5.13597,5.13597,1771678
1987-07-22,5.18007,5.18007,5.04254,5.06751,5.06751,3196696
1987-07-23,5.09872,5.09872,4.97368,5.04254,5.04254,1712463
1987-07-24,5.04254,5.05502,5.01738,5.04254,5.04254,1833131
1987-07-27,5.05502,5.06751,4.99241,5.02985,5.02985,770451
1987-07-28,5.06751,5.12974,5.02985,5.11734,5.11734,1805287
1987-07-29,5.12974,5.14885,5.07355,5.12974,5.12974,2573179
1987-07-30,5.12974,5.12974,5.05502,5.07355,5.07355,1696780
1987-07-31,5.07355,5.09872,5.02985,5.09872,5.09872,871277
1987-08-03,5.18007,5.28619,5.16104,5.22356,5.22356,4705266
1987-08-04,5.12974,5.21079,5.10486,5.12974,5.12974,2627906
1987-08-05,5.11734,5.13597,5.06117,5.07355,5.07355,1667009
1987-08-06,5.09228,5.10486,5.05502,5.10486,5.10486,2136577
1987-08-07,5.11734,5.11734,5.06117,5.07998,5.07998,1055646
1987-08-10,5.11734,5.12974,5.07355,5.09228,5.09228,1432384
1987-08-11,5.07998,5.10486,5.05502,5.10486,5.10486,2509476
1987-08-12,5.06117,5.16729,5.06117,5.11734,5.11734,2374081
1987-08-13,5.10486,5.13597,4.89233,4.91749,4.91749,3809034
1987-08-14,4.92989,5.01123,4.89233,4.99241,4.99241,2630152
1987-08-17,5.05502,5.07355,4.92989,4.92989,4.92989,2180107
1987-08-18,4.86736,4.94891,4.79246,4.94891,4.94891,7137929
1987-08-19,4.92393,4.99874,4.92393,4.99241,4.99241,2547567
1987-08-20,5.01123,5.07355,4.95505,5.07355,5.07355,3264883
1987-08-21,5.10486,5.10486,5.04254,5.05502,5.05502,2893580
1987-08-24,5.02352,5.02985,4.94891,4.94891,4.94891,1762391
1987-08-25,4.95505,4.99241,4.91749,4.92989,4.92989,3264883
1987-08-26,4.95505,5.05502,4.92989,4.99874,4.99874,2568369
1987-08-27,5.02985,5.07355,5.01123,5.04254,5.04254,3232874
1987-08-28,5.04254,5.05502,4.92989,4.92989,4.92989,1536416
1987-08-31,4.97368,5.05502,4.94891,4.97368,4.97368,3264883
1987-09-01,4.96752,5.01123,4.84883,4.86102,4.86102,2485469
1987-09-02,4.82367,4.89233,4.76124,4.81118,4.81118,2811957
1987-09-03,4.81742,4.82367,4.7428,4.81118,4.81118,2066476
1987-09-04,4.82367,4.84259,4.71745,4.71745,4.71745,1163832
1987-09-08,4.71121,4.73627,4.55504,4.63005,4.63005,4385182
1987-09-09,4.63005,4.66136,4.57358,4.66136,4.66136,2886539
1987-09-10,4.6675,4.6675,4.5612,4.64868,4.64868,4545220
1987-09-11,4.64868,4.6675,4.59865,4.61123,4.61123,2265572
1987-09-14,4.63005,4.7428,4.54247,4.58002,4.58002,1682050
1987-09-15,4.57358,4.58002,4.52998,4.54247,4.54247,1876668
1987-09-16,4.50481,4.50481,4.42396,4.42396,4.42396,3456933
1987-09-17,4.45508,4.45508,4.31774,4.36134,4.36134,4417194
1987-09-18,4.36134,4.37997,4.29883,4.32379,4.32379,4065096
1987-09-21,4.34262,4.37997,4.24234,4.25503,4.25503,3777015
1987-09-22,4.28623,4.58002,4.24234,4.58002,4.58002,5153390
1987-09-23,4.57358,4.61123,4.50481,4.55504,4.55504,3175897
1987-09-24,4.5612,4.6049,4.52385,4.52998,4.52998,1577384
1987-09-25,4.52385,4.57358,4.48609,4.52998,4.52998,1422466
1987-09-28,4.55504,4.63005,4.50481,4.57358,4.57358,1673731
1987-09-29,4.57358,4.61123,4.5612,4.58002,4.58002,1856178
1987-09-30,4.55504,4.61123,4.55504,4.58002,4.58002,1766877
1987-10-01,4.59865,4.70516,4.59865,4.68644,4.68644,1520734
1987-10-02,4.70516,4.7428,4.66136,4.73627,4.73627,1840499
1987-10-05,4.7551,4.7551,4.68644,4.71745,4.71745,1220491
1987-10-06,4.6802,4.71745,4.55504,4.55504,4.55504,2087281
1987-10-07,4.55504,4.55504,4.39236,4.47995,4.47995,2392644
1987-10-08,4.46727,4.47995,4.32379,4.37997,4.37997,1786405
1987-10-09,4.36134,4.44883,4.34866,4.34866,4.34866,2011100
1987-10-12,4.36134,4.41743,4.30516,4.34866,4.34866,1339245
1987-10-13,4.37997,4.44883,4.34866,4.42396,4.42396,1337960
1987-10-14,4.39236,4.39236,4.21748,4.28623,4.28623,2947675
1987-10-15,4.25503,4.34262,4.24234,4.24234,4.24234,2461138
1987-10-16,4.27376,4.39236,4.16764,4.21123,4.21123,5224764
1987-10-19,4.04259,4.10512,3.51161,3.51161,3.51161,5727307
1987-10-20,3.53014,3.95529,2.72429,3.8052,3.8052,6997410
1987-10-21,3.9115,3.99918,3.72414,3.82382,3.82382,4203055
1987-10-22,3.16788,3.89259,3.16788,3.74257,3.74257,3968428
1987-10-23,3.57393,3.74257,3.54925,3.62417,3.62417,2219479
1987-10-26,3.44285,3.48654,3.14907,3.19305,3.19305,2262692
1987-10-27,3.40539,3.40539,3.31799,3.3615,3.3615,2777071
1987-10-28,3.33653,3.48039,3.2305,3.45542,3.45542,4376222
1987-10-29,3.53014,3.74257,3.45542,3.5868,3.5868,3011690
1987-10-30,3.76773,3.82382,3.61773,3.77417,3.77417,2144897
1987-11-02,3.66181,3.78656,3.64893,3.78656,3.78656,2638152
1987-11-03,3.61773,3.70511,3.30551,3.69917,3.69917,1906754
1987-11-04,3.65527,3.73027,3.61773,3.69917,3.69917,1661889
1987-11-05,3.6426,3.70511,3.58056,3.68658,3.68658,2014301
1987-11-06,3.6742,3.718,3.53677,3.56184,3.56184,1817448
1987-11-09,3.46781,3.50508,3.30551,3.34277,3.34277,3009451
1987-11-10,3.29887,3.38617,3.25548,3.34277,3.34277,2481314
1987-11-11,3.44928,3.49288,3.3615,3.41816,3.41816,1408699
1987-11-12,3.58056,3.58056,3.48654,3.48654,3.48654,1642687
1987-11-13,3.40539,3.4364,3.34277,3.34277,3.34277,1197124
1987-11-16,3.43016,3.49288,3.39309,3.48654,3.48654,1431104
1987-11-17,3.41816,3.46781,3.38617,3.46781,3.46781,2093045
1987-11-18,3.41816,3.46781,3.3615,3.46146,3.46146,2296940
1987-11-19,3.38617,3.41816,3.30551,3.35545,3.35545,1741270
1987-11-20,3.28669,3.44928,3.24894,3.34277,3.34277,2372480
1987-11-23,3.3615,3.40539,3.34277,3.39309,3.39309,1533211
1987-11-24,3.44928,3.50508,3.39309,3.41816,3.41816,2175304
1987-11-25,3.39309,3.39309,3.32433,3.32433,3.32433,1363894
1987-11-27,3.35545,3.38617,3.30551,3.32433,3.32433,1034200
1987-11-30,3.25548,3.26806,3.14907,3.14907,3.14907,2198030
1987-12-01,3.22417,3.2305,3.14907,3.19305,3.19305,3960754
1987-12-02,3.19305,3.22417,3.16788,3.19305,3.19305,1746068
1987-12-03,3.199,3.22417,3.14907,3.16788,3.16788,1824812
1987-12-04,3.1554,3.19305,3.08039,3.16788,3.16788,2219479
1987-12-07,3.1554,3.21178,3.14907,3.21178,3.21178,2706651
1987-12-08,3.21178,3.38617,3.18047,3.3615,3.3615,1699657
1987-12-09,3.35545,3.39309,3.30551,3.34277,3.34277,1643964
1987-12-10,3.30551,3.3615,3.14907,3.14907,3.14907,1922117
1987-12-11,3.18047,3.28669,3.16788,3.28669,3.28669,2560690
1987-12-14,3.25548,3.34277,3.199,3.34277,3.34277,2755622
1987-12-15,3.32433,3.3615,3.199,3.26806,3.26806,3056183
1987-12-16,3.26806,3.35545,3.25548,3.32433,3.32433,2812599
1987-12-17,3.29887,3.29887,3.19305,3.2305,3.2305,3055864
1987-12-18,3.2305,3.34277,3.19305,3.33029,3.33029,4061254
1987-12-21,3.30551,3.33029,3.28669,3.29887,3.29887,1316514
1987-12-22,3.28044,3.33029,3.26806,3.30551,3.30551,4961016
1987-12-23,3.35545,3.48654,3.34277,3.43016,3.43016,2960804
1987-12-24,3.48654,3.49288,3.46146,3.46781,3.46781,792211
1987-12-28,3.3615,3.39309,3.32433,3.35545,3.35545,1497368
1987-12-29,3.37427,3.39309,3.35545,3.3615,3.3615,1057566
1987-12-30,3.4364,3.46781,3.40539,3.4364,3.4364,2135936
1987-12-31,3.3615,3.4364,3.35545,3.41816,3.41816,2427536
1988-01-04,3.46146,3.61773,3.46146,3.59275,3.59275,1508566
1988-01-05,3.6742,3.76149,3.61773,3.65527,3.65527,2906066
1988-01-06,3.6742,3.77417,3.63655,3.70511,3.70511,1178238
1988-01-07,3.70511,3.82382,3.6742,3.79904,3.79904,2890380
1988-01-08,3.8052,3.8052,3.53677,3.56184,3.56184,1921479
1988-01-11,3.59275,3.59909,3.44928,3.50508,3.50508,2109050
1988-01-12,3.43016,3.50508,3.3615,3.44928,3.44928,1762391
1988-01-13,3.46781,3.61148,3.41816,3.41816,3.41816,1377009
1988-01-14,3.46781,3.54281,3.4364,3.51161,3.51161,1280343
1988-01-15,3.58056,3.65527,3.56184,3.56184,3.56184,2577338
1988-01-18,3.58056,3.61773,3.56184,3.61773,3.61773,742924
1988-01-19,3.58056,3.70511,3.56184,3.61773,3.61773,1616436
1988-01-20,3.61773,3.61773,3.44928,3.50508,3.50508,1222729
1988-01-21,3.56184,3.56768,3.50508,3.54281,3.54281,1416379
1988-01-22,3.61773,3.61773,3.56768,3.61148,3.61148,1304353
1988-01-25,3.61773,3.78033,3.61148,3.77417,3.77417,1405179
1988-01-26,3.76149,3.76149,3.68658,3.718,3.718,1437184
1988-01-27,3.73027,3.76149,3.6742,3.73027,3.73027,1886906
1988-01-28,3.73027,3.78033,3.69917,3.76149,3.76149,1223053
1988-01-29,3.78033,3.87385,3.74257,3.87385,3.87385,1704781
1988-02-01,3.8801,3.8801,3.78033,3.78033,3.78033,3002412
1988-02-02,3.78033,3.90526,3.74891,3.88654,3.88654,1836658
1988-02-03,3.8678,3.9115,3.8364,3.85513,3.85513,2089844
1988-02-04,3.8678,3.8678,3.82382,3.84879,3.84879,1272982
1988-02-05,3.84879,3.8678,3.8364,3.85513,3.85513,612646
1988-02-08,3.81777,3.82382,3.78033,3.81777,3.81777,1055326
1988-02-09,3.82382,3.8801,3.81777,3.8678,3.8678,1671172
1988-02-10,3.82382,3.95529,3.82382,3.93003,3.93003,1469195
1988-02-11,3.95529,3.96769,3.9115,3.93003,3.93003,887602
1988-02-12,3.94886,4.01108,3.93003,3.99918,3.99918,1423744
1988-02-16,3.98612,4.11127,3.98612,4.11127,4.11127,1711504
1988-02-17,4.06131,4.09897,4.05488,4.07995,4.07995,2661518
1988-02-18,4.09897,4.1178,3.99918,4.01762,4.01762,2489950
1988-02-19,3.98017,3.99918,3.93003,3.99918,3.99918,2276452
1988-02-22,4.01108,4.04259,3.95529,3.98612,3.98612,1818732
1988-02-23,3.94886,3.96769,3.88654,3.95529,3.95529,3360903
1988-02-24,3.92389,3.95529,3.82382,3.82382,3.82382,2185226
1988-02-25,3.85513,3.8801,3.75506,3.77417,3.77417,2446417
1988-02-26,3.73633,3.7925,3.718,3.78033,3.78033,2582774
1988-02-29,3.78033,3.8801,3.78033,3.8678,3.8678,1888830
1988-03-01,3.84879,3.88654,3.8364,3.88654,3.88654,2236445
1988-03-02,3.9115,3.9115,3.84879,3.85513,3.85513,1149112
1988-03-03,3.8801,3.90526,3.84879,3.8678,3.8678,934332
1988-03-04,3.84879,3.88654,3.8364,3.8678,3.8678,995471
1988-03-07,3.8678,3.95529,3.85513,3.93003,3.93003,1488082
1988-03-08,3.98017,4.01762,3.93003,4.01108,4.01108,1360048
1988-03-09,3.98612,3.99918,3.94886,3.95529,3.95529,1610674
1988-03-10,3.96769,4.01762,3.92389,3.95529,3.95529,1721104
1988-03-11,3.98017,4.01762,3.94886,3.98612,3.98612,1379570
1988-03-14,4.01108,4.04259,3.98612,4.03645,4.03645,1083815
1988-03-15,4.01108,4.04259,3.99918,4.03645,4.03645,781976
1988-03-16,4.04259,4.0861,4.01108,4.0861,4.0861,1701259
1988-03-17,4.09897,4.11127,4.04259,4.11127,4.11127,1014030
1988-03-18,4.16764,4.16764,4.0861,4.14266,4.14266,3809034
1988-03-21,4.1178,4.14266,4.0861,4.09897,4.09897,770451
1988-03-22,4.0861,4.11127,4.06131,4.0861,4.0861,1253136
1988-03-23,4.04259,4.09897,4.03645,4.07995,4.07995,1344362
1988-03-24,4.01762,4.04259,3.95529,3.95529,3.95529,1148147
1988-03-25,3.93003,3.95529,3.81777,3.84879,3.84879,1626040
1988-03-28,3.82382,3.84879,3.79904,3.8364,3.8364,941690
1988-03-29,3.8801,3.90526,3.84879,3.88654,3.88654,1397496
1988-03-30,4.01762,4.05488,3.95529,3.96769,3.96769,3081152
1988-03-31,3.98017,4.06131,3.96769,4.06131,4.06131,2770025
1988-04-04,4.04259,4.05488,3.94886,3.96769,3.96769,1353005
1988-04-05,4.01108,4.01108,3.93003,3.98017,3.98017,1554972
1988-04-06,3.96769,4.14852,3.96769,4.14852,4.14852,2248289
1988-04-07,4.12998,4.21123,4.12998,4.17367,4.17367,2787631
1988-04-08,4.19261,4.32379,4.19261,4.29883,4.29883,3048183
1988-04-11,4.32379,4.34866,4.28623,4.30516,4.30516,1858746
1988-04-12,4.34866,4.43615,4.31774,4.43615,4.43615,3822472
1988-04-13,4.41743,4.44883,4.37997,4.41743,4.41743,2590461
1988-04-14,4.34262,4.37363,4.16764,4.19261,4.19261,2939670
1988-04-15,4.21123,4.22996,4.1178,4.21123,4.21123,2687763
1988-04-18,4.17367,4.26107,4.14852,4.16764,4.16764,1901309
1988-04-19,4.17367,4.18627,4.04259,4.06131,4.06131,1951247
1988-04-20,4.03645,4.05488,3.98017,4.01108,4.01108,1697421
1988-04-21,4.04259,4.11127,3.98612,4.01108,4.01108,1972688
1988-04-22,4.01762,4.19261,4.01762,4.12998,4.12998,1393658
1988-04-25,4.12998,4.26107,4.1178,4.22996,4.22996,1471755
1988-04-26,4.22996,4.31774,4.21748,4.28623,4.28623,2886857
1988-04-27,4.31774,4.34262,4.28623,4.30516,4.30516,1746068
1988-04-28,4.30516,4.32379,4.28623,4.28623,4.28623,1627321
1988-04-29,4.29883,4.29883,4.19261,4.21123,4.21123,2209231
1988-05-02,4.14266,4.16764,4.11127,4.14852,4.14852,1879541
1988-05-03,4.19261,4.24234,4.19261,4.21123,4.21123,991315
1988-05-04,4.24234,4.25503,4.21123,4.21123,4.21123,2764265
1988-05-05,4.2361,4.25503,4.19894,4.25503,4.25503,1397176
1988-05-06,4.25503,4.32994,4.24234,4.27376,4.27376,2204753
1988-05-09,4.25503,4.29883,4.2361,4.26771,4.26771,711872
1988-05-10,4.25503,4.3114,4.25503,4.29883,4.29883,777168
1988-05-11,4.24234,4.26771,4.19894,4.21123,4.21123,1679492
1988-05-12,4.24234,4.26771,4.21748,4.21748,4.21748,1309792
1988-05-13,4.2361,4.25503,4.21748,4.21748,4.21748,1471755
1988-05-16,4.24234,4.3114,4.2361,4.3114,4.3114,1162239
1988-05-17,4.34262,4.39236,4.29297,4.29883,4.29883,2155462
1988-05-18,4.27376,4.3114,4.21748,4.24234,4.24234,1168632
1988-05-19,4.21123,4.25503,4.19894,4.25503,4.25503,1374128
1988-05-20,4.27376,4.29297,4.21748,4.21748,4.21748,1463432
1988-05-23,4.24234,4.25503,4.17367,4.24234,4.24234,1169593
1988-05-24,4.25503,4.27376,4.2361,4.27376,4.27376,1840499
1988-05-25,4.29297,4.29297,4.25503,4.25503,4.25503,1863860
1988-05-26,4.27376,4.29883,4.26771,4.29883,4.29883,969540
1988-05-27,4.29297,4.29883,4.2361,4.25503,4.25503,867111
1988-05-31,4.25503,4.37363,4.2361,4.36758,4.36758,1265300
1988-06-01,4.355,4.46122,4.355,4.4425,4.4425,2673997
1988-06-02,4.42396,4.43001,4.36758,4.42396,4.42396,1335084
1988-06-03,4.43001,4.49868,4.42396,4.46122,4.46122,1904193
1988-06-06,4.47995,4.51115,4.45508,4.51115,4.51115,1773921
1988-06-07,4.51115,4.54247,4.47995,4.48609,4.48609,1658690
1988-06-08,4.49868,4.59865,4.47995,4.58626,4.58626,2695442
1988-06-09,4.59865,4.61123,4.55504,4.5612,4.5612,3149009
1988-06-10,4.58626,4.61123,4.58002,4.58626,4.58626,1546978
1988-06-13,4.5612,4.5612,4.51115,4.51115,4.51115,1794084
1988-06-14,4.52385,4.59865,4.51115,4.51115,4.51115,2843647
1988-06-15,4.52385,4.52998,4.46122,4.48609,4.48609,1883708
1988-06-16,4.43001,4.4425,4.41119,4.42396,4.42396,1338921
1988-06-17,4.4425,4.45508,4.41119,4.4425,4.4425,3839756
1988-06-20,4.42396,4.42396,4.39236,4.41119,4.41119,947776
1988-06-21,4.43001,4.43001,4.32379,4.39236,4.39236,2452818
1988-06-22,4.42396,4.4425,4.37363,4.41119,4.41119,3109637
1988-06-23,4.39869,4.43001,4.39236,4.41119,4.41119,1367727
1988-06-24,4.39869,4.42396,4.27376,4.29297,4.29297,1684294
1988-06-27,4.27376,4.27376,4.1178,4.14266,4.14266,1841458
1988-06-28,4.14266,4.21748,4.1178,4.19894,4.19894,1707342
1988-06-29,4.19261,4.19894,4.1178,4.14266,4.14266,1281627
1988-06-30,4.01108,4.03645,3.98612,4.02377,4.02377,4115030
1988-07-01,4.03645,4.04259,3.98612,4.01108,4.01108,2349750
1988-07-05,3.99918,4.2361,3.98612,4.19261,4.19261,2332149
1988-07-06,4.19261,4.2361,4.13623,4.17367,4.17367,1978779
1988-07-07,4.16764,4.2361,4.15505,4.17367,4.17367,1872187
1988-07-08,4.17367,4.19894,4.16764,4.16764,4.16764,1128948
1988-07-11,4.17367,4.17367,4.06765,4.06765,4.06765,1053403
1988-07-12,4.05488,4.07995,4.01108,4.05488,4.05488,1530973
1988-07-13,4.07995,4.0861,4.05488,4.07995,4.07995,1635639
1988-07-14,4.09897,4.15505,4.0861,4.15505,4.15505,1379253
1988-07-15,4.15505,4.2361,4.14266,4.21123,4.21123,1883390
1988-07-18,4.2361,4.29883,4.19894,4.26771,4.26771,2186194
1988-07-19,4.24234,4.26771,4.17367,4.21123,4.21123,1336999
1988-07-20,4.2361,4.29883,4.21748,4.29297,4.29297,1166717
1988-07-21,4.29883,4.29883,4.19261,4.19261,4.19261,1116137
1988-07-22,4.19894,4.19894,4.07995,4.13623,4.13623,965382
1988-07-25,4.1178,4.17367,4.11127,4.1178,4.1178,699066
1988-07-26,4.14266,4.21123,4.1178,4.16764,4.16764,1260507
1988-07-27,4.17367,4.17367,4.06765,4.06765,4.06765,800217
1988-07-28,4.07995,4.13623,4.06765,4.1178,4.1178,1209602
1988-07-29,4.13623,4.29883,4.1178,4.29883,4.29883,1723988
1988-08-01,4.29297,4.32994,4.25503,4.25503,4.25503,2033510
1988-08-02,4.24234,4.29297,4.15505,4.24234,4.24234,1474953
1988-08-03,4.24234,4.29297,4.22401,4.26771,4.26771,866472
1988-08-04,4.28,4.29883,4.24234,4.26771,4.26771,697468
1988-08-05,4.24234,4.26771,4.19894,4.22401,4.22401,422512
1988-08-08,4.24234,4.26107,4.22401,4.22401,4.22401,1081894
1988-08-09,4.22401,4.2361,4.12374,4.19894,4.19894,1308832
1988-08-10,4.18011,4.21123,4.13623,4.15505,4.15505,1267226
1988-08-11,4.18011,4.18011,4.09897,4.15505,4.15505,1109737
1988-08-12,4.14266,4.15505,4.11127,4.14266,4.14266,926007
1988-08-15,4.11127,4.13623,4.04259,4.04259,4.04259,1642044
1988-08-16,4.04259,4.09897,4.01762,4.06765,4.06765,1093734
1988-08-17,4.05488,4.0861,4.01108,4.04259,4.04259,1151673
1988-08-18,4.01762,4.06765,4.01108,4.01108,4.01108,1673412
1988-08-19,4.01108,4.04259,4.01108,4.01762,4.01762,1495124
1988-08-22,4.01762,4.05488,3.98612,3.98612,3.98612,942337
1988-08-23,3.98612,3.99918,3.94242,3.98017,3.98017,1805929
1988-08-24,3.96135,4.01762,3.95529,4.01762,4.01762,2086005
1988-08-25,3.98612,3.99918,3.92389,3.96135,3.96135,1710219
1988-08-26,3.95529,3.98612,3.94242,3.96135,3.96135,1119980
1988-08-29,3.99918,4.01762,3.98612,4.01108,4.01108,620646
1988-08-30,4.01762,4.01762,3.98017,3.99918,3.99918,1109421
1988-08-31,4.01108,4.01762,3.98612,3.99918,3.99918,1123503
1988-09-01,4.01108,4.01108,3.93003,3.95529,3.95529,2199952
1988-09-02,4.01762,4.06765,3.99918,4.05488,4.05488,1522327
1988-09-06,3.99918,4.04259,3.98612,3.99918,3.99918,1403896
1988-09-07,3.98017,3.98612,3.93003,3.98017,3.98017,2338551
1988-09-08,3.98612,3.99918,3.96135,3.98017,3.98017,1985813
1988-09-09,3.98017,3.98017,3.88654,3.88654,3.88654,2054317
1988-09-12,3.88654,3.89892,3.85513,3.89892,3.89892,1910273
1988-09-13,3.88654,3.93003,3.87385,3.93003,3.93003,1251856
1988-09-14,3.96135,4.04259,3.96135,4.01762,4.01762,1594671
1988-09-15,4.01108,4.06765,3.99918,4.05488,4.05488,1420860
1988-09-16,4.05488,4.05488,4.01762,4.01762,4.01762,2901262
1988-09-19,4.01762,4.01762,3.95529,3.98612,3.98612,1040281
1988-09-20,3.98612,4.01762,3.98017,4.01762,4.01762,860072
1988-09-21,4.05488,4.05488,3.99918,3.99918,3.99918,1347242
1988-09-22,4.01762,4.11127,3.93003,3.95529,3.95529,881834
1988-09-23,3.95529,3.95529,3.89892,3.92389,3.92389,1384372
1988-09-26,3.92389,3.96135,3.90526,3.93003,3.93003,827102
1988-09-27,3.90526,3.92389,3.84264,3.86147,3.86147,1798886
1988-09-28,3.84264,3.90526,3.84264,3.89892,3.89892,1703499
1988-09-29,3.90526,3.94242,3.89892,3.93003,3.93003,1448389
1988-09-30,3.95529,3.96135,3.92389,3.92389,3.92389,1407419
1988-10-03,3.93003,3.93003,3.87385,3.89892,3.89892,1465675
1988-10-04,3.85513,3.88654,3.85513,3.85513,3.85513,1839537
1988-10-05,3.87385,3.93003,3.85513,3.92389,3.92389,1833775
1988-10-06,3.92389,3.96135,3.90526,3.94242,3.94242,1962133
1988-10-07,3.98017,4.0861,3.95529,4.0861,4.0861,2298220
1988-10-10,4.07995,4.0861,4.03645,4.03645,4.03645,1354284
1988-10-11,4.01762,4.12374,4.01108,4.11127,4.11127,1403578
1988-10-12,4.0861,4.13623,4.07995,4.13623,4.13623,1799526
1988-10-13,4.15505,4.21123,4.14266,4.14266,4.14266,1739669
1988-10-14,4.16764,4.19894,4.13623,4.19894,4.19894,1253455
1988-10-17,4.19894,4.26771,4.19261,4.24234,4.24234,2546285
1988-10-18,4.26107,4.28,4.19261,4.24234,4.24234,1486803
1988-10-19,4.24234,4.24234,4.14266,4.19894,4.19894,1252182
1988-10-20,4.21123,4.22401,4.19261,4.22401,4.22401,1574187
1988-10-21,4.21123,4.22401,4.18011,4.22401,4.22401,2343670
1988-10-24,4.22401,4.22401,4.15505,4.16764,4.16764,924731
1988-10-25,4.16764,4.24234,4.15505,4.22401,4.22401,843425
1988-10-26,4.2361,4.24234,4.19894,4.2361,4.2361,872235
1988-10-27,4.22401,4.24234,4.18011,4.18011,4.18011,1127986
1988-10-28,4.22401,4.2361,4.19261,4.21123,4.21123,827426
1988-10-31,4.22401,4.2361,4.19261,4.21123,4.21123,1762719
1988-11-01,4.19894,4.22401,4.16764,4.19261,4.19261,1079333
1988-11-02,4.19261,4.19894,4.12374,4.16764,4.16764,1282586
1988-11-03,4.16764,4.2361,4.14266,4.19261,4.19261,2333427
1988-11-04,4.18011,4.19894,4.10512,4.10512,4.10512,1902274
1988-11-07,4.10512,4.12374,4.0861,4.10512,4.10512,1433666
1988-11-08,4.11127,4.1613,4.10512,4.13623,4.13623,1495447
1988-11-09,4.11127,4.12374,4.05488,4.0861,4.0861,1408060
1988-11-10,4.0861,4.12374,4.07995,4.10512,4.10512,980421
1988-11-11,4.06765,4.06765,3.98017,3.98612,3.98612,1535449
1988-11-14,4.01108,4.01108,3.94242,3.98017,3.98017,1706381
1988-11-15,3.99918,4.01762,3.98017,3.98612,3.98612,946494
1988-11-16,3.99918,4.01762,3.94242,3.95529,3.95529,1837289
1988-11-17,3.98017,3.99918,3.95529,3.99918,3.99918,705789
1988-11-18,4.01108,4.03645,3.96135,3.99918,3.99918,1496404
1988-11-21,3.98612,3.98612,3.93003,3.96135,3.96135,1482959
1988-11-22,3.98612,4.07995,3.98017,4.05488,4.05488,1982300
1988-11-23,4.05488,4.06765,4.01762,4.03645,4.03645,1215363
1988-11-25,4.10512,4.13623,4.0861,4.12374,4.12374,1110058
1988-11-28,4.11127,4.1613,4.10512,4.12374,4.12374,1499603
1988-11-29,4.13623,4.16764,4.11127,4.1613,4.1613,1323240
1988-11-30,4.16764,4.18011,4.14266,4.16764,4.16764,1415421
1988-12-01,4.16764,4.16764,4.12374,4.13623,4.13623,1023320
1988-12-02,4.11127,4.12374,4.06765,4.07995,4.07995,1257302
1988-12-05,4.05488,4.11127,4.05488,4.06765,4.06765,2056234
1988-12-06,4.06765,4.12374,4.03645,4.12374,4.12374,1984540
1988-12-07,4.11127,4.19261,4.10512,4.18011,4.18011,2131135
1988-12-08,4.18011,4.19894,4.1613,4.18011,4.18011,1892992
1988-12-09,4.19261,4.22401,4.16764,4.18011,4.18011,1298916
1988-12-12,4.18011,4.22401,4.18011,4.19261,4.19261,1611634
1988-12-13,4.19894,4.19894,4.16764,4.16764,4.16764,1185276
1988-12-14,4.18011,4.21748,4.16764,4.19261,4.19261,1752473
1988-12-15,4.19894,4.21748,4.18011,4.18011,4.18011,1082534
1988-12-16,4.21748,4.21748,4.18011,4.19894,4.19894,3892886
1988-12-19,4.19894,4.26107,4.18011,4.24888,4.24888,1715986
1988-12-20,4.26771,4.29883,4.26107,4.26771,4.26771,1056926
1988-12-21,4.28623,4.31774,4.26771,4.26771,4.26771,1485840
1988-12-22,4.28623,4.29883,4.26107,4.28623,4.28623,1196802
1988-12-23,4.28623,4.30516,4.26771,4.29883,4.29883,566553
1988-12-27,4.29883,4.29883,4.26107,4.26107,4.26107,465725
1988-12-28,4.26107,4.28623,4.22401,4.22401,4.22401,817822
1988-12-29,4.2361,4.26107,4.19894,4.22401,4.22401,2528682
1988-12-30,4.2361,4.30516,4.16764,4.16764,4.16764,872235
1989-01-03,4.16764,4.18011,4.13623,4.16764,4.16764,916409
1989-01-04,4.18011,4.22401,4.1613,4.22401,4.22401,1904193
1989-01-05,4.24888,4.29883,4.22401,4.29883,4.29883,1634361
1989-01-06,4.31774,4.34262,4.28623,4.30516,4.30516,2725534
1989-01-09,4.30516,4.34262,4.28623,4.31774,4.31774,1585709
1989-01-10,4.32994,4.34262,4.30516,4.31774,4.31774,1682693
1989-01-11,4.30516,4.37363,4.28623,4.37363,4.37363,2402566
1989-01-12,4.38632,4.46122,4.37363,4.42396,4.42396,2573812
1989-01-13,4.4425,4.4425,4.38632,4.40523,4.40523,1302115
1989-01-16,4.43001,4.45508,4.37363,4.39869,4.39869,2185868
1989-01-17,4.38632,4.42396,4.34866,4.42396,4.42396,2177546
1989-01-18,4.42396,4.47995,4.39869,4.47995,4.47995,1616752
1989-01-19,4.47995,4.48609,4.43001,4.45508,4.45508,1486479
1989-01-20,4.45508,4.48609,4.43001,4.48609,4.48609,2371841
1989-01-23,4.51115,4.55504,4.45508,4.45508,4.45508,4255545
1989-01-24,4.4425,4.45508,4.37363,4.42396,4.42396,2656079
1989-01-25,4.42396,4.43001,4.34262,4.37363,4.37363,2554291
1989-01-26,4.38632,4.52385,4.37363,4.49868,4.49868,2964637
1989-01-27,4.52385,4.54891,4.46122,4.52998,4.52998,3086276
1989-01-30,4.54891,4.58626,4.52385,4.54891,4.54891,3188377
1989-01-31,4.55504,4.59865,4.51779,4.58626,4.58626,1659972
1989-02-01,4.52998,4.55504,4.49868,4.52998,4.52998,1865464
1989-02-02,4.52998,4.53603,4.4738,4.47995,4.47995,959622
1989-02-03,4.49868,4.52998,4.47995,4.51779,4.51779,1096294
1989-02-06,4.49868,4.53603,4.49868,4.53603,4.53603,1160947
1989-02-07,4.51779,4.61123,4.51779,4.61123,4.61123,1515930
1989-02-08,4.61123,4.61123,4.53603,4.5612,4.5612,1204485
1989-02-09,4.53603,4.59865,4.43615,4.49868,4.49868,1393658
1989-02-10,4.47995,4.49868,4.41743,4.41743,4.41743,1228174
1989-02-13,4.39236,4.44883,4.39236,4.42396,4.42396,860395
1989-02-14,4.44883,4.44883,4.39869,4.41743,4.41743,1617395
1989-02-15,4.41743,4.45508,4.41743,4.42396,4.42396,1878906
1989-02-16,4.43615,4.47995,4.42396,4.47995,4.47995,1529050
1989-02-17,4.4738,4.5612,4.45508,4.5612,4.5612,2094324
1989-02-21,4.57358,4.63621,4.5612,4.58626,4.58626,2702490
1989-02-22,4.58626,4.58626,4.47995,4.49868,4.49868,1348522
1989-02-23,4.49868,4.5612,4.49868,4.53603,4.53603,1982610
1989-02-24,4.51779,4.53603,4.44883,4.44883,4.44883,2484189
1989-02-27,4.4738,4.47995,4.42396,4.4738,4.4738,1317795
1989-02-28,4.47995,4.49868,4.4738,4.47995,4.47995,1194246
1989-03-01,4.49868,4.51779,4.47995,4.50481,4.50481,2073522
1989-03-02,4.49868,4.59865,4.47995,4.59865,4.59865,3229029
1989-03-03,4.61123,4.6802,4.59865,4.6675,4.6675,2424975
1989-03-06,4.70516,4.79246,4.70516,4.79246,4.79246,3456293
1989-03-07,4.79246,4.8737,4.7865,4.8299,4.8299,2704730
1989-03-08,4.8299,4.8299,4.76739,4.76739,4.76739,2286697
1989-03-09,4.80475,4.80475,4.76739,4.7865,4.7865,1872187
1989-03-10,4.76739,4.79246,4.74886,4.7865,4.7865,2175304
1989-03-13,4.80475,4.88608,4.79246,4.8737,4.8737,1893630
1989-03-14,4.88608,4.89858,4.86736,4.89858,4.89858,2851970
1989-03-15,4.92393,5.02352,4.89858,5.02352,5.02352,3769023
1989-03-16,5.036,5.07998,5.02352,5.07998,5.07998,2567733
1989-03-17,5.036,5.06117,4.99241,5.036,5.036,4281795
1989-03-20,4.99241,5.02352,4.89858,4.92989,4.92989,2983847
1989-03-21,4.92989,4.95505,4.86736,4.88608,4.88608,1896832
1989-03-22,4.89858,4.89858,4.80475,4.81742,4.81742,1632438
1989-03-23,4.81742,4.84259,4.72993,4.7865,4.7865,1737746
1989-03-27,4.80475,4.81742,4.76739,4.81742,4.81742,1249618
1989-03-28,4.84259,4.84259,4.7865,4.79246,4.79246,2634952
1989-03-29,4.79246,4.8299,4.7865,4.80475,4.80475,1477198
1989-03-30,4.80475,4.80475,4.76124,4.7865,4.7865,1340198
1989-03-31,4.80475,4.88608,4.79246,4.8737,4.8737,1511449
1989-04-03,4.89858,4.89858,4.84883,4.86736,4.86736,1053721
1989-04-04,4.86736,4.91106,4.84883,4.8737,4.8737,2138816
1989-04-05,4.86736,5.02352,4.86736,4.97992,4.97992,2861894
1989-04-06,4.95505,4.96752,4.92393,4.94891,4.94891,1874745
1989-04-07,4.92989,4.94891,4.89858,4.91106,4.91106,1875381
1989-04-10,4.92393,4.92989,4.88608,4.89858,4.89858,1159993
1989-04-11,4.89858,4.94891,4.8737,4.92393,4.92393,1723022
1989-04-12,4.91106,4.92989,4.8737,4.89858,4.89858,1821927
1989-04-13,4.89858,4.89858,4.84259,4.84883,4.84883,949698
1989-04-14,4.88608,4.89858,4.84883,4.86736,4.86736,1424382
1989-04-17,4.86736,4.91106,4.84883,4.89858,4.89858,1225616
1989-04-18,4.94891,5.02352,4.94891,5.02352,5.02352,3566081
1989-04-19,5.04878,5.16729,5.036,5.11734,5.11734,2926234
1989-04-20,5.14885,5.16729,5.036,5.14231,5.14231,2204431
1989-04-21,5.14231,5.29252,5.09228,5.25477,5.25477,3164054
1989-04-24,5.1987,5.21079,5.12974,5.14231,5.14231,1578663
1989-04-25,5.14885,5.16729,4.96752,4.99241,4.99241,1912518
1989-04-26,4.97992,4.97992,4.92393,4.95505,4.95505,1767834
1989-04-27,4.95505,5.07355,4.95505,5.01738,5.01738,2223319
1989-04-28,5.01738,5.036,5.00479,5.01738,5.01738,2677522
1989-05-01,4.99241,4.99241,4.92989,4.95505,4.95505,1703178
1989-05-02,4.96752,4.97368,4.94246,4.94246,4.94246,1788962
1989-05-03,4.94891,4.94891,4.89233,4.92393,4.92393,2177226
1989-05-04,4.91749,4.94246,4.91749,4.92393,4.92393,617125
1989-05-05,4.94246,4.98606,4.90502,4.91749,4.91749,1789286
1989-05-08,4.91749,4.91749,4.86736,4.90502,4.90502,1188477
1989-05-09,4.90502,4.94246,4.86736,4.88608,4.88608,1419260
1989-05-10,4.90502,4.90502,4.83605,4.84259,4.84259,1754076
1989-05-11,4.86102,4.88608,4.82367,4.84259,4.84259,1301786
1989-05-12,4.91749,4.94246,4.89233,4.91749,4.91749,1577066
1989-05-15,4.91749,4.94891,4.91749,4.94246,4.94246,1105579
1989-05-16,4.94891,4.98606,4.94246,4.98606,4.98606,1466635
1989-05-17,4.99874,4.99874,4.96752,4.96752,4.96752,1426941
1989-05-18,4.96752,4.98606,4.96752,4.96752,4.96752,2216600
1989-05-19,4.98606,5.10486,4.97368,5.09228,5.09228,5430262
1989-05-22,5.13597,5.13597,5.06117,5.11734,5.11734,1384699
1989-05-23,5.11734,5.16104,5.10486,5.14885,5.14885,1747663
1989-05-24,5.14885,5.25477,5.14885,5.23586,5.23586,2011741
1989-05-25,5.25477,5.28004,5.23586,5.24239,5.24239,929531
1989-05-26,5.23586,5.29252,5.22356,5.24239,5.24239,1632438
1989-05-30,5.23586,5.24239,5.14885,5.16104,5.16104,1071014
1989-05-31,5.18611,5.18611,5.16104,5.17373,5.17373,1144310
1989-06-01,5.14885,5.18611,5.12974,5.16104,5.16104,966975
1989-06-02,5.1987,5.21079,5.18611,5.1987,5.1987,1114540
1989-06-05,5.18611,5.18611,5.07998,5.09228,5.09228,1316192
1989-06-06,5.11734,5.17373,5.10486,5.16104,5.16104,1221131
1989-06-07,5.21079,5.24239,5.12974,5.13597,5.13597,2692249
1989-06-08,5.07998,5.09228,4.98606,4.99874,4.99874,2708248
1989-06-09,5.02352,5.02985,4.96752,4.96752,4.96752,2433936
1989-06-12,4.99874,5.01123,4.96752,5.01123,5.01123,959941
1989-06-13,4.99874,5.06117,4.99874,5.01123,5.01123,1355885
1989-06-14,5.02352,5.02985,4.98606,5.01123,5.01123,1539291
1989-06-15,5.02352,5.02352,4.90502,4.91749,4.91749,2796914
1989-06-16,4.89233,4.96752,4.89233,4.92393,4.92393,3947945
1989-06-19,4.94246,4.96752,4.88608,4.89233,4.89233,997710
1989-06-20,4.88608,4.92393,4.86736,4.86736,4.86736,2306218
1989-06-21,4.86736,4.88608,4.81118,4.83605,4.83605,1858746
1989-06-22,4.83605,4.86736,4.83605,4.84259,4.84259,1505685
1989-06-23,4.88608,4.94246,4.86736,4.94246,4.94246,1637243
1989-06-26,4.94246,4.99874,4.94246,4.94891,4.94891,1232977
1989-06-27,5.01123,5.18611,5.01123,5.18611,5.18611,3097159
1989-06-28,5.17373,5.1987,5.12974,5.16104,5.16104,2054317
1989-06-29,5.14885,5.18611,5.07998,5.09228,5.09228,2154183
1989-06-30,5.10486,5.10486,5.02352,5.06117,5.06117,1419586
1989-07-03,5.07998,5.12974,5.04254,5.11734,5.11734,457081
1989-07-05,5.07998,5.16104,5.06751,5.13597,5.13597,1326442
1989-07-06,5.16104,5.16104,5.12974,5.13597,5.13597,1887869
1989-07-07,5.13597,5.1987,5.12974,5.18611,5.18611,1234252
1989-07-10,5.21079,5.22356,5.18611,5.22356,5.22356,1165435
1989-07-11,5.24239,5.3174,5.22356,5.26736,5.26736,2312942
1989-07-12,5.28004,5.28004,5.23586,5.25477,5.25477,651695
1989-07-13,5.26736,5.29252,5.23586,5.23586,5.23586,901681
1989-07-14,5.23586,5.29847,5.1987,5.29252,5.29252,1809772
1989-07-17,5.26736,5.28004,5.23586,5.25477,5.25477,1274905
1989-07-18,5.25477,5.25477,5.22356,5.23586,5.23586,1254098
1989-07-19,5.24239,5.29252,5.24239,5.28004,5.28004,1574822
1989-07-20,5.28004,5.29252,5.22356,5.23586,5.23586,1340519
1989-07-21,5.21079,5.24239,5.1987,5.24239,5.24239,2722970
1989-07-24,5.24239,5.25477,5.1987,5.1987,5.1987,1153586
1989-07-25,5.18611,5.1987,5.10486,5.11734,5.11734,2353918
1989-07-26,5.11734,5.14885,5.10486,5.14885,5.14885,1953809
1989-07-27,5.14885,5.16104,5.07998,5.10486,5.10486,1706700
1989-07-28,5.11734,5.12974,5.06751,5.07998,5.07998,1258261
1989-07-31,5.07998,5.10486,5.06117,5.10486,5.10486,1663171
1989-08-01,5.1234,5.28004,5.1112,5.1234,5.1234,2963998
1989-08-02,5.1234,5.18007,5.1234,5.17373,5.17373,1877949
1989-08-03,5.18007,5.19235,5.16104,5.18007,5.18007,2120893
1989-08-04,5.17373,5.22971,5.16104,5.18007,5.18007,2538603
1989-08-07,5.20474,5.28004,5.19235,5.28004,5.28004,1634680
1989-08-08,5.28004,5.28619,5.24239,5.28619,5.28619,1933962
1989-08-09,5.28619,5.28619,5.18007,5.19235,5.19235,2091125
1989-08-10,5.20474,5.21722,5.16104,5.20474,5.20474,1703499
1989-08-11,5.24239,5.24239,5.14231,5.18007,5.18007,1937805
1989-08-14,5.17373,5.22971,5.16104,5.19235,5.19235,1730390
1989-08-15,5.20474,5.21722,5.17373,5.21722,5.21722,1268179
1989-08-16,5.22971,5.22971,5.18007,5.21722,5.21722,1164473
1989-08-17,5.21722,5.25477,5.18007,5.19235,5.19235,1983895
1989-08-18,5.18007,5.22971,5.18007,5.21722,5.21722,2253089
1989-08-21,5.19235,5.20474,5.1234,5.14231,5.14231,1296668
1989-08-22,5.14231,5.14231,5.09872,5.13597,5.13597,1186562
1989-08-23,5.16104,5.18007,5.1234,5.17373,5.17373,1750553
1989-08-24,5.20474,5.28619,5.17373,5.28004,5.28004,2972959
1989-08-25,5.28619,5.32363,5.28004,5.28004,5.28004,1659651
1989-08-28,5.28619,5.37358,5.28004,5.37358,5.37358,1293150
1989-08-29,5.36109,5.36109,5.28004,5.28004,5.28004,1319394
1989-08-30,5.28619,5.34862,5.28004,5.28619,5.28619,1812328
1989-08-31,5.28619,5.33612,5.26736,5.33612,5.33612,1665410
1989-09-01,5.33612,5.42362,5.3174,5.40479,5.40479,1731666
1989-09-05,5.42362,5.49871,5.40479,5.49227,5.49227,2296296
1989-09-06,5.49227,5.49227,5.44224,5.46711,5.46711,1491921
1989-09-07,5.46711,5.66716,5.46711,5.60473,5.60473,4078862
1989-09-08,5.61713,5.64864,5.58611,5.59811,5.59811,2154183
1989-09-11,5.56094,5.59811,5.51101,5.56094,5.56094,1328357
1989-09-12,5.54865,5.63594,5.54212,5.61713,5.61713,1184643
1989-09-13,5.60473,5.66716,5.56094,5.58611,5.58611,2504037
1989-09-14,5.58611,5.58611,5.45482,5.47979,5.47979,1391090
1989-09-15,5.51101,5.54212,5.46711,5.49227,5.49227,3622095
1989-09-18,5.49871,5.59811,5.49227,5.59811,5.59811,948735
1989-09-19,5.63594,5.64864,5.58611,5.60473,5.60473,1406461
1989-09-20,5.60473,5.60473,5.57324,5.57324,5.57324,1361648
1989-09-21,5.59811,5.60473,5.54865,5.56094,5.56094,1060123
1989-09-22,5.56094,5.61713,5.56094,5.59811,5.59811,803415
1989-09-25,5.58611,5.59811,5.52983,5.54212,5.54212,1116783
1989-09-26,5.54212,5.57324,5.51101,5.54212,5.54212,1550497
1989-09-27,5.49871,5.54212,5.47979,5.49227,5.49227,1317482
1989-09-28,5.49871,5.51101,5.42362,5.51101,5.51101,1261462
1989-09-29,5.60473,5.78586,5.60473,5.78586,5.78586,4284672
1989-10-02,5.72354,5.7609,5.65468,5.70471,5.70471,2474271
1989-10-03,5.72354,5.87949,5.69213,5.86702,5.86702,3641943
1989-10-04,5.89852,5.97342,5.86702,5.96084,5.96084,2892938
1989-10-05,5.96084,6.21707,5.92964,6.14217,6.14217,5997134
1989-10-06,6.23599,6.40444,6.21707,6.26076,6.26076,8858067
1989-10-09,6.26076,6.27355,6.12977,6.16733,6.16733,2995369
1989-10-10,6.15484,6.24829,6.06707,6.23599,6.23599,4163681
1989-10-11,6.21707,6.37947,6.14217,6.36075,6.36075,7052458
1989-10-12,6.31071,6.40444,6.20458,6.24829,6.24829,5420344
1989-10-13,6.23599,6.24829,5.67974,5.67974,5.67974,6616186
1989-10-16,5.69213,6.07964,5.67974,6.06082,6.06082,8920806
1989-10-17,6.06082,6.14217,5.97342,6.06707,6.06707,6047069
1989-10-18,6.01078,6.16733,5.96084,6.16733,6.16733,4747198
1989-10-19,6.16733,6.28555,6.12977,6.28555,6.28555,3812873
1989-10-20,6.28555,6.34202,6.22351,6.34202,6.34202,7685266
1989-10-23,6.31071,6.32329,6.11739,6.15484,6.15484,4095826
1989-10-24,6.11086,6.16733,5.74216,6.15484,6.15484,6544485
1989-10-25,6.12977,6.32329,6.09827,6.32329,6.32329,7213471
1989-10-26,6.21707,6.31071,6.17962,6.23599,6.23599,6404925
1989-10-27,6.24829,6.32953,6.22351,6.29842,6.29842,7613892
1989-10-30,6.36075,6.39215,6.32329,6.37947,6.37947,6765984
1989-10-31,6.44834,6.6477,6.41088,6.54196,6.54196,11321139
1989-11-01,6.55426,6.62946,6.49203,6.55426,6.55426,6034906
1989-11-02,6.52958,6.55426,6.48558,6.52344,6.52344,5416822
1989-11-03,6.52344,6.61736,6.50451,6.57943,6.57943,5032717
1989-11-06,6.47321,6.47321,6.1918,6.1918,6.1918,6505756
1989-11-07,6.17962,6.2795,6.13593,6.1918,6.1918,4858272
1989-11-08,6.21063,6.22351,5.97967,6.03585,6.03585,2909265
1989-11-09,6.03585,6.09827,5.87355,5.89852,5.89852,3152529
1989-11-10,5.92964,5.96708,5.84848,5.95461,5.95461,2175944
1989-11-13,5.99205,6.06707,5.97967,5.99205,5.99205,2628231
1989-11-14,6.00484,6.01711,5.87949,5.91101,5.91101,1546978
1989-11-15,5.95461,6.11086,5.92964,6.09827,6.09827,2669522
1989-11-16,6.12324,6.17962,6.06707,6.1484,6.1484,1643964
1989-11-17,6.17318,6.17318,6.11086,6.12324,6.12324,1864821
1989-11-20,6.13593,6.13593,5.95461,6.01711,6.01711,1689093
1989-11-21,6.03585,6.0736,5.99205,6.06707,6.06707,1636601
1989-11-22,6.03585,6.22351,6.03585,6.17962,6.17962,1850738
1989-11-24,6.22351,6.25433,6.1918,6.22975,6.22975,790295
1989-11-27,6.25433,6.55426,6.25433,6.54196,6.54196,10662071
1989-11-28,6.44834,6.49203,6.34815,6.49203,6.49203,11702997
1989-11-29,6.47321,6.59854,6.42327,6.55426,6.55426,8768449
1989-11-30,6.52344,6.62946,6.50451,6.57943,6.57943,10724173
1989-12-01,6.59239,6.75362,6.56733,6.74806,6.74806,9488959
1989-12-04,6.74806,6.82834,6.73489,6.79849,6.79849,7431444
1989-12-05,6.77342,6.84198,6.73489,6.78629,6.78629,5277578
1989-12-06,6.73489,6.9289,6.72251,6.89788,6.89788,7404878
1989-12-07,6.87993,7.04896,6.2795,6.3982,6.3982,7977514
1989-12-08,6.42327,6.48558,6.38581,6.41088,6.41088,3967791
1989-12-11,6.41088,6.47321,6.38581,6.41088,6.41088,1981010
1989-12-12,6.44834,6.54196,6.34815,6.52958,6.52958,4415596
1989-12-13,6.56733,6.62946,6.48558,6.49203,6.49203,2519081
1989-12-14,6.52344,6.56733,6.49203,6.54196,6.54196,2806201
1989-12-15,6.54196,6.55426,6.48558,6.49203,6.49203,3798143
1989-12-18,6.50451,6.57943,6.48558,6.50451,6.50451,2054953
1989-12-19,6.50451,6.57943,6.47321,6.48558,6.48558,1672455
1989-12-20,6.50451,6.52958,6.42327,6.42327,6.42327,1327722
1989-12-21,6.43565,6.49203,6.42327,6.47321,6.47321,1566821
1989-12-22,6.49203,6.52958,6.47321,6.49203,6.49203,569755
1989-12-26,6.52344,6.52344,6.43565,6.43565,6.43565,508617
1989-12-27,6.44834,6.46071,6.42327,6.46071,6.46071,1065889
1989-12-28,6.48558,6.48558,6.3982,6.42327,6.42327,1508887
1989-12-29,6.44834,6.49203,6.42327,6.49203,6.49203,1216329
1990-01-02,6.46071,6.6359,6.44834,6.62946,6.62946,2143299
1990-01-03,6.62946,6.62946,6.46071,6.52344,6.52344,2190034
1990-01-04,6.48558,6.49203,6.34815,6.43565,6.43565,2137537
1990-01-05,6.3982,6.44834,6.33578,6.33578,6.33578,2626627
1990-01-08,6.33578,6.41088,6.31714,6.3982,6.3982,1227533
1990-01-09,6.3982,6.43565,6.34815,6.34815,6.34815,1304668
1990-01-10,6.33578,6.37947,6.25433,6.34815,6.34815,1654524
1990-01-11,6.34815,6.42327,6.34815,6.36709,6.36709,1039959
1990-01-12,6.30436,6.34815,6.08569,6.16089,6.16089,2318707
1990-01-15,6.17962,6.22351,6.16089,6.1918,6.1918,1323240
1990-01-16,6.17962,6.31714,6.1484,6.31714,6.31714,2133694
1990-01-17,6.33578,6.3982,6.24203,6.2795,6.2795,1535773
1990-01-18,6.2795,6.33578,6.21063,6.32329,6.32329,2006303
1990-01-19,6.42327,6.43565,6.38581,6.42327,6.42327,1884027
1990-01-22,6.42327,6.47321,6.12324,6.17318,6.17318,1565861
1990-01-23,6.22351,6.32329,6.1484,6.2795,6.2795,1861302
1990-01-24,6.16089,6.29208,6.1484,6.2673,6.2673,2082799
1990-01-25,6.2795,6.2795,6.17962,6.1918,6.1918,1517529
1990-01-26,6.1918,6.25433,6.05477,6.17318,6.17318,1458956
1990-01-29,6.17318,6.21063,6.0736,6.17318,6.17318,1527453
1990-01-30,6.1918,6.25433,6.13593,6.24203,6.24203,1791204
1990-01-31,6.2673,6.43565,6.24203,6.41088,6.41088,1570978
1990-02-01,6.42327,6.43565,6.38581,6.38581,6.38581,952261
1990-02-02,6.42327,6.46071,6.3982,6.43565,6.43565,1478474
1990-02-05,6.41088,6.50451,6.3982,6.47321,6.47321,1219849
1990-02-06,6.46071,6.46071,6.3982,6.43565,6.43565,1206081
1990-02-07,6.37947,6.57943,6.37332,6.57943,6.57943,2508842
1990-02-08,6.54811,6.84198,6.54811,6.80345,6.80345,4445354
1990-02-09,6.78629,6.79849,6.67325,6.6987,6.6987,1410940
1990-02-12,6.68593,6.6987,6.56733,6.56733,6.56733,1178558
1990-02-13,6.57943,6.6359,6.44199,6.6234,6.6234,2561970
1990-02-14,6.6987,6.78629,6.66087,6.74152,6.74152,2241245
1990-02-15,6.73489,6.75362,6.67325,6.73489,6.73489,1349803
1990-02-16,6.75362,6.80345,6.72251,6.77342,6.77342,2775788
1990-02-20,6.68593,6.72251,6.6359,6.70476,6.70476,1607794
1990-02-21,6.68593,6.72251,6.6234,6.6359,6.6359,2420172
1990-02-22,6.68593,6.6987,6.53553,6.58567,6.58567,1921161
1990-02-23,6.517,6.56733,6.46705,6.47945,6.47945,1756632
1990-02-26,6.47945,6.6234,6.47945,6.6234,6.6234,1480077
1990-02-27,6.61063,6.66087,6.53553,6.53553,6.53553,1554972
1990-02-28,6.53553,6.57943,6.49817,6.49817,6.49817,1592431
1990-03-01,6.49817,6.61063,6.49817,6.57943,6.57943,1978450
1990-03-02,6.57943,6.6477,6.54811,6.61063,6.61063,1413181
1990-03-05,6.6359,6.6477,6.53553,6.54811,6.54811,1205448
1990-03-06,6.57943,6.6477,6.54811,6.6359,6.6359,1540257
1990-03-07,6.6234,6.6987,6.6234,6.66087,6.66087,1589873
1990-03-08,6.66087,6.6987,6.6477,6.67325,6.67325,1170554
1990-03-09,6.6477,6.67325,6.58567,6.6234,6.6234,1624439
1990-03-12,6.58567,6.6477,6.56733,6.6477,6.6477,950980
1990-03-13,6.6234,6.6477,6.56733,6.58567,6.58567,1075490
1990-03-14,6.58567,6.6987,6.57943,6.68593,6.68593,1582504
1990-03-15,6.66087,6.68593,6.61063,6.6359,6.6359,1033879
1990-03-16,6.70476,6.82834,6.67325,6.79849,6.79849,2959514
1990-03-19,6.74152,6.74152,6.66087,6.70476,6.70476,1618356
1990-03-20,6.67325,6.68593,6.56733,6.58567,6.58567,1573863
1990-03-21,6.57943,6.59854,6.53553,6.53553,6.53553,765966
1990-03-22,6.53553,6.57943,6.47945,6.52958,6.52958,1155836
1990-03-23,6.54811,6.59854,6.517,6.517,6.517,1097576
1990-03-26,6.53553,6.54811,6.44199,6.44199,6.44199,1116456
1990-03-27,6.44199,6.53553,6.44199,6.46705,6.46705,947776
1990-03-28,6.517,6.53553,6.49817,6.52958,6.52958,897528
1990-03-29,6.52958,6.58567,6.517,6.54811,6.54811,1101421
1990-03-30,6.54811,6.57943,6.49203,6.53553,6.53553,1043799
1990-04-02,6.46705,6.517,6.46705,6.49203,6.49203,1046042
1990-04-03,6.517,6.59854,6.49203,6.57943,6.57943,1273942
1990-04-04,6.66087,6.66087,6.56733,6.56733,6.56733,1201281
1990-04-05,6.59854,6.6234,6.57943,6.59854,6.59854,562715
1990-04-06,6.57943,6.61063,6.54811,6.57943,6.57943,755718
1990-04-09,6.59854,6.6359,6.56733,6.57943,6.57943,533905
1990-04-10,6.57943,6.59854,6.53553,6.54811,6.54811,903602
1990-04-11,6.41692,6.45447,6.37332,6.37947,6.37947,1929483
1990-04-12,6.40444,6.46705,6.39215,6.46705,6.46705,820059
1990-04-16,6.44199,6.56733,6.4295,6.49817,6.49817,1621558
1990-04-17,6.49817,6.49817,6.44199,6.46705,6.46705,920572
1990-04-18,6.49203,6.49203,6.32329,6.34202,6.34202,1108459
1990-04-19,6.32329,6.40444,6.32329,6.34202,6.34202,1168315
1990-04-20,6.37332,6.37332,6.23599,6.28555,6.28555,2333747
1990-04-23,6.27355,6.28555,6.16733,6.18586,6.18586,1937159
1990-04-24,6.22351,6.29842,6.18586,6.27355,6.27355,1490326
1990-04-25,6.32329,6.36075,6.29842,6.32953,6.32953,1253136
1990-04-26,6.36075,6.37332,6.24829,6.32953,6.32953,968261
1990-04-27,6.36075,6.39215,6.28555,6.31071,6.31071,944897
1990-04-30,6.29842,6.39215,6.28555,6.37947,6.37947,921845
1990-05-01,6.43565,6.44834,6.3982,6.41692,6.41692,1211850
1990-05-02,6.41692,6.49817,6.3982,6.47945,6.47945,1070049
1990-05-03,6.49817,6.54811,6.48558,6.53553,6.53553,876073
1990-05-04,6.54811,6.58567,6.52344,6.5727,6.5727,828063
1990-05-07,6.5727,6.6359,6.54811,6.59854,6.59854,754124
1990-05-08,6.6234,6.65394,6.61063,6.65394,6.65394,1400055
1990-05-09,6.61063,6.67325,6.59854,6.64165,6.64165,1357165
1990-05-10,6.6359,6.67325,6.61063,6.61063,6.61063,1497036
1990-05-11,6.65394,6.72251,6.6359,6.70476,6.70476,2139779
1990-05-14,6.74152,6.9483,6.73489,6.87993,6.87993,3300408
1990-05-15,6.87993,6.91621,6.85485,6.87993,6.87993,1609391
1990-05-16,6.9289,6.9289,6.85485,6.89164,6.89164,925366
1990-05-17,6.91621,6.9289,6.85485,6.87993,6.87993,855915
1990-05-18,6.87993,6.89164,6.85485,6.85485,6.85485,2081522
1990-05-21,6.82834,6.90374,6.82834,6.85485,6.85485,1054360
1990-05-22,6.89164,6.90374,6.82834,6.85485,6.85485,1474000
1990-05-23,6.82834,6.84198,6.75362,6.79282,6.79282,1318758
1990-05-24,6.79282,6.79282,6.65394,6.68593,6.68593,871594
1990-05-25,6.65394,6.65394,6.6234,6.6359,6.6359,1158069
1990-05-29,6.61063,6.82834,6.61063,6.79282,6.79282,1462795
1990-05-30,6.81644,6.85485,6.77995,6.84198,6.84198,1175356
1990-05-31,6.84198,6.85485,6.80345,6.85485,6.85485,1173434
1990-06-01,6.90374,6.91621,6.77342,6.80345,6.80345,1258579
1990-06-04,6.90374,6.90374,6.84198,6.89164,6.89164,1475919
1990-06-05,6.90374,6.97318,6.87993,6.89164,6.89164,2649995
1990-06-06,6.86793,6.87993,6.75362,6.80345,6.80345,1306910
1990-06-07,6.82834,6.82834,6.75362,6.82834,6.82834,1165117
1990-06-08,6.84198,6.84198,6.79282,6.80345,6.80345,888240
1990-06-11,6.79282,6.91621,6.79282,6.91621,6.91621,1319394
1990-06-12,6.91621,6.99083,6.87993,6.96157,6.96157,1506328
1990-06-13,6.97318,6.97318,6.91621,6.94255,6.94255,1257618
1990-06-14,6.91621,6.91621,6.87993,6.90374,6.90374,791899
1990-06-15,6.9289,7.07246,6.91621,7.05374,7.05374,3717483
1990-06-18,7.05374,7.05374,6.9483,6.9483,6.9483,1024591
1990-06-19,6.9483,7.04369,6.9289,7.01063,7.01063,893359
1990-06-20,7.01063,7.01063,6.81644,6.94255,6.94255,3325378
1990-06-21,6.91621,6.91621,6.84198,6.89164,6.89164,1893630
1990-06-22,6.91621,6.91621,6.77342,6.82834,6.82834,1666691
1990-06-25,6.85485,6.85485,6.73489,6.74152,6.74152,1112302
1990-06-26,6.77342,6.79282,6.6359,6.6359,6.6359,1325160
1990-06-27,6.6359,6.82834,6.6359,6.82834,6.82834,1921479
1990-06-28,6.82834,6.86793,6.77995,6.84198,6.84198,997068
1990-06-29,6.81644,6.89164,6.80345,6.89164,6.89164,1211209
1990-07-02,6.89164,6.94255,6.87993,6.90374,6.90374,1023638
1990-07-03,6.89164,6.89164,6.85485,6.89164,6.89164,753164
1990-07-05,6.87993,6.87993,6.77995,6.82834,6.82834,1046360
1990-07-06,6.77995,6.84198,6.77995,6.82834,6.82834,1347883
1990-07-09,6.84198,6.85485,6.81644,6.81644,6.81644,1073567
1990-07-10,6.81644,6.84198,6.77342,6.79282,6.79282,948735
1990-07-11,6.79282,6.96157,6.77995,6.9483,6.9483,1950286
1990-07-12,7.0039,7.24775,7.0039,7.22872,7.22872,3901852
1990-07-13,7.21663,7.27963,7.18552,7.24775,7.24775,3343943
1990-07-16,7.29631,7.36108,7.27963,7.32996,7.32996,1478474
1990-07-17,7.49158,7.52377,7.37883,7.43004,7.43004,2204431
1990-07-18,7.39122,7.41677,7.36108,7.36742,7.36742,2026149
1990-07-19,7.36108,7.52377,7.34967,7.51753,7.51753,1529374
1990-07-20,7.55302,7.63506,7.52377,7.5859,7.5859,3409880
1990-07-23,7.56571,7.63506,7.41677,7.52377,7.52377,2967523
1990-07-24,7.56571,7.72157,7.55302,7.71046,7.71046,2979044
1990-07-25,7.6727,7.6727,7.53557,7.61759,7.61759,1621879
1990-07-26,7.53557,7.56571,7.46564,7.53557,7.53557,1506965
1990-07-27,7.5859,7.66647,7.52377,7.56571,7.56571,1728789
1990-07-30,7.53557,7.73532,7.52377,7.73532,7.73532,4414313
1990-07-31,7.76702,7.89753,7.76702,7.84866,7.84866,2006622
1990-08-01,7.86037,7.86037,7.76702,7.78321,7.78321,2970719
1990-08-02,8.03378,8.03378,7.81696,7.94717,7.94717,38269841
1990-08-03,7.89753,8.07319,7.76702,7.78321,7.78321,3792703
1990-08-06,7.86037,7.94717,7.79795,7.84866,7.84866,1920195
1990-08-07,7.81696,7.82993,7.61759,7.78077,7.78077,2499874
1990-08-08,7.61759,7.66647,7.49158,7.59927,7.59927,3962352
1990-08-09,7.56571,7.64716,7.52913,7.59927,7.59927,1478474
1990-08-10,7.57206,7.74752,7.57206,7.71591,7.71591,1850738
1990-08-13,7.73532,7.73532,7.64716,7.72898,7.72898,949375
1990-08-14,7.67855,7.74752,7.67855,7.69836,7.69836,1351403
1990-08-15,7.69836,7.73532,7.66647,7.67855,7.67855,1185598
1990-08-16,7.67855,7.74752,7.66647,7.66647,7.66647,1650047
1990-08-17,7.67855,7.78077,7.61759,7.78077,7.78077,2776106
1990-08-20,7.81696,7.9107,7.78321,7.9107,7.9107,1997658
1990-08-21,7.93645,7.93645,7.72898,7.73532,7.73532,1954127
1990-08-22,7.71591,7.83569,7.67855,7.78077,7.78077,1865784
1990-08-23,7.61759,7.66647,7.47841,7.47841,7.47841,2357435
1990-08-24,7.46564,7.46564,7.29212,7.34274,7.34274,1936841
1990-08-27,7.39122,7.41677,7.3164,7.36742,7.36742,1220170
1990-08-28,7.35464,7.47841,7.34274,7.47841,7.47841,1295387
1990-08-29,7.46564,7.5859,7.46564,7.5859,7.5859,988746
1990-08-30,7.49158,7.49158,7.41677,7.44242,7.44242,1954774
1990-08-31,7.44242,7.50553,7.44242,7.50553,7.50553,1125418
1990-09-04,7.44242,7.50553,7.44242,7.50553,7.50553,2187148
1990-09-05,7.47841,7.69836,7.47841,7.67855,7.67855,1548261
1990-09-06,7.69836,7.74752,7.64716,7.68587,7.68587,1665730
1990-09-07,7.68587,7.73532,7.67855,7.71591,7.71591,783571
1990-09-10,7.71591,7.73532,7.56571,7.5859,7.5859,1432384
1990-09-11,7.59927,7.59927,7.49158,7.52913,7.52913,1080931
1990-09-12,7.51753,7.62803,7.50553,7.62803,7.62803,1353005
1990-09-13,7.61759,7.63506,7.51753,7.51753,7.51753,858474
1990-09-14,7.51753,7.55302,7.49158,7.50553,7.50553,1264661
1990-09-17,7.47841,7.68587,7.46564,7.67855,7.67855,1303395
1990-09-18,7.66647,7.68587,7.63506,7.67855,7.67855,1025559
1990-09-19,7.66647,7.66647,7.59927,7.59927,7.59927,1166397
1990-09-20,7.62803,7.66647,7.54103,7.59927,7.59927,1347242
1990-09-21,7.61759,7.69836,7.5859,7.69836,7.69836,3014571
1990-09-24,7.71591,7.73532,7.66647,7.67855,7.67855,1596269
1990-09-25,7.68587,7.68587,7.59927,7.62803,7.62803,1374128
1990-09-26,7.5859,7.5859,7.43004,7.51753,7.51753,1284187
1990-09-27,7.55302,7.55302,7.24775,7.35464,7.35464,2030946
1990-09-28,7.29212,7.35464,7.29212,7.3164,7.3164,1004428
1990-10-01,7.3164,7.32996,7.26763,7.27963,7.27963,1331239
1990-10-02,7.24775,7.3164,7.24775,7.24775,7.24775,1539613
1990-10-03,7.27963,7.34274,7.21663,7.26149,7.26149,1427273
1990-10-04,7.26149,7.32996,7.19859,7.3164,7.3164,952578
1990-10-05,7.22872,7.3164,7.17859,7.3164,7.3164,1383092
1990-10-08,7.3164,7.39122,7.26149,7.27963,7.27963,631528
1990-10-09,7.21663,7.26149,7.11723,7.14806,7.14806,2413129
1990-10-10,7.11109,7.11723,6.9483,6.99726,6.99726,2087605
1990-10-11,6.99726,7.04896,6.91045,6.92255,6.92255,1792482
1990-10-12,7.01657,7.01657,6.84852,6.84852,6.84852,1855225
1990-10-15,6.84852,6.9483,6.77342,6.87339,6.87339,2013660
1990-10-16,6.89788,6.89788,6.78629,6.78629,6.78629,1393976
1990-10-17,6.78629,6.9483,6.78629,6.87339,6.87339,1109737
1990-10-18,6.83477,6.87339,6.79849,6.83477,6.83477,1697095
1990-10-19,6.84852,7.05374,6.84852,6.99726,6.99726,2948959
1990-10-22,6.97318,6.97318,6.91045,6.9483,6.9483,1507609
1990-10-23,6.9483,6.96157,6.89788,6.89788,6.89788,734921
1990-10-24,6.91045,6.93552,6.84852,6.86129,6.86129,1125746
1990-10-25,6.89788,6.9483,6.79849,6.79849,6.79849,1189764
1990-10-26,6.80999,6.80999,6.57943,6.62946,6.62946,2347196
1990-10-29,6.67959,6.72251,6.62946,6.6359,6.6359,1562341
1990-10-30,6.6477,6.76054,6.6477,6.76054,6.76054,1519135
1990-10-31,6.77342,6.80999,6.6987,6.73489,6.73489,1436224
1990-11-01,6.76054,6.88579,6.76054,6.84852,6.84852,1044440
1990-11-02,6.82297,6.92255,6.82297,6.89788,6.89788,772367
1990-11-05,6.91045,6.97318,6.91045,6.9483,6.9483,2054953
1990-11-06,6.92255,6.97318,6.88579,6.88579,6.88579,1460235
1990-11-07,6.88579,6.88579,6.73489,6.73489,6.73489,2291176
1990-11-08,6.73489,6.79849,6.72251,6.74806,6.74806,1400379
1990-11-09,6.77342,6.93552,6.77342,6.93552,6.93552,1433666
1990-11-12,6.89788,6.97318,6.89788,6.96157,6.96157,816221
1990-11-13,6.93552,6.93552,6.87339,6.92255,6.92255,1205127
1990-11-14,6.88579,6.9483,6.87339,6.87339,6.87339,956743
1990-11-15,6.82297,6.86129,6.78629,6.79849,6.79849,1288664
1990-11-16,6.79849,6.88579,6.79849,6.88579,6.88579,1932042
1990-11-19,6.91045,6.92255,6.83477,6.88579,6.88579,1080292
1990-11-20,6.89788,6.93552,6.86129,6.86129,6.86129,1831213
1990-11-21,6.84852,6.87339,6.80999,6.87339,6.87339,1695500
1990-11-23,6.88579,6.93552,6.84852,6.84852,6.84852,731716
1990-11-26,6.84852,6.93552,6.84852,6.93552,6.93552,1665730
1990-11-27,6.96157,6.96157,6.92255,6.92255,6.92255,1363894
1990-11-28,6.92255,6.97318,6.89788,6.9483,6.9483,862314
1990-11-29,6.93552,6.9483,6.87339,6.91045,6.91045,1282586
1990-11-30,6.9483,7.03677,6.92255,6.98566,6.98566,1571310
1990-12-03,6.99726,7.03677,6.97318,6.97318,6.97318,1449037
1990-12-04,6.9483,7.04896,6.92255,7.04896,7.04896,2035420
1990-12-05,7.05929,7.12319,7.05929,7.09821,7.09821,1337645
1990-12-06,7.05929,7.07246,6.93552,6.97318,6.97318,1454149
1990-12-07,6.93552,6.98566,6.89788,6.92255,6.92255,1199360
1990-12-10,6.91045,6.92255,6.86129,6.91045,6.91045,1246742
1990-12-11,6.91045,6.96157,6.88579,6.92255,6.92255,1104938
1990-12-12,6.92255,6.9483,6.89788,6.9483,6.9483,941056
1990-12-13,6.92255,6.93552,6.87339,6.89788,6.89788,999632
1990-12-14,6.89788,6.97318,6.88579,6.93552,6.93552,2304305
1990-12-17,6.93552,6.98566,6.93552,6.9483,6.9483,655212
1990-12-18,6.9483,6.99726,6.92255,6.9483,6.9483,959300
1990-12-19,6.97318,7.11109,6.9483,7.09821,7.09821,1946769
1990-12-20,7.05929,7.20999,7.05929,7.19859,7.19859,1460235
1990-12-21,7.29631,7.29631,7.14806,7.14806,7.14806,3787579
1990-12-24,7.1344,7.1344,7.08603,7.12319,7.12319,342173
1990-12-26,7.14806,7.32314,7.12319,7.32314,7.32314,954180
1990-12-27,7.3364,7.3364,7.22277,7.26149,7.26149,757322
1990-12-28,7.28607,7.28607,7.22277,7.27437,7.27437,478852
1990-12-31,7.24775,7.27437,7.20999,7.26149,7.26149,815903
1991-01-02,7.26149,7.28607,7.22277,7.23477,7.23477,744202
1991-01-03,7.20999,7.20999,7.09821,7.09821,7.09821,695222
1991-01-04,7.07246,7.1344,7.03677,7.09821,7.09821,1180478
1991-01-07,7.08603,7.19859,7.05929,7.1344,7.1344,1079970
1991-01-08,7.16142,7.23477,7.09821,7.14806,7.14806,1564902
1991-01-09,7.12319,7.26149,7.03677,7.09821,7.09821,1528733
1991-01-10,7.11109,7.14806,7.08603,7.12319,7.12319,504140
1991-01-11,7.09821,7.12319,7.02301,7.03677,7.03677,962179
1991-01-14,7.03677,7.14806,7.02301,7.1344,7.1344,1763353
1991-01-15,7.17322,7.24775,7.17322,7.22277,7.22277,872872
1991-01-16,7.19859,7.3088,7.19859,7.29631,7.29631,877680
1991-01-17,7.24775,7.26149,7.12319,7.24775,7.24775,2403212
1991-01-18,7.24775,7.37161,7.22277,7.22277,7.22277,5096417
1991-01-21,7.19859,7.27437,7.18552,7.24775,7.24775,1188163
1991-01-22,7.22277,7.28607,7.18552,7.19859,7.19859,893359
1991-01-23,7.22277,7.42291,7.20999,7.39737,7.39737,980108
1991-01-24,7.34967,7.41071,7.3364,7.38439,7.38439,998348
1991-01-25,7.38439,7.41071,7.3364,7.34967,7.34967,1025559
1991-01-28,7.3364,7.41071,7.3088,7.3364,7.3364,684662
1991-01-29,7.3088,7.3088,7.19859,7.20999,7.20999,1017872
1991-01-30,7.18552,7.19859,7.04896,7.04896,7.04896,943932
1991-01-31,6.98566,7.1344,6.98566,7.1344,7.1344,1307234
1991-02-01,7.1344,7.1344,7.04896,7.07246,7.07246,1188799
1991-02-04,7.07246,7.17322,6.97318,6.98566,6.98566,2856129
1991-02-05,6.97318,7.05929,6.9483,7.0039,7.0039,1668294
1991-02-06,6.97318,7.34274,6.96157,7.34274,7.34274,2439057
1991-02-07,7.32996,7.61146,7.32996,7.47197,7.47197,3157335
1991-02-08,7.4595,7.49158,7.44242,7.47841,7.47841,1214414
1991-02-11,7.47841,7.57936,7.47197,7.57206,7.57206,1565861
1991-02-12,7.51177,7.56034,7.39737,7.39737,7.39737,1607155
1991-02-13,7.37883,7.42291,7.32996,7.41071,7.41071,1173434
1991-02-14,7.47841,7.47841,7.22872,7.27963,7.27963,1694218
1991-02-15,7.20443,7.36108,7.15489,7.32996,7.32996,4126554
1991-02-19,7.32996,7.41071,7.27963,7.3164,7.3164,2005981
1991-02-20,7.25446,7.3164,7.22872,7.3164,7.3164,2001818
1991-02-21,7.34274,7.34274,7.25446,7.30285,7.30285,1394939
1991-02-22,7.27963,7.36742,7.22872,7.27963,7.27963,1361008
1991-02-25,7.32996,7.32996,7.19253,7.20443,7.20443,1833131
1991-02-26,7.19253,7.34274,7.19253,7.30285,7.30285,1857783
1991-02-27,7.36742,7.57936,7.36108,7.52913,7.52913,2736741
1991-02-28,7.57936,7.63506,7.56034,7.61146,7.61146,1671809
1991-03-01,7.61146,7.68587,7.56034,7.68587,7.68587,1441030
1991-03-04,7.71046,7.71046,7.59204,7.62384,7.62384,1052438
1991-03-05,7.61146,7.68587,7.57936,7.63506,7.63506,1122221
1991-03-06,7.73532,7.74752,7.57936,7.61146,7.61146,2266533
1991-03-07,7.64716,7.68587,7.63506,7.63506,7.63506,1303713
1991-03-08,7.65993,7.68587,7.57936,7.61146,7.61146,1061407
1991-03-11,7.61146,7.61146,7.51177,7.51177,7.51177,865515
1991-03-12,7.56034,7.65993,7.56034,7.65993,7.65993,1358449
1991-03-13,7.6727,7.78321,7.65993,7.76146,7.76146,1013392
1991-03-14,7.76146,7.79795,7.61146,7.62384,7.62384,1309792
1991-03-15,7.73532,7.74752,7.63506,7.73532,7.73532,3529913
1991-03-18,7.73532,7.76146,7.59204,7.63506,7.63506,958658
1991-03-19,7.61146,7.86037,7.59204,7.82339,7.82339,1865464
1991-03-20,7.84866,7.88426,7.83569,7.88426,7.88426,949059
1991-03-21,7.94132,7.97887,7.88426,7.88426,7.88426,1023001
1991-03-22,7.84866,7.9107,7.83569,7.88426,7.88426,764683
1991-03-25,7.88426,7.94717,7.86037,7.94717,7.94717,818783
1991-03-26,7.9107,8.09836,7.89753,8.05982,8.05982,1586669
1991-03-27,8.05982,8.08021,7.88426,7.92971,7.92971,1013066
1991-03-28,7.94132,7.95956,7.78321,7.78321,7.78321,706748
1991-04-01,7.74752,7.77336,7.6727,7.68587,7.68587,1289310
1991-04-02,7.71046,7.79795,7.6727,7.79795,7.79795,955778
1991-04-03,7.82339,7.82339,7.72157,7.73532,7.73532,1086371
1991-04-04,7.73532,7.81013,7.68587,7.71046,7.71046,1019150
1991-04-05,7.73532,7.73532,7.52913,7.59204,7.59204,1504409
1991-04-08,7.62384,7.71046,7.56034,7.68587,7.68587,773329
1991-04-09,7.68587,7.76146,7.59204,7.62384,7.62384,1322920
1991-04-10,7.64716,7.6727,7.54103,7.57206,7.57206,1666365
1991-04-11,7.62384,7.71046,7.61146,7.71046,7.71046,1445832
1991-04-12,7.81013,7.86037,7.69836,7.86037,7.86037,1192000
1991-04-15,7.84866,7.95956,7.84866,7.94717,7.94717,1173753
1991-04-16,7.88426,8.02803,7.86037,7.99887,7.99887,1503127
1991-04-17,7.99887,8.05982,7.94132,8.02803,8.02803,1223368
1991-04-18,8.02803,8.03963,7.95956,8.01194,8.01194,749641
1991-04-19,7.94717,7.99136,7.86037,7.9107,7.9107,3393237
1991-04-22,7.88426,7.9107,7.79795,7.82339,7.82339,881834
1991-04-23,7.83569,7.9107,7.78321,7.9107,7.9107,1264982
1991-04-24,7.94717,7.99136,7.86037,7.99136,7.99136,1205127
1991-04-25,7.86037,7.94717,7.76146,7.87344,7.87344,1342761
1991-04-26,7.79795,7.82339,7.77336,7.79795,7.79795,678905
1991-04-29,7.81013,7.94132,7.73532,7.76146,7.76146,987147
1991-04-30,7.74185,7.92377,7.74185,7.90426,7.90426,1316514
1991-05-01,7.97224,7.99887,7.93645,7.98472,7.98472,1067490
1991-05-02,8.03378,8.03378,7.87344,7.95956,7.95956,863589
1991-05-03,7.95956,7.97224,7.87344,7.90426,7.90426,636966
1991-05-06,7.95956,8.02189,7.8908,8.02189,8.02189,779730
1991-05-07,8.02189,8.03378,7.93645,7.97224,7.97224,992905
1991-05-08,7.8908,7.93645,7.88426,7.93645,7.93645,591521
1991-05-09,7.94717,7.97224,7.90426,7.95956,7.95956,1116456
1991-05-10,7.95956,7.95956,7.66647,7.67855,7.67855,1548261
1991-05-13,7.72898,7.74185,7.65447,7.69212,7.69212,1091497
1991-05-14,7.65447,7.66647,7.50553,7.51753,7.51753,1542174
1991-05-15,7.53557,7.59927,7.41071,7.51753,7.51753,1441347
1991-05-16,7.53557,7.55302,7.48427,7.53557,7.53557,969540
1991-05-17,7.55302,7.61759,7.50553,7.56571,7.56571,3401554
1991-05-20,7.59927,7.59927,7.52377,7.5859,7.5859,690742
1991-05-21,7.57206,7.64149,7.56571,7.61759,7.61759,941379
1991-05-22,7.5859,7.59927,7.4595,7.51753,7.51753,1618678
1991-05-23,7.52377,7.55302,7.42291,7.50553,7.50553,1129263
1991-05-24,7.51753,7.56571,7.51753,7.53557,7.53557,975943
1991-05-28,7.52377,7.52377,7.38439,7.48427,7.48427,1327075
1991-05-29,7.51753,7.51753,7.43715,7.50553,7.50553,763086
1991-05-30,7.48427,7.51753,7.42291,7.50553,7.50553,1430471
1991-05-31,7.47197,7.56571,7.43715,7.55302,7.55302,1626040
1991-06-03,7.55302,7.59927,7.52377,7.59927,7.59927,2111612
1991-06-04,7.53557,7.5859,7.51753,7.55302,7.55302,980108
1991-06-05,7.51753,7.55302,7.47197,7.48427,7.48427,1679177
1991-06-06,7.51753,7.61759,7.50553,7.59927,7.59927,1776152
1991-06-07,7.55302,7.5859,7.51753,7.52377,7.52377,2363518
1991-06-10,7.53557,7.55302,7.48427,7.50553,7.50553,620646
1991-06-11,7.52377,7.52377,7.36108,7.41071,7.41071,1766877
1991-06-12,7.37161,7.37161,7.20999,7.26149,7.26149,1447750
1991-06-13,7.26149,7.29631,7.20999,7.22872,7.22872,1312672
1991-06-14,7.21663,7.24775,7.17859,7.20999,7.20999,1153911
1991-06-17,7.21663,7.22872,7.11723,7.12933,7.12933,1172157
1991-06-18,7.14113,7.19253,7.10407,7.10407,7.10407,1754394
1991-06-19,7.0791,7.10407,7.04369,7.0791,7.0791,1376371
1991-06-20,7.09177,7.16659,7.0791,7.11723,7.11723,1377331
1991-06-21,7.11723,7.19253,7.11723,7.19253,7.19253,2841406
1991-06-24,7.19253,7.26149,7.12933,7.19253,7.19253,882478
1991-06-25,7.21663,7.26763,7.19253,7.20999,7.20999,735234
1991-06-26,7.14113,7.21663,7.14113,7.16659,7.16659,986828
1991-06-27,7.17859,7.24775,7.16659,7.24775,7.24775,722433
1991-06-28,7.21663,7.22872,7.12933,7.19253,7.19253,951298
1991-07-01,7.20999,7.32996,7.20999,7.3164,7.3164,974343
1991-07-02,7.3088,7.3164,7.26149,7.26763,7.26763,871913
1991-07-03,7.20999,7.21663,7.0791,7.10407,7.10407,1328357
1991-07-05,7.06583,7.10407,7.04369,7.04369,7.04369,686264
1991-07-08,6.99083,7.24775,6.99083,7.24775,7.24775,1542815
1991-07-09,7.21663,7.21663,7.09177,7.10407,7.10407,967625
1991-07-10,7.10407,7.16659,7.05374,7.05374,7.05374,1603312
1991-07-11,7.06583,7.10407,7.02301,7.0791,7.0791,1342438
1991-07-12,7.10407,7.20999,7.05374,7.16659,7.16659,1466635
1991-07-15,7.12933,7.26149,7.12933,7.24775,7.24775,1094060
1991-07-16,7.26149,7.32996,7.21663,7.32996,7.32996,1667329
1991-07-17,7.42291,7.59927,7.42291,7.56571,7.56571,2196111
1991-07-18,7.56571,7.62803,7.56571,7.62803,7.62803,1576427
1991-07-19,7.62803,7.62803,7.53557,7.56571,7.56571,1644927
1991-07-22,7.56571,7.56571,7.41071,7.4595,7.4595,1175677
1991-07-23,7.48427,7.51753,7.36108,7.37161,7.37161,739720
1991-07-24,7.42291,7.42291,7.32996,7.37161,7.37161,707711
1991-07-25,7.39737,7.39737,7.27963,7.3088,7.3088,365863
1991-07-26,7.3088,7.3088,7.15489,7.19253,7.19253,973382
1991-07-29,7.22872,7.3088,7.20999,7.29631,7.29631,1191359
1991-07-30,7.3088,7.43715,7.27963,7.41071,7.41071,1309792
1991-07-31,7.38439,7.39737,7.32996,7.37161,7.37161,873837
1991-08-01,7.36108,7.38439,7.32996,7.37161,7.37161,952261
1991-08-02,7.42291,7.44877,7.3164,7.3164,7.3164,1039959
1991-08-05,7.32996,7.36108,7.29631,7.3088,7.3088,1242575
1991-08-06,7.34274,7.43004,7.3164,7.41071,7.41071,1261141
1991-08-07,7.39737,7.47197,7.39737,7.44242,7.44242,1450632
1991-08-08,7.42291,7.43004,7.30285,7.32996,7.32996,810142
1991-08-09,7.34274,7.37883,7.22277,7.24111,7.24111,1428546
1991-08-12,7.24111,7.26149,7.22277,7.25446,7.25446,590559
1991-08-13,7.30285,7.30285,7.22277,7.22277,7.22277,1363252
1991-08-14,7.24111,7.25446,7.17322,7.18552,7.18552,1273300
1991-08-15,7.17322,7.20999,7.08603,7.08603,7.08603,1884344
1991-08-16,7.09821,7.17322,7.06583,7.16142,7.16142,2481949
1991-08-19,7.1344,7.28607,7.08603,7.17322,7.17322,1967891
1991-08-20,7.20999,7.24111,7.09821,7.24111,7.24111,1783840
1991-08-21,7.25446,7.32996,7.18552,7.32996,7.32996,1592108
1991-08-22,7.42291,7.42291,7.39737,7.41071,7.41071,1697421
1991-08-23,7.37883,7.51177,7.37883,7.43004,7.43004,993228
1991-08-26,7.41071,7.42291,7.35464,7.36742,7.36742,533582
1991-08-27,7.35464,7.39737,7.30285,7.34274,7.34274,773646
1991-08-28,7.3164,7.42291,7.3164,7.36742,7.36742,887277
1991-08-29,7.36742,7.43004,7.35464,7.41071,7.41071,882800
1991-08-30,7.41071,7.42291,7.35464,7.42291,7.42291,450360
1991-09-03,7.43004,7.49773,7.37883,7.37883,7.37883,1331239
1991-09-04,7.37883,7.41071,7.35464,7.39737,7.39737,901360
1991-09-05,7.42291,7.47841,7.39737,7.4595,7.4595,1750233
1991-09-06,7.47197,7.49773,7.44242,7.4595,7.4595,1200005
1991-09-09,7.44242,7.4595,7.39737,7.42291,7.42291,1048605
1991-09-10,7.43004,7.43004,7.32996,7.35464,7.35464,973382
1991-09-11,7.37883,7.42291,7.36742,7.41071,7.41071,1078371
1991-09-12,7.41071,7.43004,7.36742,7.39737,7.39737,1171201
1991-09-13,7.42291,7.42291,7.34274,7.36742,7.36742,1102373
1991-09-16,7.37883,7.4595,7.36742,7.44242,7.44242,1177596
1991-09-17,7.44242,7.47197,7.39737,7.41071,7.41071,1089893
1991-09-18,7.39737,7.43004,7.37883,7.39737,7.39737,776210
1991-09-19,7.39737,7.47197,7.39737,7.43004,7.43004,896880
1991-09-20,7.47197,7.47197,7.37883,7.43004,7.43004,2062314
1991-09-23,7.47841,7.54727,7.47197,7.52377,7.52377,890482
1991-09-24,7.53557,7.61759,7.51177,7.5859,7.5859,1283551
1991-09-25,7.59927,7.59927,7.53557,7.53557,7.53557,625771
1991-09-26,7.52377,7.61759,7.52377,7.59927,7.59927,790295
1991-09-27,7.59927,7.61759,7.47841,7.54727,7.54727,841188
1991-09-30,7.52377,7.59927,7.47841,7.59927,7.59927,754761
1991-10-01,7.62803,7.67855,7.61759,7.64716,7.64716,1237453
1991-10-02,7.64716,7.67855,7.59927,7.64716,7.64716,729154
1991-10-03,7.62803,7.72898,7.62803,7.70489,7.70489,1224327
1991-10-04,7.70489,7.77336,7.69212,7.71591,7.71591,1039959
1991-10-07,7.70489,7.78321,7.69212,7.71591,7.71591,933689
1991-10-08,7.72898,7.77336,7.71591,7.72898,7.72898,1125418
1991-10-09,7.72898,7.78321,7.71591,7.72898,7.72898,1280986
1991-10-10,7.72898,7.74185,7.67855,7.72898,7.72898,1082534
1991-10-11,7.72898,7.78321,7.71591,7.78321,7.78321,1107823
1991-10-14,7.78321,7.99136,7.77336,7.99136,7.99136,1683974
1991-10-15,7.99136,8.05417,7.97887,7.99887,7.99887,1790565
1991-10-16,7.99136,8.01194,7.9107,7.92377,7.92377,1236812
1991-10-17,7.9107,7.95956,7.88426,7.92377,7.92377,841828
1991-10-18,7.94717,7.95956,7.89753,7.89753,7.89753,1448389
1991-10-21,7.9107,7.9107,7.85538,7.9107,7.9107,652023
1991-10-22,7.88426,7.95956,7.84124,7.87344,7.87344,1374453
1991-10-23,7.9107,7.9107,7.77336,7.77336,7.77336,672183
1991-10-24,7.77336,7.77336,7.66647,7.70489,7.70489,1177276
1991-10-25,7.70489,7.70489,7.56034,7.59927,7.59927,1408699
1991-10-28,7.67855,7.74185,7.63506,7.74185,7.74185,1395896
1991-10-29,7.70489,7.79141,7.67855,7.77336,7.77336,1559783
1991-10-30,7.75483,7.79141,7.74185,7.75483,7.75483,935617
1991-10-31,7.74185,7.75483,7.71591,7.72898,7.72898,579673
1991-11-01,7.67855,7.74185,7.5859,7.63506,7.63506,1617395
1991-11-04,7.5859,7.78321,7.5859,7.78321,7.78321,792531
1991-11-05,7.79795,7.79795,7.6727,7.6727,7.6727,659059
1991-11-06,7.6727,7.71046,7.64149,7.71046,7.71046,786778
1991-11-07,7.71046,7.73532,7.64149,7.65993,7.65993,522706
1991-11-08,7.65993,7.65993,7.55302,7.57936,7.57936,966661
1991-11-11,7.57936,7.57936,7.50553,7.54103,7.54103,601762
1991-11-12,7.56571,7.61146,7.54103,7.54103,7.54103,684662
1991-11-13,7.51753,7.54103,7.50553,7.51753,7.51753,827742
1991-11-14,7.52377,7.55302,7.43715,7.44877,7.44877,1299554
1991-11-15,7.43715,7.47197,7.20999,7.20999,7.20999,2492514
1991-11-18,7.25446,7.36108,7.25446,7.29212,7.29212,2340469
1991-11-19,7.22277,7.29212,7.17322,7.29212,7.29212,1980697
1991-11-20,7.29212,7.3164,7.17322,7.20443,7.20443,1589873
1991-11-21,7.19253,7.27963,7.17322,7.26763,7.26763,909685
1991-11-22,7.24111,7.27963,7.03677,7.05374,7.05374,2287656
1991-11-25,7.03677,7.14806,6.97981,7.08603,7.08603,2055596
1991-11-26,7.12319,7.19253,7.04896,7.08603,7.08603,1776481
1991-11-27,7.05374,7.06583,6.97981,7.01657,7.01657,1575783
1991-11-29,6.99083,7.03677,6.97981,6.97981,6.97981,440440
1991-12-02,6.94255,7.11109,6.89788,7.09821,7.09821,1409344
1991-12-03,7.04896,7.1344,7.04896,7.11109,7.11109,1077730
1991-12-04,7.11109,7.17322,7.05374,7.08603,7.08603,1392374
1991-12-05,7.05374,7.06583,6.97981,6.97981,6.97981,1281309
1991-12-06,6.9483,7.04896,6.89788,6.89788,6.89788,1276826
1991-12-09,6.91045,6.94255,6.77342,6.77342,6.77342,1352043
1991-12-10,6.70476,6.78629,6.6359,6.69246,6.69246,1572267
1991-12-11,6.69246,6.78629,6.69246,6.77342,6.77342,2275811
1991-12-12,6.82297,6.97981,6.82297,6.97981,6.97981,1100457
1991-12-13,7.03677,7.04896,6.97981,7.0039,7.0039,1765597
1991-12-16,6.97981,6.99083,6.9289,6.94255,6.94255,1138867
1991-12-17,6.96751,6.99083,6.94255,6.9483,6.9483,962500
1991-12-18,6.94255,6.99083,6.94255,6.97981,6.97981,1041239
1991-12-19,6.96751,7.03677,6.9483,7.0039,7.0039,1205448
1991-12-20,7.03677,7.03677,7.0039,7.03677,7.03677,2960157
1991-12-23,7.01657,7.14806,7.01657,7.06583,7.06583,1147508
1991-12-24,7.06583,7.12319,7.06583,7.08603,7.08603,685628
1991-12-26,7.09821,7.16142,7.09821,7.09821,7.09821,685949
1991-12-27,7.09821,7.1344,7.04896,7.1344,7.1344,1137905
1991-12-30,7.12319,7.17322,7.08603,7.16142,7.16142,1610990
1991-12-31,7.16142,7.24111,7.16142,7.20999,7.20999,2067433
1992-01-02,7.22277,7.26763,7.16142,7.20443,7.20443,2096568
1992-01-03,7.20443,7.26763,7.20443,7.26763,7.26763,1454797
1992-01-06,7.25446,7.27963,7.12319,7.16142,7.16142,1662208
1992-01-07,7.08603,7.09821,6.96751,7.01657,7.01657,2315508
1992-01-08,6.96751,7.05374,6.86129,6.97981,6.97981,3916578
1992-01-09,6.96751,6.97981,6.86129,6.87339,6.87339,2165064
1992-01-10,6.89788,6.94255,6.86129,6.9289,6.9289,2328311
1992-01-13,7.0039,7.20443,6.97981,7.1344,7.1344,2086005
1992-01-14,7.17322,7.24111,7.1344,7.20443,7.20443,1544415
1992-01-15,7.20999,7.20999,7.03677,7.14806,7.14806,1710219
1992-01-16,7.12319,7.14806,7.09821,7.11109,7.11109,1590511
1992-01-17,7.1344,7.17322,7.05374,7.08603,7.08603,2425297
1992-01-20,7.09821,7.20443,7.06583,7.11109,7.11109,1332204
1992-01-21,7.12319,7.32996,7.11109,7.32996,7.32996,1508248
1992-01-22,7.29212,7.30285,7.09821,7.16142,7.16142,1866744
1992-01-23,7.14806,7.16142,6.94255,6.97981,6.97981,1784156
1992-01-24,6.96751,7.05374,6.89788,6.9289,6.9289,1785444
1992-01-27,6.89788,6.89788,6.75362,6.84852,6.84852,1612274
1992-01-28,6.84852,6.89788,6.79849,6.84852,6.84852,1161912
1992-01-29,6.84852,6.84852,6.69246,6.71743,6.71743,1222729
1992-01-30,6.70476,6.72875,6.61736,6.61736,6.61736,1575783
1992-01-31,6.66087,6.72875,6.62946,6.6477,6.6477,1349488
1992-02-03,6.6477,6.72875,6.6359,6.69246,6.69246,1416379
1992-02-04,6.67325,6.68593,6.56733,6.64165,6.64165,2215315
1992-02-05,6.6234,6.6359,6.52958,6.6359,6.6359,2633031
1992-02-06,6.60429,6.6987,6.53553,6.6987,6.6987,2392965
1992-02-07,6.77995,6.85485,6.6987,6.84852,6.84852,1921799
1992-02-10,6.96157,7.02936,6.91045,6.96157,6.96157,1559144
1992-02-11,6.96157,6.96157,6.88579,6.92255,6.92255,886321
1992-02-12,6.9483,6.96157,6.92255,6.94255,6.94255,913528
1992-02-13,6.91045,6.92255,6.64165,6.7112,6.7112,1834734
1992-02-14,6.64165,6.76708,6.64165,6.74806,6.74806,1648451
1992-02-18,6.64165,6.68593,6.517,6.52958,6.52958,1986136
1992-02-19,6.55426,6.59239,6.517,6.56733,6.56733,1489683
1992-02-20,6.56733,6.6234,6.48558,6.6234,6.6234,1903871
1992-02-21,6.53553,6.57943,6.37947,6.43565,6.43565,3281841
1992-02-24,6.44834,6.48558,6.37947,6.43565,6.43565,1645882
1992-02-25,6.39215,6.49817,6.36709,6.42327,6.42327,1654524
1992-02-26,6.39215,6.49817,6.39215,6.46071,6.46071,2104889
1992-02-27,6.47321,6.56733,6.47321,6.56733,6.56733,1979095
1992-02-28,6.57943,6.59239,6.517,6.52958,6.52958,1462795
1992-03-02,6.49817,6.517,6.46071,6.46071,6.46071,1538976
1992-03-03,6.47321,6.60429,6.44834,6.60429,6.60429,1501209
1992-03-04,6.59239,6.59239,6.517,6.517,6.517,1411899
1992-03-05,6.49817,6.53553,6.48558,6.517,6.517,1185598
1992-03-06,6.49817,6.57943,6.49817,6.52958,6.52958,1509531
1992-03-09,6.517,6.57943,6.517,6.57943,6.57943,1369016
1992-03-10,6.60429,6.64165,6.59239,6.60429,6.60429,1282905
1992-03-11,6.56733,6.6359,6.55426,6.59239,6.59239,1312672
1992-03-12,6.6234,6.68593,6.60429,6.64165,6.64165,1712140
1992-03-13,6.6987,6.74806,6.66087,6.74806,6.74806,1371569
1992-03-16,6.72875,6.74806,6.68593,6.72875,6.72875,755084
1992-03-17,6.67325,6.7112,6.67325,6.6987,6.6987,1056281
1992-03-18,6.67325,6.7112,6.64165,6.64165,6.64165,1473358
1992-03-19,6.67325,6.7112,6.66087,6.7112,6.7112,1367727
1992-03-20,6.7112,6.76708,6.7112,6.74152,6.74152,2878537
1992-03-23,6.72875,6.81644,6.72875,6.77995,6.77995,987147
1992-03-24,6.79282,6.81644,6.7112,6.76708,6.76708,1338921
1992-03-25,6.74806,6.81644,6.72875,6.72875,6.72875,1578663
1992-03-26,6.77995,6.79282,6.74152,6.74806,6.74806,1843383
1992-03-27,6.74806,6.79282,6.74806,6.79282,6.79282,749001
1992-03-30,6.76708,6.77995,6.74152,6.74152,6.74152,1119664
1992-03-31,6.74152,6.80345,6.72875,6.76708,6.76708,1036440
1992-04-01,6.74806,6.79282,6.74152,6.76708,6.76708,1294427
1992-04-02,6.77995,6.77995,6.68593,6.7112,6.7112,929214
1992-04-03,6.68593,7.04896,6.68593,7.04896,7.04896,1933640
1992-04-06,7.04896,7.17322,7.0039,7.12319,7.12319,2762349
1992-04-07,7.14806,7.14806,6.89788,6.91045,6.91045,2169869
1992-04-08,6.91045,6.97318,6.86793,6.86793,6.86793,2114808
1992-04-09,6.86793,6.88579,6.81644,6.84852,6.84852,1832496
1992-04-10,6.92255,6.9483,6.85485,6.92255,6.92255,1304353
1992-04-13,6.92255,6.9483,6.84852,6.86793,6.86793,1203523
1992-04-14,6.88579,6.97318,6.85485,6.96157,6.96157,1541535
1992-04-15,7.04896,7.04896,6.9483,7.02936,7.02936,1586348
1992-04-16,7.05374,7.11109,7.05374,7.11109,7.11109,2501795
1992-04-20,7.08603,7.17322,7.02936,7.08603,7.08603,1352043
1992-04-21,7.11109,7.12319,7.06583,7.06583,7.06583,1191682
1992-04-22,7.01657,7.08603,6.97318,6.99083,6.99083,1071649
1992-04-23,7.02936,7.09821,6.97318,7.08603,7.08603,1122545
1992-04-24,7.02936,7.19253,7.02936,7.16142,7.16142,1527134
1992-04-27,7.17322,7.24111,7.17322,7.21663,7.21663,1495124
1992-04-28,7.21663,7.26763,7.19253,7.24111,7.24111,1780320
1992-04-29,7.24111,7.27963,7.14806,7.24111,7.24111,1210884
1992-04-30,7.25446,7.38439,7.24111,7.38439,7.38439,1884987
1992-05-01,7.41677,7.41677,7.24111,7.29631,7.29631,1498967
1992-05-04,7.34967,7.41677,7.3364,7.40507,7.40507,1130866
1992-05-05,7.44877,7.44877,7.27437,7.32996,7.32996,1368363
1992-05-06,7.35464,7.36742,7.28607,7.30285,7.30285,767245
1992-05-07,7.26149,7.28607,7.21663,7.24775,7.24775,1037400
1992-05-08,7.3164,7.35464,7.26149,7.30285,7.30285,1440391
1992-05-11,7.28607,7.32996,7.28607,7.3164,7.3164,1011154
1992-05-12,7.30285,7.32996,7.23477,7.28607,7.28607,1452871
1992-05-13,7.28607,7.28607,7.17859,7.21663,7.21663,845988
1992-05-14,7.3164,7.3164,7.24775,7.27437,7.27437,996749
1992-05-15,7.28607,7.30285,7.10407,7.14113,7.14113,1844336
1992-05-18,7.21663,7.35464,7.20999,7.35464,7.35464,1303070
1992-05-19,7.34274,7.35464,7.24775,7.30285,7.30285,1488082
1992-05-20,7.28607,7.30285,7.20999,7.20999,7.20999,653939
1992-05-21,7.16659,7.27437,7.10407,7.24775,7.24775,1127660
1992-05-22,7.27437,7.41071,7.27437,7.39737,7.39737,1293789
1992-05-26,7.61146,7.78321,7.56034,7.78321,7.78321,4033409
1992-05-27,7.75483,7.77336,7.56034,7.61146,7.61146,2624067
1992-05-28,7.61146,7.70489,7.59927,7.70489,7.70489,1305311
1992-05-29,7.70489,7.71591,7.62384,7.64716,7.64716,1815848
1992-06-01,7.61146,7.66647,7.59927,7.66647,7.66647,1084453
1992-06-02,7.66647,7.66647,7.57206,7.59927,7.59927,1659972
1992-06-03,7.64716,7.70489,7.61146,7.64716,7.64716,1530973
1992-06-04,7.71591,7.75483,7.69212,7.74185,7.74185,1436548
1992-06-05,7.78321,7.81013,7.72898,7.79795,7.79795,1176000
1992-06-08,7.79795,7.79795,7.77336,7.78321,7.78321,526222
1992-06-09,7.78321,7.78321,7.72898,7.75483,7.75483,789335
1992-06-10,7.75483,7.83569,7.74185,7.78321,7.78321,1450309
1992-06-11,7.81013,7.86514,7.71591,7.86514,7.86514,892401
1992-06-12,7.90426,7.90426,7.70489,7.71591,7.71591,871594
1992-06-15,7.69212,7.71591,7.67855,7.67855,7.67855,861032
1992-06-16,7.67855,7.69212,7.57936,7.59927,7.59927,1125103
1992-06-17,7.63506,7.70489,7.56034,7.56034,7.56034,1721744
1992-06-18,7.54103,7.54103,7.44877,7.46564,7.46564,1095977
1992-06-19,7.46564,7.50553,7.41071,7.46564,7.46564,2878861
1992-06-22,7.43715,7.44877,7.28607,7.36742,7.36742,871594
1992-06-23,7.39737,7.39737,7.34274,7.34274,7.34274,885045
1992-06-24,7.34274,7.39737,7.30285,7.35464,7.35464,882478
1992-06-25,7.34274,7.39737,7.23477,7.26149,7.26149,1259218
1992-06-26,7.20999,7.26149,7.16659,7.20999,7.20999,855588
1992-06-29,7.21663,7.3164,7.21663,7.3164,7.3164,905205
1992-06-30,7.35464,7.35464,7.15489,7.17859,7.17859,1248332
1992-07-01,7.17859,7.21663,7.09177,7.12319,7.12319,1679816
1992-07-02,7.12319,7.14113,7.01657,7.11109,7.11109,1983252
1992-07-06,7.17859,7.21663,7.14113,7.21663,7.21663,2146822
1992-07-07,7.21663,7.24775,7.11109,7.14113,7.14113,1478798
1992-07-08,7.09177,7.23477,7.09177,7.21663,7.21663,1280343
1992-07-09,7.19859,7.28607,7.19859,7.28607,7.28607,1202889
1992-07-10,7.28607,7.34274,7.26149,7.32996,7.32996,945858
1992-07-13,7.3164,7.35464,7.28607,7.35464,7.35464,674425
1992-07-14,7.35464,7.51753,7.35464,7.50553,7.50553,1758874
1992-07-15,7.47197,7.47197,7.42291,7.46564,7.46564,1239370
1992-07-16,7.46564,7.48427,7.41071,7.46564,7.46564,823578
1992-07-17,7.46564,7.46564,7.34274,7.37883,7.37883,1380533
1992-07-20,7.35464,7.42291,7.32996,7.36742,7.36742,703550
1992-07-21,7.39737,7.41071,7.26149,7.28607,7.28607,659698
1992-07-22,7.24775,7.32996,7.20999,7.21663,7.21663,988746
1992-07-23,7.21663,7.39737,7.20999,7.39737,7.39737,833189
1992-07-24,7.35464,7.35464,7.28607,7.32996,7.32996,675384
1992-07-27,7.28607,7.32996,7.24775,7.3164,7.3164,837348
1992-07-28,7.3164,7.42291,7.3164,7.41071,7.41071,1067490
1992-07-29,7.44877,7.52913,7.43715,7.47197,7.47197,1533856
1992-07-30,7.47197,7.57936,7.44877,7.57936,7.57936,1351081
1992-07-31,7.57936,7.67855,7.52913,7.64716,7.64716,1142065
1992-08-03,7.64716,7.75483,7.62384,7.66647,7.66647,1522971
1992-08-04,7.6727,7.80291,7.6727,7.76702,7.76702,2001818
1992-08-05,7.72898,7.78077,7.69836,7.69836,7.69836,993868
1992-08-06,7.68587,7.75483,7.62803,7.62803,7.62803,1223368
1992-08-07,7.62803,7.72898,7.60414,7.61759,7.61759,904562
1992-08-10,7.59204,7.72898,7.57206,7.72898,7.72898,2784108
1992-08-11,7.75483,7.84866,7.71591,7.82339,7.82339,1632762
1992-08-12,7.84866,7.89753,7.82339,7.83569,7.83569,1711504
1992-08-13,7.89753,7.98472,7.88426,7.97224,7.97224,2089525
1992-08-14,7.97224,7.98472,7.88426,7.88426,7.88426,1786084
1992-08-17,7.86037,7.89753,7.84866,7.84866,7.84866,1121263
1992-08-18,7.83569,7.92971,7.83569,7.91634,7.91634,1234894
1992-08-19,7.91634,7.98472,7.91634,7.92971,7.92971,1340519
1992-08-20,7.94132,7.97224,7.88426,7.88426,7.88426,1460235
1992-08-21,7.91634,7.94132,7.71591,7.72898,7.72898,1735508
1992-08-24,7.69836,7.91634,7.69836,7.82339,7.82339,887602
1992-08-25,7.83569,7.86037,7.75483,7.83569,7.83569,649449
1992-08-26,7.80291,7.80291,7.73532,7.79141,7.79141,787731
1992-08-27,7.76702,7.79141,7.72898,7.78077,7.78077,1056605
1992-08-28,7.79141,7.89753,7.76702,7.88426,7.88426,686264
1992-08-31,7.91634,7.99887,7.89753,7.97224,7.97224,2053675
1992-09-01,7.94132,8.02189,7.89753,7.99887,7.99887,1498967
1992-09-02,7.99887,8.02189,7.89753,7.92971,7.92971,2286697
1992-09-03,7.92971,7.92971,7.84866,7.87958,7.87958,1643327
1992-09-04,7.87958,7.9538,7.83569,7.92971,7.92971,822303
1992-09-08,7.89753,7.89753,7.84866,7.86037,7.86037,1166397
1992-09-09,7.86037,7.89753,7.84866,7.86037,7.86037,862314
1992-09-10,7.87958,7.94132,7.87958,7.94132,7.94132,1061725
1992-09-11,7.88426,7.91634,7.86037,7.87958,7.87958,1014354
1992-09-14,7.91634,7.91634,7.87958,7.88426,7.88426,1007307
1992-09-15,7.84866,7.97224,7.84866,7.89753,7.89753,1442627
1992-09-16,7.91634,8.04725,7.91634,7.98472,7.98472,2159942
1992-09-17,8.05982,8.13503,8.03963,8.1163,8.1163,2402566
1992-09-18,8.1163,8.14703,8.10527,8.10527,8.10527,2807156
1992-09-21,8.1163,8.13503,8.08021,8.13503,8.13503,1105579
1992-09-22,8.1163,8.13503,8.0925,8.0925,8.0925,976585
1992-09-23,8.10527,8.1163,8.08021,8.08021,8.08021,1619640
1992-09-24,8.0925,8.1163,8.08021,8.0925,8.0925,1280024
1992-09-25,7.99887,8.01194,7.97224,7.99887,7.99887,1155187
1992-09-28,8.03963,8.17287,8.02189,8.17287,8.17287,1351723
1992-09-29,8.1163,8.1163,8.03963,8.05982,8.05982,1316192
1992-09-30,8.02189,8.08021,8.01194,8.03963,8.03963,812700
1992-10-01,8.13503,8.16146,8.01194,8.04725,8.04725,1926601
1992-10-02,8.04725,8.04725,7.97224,8.01194,8.01194,1424065
1992-10-05,7.9538,7.99887,7.87958,7.88426,7.88426,1251215
1992-10-06,7.88426,7.89753,7.75483,7.84866,7.84866,1624117
1992-10-07,7.86037,7.98472,7.84866,7.92971,7.92971,1071968
1992-10-08,7.99887,8.08021,7.97224,7.99887,7.99887,3097795
1992-10-09,7.99887,7.99887,7.86037,7.87958,7.87958,1229773
1992-10-12,7.87958,7.99887,7.87958,7.99887,7.99887,538066
1992-10-13,7.98472,7.99887,7.9538,7.97224,7.97224,618728
1992-10-14,7.9538,7.97224,7.88426,7.94132,7.94132,966661
1992-10-15,7.89753,7.97224,7.89753,7.97224,7.97224,1072932
1992-10-16,7.92971,7.98472,7.88426,7.94132,7.94132,1713420
1992-10-19,7.92971,8.01194,7.89753,7.9538,7.9538,1384053
1992-10-20,7.9538,7.97224,7.87958,7.89753,7.89753,1298916
1992-10-21,7.89753,7.91634,7.86037,7.88426,7.88426,959300
1992-10-22,7.89753,7.97224,7.87958,7.9538,7.9538,916090
1992-10-23,7.97224,7.98472,7.89753,7.92971,7.92971,1189124
1992-10-26,7.92971,7.94132,7.87958,7.92971,7.92971,1127986
1992-10-27,7.92971,7.98472,7.88426,7.97224,7.97224,1005711
1992-10-28,7.97224,7.97224,7.91634,7.97224,7.97224,745484
1992-10-29,7.9538,7.97224,7.86037,7.91634,7.91634,871913
1992-10-30,7.91634,7.91634,7.69836,7.69836,7.69836,1267226
1992-11-02,7.72898,7.72898,7.6727,7.68587,7.68587,1663171
1992-11-03,7.64716,7.66647,7.48427,7.48427,7.48427,2059430
1992-11-04,7.51753,7.54103,7.37883,7.40507,7.40507,1542498
1992-11-05,7.40507,7.43004,7.32314,7.3364,7.3364,2126976
1992-11-06,7.3364,7.37883,7.3088,7.32314,7.32314,1383732
1992-11-09,7.32314,7.42291,7.3088,7.37883,7.37883,2265891
1992-11-10,7.42291,7.4595,7.40507,7.4595,7.4595,1668294
1992-11-11,7.44877,7.48427,7.39122,7.43004,7.43004,1774244
1992-11-12,7.4595,7.50553,7.42291,7.48427,7.48427,1183678
1992-11-13,7.48427,7.56034,7.47197,7.50553,7.50553,975298
1992-11-16,7.52913,7.52913,7.47197,7.50553,7.50553,1063326
1992-11-17,7.48427,7.51753,7.44877,7.48427,7.48427,694265
1992-11-18,7.44877,7.57936,7.43004,7.57206,7.57206,933689
1992-11-19,7.59927,7.66647,7.59927,7.66647,7.66647,1445189
1992-11-20,7.74752,7.74752,7.64716,7.64716,7.64716,258948
1992-11-23,7.66647,7.66647,7.56034,7.56034,7.56034,1189764
1992-11-24,7.52913,7.63506,7.52913,7.54103,7.54103,1959573
1992-11-25,7.54103,7.64716,7.54103,7.57936,7.57936,1280986
1992-11-27,7.56034,7.57936,7.52913,7.54103,7.54103,554706
1992-11-30,7.57206,7.59927,7.52913,7.54103,7.54103,1402940
1992-12-01,7.54103,7.54103,7.47197,7.48427,7.48427,1162239
1992-12-02,7.43004,7.4595,7.40507,7.40507,7.40507,1474318
1992-12-03,7.40507,7.42291,7.35464,7.42291,7.42291,1704144
1992-12-04,7.42291,7.4595,7.37883,7.44877,7.44877,1981972
1992-12-07,7.43004,7.50553,7.43004,7.50553,7.50553,1597868
1992-12-08,7.50553,7.59927,7.48427,7.59927,7.59927,1268501
1992-12-09,7.57936,7.61146,7.57206,7.61146,7.61146,840228
1992-12-10,7.59927,7.67855,7.57936,7.67855,7.67855,1396214
1992-12-11,7.64716,7.64716,7.56034,7.56034,7.56034,842472
1992-12-14,7.61146,7.61146,7.56034,7.57206,7.57206,1029720
1992-12-15,7.61146,7.62803,7.57936,7.59927,7.59927,871913
1992-12-16,7.62803,7.63506,7.57936,7.59927,7.59927,1083174
1992-12-17,7.62803,7.66647,7.57936,7.63506,7.63506,1892033
1992-12-18,7.66647,7.67855,7.63506,7.67855,7.67855,4025726
1992-12-21,7.66647,7.71046,7.63506,7.69212,7.69212,1647487
1992-12-22,7.67855,7.69212,7.57206,7.59927,7.59927,1160947
1992-12-23,7.54103,7.57206,7.51753,7.54103,7.54103,1545057
1992-12-24,7.54103,7.59927,7.54103,7.57206,7.57206,335449
1992-12-28,7.57936,7.62803,7.56034,7.62803,7.62803,453237
1992-12-29,7.61146,7.72157,7.59927,7.61146,7.61146,1125418
1992-12-30,7.62803,7.64716,7.61146,7.63506,7.63506,892081
1992-12-31,7.62803,7.66647,7.62803,7.62803,7.62803,635370
1993-01-04,7.64716,7.67855,7.63506,7.64716,7.64716,1055326
1993-01-05,7.63506,7.63506,7.57206,7.61146,7.61146,1459913
1993-01-06,7.59927,7.67855,7.59927,7.66647,7.66647,1576427
1993-01-07,7.61146,7.61146,7.51753,7.52913,7.52913,2173067
1993-01-08,7.51753,7.52913,7.44877,7.48427,7.48427,1708622
1993-01-11,7.51753,7.57206,7.50553,7.56034,7.56034,1222093
1993-01-12,7.57206,7.59927,7.52913,7.59927,7.59927,1386296
1993-01-13,7.59927,7.66647,7.59927,7.66647,7.66647,1706381
1993-01-14,7.67855,7.72157,7.57936,7.63506,7.63506,1747030
1993-01-15,7.63506,7.64716,7.4595,7.61146,7.61146,2464347
1993-01-18,7.59927,7.61146,7.54103,7.57206,7.57206,715391
1993-01-19,7.57206,7.57936,7.50553,7.51753,7.51753,1551459
1993-01-20,7.52913,7.56034,7.50553,7.56034,7.56034,1004428
1993-01-21,7.52913,7.52913,7.4595,7.48427,7.48427,887602
1993-01-22,7.48427,7.50553,7.39122,7.43004,7.43004,1973016
1993-01-25,7.4595,7.67855,7.4595,7.67855,7.67855,4153120
1993-01-26,7.67855,7.78321,7.63506,7.76146,7.76146,3538550
1993-01-27,7.78077,7.80291,7.72157,7.80291,7.80291,1983576
1993-01-28,7.81696,7.98472,7.81696,7.9538,7.9538,2906380
1993-01-29,7.9107,7.98472,7.89753,7.98472,7.98472,1400697
1993-02-01,8.01194,8.10527,7.98472,8.10527,8.10527,1835697
1993-02-02,8.0925,8.14703,8.04725,8.1163,8.1163,1673412
1993-02-03,8.13503,8.24173,8.10527,8.19199,8.19199,3127885
1993-02-04,8.2666,8.31186,8.19199,8.31186,8.31186,1659327
1993-02-05,8.29714,8.39916,8.29714,8.32298,8.32298,3108994
1993-02-08,8.35371,8.4806,8.28484,8.44041,8.44041,2539563
1993-02-09,8.44041,8.45886,8.41077,8.41077,8.41077,1888510
1993-02-10,8.3659,8.45886,8.3659,8.45192,8.45192,2032231
1993-02-11,8.45192,8.5476,8.42384,8.51542,8.51542,1417022
1993-02-12,8.4806,8.4806,8.3421,8.3421,8.3421,1515285
1993-02-16,8.32298,8.41077,8.29714,8.35371,8.35371,2453142
1993-02-17,8.3659,8.41077,8.29714,8.39916,8.39916,2311981
1993-02-18,8.42384,8.44041,8.2666,8.35371,8.35371,1973650
1993-02-19,8.3659,8.62729,8.35371,8.62729,8.62729,3216871
1993-02-22,8.61568,8.7974,8.60213,8.78267,8.78267,2692249
1993-02-23,8.7974,8.8332,8.64983,8.66173,8.66173,1919558
1993-02-24,8.62729,8.67421,8.5476,8.5476,8.5476,1535449
1993-02-25,8.61568,8.62729,8.51542,8.51542,8.51542,1322595
1993-02-26,8.5476,8.61568,8.49221,8.5476,8.5476,1626040
1993-03-01,8.56888,8.7023,8.51542,8.7023,8.7023,1198086
1993-03-02,8.67421,8.86587,8.67421,8.85193,8.85193,1828332
1993-03-03,8.76989,8.7974,8.66173,8.66173,8.66173,1761437
1993-03-04,8.66173,8.71576,8.64983,8.68328,8.68328,1558823
1993-03-05,8.68328,8.71576,8.58673,8.58673,8.58673,2010781
1993-03-08,8.61568,8.62729,8.53317,8.61568,8.61568,1779036
1993-03-09,8.61568,8.66173,8.58673,8.58673,8.58673,1111662
1993-03-10,8.58673,8.67421,8.57414,8.64983,8.64983,1301152
1993-03-11,8.67421,8.67421,8.56888,8.60213,8.60213,1256660
1993-03-12,8.57414,8.60213,8.35371,8.58673,8.58673,2126976
1993-03-15,8.57414,8.64983,8.5476,8.56888,8.56888,1208007
1993-03-16,8.57414,8.67421,8.56888,8.62729,8.62729,998032
1993-03-17,8.64983,8.7974,8.64983,8.78267,8.78267,1576751
1993-03-18,8.78267,8.86587,8.76989,8.8249,8.8249,1541219
1993-03-19,8.86587,8.86587,8.81115,8.85193,8.85193,3097795
1993-03-22,8.85193,8.91152,8.85193,8.87894,8.87894,2751785
1993-03-23,8.85193,8.87894,8.7974,8.86587,8.86587,1397821
1993-03-24,8.93474,9.08591,8.91152,9.07732,9.07732,2213398
1993-03-25,9.04874,9.07732,8.9914,8.9914,8.9914,1559783
1993-03-26,8.93474,9.03656,8.92176,8.93474,8.93474,1417982
1993-03-29,8.96409,9.10503,8.96409,9.07732,9.07732,1603631
1993-03-30,9.08591,9.20832,9.07732,9.17447,9.17447,1890428
1993-03-31,9.18511,9.26986,9.17447,9.23046,9.23046,3250798
1993-04-01,9.19574,9.20832,9.04874,9.07732,9.07732,1867709
1993-04-02,9.05918,9.13361,8.9914,8.9914,8.9914,2336631
1993-04-05,9.04874,9.26986,9.02153,9.26986,9.26986,1683016
1993-04-06,9.28547,9.46103,9.26986,9.38301,9.38301,2713369
1993-04-07,9.36643,9.43373,9.32838,9.40642,9.40642,2421454
1993-04-08,9.39861,9.423,9.32838,9.423,9.423,1594987
1993-04-12,9.423,9.44641,9.36643,9.423,9.423,1765597
1993-04-13,9.423,9.44641,9.38301,9.40642,9.40642,2024865
1993-04-14,9.423,9.46103,9.39861,9.44641,9.44641,1012434
1993-04-15,9.423,9.43373,9.25368,9.29913,9.29913,1822894
1993-04-16,9.35277,9.36643,9.31083,9.36643,9.36643,1623158
1993-04-19,9.36643,9.38301,9.29913,9.31083,9.31083,1169593
1993-04-20,9.26986,9.31083,9.23046,9.31083,9.31083,1338921
1993-04-21,9.29913,9.34204,9.15467,9.15467,9.15467,1250578
1993-04-22,9.15467,9.24206,9.11644,9.14035,9.14035,1604278
1993-04-23,9.05918,9.07732,8.89103,9.03656,9.03656,2341748
1993-04-26,9.00466,9.02153,8.94624,8.9914,8.9914,1392374
1993-04-27,8.96409,9.10503,8.8249,9.08591,9.08591,2481314
1993-04-28,9.20832,9.48054,9.20832,9.43373,9.43373,4605719
1993-04-29,9.423,9.48054,9.35277,9.48054,9.48054,1858746
1993-04-30,9.49127,9.60344,9.49127,9.56247,9.56247,1855864
1993-05-03,9.56247,9.56247,9.38301,9.49127,9.49127,1929163
1993-05-04,9.56247,9.72926,9.53516,9.69122,9.69122,1314598
1993-05-05,9.6171,9.72926,9.6171,9.72926,9.72926,2334709
1993-05-06,9.71756,9.80437,9.69122,9.72926,9.72926,1804327
1993-05-07,9.70488,9.71756,9.65611,9.69122,9.69122,1598515
1993-05-10,9.64929,9.71756,9.56247,9.56247,9.56247,1409983
1993-05-11,9.56247,9.69122,9.56247,9.69122,9.69122,1978134
1993-05-12,9.76048,9.898,9.74584,9.86683,9.86683,2906380
1993-05-13,9.85995,9.88531,9.72926,9.76048,9.76048,1759832
1993-05-14,9.77218,9.80437,9.59173,9.6288,9.6288,1519135
1993-05-17,9.6171,9.64929,9.56247,9.60344,9.60344,962500
1993-05-18,9.59173,9.60344,9.43373,9.51566,9.51566,1104621
1993-05-19,9.50298,9.53516,9.37814,9.44641,9.44641,2403850
1993-05-20,9.48054,9.51566,9.46103,9.49127,9.49127,1207688
1993-05-21,9.48054,9.51566,9.44641,9.49127,9.49127,1932680
1993-05-24,9.48054,9.50298,9.44641,9.49127,9.49127,796379
1993-05-25,9.51566,9.54883,9.48054,9.54883,9.54883,742924
1993-05-26,9.51566,9.56247,9.46103,9.51566,9.51566,1393022
1993-05-27,9.69122,9.94289,9.64929,9.94289,9.94289,2646471
1993-05-28,9.94289,9.94289,9.77218,9.88531,9.88531,2837569
1993-06-01,9.88531,10.056,9.86683,9.99657,9.99657,1937805
1993-06-02,9.99657,9.99657,9.94289,9.97415,9.97415,1440391
1993-06-03,9.9224,9.94289,9.85995,9.9224,9.9224,789973
1993-06-04,9.9224,10.0093,9.88531,9.98089,9.98089,783890
1993-06-07,9.98089,10.0979,9.9224,10.0979,10.0979,1581864
1993-06-08,10.0979,10.1427,10.0404,10.056,10.056,1863222
1993-06-09,10.0979,10.0979,10.0404,10.0843,10.0843,1191039
1993-06-10,10.0979,10.1887,10.0979,10.1233,10.1233,1773921
1993-06-11,10.1233,10.1233,9.8151,9.82582,9.82582,2575730
1993-06-14,9.82582,9.9224,9.8151,9.91364,9.91364,1155187
1993-06-15,9.898,10.0287,9.83949,9.98089,9.98089,1150707
1993-06-16,9.97415,10.1086,9.94289,10.0979,10.0979,2340788
1993-06-17,10.1233,10.1427,10.0093,10.056,10.056,1401980
1993-06-18,9.99657,10.056,9.78388,9.83949,9.83949,3350018
1993-06-21,9.83949,9.898,9.80437,9.898,9.898,1615797
1993-06-22,9.898,9.9536,9.83949,9.91364,9.91364,1326753
1993-06-23,9.83949,9.83949,9.64929,9.67171,9.67171,1883708
1993-06-24,9.64929,9.67171,9.50298,9.60344,9.60344,2111929
1993-06-25,9.6288,9.70488,9.6288,9.67171,9.67171,1100778
1993-06-28,9.70488,9.8151,9.70488,9.80437,9.80437,1285785
1993-06-29,9.80437,9.82582,9.77218,9.80437,9.80437,1051484
1993-06-30,9.80437,9.83949,9.78388,9.83949,9.83949,1208320
1993-07-01,9.83949,9.88531,9.69122,9.72926,9.72926,1466316
1993-07-02,9.70488,9.72926,9.60344,9.60344,9.60344,1239370
1993-07-06,9.57222,9.60344,9.43373,9.43373,9.43373,1753428
1993-07-07,9.44641,9.46103,9.39861,9.44641,9.44641,1968216
1993-07-08,9.51566,9.64929,9.49127,9.57222,9.57222,1437184
1993-07-09,9.57222,9.6171,9.53516,9.6171,9.6171,621924
1993-07-12,9.6171,9.6288,9.49127,9.53516,9.53516,1033235
1993-07-13,9.48054,9.50298,9.423,9.48054,9.48054,1230729
1993-07-14,9.50298,9.6171,9.48054,9.48054,9.48054,1409344
1993-07-15,9.48054,9.49127,9.34594,9.36643,9.36643,1997658
1993-07-16,9.37814,9.37814,9.19574,9.20832,9.20832,2404492
1993-07-19,9.20832,9.423,9.11644,9.40642,9.40642,2265891
1993-07-20,9.36643,9.48054,9.32254,9.48054,9.48054,1772318
1993-07-21,9.39861,9.70488,9.37814,9.70488,9.70488,2106486
1993-07-22,9.70488,9.74584,9.65611,9.70488,9.70488,1432384
1993-07-23,9.70488,9.83949,9.70488,9.82582,9.82582,1591790
1993-07-26,9.82582,9.898,9.80437,9.80437,9.80437,1073891
1993-07-27,9.78388,9.82582,9.74584,9.8151,9.8151,1043162
1993-07-28,9.85995,10.0287,9.82582,9.98089,9.98089,1528733
1993-07-29,9.94289,10.0843,9.94289,9.98089,9.98089,1028760
1993-07-30,9.9536,9.97415,9.85995,9.91364,9.91364,1159672
1993-08-02,9.86683,10.0667,9.86683,10.056,10.056,1457029
1993-08-03,10.0404,10.056,9.80046,9.85414,9.85414,1747997
1993-08-04,9.85414,9.86683,9.71072,9.71072,9.71072,1134708
1993-08-05,9.71072,9.72341,9.542,9.66293,9.66293,1800171
1993-08-06,9.64246,9.65611,9.5576,9.57222,9.57222,1233292
1993-08-09,9.60344,9.80046,9.57222,9.77803,9.77803,1481038
1993-08-10,9.73901,9.73901,9.6288,9.66293,9.66293,1173434
1993-08-11,9.71072,9.80046,9.66293,9.80046,9.80046,1079013
1993-08-12,9.80046,9.85414,9.68635,9.85414,9.85414,1535449
1993-08-13,9.86683,9.90676,9.83949,9.86683,9.86683,1263703
1993-08-16,9.8804,9.96621,9.85414,9.9536,9.9536,806296
1993-08-17,9.98089,9.98089,9.9224,9.93703,9.93703,908405
1993-08-18,10.0093,10.0667,9.98089,10.0667,10.0667,1015642
1993-08-19,10.0979,10.0979,10.0404,10.0404,10.0404,1225935
1993-08-20,10.1086,10.1954,10.0667,10.1954,10.1954,2306218
1993-08-23,10.1663,10.3359,10.1663,10.2764,10.2764,1810090
1993-08-24,10.2764,10.3896,10.2764,10.3515,10.3515,1702219
1993-08-25,10.3652,10.4461,10.3515,10.4111,10.4111,1937805
1993-08-26,10.3896,10.5769,10.3652,10.5223,10.5223,1524573
1993-08-27,10.4461,10.4666,10.3359,10.4218,10.4218,1073567
1993-08-30,10.4218,10.4802,10.3896,10.4345,10.4345,1374769
1993-08-31,10.4666,10.5486,10.4218,10.5486,10.5486,1177918
1993-09-01,10.5223,10.6333,10.5223,10.6333,10.6333,2030946
1993-09-02,10.6032,10.6568,10.5905,10.6266,10.6266,1224327
1993-09-03,10.6333,10.6333,10.5223,10.6266,10.6266,837348
1993-09-07,10.5905,10.6333,10.4111,10.4218,10.4218,1465675
1993-09-08,10.4218,10.4218,10.1789,10.1789,10.1789,2392644
1993-09-09,10.1427,10.1545,9.99161,10.0093,10.0093,1671809
1993-09-10,10.1086,10.1427,10.056,10.1233,10.1233,2001818
1993-09-13,10.1954,10.2764,10.1789,10.254,10.254,1205127
1993-09-14,10.2345,10.3359,10.2248,10.3232,10.3232,1007634
1993-09-15,10.2979,10.3652,10.254,10.3515,10.3515,1304668
1993-09-16,10.3515,10.4345,10.3097,10.3896,10.3896,2016544
1993-09-17,10.3232,10.3515,10.2345,10.3097,10.3097,3568000
1993-09-20,10.3232,10.3779,10.3097,10.3359,10.3359,1307555
1993-09-21,10.3515,10.3652,10.2091,10.3097,10.3097,1772318
1993-09-22,10.3097,10.3779,10.2764,10.2764,10.2764,1773594
1993-09-23,10.2764,10.3097,10.2091,10.2657,10.2657,1206727
1993-09-24,10.1954,10.3652,10.1545,10.3232,10.3232,1273300
1993-09-27,10.3896,10.5642,10.3896,10.5642,10.5642,1424065
1993-09-28,10.6333,10.7466,10.6032,10.7046,10.7046,1389177
1993-09-29,10.7466,11.0265,10.7466,10.9915,10.9915,3212065
1993-09-30,10.9915,11.0841,10.9582,11.0714,11.0714,2269090
1993-10-01,11.0714,11.1885,11.0469,11.1474,11.1474,2267170
1993-10-04,11.1269,11.1269,10.89,10.9172,10.9172,2736098
1993-10-05,10.9172,10.9172,10.6812,10.8041,10.8041,2235163
1993-10-06,10.8148,10.9348,10.7787,10.9348,10.9348,2693208
1993-10-07,10.89,10.9172,10.7787,10.8148,10.8148,1488719
1993-10-08,10.8334,10.8598,10.6266,10.7924,10.7924,1317154
1993-10-11,10.8334,10.8334,10.7466,10.7924,10.7924,678584
1993-10-12,10.8148,10.8733,10.7924,10.8598,10.8598,1251856
1993-10-13,10.8334,10.9017,10.7466,10.7787,10.7787,1319715
1993-10-14,10.8148,10.848,10.7222,10.848,10.848,916730
1993-10-15,10.848,10.89,10.7787,10.8148,10.8148,1820971
1993-10-18,10.8148,10.9699,10.7046,10.9172,10.9172,1460867
1993-10-19,10.9172,10.9582,10.8733,10.89,10.89,753491
1993-10-20,10.9172,10.9172,10.8148,10.89,10.89,1531934
1993-10-21,10.9348,10.9465,10.8334,10.8733,10.8733,1119664
1993-10-22,10.8733,10.9348,10.6812,10.7603,10.7603,1296668
1993-10-25,10.7603,10.9172,10.7603,10.9017,10.9017,857829
1993-10-26,10.9348,11.0148,10.8334,10.9017,10.9017,2295335
1993-10-27,10.9348,11.004,10.9172,10.9582,10.9582,1030356
1993-10-28,10.9915,11.0714,10.9699,10.9915,10.9915,1522652
1993-10-29,10.9348,10.9915,10.9017,10.9915,10.9915,1349488
1993-11-01,10.9915,10.9915,10.9172,10.9582,10.9582,816864
1993-11-02,10.9465,10.9465,10.7603,10.7787,10.7787,2072241
1993-11-03,10.7466,10.8148,10.6812,10.7319,10.7319,1305311
1993-11-04,10.7787,10.9241,10.7603,10.8041,10.8041,1265943
1993-11-05,10.8041,10.8334,10.6333,10.7319,10.7319,1265623
1993-11-08,10.7319,10.7603,10.5905,10.691,10.691,1022032
1993-11-09,10.7787,10.7787,10.5769,10.5769,10.5769,1690377
1993-11-10,10.5769,10.5905,10.4061,10.4608,10.4608,3149009
1993-11-11,10.4919,10.5223,10.3028,10.3028,10.3028,1417657
1993-11-12,10.3359,10.4061,10.3359,10.3779,10.3779,1820650
1993-11-15,10.4159,10.4159,10.3477,10.3593,10.3593,1885632
1993-11-16,10.3779,10.3837,10.2482,10.2842,10.2842,2474589
1993-11-17,10.2842,10.6333,10.2345,10.6333,10.6333,2763303
1993-11-18,10.4608,10.4919,10.1038,10.1789,10.1789,33509842
1993-11-19,10.1818,10.2764,10.1818,10.2764,10.2764,5024718
1993-11-22,10.3028,10.3028,10.1467,10.2482,10.2482,2432338
1993-11-23,10.2842,10.3359,10.2599,10.2599,10.2599,2209554
1993-11-24,10.2764,10.2842,10.2345,10.2599,10.2599,839904
1993-11-26,10.0629,10.0629,9.74584,9.77218,9.77218,2791476
1993-11-29,9.6288,9.85995,9.6288,9.78388,9.78388,4244666
1993-11-30,9.8746,9.97415,9.85995,9.92919,9.92919,3313535
1993-12-01,9.98585,10.016,9.94775,9.94775,9.94775,2370239
1993-12-02,9.92919,9.98585,9.8151,9.84726,9.84726,2480669
1993-12-03,9.91364,9.91364,9.84726,9.8746,9.8746,1971730
1993-12-06,9.85995,9.97415,9.85995,9.90193,9.90193,1614194
1993-12-07,9.90193,10.0287,9.90193,9.94775,9.94775,1548903
1993-12-08,9.94775,9.94775,9.82582,9.82582,9.82582,1521051
1993-12-09,9.85995,9.8746,9.80437,9.82582,9.82582,2832767
1993-12-10,9.88531,9.97415,9.8746,9.90193,9.90193,1810407
1993-12-13,9.92919,9.95946,9.78388,9.88531,9.88531,2033510
1993-12-14,9.90193,9.97415,9.77218,9.77218,9.77218,2427855
1993-12-15,9.77218,9.77218,9.64929,9.64929,9.64929,1634361
1993-12-16,9.67171,9.69122,9.54883,9.6288,9.6288,1934924
1993-12-17,9.60344,9.71756,9.60344,9.70488,9.70488,2448659
1993-12-20,9.74584,9.8746,9.72926,9.84726,9.84726,1481674
1993-12-21,9.85995,9.90193,9.80437,9.84726,9.84726,1820335
1993-12-22,9.88531,10.016,9.8746,10.0013,10.0013,1734546
1993-12-23,9.97415,10.1467,9.92919,10.016,10.016,1216970
1993-12-27,10.1467,10.1467,10.0843,10.1283,10.1283,1096613
1993-12-28,10.1467,10.1789,10.1156,10.1614,10.1614,1197124
1993-12-29,10.0843,10.1038,10.0013,10.0629,10.0629,1907716
1993-12-30,10.0843,10.1156,10.0629,10.0716,10.0716,1594347
1993-12-31,10.1038,10.1038,9.95946,9.95946,9.95946,1151031
1994-01-03,9.98585,10.1038,9.95946,10.0629,10.0629,2566769
1994-01-04,10.016,10.2345,9.97415,10.2345,10.2345,1647487
1994-01-05,10.2345,10.3779,10.1818,10.3779,10.3779,3330818
1994-01-06,10.3837,10.4159,10.3359,10.3477,10.3477,1856504
1994-01-07,10.3477,10.4608,10.2764,10.4461,10.4461,1527453
1994-01-10,10.4159,10.5027,10.3779,10.4919,10.4919,2001501
1994-01-11,10.3779,10.4159,10.3359,10.3779,10.3779,1520413
1994-01-12,10.4061,10.4061,10.2169,10.2764,10.2764,2240281
1994-01-13,10.2014,10.2764,10.1789,10.2482,10.2482,1977173
1994-01-14,10.2764,10.3154,10.2345,10.2764,10.2764,1933962
1994-01-17,10.2482,10.3359,10.2345,10.2764,10.2764,1016274
1994-01-18,10.2842,10.3028,10.2014,10.2169,10.2169,1655168
1994-01-19,10.2014,10.2842,10.2014,10.2842,10.2842,2102645
1994-01-20,10.2842,10.3593,10.2842,10.3477,10.3477,1381495
1994-01-21,10.3593,10.4802,10.3477,10.4461,10.4461,3286967
1994-01-24,10.4461,10.6333,10.4061,10.5905,10.5905,3077953
1994-01-25,10.6032,10.6266,10.4919,10.5769,10.5769,1511768
1994-01-26,10.5603,10.5769,10.4159,10.5223,10.5223,1967891
1994-01-27,10.5486,10.5603,10.4461,10.4919,10.4919,1603951
1994-01-28,10.5603,10.5603,10.4608,10.4919,10.4919,1156794
1994-01-31,10.5223,10.7222,10.5027,10.6812,10.6812,1374769
1994-02-01,10.6266,10.6812,10.5603,10.6568,10.6568,1641721
1994-02-02,10.691,10.7787,10.6812,10.7319,10.7319,1608750
1994-02-03,10.7466,10.8217,10.7466,10.7924,10.7924,1628276
1994-02-04,10.7787,10.8783,10.651,10.691,10.691,1687176
1994-02-07,10.691,10.7222,10.5769,10.6812,10.6812,2260448
1994-02-08,10.7104,10.7222,10.5642,10.5905,10.5905,1547620
1994-02-09,10.6099,10.691,10.5905,10.651,10.651,1805608
1994-02-10,10.6333,10.6646,10.5359,10.5553,10.5553,1292508
1994-02-11,10.5769,10.5905,10.2911,10.4218,10.4218,2011100
1994-02-14,10.4461,10.5359,10.3477,10.3779,10.3779,1670529
1994-02-15,10.3652,10.4218,10.3477,10.3779,10.3779,2448659
1994-02-16,10.3779,10.3896,10.2764,10.3359,10.3359,1633719
1994-02-17,10.3232,10.4218,10.2482,10.2764,10.2764,3162450
1994-02-18,10.2482,10.2599,10.1427,10.1818,10.1818,2627906
1994-02-22,10.1614,10.2599,10.1614,10.2599,10.2599,1639475
1994-02-23,10.2482,10.2599,10.1818,10.2345,10.2345,831909
1994-02-24,10.2014,10.2014,10.0404,10.0716,10.0716,1521051
1994-02-25,10.0843,10.1283,9.88531,9.90193,9.90193,3097795
1994-02-28,9.91364,10.0629,9.91364,9.99657,9.99657,1482959
1994-03-01,10.016,10.0404,9.76731,9.82582,9.82582,2015584
1994-03-02,9.76731,10.0716,9.76731,10.0716,10.0716,1982936
1994-03-03,10.0716,10.2482,9.97415,10.2482,10.2482,2687446
1994-03-04,10.2482,10.3028,10.1789,10.1818,10.1818,2608703
1994-03-07,10.2169,10.2482,10.0843,10.1156,10.1156,1867387
1994-03-08,10.2014,10.2169,10.1156,10.1283,10.1283,1588270
1994-03-09,10.1283,10.1614,10.0404,10.1283,10.1283,1057881
1994-03-10,10.1818,10.1818,10.0716,10.1427,10.1427,1635961
1994-03-11,10.1283,10.2169,10.0716,10.1614,10.1614,1972376
1994-03-14,10.2169,10.2169,10.0287,10.1283,10.1283,1650047
1994-03-15,10.1283,10.1789,10.1156,10.1614,10.1614,1455115
1994-03-16,10.1427,10.3779,10.1283,10.3652,10.3652,1901631
1994-03-17,10.3359,10.5642,10.3359,10.5642,10.5642,2234204
1994-03-18,10.5642,10.7104,10.5086,10.7104,10.7104,4191530
1994-03-21,10.6333,10.6333,10.4802,10.4919,10.4919,1907070
1994-03-22,10.4919,10.6099,10.4919,10.4919,10.4919,1589222
1994-03-23,10.5086,10.5223,10.4666,10.5086,10.5086,947456
1994-03-24,10.4919,10.4919,10.3477,10.4666,10.4666,1686212
1994-03-25,10.4345,10.4461,10.3232,10.3359,10.3359,2513638
1994-03-28,10.2764,10.2764,10.1156,10.1818,10.1818,3155727
1994-03-29,10.1789,10.2014,10.0629,10.0716,10.0716,1147194
1994-03-30,10.0404,10.0404,9.66293,9.66293,9.66293,2280934
1994-03-31,9.76048,9.78388,9.50882,9.69805,9.69805,2509796
1994-04-04,9.65319,9.72341,9.5576,9.66293,9.66293,2064879
1994-04-05,9.78388,9.88531,9.76048,9.85995,9.85995,1940363
1994-04-06,9.88531,9.88531,9.76731,9.78388,9.78388,1938444
1994-04-07,9.78388,9.8746,9.76048,9.83949,9.83949,1284503
1994-04-08,9.8151,9.91364,9.72341,9.80437,9.80437,2004378
1994-04-11,9.82582,9.95946,9.80437,9.92919,9.92919,1840177
1994-04-12,9.92919,9.97415,9.90193,9.97415,9.97415,1249942
1994-04-13,9.98585,9.99657,9.88531,9.92919,9.92919,882478
1994-04-14,10.1038,10.3232,10.1038,10.2014,10.2014,3404440
1994-04-15,10.2599,10.5086,10.2482,10.4666,10.4666,3430363
1994-04-18,10.4218,10.4919,10.3232,10.3779,10.3779,3050102
1994-04-19,10.4111,10.5905,10.4111,10.5359,10.5359,2313906
1994-04-20,10.5642,10.5642,10.4218,10.4461,10.4461,2209878
1994-04-21,10.4666,10.4919,10.3477,10.3896,10.3896,1973979
1994-04-22,10.4461,10.4461,10.3232,10.4218,10.4218,1662528
1994-04-25,10.3896,10.7222,10.3477,10.691,10.691,1932042
1994-04-26,10.691,10.7104,10.4461,10.4919,10.4919,2212755
1994-04-28,10.4461,10.4461,10.1789,10.2345,10.2345,3569925
1994-04-29,10.2014,10.2764,10.1427,10.2764,10.2764,2469788
1994-05-02,10.2764,10.2764,10.1283,10.1427,10.1427,2165064
1994-05-03,10.1427,10.1789,9.94289,10.1614,10.1614,2069040
1994-05-04,10.1283,10.1614,9.98585,10.0629,10.0629,1721425
1994-05-05,10.1233,10.1954,10.0979,10.1545,10.1545,1851379
1994-05-06,10.1954,10.4608,10.1663,10.3974,10.3974,3708521
1994-05-09,10.3515,10.4286,10.3097,10.3418,10.3418,3356107
1994-05-10,10.371,10.4393,10.3301,10.3974,10.3974,2326385
1994-05-11,10.3515,10.4608,10.3418,10.3418,10.3418,2022621
1994-05-12,10.371,10.4715,10.3301,10.4715,10.4715,1055646
1994-05-13,10.3837,10.3974,10.2842,10.2979,10.2979,2536368
1994-05-16,10.2657,10.3301,10.2248,10.3301,10.3301,1415739
1994-05-17,10.2979,10.3097,10.2248,10.2842,10.2842,1378611
1994-05-18,10.2091,10.2091,9.8921,10.0979,10.0979,4593553
1994-05-19,10.0667,10.2423,10.0209,10.2423,10.2423,2356798
1994-05-20,10.254,10.3837,10.0979,10.3515,10.3515,4671656
1994-05-23,10.254,10.2657,10.1086,10.1427,10.1427,2198989
1994-05-24,10.1545,10.1818,10.0784,10.1818,10.1818,2505317
1994-05-25,10.1954,10.2091,10.1427,10.1663,10.1663,1678214
1994-05-26,10.1818,10.2091,10.1545,10.1818,10.1818,1021075
1994-05-27,10.1545,10.1954,10.056,10.0979,10.0979,1234252
1994-05-31,10.1545,10.2657,10.1545,10.1545,10.1545,1597551
1994-06-01,10.1663,10.3097,10.1545,10.2979,10.2979,1624117
1994-06-02,10.3301,10.3418,10.254,10.3301,10.3301,1296350
1994-06-03,10.3097,10.371,10.2979,10.3515,10.3515,1319078
1994-06-06,10.3837,10.3837,10.2248,10.2423,10.2423,897528
1994-06-07,10.2091,10.2423,10.1818,10.2248,10.2248,959300
1994-06-08,10.2423,10.2842,10.1954,10.2657,10.2657,854623
1994-06-09,10.254,10.4715,10.254,10.4608,10.4608,1625079
1994-06-10,10.4715,10.6333,10.4715,10.5905,10.5905,2580537
1994-06-13,10.5359,10.5603,10.4159,10.4715,10.4715,2256283
1994-06-14,10.4715,10.4715,10.2979,10.4159,10.4159,4155363
1994-06-15,10.3837,10.5027,10.2979,10.4393,10.4393,3136524
1994-06-16,10.3301,10.3837,10.1818,10.3301,10.3301,4726715
1994-06-17,10.1818,10.2657,10.0979,10.1545,10.1545,8931372
1994-06-20,10.0346,10.2091,10.0093,10.0667,10.0667,3449891
1994-06-21,10.0979,10.1233,9.9224,10.0346,10.0346,3814148
1994-06-22,10.0346,10.1818,10.0093,10.1818,10.1818,1978779
1994-06-23,10.1818,10.2423,10.0346,10.1233,10.1233,2846851
1994-06-24,10.0346,10.0667,9.68635,9.71072,9.71072,2851332
1994-06-27,9.68635,9.94775,9.62198,9.8921,9.8921,4143841
1994-06-28,9.9224,9.98089,9.71072,9.82582,9.82582,3172053
1994-06-29,9.82582,9.9224,9.80437,9.8921,9.8921,2220116
1994-06-30,9.8921,9.9224,9.71072,9.77218,9.77218,3675870
1994-07-01,9.85995,9.9224,9.74584,9.8921,9.8921,3349067
1994-07-05,9.8921,10.0346,9.85995,10.0093,10.0093,1821927
1994-07-06,10.0093,10.0093,9.85995,9.8921,9.8921,3246635
1994-07-07,9.8921,9.94775,9.80437,9.85995,9.85995,2596223
1994-07-08,9.82582,10.0093,9.82582,9.98089,9.98089,3454690
1994-07-11,9.98089,10.0667,9.94775,10.0346,10.0346,3542078
1994-07-12,10.0979,10.2423,9.98089,10.2091,10.2091,4360211
1994-07-13,10.2657,10.3301,10.0667,10.1233,10.1233,4298442
1994-07-14,10.1545,10.2657,10.0979,10.2657,10.2657,3422041
1994-07-15,10.2657,10.4715,10.2657,10.4715,10.4715,5447548
1994-07-18,10.4715,10.5603,10.3837,10.5027,10.5027,3347469
1994-07-19,10.4715,10.5905,10.4715,10.5359,10.5359,1927561
1994-07-20,10.5027,10.5359,10.3837,10.3837,10.3837,1920195
1994-07-21,10.4159,10.4159,10.2091,10.2657,10.2657,2410888
1994-07-22,10.3515,10.3515,10.2657,10.2979,10.2979,1438153
1994-07-25,10.2423,10.3301,10.1818,10.2091,10.2091,1489042
1994-07-26,9.80437,10.1818,9.80437,10.0346,10.0346,8972978
1994-07-27,10.0346,10.0346,9.94775,10.0093,10.0093,2903821
1994-07-28,10.0093,10.2091,10.0093,10.1545,10.1545,4315086
1994-07-29,10.2091,10.4393,10.2091,10.3515,10.3515,2018782
1994-08-01,10.4159,10.4159,10.2657,10.2979,10.2979,1940685
1994-08-02,10.2979,10.3097,10.0979,10.1545,10.1545,2356798
1994-08-03,10.1545,10.1818,10.0667,10.1233,10.1233,1950610
1994-08-04,10.174,10.2014,10.056,10.0843,10.0843,5149870
1994-08-05,10.0843,10.174,10.0843,10.174,10.174,1898750
1994-08-08,10.2014,10.2345,10.1086,10.174,10.174,1729430
1994-08-09,10.174,10.2014,10.0843,10.1427,10.1427,1534493
1994-08-10,10.2014,10.2345,10.1086,10.1427,10.1427,1535133
1994-08-11,10.174,10.174,9.90676,9.99657,9.99657,2892938
1994-08-12,9.99657,10.0843,9.90676,9.90676,9.90676,2110648
1994-08-15,9.96621,9.99657,9.79266,9.79266,9.79266,3207586
1994-08-16,9.8804,9.93703,9.72926,9.93703,9.93703,3191901
1994-08-17,9.90676,10.0287,9.90676,10.0287,10.0287,3656024
1994-08-18,10.0287,10.0843,9.93703,9.99657,9.99657,2697050
1994-08-19,10.056,10.056,9.99657,9.99657,9.99657,2332789
1994-08-22,9.99657,10.056,9.96621,10.0287,10.0287,1490959
1994-08-23,9.99657,10.0287,9.93703,9.96621,9.96621,1839537
1994-08-24,9.99657,10.174,9.99657,10.174,10.174,2966883
1994-08-25,10.1427,10.174,10.0287,10.056,10.056,1647487
1994-08-26,10.056,10.1086,9.96621,9.96621,9.96621,4944054
1994-08-29,9.99657,10.0843,9.99657,10.0287,10.0287,4287235
1994-08-30,10.056,10.174,10.0287,10.174,10.174,2234204
1994-08-31,10.0843,10.1086,9.93703,9.99657,9.99657,5511243
1994-09-01,9.96621,10.2014,9.96621,10.1427,10.1427,3303932
1994-09-02,10.2345,10.2657,9.99657,10.1427,10.1427,2450579
1994-09-06,10.174,10.174,10.056,10.1427,10.1427,1826092
1994-09-07,10.1427,10.2014,10.1086,10.174,10.174,3866961
1994-09-08,10.2014,10.2657,10.174,10.2657,10.2657,3202141
1994-09-09,10.174,10.2657,10.174,10.2345,10.2345,3748855
1994-09-12,10.2657,10.3232,10.174,10.3232,10.3232,3396119
1994-09-13,10.3232,10.3232,10.2014,10.2657,10.2657,1994137
1994-09-14,10.2911,10.2911,10.1427,10.174,10.174,2118328
1994-09-15,10.174,10.2014,10.0843,10.2014,10.2014,2918865
1994-09-16,10.0843,10.0843,9.96621,9.96621,9.96621,6637633
1994-09-19,9.99657,9.99657,9.70488,9.70488,9.70488,5550941
1994-09-20,9.76048,9.79266,9.58392,9.58392,9.58392,6322984
1994-09-21,9.5576,9.5576,9.40642,9.5576,9.5576,5080093
1994-09-22,9.60929,9.70488,9.49713,9.70488,9.70488,3737649
1994-09-23,9.70488,9.76048,9.64246,9.72926,9.72926,2850689
1994-09-26,9.76048,9.84726,9.76048,9.8151,9.8151,2099125
1994-09-27,9.8151,9.8804,9.72926,9.79266,9.79266,2347196
1994-09-28,9.8151,9.8151,9.76048,9.79266,9.79266,2359998
1994-09-29,9.79266,9.8151,9.76048,9.76048,9.76048,1501209
1994-09-30,9.79266,9.8804,9.79266,9.8151,9.8151,2643910
1994-10-03,9.8804,9.90676,9.8151,9.90676,9.90676,2432338
1994-10-04,9.8804,9.90676,9.76048,9.79266,9.79266,3101316
1994-10-05,9.79266,9.79266,9.70488,9.79266,9.79266,2301096
1994-10-06,9.76048,9.76048,9.67171,9.72926,9.72926,1909628
1994-10-07,9.70488,10.056,9.70488,9.96621,9.96621,5179962
1994-10-10,9.96621,10.0287,9.8804,9.90676,9.90676,2226521
1994-10-11,9.93703,10.1086,9.90676,10.1086,10.1086,3878169
1994-10-12,10.1086,10.1086,9.99657,10.0287,10.0287,2059755
1994-10-13,10.0843,10.1086,10.056,10.056,10.056,1997658
1994-10-14,10.056,10.0843,9.96621,10.0287,10.0287,3641621
1994-10-17,10.0287,10.0843,9.99657,10.0843,10.0843,2997606
1994-10-18,9.99657,10.1427,9.99657,10.1427,10.1427,2196111
1994-10-19,10.1086,10.1086,10.056,10.1086,10.1086,1818732
1994-10-20,10.0843,10.1427,10.056,10.1086,10.1086,2417609
1994-10-21,10.1086,10.174,10.056,10.174,10.174,2637511
1994-10-24,10.174,10.2345,10.1427,10.1427,10.1427,2062314
1994-10-25,10.0843,10.2911,10.056,10.2014,10.2014,5267979
1994-10-26,10.2911,10.3779,10.2014,10.3232,10.3232,5244932
1994-10-27,10.3515,10.5827,10.3515,10.5827,10.5827,6879933
1994-10-28,10.6179,10.9651,10.5827,10.7319,10.7319,7154895
1994-10-31,10.7046,10.7319,10.5827,10.6179,10.6179,3850317
1994-11-01,10.5553,10.5827,10.3515,10.4666,10.4666,2915025
1994-11-02,10.4111,10.4666,10.2911,10.3515,10.3515,2806517
1994-11-03,10.3779,10.4969,10.3779,10.4969,10.4969,2009823
1994-11-04,10.5486,10.6333,10.3652,10.3974,10.3974,3661788
1994-11-07,10.3974,10.4608,10.3418,10.3652,10.3652,1800483
1994-11-08,10.3652,10.4286,10.3418,10.3652,10.3652,2356477
1994-11-09,10.3974,10.3974,10.0404,10.1283,10.1283,3230634
1994-11-10,10.1283,10.1887,9.8921,9.98089,9.98089,6651075
1994-11-11,9.9536,10.0093,9.8921,9.9536,9.9536,1382770
1994-11-14,9.9536,10.0093,9.9224,9.9224,9.9224,2081201
1994-11-15,9.9224,10.0979,9.9224,10.0404,10.0404,2895502
1994-11-16,10.1283,10.1614,10.0716,10.1614,10.1614,2620229
1994-11-17,10.1887,10.2248,10.1283,10.1887,10.1887,2219158
1994-11-18,10.1887,10.1887,10.0716,10.1614,10.1614,5177717
1994-11-21,10.4286,10.4919,10.3418,10.4286,10.4286,3822144
1994-11-22,10.3652,10.6099,10.1614,10.1887,10.1887,3050102
1994-11-23,10.0979,10.2248,10.0093,10.1614,10.1614,2595259
1994-11-25,10.254,10.3418,10.254,10.3418,10.3418,877999
1994-11-28,10.3418,10.4286,10.2248,10.3974,10.3974,1487442
1994-11-29,10.3652,10.4608,10.3652,10.4286,10.4286,1851698
1994-11-30,10.4919,10.5769,10.1887,10.3974,10.3974,3035699
1994-12-01,10.3974,10.3974,10.1614,10.2248,10.2248,2380160
1994-12-02,10.2248,10.254,10.0716,10.1283,10.1283,1649401
1994-12-05,10.254,10.3097,10.1887,10.2248,10.2248,1502166
1994-12-06,10.2248,10.3097,10.1614,10.2764,10.2764,1460867
1994-12-07,10.2248,10.2764,10.1887,10.1887,10.1887,1518812
1994-12-08,10.254,10.3418,10.1283,10.1614,10.1614,3047218
1994-12-09,10.1614,10.254,10.1283,10.2248,10.2248,2682644
1994-12-12,10.254,10.3652,10.2248,10.3418,10.3418,2723936
1994-12-13,10.3418,10.4608,10.3418,10.3974,10.3974,1861942
1994-12-14,10.4286,10.4286,10.3097,10.4286,10.4286,3380753
1994-12-15,10.4286,10.5769,10.4286,10.4608,10.4608,2937754
1994-12-16,10.5486,10.6099,10.5223,10.5486,10.5486,6871300
1994-12-19,10.5486,10.6099,10.5223,10.6099,10.6099,2146822
1994-12-20,10.5769,10.6987,10.5769,10.6646,10.6646,1554019
1994-12-21,10.6646,10.6987,10.5769,10.5769,10.5769,3530553
1994-12-22,10.6099,10.6646,10.5769,10.6333,10.6333,2244126
1994-12-23,10.6646,10.7523,10.6333,10.6646,10.6646,1928840
1994-12-27,10.6987,10.9017,10.6987,10.6987,10.6987,4908520
1994-12-28,10.6646,10.6987,10.5223,10.6099,10.6099,1638843
1994-12-29,10.6333,10.6333,10.5769,10.5769,10.5769,1429825
1994-12-30,10.6333,10.7222,10.6333,10.6333,10.6333,2615422
1995-01-03,10.6987,10.7924,10.6099,10.6099,10.6099,3586248
1995-01-04,10.5769,10.7222,10.5769,10.7222,10.7222,3249834
1995-01-05,10.6646,10.7222,10.6099,10.7222,10.7222,2205075
1995-01-06,10.6987,10.7222,10.4286,10.5486,10.5486,3530553
1995-01-09,10.4919,10.5486,10.4608,10.5223,10.5223,1546014
1995-01-10,10.5223,10.6099,10.4286,10.5486,10.5486,2441620
1995-01-11,10.5769,10.6646,10.3974,10.4286,10.4286,5126182
1995-01-12,10.4286,10.4608,10.3418,10.3418,10.3418,3039861
1995-01-13,10.4286,10.5223,10.3418,10.5223,10.5223,2911186
1995-01-16,10.4919,10.5486,10.4919,10.5223,10.5223,1095977
1995-01-17,10.5223,10.6646,10.5223,10.6646,10.6646,1949965
1995-01-18,10.6333,10.8783,10.6333,10.8783,10.8783,2978084
1995-01-19,10.8148,10.9017,10.7924,10.8783,10.8783,2253729
1995-01-20,10.848,11.0216,10.848,11.0216,11.0216,4302917
1995-01-23,10.9017,11.0538,10.9017,10.9915,10.9915,3673312
1995-01-24,10.9651,11.0841,10.9348,11.0216,11.0216,4427115
1995-01-25,11.0538,11.2879,10.9651,11.1796,11.1796,4639972
1995-01-26,11.1474,11.1474,11.0538,11.0841,11.0841,2497315
1995-01-27,11.0538,11.0538,10.9348,11.0216,11.0216,2317746
1995-01-30,10.9651,10.9915,10.6099,10.8148,10.8148,2593657
1995-01-31,10.7924,10.7924,10.5769,10.6333,10.6333,3553598
1995-02-01,10.6987,10.7523,10.5223,10.6987,10.6987,3065469
1995-02-02,10.6987,10.848,10.6987,10.8148,10.8148,1682693
1995-02-03,10.8148,10.9348,10.7924,10.9017,10.9017,2255970
1995-02-06,10.848,11.1474,10.848,11.1474,11.1474,2458581
1995-02-07,11.1142,11.1474,11.0538,11.0538,11.0538,1775520
1995-02-08,11.0538,11.202,11.0538,11.1796,11.1796,2707933
1995-02-09,11.202,11.202,11.1142,11.1474,11.1474,1714063
1995-02-10,11.286,11.286,10.9855,10.9855,10.9855,2090802
1995-02-13,10.9241,11.2586,10.89,11.165,11.165,2384329
1995-02-14,11.165,11.286,11.165,11.2586,11.2586,1952527
1995-02-15,11.2586,11.3484,11.1913,11.3162,11.3162,3108677
1995-02-16,11.3162,11.3484,11.286,11.3162,11.3162,3169498
1995-02-17,11.3162,11.3718,11.3162,11.3162,11.3162,5063763
1995-02-21,11.286,11.404,11.286,11.3718,11.3718,3707242
1995-02-22,11.3484,11.404,11.3484,11.3484,11.3484,1619640
1995-02-23,11.3162,11.3162,11.1913,11.2586,11.2586,3692195
1995-02-24,11.2215,11.404,11.1913,11.3162,11.3162,2273895
1995-02-27,11.3718,11.4654,11.3484,11.3718,11.3718,2570929
1995-02-28,11.404,11.4976,11.3484,11.4654,11.4654,2941911
1995-03-01,11.3718,11.4351,11.3162,11.3718,11.3718,2464347
1995-03-02,11.3484,11.404,11.3162,11.404,11.404,1432064
1995-03-03,11.3484,11.3718,11.2215,11.286,11.286,2453781
1995-03-06,11.286,11.4351,11.2586,11.4351,11.4351,3814790
1995-03-07,11.4351,11.4351,11.286,11.3484,11.3484,2154822
1995-03-08,11.3718,11.5278,11.3484,11.4654,11.4654,3535355
1995-03-09,11.4976,11.4976,11.3484,11.4351,11.4351,1956052
1995-03-10,11.4654,11.5902,11.3718,11.562,11.562,3723885
1995-03-13,11.5278,11.5278,11.4351,11.4654,11.4654,2396486
1995-03-14,11.4654,11.4976,11.1913,11.2586,11.2586,3170776
1995-03-15,11.2586,11.404,11.2215,11.3162,11.3162,2789877
1995-03-16,11.3162,11.4351,11.3162,11.404,11.404,3519670
1995-03-17,11.4654,11.562,11.4351,11.562,11.562,7886286
1995-03-20,11.5278,11.562,11.4976,11.5278,11.5278,2134337
1995-03-21,11.4654,11.562,11.404,11.4976,11.4976,2356798
1995-03-22,11.4976,11.6488,11.4976,11.5902,11.5902,5052241
1995-03-23,11.6147,11.6488,11.4351,11.562,11.562,1857783
1995-03-24,11.6147,11.6722,11.562,11.6722,11.6722,3431966
1995-03-27,11.6722,11.6722,11.4976,11.5902,11.5902,3662744
1995-03-28,11.4654,11.4976,11.3162,11.3718,11.3718,3494381
1995-03-29,11.4351,11.5278,11.3718,11.4351,11.4351,3959788
1995-03-30,11.4976,11.4976,11.2215,11.3718,11.3718,3326016
1995-03-31,11.3162,11.6722,11.165,11.562,11.562,6881857
1995-04-03,11.4976,11.4976,11.165,11.165,11.165,3465258
1995-04-04,11.1913,11.404,11.165,11.3162,11.3162,4452083
1995-04-05,11.3162,11.404,11.2215,11.286,11.286,2896146
1995-04-06,11.3162,11.3162,11.1339,11.1339,11.1339,1660282
1995-04-07,11.1339,11.1339,10.8334,10.9534,10.9534,3601614
1995-04-10,10.9534,11.0148,10.89,10.9855,10.9855,3768695
1995-04-11,11.0469,11.0772,10.8041,10.8685,10.8685,2889421
1995-04-12,10.89,10.9241,10.773,10.8334,10.8334,3248238
1995-04-13,10.8334,10.8685,10.7466,10.8041,10.8041,2881739
1995-04-17,10.9241,10.9855,10.651,10.7104,10.7104,3086276
1995-04-18,10.8041,10.9534,10.7466,10.9534,10.9534,3640662
1995-04-19,10.9534,10.9855,10.8041,10.9534,10.9534,2245403
1995-04-20,11.0469,11.286,10.89,11.2586,11.2586,4126554
1995-04-21,11.3162,11.3162,11.1339,11.1913,11.1913,4135833
1995-04-24,11.1913,11.286,11.0148,11.1913,11.1913,2883979
1995-04-25,11.1913,11.4654,11.165,11.4351,11.4351,3012967
1995-04-26,11.3484,11.4351,11.286,11.3162,11.3162,2635272
1995-04-27,11.286,11.6147,11.286,11.562,11.562,3787579
1995-04-28,11.4976,11.4976,11.2586,11.404,11.404,3324415
1995-05-01,11.562,11.8302,11.562,11.7649,11.7649,5917115
1995-05-02,11.7425,11.7649,11.6722,11.7425,11.7425,4847064
1995-05-03,11.7024,11.7425,11.562,11.7425,11.7425,3727405
1995-05-04,11.7425,11.8302,11.5902,11.6722,11.6722,3145809
1995-05-05,11.7024,11.7425,11.5278,11.7425,11.7425,2715932
1995-05-08,11.7425,11.7649,11.5902,11.7425,11.7425,1942925
1995-05-09,11.797,12.0029,11.6147,11.6722,11.6722,2503714
1995-05-10,11.6722,11.8575,11.6147,11.8575,11.8575,5458113
1995-05-11,11.8779,11.8779,11.5152,11.5708,11.5708,3738286
1995-05-12,11.5708,11.6322,11.4517,11.5152,11.5152,3647063
1995-05-15,11.5474,11.8156,11.5152,11.8156,11.8156,2393289
1995-05-16,11.8156,11.9726,11.7834,11.9375,11.9375,2156738
1995-05-17,11.9375,11.9375,11.6664,11.8468,11.8468,1800171
1995-05-18,11.8468,11.8779,11.602,11.602,11.602,1840499
1995-05-19,11.5474,11.7298,11.3903,11.5708,11.5708,3896736
1995-05-22,11.602,11.6322,11.4849,11.5708,11.5708,3074752
1995-05-23,11.5708,11.8468,11.5474,11.8156,11.8156,2238365
1995-05-24,11.7834,11.9112,11.6664,11.8156,11.8156,2757224
1995-05-25,11.7834,11.8468,11.6322,11.7298,11.7298,2020389
1995-05-26,11.6936,11.7298,11.3601,11.5708,11.5708,2039912
1995-05-30,11.5708,11.7579,11.4224,11.7579,11.7579,1755992
1995-05-31,11.7298,11.9375,11.6936,11.9375,11.9375,2838526
1995-06-01,11.9375,12.0887,11.9112,12.0263,12.0263,3820557
1995-06-02,11.9726,12.0887,11.8156,11.8468,11.8468,2803636
1995-06-05,11.8468,11.9112,11.6936,11.8779,11.8779,1998299
1995-06-06,11.8779,12.0263,11.7579,11.7834,11.7834,1868983
1995-06-07,11.6936,11.7298,11.602,11.6664,11.6664,1574822
1995-06-08,11.7298,11.7579,11.6322,11.6664,11.6664,1700940
1995-06-09,11.6664,11.6936,11.602,11.6322,11.6322,1488719
1995-06-12,11.7834,11.8468,11.7298,11.8156,11.8156,2272297
1995-06-13,11.8779,11.9112,11.7834,11.9112,11.9112,1537053
1995-06-14,11.9112,11.9112,11.8156,11.9112,11.9112,1917319
1995-06-15,11.9375,11.9979,11.9112,11.9726,11.9726,1972688
1995-06-16,11.9979,12.0263,11.8779,11.9112,11.9112,4926452
1995-06-19,11.9112,11.9112,11.7298,11.8156,11.8156,1823533
1995-06-20,11.7834,11.7834,11.5152,11.5152,11.5152,3223271
1995-06-21,11.4849,11.4849,11.2733,11.3601,11.3601,4564113
1995-06-22,11.3601,11.3601,11.1796,11.3045,11.3045,4441837
1995-06-23,11.3045,11.5708,11.2733,11.5474,11.5474,3303609
1995-06-26,11.5474,11.602,11.2411,11.3601,11.3601,2214679
1995-06-27,11.3601,11.5708,11.3601,11.4849,11.4849,2214355
1995-06-28,11.5708,11.8468,11.5152,11.7579,11.7579,3218466
1995-06-29,11.7298,11.7834,11.3903,11.4224,11.4224,2567415
1995-06-30,11.4517,11.5474,11.2079,11.2733,11.2733,1995739
1995-07-03,11.3347,11.602,11.3347,11.602,11.602,1005070
1995-07-05,11.5708,11.602,11.4517,11.5474,11.5474,2568369
1995-07-06,11.4849,11.6664,11.4517,11.602,11.602,3281203
1995-07-07,11.5708,11.6664,11.5474,11.6664,11.6664,2498277
1995-07-10,11.6936,11.7834,11.5474,11.602,11.602,2848129
1995-07-11,11.5708,11.6664,11.4849,11.5152,11.5152,2427536
1995-07-12,11.5474,11.6664,11.3903,11.6664,11.6664,2883019
1995-07-13,11.6664,11.7298,11.5708,11.6936,11.6936,2674322
1995-07-14,11.602,11.6936,11.5474,11.5708,11.5708,1937159
1995-07-17,11.6322,11.7834,11.602,11.6664,11.6664,2920466
1995-07-18,11.6936,11.7834,11.6664,11.7579,11.7579,4092947
1995-07-19,11.7298,11.8779,11.5474,11.7298,11.7298,3196060
1995-07-20,11.6936,11.7579,11.3903,11.5152,11.5152,3930024
1995-07-21,11.5152,11.5708,11.3601,11.4224,11.4224,3072832
1995-07-24,11.4849,11.7298,11.3903,11.6664,11.6664,3490861
1995-07-25,11.6664,11.6936,11.5152,11.6664,11.6664,2392005
1995-07-26,11.6936,11.9112,11.602,11.9112,11.9112,3141008
1995-07-27,11.8779,11.9112,11.7579,11.9112,11.9112,3709798
1995-07-28,11.9112,11.9112,11.7834,11.8468,11.8468,3901536
1995-07-31,11.8779,12.0614,11.8156,11.9979,11.9979,3201508
1995-08-01,11.9979,12.0614,11.8779,12.0614,12.0614,4049736
1995-08-02,12.0614,12.1852,11.9979,12.0614,12.0614,3592013
1995-08-03,11.8779,12.0263,11.8468,12.0263,12.0263,2484504
1995-08-04,12.0263,12.0614,11.9375,12.0614,12.0614,1672132
1995-08-07,12.0614,12.1852,12.0263,12.0887,12.0887,3214303
1995-08-08,12.0614,12.0887,11.6936,11.9112,11.9112,2791156
1995-08-09,11.9726,11.9726,11.8779,11.9726,11.9726,1417022
1995-08-10,11.9726,12.0614,11.9375,11.9521,11.9521,1594347
1995-08-11,11.9979,12.0263,11.8156,11.8779,11.8779,1734229
1995-08-14,11.8779,11.8779,11.7579,11.8779,11.8779,1983895
1995-08-15,11.8779,11.8779,11.6273,11.7579,11.7579,2813241
1995-08-16,11.6898,11.6898,11.5063,11.5405,11.5405,3276725
1995-08-17,11.5708,11.6273,11.4459,11.5405,11.5405,3031212
1995-08-18,11.5708,11.6595,11.5063,11.602,11.602,3028976
1995-08-21,11.6595,11.7579,11.5708,11.5708,11.5708,3443487
1995-08-22,11.5708,11.6898,11.5708,11.6595,11.6595,2462743
1995-08-23,11.6898,11.7579,11.602,11.6595,11.6595,1996693
1995-08-24,11.7298,11.7579,11.5708,11.6273,11.6273,1252500
1995-08-25,11.7298,11.7834,11.6273,11.7579,11.7579,1837289
1995-08-28,11.8156,11.9979,11.7298,11.8156,11.8156,6357237
1995-08-29,11.8468,11.8779,11.7298,11.8779,11.8779,1615797
1995-08-30,11.9112,11.9726,11.8156,11.9375,11.9375,2043751
1995-08-31,11.9726,11.9726,11.8779,11.8779,11.8779,1064926
1995-09-01,11.9112,12.0614,11.8779,12.0614,12.0614,1820335
1995-09-05,12.151,12.2477,12.0964,12.2477,12.2477,2280292
1995-09-06,12.151,12.2145,12.0614,12.1852,12.1852,4587155
1995-09-07,12.151,12.1852,11.9979,12.0263,12.0263,2375362
1995-09-08,12.0263,12.0614,11.9112,12.0614,12.0614,3107078
1995-09-11,12.0614,12.1286,12.0614,12.0614,12.0614,1783516
1995-09-12,12.151,12.2779,12.0263,12.2477,12.2477,5115624
1995-09-13,12.2145,12.3101,12.1286,12.151,12.151,4511938
1995-09-14,12.0964,12.2145,11.9726,12.1852,12.1852,3800711
1995-09-15,12.3101,12.3725,12.2477,12.3403,12.3403,5805727
1995-09-18,12.2477,12.2477,12.1852,12.2145,12.2145,2465632
1995-09-19,12.2145,12.2477,12.1286,12.2477,12.2477,2065199
1995-09-20,12.2779,12.3403,12.1852,12.3403,12.3403,3862483
1995-09-21,12.3101,12.3403,12.151,12.2477,12.2477,2533804
1995-09-22,12.1852,12.2477,12.0964,12.151,12.151,2771629
1995-09-25,12.151,12.2477,12.0964,12.1286,12.1286,3447327
1995-09-26,12.1286,12.151,11.8468,11.9375,11.9375,3716519
1995-09-27,11.8779,11.9726,11.8468,11.9375,11.9375,1815209
1995-09-28,11.9726,12.0964,11.9375,11.9979,11.9979,2475545
1995-09-29,12.0263,12.1286,11.9375,11.9726,11.9726,2246690
1995-10-02,11.9375,12.0263,11.8468,11.9375,11.9375,2262368
1995-10-03,11.9375,12.0614,11.9112,11.9979,11.9979,1852656
1995-10-04,11.9726,12.3403,11.9726,12.3403,12.3403,4287235
1995-10-05,12.2779,12.4925,12.1286,12.1286,12.1286,4630695
1995-10-06,12.0263,12.151,12.0263,12.0614,12.0614,3192220
1995-10-09,12.0964,12.2477,11.9112,12.2477,12.2477,2245082
1995-10-10,12.1852,12.2477,12.0964,12.2477,12.2477,2627270
1995-10-11,12.2477,12.2477,12.0614,12.1286,12.1286,1993499
1995-10-12,12.151,12.151,12.0263,12.0614,12.0614,2806201
1995-10-13,12.1286,12.1852,11.9979,12.0263,12.0263,3413397
1995-10-16,11.9375,11.9375,11.8156,11.8468,11.8468,3605773
1995-10-17,11.8779,11.9726,11.6898,11.7579,11.7579,4409829
1995-10-18,11.7579,11.7834,11.6898,11.6898,11.6898,2654477
1995-10-19,11.7298,11.7834,11.6898,11.7298,11.7298,2125373
1995-10-20,11.7579,11.9112,11.7298,11.8156,11.8156,4314120
1995-10-23,11.7298,11.7834,11.6898,11.7298,11.7298,2352637
1995-10-24,11.6595,11.7298,11.5708,11.7298,11.7298,2610946
1995-10-25,11.6273,11.6898,11.4801,11.602,11.602,3872406
1995-10-26,11.602,11.6898,11.4459,11.5063,11.5063,3039861
1995-10-27,11.5405,11.5405,11.321,11.3903,11.3903,2358399
1995-10-30,11.3903,11.5063,11.3601,11.3903,11.3903,4147677
1995-10-31,11.4801,11.602,11.4801,11.4801,11.4801,5271501
1995-11-01,11.5405,11.6898,11.5063,11.6898,11.6898,5077850
1995-11-02,11.8156,11.8468,11.602,11.6595,11.6595,2431377
1995-11-03,11.6595,11.7834,11.602,11.7834,11.7834,1474000
1995-11-06,11.7834,11.8779,11.7579,11.8468,11.8468,3044980
1995-11-07,11.8779,11.9112,11.7834,11.8156,11.8156,3982191
1995-11-08,11.8468,11.8779,11.7298,11.8156,11.8156,2729377
1995-11-09,11.8156,11.8156,11.5708,11.7298,11.7298,2838847
1995-11-10,11.6595,11.7579,11.6273,11.6898,11.6898,1860981
1995-11-13,11.7298,11.9375,11.6898,11.8156,11.8156,3215907
1995-11-14,11.7834,11.9375,11.7834,11.8779,11.8779,4044929
1995-11-15,11.7834,11.9726,11.7834,11.9726,11.9726,2734179
1995-11-16,12.0029,12.2827,12.0029,12.2145,12.2145,4625248
1995-11-17,12.2827,12.4671,12.2525,12.4388,12.4388,4587797
1995-11-20,12.2827,12.4964,12.2525,12.4106,12.4106,3882645
1995-11-21,12.3725,12.6543,12.3403,12.6222,12.6222,3544317
1995-11-22,12.6222,12.6222,12.2525,12.2827,12.2827,4311885
1995-11-24,12.2827,12.2827,12.1852,12.2145,12.2145,1048605
1995-11-27,12.2827,12.3101,12.1852,12.2525,12.2525,2258532
1995-11-28,12.2145,12.3101,12.1286,12.2827,12.2827,2175304
1995-11-29,12.3101,12.3725,12.1852,12.3101,12.3101,2182347
1995-11-30,12.2827,12.3725,12.2145,12.2525,12.2525,2521001
1995-12-01,12.2525,12.3101,12.0964,12.2525,12.2525,4241465
1995-12-04,12.2827,12.4964,12.2525,12.4964,12.4964,4259711
1995-12-05,12.4964,12.588,12.4388,12.588,12.588,2953114
1995-12-06,12.588,12.7773,12.588,12.588,12.588,4005243
1995-12-07,12.5286,12.6222,12.4388,12.5353,12.5353,3913696
1995-12-08,12.588,12.7461,12.5607,12.6963,12.6963,4192809
1995-12-11,12.8094,13.1529,12.8094,13.0885,13.0885,5484361
1995-12-12,13.1225,13.2464,13.0533,13.0885,13.0885,3810633
1995-12-13,13.1225,13.3117,13.0533,13.2464,13.2464,3207261
1995-12-14,13.2464,13.2756,12.8708,12.8708,12.8708,2958876
1995-12-15,12.9948,12.9948,12.7461,12.9645,12.9645,8990582
1995-12-18,12.5286,12.8708,12.4671,12.5607,12.5607,3298810
1995-12-19,12.588,12.7148,12.5286,12.6222,12.6222,3442847
1995-12-20,12.6543,12.9645,12.6543,12.7148,12.7148,3711077
1995-12-21,12.7461,12.904,12.7461,12.904,12.904,3831109
1995-12-22,12.904,12.9948,12.8397,12.9314,12.9314,1375093
1995-12-26,12.9948,13.0192,12.904,13.0192,13.0192,1062046
1995-12-27,13.0885,13.1225,12.9948,13.0192,13.0192,2220116
1995-12-28,13.0192,13.0885,12.9645,13.0533,13.0533,2153862
1995-12-29,13.0533,13.2464,12.904,12.9948,12.9948,2557489
1996-01-02,13.0533,13.1225,12.9948,13.1225,13.1225,5302231
1996-01-03,13.2464,13.3343,12.904,13.1529,13.1529,3811903
1996-01-04,13.1791,13.5546,13.1529,13.5205,13.5205,4866277
1996-01-05,13.4894,13.859,13.4601,13.74,13.74,4798415
1996-01-08,13.7722,13.8902,13.74,13.8023,13.8023,1225616
1996-01-09,13.8902,14.0141,13.6161,13.859,13.859,5175476
1996-01-10,13.5829,13.6482,12.9948,13.1529,13.1529,5113698
1996-01-11,13.3343,13.3343,13.0885,13.1791,13.1791,3976112
1996-01-12,13.2464,13.2756,13.0192,13.0533,13.0533,3877523
1996-01-15,13.1529,13.2464,12.9645,13.1529,13.1529,2092082
1996-01-16,13.2756,13.3117,13.1791,13.2064,13.2064,3010097
1996-01-17,13.3117,13.3976,13.2064,13.3117,13.3117,3981872
1996-01-18,13.3117,13.3343,13.0533,13.2464,13.2464,3997240
1996-01-19,13.2756,13.4894,13.2064,13.3976,13.3976,4262909
1996-01-22,13.4259,13.4894,13.0885,13.3117,13.3117,3364748
1996-01-23,13.2756,13.3117,12.7773,12.8397,12.8397,4447283
1996-01-24,12.904,12.9314,12.6543,12.8397,12.8397,6805033
1996-01-25,12.8397,13.0192,12.8397,12.9948,12.9948,4199212
1996-01-26,12.9948,13.0192,12.8094,13.0192,13.0192,4508415
1996-01-29,13.0885,13.1529,12.9948,13.0533,13.0533,2245727
1996-01-30,13.0885,13.0885,12.8094,12.8397,12.8397,2996966
1996-01-31,12.8708,12.904,12.6837,12.8708,12.8708,4897955
1996-02-01,12.8708,13.1791,12.8397,13.1791,13.1791,6781668
1996-02-02,13.2756,13.2756,13.0533,13.0885,13.0885,3098760
1996-02-05,13.0885,13.1225,12.904,12.9645,12.9645,2486749
1996-02-06,12.8708,12.9948,12.8397,12.9314,12.9314,3415956
1996-02-07,12.9645,12.9948,12.8094,12.8982,12.8982,4225141
1996-02-08,12.9314,13.2464,12.7773,13.1529,13.1529,5217089
1996-02-09,13.2756,13.6786,13.2464,13.5829,13.5829,9319956
1996-02-12,13.7722,14.1428,13.7088,13.9273,13.9273,6792553
1996-02-13,13.9887,14.172,13.9604,14.0492,14.0492,5435707
1996-02-14,14.0141,14.1174,13.859,13.8902,13.8902,2915666
1996-02-15,13.9604,14.0804,13.9273,14.0141,14.0141,3248556
1996-02-16,14.0804,14.0804,13.9273,13.9604,13.9604,4710390
1996-02-20,13.8902,13.9604,13.7722,13.9604,13.9604,3812230
1996-02-21,13.9604,14.1428,13.9604,14.1174,14.1174,4460084
1996-02-22,14.2384,14.5827,14.0804,14.5515,14.5515,5116904
1996-02-23,14.6148,14.7397,14.0141,14.3262,14.3262,5411378
1996-02-26,14.3018,14.4842,13.9887,14.0804,14.0804,3125965
1996-02-27,14.0804,14.0804,13.7722,13.9604,13.9604,3693478
1996-02-28,14.0804,14.1174,13.6161,13.6482,13.6482,3040494
1996-02-29,13.7322,14.0141,13.7029,13.9273,13.9273,4272189
1996-03-01,13.9887,14.0804,13.3908,14.0804,14.0804,4172008
1996-03-04,14.0804,14.0804,13.8023,13.9604,13.9604,2570619
1996-03-05,13.8902,13.9273,13.6482,13.859,13.859,4307081
1996-03-06,13.859,14.172,13.8346,14.0141,14.0141,6004817
1996-03-07,13.9887,13.9887,13.7322,13.8902,13.8902,2628870
1996-03-08,13.7029,13.8346,13.3908,13.422,13.422,4081101
1996-03-11,13.3908,13.6786,13.2064,13.6786,13.6786,4351896
1996-03-12,13.4601,13.6482,13.306,13.6482,13.6482,4776326
1996-03-13,13.5751,13.8023,13.4601,13.7722,13.7722,3328257
1996-03-14,13.7322,14.0804,13.7322,14.0141,14.0141,4155363
1996-03-15,13.9604,13.9604,13.7029,13.7322,13.7322,4826581
1996-03-18,13.859,14.2705,13.7722,14.2705,14.2705,5135466
1996-03-19,14.2705,14.3262,14.0804,14.2705,14.2705,4325323
1996-03-20,14.3018,14.3603,13.8023,13.9887,13.9887,2540197
1996-03-21,13.9273,13.9887,13.7722,13.9273,13.9273,2505317
1996-03-22,13.8346,13.8902,13.7722,13.8346,13.8346,4101587
1996-03-25,13.8902,13.9887,13.8346,13.9887,13.9887,4177127
1996-03-26,14.0492,14.3603,13.9887,14.3018,14.3018,5053203
1996-03-27,14.5154,14.5154,14.2384,14.3018,14.3018,4067976
1996-03-28,14.2042,14.3603,14.1428,14.3603,14.3603,2907341
1996-03-29,14.3954,14.3954,13.9887,14.0492,14.0492,3084034
1996-04-01,14.0804,14.1428,13.9604,14.0804,14.0804,2667921
1996-04-02,14.172,14.3262,14.0141,14.3018,14.3018,2792757
1996-04-03,14.3018,14.3603,14.172,14.3603,14.3603,1992858
1996-04-04,14.3262,14.5154,14.172,14.3954,14.3954,7559480
1996-04-08,14.0804,14.2042,13.9604,14.172,14.172,2794353
1996-04-09,14.172,14.2384,14.0141,14.1174,14.1174,3575364
1996-04-10,14.1174,14.1174,13.9273,13.9604,13.9604,2720417
1996-04-11,13.9887,14.0492,13.8023,13.9887,13.9887,4103505
1996-04-12,14.0141,14.0492,13.7722,13.859,13.859,1997658
1996-04-15,13.9604,14.172,13.8902,14.172,14.172,2144258
1996-04-16,14.2042,14.2705,14.0804,14.172,14.172,2269090
1996-04-17,14.2042,14.2042,13.9273,14.0141,14.0141,2129218
1996-04-18,13.9887,13.9887,13.8023,13.8902,13.8902,2417609
1996-04-19,13.8902,14.0492,13.8023,13.9604,13.9604,2743462
1996-04-22,14.1174,14.172,13.7722,13.9604,13.9604,2835326
1996-04-23,14.2705,14.4286,14.2705,14.4286,14.4286,6932749
1996-04-24,14.7718,14.7718,14.4842,14.5515,14.5515,5648562
1996-04-25,14.4842,14.4842,14.0804,14.3603,14.3603,3306171
1996-04-26,14.3603,14.7075,14.3262,14.4842,14.4842,4117908
1996-04-29,14.5515,14.7397,14.4842,14.6441,14.6441,2962396
1996-04-30,14.5154,14.5515,14.3262,14.5154,14.5154,2762349
1996-05-01,14.4579,14.4842,14.2384,14.4286,14.4286,2215315
1996-05-02,14.2705,14.4286,14.172,14.2705,14.2705,2791476
1996-05-03,14.3262,14.3262,14.1428,14.172,14.172,1816167
1996-05-06,14.2384,14.2384,13.9604,14.0141,14.0141,2450579
1996-05-07,13.9273,13.9604,13.6482,13.8023,13.8023,3821190
1996-05-08,13.859,14.2042,13.7322,14.172,14.172,3954670
1996-05-09,14.2042,14.3603,14.1428,14.3018,14.3018,2489631
1996-05-10,14.4842,14.4842,14.2384,14.3018,14.3018,2270371
1996-05-13,14.4579,14.8343,14.4286,14.8343,14.8343,3465258
1996-05-14,14.8032,14.9894,14.7718,14.9601,14.9601,5631916
1996-05-15,14.9269,15.0216,14.8343,14.8968,14.8968,4158884
1996-05-16,14.8032,14.8032,14.5515,14.7718,14.7718,3676191
1996-05-17,14.8343,15.0216,14.7397,15.0216,15.0216,4402788
1996-05-20,14.9269,15.6527,14.8968,15.6527,15.6527,7466011
1996-05-21,15.6225,15.6225,15.2401,15.2781,15.2781,4634525
1996-05-22,15.2781,15.6225,15.2401,15.6225,15.6225,4186087
1996-05-23,15.5589,15.6819,15.4966,15.5902,15.5902,4028611
1996-05-24,15.5902,15.6527,15.2781,15.4342,15.4342,2451865
1996-05-28,15.4342,15.4634,15.2079,15.3073,15.3073,2777071
1996-05-29,15.2401,15.2781,14.9269,15.0529,15.0529,1995413
1996-05-30,15.0216,15.2401,14.9269,15.2401,15.2401,3169498
1996-05-31,15.2401,15.2401,15.0216,15.084,15.084,2312942
1996-06-03,14.9894,15.084,14.8655,14.9601,14.9601,3669470
1996-06-04,14.9269,15.0529,14.8655,15.0529,15.0529,5919680
1996-06-05,15.0216,15.0216,14.8343,14.8655,14.8655,4167205
1996-06-06,14.9269,14.9269,14.7718,14.9269,14.9269,2931991
1996-06-07,14.8032,15.0216,14.7397,14.8968,14.8968,5051920
1996-06-10,14.8655,14.9269,14.8032,14.8968,14.8968,2413765
1996-06-11,14.9894,15.084,14.9269,14.9894,14.9894,3444448
1996-06-12,14.9894,15.0529,14.9894,15.0216,15.0216,3738609
1996-06-13,14.9894,15.084,14.9601,15.0529,15.0529,2731296
1996-06-14,15.0529,15.084,15.0216,15.0529,15.0529,3148050
1996-06-17,15.0529,15.1523,14.9894,15.1523,15.1523,3198940
1996-06-18,15.084,15.1191,14.9894,15.0216,15.0216,2546923
1996-06-19,15.084,15.2401,15.0529,15.2401,15.2401,3887768
1996-06-20,15.2401,15.3415,15.2079,15.2781,15.2781,2862847
1996-06-21,15.2781,15.3415,15.2079,15.3073,15.3073,4400227
1996-06-24,15.3073,15.4342,15.3073,15.3649,15.3649,2843647
1996-06-25,15.3649,15.3649,15.2401,15.3649,15.3649,2527721
1996-06-26,15.3649,15.3649,15.0216,15.1191,15.1191,3755895
1996-06-27,15.1835,15.1835,14.9601,14.9894,14.9894,4215858
1996-06-28,15.0529,15.0529,14.8032,14.8968,14.8968,4332692
1996-07-01,14.9269,15.1191,14.8655,15.1191,15.1191,2882053
1996-07-02,15.1191,15.2781,15.0529,15.2079,15.2079,3551360
1996-07-03,15.2079,15.2079,15.1191,15.1835,15.1835,2656398
1996-07-05,15.0529,15.0529,14.8343,14.8655,14.8655,1950286
1996-07-08,14.8968,14.9601,14.8343,14.8655,14.8655,4572434
1996-07-09,14.9269,15.084,14.8343,15.0216,15.0216,2920787
1996-07-10,15.084,15.1523,14.9269,15.084,15.084,3034738
1996-07-11,15.084,15.3415,15.0529,15.2401,15.2401,4092625
1996-07-12,15.2781,15.4342,15.2079,15.3415,15.3415,4588120
1996-07-15,15.2781,15.3073,14.9269,14.9601,14.9601,2280292
1996-07-16,14.9269,14.9601,14.1038,14.6733,14.6733,5498124
1996-07-17,14.9269,14.9601,14.3886,14.4217,14.4217,3545597
1996-07-18,14.4842,14.8655,14.453,14.8343,14.8343,3049786
1996-07-19,14.7075,14.7718,14.6148,14.6733,14.6733,2421454
1996-07-22,14.6733,14.8343,14.5154,14.5515,14.5515,2658958
1996-07-23,14.5515,14.6733,14.4217,14.5827,14.5827,3059064
1996-07-24,14.5154,14.6733,14.5154,14.5515,14.5515,3862483
1996-07-25,14.7075,14.8343,14.5827,14.8343,14.8343,3850317
1996-07-26,14.8968,14.8968,14.453,14.5827,14.5827,3260720
1996-07-29,14.5515,14.6733,14.4842,14.5515,14.5515,1292829
1996-07-30,14.6148,14.6148,14.2628,14.4217,14.4217,1979418
1996-07-31,14.3603,14.6393,14.3603,14.6148,14.6148,2820280
1996-08-01,14.5827,14.7718,14.5827,14.6733,14.6733,4063816
1996-08-02,14.6733,14.9601,14.6733,14.9601,14.9601,2385927
1996-08-05,14.9601,15.1191,14.9601,15.0529,15.0529,2295018
1996-08-06,15.0529,15.0529,14.8655,14.9894,14.9894,1928840
1996-08-07,15.0216,15.0216,14.5827,14.7397,14.7397,3516466
1996-08-08,14.6393,14.8343,14.5515,14.8343,14.8343,3249196
1996-08-09,14.8968,14.8968,14.5827,14.5827,14.5827,1813293
1996-08-12,14.6148,14.8032,14.6148,14.7397,14.7397,3305527
1996-08-13,14.7534,14.8392,14.6851,14.8392,14.8392,2507560
1996-08-14,14.8392,14.8392,14.5895,14.7134,14.7134,2248289
1996-08-15,14.6529,14.7826,14.6217,14.6851,14.6851,1967248
1996-08-16,14.7534,15.0636,14.7134,15.0342,15.0342,2827320
1996-08-19,15.0636,15.321,15.0342,15.2888,15.2888,3008488
1996-08-20,15.2284,15.2596,15.0342,15.0967,15.0967,2369922
1996-08-21,15.0636,15.0967,14.8704,15.0967,15.0967,2485469
1996-08-22,15.0967,15.3815,15.0636,15.3522,15.3522,3376912
1996-08-23,15.2596,15.2888,15.1279,15.2596,15.2596,2793710
1996-08-26,15.2596,15.2596,14.9689,15.0967,15.0967,1386617
1996-08-27,15.2284,15.321,15.1649,15.2284,15.2284,2813241
1996-08-28,15.2284,15.2596,15.1279,15.2596,15.2596,1454797
1996-08-29,15.1953,15.2284,15.003,15.0967,15.0967,2149379
1996-08-30,15.0636,15.1279,14.8392,15.003,15.003,1627321
1996-09-03,15.2284,15.321,15.1953,15.2596,15.2596,4587155
1996-09-04,15.2284,15.2596,15.003,15.1953,15.1953,4459445
1996-09-05,15.1279,15.2888,15.1279,15.2284,15.2284,2062314
1996-09-06,15.1953,15.3522,15.0967,15.3522,15.3522,2439377
1996-09-09,15.4235,15.4517,15.1953,15.4517,15.4517,2376319
1996-09-10,15.4235,15.4517,15.321,15.3815,15.3815,2468186
1996-09-11,15.4761,15.6722,15.3815,15.6722,15.6722,4958456
1996-09-12,15.7023,15.7356,15.5472,15.64,15.64,3934179
1996-09-13,15.7619,15.8643,15.64,15.8321,15.8321,5239814
1996-09-16,15.8029,15.9911,15.7356,15.8945,15.8945,3340099
1996-09-17,15.958,16.0886,15.8321,16.0886,16.0886,4659501
1996-09-18,16.0204,16.1471,15.9268,15.958,15.958,3816069
1996-09-19,15.9268,15.9268,15.7356,15.7619,15.7619,3166296
1996-09-20,15.7619,16.1471,15.7619,15.8643,15.8643,5742028
1996-09-23,15.8945,15.9268,15.7356,15.9268,15.9268,2833404
1996-09-24,15.7619,15.8945,15.7023,15.8945,15.8945,5325273
1996-09-25,15.8945,15.9268,15.7356,15.8321,15.8321,3398038
1996-09-26,15.8945,15.8945,15.6722,15.7023,15.7023,2940635
1996-09-27,15.7023,15.7023,15.5093,15.7023,15.7023,1898434
1996-09-30,15.7619,16.0204,15.7023,15.958,15.958,3008488
1996-10-01,15.958,16.1189,15.8643,16.0575,16.0575,2921107
1996-10-02,16.2759,16.4017,16.1755,16.4017,16.4017,5559896
1996-10-03,16.4017,16.4017,16.2456,16.3403,16.3403,1894913
1996-10-04,16.4017,16.5003,16.3403,16.4301,16.4301,2340148
1996-10-07,16.5003,16.6855,16.5003,16.6602,16.6602,2618304
1996-10-08,16.7294,16.9138,16.7294,16.8142,16.8142,3250798
1996-10-09,16.8523,16.8523,16.6261,16.6602,16.6602,2857089
1996-10-10,16.6602,16.6855,16.3706,16.6261,16.6261,2271973
1996-10-11,16.6855,16.8142,16.6855,16.7294,16.7294,1280986
1996-10-14,16.8142,17.0387,16.7578,17.0387,17.0387,2541807
1996-10-15,17.1674,17.1674,16.5958,16.7811,16.7811,3331131
1996-10-16,16.9138,17.0387,16.6602,17.0094,17.0094,3258798
1996-10-17,17.0387,17.1401,16.9449,17.0387,17.0387,2174983
1996-10-18,17.0387,17.2015,16.9763,17.1674,17.1674,4135519
1996-10-21,17.2327,17.4248,17.0387,17.1401,17.1401,4829786
1996-10-22,17.1401,17.2971,17.0094,17.2669,17.2669,3708521
1996-10-23,17.2327,17.2669,17.0387,17.1674,17.1674,2915666
1996-10-24,17.1401,17.1401,16.9138,16.9449,16.9449,2910223
1996-10-25,16.9138,17.1674,16.9138,17.1089,17.1089,2787631
1996-10-28,17.2971,17.3644,16.7811,16.8142,16.8142,3877523
1996-10-29,16.8142,17.0387,16.5958,17.0387,17.0387,3027054
1996-10-30,17.0387,17.0708,16.8826,16.8826,16.8826,2884614
1996-10-31,16.8826,16.8826,16.7294,16.7578,16.7578,4838742
1996-11-01,16.7811,16.8142,16.5646,16.5958,16.5958,3872727
1996-11-04,16.6261,16.6261,16.472,16.5646,16.5646,3646105
1996-11-05,16.5958,16.5958,16.2759,16.4017,16.4017,4052930
1996-11-06,16.4017,16.6602,16.3403,16.6602,16.6602,4317326
1996-11-07,16.6602,16.7811,16.6261,16.7578,16.7578,3368269
1996-11-08,16.7578,16.9138,16.6855,16.8826,16.8826,2935513
1996-11-11,16.9763,17.0094,16.7294,16.8523,16.8523,3535993
1996-11-12,16.9275,16.9275,16.67,16.7958,16.7958,4270913
1996-11-13,16.7646,16.8279,16.5997,16.7958,16.7958,3399322
1996-11-14,16.7646,16.9889,16.6338,16.9576,16.9576,2734495
1996-11-15,17.1508,17.1508,16.7646,16.8582,16.8582,4455926
1996-11-18,16.8963,16.9889,16.8963,16.9275,16.9275,2957599
1996-11-19,16.9889,17.3381,16.9889,17.3381,17.3381,3641305
1996-11-20,17.3381,17.3381,17.1508,17.2757,17.2757,2800119
1996-11-21,17.3078,17.3078,17.0826,17.2152,17.2152,2918228
1996-11-22,17.2757,17.4064,17.184,17.3078,17.3078,3425248
1996-11-25,17.3712,17.5634,17.2757,17.4064,17.4064,4362135
1996-11-26,17.4395,17.5634,17.3381,17.5019,17.5019,3079548
1996-11-27,17.4395,17.4707,17.0504,17.1137,17.1137,3066431
1996-11-29,17.184,17.2434,17.1508,17.2152,17.2152,1030992
1996-12-02,17.1508,17.2434,16.9889,17.2152,17.2152,3331457
1996-12-03,17.2152,17.2152,16.8279,16.8279,16.8279,4026686
1996-12-04,16.7002,16.7958,16.5071,16.7344,16.7344,4030851
1996-12-05,16.7344,16.9576,16.5997,16.8963,16.8963,4826259
1996-12-06,16.6338,16.7646,16.3783,16.5402,16.5402,4619169
1996-12-09,16.7002,16.7002,16.472,16.5402,16.5402,4071499
1996-12-10,16.5715,16.7344,16.3442,16.3442,16.3442,3687390
1996-12-11,16.1892,16.3442,16.0575,16.1588,16.1588,3989557
1996-12-12,16.2837,16.2837,15.7102,15.7356,15.7356,5022795
1996-12-13,15.6078,15.9638,15.4761,15.9316,15.9316,4325646
1996-12-16,15.9911,16.3783,15.9316,16.2135,16.2135,4684467
1996-12-17,16.1189,16.3159,16.0886,16.2456,16.2456,3390675
1996-12-18,16.1588,16.472,16.1588,16.472,16.472,2568369
1996-12-19,16.5402,16.9275,16.5071,16.9275,16.9275,6937872
1996-12-20,17.4707,17.4707,16.7958,16.9275,16.9275,7538353
1996-12-23,16.9275,17.0826,16.6338,16.9576,16.9576,1981335
1996-12-24,16.8963,16.9576,16.7958,16.8279,16.8279,1120302
1996-12-26,16.8963,16.9889,16.7958,16.9889,16.9889,1950610
1996-12-27,17.021,17.184,16.8963,16.9576,16.9576,1216009
1996-12-30,16.9576,17.2434,16.9576,17.0826,17.0826,2502434
1996-12-31,17.0826,17.0826,16.472,16.7002,16.7002,5312151
1997-01-02,16.7646,16.9889,16.4164,16.9275,16.9275,6563692
1997-01-03,16.9576,17.1508,16.8582,16.9889,16.9889,3973231
1997-01-06,17.0504,17.184,16.9275,17.184,17.184,3323135
1997-01-07,17.184,17.4395,17.0504,17.4064,17.4064,4297482
1997-01-08,17.4707,17.5019,16.8963,17.1508,17.1508,3648662
1997-01-09,17.2152,17.5966,17.1137,17.5634,17.5634,5779162
1997-01-10,17.2757,17.853,17.1508,17.853,17.853,6470225
1997-01-13,17.853,17.853,17.3078,17.5019,17.5019,3808066
1997-01-14,17.5634,17.6629,17.3381,17.4707,17.4707,4138715
1997-01-15,17.4707,17.6961,17.3712,17.5966,17.5966,4286592
1997-01-16,17.6629,17.7673,17.3712,17.5966,17.5966,4132953
1997-01-17,17.5966,17.6961,17.184,17.3078,17.3078,4777606
1997-01-20,17.3712,17.3712,17.0826,17.2434,17.2434,3201508
1997-01-21,17.0826,17.4707,17.0504,17.3712,17.3712,3594564
1997-01-22,17.4064,17.5019,17.0504,17.2434,17.2434,4377816
1997-01-23,17.2757,17.3712,16.9275,16.9576,16.9576,3906337
1997-01-24,17.021,17.021,16.7002,16.9889,16.9889,3993402
1997-01-27,17.1137,17.1137,16.8963,17.021,17.021,4106067
1997-01-28,17.2152,17.2152,16.5997,16.7002,16.7002,3882965
1997-01-29,16.7344,17.1508,16.7002,17.1137,17.1137,3089797
1997-01-30,17.184,17.2757,17.021,17.184,17.184,4167843
1997-01-31,17.2152,17.2434,16.8963,17.0504,17.0504,4573391
1997-02-03,16.9889,17.0826,16.7958,17.021,17.021,3370193
1997-02-04,17.021,17.1137,16.9275,17.0826,17.0826,2792111
1997-02-05,17.1137,17.2434,16.8279,16.8582,16.8582,4378458
1997-02-06,17.1508,17.1508,16.6338,16.7958,16.7958,5157230
1997-02-07,16.9275,17.021,16.67,16.8963,16.8963,4147677
1997-02-10,16.9576,17.0504,16.7344,16.7344,16.7344,4672300
1997-02-11,16.8963,17.3078,16.8279,17.3078,17.3078,6014100
1997-02-12,17.4707,17.7673,17.4064,17.7673,17.7673,5497806
1997-02-13,17.7955,17.7955,17.5634,17.6961,17.6961,3121483
1997-02-14,17.6961,17.6961,17.3381,17.5634,17.5634,5079132
1997-02-18,17.6376,17.6775,17.2825,17.6073,17.6073,3264238
1997-02-19,17.6376,17.6376,17.3849,17.4132,17.4132,2801399
1997-02-20,17.0943,17.3849,16.9947,16.9947,16.9947,3462699
1997-02-21,17.026,17.3128,16.9576,17.3128,17.3128,3577928
1997-02-24,17.2825,17.3128,17.0943,17.1567,17.1567,2605819
1997-02-25,17.221,17.6775,17.1908,17.6376,17.6376,4437361
1997-02-26,17.6376,17.7078,17.0943,17.3508,17.3508,4116308
1997-02-27,17.3508,17.4132,17.0943,17.1908,17.1908,4049736
1997-02-28,17.0943,17.1567,16.67,16.7002,16.7002,4431274
1997-03-03,16.5471,17.026,16.4436,16.9947,16.9947,5789720
1997-03-04,17.026,17.1908,16.8329,16.8611,16.8611,5412340
1997-03-05,16.9576,16.9947,16.7402,16.9275,16.9275,4170407
1997-03-06,17.0562,17.3128,16.9576,17.221,17.221,7224993
1997-03-07,17.2825,17.2825,17.026,17.1264,17.1264,4396701
1997-03-10,17.1264,17.4522,17.1264,17.4522,17.4522,4931570
1997-03-11,17.5136,17.5136,17.2825,17.4132,17.4132,3283766
1997-03-12,17.4132,17.5136,17.1264,17.3128,17.3128,2793391
1997-03-13,17.2825,17.2825,17.0943,17.1567,17.1567,1981010
1997-03-14,17.2825,17.5439,17.1908,17.4522,17.4522,2679121
1997-03-17,17.3128,17.5136,17.1908,17.3849,17.3849,2611903
1997-03-18,17.3508,17.4824,17.2503,17.3128,17.3128,3503345
1997-03-19,17.4132,17.5439,17.3508,17.5439,17.5439,4288833
1997-03-20,17.6376,17.6775,17.3508,17.5761,17.5761,3599694
1997-03-21,17.738,17.9642,17.6775,17.9341,17.9341,4490173
1997-03-24,17.9955,18.2569,17.9642,18.2209,18.2209,5675125
1997-03-25,18.3914,18.6158,18.289,18.5437,18.5437,4501373
1997-03-26,18.5202,18.8392,18.4207,18.6763,18.6763,3954986
1997-03-27,18.7172,18.807,17.9642,18.0345,18.0345,6148860
1997-03-31,18.0949,18.1281,17.8053,18.0345,18.0345,6355633
1997-04-01,17.9955,17.9955,17.4132,17.8404,17.8404,4901163
1997-04-02,17.6775,17.738,17.3128,17.3508,17.3508,5889588
1997-04-03,16.9576,17.1264,16.3783,16.67,16.67,7890449
1997-04-04,16.6417,16.903,16.5071,16.8329,16.8329,4897322
1997-04-07,16.8611,16.9947,16.8025,16.8329,16.8329,4229943
1997-04-08,16.8611,16.903,16.7002,16.8611,16.8611,2490913
1997-04-09,16.903,17.0562,16.7704,16.903,16.903,2618626
1997-04-10,16.9275,16.9275,16.4778,16.7002,16.7002,2991201
1997-04-11,16.6417,16.6417,16.0575,16.1189,16.1189,3503664
1997-04-14,16.1189,16.5715,15.9911,16.5471,16.5471,4617567
1997-04-15,16.67,16.67,16.2837,16.5997,16.5997,2589819
1997-04-16,16.67,16.8329,16.3442,16.8329,16.8329,3002729
1997-04-17,16.67,16.8025,16.4778,16.4778,16.4778,2784108
1997-04-18,16.5471,16.9275,16.4778,16.7402,16.7402,3057782
1997-04-21,16.67,17.0943,16.6417,16.7704,16.7704,4325323
1997-04-22,16.8025,17.2503,16.8025,17.2503,17.2503,3471974
1997-04-23,17.3128,17.5136,17.1567,17.2503,17.2503,3356107
1997-04-24,17.5761,17.5761,17.026,17.1567,17.1567,3819908
1997-04-25,17.1264,17.1908,16.903,17.026,17.026,1814251
1997-04-28,16.903,17.221,16.903,17.0943,17.0943,2527407
1997-04-29,17.3508,17.5761,17.1908,17.5761,17.5761,3089797
1997-04-30,17.5439,17.8404,17.3128,17.738,17.738,5429303
1997-05-01,17.7078,17.7078,17.2825,17.6073,17.6073,3006246
1997-05-02,17.4824,17.8999,17.4824,17.8999,17.8999,3439648
1997-05-05,17.8999,18.289,17.6376,18.1633,18.1633,3891610
1997-05-06,18.1633,18.2569,17.9955,17.9955,17.9955,5475715
1997-05-07,18.0628,18.1895,17.9955,18.0345,18.0345,3560957
1997-05-08,17.9341,18.4207,17.8707,18.289,18.289,4256827
1997-05-09,18.3573,18.4812,18.1281,18.4812,18.4812,2948959
1997-05-12,18.4812,18.9036,18.3573,18.8392,18.8392,4300359
1997-05-13,18.6471,18.7787,18.5202,18.7787,18.7787,3291771
1997-05-14,18.807,18.807,18.5758,18.6763,18.6763,3578563
1997-05-15,18.6158,18.6158,18.2209,18.3573,18.3573,4066057
1997-05-16,18.3466,18.4441,18.2462,18.3466,18.3466,4885152
1997-05-19,18.3076,18.5007,18.2101,18.4441,18.4441,3652825
1997-05-20,18.2764,18.374,18.0511,18.374,18.374,3416603
1997-05-21,18.2764,18.3466,18.1447,18.3076,18.3076,3415004
1997-05-22,18.374,18.4441,18.0812,18.1447,18.1447,2665683
1997-05-23,18.1447,18.5387,18.1447,18.5387,18.5387,2867976
1997-05-27,18.4773,18.4773,18.2462,18.3466,18.3466,2512038
1997-05-28,18.3466,18.4773,18.2462,18.3076,18.3076,2284452
1997-05-29,18.3076,18.5007,18.2462,18.5007,18.5007,2505317
1997-05-30,18.4441,18.5701,18.2764,18.2764,18.2764,4877154
1997-06-02,18.3466,18.5007,18.1447,18.3076,18.3076,4131036
1997-06-03,18.2462,18.8021,18.1769,18.6334,18.6334,3613772
1997-06-04,18.6675,18.9319,18.4441,18.8324,18.8324,4740795
1997-06-05,18.8626,18.9319,18.6334,18.8021,18.8021,4020930
1997-06-06,18.7719,19.0888,18.7289,18.9036,18.9036,3393876
1997-06-09,18.9319,19.123,18.7289,18.7719,18.7719,3045943
1997-06-10,18.9319,19.1874,18.9036,19.1601,19.1601,5438908
1997-06-11,19.1874,19.5541,19.123,19.2859,19.2859,4323086
1997-06-12,19.3552,19.6116,19.3298,19.5541,19.5541,4561869
1997-06-13,19.4839,19.9374,19.4839,19.8448,19.8448,4422953
1997-06-16,19.8067,20.1686,19.8067,20.072,20.072,2707287
1997-06-17,20.0086,20.1003,19.8448,19.8721,19.8721,3025777
1997-06-18,19.7131,19.7453,19.3815,19.3815,19.3815,3440927
1997-06-19,19.3815,19.5112,19.3552,19.4205,19.4205,3190300
1997-06-20,19.4205,19.4839,19.2576,19.4497,19.4497,5767956
1997-06-23,19.3298,19.4205,18.9963,18.9963,18.9963,2708893
1997-06-24,19.123,19.3815,18.9426,19.3815,19.3815,2990247
1997-06-25,19.4029,19.5005,19.0254,19.2703,19.2703,3500462
1997-06-26,19.241,19.5824,19.0577,19.2859,19.2859,2825721
1997-06-27,19.2255,19.4205,18.9319,18.9963,18.9963,2773541
1997-06-30,19.0577,19.4497,18.9036,19.2995,19.2995,3678753
1997-07-01,19.4205,19.6927,19.2068,19.6927,19.6927,3503027
1997-07-02,19.6927,19.7618,19.4497,19.6819,19.6819,3109320
1997-07-03,19.8281,19.8721,19.5931,19.8067,19.8067,2578615
1997-07-07,19.7931,19.954,19.6927,19.7131,19.7131,3850641
1997-07-08,19.7131,19.7931,19.5931,19.7804,19.7804,2474271
1997-07-09,19.6819,19.6927,19.1874,19.4205,19.4205,4143196
1997-07-10,19.4497,19.5717,19.3385,19.4839,19.4839,3657306
1997-07-11,19.3552,19.8623,19.3552,19.7804,19.7804,2342394
1997-07-14,19.9091,19.9374,19.6634,19.7931,19.7931,3257204
1997-07-15,19.7931,20.0573,19.6819,20.0086,20.0086,3885845
1997-07-16,20.0359,20.27,19.954,20.2496,20.2496,3317057
1997-07-17,20.2057,20.3003,20.1383,20.2057,20.2057,3700196
1997-07-18,20.1686,20.1686,19.5931,19.7453,19.7453,3367952
1997-07-21,19.7131,19.7268,19.4205,19.5541,19.5541,2266210
1997-07-22,19.6634,20.3295,19.5824,20.27,20.27,2963677
1997-07-23,20.3627,20.3627,20.0359,20.0573,20.0573,2864133
1997-07-24,19.8448,20.0905,19.7131,20.072,20.072,2040869
1997-07-25,20.1003,20.5109,20.0905,20.3627,20.3627,2657674
1997-07-28,20.3003,20.7255,20.1003,20.4514,20.4514,3641305
1997-07-29,20.27,20.5948,20.27,20.5265,20.5265,2978405
1997-07-30,20.6279,20.8748,20.6279,20.7567,20.7567,3056183
1997-07-31,20.826,20.9196,20.5792,20.6279,20.6279,3966830
1997-08-01,20.5626,20.5948,20.1169,20.5265,20.5265,3074107
1997-08-04,20.4651,20.7567,20.43,20.7567,20.7567,2305900
1997-08-05,20.6279,20.8582,20.4925,20.8582,20.8582,2466903
1997-08-06,20.6279,20.985,20.6279,20.9411,20.9411,4664298
1997-08-07,20.6953,20.826,20.3501,20.3627,20.3627,3255594
1997-08-08,20.2057,20.2886,20.0359,20.2886,20.2886,3948261
1997-08-11,20.3003,21.0688,20.3003,20.9001,20.9001,4840341
1997-08-12,20.8884,21.4122,20.8387,21.1011,21.1011,4695348
1997-08-13,21.1195,21.1332,20.4778,20.6279,20.6279,3854478
1997-08-14,20.6573,20.7431,20.3627,20.5109,20.5109,5018955
1997-08-15,20.4514,20.5265,20.1169,20.1589,20.1589,5041999
1997-08-18,20.0573,20.4241,19.9169,20.4241,20.4241,4110871
1997-08-19,20.4241,20.7636,20.3207,20.7636,20.7636,2738016
1997-08-20,20.7011,21.0142,20.7011,20.8504,20.8504,2128575
1997-08-21,20.9791,20.9791,20.6075,20.7217,20.7217,2788589
1997-08-22,20.4241,20.9196,20.1754,20.9001,20.9001,2563895
1997-08-25,20.8123,21.0494,20.4514,20.6689,20.6689,2760423
1997-08-26,20.4378,20.6689,20.4085,20.5861,20.5861,2438098
1997-08-27,20.7011,21.0951,20.6075,21.0327,21.0327,3546877
1997-08-28,21.0494,21.1118,20.6816,20.7987,20.7987,3343943
1997-08-29,20.6689,20.6689,20.3578,20.3695,20.3695,3388753
1997-09-02,20.391,21.1615,20.391,21.1459,21.1459,5525331
1997-09-03,21.1459,21.1615,20.6689,21.0951,21.0951,4496894
1997-09-04,20.8826,21.0951,20.8319,21.0142,21.0142,2590778
1997-09-05,21.0494,21.1615,20.6075,20.6202,20.6202,3379794
1997-09-08,21.0494,21.3615,21.0142,21.2298,21.2298,6861369
1997-09-09,21.1801,21.6745,21.1459,21.4756,21.4756,4332369
1997-09-10,21.5438,21.7009,21.3253,21.343,21.343,3487337
1997-09-11,21.3069,21.5565,21.0494,21.2562,21.2562,3557757
1997-09-12,21.1801,21.6892,21.0767,21.6745,21.6745,3610575
1997-09-15,21.6745,21.9877,21.6064,21.7204,21.7204,3196382
1997-09-16,21.7877,22.9074,21.7877,22.9074,22.9074,6201032
1997-09-17,22.9074,22.9377,22.5543,22.7943,22.7943,4453047
1997-09-18,22.805,23.4624,22.805,23.2799,23.2799,5201082
1997-09-19,22.7572,22.9894,22.6382,22.9679,22.9679,5846375
1997-09-22,22.8851,22.9377,22.3611,22.4032,22.4032,3759415
1997-09-23,22.3719,22.4948,22.2324,22.4812,22.4812,4340369
1997-09-24,22.4812,22.5758,22.1905,22.2451,22.2451,3918822
1997-09-25,22.3124,22.4139,21.658,21.7505,21.7505,7192659
1997-09-26,21.8179,21.971,21.7505,21.857,21.857,3667869
1997-09-29,21.8812,22.3953,21.8179,22.2324,22.2324,3345865
1997-09-30,22.1827,22.2637,21.857,21.857,21.857,3113479
1997-10-01,21.8812,22.3953,21.7692,22.3953,22.3953,3483499
1997-10-02,22.212,22.3611,22.0326,22.212,22.212,2459864
1997-10-03,22.5953,22.688,22.4314,22.5953,22.5953,5907513
1997-10-06,22.6743,23.1532,22.6743,23.1054,23.1054,3278323
1997-10-07,23.0362,23.3814,23.0195,23.3336,23.3336,3657944
1997-10-08,23.3336,23.3336,23.0195,23.0362,23.0362,4214576
1997-10-09,22.7943,22.9894,22.7748,22.8684,22.8684,3481258
1997-10-10,22.688,22.805,22.4646,22.5758,22.5758,2590137
1997-10-13,22.6382,22.8187,22.4314,22.4948,22.4948,1770396
1997-10-14,22.7445,22.7445,22.0012,22.4646,22.4646,2896782
1997-10-15,22.4812,22.9377,22.4314,22.805,22.805,2124415
1997-10-16,22.8684,23.1698,22.5065,22.6226,22.6226,3079870
1997-10-17,22.4314,22.5543,22.0997,22.0997,22.0997,3967472
1997-10-20,22.171,22.8851,22.1301,22.8851,22.8851,3054908
1997-10-21,22.9504,23.1054,22.5416,23.1054,23.1054,3662430
1997-10-22,23.0898,23.0898,22.6743,22.7445,22.7445,1997015
1997-10-23,22.2637,22.4646,21.971,21.971,21.971,3410199
1997-10-24,22.212,22.3437,21.8062,21.971,21.971,4137117
1997-10-27,21.8365,22.2324,20.783,21.0494,21.0494,3883284
1997-10-28,20.5861,21.6745,20.2057,21.6745,21.6745,7968231
1997-10-29,21.5058,21.6745,21.1801,21.2942,21.2942,5461634
1997-10-30,21.1118,21.5438,21.1118,21.1118,21.1118,4568912
1997-10-31,21.5702,21.8999,20.946,21.8179,21.8179,8558787
1997-11-03,22.1515,22.8187,22.1301,22.8187,22.8187,6983010
1997-11-04,22.7572,22.8401,22.4948,22.6743,22.6743,3187741
1997-11-05,22.5953,22.6119,22.2637,22.2988,22.2988,3104196
1997-11-06,22.1827,22.3281,22.0111,22.171,22.171,2927833
1997-11-07,21.8812,21.971,21.4386,21.971,21.971,2940957
1997-11-10,22.0012,22.1301,21.6745,22.05,22.05,2664723
1997-11-11,22.05,22.3124,21.9877,22.2988,22.2988,1934285
1997-11-12,22.0833,22.2451,21.5438,21.5438,21.5438,2722652
1997-11-13,21.7379,21.8725,21.3069,21.5702,21.5702,2508193
1997-11-14,21.7009,22.2637,21.6385,22.0833,22.0833,3189338
1997-11-17,22.3124,22.5416,21.971,22.0111,22.0111,4231224
1997-11-18,22.1866,22.1866,21.7458,21.8775,21.8775,3008810
1997-11-19,21.9399,21.971,21.7244,21.8062,21.8062,2036390
1997-11-20,21.971,22.3349,21.8179,22.3057,22.3057,2810996
1997-11-21,22.4197,22.4812,22.1379,22.3885,22.3885,2786991
1997-11-24,22.1983,22.2578,21.8179,21.9506,21.9506,2553647
1997-11-25,22.0189,22.0569,21.2151,21.3897,21.3897,4228024
1997-11-26,21.8365,21.8365,21.0767,21.1459,21.1459,4516420
1997-11-28,21.1742,21.3253,21.0767,21.2445,21.2445,1556263
1997-12-01,21.0074,21.2249,20.7431,21.0951,21.0951,5029198
1997-12-02,20.9245,21.1742,20.7148,20.7929,20.7929,5034319
1997-12-03,20.7255,20.9938,20.5998,20.8123,20.8123,8361295
1997-12-04,20.9245,20.9245,20.4514,20.5626,20.5626,4894121
1997-12-05,20.4925,21.1615,20.4925,20.9938,20.9938,4717112
1997-12-08,21.1615,21.2445,20.8943,21.0327,21.0327,4640934
1997-12-09,20.9245,20.9938,20.6621,20.7929,20.7929,3025777
1997-12-10,20.7255,20.946,20.5334,20.7255,20.7255,3067073
1997-12-11,20.7255,20.7636,20.4105,20.5471,20.5471,3076988
1997-12-12,20.5471,20.5471,19.9472,20.0019,20.0019,3773814
1997-12-15,20.072,20.4017,20.072,20.1803,20.1803,4059662
1997-12-16,20.3441,20.43,20.0145,20.072,20.072,3175897
1997-12-17,20.0496,20.1647,19.7999,19.8388,19.8388,4091666
1997-12-18,19.9042,20.0019,19.5376,19.6204,19.6204,3501424
1997-12-19,19.5863,19.7999,18.9426,19.6517,19.6517,6518238
1997-12-22,19.8505,20.072,19.6819,19.9209,19.9209,3887128
1997-12-23,19.9042,20.072,19.6683,19.7081,19.7081,3981872
1997-12-24,19.7804,20.072,19.7804,19.9608,19.9608,2060076
1997-12-26,19.9374,20.072,19.9042,19.9472,19.9472,1903235
1997-12-29,20.1169,20.5626,20.0905,20.5334,20.5334,3491502
1997-12-30,20.4651,20.8319,20.2817,20.6739,20.6739,3571525
1997-12-31,20.6621,20.946,20.3441,20.4017,20.4017,4493050
1998-01-02,20.27,20.6739,20.2496,20.6523,20.6523,4526022
1998-01-05,20.6621,20.6621,19.9608,20.0496,20.0496,6896580
1998-01-06,19.8662,19.9042,19.2703,19.5376,19.5376,10004617
1998-01-07,19.5717,20.2329,19.5005,20.2329,20.2329,7268841
1998-01-08,20.032,20.0905,19.3552,19.4692,19.4692,4711351
1998-01-09,19.1045,19.3298,18.7251,18.845,18.845,5762508
1998-01-12,18.2149,19.4692,17.9525,19.4253,19.4253,6862651
1998-01-13,19.4253,19.8662,19.2703,19.7697,19.7697,4704626
1998-01-14,19.8214,20.1003,19.6819,20.0019,20.0019,3819269
1998-01-15,20.1316,20.4017,20.1003,20.154,20.154,4129112
1998-01-16,20.3822,20.4514,20.1647,20.3295,20.3295,5700100
1998-01-20,20.3441,20.6621,20.27,20.6523,20.6523,3688993
1998-01-21,20.5471,20.7431,20.2817,20.4017,20.4017,4699830
1998-01-22,20.3295,20.3441,19.7081,19.9842,19.9842,4752960
1998-01-23,20.0496,20.072,19.4692,19.6039,19.6039,4014201
1998-01-26,19.6039,20.1003,19.6039,20.0145,20.0145,3842316
1998-01-27,20.0145,20.4017,19.9608,20.2496,20.2496,3447015
1998-01-28,20.1003,20.2329,19.6683,20.1647,20.1647,8078343
1998-01-29,20.1169,20.5109,20.1003,20.3822,20.3822,4360852
1998-01-30,20.1316,20.3627,19.7999,19.7999,19.7999,6164223
1998-02-02,19.8662,20.3207,19.8662,20.032,20.032,4039490
1998-02-03,19.8388,20.1803,19.8388,20.1169,20.1169,3754613
1998-02-04,20.1169,20.3207,20.0905,20.1316,20.1316,3459170
1998-02-05,20.2954,20.4925,20.1647,20.43,20.43,4710067
1998-02-06,20.43,20.5998,20.27,20.5792,20.5792,2440655
1998-02-09,20.6134,20.6739,20.2017,20.2496,20.2496,3777979
1998-02-10,20.2017,20.27,19.8214,20.0019,20.0019,7457373
1998-02-11,19.9608,20.4105,19.9374,20.2134,20.2134,5113698
1998-02-12,20.0905,20.4925,19.9374,20.4925,20.4925,3024172
1998-02-13,20.5471,20.6953,20.4836,20.6329,20.6329,3924577
1998-02-17,20.6621,20.7255,20.4514,20.5109,20.5109,3980270
1998-02-18,20.4437,21.0327,20.4241,21.0327,21.0327,5661044
1998-02-19,21.0074,21.1265,20.7255,20.9245,20.9245,5679613
1998-02-20,20.8582,21.1801,20.6953,21.1459,21.1459,4531140
1998-02-23,20.7929,21.0327,20.3441,20.5626,20.5626,4564434
1998-02-24,20.6739,21.1459,20.6279,21.0435,21.0435,6108527
1998-02-25,21.0562,21.343,20.9128,21.2298,21.2298,4540428
1998-02-26,21.2151,21.4931,21.1265,21.4297,21.4297,4568912
1998-02-27,21.4931,22.1134,21.3069,21.5937,21.5937,6783912
1998-03-02,21.6619,22.0997,21.6619,22.0443,22.0443,5380972
1998-03-03,22.0833,22.4646,22.0326,22.3611,22.3611,5743310
1998-03-04,22.3281,22.4314,22.0617,22.2988,22.2988,5292628
1998-03-05,22.0833,22.6626,22.0833,22.5758,22.5758,6269214
1998-03-06,22.645,22.6821,22.4139,22.5485,22.5485,4649894
1998-03-09,22.4812,22.5017,21.7955,21.8812,21.8812,5048724
1998-03-10,21.9252,22.3611,21.7623,22.3124,22.3124,5495244
1998-03-11,22.3719,22.5269,22.2637,22.4314,22.4314,4290757
1998-03-12,22.2324,22.2988,21.9955,22.0997,22.0997,3373070
1998-03-13,22.1515,22.3953,22.0443,22.1232,22.1232,4155363
1998-03-16,22.0997,22.1232,21.9447,22.1232,22.1232,3821832
1998-03-17,22.0326,22.0326,21.6131,21.9116,21.9116,5151149
1998-03-18,21.7244,22.3719,21.6326,22.3281,22.3281,5056403
1998-03-19,22.3953,22.4314,22.1769,22.3719,22.3719,3665306
1998-03-20,22.5269,23.4283,22.4646,23.1932,23.1932,12259621
1998-03-23,23.8935,24.0817,23.1932,23.1932,23.1932,8592076
1998-03-24,23.1288,23.1288,22.6119,22.8108,22.8108,5132906
1998-03-25,22.8791,23.0332,22.1769,22.3719,22.3719,5369131
1998-03-26,22.4139,22.7133,22.3953,22.5134,22.5134,5284304
1998-03-27,22.5758,22.6119,22.0326,22.1633,22.1633,3539835
1998-03-30,22.2812,22.3611,22.0111,22.1769,22.1769,2311656
1998-03-31,22.1769,22.3611,21.4122,21.4453,21.4453,6421893
1998-04-01,21.7244,22.0443,21.6619,22.0326,22.0326,5162671
1998-04-02,22.0443,22.3124,21.7955,22.2812,22.2812,3731569
1998-04-03,22.3124,22.3719,21.7623,21.8812,21.8812,5924474
1998-04-06,21.8812,21.8812,21.3615,21.3976,21.3976,4621083
1998-04-07,21.4297,21.696,21.343,21.5643,21.5643,4028286
1998-04-08,21.5438,21.5643,21.0327,21.1049,21.1049,4118544
1998-04-09,21.3253,21.6326,21.1615,21.4453,21.4453,4827540
1998-04-13,21.5126,21.5126,20.9634,21.0562,21.0562,4916848
1998-04-14,21.0767,21.2298,21.0074,21.0562,21.0562,4258108
1998-04-15,21.3829,21.5438,21.2445,21.3829,21.3829,5273102
1998-04-16,21.4297,22.3611,21.3615,22.3611,22.3611,7603011
1998-04-17,22.2988,22.2988,22.0997,22.2637,22.2637,4732476
1998-04-20,22.2988,22.5269,22.1905,22.3611,22.3611,4856350
1998-04-21,22.4314,22.8634,22.4139,22.6821,22.6821,4585234
1998-04-22,22.6821,22.6987,22.3281,22.4431,22.4431,2615743
1998-04-23,22.4314,22.6626,22.3611,22.5017,22.5017,5051600
1998-04-24,22.4314,22.4314,21.9447,22.0111,22.0111,3961068
1998-04-27,21.9955,22.8634,21.7769,22.2637,22.2637,4991744
1998-04-28,22.2812,22.2988,21.7623,21.975,21.975,3539835
1998-04-29,21.9955,22.5485,21.975,22.2324,22.2324,3232874
1998-04-30,22.2812,22.5017,22.0833,22.0833,22.0833,3776379
1998-05-01,22.2988,23.0996,22.2812,23.0615,23.0615,7232992
1998-05-04,23.0615,23.0859,22.845,23.0138,23.0138,3982191
1998-05-05,23.0859,23.1649,22.8634,23.0138,23.0138,4251388
1998-05-06,23.1796,23.1796,22.845,22.8791,22.8791,3519031
1998-05-07,22.845,22.8791,22.5017,22.5631,22.5631,2664723
1998-05-08,22.6304,22.8996,22.5485,22.6626,22.6626,1981972
1998-05-11,22.4646,22.9504,22.4646,22.6987,22.6987,2846851
1998-05-12,22.7133,22.9318,22.4646,22.5134,22.5134,3772541
1998-05-13,22.4812,22.6304,22.4139,22.5758,22.5758,2819959
1998-05-14,22.6304,23.0332,22.5017,22.9318,22.9318,4041409
1998-05-15,22.9318,22.9504,22.6119,22.6987,22.6987,4100942
1998-05-18,22.6626,22.726,21.9877,22.2384,22.2384,3963313
1998-05-19,22.2384,22.4197,21.932,22.1057,22.1057,4511295
1998-05-20,22.1057,22.2051,21.6512,21.9193,21.9193,3489900
1998-05-21,22.0373,22.0676,21.6512,21.7204,21.7204,4141594
1998-05-22,21.7877,21.857,21.7204,21.7692,21.7692,3213025
1998-05-26,21.8999,21.9193,21.2502,21.2835,21.2835,4070861
1998-05-27,21.1118,21.6619,20.8055,21.4503,21.4503,5692737
1998-05-28,21.4834,21.581,21.2502,21.581,21.581,3636502
1998-05-29,21.4834,21.7204,21.4122,21.4834,21.4834,3410199
1998-06-01,21.4834,21.4834,21.1265,21.2502,21.2502,2750184
1998-06-02,21.343,21.3829,21.0951,21.2151,21.2151,5434423
1998-06-03,21.2151,21.4834,21.1615,21.2298,21.2298,3449250
1998-06-04,21.3702,21.8365,21.343,21.5497,21.5497,4105106
1998-06-05,21.6814,22.1866,21.6814,22.1866,22.1866,3280563
1998-06-08,22.1866,22.2051,21.7204,21.7877,21.7877,2207638
1998-06-09,21.857,21.8725,21.5204,21.5204,21.5204,2822198
1998-06-10,21.5331,21.8179,21.2835,21.3702,21.3702,4943733
1998-06-11,21.581,21.581,20.8582,20.9938,20.9938,3699557
1998-06-12,21.063,21.8812,20.8582,21.8812,21.8812,5807647
1998-06-15,21.6512,21.7204,21.3702,21.3702,21.3702,4391906
1998-06-16,21.3829,21.857,21.2835,21.857,21.857,4261307
1998-06-17,22.0189,22.7046,21.932,22.5065,22.5065,4850909
1998-06-18,22.5065,22.5065,21.9877,22.0373,22.0373,2734179
1998-06-19,22.1515,22.171,21.8179,21.8725,21.8725,4152483
1998-06-22,21.932,22.3057,21.9193,21.9877,21.9877,3179734
1998-06-23,22.3953,22.6226,22.2861,22.6119,22.6119,3224225
1998-06-24,22.7943,22.845,22.408,22.5953,22.5953,4459123
1998-06-25,22.8255,22.9318,22.5416,22.6382,22.6382,4229620
1998-06-26,22.6382,22.726,22.4734,22.489,22.489,2421776
1998-06-29,22.4558,22.5269,22.171,22.1866,22.1866,2195790
1998-06-30,22.5953,22.6929,22.2197,22.5269,22.5269,3905369
1998-07-01,22.5953,22.8634,22.5269,22.845,22.845,4940850
1998-07-02,22.8255,23.1123,22.6929,22.8938,22.8938,3772217
1998-07-06,22.8938,22.8938,22.6119,22.7572,22.7572,2858370
1998-07-07,22.5269,22.5416,22.0676,22.1866,22.1866,4071183
1998-07-08,22.2861,22.5269,22.2197,22.3661,22.3661,2450579
1998-07-09,22.3281,22.3437,21.6619,21.7877,21.7877,3383635
1998-07-10,21.9193,22.1057,21.6512,22.0189,22.0189,3104514
1998-07-13,22.0569,22.0569,21.5204,21.7505,21.7505,4287557
1998-07-14,21.7877,22.2384,21.7877,22.1057,22.1057,3706598
1998-07-15,22.1057,22.4363,21.932,22.3057,22.3057,3898653
1998-07-16,22.3544,22.4363,22.2051,22.3544,22.3544,2418890
1998-07-17,22.3953,22.4197,22.2384,22.2744,22.2744,2318061
1998-07-20,22.2861,22.3057,21.932,22.0569,22.0569,2867655
1998-07-21,22.1515,22.408,22.1379,22.2744,22.2744,3165012
1998-07-22,22.3057,22.6929,22.089,22.6226,22.6226,5130981
1998-07-23,22.6929,22.7046,21.8812,21.932,21.932,3636502
1998-07-24,22.3281,22.408,22.0189,22.3281,22.3281,3781178
1998-07-27,22.2744,22.9951,22.2197,22.9951,22.9951,7981356
1998-07-28,22.9737,23.1288,22.5953,23.0138,23.0138,7721437
1998-07-29,22.9951,23.0996,22.7445,23.0138,23.0138,6246805
1998-07-30,23.041,23.2136,22.8108,22.9435,22.9435,4559312
1998-07-31,22.8108,22.8108,22.1866,22.2197,22.2197,4674218
1998-08-03,22.2197,22.2197,21.6619,21.8179,21.8179,4833624
1998-08-04,22.1232,22.1232,21.063,21.063,21.063,6022742
1998-08-05,21.1265,21.1615,20.4592,21.1615,21.1615,6222795
1998-08-06,21.0951,21.1615,20.4592,20.6953,20.6953,4001721
1998-08-07,20.6953,21.4834,20.6378,20.8055,20.8055,5590951
1998-08-10,20.9791,20.9791,20.3578,20.3578,20.3578,4140315
1998-08-11,20.5861,21.4834,20.391,21.343,21.343,8878555
1998-08-12,21.3702,21.581,21.1801,21.4834,21.4834,5764115
1998-08-13,21.4834,22.0373,21.4297,21.4649,21.4649,5184114
1998-08-14,21.4989,21.7692,21.4503,21.5497,21.5497,4971581
1998-08-17,21.5204,21.8812,21.343,21.8004,21.8004,4178092
1998-08-18,21.7623,21.9193,21.6326,21.8131,21.8131,3106117
1998-08-19,21.932,21.932,21.7458,21.8648,21.8648,3346496
1998-08-20,21.8812,22.0676,21.6619,21.8131,21.8131,5429628
1998-08-21,21.7009,21.8648,21.2365,21.7244,21.7244,3987954
1998-08-24,21.8131,21.8131,21.1664,21.3205,21.3205,4024126
1998-08-25,21.457,21.6814,21.021,21.1879,21.1879,4647650
1998-08-26,21.1401,21.1401,20.5626,20.7304,20.7304,6394043
1998-08-27,20.5948,20.9001,20.3207,20.4592,20.4592,4957819
1998-08-28,20.4437,21.0006,20.3753,20.391,20.391,4931889
1998-08-31,20.5948,21.0327,20.072,20.072,20.072,6047707
1998-09-01,20.0019,20.8689,20.0019,20.4925,20.4925,7329974
1998-09-02,20.8504,20.8689,20.0203,20.0905,20.0905,5092895
1998-09-03,19.8135,20.5265,19.7804,20.5109,20.5109,4886441
1998-09-04,20.985,21.4756,20.9001,21.1011,21.1011,6970518
1998-09-08,21.343,21.7145,21.2756,21.6814,21.6814,6276250
1998-09-09,21.6814,21.971,21.6326,21.7458,21.7458,5960326
1998-09-10,21.6814,22.05,21.6326,21.6814,21.6814,5737547
1998-09-11,21.8999,22.6119,21.6814,22.3544,22.3544,5630642
1998-09-14,22.6929,22.729,22.3281,22.3544,22.3544,4281795
1998-09-15,22.2744,22.4314,22.1174,22.3953,22.3953,3060669
1998-09-16,22.3953,22.4646,21.8999,22.4246,22.4246,3711401
1998-09-17,22.4363,22.4734,22.0189,22.0833,22.0833,3649305
1998-09-18,22.0373,22.5953,21.7009,22.5953,22.5953,7299246
1998-09-21,22.4734,22.6929,22.1515,22.2861,22.2861,3282804
1998-09-22,22.2384,22.2578,21.7623,21.971,21.971,3156690
1998-09-23,22.2578,22.9504,22.1515,22.9504,22.9504,4214900
1998-09-24,22.9504,22.9806,22.2384,22.2744,22.2744,3033139
1998-09-25,22.3437,22.9504,22.2744,22.5953,22.5953,3956590
1998-09-28,22.7631,23.0362,22.4246,22.9679,22.9679,4201133
1998-09-29,23.0011,24.1168,22.729,23.8428,23.8428,10715206
1998-09-30,23.7481,23.7481,22.7826,22.7826,22.7826,6357558
1998-10-01,22.7631,23.4575,22.645,22.7631,22.7631,8533500
1998-10-02,23.0195,23.9286,22.7524,23.7481,23.7481,7371269
1998-10-05,23.95,24.2378,23.8136,24.0993,24.0993,8630488
1998-10-06,24.0993,24.0993,23.5433,23.7745,23.7745,6731738
1998-10-07,23.6458,23.7131,23.2371,23.6799,23.6799,5743627
1998-10-08,23.557,23.557,22.8108,23.3766,23.3766,5033361
1998-10-09,23.3941,23.4233,22.8791,23.2186,23.2186,3535676
1998-10-12,23.3532,23.4068,22.9152,23.0459,23.0459,3372111
1998-10-13,23.2371,23.3532,22.645,22.645,22.645,4827863
1998-10-14,22.7631,23.1863,22.729,22.7943,22.7943,5432183
1998-10-15,22.8323,23.5745,22.5269,23.2371,23.2371,6461585
1998-10-16,23.5433,23.6272,23.3532,23.557,23.557,6014747
1998-10-19,23.5745,23.8019,23.1054,23.3941,23.3941,5014793
1998-10-20,23.3941,23.8136,23.3532,23.6799,23.6799,4573073
1998-10-21,23.8019,23.8019,23.2,23.6458,23.6458,4341005
1998-10-22,23.3043,23.3043,22.0189,22.0833,22.0833,8427877
1998-10-23,22.0833,22.2578,21.421,21.932,21.932,7588607
1998-10-26,22.4363,22.5269,21.7623,21.7955,21.7955,5214206
1998-10-27,21.7244,22.05,21.4386,21.4386,21.4386,5516686
1998-10-28,21.4931,21.6443,21.2562,21.2756,21.2756,4354453
1998-10-29,21.2873,21.7955,21.2873,21.6443,21.6443,2765865
1998-10-30,22.1174,22.2197,21.971,22.0833,22.0833,4589078
1998-11-02,22.0833,22.489,21.9193,21.9877,21.9877,4186087
1998-11-03,21.9877,22.2384,21.6814,21.8812,21.8812,3307772
1998-11-04,21.9506,22.0189,21.4083,21.576,21.576,4377816
1998-11-05,21.5438,21.971,21.2365,21.971,21.971,5626797
1998-11-06,22.1515,22.6821,22.1057,22.5758,22.5758,4746562
1998-11-09,22.6304,22.6304,22.1379,22.3437,22.3437,3506550
1998-11-10,22.3437,22.4646,21.7819,21.8131,21.8131,4070861
1998-11-11,21.9506,21.971,21.5253,21.6443,21.6443,3810947
1998-11-12,21.7955,22.6929,21.7955,22.489,22.489,5831650
1998-11-13,22.7133,22.7133,22.1174,22.489,22.489,4440560
1998-11-16,22.4646,22.6929,22.2861,22.5543,22.5543,5632241
1998-11-17,22.5065,22.5543,21.8648,21.8812,21.8812,5215489
1998-11-18,22.0833,22.2578,21.7244,21.9955,21.9955,4292997
1998-11-19,22.1301,22.171,21.8433,21.9116,21.9116,4092625
1998-11-20,21.9955,22.1983,21.8812,22.0833,22.0833,4636130
1998-11-23,22.0833,22.0833,21.6199,21.9252,21.9252,4183848
1998-11-24,21.893,22.0111,21.6385,21.7458,21.7458,3821190
1998-11-25,21.9116,22.3057,21.857,21.9447,21.9447,4595478
1998-11-27,22.8001,23.3814,22.7709,23.3814,23.3814,7420561
1998-11-30,23.0011,23.0195,22.5758,22.8401,22.8401,7231070
1998-12-01,22.8684,23.0195,22.0997,22.3661,22.3661,5625839
1998-12-02,22.2744,22.3661,21.5867,21.9955,21.9955,4819863
1998-12-03,21.7244,22.1866,21.7244,21.8433,21.8433,3026096
1998-12-04,22.1174,22.4246,21.9447,22.3953,22.3953,3321217
1998-12-07,22.5269,22.7524,22.2197,22.4363,22.4363,2794991
1998-12-08,22.3953,22.9504,22.0997,22.5065,22.5065,4336204
1998-12-09,22.5416,24.0934,22.5416,23.5307,23.5307,10392240
1998-12-10,23.5814,23.756,22.9737,23.1054,23.1054,5420024
1998-12-11,23.2799,23.8066,23.0693,23.4624,23.4624,5496843
1998-12-14,23.0693,23.4624,22.8508,23.3999,23.3999,3723250
1998-12-15,23.0693,23.0693,22.5543,22.6626,22.6626,5135146
1998-12-16,22.8001,23.0693,22.5953,22.9737,22.9737,5565663
1998-12-17,22.8187,22.8187,22.1174,22.5543,22.5543,4586197
1998-12-18,22.645,22.6987,22.4948,22.6626,22.6626,5237889
1998-12-21,22.6626,23.0011,22.6626,22.9377,22.9377,5019592
1998-12-22,22.9737,23.1054,22.6626,22.8684,22.8684,3178773
1998-12-23,22.8684,23.2136,22.7524,23.2136,23.2136,2910859
1998-12-24,23.0693,23.3336,23.0693,23.123,23.123,1099499
1998-12-28,22.9377,23.3122,22.8001,23.2926,23.2926,2242209
1998-12-29,23.123,23.362,22.9737,23.2449,23.2449,2008542
1998-12-30,23.2615,23.3473,22.9504,22.9894,22.9894,3054908
1998-12-31,23.0195,23.0537,22.6119,22.645,22.645,2961117
1999-01-04,22.6821,23.0693,22.3281,22.408,22.408,4701108
1999-01-05,22.3953,22.408,22.0326,22.0833,22.0833,4183528
1999-01-06,22.3953,22.9894,22.1866,22.729,22.729,4076938
1999-01-07,22.5269,22.9377,22.5065,22.9074,22.9074,3385234
1999-01-08,22.9737,22.9894,22.5416,22.9201,22.9201,3028656
1999-01-11,22.9201,23.0693,22.6821,22.9737,22.9737,2995049
1999-01-12,22.9737,23.0195,22.3057,22.408,22.408,3966189
1999-01-13,22.1174,22.6119,22.1174,22.1983,22.1983,3539196
1999-01-14,22.2197,22.3281,21.6745,21.8131,21.8131,3245675
1999-01-15,21.8433,22.0997,21.7769,21.857,21.857,3613772
1999-01-19,21.9116,22.2197,21.8131,21.9955,21.9955,2826681
1999-01-20,22.171,22.3407,21.8433,21.8433,21.8433,4551949
1999-01-21,21.9116,22.0326,21.5702,21.5702,21.5702,4171367
1999-01-22,21.658,22.1515,21.4297,21.8433,21.8433,4568912
1999-01-25,21.7077,21.8433,21.6385,21.8131,21.8131,4496255
1999-01-26,21.7955,21.8131,21.537,21.7077,21.7077,4298120
1999-01-27,21.7458,21.7458,20.7713,20.8884,20.8884,4971581
1999-01-28,20.9577,21.2835,20.5626,20.6816,20.6816,3383635
1999-01-29,20.5471,20.5471,20.032,20.3374,20.3374,5426423
1999-02-01,20.4925,20.6329,20.0145,20.1169,20.1169,4220339
1999-02-02,19.9608,20.6523,19.9608,20.4651,20.4651,4280194
1999-02-03,20.4651,20.9196,20.3627,20.7499,20.7499,5351848
1999-02-04,20.8884,21.1615,20.6816,21.0074,21.0074,4298442
1999-02-05,21.1265,21.8812,21.0951,21.537,21.537,8864469
1999-02-08,21.5867,22.3661,21.4707,22.3281,22.3281,7182099
1999-02-09,22.2578,22.2744,21.6745,21.7769,21.7769,4141594
1999-02-10,21.696,21.9788,21.3829,21.4033,21.4033,3387158
1999-02-11,21.3702,21.6745,21.1946,21.658,21.658,5701058
1999-02-12,21.8433,22.0111,21.6385,21.8131,21.8131,3868564
1999-02-16,21.8306,22.05,21.3478,21.7077,21.7077,3921379
1999-02-17,21.6326,21.7379,21.2093,21.2942,21.2942,3048183
1999-02-18,21.3253,21.5702,20.9938,21.4649,21.4649,4433512
1999-02-19,21.1879,21.4453,21.0494,21.1664,21.1664,4445035
1999-02-22,21.1401,21.5438,20.9128,21.4453,21.4453,5850861
1999-02-23,21.4649,21.9056,21.3069,21.6814,21.6814,4209774
1999-02-24,21.7505,21.9447,21.4834,21.5438,21.5438,3679069
1999-02-25,21.5331,21.7505,21.5126,21.5994,21.5994,4329489
1999-02-26,21.6677,21.8258,21.1401,21.1527,21.1527,4227060
1999-03-01,21.1195,21.1195,20.7217,20.9245,20.9245,4249466
1999-03-02,21.0142,21.2756,20.826,20.826,20.826,3174293
1999-03-03,20.8464,21.5126,20.8464,21.4649,21.4649,3524790
1999-03-04,21.3976,22.0443,21.3253,21.8258,21.8258,4461680
1999-03-05,21.893,22.4812,21.893,22.3719,22.3719,5491719
1999-03-08,22.2197,22.6304,22.0833,22.3057,22.3057,4357656
1999-03-09,22.2744,22.3437,21.8258,21.9955,21.9955,4375582
1999-03-10,22.4246,22.9951,22.4139,22.9074,22.9074,5540054
1999-03-11,23.2517,23.9373,23.2186,23.4068,23.4068,10199548
1999-03-12,23.8193,23.9082,23.2869,23.3043,23.3043,6726931
1999-03-15,22.9951,23.2371,22.9074,23.2186,23.2186,4521537
1999-03-16,23.2,23.4867,23.1532,23.4867,23.4867,4671023
1999-03-17,23.4867,23.9179,23.4458,23.557,23.557,7236838
1999-03-18,23.6458,23.8369,23.5745,23.8019,23.8019,7173138
1999-03-19,23.9373,24.1803,23.8369,24.0759,24.0759,6875455
1999-03-22,24.1803,24.4359,23.9179,24.3188,24.3188,4846745
1999-03-23,24.0643,24.0934,23.9082,24.0428,24.0428,4846109
1999-03-24,23.9754,24.0047,23.5064,23.5238,23.5238,3237995
1999-03-25,23.5238,23.9179,23.2869,23.9179,23.9179,4069577
1999-03-26,23.9179,23.995,23.6117,23.8867,23.8867,3167894
1999-03-29,24.4007,24.8504,24.3402,24.6651,24.6651,6962196
1999-03-30,24.6455,24.6651,24.3402,24.4943,24.4943,3585608
1999-03-31,24.7128,24.7128,24.2495,24.427,24.427,4338129
1999-04-01,24.2992,24.5549,23.7677,23.8867,23.8867,3276406
1999-04-05,23.9082,24.9566,23.9082,24.9391,24.9391,3869850
1999-04-06,24.6728,24.742,24.3851,24.6455,24.6455,3013933
1999-04-07,24.6455,24.742,24.467,24.742,24.742,3659549
1999-04-08,24.7304,25.851,24.6923,25.7935,25.7935,6193032
1999-04-09,25.4872,25.8686,25.378,25.8686,25.8686,5775319
1999-04-12,25.8686,26.366,25.8296,26.2734,26.2734,5426108
1999-04-13,26.1427,26.2109,25.8813,26.0081,26.0081,5723145
1999-04-14,25.5184,25.6248,24.9176,25.0746,25.0746,5067923
1999-04-15,25.1819,26.6157,25.1819,26.3436,26.3436,6347634
1999-04-16,26.6918,27.2907,26.5504,27.2039,27.2039,6245524
1999-04-19,27.8389,28.8718,27.7423,28.0505,28.0505,10908545
1999-04-20,27.238,27.238,26.2617,26.7065,26.7065,7890127
1999-04-21,26.6918,26.9298,25.9398,26.5183,26.5183,5452672
1999-04-22,26.2442,27.238,25.5877,27.1044,27.1044,5836455
1999-04-23,27.158,27.158,26.3105,26.3797,26.3797,3124684
1999-04-26,26.2442,26.2617,25.7428,26.2617,26.2617,2919831
1999-04-27,26.2734,27.3941,26.2617,27.2234,27.2234,4485370
1999-04-28,27.1912,28.6854,27.158,28.306,28.306,6651717
1999-04-29,27.755,28.7362,27.5296,28.4904,28.4904,6909700
1999-04-30,28.4797,28.4797,27.2576,27.4488,27.4488,5132265
1999-05-03,27.4488,28.2153,27.4194,28.0855,28.0855,5344157
1999-05-04,28.0651,28.2739,27.5473,27.5999,27.5999,4683181
1999-05-05,27.5999,27.7247,26.8489,27.5296,27.5296,4654372
1999-05-06,27.2234,27.5999,26.5504,26.9181,26.9181,3990516
1999-05-07,26.7425,26.9483,25.8813,26.1067,26.1067,6013462
1999-05-10,26.1427,26.5347,25.9194,26.4821,26.4821,5543253
1999-05-11,26.9298,27.0869,26.5504,26.9873,26.9873,4099985
1999-05-12,26.9873,26.9873,25.8813,26.0558,26.0558,5324954
1999-05-13,25.8813,26.1621,25.7252,25.9867,25.9867,3326654
1999-05-14,26.0081,26.3319,25.694,25.9867,25.9867,3817671
1999-05-17,25.9867,26.447,25.897,26.3797,26.3797,2838202
1999-05-18,26.1691,26.2052,25.5136,25.6501,25.6501,6525917
1999-05-19,25.4424,25.9798,25.2297,25.4951,25.4951,5012551
1999-05-20,25.4064,26.1174,25.4064,25.9593,25.9593,3722603
1999-05-21,25.9105,26.0998,25.735,25.8744,25.8744,3093633
1999-05-24,25.9593,26.5183,25.1819,25.4424,25.4424,4732476
1999-05-25,25.4736,25.9934,25.2006,25.2006,25.2006,2960157
1999-05-26,25.5214,26.1495,25.5214,26.0491,26.0491,3449570
1999-05-27,25.89,25.89,25.456,25.7575,25.7575,3582729
1999-05-28,25.6813,25.8744,25.4951,25.6102,25.6102,2974564
1999-06-01,25.5624,25.5828,24.8387,25.0415,25.0415,4742399
1999-06-02,25.2006,25.5965,25.0258,25.4736,25.4736,4342931
1999-06-03,25.6501,26.1174,25.2297,25.3575,25.3575,4262909
1999-06-04,25.4248,25.5624,25.0074,25.3575,25.3575,3650587
1999-06-07,25.5136,25.5828,25.3741,25.4951,25.4951,3872727
1999-06-08,25.4951,25.7701,25.299,25.6813,25.6813,3683235
1999-06-09,25.4736,25.7701,25.299,25.6501,25.6501,3912093
1999-06-10,25.5418,25.8744,25.34,25.8237,25.8237,4358938
1999-06-11,26.0998,26.2052,25.5214,25.7701,25.7701,3101639
1999-06-14,26.0305,26.3055,25.89,26.2382,26.2382,3785658
1999-06-15,26.1691,26.8606,25.9798,26.5865,26.5865,5009033
1999-06-16,26.9298,26.9298,26.2928,26.5347,26.5347,3311292
1999-06-17,26.4138,26.447,25.6813,25.9447,25.9447,4340047
1999-06-18,25.9593,26.2549,25.735,25.8052,25.8052,5396653
1999-06-21,25.8744,25.8744,24.9391,25.1186,25.1186,3648984
1999-06-22,24.9615,25.0074,24.7001,24.9615,24.9615,3890014
1999-06-23,25.3156,25.8559,25.2874,25.6501,25.6501,5098335
1999-06-24,25.735,25.735,25.2297,25.3741,25.3741,3720365
1999-06-25,25.3156,25.3838,24.8854,24.9615,24.9615,3207586
1999-06-28,25.0074,25.0258,24.7684,24.7811,24.7811,4201453
1999-06-29,25.1303,26.0305,24.9918,25.9447,25.9447,6284579
1999-06-30,25.9798,26.7065,25.89,26.3252,26.3252,5940799
1999-07-01,26.725,26.8489,26.5347,26.7065,26.7065,4069577
1999-07-02,26.7065,26.7425,26.3933,26.6567,26.6567,2673997
1999-07-06,26.8303,27.4194,26.8303,27.2234,27.2234,4365661
1999-07-07,27.1912,27.6058,26.8606,27.6058,27.6058,4101587
1999-07-08,27.6925,27.9169,26.8811,27.1747,27.1747,4457844
1999-07-09,26.725,27.1747,26.725,26.9298,26.9298,3045300
1999-07-12,27.0537,27.4381,26.9669,27.399,27.399,2403850
1999-07-13,27.2234,27.2439,26.5865,26.8966,26.8966,2423372
1999-07-14,26.9298,26.9873,26.5865,26.6752,26.6752,2400967
1999-07-15,26.9483,27.279,26.7943,26.8489,26.8489,2748576
1999-07-16,26.8303,26.8303,26.3252,26.4821,26.4821,3224225
1999-07-19,26.3436,26.4304,26.0491,26.3436,26.3436,3267118
1999-07-20,26.3252,26.4997,25.7701,25.8364,25.8364,2769387
1999-07-21,25.735,26.0998,25.3741,26.0998,26.0998,3360266
1999-07-22,26.1349,26.1691,25.3838,25.9261,25.9261,3692836
1999-07-23,26.2246,26.2246,25.8744,25.9798,25.9798,2263647
1999-07-26,26.0491,26.4138,25.5214,25.5828,25.5828,3458532
1999-07-27,25.7175,25.8052,25.3575,25.3575,25.3575,4479609
1999-07-28,25.34,25.6999,25.2874,25.5418,25.5418,3851604
1999-07-29,25.4064,25.4736,25.2493,25.299,25.299,3023536
1999-07-30,25.456,25.8364,25.2697,25.2697,25.2697,3782459
1999-08-02,25.2874,25.6306,25.1819,25.2697,25.2697,2728737
1999-08-03,25.6813,25.7701,25.2297,25.7575,25.7575,3316416
1999-08-04,25.7701,26.1691,25.5418,25.9105,25.9105,4273151
1999-08-05,26.1495,26.4304,25.8744,26.4304,26.4304,5427704
1999-08-06,26.3933,26.7065,26.3055,26.5347,26.5347,3616976
1999-08-09,26.5865,26.7943,26.4997,26.7601,26.7601,2808442
1999-08-10,26.7425,26.9483,26.6752,26.8108,26.8108,3558081
1999-08-11,26.6918,26.6918,26.0491,26.603,26.603,4302599
1999-08-12,26.447,26.8489,26.1495,26.603,26.603,2817081
1999-08-13,26.6157,27.0537,26.4304,26.7943,26.7943,5355363
1999-08-16,26.5865,26.725,25.9798,26.5504,26.5504,2591741
1999-08-17,26.6157,26.6157,26.015,26.4138,26.4138,4847387
1999-08-18,26.3368,26.725,26.1691,26.3192,26.3192,4445035
1999-08-19,26.2978,26.5689,26.0725,26.3368,26.3368,4426792
1999-08-20,26.3719,26.5816,26.3719,26.4997,26.4997,4522501
1999-08-23,26.4997,26.7552,26.2481,26.7425,26.7425,5733070
1999-08-24,26.6831,26.8811,26.5113,26.7425,26.7425,3257838
1999-08-25,26.7943,26.8606,26.1691,26.4997,26.4997,3224551
1999-08-26,26.3719,26.3719,25.656,25.8296,25.8296,6089965
1999-08-27,25.897,26.0558,25.7643,25.851,25.851,2732257
1999-08-30,25.7428,25.8686,25.4492,25.4492,25.4492,2686485
1999-08-31,25.6248,26.1691,25.6033,25.7252,25.7252,4447283
1999-09-01,25.851,25.9194,25.6248,25.694,25.694,3329219
1999-09-02,25.5361,25.6745,25.4316,25.6384,25.6384,2924623
1999-09-03,25.8686,26.2109,25.8686,26.1125,26.1125,2285412
1999-09-07,26.1818,26.3192,25.851,25.9651,25.9651,3897687
1999-09-08,26.3846,26.6694,26.0237,26.3192,26.3192,3710442
1999-09-09,26.4821,27.3502,26.4549,27.1912,27.1912,5729864
1999-09-10,27.1912,27.2439,26.6831,26.725,26.725,3007209
1999-09-13,26.6694,26.6694,26.0237,26.1125,26.1125,4138079
1999-09-14,26.0558,26.2676,25.7252,25.851,25.851,5629677
1999-09-15,25.8813,25.9544,25.6033,25.7252,25.7252,6212237
1999-09-16,25.8813,25.897,25.5555,25.6745,25.6745,2774191
1999-09-17,25.8686,26.0725,25.6248,25.9194,25.9194,5213568
1999-09-20,25.9398,25.9544,25.5877,25.6745,25.6745,1794084
1999-09-21,25.4004,25.4658,24.826,25.0142,25.0142,3808066
1999-09-22,25.4658,25.4658,24.9781,24.9781,24.9781,5235969
1999-09-23,25.222,25.5692,24.7879,24.8562,24.8562,3742765
1999-09-24,24.8562,25.0015,24.2992,24.5235,24.5235,3635861
1999-09-27,24.5821,25.0015,24.4749,24.8562,24.8562,2546923
1999-09-28,24.7879,24.7879,23.8428,24.427,24.427,3060985
1999-09-29,24.6679,25.1342,24.4749,24.5821,24.5821,3641621
1999-09-30,24.6113,24.826,24.3402,24.7353,24.7353,3565440
1999-10-01,24.7557,24.8445,24.3685,24.5821,24.5821,2992169
1999-10-04,24.7879,24.7879,23.9569,23.9676,23.9676,4013242
1999-10-05,24.0252,24.112,23.2371,23.5697,23.5697,6004501
1999-10-06,23.7745,24.427,23.5121,24.427,24.427,4784012
1999-10-07,24.2798,24.2798,23.7267,23.9139,23.9139,3084675
1999-10-08,23.8701,23.8828,23.3941,23.7939,23.7939,5262224
1999-10-11,24.2115,24.2992,24.0359,24.2115,24.2115,5088737
1999-10-12,24.232,24.5987,24.1988,24.5235,24.5235,4684144
1999-10-13,24.6679,24.7879,24.4543,24.4543,24.4543,4478969
1999-10-14,24.5235,24.7743,24.4943,24.5235,24.5235,2932630
1999-10-15,24.5235,24.7001,24.2115,24.6113,24.6113,6313701
1999-10-18,24.5422,24.9108,24.5119,24.8923,24.8923,3521908
1999-10-19,25.0142,25.0659,24.6113,25.0474,25.0474,3521591
1999-10-20,25.0893,25.656,25.0474,25.6384,25.6384,4848991
1999-10-21,25.6248,25.851,25.257,25.8296,25.8296,3768695
1999-10-22,25.851,26.2978,25.851,26.1242,26.1242,2911824
1999-10-25,26.1242,26.1242,25.0893,25.0893,25.0893,4477687
1999-10-26,24.4543,24.6514,24.1988,24.5235,24.5235,8323524
1999-10-27,24.5235,25.0659,24.5235,25.0474,25.0474,6093806
1999-10-28,25.0328,25.6248,25.0328,25.0474,25.0474,5586471
1999-10-29,25.1897,25.4492,24.8923,25.4492,25.4492,7316855
1999-11-01,25.2405,25.7428,25.2405,25.4804,25.4804,4434151
1999-11-02,25.4316,25.4492,24.7001,24.7353,24.7353,5066645
1999-11-03,25.0659,25.0659,24.629,24.826,24.826,3919779
1999-11-04,24.826,24.8445,24.5119,24.5987,24.5987,4022526
1999-11-05,24.7353,24.8055,23.8243,23.8243,23.8243,5009033
1999-11-08,24.0252,24.9108,24.0252,24.9108,24.9108,4633887
1999-11-09,24.9781,25.1683,24.6679,24.8747,24.8747,3887128
1999-11-10,24.8923,25.6033,24.8923,25.5184,25.5184,5467072
1999-11-11,25.5009,25.5009,25.0328,25.222,25.222,4880675
1999-11-12,25.1557,25.7643,24.8747,25.4658,25.4658,4642536
1999-11-15,25.4658,25.6248,25.2405,25.4658,25.4658,2694809
1999-11-17,26.2549,27.2039,26.2382,27.1044,27.1044,9520650
1999-11-18,26.6627,27.0478,26.5758,26.7318,26.7318,6418050
1999-11-19,26.3797,26.5056,25.89,26.1495,26.1495,3624337
1999-11-22,26.1495,26.2734,25.5067,25.577,25.577,4402467
1999-11-23,25.5184,25.5184,25.0142,25.1557,25.1557,4040767
1999-11-24,25.1557,25.4492,25.0015,25.3243,25.3243,5104738
1999-11-26,25.3078,25.3078,24.9781,24.9781,24.9781,2164741
1999-11-29,24.8055,25.0328,24.6514,24.8562,24.8562,4320522
1999-11-30,24.4885,25.4004,24.467,24.8562,24.8562,4039814
1999-12-01,24.9108,25.9593,24.6651,25.9593,25.9593,4528584
1999-12-02,25.7857,25.9447,25.257,25.5184,25.5184,4368860
1999-12-03,25.7496,26.0305,25.2775,25.5184,25.5184,3204061
1999-12-06,25.3448,25.735,25.3448,25.5418,25.5418,2617347
1999-12-07,25.5555,25.577,25.1342,25.1897,25.1897,5841251
1999-12-08,24.7684,25.5936,24.5549,25.4004,25.4004,5373292
1999-12-09,25.5418,25.9593,25.5418,25.8744,25.8744,3870807
1999-12-10,25.6813,25.7496,25.4004,25.4658,25.4658,4297482
1999-12-13,25.4492,25.4658,24.8562,25.1342,25.1342,5092255
1999-12-14,24.6651,25.222,24.6514,24.6514,24.6514,5788123
1999-12-15,24.8055,25.7496,24.8055,25.2405,25.2405,4027650
1999-12-16,25.2405,25.2405,24.9245,25.1,25.1,3946023
1999-12-17,25.0893,25.2405,24.5549,24.5549,24.5549,7308848
1999-12-20,24.5549,24.6923,23.8545,24.1764,24.1764,3802308
1999-12-21,23.9433,24.4212,23.8867,23.9813,23.9813,3874003
1999-12-22,24.0311,24.0993,23.6605,23.7813,23.7813,3491502
1999-12-23,24.0007,24.3315,23.5745,24.2621,24.2621,2805876
1999-12-27,24.0007,24.2621,23.557,23.7481,23.7481,3927140
1999-12-28,23.8369,24.3499,23.8369,24.2748,24.2748,3259757
1999-12-29,24.4885,24.6514,24.1374,24.1374,24.1374,2417289
1999-12-30,24.1764,24.5939,23.9813,24.0007,24.0007,2884298
1999-12-31,24.0496,24.3315,23.7813,24.3109,24.3109,1789925
2000-01-03,24.0993,24.0993,23.1756,23.4683,23.4683,7022055
2000-01-04,23.2799,23.6038,23.1532,23.4683,23.4683,5925437
2000-01-05,23.3122,24.2935,23.3122,23.8867,23.8867,8910570
2000-01-06,23.9433,25.0328,23.9433,24.9108,24.9108,6967318
2000-01-07,25.257,25.5067,24.9781,25.3448,25.3448,7181778
2000-01-10,25.2775,25.2775,24.6046,24.6651,24.6651,3368591
2000-01-11,24.6651,24.9449,24.4007,24.4289,24.4289,4467124
2000-01-12,24.4289,24.5939,24.0993,24.3499,24.3499,4789452
2000-01-13,24.2748,25.0474,24.1764,24.5753,24.5753,5206845
2000-01-14,24.0886,24.5352,24.0105,24.4212,24.4212,5878383
2000-01-18,24.5549,25.1186,24.4007,25.0659,25.0659,6909700
2000-01-19,24.9781,24.9781,24.622,24.6786,24.6786,8045365
2000-01-20,24.7499,24.7499,24.3626,24.5549,24.5549,5473156
2000-01-21,24.6651,25.222,24.6514,24.8562,24.8562,6318183
2000-01-24,25.1186,25.3624,24.6786,24.9245,24.9245,5660093
2000-01-25,24.9245,25.4004,24.5939,24.8562,24.8562,6169025
2000-01-26,25.0474,25.1897,24.2748,24.622,24.622,4290757
2000-01-27,24.508,24.5939,23.4527,23.6605,23.6605,5682809
2000-01-28,23.4527,23.4867,22.9737,23.1756,23.1756,6507356
2000-01-31,23.0332,23.557,22.6626,23.4683,23.4683,5858536
2000-02-01,23.3999,23.6945,23.1532,23.3473,23.3473,4179685
2000-02-02,23.2069,23.557,23.1357,23.1863,23.1863,5471556
2000-02-03,23.0459,23.1532,22.6304,22.8557,22.8557,5621998
2000-02-04,22.8001,22.8001,21.9955,22.05,22.05,6760546
2000-02-07,22.2051,22.4558,22.0111,22.1866,22.1866,5018316
2000-02-08,22.489,22.645,21.975,21.975,21.975,5709380
2000-02-09,22.0111,22.0833,21.0327,21.0494,21.0494,7685915
2000-02-10,21.2093,21.7291,21.0142,21.5565,21.5565,6133808
2000-02-11,21.7204,21.7877,20.2544,20.7713,20.7713,8033842
2000-02-14,20.826,21.1664,20.6621,20.7217,20.7217,8065855
2000-02-15,20.8943,21.8062,20.8943,21.7505,21.7505,9832089
2000-02-16,22.0062,22.3437,21.8812,22.0189,22.0189,7600764
2000-02-17,22.1134,22.1232,21.6677,22.0062,22.0062,5978890
2000-02-18,21.932,22.0062,21.457,21.5643,21.5643,5714180
2000-02-22,21.2445,21.5643,21.0142,21.417,21.417,5643764
2000-02-23,21.2249,21.2445,20.6075,20.7304,20.7304,6033629
2000-02-24,20.7499,20.8182,20.2017,20.2194,20.2194,8667300
2000-02-25,20.3822,20.5861,19.7931,20.112,20.112,10328226
2000-02-28,20.112,21.2151,20.0573,21.1011,21.1011,8158682
2000-02-29,21.1011,21.3478,20.787,21.1401,21.1401,6876413
2000-03-01,21.1011,21.4083,20.5588,21.301,21.301,7415437
2000-03-02,21.3332,21.9193,21.2151,21.417,21.417,6482395
2000-03-03,21.1011,21.3332,20.8182,21.1011,21.1011,7422157
2000-03-06,21.0688,21.1566,20.8582,20.946,20.946,4504255
2000-03-07,21.1011,23.2136,21.0825,22.925,22.925,8962417
2000-03-08,22.6821,23.8828,22.5699,22.9435,22.9435,11623616
2000-03-09,22.729,23.7745,22.5699,23.5638,23.5638,6893379
2000-03-10,23.6506,24.0007,22.4812,22.7524,22.7524,8617685
2000-03-13,22.9074,23.7062,22.5699,22.5885,22.5885,6675081
2000-03-14,22.6382,23.5307,22.4431,23.4575,23.4575,6736858
2000-03-15,23.4575,23.7745,22.8851,23.756,23.756,6011539
2000-03-16,23.5433,24.622,23.1171,23.8066,23.8066,8313283
2000-03-17,23.756,23.7745,23.2926,23.5814,23.5814,6803433
2000-03-20,23.6506,23.7939,23.1171,23.475,23.475,3649626
2000-03-21,23.4867,24.4826,23.4867,24.3402,24.3402,5675125
2000-03-22,23.9139,24.2681,23.3336,23.7745,23.7745,4471927
2000-03-23,23.4867,24.2875,23.2799,23.95,23.95,6718292
2000-03-24,23.989,24.3188,23.989,24.232,24.232,4505536
2000-03-27,23.8243,24.3051,23.3336,23.9286,23.9286,6040345
2000-03-28,23.6506,24.2681,23.5638,24.0252,24.0252,5218687
2000-03-29,24.0007,25.1897,23.9676,25.0474,25.0474,8492207
2000-03-30,25.2405,26.1067,25.2073,26.094,26.094,12520495
2000-03-31,26.1067,26.6752,26.0081,26.1621,26.1621,10053913
2000-04-03,26.2109,26.5347,25.897,26.1242,26.1242,5725063
2000-04-04,26.1973,26.3933,25.2931,25.4199,25.4199,12232740
2000-04-05,25.3624,25.6668,24.7304,24.7617,24.7617,4735997
2000-04-06,24.9058,25.4199,24.7128,25.1683,25.1683,3679396
2000-04-07,25.1683,25.1683,24.427,24.467,24.467,4602842
2000-04-10,24.1803,24.742,24.0934,24.3558,24.3558,3869204
2000-04-11,24.4992,25.3321,24.4992,25.1,25.1,5510927
2000-04-12,25.2775,25.5965,25.0328,25.1897,25.1897,4473841
2000-04-13,25.1683,25.1683,24.6046,24.6046,24.6046,8023283
2000-04-14,24.622,24.6455,24.1803,24.2495,24.2495,6032667
2000-04-17,24.0573,24.2495,23.2926,23.475,23.475,6374522
2000-04-18,23.4185,24.0428,23.2926,23.9286,23.9286,4817938
2000-04-19,23.8613,24.3734,23.756,23.989,23.989,4844505
2000-04-20,23.5307,24.427,23.5307,24.427,24.427,3561278
2000-04-24,24.1521,24.7128,24.0428,24.1295,24.1295,4798734
2000-04-25,24.1628,24.3928,23.7939,24.0007,24.0007,5130981
2000-04-26,24.3928,24.4992,24.1803,24.427,24.427,3289843
2000-04-27,24.427,25.1897,24.427,25.0328,25.0328,4634213
2000-04-28,24.742,25.0328,24.0934,24.0934,24.0934,4497537
2000-05-01,24.1988,25.0474,24.1988,24.427,24.427,4739201
2000-05-02,24.6728,25.456,24.6651,25.2775,25.2775,5694017
2000-05-03,25.3078,25.3078,24.7128,24.7128,24.7128,4471288
2000-05-04,24.7811,25.222,24.7811,25.0142,25.0142,3085950
2000-05-05,25.0893,25.6813,24.9245,25.6813,25.6813,3856405
2000-05-08,25.774,26.3055,25.6813,25.9867,25.9867,5268622
2000-05-09,25.9496,25.9651,25.1557,25.5136,25.5136,3188063
2000-05-10,25.3078,26.0081,25.3078,25.7175,25.7175,4282116
2000-05-11,25.7175,26.447,25.7175,26.4304,26.4304,5433468
2000-05-12,26.3192,26.6918,26.2109,26.6781,26.6781,5314069
2000-05-15,26.5504,26.8168,26.447,26.603,26.603,5341597
2000-05-16,26.603,26.603,26.0558,26.3055,26.3055,4929009
2000-05-17,25.8686,26.1349,25.6745,26.0305,26.0305,4806419
2000-05-18,26.0998,26.2382,25.7643,25.897,25.897,2830201
2000-05-19,25.9398,26.7737,25.851,26.5943,26.5943,4429675
2000-05-22,26.7425,27.043,26.5943,26.8108,26.8108,5376810
2000-05-23,26.6986,26.6986,26.0998,26.5758,26.5758,3898974
2000-05-24,26.6109,26.9181,26.4334,26.8606,26.8606,5490444
2000-05-25,26.7552,26.7552,26.0628,26.5611,26.5611,4712945
2000-05-26,26.7425,26.7943,25.9651,26.0413,26.0413,3680674
2000-05-30,26.0628,26.1349,25.8101,26.0305,26.0305,3287927
2000-05-31,26.1691,26.6304,26.0998,26.3436,26.3436,4125596
2000-06-01,26.3436,26.3436,25.4951,25.9398,25.9398,3929378
2000-06-02,25.6501,25.8101,25.3078,25.8101,25.8101,7279405
2000-06-05,25.8686,26.0081,25.7252,25.7798,25.7798,4326289
2000-06-06,25.7935,26.5611,25.7798,26.4743,26.4743,4132315
2000-06-07,26.7552,26.7737,26.1349,26.3252,26.3252,4843227
2000-06-08,26.3436,26.5056,26.1691,26.3846,26.3846,3344581
2000-06-09,26.5056,26.5611,26.0803,26.2246,26.2246,5197879
2000-06-12,26.4549,26.9298,26.4334,26.4743,26.4743,7047340
2000-06-13,26.2246,26.3105,26.0628,26.1495,26.1495,5964164
2000-06-14,26.2382,26.9181,26.2382,26.5758,26.5758,6619386
2000-06-15,26.523,26.7737,26.2246,26.5427,26.5427,4708151
2000-06-16,26.4012,26.9873,26.4012,26.4334,26.4334,7826435
2000-06-19,26.5943,26.6304,25.7798,26.0413,26.0413,4889964
2000-06-20,26.0413,26.0413,25.5624,25.7252,25.7252,5663610
2000-06-21,25.6872,26.1865,25.5136,26.015,26.015,5619754
2000-06-22,26.1691,26.3846,25.4736,25.5214,25.5214,4037572
2000-06-23,25.5214,25.7935,25.4951,25.5828,25.5828,3301052
2000-06-26,25.5624,25.7935,25.2775,25.2931,25.2931,3510065
2000-06-27,25.3321,25.3321,25.1557,25.2073,25.2073,4943415
2000-06-28,25.1557,25.1897,24.8182,24.9615,24.9615,4638371
2000-06-29,24.7617,25.0659,24.6562,24.6923,24.6923,3814148
2000-06-30,24.6923,24.8318,24.1071,24.1764,24.1764,8339212
2000-07-03,24.2251,24.6923,24.192,24.4943,24.4943,2727773
2000-07-05,24.2437,24.2437,23.3941,23.5121,23.5121,7234270
2000-07-06,23.597,24.3402,23.597,23.8193,23.8193,5476035
2000-07-07,23.9373,24.2798,23.8701,23.9286,23.9286,4554183
2000-07-10,23.9569,24.2798,23.9373,23.9373,23.9373,3028339
2000-07-11,23.9813,24.9566,23.9813,24.7977,24.7977,4287235
2000-07-12,24.8182,24.8182,24.4212,24.4212,24.4212,5248453
2000-07-13,24.4612,24.4943,23.7326,23.9286,23.9286,6006737
2000-07-14,23.8496,23.8701,23.5697,23.8701,23.8701,4335567
2000-07-17,23.9373,24.0886,23.5502,23.5638,23.5638,4580119
2000-07-18,23.3941,23.7813,23.0693,23.2136,23.2136,6071396
2000-07-19,23.3396,23.4458,23.2615,23.3532,23.3532,3987954
2000-07-20,23.3766,23.3766,22.8001,22.8001,22.8001,4363736
2000-07-21,22.8001,22.8684,22.3719,22.3719,22.3719,5388649
2000-07-24,22.4314,22.5017,22.0373,22.0569,22.0569,7157128
2000-07-25,22.2324,22.2637,21.9056,22.0373,22.0373,6511515
2000-07-26,22.3719,22.5134,22.0373,22.0373,22.0373,8649054
2000-07-27,22.2324,23.123,22.212,23.0693,23.0693,7844999
2000-07-28,23.1591,23.479,22.8684,22.9679,22.9679,4598353
2000-07-31,22.8001,23.32,22.4314,22.5134,22.5134,4991104
2000-08-01,22.3719,22.8557,22.3719,22.4812,22.4812,4627807
2000-08-02,22.6158,22.8684,22.6158,22.7524,22.7524,5984332
2000-08-03,22.8684,23.0898,22.4812,22.8001,22.8001,4983424
2000-08-04,22.4314,22.8684,22.1232,22.6119,22.6119,5254217
2000-08-07,22.7133,23.2449,22.6929,23.0011,23.0011,3531515
2000-08-08,22.8001,23.0195,22.7133,22.9074,22.9074,3374030
2000-08-09,23.2235,23.7326,23.1054,23.5365,23.5365,6498713
2000-08-10,23.5502,24.0311,23.5502,23.9082,23.9082,4079180
2000-08-11,23.8867,24.1071,23.6945,23.9373,23.9373,4952696
2000-08-14,23.7326,24.1374,23.7326,24.0496,24.0496,4013242
2000-08-15,24.0886,24.2935,23.8019,23.8019,23.8019,3389720
2000-08-16,24.0252,24.5987,24.0252,24.5422,24.5422,5681534
2000-08-17,24.5422,25.2073,24.4485,25.0474,25.0474,4929645
2000-08-18,24.6173,24.9566,24.6173,24.7128,24.7128,4972227
2000-08-21,24.7557,25.0474,24.5549,24.9176,24.9176,2398730
2000-08-22,24.9839,25.1897,24.7743,24.8854,24.8854,3046580
2000-08-23,25.1683,25.7643,25.0474,25.5282,25.5282,7486824
2000-08-24,24.8854,24.9732,24.6679,24.7557,24.7557,4922287
2000-08-25,24.8689,25.1342,24.6173,24.9566,24.9566,4027329
2000-08-28,24.7353,25.2931,24.6679,24.9732,24.9732,2940957
2000-08-29,24.9566,25.1,24.6846,24.7001,24.7001,2759782
2000-08-30,24.6514,24.6846,24.4007,24.4485,24.4485,3019053
2000-08-31,24.5987,24.6846,24.2378,24.2748,24.2748,4176806
2000-09-01,24.3315,24.8689,24.3315,24.5549,24.5549,5244610
2000-09-05,24.7938,25.0474,24.5422,24.6846,24.6846,2755302
2000-09-06,24.8689,25.4736,24.8689,25.3156,25.3156,4471609
2000-09-07,25.7116,25.7116,25.34,25.3673,25.3673,5521488
2000-09-08,25.1,25.2649,24.7743,24.9001,24.9001,4386142
2000-09-11,24.9001,25.8559,24.9001,25.656,25.656,5567898
2000-09-12,25.5282,25.7116,25.2649,25.4424,25.4424,5411699
2000-09-13,25.4951,25.694,25.3156,25.456,25.456,4008757
2000-09-14,25.456,25.456,25.0815,25.1605,25.1605,2523242
2000-09-15,25.2073,26.2617,25.2073,25.9017,25.9017,11903373
2000-09-18,26.1067,26.5183,25.8559,25.8559,25.8559,8133075
2000-09-19,25.7428,25.7643,25.2931,25.2931,25.2931,6113327
2000-09-20,25.6745,26.0305,24.9001,24.9839,24.9839,11291046
2000-09-21,24.8854,24.9391,24.3109,24.508,24.508,7532592
2000-09-22,24.4485,24.8318,24.0428,24.1988,24.1988,7180492
2000-09-25,23.8428,24.0428,23.4233,23.7813,23.7813,7175375
2000-09-26,24.0643,24.3626,23.8613,23.9286,23.9286,6855291
2000-09-27,23.9676,24.5987,23.7872,24.5422,24.5422,5363684
2000-09-28,24.5422,24.6846,24.1295,24.1705,24.1705,5870706
2000-09-29,24.3315,24.9566,24.3315,24.4885,24.4885,4328206
2000-10-02,24.7557,25.1557,24.6679,24.9001,24.9001,3712043
2000-10-03,25.0474,25.2073,24.8318,24.9566,24.9566,3881368
2000-10-04,25.1342,25.1557,24.2748,24.3626,24.3626,4626847
2000-10-05,24.3626,24.6514,23.9676,24.5549,24.5549,4767684
2000-10-06,24.5549,25.0474,24.0759,24.2378,24.2378,4068941
2000-10-09,24.3626,24.8103,24.3626,24.7001,24.7001,2722652
2000-10-10,24.8504,25.2775,24.6173,25.0474,25.0474,4970620
2000-10-11,25.5478,25.5478,24.7187,24.8854,24.8854,9754946
2000-10-12,24.8854,25.4424,24.8689,25.0815,25.0815,14369957
2000-10-13,24.9001,24.9732,24.1295,24.1988,24.1988,6447501
2000-10-16,22.9806,23.5745,22.5485,23.557,23.557,28665332
2000-10-17,23.4107,23.8066,23.1932,23.8066,23.8066,13864220
2000-10-18,23.95,23.95,23.4867,23.7014,23.7014,7929500
2000-10-19,23.5189,23.8935,23.4107,23.6458,23.6458,6556005
2000-10-20,23.6458,24.0643,23.6272,23.9676,23.9676,8601999
2000-10-23,23.989,24.0252,23.5189,23.7131,23.7131,7393673
2000-10-24,23.9676,23.9676,23.557,23.6272,23.6272,9064847
2000-10-25,23.7014,23.8935,23.2682,23.4107,23.4107,6263767
2000-10-26,23.8428,23.8828,23.5014,23.557,23.557,9030274
2000-10-27,23.6799,23.6799,22.9806,23.0693,23.0693,4230261
2000-10-30,22.8001,23.5189,22.8001,23.4458,23.4458,5505488
2000-10-31,23.4458,23.7131,23.1357,23.5921,23.5921,5278228
2000-11-01,23.7745,24.1628,23.7131,23.7872,23.7872,5390575
2000-11-02,23.8066,23.8066,23.123,23.123,23.123,7117116
2000-11-03,23.3269,23.5365,23.0693,23.2869,23.2869,6702283
2000-11-06,23.2517,23.7872,23.1357,23.7131,23.7131,5589993
2000-11-07,23.7131,23.9676,23.4107,23.5745,23.5745,5359528
2000-11-08,23.7014,23.9286,23.7014,23.8428,23.8428,3759732
2000-11-09,23.95,24.1628,23.7745,23.95,23.95,4600278
2000-11-10,23.9676,24.3499,23.9676,24.1628,24.1628,6195592
2000-11-13,24.4289,24.508,23.7326,23.8828,23.8828,4526661
2000-11-14,23.8935,24.3626,23.8935,24.1988,24.1988,4881957
2000-11-15,24.4065,24.589,24.192,24.2992,24.2992,4134876
2000-11-16,24.2251,24.3851,24.0428,24.2798,24.2798,3188703
2000-11-17,24.0993,24.2621,23.9569,24.2437,24.2437,3223909
2000-11-20,24.4065,24.5352,24.2047,24.2251,24.2251,3011375
2000-11-21,24.2437,24.7353,24.1374,24.6046,24.6046,4722877
2000-11-22,24.6046,24.622,24.4065,24.5549,24.5549,3970666
2000-11-24,24.589,24.589,24.3188,24.4065,24.4065,1707661
2000-11-27,24.6455,24.6455,24.3188,24.5753,24.5753,3658266
2000-11-28,24.826,24.8923,24.622,24.8445,24.8445,8298877
2000-11-29,24.8445,24.8747,23.756,23.7745,23.7745,8564549
2000-11-30,23.9373,24.0428,23.3043,23.7062,23.7062,6529444
2000-12-01,23.8701,24.0252,23.6858,23.9179,23.9179,5499087
2000-12-04,23.8428,24.2621,23.8066,24.0252,24.0252,6283614
2000-12-05,24.4612,24.4612,23.6458,23.6858,23.6858,5025036
2000-12-06,23.7355,23.8066,23.1756,23.3043,23.3043,6166463
2000-12-07,23.4624,23.6858,23.3269,23.3532,23.3532,4213293
2000-12-08,23.2517,23.6117,22.9737,23.5365,23.5365,4846109
2000-12-11,23.557,23.7939,23.3269,23.5921,23.5921,6901064
2000-12-12,23.7745,23.8701,23.6117,23.6858,23.6858,4242748
2000-12-13,23.6117,23.9754,23.6117,23.8066,23.8066,5052886
2000-12-14,23.5921,23.6458,22.7445,22.8851,22.8851,7887564
2000-12-15,23.0898,23.2682,22.6577,22.6577,22.6577,12861390
2000-12-18,22.8401,23.5921,22.7748,23.3766,23.3766,8972661
2000-12-19,23.3269,23.8701,23.3269,23.4624,23.4624,6842165
2000-12-20,23.1756,23.1932,22.6382,22.7046,22.7046,7397515
2000-12-21,22.925,22.9737,22.6382,22.688,22.688,6772390
2000-12-22,22.8508,23.3766,22.7046,23.3396,23.3396,4895081
2000-12-26,23.6331,24.0252,23.4527,23.9754,23.9754,6979804
2000-12-27,24.0993,24.192,23.7939,24.0428,24.0428,4181286
2000-12-28,24.5753,24.9391,24.2621,24.826,24.826,8516216
2000-12-29,24.8562,25.1683,24.4436,24.4436,24.4436,5404976
2001-01-02,24.6651,25.1683,24.589,24.8747,24.8747,6333230
2001-01-03,24.6046,24.7353,23.7062,23.9179,23.9179,8530302
2001-01-04,23.6672,23.7355,23.1756,23.4107,23.4107,8825739
2001-01-05,23.4107,23.8243,23.3269,23.5921,23.5921,5502604
2001-01-08,23.5921,23.8428,23.4624,23.5365,23.5365,5262224
2001-01-09,23.5365,23.5745,23.0459,23.2303,23.2303,6121974
2001-01-10,23.2303,23.2517,23.0693,23.1932,23.1932,7003812
2001-01-11,23.4867,23.6331,23.3043,23.5745,23.5745,8215334
2001-01-12,23.5921,23.5921,23.0459,23.4283,23.4283,8239662
2001-01-16,23.4107,23.4527,23.0195,23.4527,23.4527,9587227
2001-01-17,23.2682,23.4283,22.9737,23.2303,23.2303,8915369
2001-01-18,23.1591,23.3269,22.9562,22.9951,22.9951,8074179
2001-01-19,22.8187,23.1591,22.7046,22.9562,22.9562,7628940
2001-01-22,22.7943,23.1357,22.7748,23.0459,23.0459,7712158
2001-01-23,23.0693,23.2136,22.7943,23.0332,23.0332,7723043
2001-01-24,23.2136,23.2303,22.8684,23.123,23.123,5230212
2001-01-25,23.1932,24.1168,23.1932,24.0817,24.0817,13437539
2001-01-26,24.0817,24.1764,23.7355,23.9179,23.9179,6625471
2001-01-29,23.6272,23.6858,23.4185,23.5921,23.5921,5065364
2001-01-30,23.5502,23.7677,23.4527,23.6945,23.6945,4208495
2001-01-31,23.9139,24.112,23.7131,24.112,24.112,5257738
2001-02-01,24.112,24.112,23.6117,24.1071,24.1071,4642850
2001-02-02,24.1071,24.1988,23.7355,23.8613,23.8613,4734075
2001-02-05,23.9676,24.1988,23.8935,23.9082,23.9082,5342561
2001-02-06,24.0428,24.6923,23.9139,24.5177,24.5177,10593258
2001-02-07,24.4065,24.4436,24.0428,24.1295,24.1295,7143687
2001-02-08,24.1295,24.5177,24.0681,24.3928,24.3928,6323949
2001-02-09,24.6387,25.0532,24.6387,24.8689,24.8689,6646273
2001-02-12,24.8923,25.0962,24.5352,25.0474,25.0474,7110077
2001-02-13,24.7938,24.8923,24.5352,24.8923,24.8923,5797405
2001-02-14,25.1683,25.2931,24.8923,25.0415,25.0415,8128595
2001-02-15,24.7938,24.9391,24.708,24.9108,24.9108,7466650
2001-02-16,25.1,25.5184,24.9566,25.2493,25.2493,9439668
2001-02-20,25.1752,25.4064,25.1069,25.2297,25.2297,6083241
2001-02-21,25.2297,25.4424,25.0074,25.0659,25.0659,8217576
2001-02-22,25.2073,25.3448,25.0659,25.1127,25.1127,6549605
2001-02-23,25.1127,25.1683,24.5422,24.6387,24.6387,6258650
2001-02-26,24.508,24.8689,24.3851,24.6679,24.6679,6703887
2001-02-27,24.6728,25.1303,24.6728,25.0015,25.0015,7477537
2001-02-28,25.0532,25.1605,24.8854,24.9839,24.9839,6895942
2001-03-01,24.9839,25.4064,24.9839,25.3321,25.3321,8379864
2001-03-02,25.378,25.8101,25.2649,25.7994,25.7994,8344329
2001-03-05,25.8853,26.4616,25.8853,26.366,26.366,10826279
2001-03-06,26.366,26.5427,26.2676,26.3846,26.3846,10386480
2001-03-07,26.5427,26.766,26.4939,26.6567,26.6567,6839281
2001-03-08,26.6567,27.121,26.5113,27.1152,27.1152,9287305
2001-03-09,27.1152,27.2576,26.8606,27.0635,27.0635,6030106
2001-03-12,27.0537,27.0702,26.7884,26.8674,26.8674,7169298
2001-03-13,26.8547,26.8547,26.2793,26.4304,26.4304,8460842
2001-03-14,26.0081,26.2676,25.9194,26.1174,26.1174,7476896
2001-03-15,26.1174,26.1865,25.5624,25.8744,25.8744,7011811
2001-03-16,25.5555,25.8443,25.4316,25.5214,25.5214,11207825
2001-03-19,25.6999,26.2246,25.6668,25.9798,25.9798,8539583
2001-03-20,26.0725,26.6157,25.9017,26.4334,26.4334,9556502
2001-03-21,26.2734,26.4138,25.9017,26.1621,26.1621,9427182
2001-03-22,26.1067,26.2549,24.8923,25.5214,25.5214,15142967
2001-03-23,25.2931,25.6668,25.0258,25.2931,25.2931,11845760
2001-03-26,25.6102,25.7175,25.2073,25.2122,25.2122,6065318
2001-03-27,25.4492,25.735,25.3624,25.6179,25.6179,8476849
2001-03-28,25.222,25.4248,25.0142,25.2649,25.2649,5702343
2001-03-29,25.0258,25.2122,24.8923,25.2073,25.2073,6222159
2001-03-30,25.4141,25.8686,25.3019,25.6102,25.6102,6252889
2001-04-02,25.6102,25.6999,25.1186,25.34,25.34,8713388
2001-04-03,25.2697,25.3673,24.6728,25.0893,25.0893,8588233
2001-04-04,25.0893,25.656,25.0893,25.5828,25.5828,8079623
2001-04-05,25.8744,26.2246,25.694,26.1621,26.1621,7828998
2001-04-06,25.8101,26.1067,25.6102,26.0237,26.0237,7087351
2001-04-09,26.1818,26.6918,26.1818,26.6918,26.6918,7129922
2001-04-10,26.8051,27.1152,26.8051,27.0752,27.0752,9557781
2001-04-11,26.7737,26.7737,26.3055,26.489,26.489,8112267
2001-04-12,26.489,26.7737,26.2928,26.7737,26.7737,5649522
2001-04-16,26.8362,27.359,26.7484,27.359,27.359,5913597
2001-04-17,27.3044,27.3044,26.9181,27.1961,27.1961,7348542
2001-04-18,26.9669,27.4048,26.6382,27.2634,27.2634,10548125
2001-04-19,27.0537,27.1804,26.7425,27.0537,27.0537,7620296
2001-04-20,27.0537,27.2439,26.9338,27.1961,27.1961,6960920
2001-04-23,27.3941,27.6798,27.3336,27.6302,27.6302,6927633
2001-04-24,27.6672,27.7111,27.2907,27.5052,27.5052,8461799
2001-04-25,27.6419,27.8389,27.3502,27.8047,27.8047,8361937
2001-04-26,27.9297,28.5654,27.8857,28.55,28.55,17207202
2001-04-27,28.55,28.5567,28.2349,28.4357,28.4357,9832730
2001-04-30,28.4357,28.5304,28.0621,28.1686,28.1686,7267877
2001-05-01,27.9169,28.1763,27.8184,28.1305,28.1305,9275784
2001-05-02,27.5541,27.8476,26.7484,26.8362,26.8362,11210707
2001-05-03,26.7601,26.8362,26.447,26.7484,26.7484,10147061
2001-05-04,26.8606,27.3044,26.7601,27.2313,27.2313,7318453
2001-05-07,27.4194,27.5052,27.0293,27.4789,27.4789,5103139
2001-05-08,27.2107,27.5541,27.0537,27.359,27.359,6030743
2001-05-09,27.5296,27.8349,27.4301,27.8349,27.8349,5276941
2001-05-10,27.8349,27.9725,27.5842,27.7726,27.7726,6445577
2001-05-11,27.7726,27.7726,27.3044,27.4254,27.4254,4934133
2001-05-14,27.4254,27.755,27.3941,27.5355,27.5355,7196504
2001-05-15,27.8184,27.8623,27.4945,27.8232,27.8232,7879567
2001-05-16,27.8232,28.1509,27.7726,27.9725,27.9725,6851447
2001-05-17,27.9725,28.1948,27.7726,28.1012,28.1012,5357285
2001-05-18,28.2232,28.7108,28.2095,28.6562,28.6562,7200662
2001-05-21,28.7821,28.9303,28.268,28.5304,28.5304,6952598
2001-05-22,28.4875,28.4904,27.9217,27.9217,27.9217,6288733
2001-05-23,27.993,28.0505,27.6233,27.6613,27.6613,5701697
2001-05-24,27.8184,27.8184,27.4868,27.6994,27.6994,4582357
2001-05-25,27.8857,27.9568,27.6369,27.6613,27.6613,8430116
2001-05-29,28.1948,28.423,28.0621,28.0621,28.0621,8947695
2001-05-30,28.1948,28.1948,27.8857,28.1461,28.1461,6626751
2001-05-31,27.9061,28.306,27.9061,28.2095,28.2095,7847558
2001-06-01,28.3432,28.43,28.1052,28.306,28.306,5624878
2001-06-04,28.4738,28.7986,28.4738,28.7908,28.7908,6865853
2001-06-05,28.7186,28.7986,28.5781,28.6924,28.6924,8893603
2001-06-06,28.3549,28.4163,28.1686,28.2426,28.2426,10046874
2001-06-07,28.2426,28.4904,28.1461,28.1988,28.1988,8424667
2001-06-08,28.3353,28.3353,28.1052,28.3217,28.3217,5062163
2001-06-11,28.4875,28.7547,28.4163,28.6367,28.6367,7891405
2001-06-12,28.6367,28.7821,28.4875,28.6611,28.6611,6286497
2001-06-13,28.7821,28.8981,28.4904,28.5304,28.5304,6744864
2001-06-14,28.4738,28.4738,28.0651,28.1012,28.1012,4955577
2001-06-15,27.9061,28.5021,27.9061,28.3958,28.3958,8015924
2001-06-18,28.3958,28.4407,28.0778,28.1052,28.1052,5923200
2001-06-19,28.1119,28.1831,27.8857,28.0505,28.0505,5507086
2001-06-20,27.9061,28.2866,27.7306,27.7482,27.7482,7287405
2001-06-21,27.7482,27.7667,27.121,27.4488,27.4488,12789376
2001-06-22,27.6369,27.8671,27.1912,27.8232,27.8232,8824145
2001-06-25,27.8857,28.0047,27.6419,27.8857,27.8857,6333863
2001-06-26,27.8184,28.0047,27.6165,27.8184,27.8184,7835390
2001-06-27,27.5687,27.5999,26.8108,26.8421,26.8421,8604554
2001-06-28,26.725,26.725,25.8296,26.0628,26.0628,13554697
2001-06-29,26.2793,26.6918,25.9593,26.5816,26.5816,9472950
2001-07-02,26.5758,26.5758,26.2734,26.523,26.523,8912479
2001-07-03,26.523,26.5544,26.3933,26.5427,26.5427,5084893
2001-07-05,26.5427,27.1804,26.5427,26.8168,26.8168,9511369
2001-07-06,27.0079,27.0079,26.4616,26.725,26.725,8179803
2001-07-09,26.725,26.725,26.2109,26.4402,26.4402,8147796
2001-07-10,26.4304,26.6567,26.0666,26.2549,26.2549,8464680
2001-07-11,26.1427,26.1427,25.5692,25.7496,25.7496,7891083
2001-07-12,25.851,26.1691,25.5624,26.1554,26.1554,8531582
2001-07-13,26.1554,26.5056,25.9867,26.2549,26.2549,6999009
2001-07-16,26.2871,26.4939,25.6033,25.7428,25.7428,6032986
2001-07-17,25.7643,25.9017,25.3624,25.5136,25.5136,7719201
2001-07-18,25.2775,25.5184,24.9918,25.4951,25.4951,8823820
2001-07-19,25.6248,25.7252,25.4141,25.5965,25.5965,8136914
2001-07-20,25.6384,26.2617,25.6384,26.1242,26.1242,10117610
2001-07-23,26.1691,26.1973,25.5555,25.7428,25.7428,6589936
2001-07-24,25.5184,25.6384,24.8923,25.0201,25.0201,6895942
2001-07-25,25.3838,26.2109,25.3321,26.1865,26.1865,13984573
2001-07-26,26.1865,26.4939,25.9798,26.447,26.447,9408299
2001-07-27,26.5689,26.7884,26.1621,26.7552,26.7552,5273416
2001-07-30,26.8421,26.9873,26.523,26.8811,26.8811,6000979
2001-07-31,26.8966,27.158,26.7182,26.8362,26.8362,9601628
2001-08-01,26.8869,27.0537,26.645,26.7737,26.7737,8830221
2001-08-02,26.8362,26.8674,26.6157,26.7425,26.7425,7409040
2001-08-03,26.6694,26.7484,26.3602,26.6304,26.6304,5147627
2001-08-06,26.5689,26.7425,26.4997,26.5427,26.5427,4391584
2001-08-07,26.6157,26.9054,26.6157,26.766,26.766,8309122
2001-08-08,26.8421,26.9629,26.4304,26.4334,26.4334,6761502
2001-08-09,26.4207,26.649,26.2549,26.603,26.603,7252519
2001-08-10,26.8001,27.1513,26.7884,26.9415,26.9415,10190268
2001-08-13,26.9629,27.1434,26.8869,26.9298,26.9298,8270707
2001-08-14,26.9298,27.0927,26.8966,27.0869,27.0869,7728164
2001-08-15,27.3502,27.6116,27.2439,27.5131,27.5131,8174364
2001-08-16,27.5199,27.5687,27.2731,27.5248,27.5248,8854228
2001-08-17,27.4789,27.5199,27.1366,27.2107,27.2107,6535845
2001-08-20,27.2313,27.2984,26.8966,27.0166,27.0166,7733926
2001-08-21,27.1961,27.1961,26.7425,26.7552,26.7552,7548600
2001-08-22,26.9629,27.5473,26.9259,27.1912,27.1912,13765955
2001-08-23,27.1912,27.4722,27.1697,27.2984,27.2984,5209086
2001-08-24,27.2984,27.5687,27.2166,27.4488,27.4488,4732476
2001-08-27,27.5355,27.6857,27.2439,27.2439,27.2439,4255228
2001-08-28,27.2439,27.2439,26.9415,26.9483,26.9483,4490173
2001-08-29,27.0976,27.3502,27.0927,27.1434,27.1434,8421792
2001-08-30,27.1434,27.3044,26.6109,26.7601,26.7601,9827615
2001-08-31,26.8001,26.9298,26.6781,26.8421,26.8421,5390253
2001-09-04,26.9415,27.2984,26.9415,27.0166,27.0166,8878555
2001-09-05,27.0927,27.0927,26.8547,27.0361,27.0361,8749240
2001-09-06,27.0079,27.2107,26.9298,27.1366,27.1366,9284745
2001-09-07,27.1434,27.5999,27.0166,27.3336,27.3336,15285083
2001-09-10,27.3181,27.3336,27.0819,27.121,27.121,9737665
2001-09-17,27.3541,27.3541,26.6781,26.6831,26.6831,16198929
2001-09-18,26.649,26.6781,25.9194,25.9593,25.9593,13203879
2001-09-19,25.9593,25.9593,24.5177,25.1127,25.1127,14506633
2001-09-20,24.9176,25.1127,24.6113,24.7557,24.7557,11380663
2001-09-21,24.7557,24.9312,23.9569,24.8504,24.8504,14984839
2001-09-24,24.8504,25.0074,23.8292,23.989,23.989,14884648
2001-09-25,23.9569,23.9813,23.3687,23.5745,23.5745,15669184
2001-09-26,23.6858,23.8066,23.2449,23.2996,23.2996,15371822
2001-09-27,23.4107,24.6923,23.2926,24.6923,24.6923,18334545
2001-09-28,24.622,25.0659,24.4436,25.0659,25.0659,12998069
2001-10-01,24.8055,24.8055,24.2748,24.7557,24.7557,10131694
2001-10-02,24.4289,25.34,24.3315,25.2931,25.2931,11545833
2001-10-03,25.2931,25.3624,24.8504,25.2649,25.2649,11064427
2001-10-04,25.2697,26.0305,25.2697,25.7643,25.7643,10043030
2001-10-05,25.9651,26.2549,25.694,26.1621,26.1621,11583609
2001-10-08,26.1621,26.6157,25.9593,26.3055,26.3055,8741556
2001-10-09,26.5427,27.0635,26.0998,26.8811,26.8811,17788161
2001-10-10,26.8869,27.7374,26.8811,27.6369,27.6369,15952782
2001-10-11,27.5687,27.6555,27.1961,27.5931,27.5931,17327229
2001-10-12,27.3502,27.4488,26.6627,26.9181,26.9181,18392801
2001-10-15,26.766,26.7884,25.9105,26.1621,26.1621,11222546
2001-10-16,26.1621,26.4402,25.8237,26.366,26.366,9374690
2001-10-17,26.527,26.6627,26.1865,26.3553,26.3553,7028456
2001-10-18,26.0725,26.1174,25.3448,25.4492,25.4492,10133610
2001-10-19,25.299,25.8744,25.0815,25.656,25.656,9955328
2001-10-22,25.6999,26.2481,25.4424,26.2481,26.2481,7982634
2001-10-23,26.1865,26.4304,25.4736,25.6102,25.6102,10203709
2001-10-24,25.694,25.7798,25.2931,25.7048,25.7048,8245744
2001-10-25,25.2493,26.0013,25.2122,26.0013,26.0013,10077922
2001-10-26,26.0013,26.3252,25.8296,26.2978,26.2978,10506189
2001-10-29,26.3846,26.4675,26.0998,26.3252,26.3252,9833692
2001-10-30,26.3252,26.4997,25.8559,26.3252,26.3252,11347382
2001-10-31,26.2617,26.6157,26.0491,26.1865,26.1865,12305719
2001-11-01,26.1865,26.6157,26.0491,26.5816,26.5816,8658971
2001-11-02,26.366,26.366,25.8686,25.8686,25.8686,8529019
2001-11-05,26.015,26.1349,25.7643,25.7643,25.7643,8465642
2001-11-06,25.6433,25.7643,25.4004,25.6745,25.6745,11191496
2001-11-07,25.6745,25.89,25.4064,25.8101,25.8101,10338145
2001-11-08,25.9544,26.0558,25.7175,25.9105,25.9105,10469383
2001-11-09,26.2481,26.527,26.1621,26.4675,26.4675,8900955
2001-11-12,26.2978,26.4997,26.0305,26.3933,26.3933,7307574
2001-11-13,26.5183,26.6831,25.9261,26.6752,26.6752,11036575
2001-11-14,26.366,26.527,25.7252,25.8237,25.8237,13045762
2001-11-15,25.2697,25.2697,24.5939,24.9781,24.9781,19471495
2001-11-16,24.9781,25.0893,24.6514,24.8747,24.8747,17408855
2001-11-19,24.8747,24.9176,24.4436,24.7128,24.7128,12255461
2001-11-20,25.1897,25.89,25.1303,25.7935,25.7935,13324553
2001-11-21,26.0803,26.1495,25.4736,25.656,25.656,9848098
2001-11-23,25.218,25.89,25.1186,25.8052,25.8052,4451761
2001-11-26,25.378,25.5184,25.0659,25.4004,25.4004,8377618
2001-11-27,25.2493,25.6384,25.142,25.5214,25.5214,9062286
2001-11-28,25.3575,25.6033,25.2073,25.2073,25.2073,8058173
2001-11-29,25.34,25.5418,25.1557,25.4736,25.4736,5270219
2001-11-30,25.456,25.6248,25.2006,25.34,25.34,7136646
2001-12-03,25.3448,25.9105,25.142,25.7701,25.7701,9172713
2001-12-04,25.7701,25.9017,25.5136,25.8813,25.8813,9061646
2001-12-05,26.0803,26.2324,25.9798,26.0803,26.0803,10103526
2001-12-06,26.2324,26.2324,25.5214,25.6306,25.6306,7470492
2001-12-07,25.6306,26.1125,25.4609,26.0081,26.0081,6591218
2001-12-10,25.897,26.0558,25.6033,25.6745,25.6745,7099835
2001-12-11,25.6745,25.9398,25.3448,25.3673,25.3673,6728536
2001-12-12,25.6384,25.6384,25.3448,25.5184,25.5184,8559109
2001-12-13,25.5184,25.6248,24.9732,25.1186,25.1186,9900588
2001-12-14,25.1605,25.3078,24.9781,25.0415,25.0415,10805157
2001-12-17,25.1186,25.5418,24.9176,25.5214,25.5214,10154735
2001-12-18,25.4248,25.7575,25.4141,25.7116,25.7116,7147850
2001-12-19,25.6384,26.1427,25.6306,26.0803,26.0803,10242440
2001-12-20,26.3055,26.3192,25.9593,26.0558,26.0558,6628670
2001-12-21,26.2178,26.4997,26.2052,26.4138,26.4138,12086777
2001-12-24,26.4138,26.5991,26.3846,26.3933,26.3933,3262317
2001-12-26,26.5758,27.0293,26.5183,26.5865,26.5865,6293220
2001-12-27,26.6627,27.0293,26.5427,26.9259,26.9259,7748016
2001-12-28,27.121,27.1434,26.7806,26.9629,26.9629,6543845
2001-12-31,26.8303,27.0361,26.6304,26.7123,26.7123,8099785
2002-01-02,26.7123,26.7123,26.2052,26.6752,26.6752,8031287
2002-01-03,26.6157,26.8168,26.5183,26.6781,26.6781,5570781
2002-01-04,26.7182,26.8547,26.6157,26.6157,26.6157,7808502
2002-01-07,26.6627,26.8303,26.6157,26.7425,26.7425,7452245
2002-01-08,26.8303,26.9746,26.3797,26.8421,26.8421,7902612
2002-01-09,26.6157,26.9746,26.3797,26.5689,26.5689,9544013
2002-01-10,26.3846,26.6304,26.2928,26.5183,26.5183,7245153
2002-01-11,26.4997,26.5183,26.0081,26.0558,26.0558,8090819
2002-01-14,26.0558,26.1554,25.851,26.0491,26.0491,8483892
2002-01-15,26.3055,26.5865,26.2324,26.5865,26.5865,8904479
2002-01-16,26.3192,26.3719,26.0666,26.0725,26.0725,6606583
2002-01-17,26.2109,26.2676,25.9398,26.0558,26.0558,5417139
2002-01-18,25.9934,26.1621,25.8744,25.8744,25.8744,6695565
2002-01-22,26.0558,26.1242,25.6668,25.8559,25.8559,6257369
2002-01-23,25.972,26.4012,25.9651,26.1621,26.1621,8133392
2002-01-24,26.1758,26.409,26.1691,26.2617,26.2617,6232723
2002-01-25,26.3797,26.5347,26.3055,26.4012,26.4012,5797405
2002-01-28,26.5865,26.5865,26.3719,26.4939,26.4939,7605891
2002-01-29,26.1621,26.1621,25.2297,25.3838,25.3838,19659379
2002-01-30,24.5939,24.8445,24.1764,24.7743,24.7743,22986043
2002-01-31,24.742,25.0367,24.7304,24.9781,24.9781,11085230
2002-02-01,24.8611,25.5184,24.8611,25.4492,25.4492,10037910
2002-02-04,25.2931,25.4064,24.9781,25.0142,25.0142,6640505
2002-02-05,24.7557,24.9781,24.4749,24.5489,24.5489,10569896
2002-02-06,24.589,24.9058,24.5352,24.8055,24.8055,8563910
2002-02-07,24.622,24.7304,24.3685,24.3685,24.3685,10312864
2002-02-08,24.4212,24.508,24.2554,24.4007,24.4007,7787378
2002-02-11,24.1568,24.8182,24.0886,24.7304,24.7304,7925660
2002-02-12,24.6846,24.8055,24.5352,24.5549,24.5549,8368017
2002-02-13,24.7304,24.8689,24.5177,24.7879,24.7879,7931418
2002-02-14,24.8055,25.0258,24.6786,24.8055,24.8055,9877546
2002-02-15,24.8923,25.0015,24.7001,24.7557,24.7557,8237102
2002-02-19,24.622,24.742,24.3851,24.5422,24.5422,6932110
2002-02-20,24.4992,24.5821,24.2935,24.5821,24.5821,7528114
2002-02-21,24.6846,25.0746,24.6514,24.6846,24.6846,8190046
2002-02-22,24.7128,25.1819,24.7001,25.1605,25.1605,10314140
2002-02-25,25.1069,25.4736,24.9566,25.222,25.222,9625634
2002-02-26,25.3741,25.4804,25.1819,25.3078,25.3078,6562093
2002-02-27,25.2297,25.5877,25.222,25.5555,25.5555,8641375
2002-02-28,25.5555,25.6745,25.34,25.3838,25.3838,8380818
2002-03-01,25.3838,25.7048,25.3156,25.7048,25.7048,9096218
2002-03-04,25.7116,25.9261,25.5214,25.9105,25.9105,7398154
2002-03-05,25.9105,26.0998,25.7048,25.9349,25.9349,6204237
2002-03-06,25.7643,26.4675,25.7643,26.4304,26.4304,8744440
2002-03-07,26.5347,26.7123,26.2324,26.649,26.649,10050713
2002-03-08,26.7484,26.7484,26.3055,26.3495,26.3495,12103746
2002-03-11,26.6694,26.9669,26.5758,26.7884,26.7884,8967861
2002-03-12,26.7884,26.9922,26.725,26.9415,26.9415,9540806
2002-03-13,27.0108,27.0537,26.8051,26.8811,26.8811,10085598
2002-03-14,26.8811,27,26.8303,26.9054,26.9054,7303728
2002-03-15,26.9483,27.1804,26.9259,27,27,10720971
2002-03-18,27.1152,27.2634,26.9669,27.1697,27.1697,7025251
2002-03-19,27.2984,27.5404,27.2576,27.2683,27.2683,7281965
2002-03-20,27.0166,27.2984,26.9669,27,27,6826483
2002-03-21,27.0108,27.279,26.9054,27.1747,27.1747,6215760
2002-03-22,27.0537,27.3541,26.7601,26.7943,26.7943,6448461
2002-03-25,26.7943,26.9054,26.5758,26.5758,26.5758,5323034
2002-03-26,26.725,26.9181,26.6567,26.7601,26.7601,6582576
2002-03-27,26.9483,27.3434,26.9298,27.2107,27.2107,7675351
2002-03-28,27.1288,27.4194,27.0537,27.1434,27.1434,6618425
2002-04-01,27.0478,27.2634,26.9669,26.9669,26.9669,6196236
2002-04-02,26.9669,27.3658,26.9669,27.3181,27.3181,7141125
2002-04-03,27.1697,27.1804,26.8966,27.0537,27.0537,9315798
2002-04-04,27.0293,27.0537,26.2442,26.3933,26.3933,7764975
2002-04-05,26.4304,26.4549,26.0803,26.1973,26.1973,7002209
2002-04-08,26.4138,26.7425,26.2793,26.5758,26.5758,8565833
2002-04-09,26.5183,26.5758,26.0803,26.2442,26.2442,6413252
2002-04-10,26.1427,26.4743,26.1242,26.3368,26.3368,6344111
2002-04-11,26.3368,26.4743,25.9867,25.9867,25.9867,6227280
2002-04-12,25.7175,25.7643,25.1186,25.2874,25.2874,12817538
2002-04-15,25.6745,25.9194,25.6306,25.6501,25.6501,7909015
2002-04-16,25.8364,26.2052,25.7701,26.0354,26.0354,6379636
2002-04-17,26.2178,26.4138,25.897,26.1427,26.1427,6029791
2002-04-18,26.3933,26.4549,25.9261,26.3055,26.3055,6183105
2002-04-19,26.0803,26.4549,26.0081,26.4549,26.4549,7164174
2002-04-22,26.3495,26.4997,25.89,26.0558,26.0558,6262809
2002-04-23,25.7048,26.1495,25.6033,26.1495,26.1495,8602961
2002-04-24,25.7496,25.9194,25.5418,25.5555,25.5555,6965721
2002-04-25,25.7643,26.0803,25.6501,25.8237,25.8237,8581836
2002-04-26,25.8296,25.9593,25.257,25.4316,25.4316,12077812
2002-04-29,25.5624,26.0998,25.4658,25.8101,25.8101,9049803
2002-04-30,26.1865,26.3436,26.0666,26.0666,26.0666,6387323
2002-05-01,26.0725,26.5183,25.9867,26.4549,26.4549,8472364
2002-05-02,26.4549,26.7182,26.1915,26.7182,26.7182,7990632
2002-05-03,26.8168,27.0869,26.766,26.9113,26.9113,10184503
2002-05-06,26.725,26.725,26.1427,26.1554,26.1554,7737447
2002-05-07,26.2481,26.5758,26.1242,26.3602,26.3602,6164863
2002-05-08,26.5183,26.7737,26.1067,26.7737,26.7737,11429961
2002-05-09,26.5347,26.6986,26.3797,26.5427,26.5427,8609046
2002-05-10,26.7182,26.725,26.3846,26.4402,26.4402,7658064
2002-05-13,26.2324,27.2039,26.1818,27.0869,27.0869,8047608
2002-05-14,27.1804,27.2107,26.9669,27.0293,27.0293,9012028
2002-05-15,26.7425,26.9873,26.6781,26.6781,26.6781,8490611
2002-05-16,26.725,27.1103,26.725,26.9669,26.9669,6942674
2002-05-17,26.8168,27.0869,26.7484,27.0108,27.0108,6253850
2002-05-20,26.8303,27.043,26.6781,26.8928,26.8928,7401037
2002-05-21,26.8928,27.2731,26.6109,26.6109,26.6109,8803018
2002-05-22,26.6157,27.0108,26.4675,26.9746,26.9746,7056304
2002-05-23,26.9746,27.2234,26.6986,27.1513,27.1513,5991697
2002-05-24,27.1513,27.2234,26.7318,27,27,5149226
2002-05-28,27.0108,27.0166,26.6304,26.6918,26.6918,5603747
2002-05-29,26.6627,26.7884,26.4939,26.6304,26.6304,6305702
2002-05-30,26.409,26.6627,26.2109,26.2978,26.2978,7160974
2002-05-31,26.3933,27.0293,26.3933,26.4334,26.4334,7603650
2002-06-03,26.649,26.649,26.2109,26.2109,26.2109,6735253
2002-06-04,26.2109,26.4549,26.0305,26.2978,26.2978,6191427
2002-06-05,26.2978,26.4138,25.9651,26.4138,26.4138,8470124
2002-06-06,26.6157,26.725,25.9349,26.0491,26.0491,7659665
2002-06-07,26.0491,26.4821,26.015,26.4334,26.4334,7779695
2002-06-10,26.3933,26.4304,26.015,26.1691,26.1691,7123843
2002-06-11,26.3319,26.3797,26.0491,26.1818,26.1818,6067228
2002-06-12,26.2871,26.4675,26.0725,26.2871,26.2871,8295999
2002-06-13,26.2871,26.7123,26.1495,26.3319,26.3319,6136376
2002-06-14,26.2871,26.3602,25.9194,26.2928,26.2928,7990954
2002-06-17,26.5183,26.8928,26.2871,26.8811,26.8811,7696155
2002-06-18,26.7123,26.8811,26.6157,26.7943,26.7943,6692689
2002-06-19,26.725,26.8606,26.2382,26.2382,26.2382,9618913
2002-06-20,26.5758,26.8303,26.4549,26.4616,26.4616,9251139
2002-06-21,26.1349,26.6567,26.1349,26.5611,26.5611,11219341
2002-06-24,26.7123,26.7425,26.2978,26.4304,26.4304,9309708
2002-06-25,26.8051,26.8168,26.0013,26.0558,26.0558,9292746
2002-06-26,25.9105,26.2871,25.7575,26.1349,26.1349,11212943
2002-06-27,26.1349,26.5943,26.0725,26.5504,26.5504,7405838
2002-06-28,26.6627,26.8928,26.5427,26.8168,26.8168,9826649
2002-07-01,26.8168,26.8966,26.5943,26.8489,26.8489,9158310
2002-07-02,26.8489,26.9415,26.4207,26.603,26.603,8439715
2002-07-03,26.5865,26.7484,26.1067,26.2734,26.2734,8440353
2002-07-05,26.5427,26.6304,26.2109,26.6304,26.6304,5720904
2002-07-08,26.5427,26.6986,26.2928,26.6918,26.6918,6943954
2002-07-09,26.6157,26.649,26.1691,26.3436,26.3436,6395326
2002-07-10,26.4821,26.4939,25.5214,25.7175,25.7175,11444050
2002-07-11,25.7175,25.89,25.0015,25.0415,25.0415,14667318
2002-07-12,25.1488,25.257,24.7557,25.0962,25.0962,12923808
2002-07-15,24.8923,24.9391,23.3687,24.467,24.467,16635527
2002-07-16,24.1628,24.5119,23.7014,24.0496,24.0496,13736181
2002-07-17,24.4065,24.7557,24.1628,24.3315,24.3315,11304810
2002-07-18,24.3928,24.5753,23.8019,23.8428,23.8428,9555860
2002-07-19,23.6672,23.7745,22.1174,22.5758,22.5758,19650736
2002-07-22,22.3349,22.6929,20.906,21.0688,21.0688,20520412
2002-07-23,21.1401,21.3976,20.2329,20.2886,20.2886,22344584
2002-07-24,20.2886,21.4989,19.8877,21.3897,21.3897,24890874
2002-07-25,21.1011,21.3829,20.7148,21.1195,21.1195,15878841
2002-07-26,21.1946,21.4649,20.8582,21.457,21.457,9981251
2002-07-29,21.8131,22.5543,21.6677,22.5358,22.5358,12073015
2002-07-30,22.1174,22.3485,21.6745,22.1174,22.1174,18109525
2002-07-31,21.971,22.726,21.7555,22.726,22.726,21119302
2002-08-01,22.3485,22.4558,21.1946,21.3829,21.3829,16073139
2002-08-02,21.5126,21.7877,21.1664,21.457,21.457,11813750
2002-08-05,21.457,21.7692,20.4836,20.6279,20.6279,10303578
2002-08-06,20.9411,21.7458,20.8689,21.3829,21.3829,10548764
2002-08-07,21.6512,21.9399,21.2562,21.8004,21.8004,7689756
2002-08-08,22.0569,22.6304,21.9447,22.5953,22.5953,9647403
2002-08-09,22.4197,22.9951,22.1057,22.8938,22.8938,8199333
2002-08-12,22.6519,22.8996,22.3349,22.7445,22.7445,6771748
2002-08-13,22.7357,23.1932,22.5358,22.8187,22.8187,9168549
2002-08-14,23.0138,23.4947,22.729,23.4527,23.4527,10457860
2002-08-15,23.6204,24.0184,23.5433,23.8019,23.8019,9678454
2002-08-16,23.5121,23.6506,23.3766,23.5189,23.5189,7299246
2002-08-19,23.3687,23.6945,23.2235,23.5064,23.5064,8756603
2002-08-20,23.2235,23.3999,22.6382,23.041,23.041,11743005
2002-08-21,23.1123,23.597,22.8851,23.5014,23.5014,10116649
2002-08-22,23.5745,24.1568,23.475,24.0681,24.0681,7558839
2002-08-23,23.8613,24.1295,23.6858,23.9813,23.9813,7039016
2002-08-26,23.8701,24.2935,23.6945,24.1803,24.1803,8089538
2002-08-27,24.2495,24.4612,23.8369,23.8828,23.8828,8100746
2002-08-28,23.6204,23.6799,23.2682,23.5433,23.5433,9951165
2002-08-29,23.3122,23.4683,23.0195,23.2615,23.2615,8786692
2002-08-30,23.0274,23.6858,23.0274,23.4283,23.4283,6530082
2002-09-03,23.0138,23.0195,22.0617,22.1379,22.1379,12717668
2002-09-04,22.3281,22.5269,21.4649,22.4695,22.4695,12300598
2002-09-05,22.2578,22.4646,21.9955,22.3719,22.3719,8008558
2002-09-06,22.7046,23.0138,22.5065,22.8401,22.8401,7143045
2002-09-09,22.8108,22.8401,22.5065,22.6304,22.6304,7812349
2002-09-10,22.7046,23.0898,22.688,23.041,23.041,7674070
2002-09-11,23.3941,23.3941,22.6577,22.7445,22.7445,6236881
2002-09-12,22.688,22.7631,22.2578,22.3544,22.3544,9670127
2002-09-13,22.0111,22.4363,21.9447,22.3719,22.3719,7038378
2002-09-16,22.3281,22.6626,22.1983,22.6304,22.6304,6723734
2002-09-17,22.5485,22.5485,21.6814,21.8179,21.8179,10319904
2002-09-18,21.8179,22.1057,21.4989,21.7877,21.7877,7041899
2002-09-19,21.6199,21.9056,21.3478,21.3829,21.3829,6529764
2002-09-20,21.6199,21.7077,21.4083,21.5702,21.5702,12496814
2002-09-23,21.417,21.6512,21.0951,21.3069,21.3069,8149715
2002-09-24,21.2093,21.301,20.9508,21.0074,21.0074,9433901
2002-09-25,21.0074,21.4989,20.8826,21.457,21.457,9006266
2002-09-26,21.7555,22.3953,21.7458,22.3798,22.3798,9803921
2002-09-27,22.2637,22.5017,21.5438,21.7009,21.7009,8597838
2002-09-30,21.7009,21.7009,20.8582,21.1742,21.1742,13924715
2002-10-01,21.3547,22.212,21.301,22.05,22.05,11616897
2002-10-02,21.9399,22.5699,21.6619,21.893,21.893,10373037
2002-10-03,22.0012,22.4363,21.8491,22.1174,22.1174,11328821
2002-10-04,22.3661,22.3661,21.5253,21.6814,21.6814,10234440
2002-10-07,21.9506,22.2324,21.5565,21.5565,21.5565,10704321
2002-10-08,21.6326,21.7555,21.1011,21.2835,21.2835,12002920
2002-10-09,21.0688,21.343,20.8319,20.9245,20.9245,9693175
2002-10-10,20.8387,21.8648,20.8387,21.8004,21.8004,9815447
2002-10-11,21.9506,22.2197,21.7692,22.0111,22.0111,7287405
2002-10-14,22.0111,22.2578,21.8004,22.212,22.212,6466383
2002-10-15,22.4812,22.729,22.3281,22.729,22.729,11227991
2002-10-16,22.729,22.9806,22.3281,22.5065,22.5065,7055667
2002-10-17,22.8401,22.9951,22.6304,22.7201,22.7201,8052736
2002-10-18,22.7046,22.9435,22.3885,22.9074,22.9074,7771377
2002-10-21,22.8108,23.0615,22.5836,22.7572,22.7572,6680839
2002-10-22,22.3798,22.4363,21.658,21.9399,21.9399,10982483
2002-10-23,21.8306,22.3281,21.581,22.3281,22.3281,10881973
2002-10-24,22.4734,22.6821,22.2197,22.4314,22.4314,9412778
2002-10-25,22.2451,22.5269,22.212,22.3953,22.3953,8242867
2002-10-28,22.4139,22.6821,22.2744,22.5017,22.5017,9047234
2002-10-29,22.2451,22.2451,21.338,21.4503,21.4503,12758962
2002-10-30,21.696,22.0754,21.6199,21.8306,21.8306,10043986
2002-10-31,21.5702,21.576,20.2768,20.6739,20.6739,34875328
2002-11-01,20.7217,21.1879,20.7011,21.0562,21.0562,19508617
2002-11-04,21.2502,21.301,20.6953,20.7773,20.7773,12673173
2002-11-05,20.7773,21.223,20.6329,21.1879,21.1879,11523746
2002-11-06,21.1118,21.2365,20.7929,21.1459,21.1459,11936661
2002-11-07,21.0562,21.2298,20.5187,20.6378,20.6378,11717079
2002-11-08,20.783,20.9001,20.5187,20.6378,20.6378,10373037
2002-11-11,20.5626,20.787,20.4836,20.5471,20.5471,7215388
2002-11-12,20.787,20.787,20.4241,20.5471,20.5471,8110345
2002-11-13,20.3501,20.5695,20.0019,20.3374,20.3374,11881924
2002-11-14,20.6446,20.8689,20.5187,20.7636,20.7636,11472212
2002-11-15,20.6446,20.9196,20.6279,20.8748,20.8748,10775065
2002-11-18,20.906,21.0074,20.7362,20.9508,20.9508,9549773
2002-11-19,20.9411,21.1664,20.783,20.8689,20.8689,8535423
2002-11-20,20.8582,21.0767,20.5588,21.0327,21.0327,11851839
2002-11-21,21.1049,21.1332,20.6689,20.8943,20.8943,12199137
2002-11-22,20.783,20.8582,20.4972,20.5265,20.5265,11875521
2002-11-25,20.6134,21.0688,20.4592,20.9411,20.9411,11590967
2002-11-26,20.783,20.8826,20.4592,20.4836,20.4836,12508336
2002-11-27,20.4836,20.8748,20.4836,20.6689,20.6689,8759487
2002-11-29,20.6329,20.7255,20.6134,20.7148,20.7148,4519296
2002-12-02,20.7636,20.8464,20.5032,20.5998,20.5998,12507369
2002-12-03,20.7217,20.9634,20.6446,20.7499,20.7499,8473648
2002-12-04,20.7567,21.0074,20.5626,20.9508,20.9508,9535052
2002-12-05,21.1664,21.3205,20.8582,20.9938,20.9938,9212726
2002-12-06,21.0006,21.1195,20.7217,21.1195,21.1195,7306933
2002-12-09,21.1332,21.3205,20.6739,20.8055,20.8055,9417898
2002-12-10,20.8504,21.1664,20.6739,21.1527,21.1527,9036035
2002-12-11,20.8582,21.0767,20.7713,20.9634,20.9634,8508855
2002-12-12,20.906,21.0562,20.8123,20.9694,20.9694,6691087
2002-12-13,20.9938,21.1615,20.8748,20.9001,20.9001,9069970
2002-12-16,21.0327,21.3615,20.946,21.1527,21.1527,11732120
2002-12-17,21.1879,21.2562,20.906,20.9791,20.9791,8666657
2002-12-18,20.9196,20.9196,20.6446,20.8387,20.8387,7876363
2002-12-19,20.6739,20.8943,20.3627,20.4778,20.4778,13239727
2002-12-20,20.4778,20.7362,20.4778,20.5998,20.5998,13583506
2002-12-23,20.6895,20.8582,20.6134,20.6329,20.6329,8118994
2002-12-24,20.6573,20.7431,20.5998,20.5998,20.5998,3271607
2002-12-26,20.6446,20.8582,20.5626,20.6739,20.6739,5490763
2002-12-27,20.6739,20.7362,20.313,20.3627,20.3627,6469269
2002-12-30,20.4885,20.6573,20.4885,20.5998,20.5998,6176711
2002-12-31,20.5402,20.6279,20.3627,20.5471,20.5471,7570038
2003-01-02,20.7636,20.9634,20.6378,20.9577,20.9577,6986524
2003-01-03,20.9577,21.1401,20.8943,21.1195,21.1195,7934940
2003-01-06,21.1195,21.7555,21.0767,21.5994,21.5994,12421270
2003-01-07,21.5497,21.5994,21.0142,21.1527,21.1527,13449066
2003-01-08,21.1566,21.1801,20.8943,21.0327,21.0327,9756866
2003-01-09,21.0562,21.3897,21.0327,21.3615,21.3615,8335692
2003-01-10,21.1664,21.301,21.0327,21.2093,21.2093,8980021
2003-01-13,21.2562,21.2835,20.946,21.0688,21.0688,10620789
2003-01-14,21.0825,21.1801,20.8748,21.1664,21.1664,8256309
2003-01-15,21.2249,21.2298,20.9791,21.0562,21.0562,7444247
2003-01-16,21.2151,21.3205,21.1049,21.1118,21.1118,7653905
2003-01-17,21.1118,21.2562,20.9577,21.0494,21.0494,8008881
2003-01-21,21.0494,21.0494,20.6523,20.6573,20.6573,10166265
2003-01-22,20.5187,20.5753,20.2886,20.3003,20.3003,14256000
2003-01-23,20.2261,20.2496,19.9842,20.0779,20.0779,13125778
2003-01-24,20.032,20.0779,19.5541,19.641,19.641,11584887
2003-01-27,19.6039,19.6683,18.9426,19.1103,19.1103,15551391
2003-01-28,19.2255,19.5931,19.1874,19.4556,19.4556,11778857
2003-01-29,19.7697,20.3003,19.6683,20.1803,20.1803,15904765
2003-01-30,20.2329,20.3207,19.641,19.8388,19.8388,11768932
2003-01-31,19.241,20.0496,19.1922,19.9042,19.9042,27070024
2003-02-03,19.9091,20.308,19.8505,20.2886,20.2886,11871366
2003-02-04,20.0252,20.4017,19.8505,20.2329,20.2329,11908173
2003-02-05,20.3374,20.3822,19.9374,20.1042,20.1042,11749093
2003-02-06,20.1042,20.1042,19.6467,19.9842,19.9842,9204079
2003-02-07,19.9608,20.0496,19.5453,19.6927,19.6927,8951858
2003-02-10,19.7326,20.072,19.7014,20.072,20.072,8663456
2003-02-11,20.1169,20.313,19.7804,19.9374,19.9374,10281173
2003-02-12,19.9374,20.0252,19.6683,19.7081,19.7081,7166086
2003-02-13,19.6517,19.8505,19.437,19.6819,19.6819,7805306
2003-02-14,19.6927,20.0203,19.6116,19.9091,19.9091,7442967
2003-02-18,20.0964,20.2329,19.9374,19.9969,19.9969,8616089
2003-02-19,20.0019,20.1589,20.0019,20.1169,20.1169,6827120
2003-02-20,20.308,20.3822,19.8388,19.8388,19.8388,10030867
2003-02-21,20.0252,20.2768,19.8388,20.0086,20.0086,10442174
2003-02-24,20.0496,20.2057,19.9842,20.1169,20.1169,10770908
2003-02-25,20.1246,20.2954,19.8799,20.0496,20.0496,11130047
2003-02-26,19.9695,20.2261,19.9209,20.0203,20.0203,8260147
2003-02-27,20.2261,20.2261,19.9267,20.0408,20.0408,11939537
2003-02-28,20.0408,20.2194,20.0145,20.0496,20.0496,10283411
2003-03-03,20.1647,20.3207,20.1042,20.1647,20.1647,8029045
2003-03-04,20.2134,20.2886,20.1462,20.2017,20.2017,7065904
2003-03-05,20.2446,20.6075,20.188,20.6075,20.6075,11293607
2003-03-06,20.6075,20.6329,20.313,20.4241,20.4241,11887686
2003-03-07,20.2446,20.5334,20.0779,20.391,20.391,12183446
2003-03-10,20.3695,20.43,19.9267,19.9608,19.9608,11114999
2003-03-11,20.1647,20.2017,19.8505,19.9169,19.9169,9346520
2003-03-12,19.9169,19.9169,19.2752,19.6927,19.6927,15209859
2003-03-13,20.0408,20.0408,19.7804,19.8877,19.8877,11366586
2003-03-14,19.9374,20.072,19.7268,20.0496,20.0496,10683525
2003-03-17,19.8662,20.3578,19.8662,20.2134,20.2134,12975981
2003-03-18,20.2134,20.5588,20.0145,20.4972,20.4972,13102414
2003-03-19,20.5265,20.6523,20.4192,20.5626,20.5626,13653289
2003-03-20,20.5626,20.7567,20.4105,20.5588,20.5588,13216688
2003-03-21,20.826,20.826,20.5109,20.6202,20.6202,17010029
2003-03-24,20.4778,20.5948,20.2134,20.3003,20.3003,10167215
2003-03-25,20.3822,20.6953,20.3374,20.6279,20.6279,11177731
2003-03-26,20.6953,20.7304,20.4925,20.5588,20.5588,11651466
2003-03-27,20.3695,20.5792,20.2446,20.3695,20.3695,10879416
2003-03-28,20.308,20.5471,20.2954,20.3822,20.3822,8828937
2003-03-31,20.2446,20.3695,20.0905,20.2017,20.2017,12015080
2003-04-01,20.2496,20.5334,20.2329,20.4592,20.4592,8925929
2003-04-02,20.5753,20.6075,20.2768,20.3295,20.3295,8110985
2003-04-03,20.2329,20.4017,20.0573,20.1169,20.1169,11248793
2003-04-04,20.2329,20.2954,20.0964,20.2886,20.2886,8757239
2003-04-07,20.5471,20.5626,20.0905,20.1169,20.1169,12190173
2003-04-08,20.0252,20.1589,19.9608,20.0573,20.0573,8696426
2003-04-09,20.2017,20.391,19.9969,20.0573,20.0573,8830863
2003-04-10,20.0408,20.0779,19.8662,20.0203,20.0203,6358838
2003-04-11,19.9842,20.0496,19.757,19.8565,19.8565,8561346
2003-04-14,19.8623,20.1246,19.8281,19.9695,19.9695,7187539
2003-04-15,19.9472,20.0408,19.7931,20.0086,20.0086,9176874
2003-04-16,20.1169,20.1169,19.7697,19.8388,19.8388,9173677
2003-04-21,20.1316,20.2057,19.9842,20.2057,20.2057,8663456
2003-04-22,20.2057,20.4192,19.9842,20.3578,20.3578,10806434
2003-04-23,20.2768,20.3207,19.9695,20.27,20.27,12117509
2003-04-24,20.0408,20.2446,20.0019,20.0203,20.0203,9391012
2003-04-25,19.9042,19.9209,19.5297,19.8067,19.8067,11061224
2003-04-28,19.8135,20.154,19.6819,19.9316,19.9316,7990954
2003-04-29,19.7618,19.9374,19.6741,19.7453,19.7453,11591924
2003-04-30,19.6819,19.7882,19.561,19.6293,19.6293,15536351
2003-05-01,19.7268,19.8067,19.4166,19.6819,19.6819,15316454
2003-05-02,19.9608,20.4925,19.9374,20.4105,20.4105,18396963
2003-05-05,20.4105,21.0562,20.4105,20.985,20.985,19083865
2003-05-06,20.9938,21.2445,20.9001,20.985,20.985,14718533
2003-05-07,20.985,20.985,20.7255,20.826,20.826,10775065
2003-05-08,20.826,21.1265,20.7304,21.0367,21.0367,8458276
2003-05-09,21.0367,21.1459,20.8689,21.1011,21.1011,9197044
2003-05-12,21.1195,21.4297,21.0074,21.3205,21.3205,9458868
2003-05-13,21.3205,21.6443,21.2502,21.4503,21.4503,9652528
2003-05-14,21.6064,21.6064,21.0767,21.1879,21.1879,17717739
2003-05-15,20.9694,21.1265,20.8689,20.9694,20.9694,10199872
2003-05-16,20.9742,21.1566,20.9196,21.0269,21.0269,8715313
2003-05-19,20.8826,20.9634,20.7217,20.7217,20.7217,6983326
2003-05-20,20.8055,20.906,20.6816,20.8319,20.8319,8192932
2003-05-21,20.8319,21.1664,20.6523,21.1527,21.1527,15363185
2003-05-22,21.0767,21.2151,20.9694,21.0767,21.0767,11088753
2003-05-23,21.0767,21.5497,21.0006,21.3829,21.3829,12855306
2003-05-27,21.4033,22.3057,21.343,22.0754,22.0754,20893315
2003-05-28,21.6326,22.2578,21.6326,22.0569,22.0569,14902583
2003-05-29,22.1301,22.171,21.8365,21.9252,21.9252,9784400
2003-05-30,21.975,22.3057,21.971,22.1633,22.1633,12037807
2003-06-02,22.3407,22.7445,22.212,22.5212,22.5212,13507322
2003-06-03,22.5212,22.805,22.4812,22.7884,22.7884,10136495
2003-06-04,22.7943,23.0937,22.688,23.0459,23.0459,10553889
2003-06-05,23.0459,23.2303,22.8996,23.2,23.2,8837903
2003-06-06,23.2136,23.3814,22.9737,23.2,23.2,12979498
2003-06-09,23.0693,23.1288,22.8851,22.9951,22.9951,8089217
2003-06-10,23.1698,23.2615,23.0693,23.1932,23.1932,8378581
2003-06-11,23.3473,23.6605,23.2752,23.6204,23.6204,8728112
2003-06-12,23.6545,23.8193,23.3687,23.6272,23.6272,8072900
2003-06-13,23.6272,23.6458,23.2136,23.4458,23.4458,7796667
2003-06-16,23.2869,23.4575,23.1756,23.4107,23.4107,12474405
2003-06-17,23.4107,23.4107,22.9737,23.2186,23.2186,10656956
2003-06-18,23.2186,23.3269,23.0138,23.1756,23.1756,8594313
2003-06-19,23.1756,23.2069,22.7357,23.0362,23.0362,7474014
2003-06-20,23.1698,23.3396,23.0332,23.0537,23.0537,9774792
2003-06-23,22.9737,23.0693,22.7357,23.0011,23.0011,9042118
2003-06-24,23.0011,23.1171,22.9074,23.0615,23.0615,7010530
2003-06-25,22.9611,23.2682,22.8996,22.9318,22.9318,7734564
2003-06-26,22.805,22.9611,22.7572,22.8634,22.8634,6822641
2003-06-27,22.7445,22.8996,22.5543,22.6119,22.6119,8284796
2003-06-30,22.6021,22.7572,22.4314,22.5543,22.5543,7598211
2003-07-01,22.5543,22.6987,22.1983,22.6382,22.6382,10448896
2003-07-02,22.6382,22.6987,22.3885,22.6987,22.6987,9598427
2003-07-03,22.6519,22.6519,22.3661,22.4734,22.4734,5493320
2003-07-07,22.5699,22.9435,22.5416,22.8996,22.8996,9459188
2003-07-08,22.8187,22.9894,22.7133,22.9504,22.9504,7343421
2003-07-09,22.9435,22.9504,22.6821,22.7445,22.7445,6702922
2003-07-10,22.7445,22.7445,22.3437,22.5134,22.5134,8835665
2003-07-11,22.5953,22.8187,22.5065,22.805,22.805,5748110
2003-07-14,22.8684,22.9504,22.5134,22.5485,22.5485,6482706
2003-07-15,22.5543,22.5699,22.2324,22.291,22.291,9285386
2003-07-16,22.2988,22.4139,22.2257,22.3281,22.3281,8447078
2003-07-17,22.3281,22.4646,22.1515,22.3407,22.3407,9774792
2003-07-18,22.4646,22.7748,22.3485,22.726,22.726,10755218
2003-07-21,22.7133,22.7445,22.4032,22.5269,22.5269,8565194
2003-07-22,22.7046,22.7943,22.4363,22.6626,22.6626,8915046
2003-07-23,22.6821,22.7709,22.3485,22.5017,22.5017,6236881
2003-07-24,22.5017,22.7445,22.3661,22.4314,22.4314,7662232
2003-07-25,22.4032,22.7445,22.3437,22.726,22.726,7428248
2003-07-28,22.6821,22.8001,22.5269,22.6743,22.6743,7913175
2003-07-29,22.5699,22.6304,22.3407,22.4314,22.4314,6863930
2003-07-30,22.5269,22.5885,22.3437,22.4314,22.4314,6308901
2003-07-31,22.6519,22.8791,22.3485,22.5269,22.5269,7454489
2003-08-01,22.5885,22.6382,22.1905,22.1905,22.1905,9141343
2003-08-04,22.1866,22.2744,21.8812,22.0833,22.0833,10848043
2003-08-05,22.1057,22.3057,21.9877,22.1174,22.1174,8662178
2003-08-06,22.1057,22.3349,22.0266,22.1437,22.1437,9667889
2003-08-07,22.1633,22.6382,22.1057,22.5758,22.5758,7580924
2003-08-08,22.729,22.7884,22.4812,22.7445,22.7445,7116159
2003-08-11,22.8187,23.041,22.7748,22.8684,22.8684,6736539
2003-08-12,22.9152,23.1054,22.7943,23.0898,23.0898,8482608
2003-08-13,23.1932,23.1932,22.8187,22.8791,22.8791,6850172
2003-08-14,23.0332,23.1932,22.8791,23.1932,23.1932,9558415
2003-08-15,22.8187,22.8684,22.688,22.7524,22.7524,6162943
2003-08-18,22.8187,22.8401,22.6519,22.6743,22.6743,7709921
2003-08-19,22.6743,22.7357,22.3885,22.5269,22.5269,8379864
2003-08-20,22.5269,22.7445,22.4646,22.6821,22.6821,6511831
2003-08-21,22.7046,22.845,22.5953,22.7357,22.7357,6518554
2003-08-22,22.805,22.805,22.3485,22.4363,22.4363,5999698
2003-08-25,22.4948,22.6626,22.4314,22.6021,22.6021,5318239
2003-08-26,22.5543,22.6626,22.3407,22.5758,22.5758,7273324
2003-08-27,22.5543,22.7133,22.5543,22.5885,22.5885,5191157
2003-08-28,22.6021,22.8684,22.4558,22.8634,22.8634,8521662
2003-08-29,22.8634,22.9318,22.7133,22.7709,22.7709,5942406
2003-09-02,22.8001,23.041,22.6626,23.0274,23.0274,12373900
2003-09-03,23.0898,23.2926,23.0138,23.0996,23.0996,9255296
2003-09-04,23.0996,23.1698,22.9679,23.0274,23.0274,7699036
2003-09-05,22.9737,23.0058,22.6226,22.8108,22.8108,10131054
2003-09-08,22.805,23.123,22.805,23.123,23.123,8143632
2003-09-09,23.1123,23.1123,22.845,22.9377,22.9377,6703252
2003-09-10,23.0138,23.0693,22.7046,22.8001,22.8001,11753247
2003-09-11,22.9951,23.0898,22.8791,22.9611,22.9611,6787749
2003-09-12,22.8996,22.9679,22.6158,22.7943,22.7943,8999869
2003-09-15,22.6694,22.8557,22.5885,22.729,22.729,6364280
2003-09-16,22.7884,22.8684,22.6382,22.805,22.805,6314664
2003-09-17,22.8108,22.8401,22.5758,22.5758,22.5758,8145877
2003-09-18,22.5758,22.6382,22.5065,22.5699,22.5699,8306561
2003-09-19,22.5699,22.688,22.4812,22.607,22.607,6552166
2003-09-22,22.4948,22.607,22.3437,22.5543,22.5543,6854009
2003-09-23,22.6021,22.7445,22.5017,22.6577,22.6577,5923200
2003-09-24,22.8108,22.9951,22.5758,22.5953,22.5953,8249263
2003-09-25,22.6158,22.7709,22.4197,22.4197,22.4197,7016932
2003-09-26,22.4197,22.4646,22.2812,22.3349,22.3349,8133075
2003-09-29,22.3544,22.5269,22.2257,22.4032,22.4032,6942991
2003-09-30,22.3407,22.4314,22.089,22.3281,22.3281,7989675
2003-10-01,22.3661,22.8557,22.3544,22.845,22.845,8670815
2003-10-02,22.7133,22.8557,22.5416,22.7445,22.7445,7811069
2003-10-03,22.9318,23.041,22.7748,22.8323,22.8323,8177244
2003-10-06,22.8323,23.0898,22.8323,23.0274,23.0274,5116581
2003-10-07,22.9152,23.1445,22.8187,23.1123,23.1123,7037100
2003-10-08,23.1698,23.1698,22.8791,22.9201,22.9201,5980173
2003-10-09,22.9504,23.1357,22.8557,22.9737,22.9737,9000187
2003-10-10,22.9894,23.1698,22.9806,23.0537,23.0537,6027546
2003-10-13,23.1698,23.4068,23.1171,23.2615,23.2615,5721220
2003-10-14,23.2615,23.4283,23.1288,23.4233,23.4233,6850172
2003-10-15,23.4283,23.4283,23.0615,23.1171,23.1171,8941933
2003-10-16,23.1288,23.3473,23.1288,23.1932,23.1932,6652036
2003-10-17,23.2869,23.3122,22.9679,23.0362,23.0362,5919036
2003-10-20,22.9951,23.2371,22.9318,23.2186,23.2186,6489750
2003-10-21,23.2186,23.3269,23.0771,23.2,23.2,9108053
2003-10-22,23.2,23.2,22.8791,22.9562,22.9562,6582894
2003-10-23,22.9562,23.1054,22.7524,23.0615,23.0615,8694822
2003-10-24,22.9611,22.9951,22.6694,22.845,22.845,7115840
2003-10-27,22.845,22.9074,22.6694,22.7524,22.7524,6122930
2003-10-28,22.7943,22.9562,22.7572,22.9318,22.9318,6925387
2003-10-29,22.9318,22.9951,22.8001,22.8401,22.8401,8936812
2003-10-30,22.805,22.805,22.2578,22.4197,22.4197,16268709
2003-10-31,22.805,23.4233,22.7631,23.2136,23.2136,16732188
2003-11-03,23.2869,23.4283,23.0859,23.0996,23.0996,10894512
2003-11-04,23.0459,23.1756,22.9504,23.0898,23.0898,8092442
2003-11-05,23.0898,23.1288,22.9318,23.0195,23.0195,6195271
2003-11-06,23.0195,23.2186,22.8557,23.1698,23.1698,6021464
2003-11-07,23.1698,23.3814,23.1698,23.2869,23.2869,5896304
2003-11-10,23.2996,23.3424,23.041,23.0615,23.0615,5790044
2003-11-11,23.0615,23.2136,22.9951,23.1698,23.1698,3780227
2003-11-12,23.1698,23.4185,23.1698,23.3396,23.3396,5925437
2003-11-13,23.3687,23.6945,23.3532,23.6672,23.6672,10048474
2003-11-14,23.2752,23.4185,23.123,23.2,23.2,11549039
2003-11-17,23.2,23.2,22.8851,22.9951,22.9951,6971800
2003-11-18,23.0537,23.1445,22.9562,22.9737,22.9737,9156068
2003-11-19,22.8557,23.2575,22.8557,23.1796,23.1796,7418320
2003-11-20,22.4812,23.3532,22.4812,23.1171,23.1171,6929543
2003-11-21,23.1357,23.2752,22.9318,22.9562,22.9562,6843766
2003-11-24,23.0898,23.2869,23.0537,23.123,23.123,7566201
2003-11-25,23.1288,23.3687,23.0898,23.2926,23.2926,7014370
2003-11-26,23.3396,23.5814,23.3336,23.5064,23.5064,8680105
2003-11-28,23.5745,23.5745,23.4458,23.4624,23.4624,3157652
2003-12-01,23.9373,23.9373,23.5064,23.6506,23.6506,10288855
2003-12-02,23.6204,23.8828,23.6117,23.6331,23.6331,8337609
2003-12-03,23.6331,24.0817,23.6331,23.7745,23.7745,8376018
2003-12-04,23.7745,24.3188,23.7745,24.2495,24.2495,8554626
2003-12-05,24.2437,24.4143,24.2251,24.3685,24.3685,9382690
2003-12-08,24.3626,24.5753,24.2748,24.5549,24.5549,11783018
2003-12-09,24.7879,24.9391,24.622,24.6455,24.6455,8640091
2003-12-10,24.6786,24.6923,24.5177,24.5821,24.5821,10227722
2003-12-11,24.629,24.9108,24.5753,24.8387,24.8387,8724915
2003-12-12,24.9566,25.1342,24.7879,25.0659,25.0659,7219229
2003-12-15,25.0746,25.2297,24.6679,24.6679,24.6679,10173620
2003-12-16,24.7128,25.2874,24.7128,25.2122,25.2122,8845260
2003-12-17,25.3673,25.6745,25.2931,25.5361,25.5361,8789575
2003-12-18,25.8559,26.2793,25.7798,26.0998,26.0998,13656482
2003-12-19,26.1349,26.1427,25.9798,26.015,26.015,13049602
2003-12-22,26.0013,26.0666,25.851,26.0354,26.0354,6686283
2003-12-23,26.0354,26.1174,25.89,25.9867,25.9867,5584551
2003-12-24,25.9867,26.3192,25.972,26.0354,26.0354,3312259
2003-12-26,26.0354,26.3192,26.0354,26.1915,26.1915,2375682
2003-12-29,26.3368,26.7601,25.9798,26.7123,26.7123,8958257
2003-12-30,26.6986,27.0976,26.6918,26.8869,26.8869,8246065
2003-12-31,27.0108,27.1747,26.8811,26.9922,26.9922,8613840
2004-01-02,27.0166,27.1697,26.7182,26.8362,26.8362,7787378
2004-01-05,27.0361,27.3795,27.0108,27.3502,27.3502,7866124
2004-01-06,27.0635,27.2683,26.9298,27.1961,27.1961,11864961
2004-01-07,27.1288,27.1366,26.6986,26.8547,26.8547,13603994
2004-01-08,26.7123,26.8811,26.5865,26.8811,26.8811,10426489
2004-01-09,26.8362,26.8362,26.3436,26.5943,26.5943,13734585
2004-01-12,26.6567,26.7425,26.4138,26.4616,26.4616,10489553
2004-01-13,26.5056,26.5943,26.3368,26.4616,26.4616,8583757
2004-01-14,26.4616,26.8168,26.3436,26.7425,26.7425,6625785
2004-01-15,26.8303,26.8362,26.3719,26.3797,26.3797,10387440
2004-01-16,26.3797,26.5347,26.2382,26.4675,26.4675,9916274
2004-01-20,26.5689,26.9629,26.5611,26.8811,26.8811,6834164
2004-01-21,26.9298,27.2166,26.9113,27.1103,27.1103,8672421
2004-01-22,27.359,27.4789,27.0869,27.2313,27.2313,10010058
2004-01-23,27.238,27.2907,27.0702,27.1513,27.1513,7627656
2004-01-26,27.1288,27.3727,26.9873,27.3658,27.3658,8472364
2004-01-27,27.3658,27.6555,27.3395,27.399,27.399,8824145
2004-01-28,27.399,27.5473,26.9922,27.0976,27.0976,8865431
2004-01-29,27.2313,27.4301,26.9415,27.279,27.279,8811336
2004-01-30,27.279,27.279,26.8051,26.9746,26.9746,9270016
2004-02-02,26.9669,27.0819,26.7425,26.9259,26.9259,8509497
2004-02-03,26.8674,26.9922,26.7806,26.8168,26.8168,6226644
2004-02-04,26.7737,26.7737,26.5427,26.603,26.603,7061423
2004-02-05,26.649,26.6567,26.3252,26.5689,26.5689,5862389
2004-02-06,26.5056,26.7601,26.4675,26.6831,26.6831,9468473
2004-02-09,26.7065,26.8811,26.6567,26.8001,26.8001,6358518
2004-02-10,26.7357,27.1434,26.6304,27.0361,27.0361,7195224
2004-02-11,27.043,27.4945,26.9873,27.3541,27.3541,9044997
2004-02-12,27.3541,27.4381,27.2313,27.3111,27.3111,6315940
2004-02-13,27.238,27.2439,26.9873,27.0293,27.0293,6742619
2004-02-17,27.2576,27.3502,27.2166,27.279,27.279,6369718
2004-02-18,27.3044,27.3044,27.0108,27.0635,27.0635,5570461
2004-02-19,27.1912,27.3258,27.0293,27.0478,27.0478,5987214
2004-02-20,27.2313,27.283,26.8811,27.0537,27.0537,6776225
2004-02-23,27.1288,27.6613,27.1288,27.5999,27.5999,10038864
2004-02-24,27.5999,27.8007,27.4652,27.5473,27.5473,8848145
2004-02-25,27.5473,27.6165,27.3853,27.4428,27.4428,5836131
2004-02-26,27.4428,27.5842,27.3111,27.5248,27.5248,6724052
2004-02-27,27.5842,27.7726,27.5541,27.5999,27.5999,7086069
2004-03-01,27.7306,28.3003,27.7306,28.1988,28.1988,10533079
2004-03-02,28.0437,28.1305,27.8184,27.8915,27.8915,8443558
2004-03-03,27.8983,28.1119,27.7423,28.0621,28.0621,6458384
2004-03-04,28.0621,28.0651,27.8671,27.9061,27.9061,4760962
2004-03-05,27.8623,28.2426,27.8544,28.1881,28.1881,6978840
2004-03-08,28.2232,28.5597,28.1988,28.3353,28.3353,9181675
2004-03-09,28.3353,28.3353,28.0935,28.1256,28.1256,8553023
2004-03-10,28.1256,28.2739,27.6613,27.7247,27.7247,10930950
2004-03-11,27.6369,27.7306,27.1044,27.163,27.163,10986001
2004-03-12,27.2166,27.6369,27.0869,27.6369,27.6369,7924060
2004-03-15,27.6369,27.8125,27.3658,27.3853,27.3853,8954094
2004-03-16,27.4945,27.5541,27.2576,27.3941,27.3941,6061797
2004-03-17,27.5199,27.9297,27.5052,27.7793,27.7793,5753230
2004-03-18,27.5755,28.1052,27.5755,28.0437,28.0437,7908695
2004-03-19,27.9725,28.0437,27.5541,27.5541,27.5541,7233630
2004-03-22,27.283,27.5541,27.1961,27.2731,27.2731,6951634
2004-03-23,27.4194,27.5248,27.0537,27.3258,27.3258,8321282
2004-03-24,27.3434,27.3658,26.7182,26.8303,26.8303,8619929
2004-03-25,26.8966,26.9259,26.366,26.4549,26.4549,11859196
2004-03-26,26.4821,26.8674,26.3495,26.6627,26.6627,12254825
2004-03-29,26.7601,26.8811,26.6109,26.6752,26.6752,8992505
2004-03-30,26.7484,27.238,26.6781,27.2039,27.2039,10616622
2004-03-31,27.238,27.5687,26.9806,27.4254,27.4254,11646339
2004-04-01,27.4789,27.793,27.4595,27.4789,27.4789,14782546
2004-04-02,27.6165,27.7052,27.4595,27.5052,27.5052,9200879
2004-04-05,27.5404,27.8544,27.5248,27.8232,27.8232,7170574
2004-04-06,27.8232,28.0047,27.7247,27.8184,27.8184,6354990
2004-04-07,27.8623,28.1119,27.7726,28.0437,28.0437,8572872
2004-04-08,28.1188,28.3003,27.993,28.1012,28.1012,9629155
2004-04-12,28.1305,28.7294,28.1305,28.5724,28.5724,8835345
2004-04-13,28.5851,28.7742,28.3549,28.3549,28.3549,18219635
2004-04-14,28.2232,28.6367,28.2153,28.43,28.43,10727375
2004-04-15,28.4407,28.7547,28.3353,28.5851,28.5851,8007598
2004-04-16,28.8385,28.8385,28.4621,28.6611,28.6611,8053053
2004-04-19,28.6611,28.8864,28.6182,28.7051,28.7051,7841157
2004-04-20,28.4621,28.6562,28.1256,28.1256,28.1256,9836252
2004-04-21,28.0855,28.1988,27.8349,28.0778,28.0778,9752391
2004-04-22,27.993,28.6924,27.993,28.6787,28.6787,8496371
2004-04-23,28.6854,28.6854,28.4046,28.6415,28.6415,8227504
2004-04-26,28.7294,29.0259,28.7294,28.8161,28.8161,9046603
2004-04-27,28.8385,29.4169,28.8385,29.0259,29.0259,10280862
2004-04-28,29.0668,29.1273,28.6367,28.6611,28.6611,9021957
2004-04-29,28.6182,28.7362,28.0564,28.2232,28.2232,9799765
2004-04-30,28.5567,28.9303,28.5382,28.5851,28.5851,12750954
2004-05-03,28.6182,29.2629,28.5567,29.1127,29.1127,10325342
2004-05-04,29.1605,29.4599,29.0366,29.0776,29.0776,11115957
2004-05-05,28.9605,29.574,28.9029,29.4922,29.4922,11562798
2004-05-06,29.4306,29.5155,28.9966,29.2151,29.2151,8673703
2004-05-07,29.021,29.1458,28.6182,28.6367,28.6367,8345931
2004-05-10,28.2739,28.3549,27.4995,27.8623,27.8623,14167340
2004-05-11,27.8623,28.43,27.8623,28.4163,28.4163,10531161
2004-05-12,28.3353,28.7615,28.31,28.6854,28.6854,13258296
2004-05-13,28.5996,28.9498,28.5724,28.7051,28.7051,11882563
2004-05-14,28.7294,29.183,28.7294,28.9557,28.9557,12530100
2004-05-17,28.7547,28.9498,28.4797,28.5996,28.5996,10974479
2004-05-18,28.5996,28.5996,28.0095,28.1763,28.1763,9700859
2004-05-19,28.2543,28.423,27.9676,28.0855,28.0855,11857280
2004-05-20,28.0621,28.2632,27.9598,27.9598,27.9598,7663189
2004-05-21,28.1188,28.2543,27.8544,27.993,27.993,9910833
2004-05-24,28.0855,28.2426,27.7423,28.1763,28.1763,11920337
2004-05-25,28.4621,28.7859,28.43,28.6415,28.6415,12042926
2004-05-26,28.6415,28.7411,28.4163,28.423,28.423,11766699
2004-05-27,28.4407,28.4689,28.1256,28.1831,28.1831,10213317
2004-05-28,28.1188,28.3626,28.0437,28.2426,28.2426,7443282
2004-06-01,28.3753,28.6611,28.3753,28.5245,28.5245,11901770
2004-06-02,28.6484,28.7108,28.5382,28.55,28.55,11631940
2004-06-03,28.5567,28.6611,28.306,28.4104,28.4104,8970098
2004-06-04,28.3958,28.4407,28.1052,28.1831,28.1831,8337609
2004-06-07,28.306,28.7908,28.2866,28.7908,28.7908,7540595
2004-06-08,28.8903,28.9118,28.3158,28.4797,28.4797,13621595
2004-06-09,28.306,28.3217,27.9725,28.1188,28.1188,13382813
2004-06-10,28.2866,28.5245,28.1686,28.3694,28.3694,10575007
2004-06-14,28.1461,28.2027,28.0437,28.1188,28.1188,9796563
2004-06-15,28.2153,28.4875,28.1948,28.306,28.306,11129724
2004-06-16,28.5245,28.8493,28.5245,28.7362,28.7362,9815770
2004-06-17,28.8045,29.0366,28.7821,28.9849,28.9849,8230703
2004-06-18,28.9917,29.2668,28.9781,29.1877,29.1877,12461280
2004-06-21,29.1605,29.3301,28.9781,29.1458,29.1458,8246707
2004-06-22,29.0523,29.3916,28.9654,29.3107,29.3107,8663138
2004-06-23,29.3595,29.6813,29.3224,29.6413,29.6413,9284419
2004-06-24,29.5857,29.6746,29.4922,29.4922,29.4922,8063296
2004-06-25,29.4922,29.6042,29.183,29.183,29.183,10910147
2004-06-28,29.2551,29.3068,28.9029,28.9966,28.9966,9096539
2004-06-29,28.9498,29.2629,28.9303,29.1937,29.1937,7530992
2004-06-30,29.1984,29.4229,29.0668,29.3995,29.3995,11488222
2004-07-01,29.3799,29.4862,28.9781,29.1984,29.1984,10275408
2004-07-02,29.1984,29.536,29.0317,29.1273,29.1273,8434278
2004-07-06,29.183,29.3595,29.1019,29.183,29.183,11046175
2004-07-07,29.1673,29.1937,29.021,29.1937,29.1937,9200879
2004-07-08,29.0415,29.3555,29.0415,29.1605,29.1605,7754733
2004-07-09,29.2551,29.5048,29.2492,29.3555,29.3555,6582256
2004-07-12,29.3361,29.3741,29.139,29.3068,29.3068,5775319
2004-07-13,29.2912,29.4599,29.0523,29.3595,29.3595,7046700
2004-07-14,29.3107,29.6746,29.3107,29.6042,29.6042,7875402
2004-07-15,29.6374,29.8559,29.5556,29.6179,29.6179,9071569
2004-07-16,29.8676,30.0432,29.6296,29.8043,29.8043,8218219
2004-07-19,29.7623,29.9603,29.6179,29.734,29.734,8073857
2004-07-20,29.652,29.7418,29.5613,29.6042,29.6042,6950999
2004-07-21,29.6111,29.774,29.3478,29.3478,29.3478,8351691
2004-07-22,29.3478,29.5857,29.2668,29.4414,29.4414,7420561
2004-07-23,29.4414,29.5048,29.2044,29.2717,29.2717,6029151
2004-07-26,29.3361,29.3995,29.0854,29.1984,29.1984,7443604
2004-07-27,29.0951,29.3995,29.0463,29.3146,29.3146,5851498
2004-07-28,29.2668,29.578,29.1273,29.4668,29.4668,12946214
2004-07-29,29.6296,29.8287,29.4668,29.8287,29.8287,8745398
2004-07-30,30.1476,30.1476,29.6872,29.8861,29.8861,10487629
2004-08-02,29.8861,30.1963,29.7097,30.1407,30.1407,8063614
2004-08-03,30.1407,30.882,30.1407,30.8226,30.8226,14983244
2004-08-04,30.8226,30.8226,30.1797,30.1797,30.1797,12257704
2004-08-05,30.3056,30.4041,29.9027,29.932,29.932,10752655
2004-08-06,29.932,30.0364,29.2434,29.3107,29.3107,10965518
2004-08-09,29.3868,29.8287,29.3595,29.5613,29.5613,11390274
2004-08-10,29.6413,29.7097,29.3361,29.4482,29.4482,8948971
2004-08-11,29.4482,29.6589,29.3146,29.6413,29.6413,12242658
2004-08-12,29.6111,29.8287,29.4414,29.4862,29.4862,9652528
2004-08-13,29.4814,29.9164,29.4814,29.8676,29.8676,7901013
2004-08-16,29.8676,30.2314,29.7867,30.1963,30.1963,8399703
2004-08-17,29.8861,29.9085,29.3301,29.4112,29.4112,12744874
2004-08-18,29.4735,29.5857,29.3107,29.4229,29.4229,13660642
2004-08-19,29.4169,29.4922,29.0259,29.0854,29.0854,15309405
2004-08-20,29.2288,29.6237,29.1751,29.4229,29.4229,10713294
2004-08-23,29.4169,29.4668,29.0463,29.0951,29.0951,10419769
2004-08-24,29.0951,29.1751,28.8718,29.1458,29.1458,8407391
2004-08-25,29.1527,29.3595,29.1458,29.3068,29.3068,7675351
2004-08-26,29.2668,29.5984,29.2492,29.5292,29.5292,7121278
2004-08-27,29.6374,29.8968,29.6296,29.7564,29.7564,7036773
2004-08-30,29.9847,30.1299,29.8217,29.8354,29.8354,9076050
2004-08-31,29.932,30.4607,29.9085,30.4607,30.4607,10306144
2004-09-01,30.4938,30.8966,30.4607,30.8273,30.8273,11635139
2004-09-02,30.8595,31.1619,30.7367,31.1356,31.1356,9503683
2004-09-03,31.1356,31.3169,31.0273,31.1668,31.1668,9568976
2004-09-07,31.0107,31.2722,30.7873,31.2175,31.2175,15496980
2004-09-08,31.1668,31.2868,31.0984,31.1765,31.1765,12644370
2004-09-09,31.1765,31.592,31.1765,31.5764,31.5764,10295255
2004-09-10,31.6535,31.6954,31.2535,31.2535,31.2535,14188786
2004-09-13,31.7725,31.8252,31.4077,31.8252,31.8252,9968607
2004-09-14,31.8681,32.1763,31.792,32.0056,32.0056,9823768
2004-09-15,32.0525,32.1499,31.8748,31.8915,31.8915,9765674
2004-09-16,31.8915,31.9813,31.7481,31.8476,31.8476,6838004
2004-09-17,31.991,32.4826,31.991,32.4533,32.4533,11270557
2004-09-20,32.4904,32.7976,32.4611,32.5088,32.5088,9494563
2004-09-21,32.623,33.5154,32.6153,33.4413,33.4413,11763499
2004-09-22,33.2833,33.4219,33.0834,33.2024,33.2024,13481716
2004-09-23,33.1176,33.1176,32.623,32.6913,32.6913,10699368
2004-09-24,32.8543,33.2424,32.8269,33.0093,33.0093,8199174
2004-09-27,33.1341,33.6033,32.9595,33.5545,33.5545,9793040
2004-09-28,33.7417,34.048,33.6676,33.7818,33.7818,11827351
2004-09-29,33.7564,33.8646,33.4355,33.5097,33.5097,14043307
2004-09-30,33.5097,33.6676,33.2287,33.5154,33.5154,9318354
2004-10-01,33.498,33.9105,33.3653,33.6911,33.6911,9009310
2004-10-04,33.5662,33.7603,33.3653,33.654,33.654,7642540
2004-10-05,33.7417,34.0919,33.7085,34.0187,34.0187,8413152
2004-10-06,34.0832,34.6976,34.0666,34.6226,34.6226,11130200
2004-10-07,34.4919,35.0351,34.3465,34.5036,34.5036,9461433
2004-10-08,34.3338,34.7513,34.2285,34.5465,34.5465,9270979
2004-10-11,34.6226,34.647,34.1153,34.3114,34.3114,5715138
2004-10-12,34.1104,34.4041,33.9807,34.0334,34.0334,8187488
2004-10-13,33.7417,33.8345,33.1975,33.3116,33.3116,11584402
2004-10-14,33.7496,33.7758,33.3116,33.3593,33.3593,7901972
2004-10-15,33.4277,33.5847,33.2833,33.3653,33.3653,9708700
2004-10-18,33.334,33.5399,33.0238,33.0629,33.0629,7997996
2004-10-19,32.747,33.0238,32.74,32.9595,32.9595,9976283
2004-10-20,32.9537,33.4511,32.8737,33.3458,33.3458,7565563
2004-10-21,33.5224,33.6091,33.1341,33.3593,33.3593,6975803
2004-10-22,33.4579,33.7232,33.2541,33.3282,33.3282,6597458
2004-10-25,33.3975,33.573,33.0834,33.3926,33.3926,6646913
2004-10-26,33.3926,33.7281,33.1341,33.7085,33.7085,7041899
2004-10-27,33.7085,33.8295,32.8991,33.097,33.097,9526890
2004-10-28,33.0541,33.4863,32.5694,32.7869,32.7869,10365679
2004-10-29,32.4904,33.2151,32.4377,33.1526,33.1526,9991813
2004-11-01,33.1526,33.4579,32.862,33.0834,33.0834,11247193
2004-11-02,32.8337,33.1585,32.5235,32.5548,32.5548,9393409
2004-11-03,32.9887,33.4219,32.82,33.2209,33.2209,10992726
2004-11-04,33.415,34.0041,33.3711,33.9807,33.9807,9055398
2004-11-05,33.9866,34.2011,33.8032,34.0724,34.0724,9336280
2004-11-08,34.0549,34.0549,33.3116,33.3409,33.3409,8979698
2004-11-09,33.1526,33.2979,32.9293,32.9742,32.9742,10285492
2004-11-10,32.8044,33.0298,32.3684,32.8991,32.8991,13497880
2004-11-11,32.8991,33.1468,32.8337,33.0658,33.0658,7825950
2004-11-12,32.98,34.0968,32.9673,34.0968,34.0968,9529928
2004-11-15,33.7721,33.8237,32.9059,33.097,33.097,11991720
2004-11-16,33.0658,33.1117,32.78,32.8269,32.8269,8623445
2004-11-17,32.9351,33.3975,32.9351,33.3653,33.3653,7639180
2004-11-18,33.3926,33.5224,33.1662,33.4863,33.4863,6324105
2004-11-19,33.6033,33.7964,33.3409,33.6794,33.6794,8521983
2004-11-22,33.8032,34.2781,33.7232,34.2402,34.2402,8528218
2004-11-23,34.2402,34.4187,34.0549,34.0919,34.0919,9194001
2004-11-24,34.21,34.2654,33.8988,34.1026,34.1026,6855451
2004-11-26,34.1816,34.5006,34.1816,34.2654,34.2654,3955149
2004-11-29,34.365,34.4215,33.929,34.1524,34.1524,6630274
2004-11-30,34.21,34.3465,34.1153,34.1153,34.1153,8174846
2004-12-01,34.1738,34.3016,33.415,33.415,33.415,13269498
2004-12-02,33.0541,33.1526,32.5294,32.7937,32.7937,14322745
2004-12-03,32.6913,33.0755,32.6153,32.862,32.862,10107201
2004-12-06,32.8991,33.0346,32.6913,32.9947,32.9947,7490501
2004-12-07,32.9947,33.1858,32.5606,32.5694,32.5694,8214059
2004-12-08,32.3684,32.9537,32.1295,32.9215,32.9215,8865912
2004-12-09,32.9293,32.9947,32.5088,32.98,32.98,7308536
2004-12-10,32.98,33.6676,32.8152,32.8678,32.8678,7683192
2004-12-13,32.9887,33.5224,32.9849,33.5224,33.5224,9092054
2004-12-14,33.1176,33.5331,33.0298,33.1662,33.1662,8267347
2004-12-15,33.1283,33.3593,32.9059,32.9137,32.9137,11161090
2004-12-16,32.5849,32.747,32.3216,32.4719,32.4719,8184769
2004-12-17,31.8681,32.5294,31.8623,32.3168,32.3168,14216316
2004-12-20,32.4533,32.8786,32.4533,32.8406,32.8406,8079938
2004-12-21,32.8406,33.0629,32.747,32.98,32.98,7687833
2004-12-22,33.0717,33.0902,32.3411,32.6806,32.6806,7009568
2004-12-23,32.6806,32.98,32.6806,32.9059,32.9059,4712473
2004-12-27,32.9137,33.0171,32.4971,32.4971,32.4971,7640935
2004-12-28,32.6913,32.943,32.6913,32.7654,32.7654,7100634
2004-12-29,32.7722,33.0717,32.6153,33.0717,33.0717,6766144
2004-12-30,33.0658,33.0658,32.8152,32.8152,32.8152,5133390
2004-12-31,32.862,32.9595,32.7722,32.8103,32.8103,3686436
2005-01-03,32.78,32.7869,31.7568,31.8057,31.8057,11758528
2005-01-04,31.8544,32.1499,31.4907,31.5843,31.5843,11455084
2005-01-05,31.6613,32.0252,31.5482,31.792,31.792,8840785
2005-01-06,31.7424,32.4611,31.6174,32.3216,32.3216,9362044
2005-01-07,32.3216,32.3265,31.7424,31.9579,31.9579,8154362
2005-01-10,32.0182,32.4826,31.9646,32.106,32.106,8289595
2005-01-11,32.1812,32.2914,31.9383,32.1178,32.1178,7496746
2005-01-12,32.1217,32.8103,32.0778,32.7976,32.7976,8725072
2005-01-13,32.8473,33.4472,32.4904,32.5294,32.5294,9728383
2005-01-14,32.5548,32.7722,32.4465,32.6806,32.6806,7263560
2005-01-18,32.8406,33.1712,32.7293,33.1712,33.1712,10674880
2005-01-19,33.1858,33.2024,32.9137,32.9215,32.9215,7589565
2005-01-20,32.9215,32.9215,32.3801,32.4679,32.4679,8869269
2005-01-21,32.4904,32.7976,32.4767,32.4767,32.4767,6807754
2005-01-24,32.6806,33.1858,32.6659,32.8473,32.8473,7987915
2005-01-25,32.9468,33.1526,32.74,33.1409,33.1409,7367909
2005-01-26,33.378,33.5974,33.1936,33.4511,33.4511,8740602
2005-01-27,33.4579,33.8646,33.3653,33.7758,33.7758,7173455
2005-01-28,33.7818,33.8032,33.2541,33.5662,33.5662,7695195
2005-01-31,33.573,34.0832,33.3039,33.9924,33.9924,9861218
2005-02-01,34.1465,34.4655,34.1357,34.4567,34.4567,10192987
2005-02-02,34.4869,34.9074,34.4811,34.6976,34.6976,7737612
2005-02-03,34.6976,35.1483,34.5094,35.1404,35.1404,8007119
2005-02-04,35.1979,35.4555,34.8459,35.4536,35.4536,8622487
2005-02-07,35.4555,35.4935,35.0087,35.1541,35.1541,8160278
2005-02-08,35.1483,35.4555,35.0224,35.3677,35.3677,7433368
2005-02-09,35.2897,35.4555,34.9347,35.0898,35.0898,8008401
2005-02-10,35.6184,36.0357,35.1775,35.868,35.868,11455411
2005-02-11,35.9266,36.6113,35.8915,36.3392,36.3392,9952763
2005-02-14,36.0914,36.4718,36.0534,36.3098,36.3098,8069218
2005-02-15,36.3909,36.4542,36.0914,36.3451,36.3451,6435657
2005-02-16,36.3451,37.2414,36.3158,37.179,37.179,8439557
2005-02-17,37.2209,37.4092,36.5206,36.621,36.621,10157623
2005-02-18,36.6473,37.6402,36.5527,37.3233,37.3233,10519001
2005-02-22,37.4588,38.167,37.0785,37.0785,37.0785,13427465
2005-02-23,37.1097,37.6325,37.0785,37.5895,37.5895,7172812
2005-02-24,37.6773,38.2655,37.4257,38.2128,38.2128,9819293
2005-02-25,38.2128,39.4584,38.2128,38.7024,38.7024,14121564
2005-02-28,38.8809,39.2389,37.6402,38.7902,38.7902,14949149
2005-03-01,38.7902,38.8195,37.9524,38.0773,38.0773,11826394
2005-03-02,38.0773,38.6625,38.0217,38.4684,38.4684,11138040
2005-03-03,38.4196,38.4684,37.9583,38.2333,38.2333,12446717
2005-03-04,38.1582,38.6967,37.8656,38.5571,38.5571,12133992
2005-03-07,38.4596,38.6147,37.9524,38.363,38.363,9234010
2005-03-08,38.2275,38.678,38.1582,38.4264,38.4264,11780936
2005-03-09,38.4264,38.801,37.2706,37.3389,37.3389,17401491
2005-03-10,37.2267,37.2336,36.0963,36.547,36.547,23530986
2005-03-11,36.3976,37.1253,36.229,36.426,36.426,14834080
2005-03-14,36.541,36.8444,35.99,36.8288,36.8288,12341727
2005-03-15,37.1097,37.2414,36.2592,36.3451,36.3451,10878929
2005-03-16,36.3451,37.0209,35.9949,36.621,36.621,11922735
2005-03-17,37.2414,37.335,36.6533,37.1459,37.1459,10849488
2005-03-18,37.1506,37.7807,37.0892,37.7281,37.7281,18727131
2005-03-21,37.8656,37.8753,37.1858,37.5008,37.5008,8914721
2005-03-22,37.5077,38.0217,36.9156,36.9712,36.9712,11208620
2005-03-23,36.7703,36.8658,36.1851,36.501,36.501,14287535
2005-03-24,36.659,37.0561,36.0163,36.3714,36.3714,12007719
2005-03-28,36.4406,36.666,36.1207,36.4201,36.4201,8212297
2005-03-29,36.4016,36.9917,36.1158,36.1704,36.1704,9878987
2005-03-30,36.3098,36.4776,35.4536,36.4016,36.4016,16435474
2005-03-31,36.6727,37.0209,36.1158,36.4338,36.4338,15203940
2005-04-01,36.9781,37.1253,36.659,37.0561,37.0561,11690677
2005-04-04,36.3655,36.9204,35.4555,35.6028,35.6028,40829569
2005-04-05,35.6184,35.7783,34.644,34.8078,34.8078,24899515
2005-04-06,34.8156,35.8953,34.8156,35.7569,35.7569,17218240
2005-04-07,36.0914,36.4582,35.7998,36.189,36.189,18713205
2005-04-08,36.1207,36.265,35.4107,35.4214,35.4214,10393203
2005-04-11,35.4281,35.6632,35.3404,35.5344,35.5344,11309450
2005-04-12,35.3014,35.513,34.758,34.8273,34.8273,15678785
2005-04-13,34.7786,34.9531,33.8345,33.9105,33.9105,21599267
2005-04-14,34.0334,34.3114,33.5037,33.5974,33.5974,17217126
2005-04-15,33.7417,33.7417,32.2914,32.623,32.623,21747464
2005-04-18,32.6455,33.0658,32.2914,32.8678,32.8678,15086147
2005-04-19,32.9887,33.4716,32.9137,33.3282,33.3282,16131390
2005-04-20,33.334,33.5457,32.3684,32.5235,32.5235,16435474
2005-04-21,32.6855,33.4111,32.6153,33.334,33.334,13590065
2005-04-22,33.4219,33.9398,33.0541,33.6578,33.6578,12800730
2005-04-25,33.9573,34.2402,33.8412,33.9729,33.9729,10650238
2005-04-26,33.9729,34.1026,33.5037,33.5037,33.5037,9849698
2005-04-27,33.5097,33.5457,32.4016,32.4904,32.4904,14521517
2005-04-28,32.2914,32.6288,31.8808,31.9579,31.9579,16377217
2005-04-29,31.991,32.4904,31.6476,32.4904,32.4904,22737339
2005-05-02,32.4611,33.2483,32.0993,33.2483,33.2483,16911283
2005-05-03,33.1409,33.2483,32.7333,32.901,32.901,18311979
2005-05-04,32.943,33.2697,32.7722,33.1224,33.1224,15995514
2005-05-05,33.2424,33.5789,32.9887,33.3039,33.3039,11203182
2005-05-06,33.9652,35.1979,32.8991,32.9537,32.9537,11818386
2005-05-09,33.2424,33.4657,33.0024,33.3975,33.3975,19206941
2005-05-10,33.4033,33.6033,32.9673,33.1058,33.1058,10553084
2005-05-11,33.1058,33.4355,32.9595,33.3653,33.3653,10042071
2005-05-12,33.3593,33.3593,32.1959,32.5235,32.5235,15310373
2005-05-13,32.8103,32.8103,31.8476,32.0398,32.0398,15821544
2005-05-16,32.0398,32.0398,31.2722,31.5599,31.5599,20469680
2005-05-17,31.5238,32.1959,31.1229,32.1587,32.1587,14188466
2005-05-18,32.2554,32.6659,31.9813,32.1451,32.1451,15805062
2005-05-19,32.309,32.6348,32.1812,32.5918,32.5918,11966748
2005-05-20,32.6153,32.6601,32.2554,32.3168,32.3168,9122940
2005-05-23,32.5548,32.9351,32.3411,32.8473,32.8473,13515647
2005-05-24,32.8473,33.0658,32.74,32.8991,32.8991,8820298
2005-05-25,33.0463,33.4803,32.8103,33.3175,33.3175,10526034
2005-05-26,33.4277,33.5906,33.3282,33.5662,33.5662,8336169
2005-05-27,33.5906,34.1661,33.5906,34.1026,34.1026,9333397
2005-05-31,34.2216,34.2607,33.6033,33.6033,33.6033,13543812
2005-06-01,33.7008,34.365,33.615,34.1973,34.1973,11832309
2005-06-02,34.2011,34.4187,33.891,34.3465,34.3465,7922617
2005-06-03,34.3465,34.5123,34.0832,34.4041,34.4041,10615185
2005-06-06,34.8039,34.8039,34.1153,34.2714,34.2714,7918298
2005-06-07,34.2781,34.6703,34.1973,34.2285,34.2285,10283095
2005-06-08,34.2402,34.7913,33.9729,34.2607,34.2607,11818545
2005-06-09,34.3981,35.3277,34.1973,34.9951,34.9951,12772245
2005-06-10,34.9951,35.235,34.6976,35.1775,35.1775,13647678
2005-06-13,35.1775,35.2399,34.8459,34.9951,34.9951,8621208
2005-06-14,34.9902,35.274,34.8537,35.0712,35.0712,7772656
2005-06-15,35.1404,35.5725,35.0712,35.513,35.513,11606486
2005-06-16,35.633,36.2348,35.4974,36.189,36.189,10467624
2005-06-17,36.7059,37.0648,36.547,36.8444,36.8444,22515670
2005-06-20,36.9468,37.1322,36.5557,37.0785,37.0785,9806321
2005-06-21,36.9204,37.1673,36.582,36.7293,36.7293,15468173
2005-06-22,36.8347,37.1506,36.0592,36.4084,36.4084,19174291
2005-06-23,36.4153,37.0843,35.7706,35.8193,35.8193,27933773
2005-06-24,35.4536,36.1158,35.4214,35.4214,35.4214,14815038
2005-06-27,35.5344,36.1158,35.5344,35.7706,35.7706,11098351
2005-06-28,35.913,36.2894,35.5023,35.6184,35.6184,11395073
2005-06-29,35.6184,35.793,35.1775,35.4633,35.4633,13853336
2005-06-30,35.397,35.4418,34.5825,34.9395,34.9395,22607855
2005-07-01,35.2087,35.7627,35.0585,35.5959,35.5959,9329075
2005-07-05,35.793,36.5889,35.6984,36.5889,36.5889,9701497
2005-07-06,36.742,36.8591,35.6232,35.7169,35.7169,10837008
2005-07-07,35.4214,36.1343,35.2214,36.1158,36.1158,11816788
2005-07-08,36.2475,36.4084,35.5344,35.8378,35.8378,8470603
2005-07-11,35.8378,35.9597,35.4779,35.8056,35.8056,7334297
2005-07-12,35.913,36.2417,35.6184,35.9344,35.9344,8555584
2005-07-13,35.95,36.1021,35.6584,35.907,35.907,8910722
2005-07-14,35.907,36.2592,35.1862,35.5023,35.5023,16283111
2005-07-15,35.5023,35.5881,35.0662,35.4107,35.4107,9924274
2005-07-18,35.2897,35.5189,35.1161,35.2155,35.2155,9943324
2005-07-19,35.4555,35.8378,35.1161,35.8056,35.8056,9655723
2005-07-20,35.6467,36.1851,35.4721,35.99,35.99,13535008
2005-07-21,35.8856,35.9266,35.274,35.5959,35.5959,10682406
2005-07-22,35.913,36.2592,35.7851,36.109,36.109,10747216
2005-07-25,36.147,36.8103,36.0357,36.4718,36.4718,13289984
2005-07-26,36.547,36.5762,36.1343,36.147,36.147,11299208
2005-07-27,36.147,36.4776,35.9666,36.4475,36.4475,9370366
2005-07-28,36.7703,36.9097,36.3324,36.8288,36.8288,10918783
2005-07-29,36.9712,37.2823,36.1704,36.2475,36.2475,14346590
2005-08-01,36.3098,36.6787,36.109,36.5079,36.5079,11604889
2005-08-02,36.5889,37.3027,36.4845,37.2131,37.2131,24050326
2005-08-03,37.335,37.9223,37.335,37.7066,37.7066,28210648
2005-08-04,37.7066,38.1153,37.6266,37.7476,37.7476,14691002
2005-08-05,37.7417,37.8978,37.5721,37.7008,37.7008,10864684
2005-08-08,37.9583,38.8518,37.9524,38.2762,38.2762,16407622
2005-08-09,38.4264,38.6703,38.1378,38.2538,38.2538,11000409
2005-08-10,38.6333,39.1472,38.3523,39.0419,39.0419,24067610
2005-08-11,39.0419,39.4477,38.7454,39.0526,39.0526,16208049
2005-08-12,39.1082,39.1472,38.7385,38.9142,38.9142,10569566
2005-08-15,38.7591,39.0205,38.7084,38.8195,38.8195,11042341
2005-08-16,38.564,38.7639,38.0773,38.0773,38.0773,14288972
2005-08-17,37.7359,38.1435,37.1097,37.2648,37.2648,16710745
2005-08-18,36.9917,37.3087,36.6787,37.1673,37.1673,13991616
2005-08-19,37.3633,37.6773,37.335,37.4384,37.4384,14246565
2005-08-22,37.7417,38.0627,37.4189,37.7008,37.7008,11064267
2005-08-23,37.769,37.9163,37.2209,37.534,37.534,10566209
2005-08-24,37.6539,37.7359,37.2765,37.3848,37.3848,13242932
2005-08-25,37.2414,37.5272,37.0015,37.3926,37.3926,9490565
2005-08-26,37.3233,37.4461,37.097,37.1058,37.1058,9755435
2005-08-29,37.3574,37.534,36.8708,37.1858,37.1858,11045535
2005-08-30,37.2336,37.8656,37.2062,37.8295,37.8295,15225702
2005-08-31,37.6823,38.7961,37.6706,38.363,38.363,22046425
2005-09-01,39.3648,39.4409,38.5513,39.1803,39.1803,17539127
2005-09-02,39.1803,39.1803,38.7385,38.9259,38.9259,13811400
2005-09-06,39.0643,39.2097,38.5328,38.9541,38.9541,11935377
2005-09-07,38.9541,39.5842,38.7639,38.9717,38.9717,14028103
2005-09-08,38.6459,39.1579,38.564,38.7785,38.7785,10715369
2005-09-09,38.9999,39.908,38.9999,39.871,39.871,14629549
2005-09-12,39.871,39.9275,39.4534,39.5529,39.5529,16827098
2005-09-13,39.591,39.7325,38.9453,38.9717,38.9717,15924937
2005-09-14,39.077,39.4242,38.96,39.0819,39.0819,14334432
2005-09-15,39.3003,39.4077,38.564,39.0205,39.0205,12826498
2005-09-16,39.315,39.6446,39.2643,39.6008,39.6008,18851165
2005-09-19,39.7373,40.3264,39.7373,40.1822,40.1822,11953140
2005-09-20,40.1822,40.4689,39.8076,40.0163,40.0163,10509075
2005-09-21,40.3655,40.6094,39.99,40.1587,40.1587,11668105
2005-09-22,40.5645,40.6094,39.2389,39.8466,39.8466,12251948
2005-09-23,39.709,39.7773,39.2506,39.5325,39.5325,12447352
2005-09-26,39.432,40.3694,39.432,40.1392,40.1392,9917076
2005-09-27,40.1762,40.3587,39.7325,40.1021,40.1021,9860743
2005-09-28,40.4259,40.6141,40.0963,40.6024,40.6024,10327102
2005-09-29,40.6024,41.2257,40.4473,41.095,41.095,14062037
2005-09-30,41.0453,41.0502,40.4396,40.4473,40.4473,10568928
2005-10-03,40.7712,40.9215,40.0641,40.2699,40.2699,10822921
2005-10-04,40.2777,40.2777,39.1756,39.2643,39.2643,14676764
2005-10-05,39.2643,39.4242,38.482,38.7639,38.7639,21593185
2005-10-06,38.5513,38.7151,36.8708,37.4891,37.4891,29257331
2005-10-07,37.7202,38.1153,37.377,38.1153,38.1153,15900130
2005-10-10,38.0851,38.1104,37.3633,37.694,37.694,11365307
2005-10-11,37.7749,39.2341,37.7749,38.8341,38.8341,18461622
2005-10-12,38.7522,39.1404,37.9583,38.09,38.09,14293777
2005-10-13,37.8978,37.9904,36.5147,37.2024,37.2024,22079554
2005-10-14,36.9401,37.3311,36.1158,37.1673,37.1673,21199789
2005-10-17,37.4842,37.7535,37.0561,37.4588,37.4588,11913459
2005-10-18,36.9273,37.1506,35.7998,35.7998,35.7998,16522372
2005-10-19,35.8798,36.5527,35.2087,36.4542,36.4542,19437403
2005-10-20,36.3158,36.4153,34.3767,34.8331,34.8331,32137789
2005-10-21,34.8459,35.99,34.6781,35.1775,35.1775,18655431
2005-10-24,35.1862,36.189,35.0293,36.1343,36.1343,12934209
2005-10-25,36.2085,36.8708,35.8798,36.659,36.659,15467049
2005-10-26,36.6181,37.1673,35.9266,36.028,36.028,20875389
2005-10-27,36.2348,36.3792,35.2155,35.3014,35.3014,16632486
2005-10-28,35.5189,35.9188,34.2402,35.8525,35.8525,21310866
2005-10-31,35.9666,36.4153,35.2449,35.6584,35.6584,17947560
2005-11-01,35.6584,36.2348,35.5023,36.0163,36.0163,12019084
2005-11-02,35.9549,36.621,35.7509,36.5654,36.5654,11859679
2005-11-03,36.7361,37.2267,36.5353,37.1673,37.1673,14115968
2005-11-04,37.1673,37.1673,35.99,36.2475,36.2475,15008050
2005-11-07,36.2475,36.2475,35.5461,35.868,35.868,13468754
2005-11-08,35.7169,36.229,35.6524,36.1529,36.1529,8399065
2005-11-09,36.147,36.3976,35.4633,35.4721,35.4721,17551456
2005-11-10,35.391,35.6028,34.365,35.1336,35.1336,23466809
2005-11-11,35.0293,35.6028,35.0224,35.3833,35.3833,18467379
2005-11-14,35.5813,35.8739,35.1912,35.3677,35.3677,16609441
2005-11-15,35.6086,36.3098,35.3677,35.4214,35.4214,17058198
2005-11-16,35.1707,35.8525,35.0898,35.7101,35.7101,13997057
2005-11-17,35.99,36.2894,35.6632,35.9013,35.9013,16616639
2005-11-18,36.2417,36.384,35.6768,36.3098,36.3098,12891477
2005-11-21,36.4016,36.8591,36.3792,36.7703,36.7703,13368562
2005-11-22,36.8658,37.0161,36.4776,36.9401,36.9401,13065442
2005-11-23,36.8658,37.0463,36.3655,36.6844,36.6844,10885179
2005-11-25,36.898,36.9644,36.5723,36.5762,36.5762,3755733
2005-11-28,36.4776,36.5147,35.6857,35.7276,35.7276,11098196
2005-11-29,35.913,36.2826,35.7783,35.8446,35.8446,11963065
2005-11-30,35.907,36.3655,35.7402,35.8095,35.8095,12489134
2005-12-01,36.0534,36.7586,35.9997,36.6844,36.6844,10500110
2005-12-02,36.783,37.1506,36.4542,36.9781,36.9781,12526735
2005-12-05,37.1594,37.5155,37.0209,37.2648,37.2648,12273390
2005-12-06,37.297,37.7896,36.9575,37.4794,37.4794,11959547
2005-12-07,37.534,37.8033,36.9311,37.0521,37.0521,10684322
2005-12-08,37.0561,37.4794,37.0161,37.2531,37.2531,15357575
2005-12-09,37.1253,37.1253,36.6894,36.7517,36.7517,13739061
2005-12-12,36.9644,37.3574,36.8103,37.2267,37.2267,10589897
2005-12-13,37.4257,37.4384,36.6951,36.7761,36.7761,12658293
2005-12-14,36.8347,37.1136,36.8044,37.0394,37.0394,14149413
2005-12-15,37.0394,37.0394,36.4776,36.8775,36.8775,11289604
2005-12-16,36.9049,36.9839,35.8953,35.9344,35.9344,16038085
2005-12-19,36.0475,36.1607,35.4214,35.4555,35.4555,15312930
2005-12-20,35.7228,35.8056,35.4536,35.5344,35.5344,13921838
2005-12-21,35.913,36.1958,35.5344,35.6301,35.6301,17228806
2005-12-22,35.6467,35.8915,35.5764,35.6857,35.6857,11381630
2005-12-23,35.6857,35.9188,35.3092,35.6984,35.6984,6368279
2005-12-27,35.6184,35.6301,34.644,34.9229,34.9229,15329253
2005-12-28,35.0712,35.5881,34.9229,35.4281,35.4281,10667200
2005-12-29,35.4477,35.7998,35.2663,35.2828,35.2828,7415925
2005-12-30,35.2828,35.7022,34.9531,35.4721,35.4721,9434709
2006-01-03,35.7706,36.9273,35.6524,36.9156,36.9156,21279338
2006-01-04,36.9156,36.9156,36.5079,36.8103,36.8103,14142694
2006-01-05,36.666,36.8385,36.147,36.3577,36.3577,13815249
2006-01-06,36.8347,37.2209,36.6113,37.0209,37.0209,15378386
2006-01-09,37.1721,37.2267,36.582,36.8347,36.8347,10310459
2006-01-10,36.7147,37.1673,36.7059,37.0161,37.0161,11153407
2006-01-11,37.0015,37.4891,36.6473,37.3926,37.3926,10324868
2006-01-12,37.4891,37.8579,37.2482,37.4189,37.4189,12058612
2006-01-13,37.4189,37.8753,37.335,37.7145,37.7145,9390530
2006-01-17,38.052,38.678,37.9387,38.6508,38.6508,14006655
2006-01-18,38.7258,38.7385,37.7749,38.052,38.052,14378280
2006-01-19,37.7417,38.5834,37.6188,38.4899,38.4899,12607720
2006-01-20,38.7385,39.0068,37.9583,38.1894,38.1894,17907709
2006-01-23,38.1729,38.9785,37.8158,38.8722,38.8722,14344345
2006-01-24,38.8722,39.1883,38.6147,38.7708,38.7708,13443788
2006-01-25,38.9259,39.0819,37.8158,38.2762,38.2762,19920252
2006-01-26,38.4264,38.4264,37.5594,37.6266,37.6266,23069267
2006-01-27,37.5525,37.9641,37.3633,37.7281,37.7281,26707043
2006-01-30,38.0217,38.0217,37.3701,37.9583,37.9583,20205450
2006-01-31,37.7476,37.8656,37.0346,37.1058,37.1058,24431867
2006-02-01,37.1058,37.3633,36.6181,36.6787,36.6787,17795363
2006-02-02,36.6844,36.898,36.0826,36.5557,36.5557,14632268
2006-02-03,36.3158,36.6727,35.8446,35.9266,35.9266,18044549
2006-02-06,36.2417,37.1253,36.2417,36.7635,36.7635,15857073
2006-02-07,36.5762,36.5762,35.99,36.0778,36.0778,15887324
2006-02-08,36.0778,36.3528,35.4935,36.1704,36.1704,15808589
2006-02-09,36.3158,36.8444,35.4477,35.554,35.554,17863696
2006-02-10,35.8135,36.4845,34.9902,35.3716,35.3716,19414203
2006-02-13,35.3833,36.3909,35.2087,35.3756,35.3756,12946214
2006-02-14,34.8977,35.1775,34.6226,34.8156,34.8156,19695553
2006-02-15,34.8977,35.2214,34.6781,34.9668,34.9668,19046572
2006-02-16,35.0498,35.3589,34.9668,35.1775,35.1775,16974817
2006-02-17,35.4779,35.8612,35.1775,35.7228,35.7228,17433504
2006-02-21,36.2348,36.4903,35.9188,36.1773,36.1773,15372789
2006-02-22,36.1773,36.1773,35.5618,35.7627,35.7627,12200414
2006-02-23,35.6768,36.0826,35.4857,35.7022,35.7022,14776470
2006-02-24,35.9666,36.2231,35.868,36.0223,36.0223,13499641
2006-02-27,36.0223,36.0661,35.6467,35.6768,35.6768,9930360
2006-02-28,35.4214,35.513,35.1336,35.2897,35.2897,14157092
2006-03-01,35.4418,35.7998,35.3833,35.7627,35.7627,11824950
2006-03-02,35.7627,35.9841,35.3014,35.6232,35.6232,16095384
2006-03-03,35.5023,35.8915,35.4107,35.5959,35.5959,15158327
2006-03-06,35.4555,35.5287,34.8732,34.8977,34.8977,15496501
2006-03-07,34.8977,34.9531,34.3338,34.5689,34.5689,17256655
2006-03-08,34.5689,34.758,33.8345,34.4401,34.4401,22710444
2006-03-09,34.6586,34.7416,34.0187,34.0187,34.0187,18763946
2006-03-10,33.8345,34.1153,33.5906,33.7885,33.7885,17774713
2006-03-13,34.0724,34.603,33.9037,34.4811,34.4811,16941533
2006-03-14,34.4919,35.2828,34.3836,35.2087,35.2087,16162123
2006-03-15,35.2087,35.3677,34.7913,35.3014,35.3014,13988094
2006-03-16,35.3092,36.2592,35.1638,36.0778,36.0778,18008377
2006-03-17,36.229,36.265,35.6301,35.7276,35.7276,15021488
2006-03-20,35.6184,35.8856,35.397,35.4555,35.4555,11004890
2006-03-21,35.3677,35.6768,35.0829,35.3482,35.3482,9972930
2006-03-22,35.2536,35.7627,35.1483,35.2965,35.2965,10240199
2006-03-23,35.4027,35.5344,35.1161,35.3833,35.3833,11813105
2006-03-24,35.4281,36.1158,35.397,35.9724,35.9724,15086309
2006-03-27,36.147,36.501,35.8193,36.3714,36.3714,11676909
2006-03-28,36.4962,36.783,36.1275,36.1529,36.1529,13994816
2006-03-29,35.9549,36.7586,35.9549,36.6318,36.6318,11718522
2006-03-30,36.7059,37.0463,36.4903,36.5557,36.5557,10769788
2006-03-31,36.4016,36.501,36.028,36.2231,36.2231,11698995
2006-04-03,36.4582,36.9917,36.384,36.4542,36.4542,11073866
2006-04-04,36.4582,36.9575,36.2767,36.8103,36.8103,9275784
2006-04-05,36.8103,37.1858,36.621,37.179,37.179,11001044
2006-04-06,37.2706,37.3926,36.8385,37.1195,37.1195,8341766
2006-04-07,37.2893,37.297,36.4845,36.6473,36.6473,11011771
2006-04-10,36.9536,37.377,36.9311,37.3154,37.3154,11811503
2006-04-11,37.4257,37.8227,37.0394,37.1506,37.1506,11963547
2006-04-12,36.9975,37.3389,36.3976,36.659,36.659,11421002
2006-04-13,36.4903,36.8347,36.2417,36.7293,36.7293,8396827
2006-04-17,36.9781,37.1673,36.8658,37.0648,37.0648,8197244
2006-04-18,37.3984,38.09,37.3984,38.0353,38.0353,14752781
2006-04-19,37.7963,38.3845,37.5594,38.1221,38.1221,13156670
2006-04-20,37.926,38.0684,37.1097,37.5077,37.5077,14356031
2006-04-21,37.7807,38.4313,37.5594,38.4147,38.4147,17526329
2006-04-24,38.4684,38.5454,37.971,38.1104,38.1104,18325582
2006-04-25,38.3572,38.7024,37.5272,37.7476,37.7476,15099108
2006-04-26,37.7593,38.6088,37.4891,37.6266,37.6266,18047747
2006-04-27,37.2706,38.1036,36.6787,37.4794,37.4794,15216107
2006-04-28,37.8033,38.3572,37.7417,38.127,38.127,14191026
2006-05-01,38.5035,38.7385,38.1894,38.2206,38.2206,11408037
2006-05-02,38.4684,39.3325,38.3572,39.2389,39.2389,13378647
2006-05-03,39.2037,39.2037,38.3767,38.678,38.678,13898308
2006-05-04,38.4899,39.0205,38.1435,38.7385,38.7385,15719117
2006-05-05,39.0419,39.3003,38.7258,38.96,38.96,13718103
2006-05-08,38.7385,38.96,38.2889,38.7454,38.7454,10404887
2006-05-09,38.7151,39.4759,38.6703,39.278,39.278,24295827
2006-05-10,39.2448,39.3394,38.8137,39.2916,39.2916,16490048
2006-05-11,39.4808,39.7714,39.0526,39.1803,39.1803,20660290
2006-05-12,39.2097,39.2448,38.2206,38.3523,38.3523,19644339
2006-05-15,37.7476,38.4899,37.4657,37.8383,37.8383,19213984
2006-05-16,37.9904,38.6264,37.769,38.127,38.127,15108237
2006-05-17,37.5008,38.0684,36.4153,36.8288,36.8288,17618190
2006-05-18,36.8288,37.2706,36.6787,36.6787,36.6787,14071959
2006-05-19,36.6844,37.0521,35.8856,36.5353,36.5353,18253240
2006-05-22,36.2417,36.7059,35.6301,36.3792,36.3792,15960625
2006-05-23,36.8444,37.2414,36.2085,36.3031,36.3031,13572781
2006-05-24,36.1421,36.5557,35.3833,35.99,35.99,21036715
2006-05-25,36.5206,37.3311,36.2592,37.1721,37.1721,17726861
2006-05-26,37.2414,37.4461,36.9975,37.3848,37.3848,8514132
2006-05-30,37.4891,37.5399,36.4962,36.5206,36.5206,12512013
2006-05-31,36.5353,37.3848,36.5353,37.3574,37.3574,19635055
2006-06-01,37.2823,37.6139,36.9049,37.4794,37.4794,18389604
2006-06-02,37.7476,38.0217,37.3848,37.9583,37.9583,18214514
2006-06-05,38.2762,38.2957,37.0648,37.0843,37.0843,13867900
2006-06-06,37.0892,37.3154,36.5527,36.823,36.823,16891919
2006-06-07,36.6844,37.3087,35.7169,35.7228,35.7228,22084518
2006-06-08,35.4721,36.2417,34.6226,36.1529,36.1529,24332480
2006-06-09,36.2153,36.4406,35.8135,35.95,35.95,20585712
2006-06-12,36.1637,36.4962,35.8056,35.9841,35.9841,17240651
2006-06-13,35.9841,36.3392,35.4214,35.4779,35.4779,23412716
2006-06-14,35.7101,36.147,35.554,36.1343,36.1343,15903487
2006-06-15,36.426,37.3311,36.3792,37.1322,37.1322,18884611
2006-06-16,36.9273,37.0561,36.3031,36.6844,36.6844,19950181
2006-06-19,36.6894,36.6894,35.6857,35.9344,35.9344,13022387
2006-06-20,36.0914,36.4776,35.8856,35.9344,35.9344,12785687
2006-06-21,35.9412,36.9839,35.9188,36.4153,36.4153,12103906
2006-06-22,36.5147,36.8444,36.2231,36.6533,36.6533,9489117
2006-06-23,36.7147,37.0394,36.6533,36.6844,36.6844,10497072
2006-06-26,36.6894,37.3984,36.5654,37.2893,37.2893,9384608
2006-06-27,37.4891,38.3572,37.4657,37.5525,37.5525,12239619
2006-06-28,37.7066,38.4147,37.7066,38.3387,38.3387,13264538
2006-06-29,38.4772,39.3501,38.4391,39.0205,39.0205,15918211
2006-06-30,39.0205,39.1756,38.7084,38.7785,38.7785,12968457
2006-07-03,38.9072,39.3648,38.9025,39.2097,39.2097,5014634
2006-07-05,39.2155,40.0085,39.0819,39.9158,39.9158,15792419
2006-07-06,39.9158,40.3655,39.789,39.9773,39.9773,13478677
2006-07-07,40.0856,40.6141,39.5696,39.789,39.789,14301455
2006-07-10,39.7373,40.3002,39.6086,40.1587,40.1587,10045753
2006-07-11,40.3186,40.9506,40.3129,40.7995,40.7995,13984414
2006-07-12,40.9576,41.1701,40.3002,40.5333,40.5333,15523388
2006-07-13,40.6522,41.1184,40.543,40.578,40.578,16286150
2006-07-14,40.9146,41.731,40.8882,41.4783,41.4783,23892527
2006-07-17,41.057,41.4501,40.3186,40.5333,40.5333,17190077
2006-07-18,40.861,41.2833,40.4824,40.9576,40.9576,13891753
2006-07-19,40.9576,41.4501,40.6522,41.2326,41.2326,15947021
2006-07-20,41.2706,41.3886,40.7401,40.8152,40.8152,13390174
2006-07-21,41.101,41.101,40.2445,40.2699,40.2699,16144831
2006-07-24,40.3919,41.6373,40.3919,41.4091,41.4091,13392569
2006-07-25,41.5018,41.9641,41.1136,41.8343,41.8343,13357527
2006-07-26,41.8412,42.4947,41.7076,42.1748,42.1748,13394494
2006-07-27,42.7648,42.7834,42.2021,42.323,42.323,14830888
2006-07-28,41.4266,41.5203,40.5713,41.2706,41.2706,24554465
2006-07-31,41.0502,41.3574,40.7712,41.101,41.101,14632100
2006-08-01,41.0619,41.5203,40.7751,41.3945,41.3945,11561200
2006-08-02,41.5495,41.9154,41.101,41.2219,41.2219,16036807
2006-08-03,41.0785,41.3262,40.9263,40.9263,40.9263,16563827
2006-08-04,41.2219,41.2657,40.5897,41.0249,41.0249,12204575
2006-08-07,41.1887,41.8831,41.1184,41.7583,41.7583,14767181
2006-08-08,41.7651,42.1328,41.6842,41.9894,41.9894,13675046
2006-08-09,42.1806,42.6391,42.0645,42.166,42.166,17105094
2006-08-10,42.0451,42.2937,41.772,42.0822,42.0822,14115008
2006-08-11,42.0822,42.482,41.9318,42.3971,42.3971,8150519
2006-08-14,42.1748,42.244,41.5018,41.8938,41.8938,9932278
2006-08-15,42.3338,42.3338,41.5495,41.7758,41.7758,11616573
2006-08-16,41.8627,41.8627,40.584,40.8698,40.8698,15151450
2006-08-17,40.502,41.3477,40.502,41.334,41.334,19158928
2006-08-18,41.4579,42.0596,41.3409,42.0265,42.0265,14515437
2006-08-21,42.127,42.2079,41.6949,41.7944,41.7944,12697508
2006-08-22,41.613,41.726,41.3681,41.5826,41.5826,10997688
2006-08-23,41.5135,41.6373,40.8765,41.0384,41.0384,12100865
2006-08-24,41.0384,41.6949,41.0043,41.6949,41.6949,8540706
2006-08-25,41.7377,42.1689,41.6842,41.7203,41.7203,6960920
2006-08-28,41.4325,41.5495,41.1526,41.3409,41.3409,8719469
2006-08-29,41.2219,41.2374,40.6952,41.0785,41.0785,11383068
2006-08-30,41.0843,41.1624,40.0856,40.7331,40.7331,14651632
2006-08-31,40.7331,40.7331,40.2084,40.2367,40.2367,10430813
2006-09-01,40.4396,40.5498,40.1723,40.5088,40.5088,10041744
2006-09-05,41.0706,41.9572,40.8326,41.4501,41.4501,21347034
2006-09-06,41.296,41.4783,40.6765,40.7537,40.7537,17702534
2006-09-07,40.6181,41.5203,40.6094,40.861,40.861,12790327
2006-09-08,40.861,40.9019,40.0641,40.1245,40.1245,10496754
2006-09-11,39.7597,39.789,38.3523,38.7385,38.7385,29872056
2006-09-12,38.7385,38.9386,38.09,38.3572,38.3572,18915503
2006-09-13,38.4967,39.115,38.4147,38.9853,38.9853,15217384
2006-09-14,39.0282,39.2224,38.4264,38.7708,38.7708,12827139
2006-09-15,38.7785,38.7961,38.2655,38.6088,38.6088,16824219
2006-09-18,38.7385,39.4876,38.564,39.2691,39.2691,13122900
2006-09-19,39.3725,39.4584,38.4391,38.6703,38.6703,12365255
2006-09-20,38.678,38.8595,38.0275,38.0412,38.0412,15393754
2006-09-21,38.167,38.9853,38.167,38.7708,38.7708,14467102
2006-09-22,38.9259,39.0068,38.2831,38.7024,38.7024,11913293
2006-09-25,38.403,39.2564,37.9387,38.8518,38.8518,17285784
2006-09-26,38.8518,39.8017,38.7639,39.7325,39.7325,17224168
2006-09-27,39.8866,40.458,39.5412,40.1108,40.1108,19622734
2006-09-28,40.0562,40.5645,40.0368,40.3186,40.3186,15824428
2006-09-29,40.2367,40.6952,39.9968,40.5293,40.5293,10746900
2006-10-02,40.5498,40.8326,40.2777,40.3059,40.3059,12732392
2006-10-03,39.99,39.9968,39.315,39.3267,39.3267,20407105
2006-10-04,39.5208,39.945,38.8781,39.8017,39.8017,18051913
2006-10-05,40.0719,40.2835,39.6281,39.9158,39.9158,15257232
2006-10-06,39.6886,39.9158,39.2389,39.7773,39.7773,14189267
2006-10-09,40.0036,40.1071,39.4534,39.5139,39.5139,12494729
2006-10-10,39.4203,39.9373,39.3648,39.9275,39.9275,17442628
2006-10-11,39.7597,39.8817,39.3648,39.4242,39.4242,14980199
2006-10-12,39.671,40.0914,39.5569,40.0036,40.0036,12915484
2006-10-13,40.2123,40.4396,39.952,40.1108,40.1108,12306356
2006-10-16,40.2445,40.7401,40.1021,40.6464,40.6464,12500332
2006-10-17,40.6835,40.7274,40.4337,40.5713,40.5713,10755063
2006-10-18,40.578,40.8765,40.1538,40.3655,40.3655,12694626
2006-10-19,40.4884,41.015,40.2123,41.015,41.015,11143648
2006-10-20,41.1331,41.1624,40.5645,40.7878,40.7878,15348934
2006-10-23,40.578,41.015,40.3186,41.015,41.015,10572612
2006-10-24,41.015,41.8831,40.9019,41.7944,41.7944,14314741
2006-10-25,41.652,42.6488,41.5018,42.2256,42.2256,18872446
2006-10-26,42.6635,42.8,42.0372,42.1748,42.1748,14206075
2006-10-27,42.5191,42.7863,42.127,42.2889,42.2889,14090522
2006-10-30,41.9944,42.2889,41.2521,41.4823,41.4823,14143493
2006-10-31,41.2998,42.0822,41.091,41.9894,41.9894,17141104
2006-11-01,41.9894,42.2147,41.5554,41.851,41.851,12516658
2006-11-02,41.8343,42.4186,41.57,42.3543,42.3543,14425653
2006-11-03,42.4879,43.3188,42.4879,43.0565,43.0565,13742591
2006-11-06,43.1424,43.7031,42.9629,43.5949,43.5949,16325203
2006-11-07,43.6437,43.6885,42.8936,43.0565,43.0565,15521308
2006-11-08,42.8623,43.6008,42.8623,43.432,43.432,14839837
2006-11-09,43.6504,43.9869,43.4515,43.8632,43.8632,18012217
2006-11-10,43.9226,43.9822,43.2018,43.4515,43.4515,13947606
2006-11-13,43.4515,44.2563,43.1491,43.9578,43.9578,14017220
2006-11-14,44.027,44.1567,43.6749,43.9762,43.9762,12705026
2006-11-15,43.6437,44.1323,43.4691,43.709,43.709,13992733
2006-11-16,43.9304,44.027,42.7922,42.8332,42.8332,14805274
2006-11-17,42.5571,43.2886,42.404,43.1765,43.1765,16495172
2006-11-20,43.0146,43.6817,42.9424,43.2642,43.2642,11932498
2006-11-21,43.4759,43.9382,43.395,43.8749,43.8749,12329566
2006-11-22,43.8749,44.0523,43.1247,43.4866,43.4866,11796784
2006-11-24,43.0965,43.6134,42.9492,43.0146,43.0146,4615324
2006-11-27,43.2945,43.5344,42.7366,42.956,42.956,15268116
2006-11-28,43.0428,43.7841,43.0194,43.6622,43.6622,12212578
2006-11-29,43.8632,44.9868,43.6817,44.3957,44.3957,16384895
2006-11-30,44.5196,45.5866,44.4561,45.1886,45.1886,19100676
2006-12-01,45.1906,45.7767,44.8823,45.6821,45.6821,16629125
2006-12-04,45.6821,45.9513,45.4247,45.926,45.926,11986596
2006-12-05,46.0283,46.3435,45.4754,46.2079,46.2079,13108176
2006-12-06,46.1416,46.4908,45.926,45.9621,45.9621,16404266
2006-12-07,46.0283,46.2361,45.6442,45.8099,45.8099,11255996
2006-12-08,45.9992,46.2361,45.4724,45.5027,45.5027,12007881
2006-12-11,45.5027,46.2645,45.4013,46.049,46.049,12747596
2006-12-12,46.5269,46.5922,45.8451,46.1416,46.1416,14804316
2006-12-13,46.5668,46.6877,46.1563,46.4868,46.4868,11206221
2006-12-14,46.6877,47.6124,46.5209,47.4681,47.4681,14695803
2006-12-15,47.4817,47.5568,46.8507,47.1004,47.1004,15067583
2006-12-18,46.9247,47.1268,45.7699,45.8178,45.8178,14658029
2006-12-19,45.6013,46.7297,45.3008,46.5453,46.5453,14652748
2006-12-20,46.5269,46.8067,45.9123,46.0226,46.0226,13770117
2006-12-21,46.0283,46.3395,45.3272,45.7563,45.7563,12022601
2006-12-22,45.8002,45.926,45.4013,45.4413,45.4413,7040779
2006-12-26,45.3886,45.8635,45.3203,45.6694,45.6694,6413729
2006-12-27,45.7885,46.323,45.7767,46.2645,46.2645,8155800
2006-12-28,46.399,46.5561,46.2421,46.4117,46.4117,6403809
2006-12-29,46.168,46.3005,45.926,45.9445,45.9445,8537184
2007-01-03,45.4724,45.7699,44.0806,44.344,44.344,20077411
2007-01-04,44.3011,44.3333,43.4866,43.9128,43.9128,17323075
2007-01-05,43.9128,44.4385,43.8104,44.0806,44.0806,15219467
2007-01-08,44.4024,44.7127,43.7363,44.6444,44.6444,15067583
2007-01-09,44.3508,44.5761,43.6437,44.1323,44.1323,16711229
2007-01-10,43.5822,43.9304,43.0681,43.3686,43.3686,18871330
2007-01-11,43.3121,44.4494,42.7863,42.9219,42.9219,19482375
2007-01-12,43.1765,44.1266,43.1765,43.9578,43.9578,14478783
2007-01-16,43.791,44.1743,43.2584,43.5344,43.5344,13155708
2007-01-17,43.5559,44.2806,43.4242,44.2513,44.2513,16876710
2007-01-18,44.2563,44.8893,43.749,44.3137,44.3137,16231099
2007-01-19,44.5693,45.2335,44.2386,45.1886,45.1886,15549794
2007-01-22,45.3066,45.3603,44.3333,44.5,44.5,19155729
2007-01-23,44.7429,45.7699,44.738,45.3398,45.3398,14292976
2007-01-24,45.294,45.7699,44.7995,45.5106,45.5106,10718091
2007-01-25,45.3008,45.4754,44.5371,44.6883,44.6883,12903319
2007-01-26,45.0765,45.2189,44.5069,44.6736,44.6736,11629210
2007-01-29,44.6805,45.1779,44.5137,44.6942,44.6942,10119691
2007-01-30,44.9574,45.6549,44.895,45.6549,45.6549,10238927
2007-01-31,45.6091,45.8869,45.1731,45.5397,45.5397,15616694
2007-02-01,45.7699,46.837,45.6734,46.5317,46.5317,17533049
2007-02-02,46.1123,46.6273,45.8002,46.2645,46.2645,11806704
2007-02-05,46.2713,46.4176,45.8987,46.1026,46.1026,13494039
2007-02-06,46.3308,46.3504,45.573,45.8451,45.8451,13403299
2007-02-07,46.1563,46.2937,45.3272,45.3886,45.3886,15320615
2007-02-08,45.2736,46.1894,45.0434,46.082,46.082,16258783
2007-02-09,46.1952,46.2361,45.65,45.8099,45.8099,10406484
2007-02-12,45.6734,45.7192,44.9184,45.1886,45.1886,19917294
2007-02-13,45.4413,45.5866,45.2784,45.5027,45.5027,12658394
2007-02-14,45.3886,45.6383,44.8492,45.1068,45.1068,12656053
2007-02-15,45.0247,45.0247,44.463,44.5878,44.5878,16364093
2007-02-16,44.3683,44.6386,44.1879,44.2445,44.2445,15394555
2007-02-20,44.144,44.144,43.749,43.8104,43.8104,14960038
2007-02-21,43.8104,43.9822,43.2379,43.7031,43.7031,21215961
2007-02-22,43.749,44.3381,43.6359,44.1567,44.1567,13448589
2007-02-23,44.4815,44.5371,44.0942,44.4094,44.4094,12583399
2007-02-26,44.6249,45.0004,44.4425,44.6181,44.6181,11926013
2007-02-27,44.1811,44.5,42.5005,42.8536,42.8536,21822849
2007-02-28,42.8576,43.5822,42.7142,42.8126,42.8126,23743684
2007-03-01,42.0645,42.8126,40.6094,42.2401,42.2401,22630131
2007-03-02,42.2256,42.3338,41.4375,41.731,41.731,17328035
2007-03-05,41.3614,42.0695,41.2434,41.5095,41.5095,18637846
2007-03-06,42.0372,42.3064,41.7203,42.2811,42.2811,18377915
2007-03-07,42.361,43.6223,42.2206,42.6965,42.6965,20468726
2007-03-08,43.0818,43.1491,42.482,42.7785,42.7785,17248650
2007-03-09,43.0087,43.1364,42.4879,42.7834,42.7834,12271628
2007-03-12,42.7834,43.2379,42.5278,43.0087,43.0087,15070301
2007-03-13,43.0087,43.4866,42.2256,42.3904,42.3904,15117674
2007-03-14,42.6761,42.8868,41.9154,42.6888,42.6888,18234817
2007-03-15,42.6127,43.2945,42.368,43.0331,43.0331,15998232
2007-03-16,43.2642,43.4242,42.3396,42.5405,42.5405,20357974
2007-03-19,42.8536,43.5822,42.8126,43.3511,43.3511,22387156
2007-03-20,43.3569,43.8251,43.2292,43.7714,43.7714,13192517
2007-03-21,43.9762,44.6688,43.7714,44.5761,44.5761,16263956
2007-03-22,44.7088,45.8987,44.5371,45.5671,45.5671,21112891
2007-03-23,45.8568,46.2937,45.7358,46.049,46.049,17418850
2007-03-26,46.323,46.5795,45.9319,46.4868,46.4868,16182324
2007-03-27,46.2421,46.4702,45.9992,46.3435,46.3435,13967292
2007-03-28,46.5317,46.6596,46.0889,46.2879,46.2879,16383943
2007-03-29,46.4654,46.8507,46.4371,46.8292,46.8292,16400786
2007-03-30,46.7404,46.7404,45.8499,46.2128,46.2128,13595505
2007-04-02,46.2713,46.8916,46.2713,46.7561,46.7561,13111019
2007-04-03,46.6195,47.2301,46.5317,47.0751,47.0751,14946911
2007-04-04,46.9384,47.3325,46.6429,47.2076,47.2076,10598377
2007-04-05,47.2135,47.427,47.0614,47.2418,47.2418,10090797
2007-04-09,47.0614,47.7372,46.9462,47.1696,47.1696,10256529
2007-04-10,47.3559,48.2504,47.2672,48.1371,48.1371,14124729
2007-04-11,48.1371,48.4035,47.7772,47.8368,47.8368,17206233
2007-04-12,47.9538,48.2591,47.669,48.2171,48.2171,12882753
2007-04-13,48.4249,48.4249,47.8933,48.1177,48.1177,11627824
2007-04-16,48.2678,48.7204,47.9129,48.6541,48.6541,13299417
2007-04-17,48.7351,49.093,48.4473,48.7137,48.7137,14102521
2007-04-18,48.4551,48.8112,48.299,48.5927,48.5927,11275634
2007-04-19,48.4035,48.5137,47.946,47.9929,47.9929,12824780
2007-04-20,48.2912,49.1301,48.1498,49.0198,49.0198,25001877
2007-04-23,48.7751,49.2871,48.3615,48.462,48.462,19593526
2007-04-24,48.181,48.619,48.0543,48.1742,48.1742,14409531
2007-04-25,48.4736,49.3173,48.4551,48.9369,48.9369,17483975
2007-04-26,48.8434,48.9751,48.299,48.8491,48.8491,16683667
2007-04-27,49.0004,49.0502,48.3254,48.7878,48.7878,12994422
2007-04-30,48.7936,49.4051,48.5868,48.6044,48.6044,17910683
2007-05-01,48.7204,49.1301,48.3742,48.8063,48.8063,14791317
2007-05-02,49.0345,49.3486,48.7878,49.1359,49.1359,10264755
2007-05-03,49.1428,49.8997,49.0062,49.7124,49.7124,11392029
2007-05-04,49.8606,50.2079,49.2383,49.5505,49.5505,12401970
2007-05-07,49.1301,49.7992,49.0559,49.7241,49.7241,11680099
2007-05-08,49.6246,50.1054,49.2813,50.0167,50.0167,11232070
2007-05-09,49.9338,49.9699,49.292,49.8313,49.8313,11856640
2007-05-10,49.686,49.7875,48.8297,48.858,48.858,12616044
2007-05-11,49.0502,50.0665,49.0502,50.0099,50.0099,13487439
2007-05-14,49.9874,50.5726,49.8802,50.5287,50.5287,20049411
2007-05-15,50.5726,50.8409,50.3678,50.4419,50.4419,15755916
2007-05-16,50.0782,50.5688,49.7426,50.4419,50.4419,15111901
2007-05-17,50.4556,51.234,50.1114,50.8984,50.8984,12457123
2007-05-18,51.152,51.8104,51.112,51.7665,51.7665,17729820
2007-05-21,51.9294,52.2132,51.5969,51.7519,51.7519,18078504
2007-05-22,51.7519,52.0054,51.2613,51.348,51.348,14747759
2007-05-23,51.348,51.8045,50.716,50.8633,50.8633,22759335
2007-05-24,51.0311,51.1599,49.8313,49.9699,49.9699,21226733
2007-05-25,50.2352,50.6946,50.1601,50.6946,50.6946,10946015
2007-05-29,50.599,50.6127,49.9874,50.4302,50.4302,12746955
2007-05-30,50.3376,51.4184,50.085,51.393,51.393,17236324
2007-05-31,51.3305,51.4592,50.6273,50.916,50.916,18430371
2007-06-01,51.0846,51.5636,51.0613,51.3793,51.3793,11741491
2007-06-04,51.3617,52.0162,51.234,51.9421,51.9421,12736166
2007-06-05,51.6797,51.8845,51.3422,51.6905,51.6905,11846411
2007-06-06,51.6905,51.6905,50.8409,51.1053,51.1053,12036642
2007-06-07,51.0155,51.2759,50.0498,50.1114,50.1114,17573209
2007-06-08,49.9914,50.4498,49.4363,50.4175,50.4175,13685937
2007-06-11,50.399,51.0973,50.1532,50.835,50.835,10858122
2007-06-12,50.8302,51.1189,50.2995,50.3376,50.3376,11865281
2007-06-13,50.4937,50.9559,50.4352,50.7063,50.7063,15922214
2007-06-14,50.8682,51.5782,50.8633,51.4408,51.4408,13504284
2007-06-15,51.7723,52.2356,51.7119,51.9665,51.9665,15095752
2007-06-18,52.0279,52.4863,52.0279,52.104,52.104,9596078
2007-06-19,51.8553,52.3292,51.8299,52.0405,52.0405,11256154
2007-06-20,52.2356,52.2981,50.4606,50.5893,50.5893,17624675
2007-06-21,50.916,51.8737,50.835,51.7665,51.7665,16096423
2007-06-22,51.7665,51.8231,50.9218,50.9559,50.9559,21512136
2007-06-25,50.9599,52.2718,50.9218,51.8299,51.8299,20307220
2007-06-26,52.1664,52.3469,51.4661,51.6729,51.6729,21585272
2007-06-27,51.393,52.4863,50.9979,52.417,52.417,16397048
2007-06-28,53.0433,53.0433,52.3859,52.5975,52.5975,13754360
2007-06-29,52.9779,53.2305,52.1868,52.6337,52.6337,17172533
2007-07-02,52.9233,53.2851,52.7419,53.2023,53.2023,13142872
2007-07-03,52.2356,54.1688,52.2356,53.9415,53.9415,7384550
2007-07-05,54.2292,54.4477,53.4295,54.0908,54.0908,13991585
2007-07-06,54.0908,54.956,54.0908,54.7843,54.7843,18765400
2007-07-09,54.7053,56.1098,54.6439,55.9245,55.9245,17023601
2007-07-10,55.9245,56.3644,54.8662,55.6094,55.6094,22194466
2007-07-11,55.9099,56.7779,55.43,56.7048,56.7048,19594083
2007-07-12,56.8033,58.3395,56.7048,58.2956,58.2956,20129202
2007-07-13,58.4098,59.3577,58.0332,58.3161,58.3161,15325090
2007-07-16,58.4195,58.7637,57.0803,57.5601,57.5601,16798625
2007-07-17,58.1609,58.1609,56.6706,56.9213,56.9213,15587987
2007-07-18,56.9135,58.3785,56.6101,58.1609,58.1609,18209902
2007-07-19,58.3981,58.5668,57.7845,58.1093,58.1093,13481793
2007-07-20,58.1093,58.3025,57.094,57.5601,57.5601,16534661
2007-07-23,57.5914,58.2087,56.9516,57.8401,57.8401,15453075
2007-07-24,57.2608,57.5767,55.9655,56.1429,56.1429,17545990
2007-07-25,56.1499,57.2899,55.2662,56.8911,56.8911,22648251
2007-07-26,55.7733,56.5155,53.9035,54.6487,54.6487,27282491
2007-07-27,55.1803,55.5714,52.8619,53.2373,53.2373,27299115
2007-07-30,53.6422,54.3581,52.417,54.004,54.004,19393467
2007-07-31,53.8957,54.6439,53.2101,53.2715,53.2715,19010057
2007-08-01,52.9662,55.9245,51.5782,53.2178,53.2178,34454791
2007-08-02,52.8043,53.7358,51.6036,52.417,52.417,25256850
2007-08-03,52.3049,53.1116,50.3483,50.6273,50.6273,24848976
2007-08-06,50.7287,51.2857,48.9808,51.2496,51.2496,27398969
2007-08-07,50.8185,52.417,50.3112,51.9752,51.9752,24323651
2007-08-08,51.8475,53.5046,51.8475,52.6931,52.6931,23090794
2007-08-09,51.9235,52.9496,50.6809,50.6809,50.6809,24796707
2007-08-10,50.0733,52.3176,49.6207,52.1225,52.1225,21204694
2007-08-13,52.5468,52.6784,51.3041,51.5129,51.5129,16824697
2007-08-14,51.8991,52.2981,51.3041,51.5588,51.5588,24523276
2007-08-15,51.393,52.3673,50.2244,50.4606,50.4606,19603920
2007-08-16,49.649,51.2106,48.8941,50.8555,50.8555,30996628
2007-08-17,52.2913,53.173,51.6972,52.7107,52.7107,25936019
2007-08-20,52.4863,53.4558,51.8737,53.0433,53.0433,14785530
2007-08-21,52.5741,53.2637,52.2172,52.6736,52.6736,18128329
2007-08-22,52.9916,53.4617,52.7038,53.3535,53.3535,16366661
2007-08-23,53.6119,54.0303,52.542,53.4081,53.4081,13868546
2007-08-24,53.6723,54.6916,53.6723,54.4965,54.4965,12295636
2007-08-27,54.1299,54.6018,53.9484,54.3581,54.3581,10226917
2007-08-28,54.1102,54.1913,52.6736,52.6736,52.6736,16098901
2007-08-29,53.2373,54.5951,52.9076,54.1746,54.1746,16080816
2007-08-30,54.1746,54.7355,53.449,54.4791,54.4791,12470563
2007-08-31,55.1803,55.5206,54.6487,54.835,54.835,13050398
2007-09-04,54.4791,55.7801,54.4624,55.4416,55.4416,15281860
2007-09-05,55.2788,55.3909,54.8535,55.2076,55.2076,14630085
2007-09-06,55.2837,55.8133,55.0516,55.5675,55.5675,10291255
2007-09-07,54.9433,55.6309,54.4791,54.7648,54.7648,15648090
2007-09-10,54.7111,55.1685,53.6792,54.3913,54.3913,16775719
2007-09-11,54.6779,55.6924,54.1746,55.3548,55.3548,16203570
2007-09-12,55.2475,56.1362,55.1607,55.7284,55.7284,17749269
2007-09-13,56.0182,56.7399,55.9479,56.2923,56.2923,14350592
2007-09-14,55.8611,57.0266,55.8425,56.6432,56.6432,12760590
2007-09-17,56.2414,57.1974,56.2347,56.816,56.816,12372998
2007-09-18,56.9857,58.4409,56.8267,58.322,58.322,15684070
2007-09-19,58.5442,59.3216,58.4779,58.8018,58.8018,18218829
2007-09-20,58.7472,59.1266,58.5794,58.8398,58.8398,13114129
2007-09-21,58.9071,59.585,58.8018,59.2583,59.2583,20225850
2007-09-24,59.3577,59.6708,58.8525,58.954,58.954,14449658
2007-09-25,58.1669,58.4779,57.2725,57.4099,57.4099,20007078
2007-09-26,58.2195,58.3102,57.1525,57.8059,57.8059,18065862
2007-09-27,58.2721,58.5014,58.0449,58.4253,58.4253,11801275
2007-09-28,58.4555,58.9842,58.1093,58.4712,58.4712,13625728
2007-10-01,58.2956,59.0642,58.2781,59.0086,59.0086,14312339
2007-10-02,58.6829,58.7267,57.3729,57.8332,57.8332,14623478
2007-10-03,57.1798,57.4733,56.7165,57.1592,57.1592,14011304
2007-10-04,57.2655,57.5036,56.5672,57.3827,57.3827,10826600
2007-10-05,57.5475,57.8401,56.8617,57.684,57.684,10399769
2007-10-08,57.2022,57.4587,57.0471,57.2217,57.2217,9055882
2007-10-09,57.3758,58.1093,57.2842,57.9855,57.9855,13917035
2007-10-10,56.4404,57.7845,56.417,57.5348,57.5348,18447258
2007-10-11,57.8099,57.9991,56.3351,56.8617,56.8617,14680747
2007-10-12,57.1886,57.3212,56.7857,57.1154,57.1154,9616871
2007-10-15,57.6528,58.0713,57.4733,57.6889,57.6889,13590802
2007-10-16,57.7357,58.6399,57.5533,58.3911,58.3911,17426620
2007-10-17,58.6594,58.6984,57.5172,58.2721,58.2721,17155027
2007-10-18,58.1532,58.5794,57.4821,57.7455,57.7455,16005592
2007-10-19,57.9229,57.9229,55.6309,55.7801,55.7801,22586414
2007-10-22,55.0857,55.3051,54.1854,55.2602,55.2602,17309313
2007-10-23,55.5675,56.0542,54.8739,55.5607,55.5607,15411996
2007-10-24,55.6874,56.4981,55.1744,56.1703,56.1703,17580832
2007-10-25,56.5205,57.2354,55.9723,57.0041,57.0041,14777743
2007-10-26,57.3962,57.6704,56.9213,57.2655,57.2655,11973788
2007-10-29,57.3962,58.4653,57.2354,58.0332,58.0332,14799513
2007-10-30,57.328,57.4519,56.0396,56.2853,56.2853,15407676
2007-10-31,56.4872,57.567,56.3448,57.1798,57.1798,15831488
2007-11-01,56.2639,57.1592,55.2924,55.6348,55.6348,16871747
2007-11-02,54.7648,55.7801,54.4234,55.2837,55.2837,19804918
2007-11-05,54.6546,55.7334,54.6487,55.2837,55.2837,14542102
2007-11-06,55.4153,56.6706,55.4153,56.6355,56.6355,15812398
2007-11-07,56.4981,56.81,54.5561,54.6985,54.6985,20453963
2007-11-08,54.9627,56.6024,54.7979,55.7226,55.7226,28163410
2007-11-09,55.55,55.55,54.4234,54.521,54.521,16221766
2007-11-12,54.3581,54.3581,52.7419,53.2784,53.2784,19967960
2007-11-13,53.6236,54.3522,52.2289,54.2546,54.2546,19101562
2007-11-14,54.5785,55.191,53.5612,53.8264,53.8264,15936231
2007-11-15,53.6987,54.0371,52.1615,52.5858,52.5858,18259662
2007-11-16,53.0364,54.0303,52.9233,53.726,53.726,18194820
2007-11-19,53.726,53.9688,52.8746,53.132,53.132,13680036
2007-11-20,53.1407,55.3665,53.1407,54.9227,54.9227,17428923
2007-11-21,54.8614,55.2924,53.4792,53.5768,53.5768,18306876
2007-11-23,54.0215,54.398,53.649,54.1542,54.1542,5487064
2007-11-26,54.2643,54.5697,52.1868,52.3526,52.3526,16468072
2007-11-27,52.1439,52.8549,51.1871,52.6784,52.6784,23273702
2007-11-28,52.8111,54.0547,52.5351,53.7728,53.7728,17230276
2007-11-29,53.4909,54.5697,53.4909,54.0869,54.0869,14147487
2007-11-30,54.442,54.8399,53.7456,54.8399,54.8399,18738991
2007-12-03,54.4234,55.0984,54.1971,54.8838,54.8838,12697986
2007-12-04,54.4477,54.8457,54.2546,54.4624,54.4624,10537700
2007-12-05,54.8535,56.062,54.8535,55.7977,55.7977,16719998
2007-12-06,55.7801,57.2969,55.5206,57.094,57.094,15408407
2007-12-07,56.6639,57.2295,56.4444,56.8326,56.8326,10566599
2007-12-10,57.0041,57.49,56.7048,57.3095,57.3095,8810783
2007-12-11,57.2842,57.8528,56.1147,56.1634,56.1634,12827210
2007-12-12,57.4304,58.0917,56.816,57.3476,57.3476,17306898
2007-12-13,57.1798,58.242,56.9437,58.1609,58.1609,13647403
2007-12-14,57.7992,58.0859,57.4304,57.4977,57.4977,17749634
2007-12-17,57.2969,57.3349,55.9723,56.223,56.223,13027741
2007-12-18,56.6101,57.2529,55.9908,56.9788,56.9788,13969315
2007-12-19,57.1027,57.5601,56.4355,56.7974,56.7974,13323878
2007-12-20,56.816,57.8099,56.7974,57.5172,57.5172,9897148
2007-12-21,57.6704,59.1568,57.6479,58.7589,58.7589,21757051
2007-12-24,58.5014,59.229,58.5014,59.0339,59.0339,4669315
2007-12-26,58.9286,59.4865,58.9286,59.2583,59.2583,11967298
2007-12-27,59.4094,59.4094,58.5151,58.5794,58.5794,13051609
2007-12-28,58.7403,59.3169,58.2956,59.272,59.272,12610077
2007-12-31,58.9647,59.0974,58.1152,58.3161,58.3161,7932761
2008-01-02,58.7101,59.1655,57.9289,58.3981,58.3981,14496626
2008-01-03,58.6086,59.2583,58.3981,59.1159,59.1159,16770971
2008-01-04,58.6594,59.4914,58.2351,58.3287,58.3287,20971628
2008-01-07,58.5716,58.5716,56.9516,57.567,57.567,20632059
2008-01-08,57.7397,58.3463,56.5946,56.8267,56.8267,17585041
2008-01-09,56.7857,57.9532,56.5809,57.8401,57.8401,19922430
2008-01-10,57.2354,57.5475,56.3234,57.4226,57.4226,22057172
2008-01-11,57.2354,57.8401,56.3781,56.6541,56.6541,16924568
2008-01-14,56.9984,57.3895,56.4941,56.8033,56.8033,15954034
2008-01-15,56.2113,56.2639,55.0778,55.154,55.154,21901775
2008-01-16,54.7911,55.2231,53.2422,53.8918,53.8918,25141809
2008-01-17,54.0488,54.4673,51.2974,51.7032,51.7032,30263948
2008-01-18,51.7032,53.0959,50.5356,52.1498,52.1498,30198662
2008-01-22,48.8804,51.4661,47.7372,50.7677,50.7677,33414073
2008-01-23,49.211,50.9121,47.7372,50.8916,50.8916,32655932
2008-01-24,51.1423,52.2913,50.7005,52.2786,52.2786,22325238
2008-01-25,52.9076,53.1116,50.8858,51.1267,51.1267,22297792
2008-01-28,50.6946,52.023,50.1308,51.7723,51.7723,15550650
2008-01-29,51.9918,52.3117,51.1725,51.6104,51.6104,14704221
2008-01-30,51.3041,53.2549,51.1939,52.0054,52.0054,15068278
2008-01-31,51.2974,52.8004,50.7628,52.0162,52.0162,20219497
2008-02-01,52.9301,53.0686,50.9422,51.5431,51.5431,25708124
2008-02-04,51.5588,51.8475,50.6194,51.2496,51.2496,16483006
2008-02-05,50.4419,50.6048,49.7426,49.8236,49.8236,25098297
2008-02-06,50.0665,50.3317,48.264,48.4327,48.4327,24120026
2008-02-07,48.181,49.5095,47.8046,49.1973,49.1973,20118672
2008-02-08,49.5455,49.6598,48.9808,49.5231,49.5231,13253766
2008-02-11,50.125,50.2811,49.0559,50.2547,50.2547,28210486
2008-02-12,50.5103,51.4408,50.2421,50.6878,50.6878,19732422
2008-02-13,50.5649,51.4184,50.1659,51.312,51.312,19444205
2008-02-14,51.8475,52.2229,51.6104,51.7587,51.7587,17908162
2008-02-15,51.5636,52.2913,51.0486,52.2356,52.2356,43166377
2008-02-19,52.7292,53.4158,52.6404,53.0043,53.0043,19208997
2008-02-20,52.4786,54.2732,52.2981,53.9484,53.9484,21153028
2008-02-21,53.4675,54.0547,52.6931,52.9721,52.9721,19508207
2008-02-22,53.2784,53.5719,52.2913,53.3749,53.3749,19452561
2008-02-25,53.449,54.7297,53.3066,54.4721,54.4721,18906627
2008-02-26,54.204,55.2348,53.9152,55.0584,55.0584,19658373
2008-02-27,54.6322,55.5714,54.6322,55.1228,55.1228,15575191
2008-02-28,55.1228,55.7908,54.8399,55.6251,55.6251,14387251
2008-02-29,55.2788,55.3598,53.726,54.1473,54.1473,20779436
2008-03-03,53.9738,54.9374,53.6373,54.4848,54.4848,15779638
2008-03-04,54.1473,54.7979,53.1486,54.1913,54.1913,21922918
2008-03-05,54.3815,55.5206,54.1542,55.4797,55.4797,25958078
2008-03-06,55.3158,55.6094,54.4721,54.8614,54.8614,22864244
2008-03-07,54.5043,54.6643,52.8901,53.2715,53.2715,25463767
2008-03-10,53.4558,53.7201,52.7038,52.9438,52.9438,18971592
2008-03-11,53.5553,55.191,53.5495,55.0857,55.0857,22369367
2008-03-12,54.6721,55.3471,54.0869,54.1913,54.1913,17535687
2008-03-13,53.7358,54.7432,53.37,54.3873,54.3873,17549113
2008-03-14,54.6779,54.7609,52.542,53.3241,53.3241,25353977
2008-03-17,52.1547,53.1046,51.5099,52.6043,52.6043,25489697
2008-03-18,53.1798,53.8108,52.817,53.8108,53.8108,21493515
2008-03-19,53.8226,54.2616,51.112,51.1667,51.1667,23681618
2008-03-20,50.7882,52.5303,50.5287,51.9918,51.9918,29404999
2008-03-24,52.0992,52.9779,51.8104,52.4931,52.4931,15959344
2008-03-25,52.6551,53.0091,52.3049,52.8218,52.8218,19401953
2008-03-26,52.8746,53.5436,52.7868,53.0823,53.0823,18684717
2008-03-27,53.3134,54.3269,52.6551,52.736,52.736,14641286
2008-03-28,53.0433,53.4715,52.4376,52.8004,52.8004,12038671
2008-03-31,53.0784,53.6919,52.6862,53.3329,53.3329,16311589
2008-04-01,53.1603,54.2907,52.8405,54.1971,54.1971,17715126
2008-04-02,54.1396,55.1051,53.3749,54.6779,54.6779,17095203
2008-04-03,54.3034,55.4865,54.2088,54.8106,54.8106,15721859
2008-04-04,55.0066,55.3978,54.7979,55.0173,55.0173,15604866
2008-04-07,55.3598,55.8338,55.0584,55.154,55.154,13328870
2008-04-08,54.9227,55.8425,54.835,55.787,55.787,11832014
2008-04-09,55.9304,56.5672,55.8777,56.2044,56.2044,17138147
2008-04-10,56.3527,56.4872,55.5675,55.983,55.983,14595581
2008-04-11,55.6309,56.0903,55.3665,55.4865,55.4865,11909942
2008-04-14,55.4865,55.8611,55.3276,55.7977,55.7977,11345355
2008-04-15,56.0473,56.4132,55.704,56.341,56.341,13444833
2008-04-16,56.4404,57.5348,56.3448,57.4412,57.4412,19069145
2008-04-17,56.9857,57.8723,56.9652,57.4783,57.4783,14606650
2008-04-18,57.3349,58.3102,57.2969,58.2195,58.2195,16295677
2008-04-21,58.122,58.3911,57.5533,57.9229,57.9229,13697746
2008-04-22,57.7913,59.0465,57.7786,58.754,58.754,18365660
2008-04-23,58.4098,59.1266,58.4098,59.0339,59.0339,20841857
2008-04-24,58.6594,58.7267,57.4304,57.7357,57.7357,20694084
2008-04-25,57.8957,58.2594,57.0041,57.9162,57.9162,20388788
2008-04-28,57.9855,58.3785,57.6528,57.7992,57.7992,11464178
2008-04-29,57.8674,59.5578,57.8674,59.1939,59.1939,31216529
2008-04-30,59.3977,60.7837,59.1939,59.1939,59.1939,31171810
2008-05-01,59.272,59.6397,58.3785,59.3216,59.3216,24411542
2008-05-02,59.6895,59.8903,59.1325,59.5578,59.5578,16499122
2008-05-05,59.5665,60.5282,59.5031,59.7479,59.7479,14482509
2008-05-06,59.4154,60.5965,59.4154,60.5282,60.5282,17432743
2008-05-07,60.4589,60.4853,59.4456,60.1458,60.1458,12570632
2008-05-08,59.6708,61.1407,59.5461,60.8862,60.8862,24125836
2008-05-09,60.9184,61.173,60.1097,60.7964,60.7964,18102004
2008-05-12,60.736,60.9779,60.2707,60.8325,60.8325,15002819
2008-05-13,60.8705,61.2226,60.1761,61.0647,61.0647,17018942
2008-05-14,61.2226,61.8586,60.9261,61.0608,61.0608,21447944
2008-05-15,61.5338,61.6089,60.8647,61.5407,61.5407,21500909
2008-05-16,61.8733,62.7745,61.7913,62.7238,62.7238,26090551
2008-05-19,62.8701,64.2395,62.7403,63.8591,63.8591,20661870
2008-05-20,64.2083,64.5136,63.8698,64.415,64.415,26040663
2008-05-21,64.5136,65.3748,64.1644,64.3692,64.3692,35201036
2008-05-22,64.2629,64.6198,63.5567,63.6757,63.6757,27821969
2008-05-23,63.8064,64.1028,62.7959,62.9393,62.9393,18379210
2008-05-27,62.4535,62.6613,61.5825,62.2215,62.2215,20523151
2008-05-28,61.7699,62.8466,61.5914,62.7462,62.7462,16810831
2008-05-29,62.5082,62.7959,61.7513,61.7699,61.7699,21073290
2008-05-30,61.9405,62.1639,61.4518,61.9542,61.9542,19019830
2008-06-02,61.7465,62.2975,61.1222,62.0898,62.0898,18647235
2008-06-03,61.884,62.6184,61.0012,61.1466,61.1466,20308527
2008-06-04,60.7223,61.0608,59.6895,60.0073,60.0073,22006654
2008-06-05,60.2347,62.633,60.2347,62.4769,62.4769,22277819
2008-06-06,62.8612,63.826,61.4588,62.1707,62.1707,29729073
2008-06-09,62.4535,63.2953,62.1707,63.2329,63.2329,18461794
2008-06-10,62.8418,63.228,61.0218,61.7239,61.7239,24720766
2008-06-11,62.2028,62.4721,61.4021,62.121,62.121,17870701
2008-06-12,61.7796,61.7796,60.9662,61.2676,61.2676,21262254
2008-06-13,60.893,62.3141,60.615,62.1073,62.1073,14976802
2008-06-16,62.1766,63.0436,61.925,62.1639,62.1639,12091772
2008-06-17,62.3599,63.0369,61.8947,62.715,62.715,14667549
2008-06-18,62.44,62.675,61.1271,62.0195,62.0195,20834150
2008-06-19,62.2088,62.5082,60.5223,60.5223,60.5223,24557066
2008-06-20,60.8091,61.285,60.0415,60.3722,60.3722,24051952
2008-06-23,60.0016,61.9474,60.0016,61.8947,61.8947,19494545
2008-06-24,61.5972,62.1883,61.246,61.6342,61.6342,16781947
2008-06-25,61.7386,62.5911,60.8266,62.0829,62.0829,22698731
2008-06-26,61.9893,62.6184,60.8647,60.8647,60.8647,23408284
2008-06-27,60.8178,62.0577,60.8178,61.1086,61.1086,26915210
2008-06-30,61.4217,62.1814,60.9261,61.9405,61.9405,19750659
2008-07-01,61.9133,62.2399,61.0647,61.9083,61.9083,21492647
2008-07-02,61.918,62.4829,60.7155,60.8705,60.8705,28135582
2008-07-03,61.3524,62.1278,60.6082,61.6274,61.6274,15048591
2008-07-07,61.3027,62.0771,59.8572,60.495,60.495,24449158
2008-07-08,60.022,60.6355,59.0759,59.8493,59.8493,31145596
2008-07-09,60.1654,60.4775,58.5668,58.6759,58.6759,22877045
2008-07-10,58.5716,60.141,57.8138,60.141,60.141,27969045
2008-07-11,59.3343,59.7274,56.9584,57.6431,57.6431,27818590
2008-07-14,57.8674,58.3025,57.1729,57.9855,57.9855,18700333
2008-07-15,57.6353,58.0088,55.6982,55.8738,55.8738,24426199
2008-07-16,55.8211,55.983,53.7787,53.9795,53.9795,32332850
2008-07-17,53.9631,54.204,52.4659,53.529,53.529,32864577
2008-07-18,53.6919,54.4087,53.2373,53.765,53.765,25835500
2008-07-21,54.0908,54.3269,53.4081,54.3034,54.3034,26593228
2008-07-22,54.0654,54.6779,53.1914,53.5046,53.5046,24127578
2008-07-23,53.6041,53.6168,51.4408,51.6436,51.6436,30572419
2008-07-24,51.7792,52.1615,50.9422,51.234,51.234,30351843
2008-07-25,51.2681,52.4659,51.1725,51.5832,51.5832,23086390
2008-07-28,51.7723,52.1547,51.3178,51.5431,51.5431,17549835
2008-07-29,51.6231,52.2913,50.8984,51.7587,51.7587,22542706
2008-07-30,51.9294,54.6252,51.4992,54.521,54.521,27683285
2008-07-31,53.8324,54.3522,52.619,52.8335,52.8335,24214571
2008-08-01,52.4726,53.3983,52.1498,52.6784,52.6784,20948348
2008-08-04,52.5234,52.9622,51.2857,51.7373,51.7373,26406928
2008-08-05,51.393,52.0474,50.519,51.5431,51.5431,35151707
2008-08-06,51.4749,52.9993,51.2427,52.8335,52.8335,31270384
2008-08-07,52.9993,53.3066,52.0631,52.1303,52.1303,20191235
2008-08-08,51.7792,52.7604,51.152,52.736,52.736,22549659
2008-08-11,52.8619,53.1867,51.8904,52.5351,52.5351,18260200
2008-08-12,52.817,53.0091,51.9353,52.2132,52.2132,20295165
2008-08-13,52.1225,53.9415,51.9918,53.888,53.888,24534603
2008-08-14,53.649,54.6594,53.1867,54.0995,54.0995,23022444
2008-08-15,53.3866,53.5612,52.2669,52.6404,52.6404,25068640
2008-08-18,52.9155,53.3193,51.743,51.983,51.983,16597393
2008-08-19,51.7032,53.3193,51.7032,52.9301,52.9301,17400298
2008-08-20,53.3134,54.3581,52.8004,54.0215,54.0215,18695918
2008-08-21,54.516,55.6728,54.4477,55.3109,55.3109,17964785
2008-08-22,54.7843,55.4719,54.516,55.0457,55.0457,13722381
2008-08-25,55.3471,55.3471,53.136,53.4295,53.4295,18153130
2008-08-26,53.6119,53.8324,53.015,53.6041,53.6041,14965531
2008-08-27,54.1913,54.3581,53.6168,54.1229,54.1229,13167780
2008-08-28,54.5619,54.6643,53.3329,54.4721,54.4721,14178306
2008-08-29,54.7482,54.8185,53.8108,53.9347,53.9347,12947991
2008-09-02,52.7926,52.8706,51.9918,52.0405,52.0405,21498393
2008-09-03,51.9235,52.7604,51.8231,52.5975,52.5975,17219026
2008-09-04,52.5741,52.7223,50.4985,50.7492,50.7492,26450158
2008-09-05,50.6127,51.0682,49.4315,50.125,50.125,24883238
2008-09-08,50.8243,51.4545,49.7787,50.6438,50.6438,24730315
2008-09-09,50.1114,50.8243,49.2043,49.2315,49.2315,33849225
2008-09-10,49.7699,51.0613,49.567,50.7112,50.7112,28401537
2008-09-11,50.7112,51.8611,49.7543,51.7373,51.7373,26168253
2008-09-12,51.7997,52.7868,51.5275,52.6337,52.6337,21429850
2008-09-15,50.7112,52.3596,50.0431,50.0431,50.0431,27840751
2008-09-16,49.2607,51.4661,48.4249,51.1472,51.1472,32740504
2008-09-17,50.6127,52.4239,49.6762,50.0167,50.0167,37098569
2008-09-18,50.835,52.1713,49.2871,51.786,51.786,37413286
2008-09-19,53.4617,55.0516,52.3049,54.8614,54.8614,38350196
2008-09-22,55.1228,56.0786,54.204,54.5697,54.5697,23407405
2008-09-23,54.4624,55.2291,53.0433,53.3983,53.3983,23388250
2008-09-24,53.5719,54.1055,53.015,53.2549,53.2549,17978904
2008-09-25,53.173,55.0924,53.173,54.6546,54.6546,22068665
2008-09-26,53.7358,54.4331,53.054,54.3269,54.3269,18993672
2008-09-29,53.1253,53.4295,48.4249,48.4249,48.4249,37437952
2008-09-30,49.2676,51.666,49.1125,51.5353,51.5353,32190439
2008-10-01,50.9296,51.9197,49.0296,51.3617,51.3617,23417198
2008-10-02,50.9218,51.2271,49.2813,49.7124,49.7124,30121560
2008-10-03,49.962,52.2981,49.4051,49.5992,49.5992,30149212
2008-10-06,48.5137,48.6463,45.4013,48.0133,48.0133,41665269
2008-10-07,48.7477,49.0813,45.333,45.8324,45.8324,39152121
2008-10-08,45.0687,48.2104,43.9869,45.6734,45.6734,44890624
2008-10-09,46.082,46.161,39.99,39.99,39.99,43129275
2008-10-10,37.8033,40.462,34.6781,36.1343,36.1343,77149277
2008-10-13,37.5964,44.0445,37.1322,43.6681,43.6681,49604614
2008-10-14,45.415,46.2361,40.7069,42.8273,42.8273,41874618
2008-10-15,41.5388,41.5388,36.501,37.4794,37.4794,40214153
2008-10-16,37.9017,40.2348,34.7513,39.4242,39.4242,50887733
2008-10-17,38.4596,42.1191,37.1721,38.96,38.96,34766958
2008-10-20,40.0495,43.7363,39.99,43.4926,43.4926,29267056
2008-10-21,42.2635,43.3511,40.6141,41.7377,41.7377,28057207
2008-10-22,39.9226,40.5137,37.5671,38.5777,38.5777,35599269
2008-10-23,39.2916,41.9261,37.7476,41.7203,41.7203,43117120
2008-10-24,38.1221,40.9019,37.8442,39.9324,39.9324,31647948
2008-10-27,39.1024,41.5388,38.0412,38.5571,38.5571,29253000
2008-10-28,39.8124,44.2806,38.2031,43.749,43.749,40142159
2008-10-29,43.8749,46.4371,43.3686,44.3606,44.3606,41398068
2008-10-30,45.056,46.796,44.2513,46.3504,46.3504,34969328
2008-10-31,46.1493,47.4759,45.1115,46.6136,46.6136,32820437
2008-11-03,45.8869,46.796,45.408,46.043,46.043,16749572
2008-11-04,47.1268,49.3135,46.7346,48.858,48.858,32197984
2008-11-05,47.946,48.9536,46.2361,46.7893,46.7893,26256131
2008-11-06,46.161,46.7756,43.1326,43.8027,43.8027,34066853
2008-11-07,44.2445,46.2284,44.1129,45.8987,45.8987,25498683
2008-11-10,46.997,47.5363,45.4949,46.4508,46.4508,21259173
2008-11-11,45.3809,46.8644,44.7127,45.9513,45.9513,25269224
2008-11-12,44.9741,45.533,41.9455,42.0372,42.0372,35851506
2008-11-13,42.2762,47.5568,41.1624,47.3071,47.3071,45605810
2008-11-14,46.2011,48.3313,43.7295,45.415,45.415,42590337
2008-11-17,45.0481,45.968,44.1129,44.2259,44.2259,33562823
2008-11-18,44.3508,46.2713,43.7363,45.8635,45.8635,37739923
2008-11-19,45.7007,46.8644,43.9578,44.1196,44.1196,35203437
2008-11-20,43.196,44.5196,40.1587,40.2367,40.2367,54723554
2008-11-21,40.9019,44.3879,40.1587,44.0445,44.0445,55570016
2008-11-24,44.776,48.581,43.8398,46.4234,46.4234,44040662
2008-11-25,46.9794,48.4736,46.4176,47.8163,47.8163,35233559
2008-11-26,47.3998,49.9874,47.0302,49.9406,49.9406,31472369
2008-11-28,48.8941,49.5174,48.069,49.371,49.371,13860172
2008-12-01,47.7987,47.8933,44.9945,45.0004,45.0004,36165178
2008-12-02,46.0743,48.0826,45.6383,47.1998,47.1998,33702577
2008-12-03,46.049,47.0058,45.6129,46.7024,46.7024,36140541
2008-12-04,45.8869,46.8292,44.0562,44.8385,44.8385,34274781
2008-12-05,44.2689,47.0302,42.6283,46.4956,46.4956,36621530
2008-12-08,47.5061,49.5388,47.4125,48.7936,48.7936,35121401
2008-12-09,48.2855,49.1067,46.997,47.2135,47.2135,31500767
2008-12-10,47.985,49.6139,47.7528,49.0111,49.0111,28249483
2008-12-11,49.371,51.1871,49.1739,49.649,49.649,32889387
2008-12-12,48.187,50.3561,47.9392,49.3641,49.3641,28497880
2008-12-15,50.1054,50.3678,48.1567,48.8687,48.8687,26413312
2008-12-16,49.329,50.0235,48.7137,49.371,49.371,37215869
2008-12-17,49.0198,49.3641,47.7987,47.9997,47.9997,33192064
2008-12-18,47.7987,47.9499,45.1312,45.6334,45.6334,34339972
2008-12-19,45.968,46.6429,44.264,44.2689,44.2689,50172109
2008-12-22,44.738,44.9868,42.8399,43.3569,43.3569,26987910
2008-12-23,43.7997,44.2318,43.0194,43.2379,43.2379,22653029
2008-12-24,42.9813,43.7295,42.7249,43.4993,43.4993,5958755
2008-12-26,43.6885,44.1069,43.3988,43.9578,43.9578,10821901
2008-12-29,44.5196,44.82,43.9919,44.7088,44.7088,14395598
2008-12-30,44.6736,45.9182,44.5196,45.8499,45.8499,15987752
2008-12-31,45.5504,46.6352,45.5504,46.2187,46.2187,15947097
2009-01-02,46.3825,48.299,45.9728,47.8094,47.8094,21919257
2009-01-05,47.5881,48.9682,47.3237,47.8972,47.8972,27134348
2009-01-06,48.462,49.0198,47.6934,48.3313,48.3313,25441547
2009-01-07,47.7412,48.1567,45.8178,46.2128,46.2128,20492379
2009-01-08,45.9923,46.7629,45.7495,46.3893,46.3893,18220999
2009-01-09,46.161,46.2361,45.1115,45.4988,45.4988,22698048
2009-01-12,45.1312,45.3682,44.0143,44.2513,44.2513,22693599
2009-01-13,44.1002,45.4247,44.1002,44.8776,44.8776,23002910
2009-01-14,44.2445,44.4766,43.0087,43.5442,43.5442,24234346
2009-01-15,43.551,44.5196,42.6439,44.2201,44.2201,30877262
2009-01-16,45.0374,45.573,43.9762,44.8249,44.8249,24957260
2009-01-20,44.3196,45.1115,42.4879,42.6819,42.6819,25514630
2009-01-21,42.759,44.6688,42.7444,44.5069,44.5069,25430201
2009-01-22,43.6885,44.344,42.6635,43.709,43.709,22917460
2009-01-23,42.7366,44.2874,42.601,43.8398,43.8398,16869691
2009-01-26,44.6326,45.2335,43.8192,44.5449,44.5449,22442798
2009-01-27,44.5371,45.3809,44.2513,45.0434,45.0434,21809092
2009-01-28,45.6091,46.2498,44.9643,46.1104,46.1104,23443575
2009-01-29,45.3066,45.4188,44.1196,44.1266,44.1266,24972075
2009-01-30,45.1779,45.4247,43.8505,44.0621,44.0621,28609256
2009-02-02,43.4379,44.2689,43.1901,43.9178,43.9178,19851686
2009-02-03,44.0942,44.8551,43.7031,44.7643,44.7643,20012698
2009-02-04,45.1731,45.5671,44.3683,44.738,44.738,19298917
2009-02-05,44.6629,45.8752,44.344,45.7699,45.7699,23885504
2009-02-06,45.3496,46.8644,45.1731,46.802,46.802,21358321
2009-02-09,46.4908,47.2135,45.9787,46.4956,46.4956,23837427
2009-02-10,46.4654,47.0125,44.0885,44.4385,44.4385,32222416
2009-02-11,44.6561,45.0481,43.9128,44.5254,44.5254,24860076
2009-02-12,43.709,43.7774,42.4518,43.6504,43.6504,27584075
2009-02-13,43.5559,44.2016,39.3648,43.5676,43.5676,17363042
2009-02-17,42.008,42.445,41.3067,41.3516,41.3516,30110918
2009-02-18,41.5447,41.9894,40.9887,41.3115,41.3115,20107561
2009-02-19,41.2326,42.3064,41.2326,41.6647,41.6647,16269035
2009-02-20,40.9146,41.3681,39.8193,40.6581,40.6581,31824637
2009-02-23,41.2326,41.7758,39.0946,39.3267,39.3267,30072009
2009-02-24,39.5325,41.1331,39.1024,40.7878,40.7878,30681107
2009-02-25,40.7995,41.0043,39.5286,39.6769,39.6769,42620007
2009-02-26,40.2123,40.7946,39.3199,39.4711,39.4711,25136382
2009-02-27,38.684,39.2155,37.8442,37.933,37.933,32791459
2009-03-02,37.097,37.6071,35.99,35.9997,35.9997,30878928
2009-03-03,36.541,36.9712,35.8446,36.0729,36.0729,30561096
2009-03-04,36.9049,37.7642,36.7703,37.0394,37.0394,30495053
2009-03-05,36.2767,36.4016,35.0662,35.28,35.28,35562828
2009-03-06,35.95,37.0892,35.2828,36.4084,36.4084,35369583
2009-03-09,36.0086,37.2336,35.9344,36.4153,36.4153,28273792
2009-03-10,37.4189,38.603,37.0394,38.603,38.603,35121674
2009-03-11,38.1777,39.2389,37.7008,38.2538,38.2538,24583812
2009-03-12,38.5571,39.6836,38.2031,39.6155,39.6155,24971152
2009-03-13,39.9158,39.9773,38.801,39.3082,39.3082,22975361
2009-03-16,38.5269,40.1108,38.5269,39.3267,39.3267,21240840
2009-03-17,39.432,40.8297,39.0068,40.8063,40.8063,23579332
2009-03-18,40.4259,41.851,39.9627,41.607,41.607,28556687
2009-03-19,42.6439,43.2379,41.7583,41.9455,41.9455,27562867
2009-03-20,42.2021,42.4762,40.1587,40.4337,40.4337,38109388
2009-03-23,41.1818,43.2252,41.0843,43.2077,43.2077,32524034
2009-03-24,42.6391,43.7295,42.6205,43.0965,43.0965,24633887
2009-03-25,43.3325,43.8505,42.3904,43.551,43.551,26778720
2009-03-26,44.1069,44.3137,43.2125,43.8445,43.8445,25454100
2009-03-27,43.1638,43.4817,42.8,43.0516,43.0516,20553555
2009-03-30,42.2021,42.4186,41.214,41.7377,41.7377,22881140
2009-03-31,42.1387,42.8185,41.726,42.0118,42.0118,29913809
2009-04-01,41.2374,42.9277,41.1331,42.6761,42.6761,22884445
2009-04-02,43.7363,44.5449,43.432,43.9304,43.9304,28902126
2009-04-03,43.6749,44.3137,43.3754,44.0387,44.0387,18523887
2009-04-06,43.5744,43.7714,42.9082,43.6681,43.6681,16692829
2009-04-07,43.1491,43.2185,42.4361,42.7366,42.7366,17730645
2009-04-08,42.323,43.1697,42.1191,42.7863,42.7863,17987061
2009-04-09,43.4642,43.6504,42.8126,43.2584,43.2584,17651896
2009-04-13,42.1455,42.5893,41.5642,42.4762,42.4762,20178221
2009-04-14,41.7876,42.0939,41.2657,41.6023,41.6023,20747974
2009-04-15,41.5095,41.8343,40.9829,41.6764,41.6764,17955561
2009-04-16,41.9572,41.9641,40.6835,41.1945,41.1945,19139924
2009-04-17,41.5018,41.7017,41.0706,41.2434,41.2434,20262113
2009-04-20,40.7995,40.861,39.827,39.908,39.908,18809759
2009-04-21,39.709,40.5897,39.4008,40.5361,40.5361,20098610
2009-04-22,40.1948,40.5333,39.709,39.8349,39.8349,19084951
2009-04-23,40.266,41.0706,39.99,40.9429,40.9429,19784776
2009-04-24,41.3886,42.0772,41.2434,41.613,41.613,20181875
2009-04-27,40.8152,41.2657,40.5088,40.8698,40.8698,19679144
2009-04-28,40.4884,41.8275,40.3772,41.2326,41.2326,14817037
2009-04-29,41.613,42.3064,41.296,42.2147,42.2147,18658097
2009-04-30,42.4879,42.4879,40.7995,41.2998,41.2998,22524625
2009-05-01,41.2755,41.9095,40.8463,41.7807,41.7807,19209103
2009-05-04,42.0772,42.6205,41.4159,41.6647,41.6647,24367491
2009-05-05,41.7133,41.8412,40.8571,41.0843,41.0843,20280876
2009-05-06,41.5447,42.7082,41.4861,42.5571,42.5571,22546862
2009-05-07,42.875,43.114,42.166,42.4762,42.4762,19739059
2009-05-08,42.8576,44.3274,42.8576,43.9762,43.9762,22272326
2009-05-11,43.2945,43.3004,42.323,42.4879,42.4879,21609604
2009-05-12,43.002,43.4642,42.5005,43.2292,43.2292,18106141
2009-05-13,42.6059,43.114,42.2256,42.5503,42.5503,19893139
2009-05-14,42.2762,42.759,42.0519,42.3971,42.3971,16087022
2009-05-15,41.8119,41.8627,40.9263,41.1624,41.1624,19695585
2009-05-18,41.6373,41.6647,41.0384,41.2598,41.2598,21573368
2009-05-19,41.2257,41.3945,41.0249,41.1526,41.1526,22762336
2009-05-20,41.4861,41.7876,40.6464,40.7468,40.7468,28188850
2009-05-21,40.3186,40.5498,39.8963,40.2835,40.2835,19912502
2009-05-22,40.458,41.095,40.2123,40.266,40.266,14049988
2009-05-26,39.871,41.0249,39.7197,41.0249,41.0249,19213864
2009-05-27,41.0453,41.3886,40.2348,40.345,40.345,19539398
2009-05-28,40.6464,41.4579,40.1538,41.1184,41.1184,19556662
2009-05-29,41.5826,41.8275,41.1789,41.6579,41.6579,19453581
2009-06-01,42.361,43.5344,42.1387,43.2447,43.2447,22728198
2009-06-02,43.1765,43.5744,43.002,43.3325,43.3325,16496170
2009-06-03,42.9424,43.1092,42.0178,42.6488,42.6488,23838083
2009-06-04,43.0965,43.6437,42.7863,43.6066,43.6066,18063121
2009-06-05,43.7031,44.1069,43.038,43.3452,43.3452,17927028
2009-06-08,43.114,43.7246,42.88,43.4759,43.4759,15291311
2009-06-09,43.7774,44.1266,43.4193,43.8563,43.8563,16027049
2009-06-10,44.3606,44.6736,43.395,43.8749,43.8749,22671783
2009-06-11,43.9635,45.3008,43.8563,44.9243,44.9243,23338316
2009-06-12,44.4815,45.4569,44.1694,45.408,45.408,22278770
2009-06-15,44.9643,44.9643,43.9635,44.4132,44.4132,21307897
2009-06-16,44.7995,44.8141,43.632,43.6622,43.6622,18012245
2009-06-17,43.3871,43.6622,42.7785,43.0087,43.0087,24755788
2009-06-18,42.8332,43.2828,42.4879,42.759,42.759,16762995
2009-06-19,43.002,43.0614,42.0939,42.5278,42.5278,26329852
2009-06-22,41.9154,42.0519,41.015,41.091,41.091,26218259
2009-06-23,41.334,41.7076,40.9829,41.214,41.214,20852153
2009-06-24,41.4501,41.9182,40.896,41.0619,41.0619,18613157
2009-06-25,40.9263,42.0519,40.7537,41.7807,41.7807,20523520
2009-06-26,41.6198,41.6198,41.101,41.2072,41.2072,17691715
2009-06-29,41.494,41.9182,41.2901,41.7876,41.7876,16457840
2009-06-30,41.8275,42.166,40.9399,41.3945,41.3945,20434335
2009-07-01,41.8198,42.4088,41.4823,41.5642,41.5642,16636666
2009-07-02,40.9965,41.101,40.2513,40.2513,40.2513,17181627
2009-07-06,39.7949,40.1645,39.0946,40.0787,40.0787,17081572
2009-07-07,39.945,40.0435,39.1541,39.1756,39.1756,15216335
2009-07-08,39.1579,39.4711,38.678,39.2282,39.2282,19048990
2009-07-09,39.752,39.7714,39.2282,39.4145,39.4145,13708041
2009-07-10,38.5894,38.6147,38.0412,38.363,38.363,26853224
2009-07-13,38.403,39.0419,38.0567,39.0126,39.0126,25482339
2009-07-14,39.0126,39.5764,38.9717,39.3648,39.3648,20612956
2009-07-15,40.0856,40.4473,39.99,40.345,40.345,21744270
2009-07-16,40.1538,40.6708,39.9968,40.543,40.543,16471737
2009-07-17,40.4396,40.8297,40.1245,40.6892,40.6892,19061897
2009-07-20,41.0453,41.3115,40.6835,41.015,41.015,15399081
2009-07-21,41.4501,41.5826,40.861,41.3945,41.3945,15104904
2009-07-22,40.9506,41.7876,40.861,41.2003,41.2003,15862103
2009-07-23,41.2219,42.5434,41.1887,42.4186,42.4186,18007315
2009-07-24,42.2762,42.8623,42.1387,42.759,42.759,14248049
2009-07-27,42.875,43.1092,42.6283,43.0194,43.0194,12545667
2009-07-28,42.6205,42.8185,42.2021,42.7035,42.7035,17241308
2009-07-29,42.1748,42.3747,41.5272,41.9368,41.9368,17171122
2009-07-30,42.445,42.8,41.8684,42.2996,42.2996,18458333
2009-07-31,41.9572,43.5442,41.8684,43.4057,43.4057,26090075
2009-08-03,43.9001,44.0748,43.6223,43.9869,43.9869,21142610
2009-08-04,43.5949,44.0211,43.515,43.9919,43.9919,15505422
2009-08-05,43.9986,44.0445,43.3637,43.6066,43.6066,14765269
2009-08-06,43.6504,43.6622,42.9346,43.2711,43.2711,13851397
2009-08-07,43.5383,43.8319,43.2077,43.4242,43.4242,14541970
2009-08-10,43.2886,43.6066,43.0146,43.2584,43.2584,12665368
2009-08-11,43.0087,43.1765,42.2889,42.4518,42.4518,14513148
2009-08-12,42.5571,43.2584,42.5005,42.9375,42.9375,14330877
2009-08-13,43.1491,43.1491,42.5337,42.8185,42.8185,13283014
2009-08-14,42.8479,42.9082,42.2333,42.88,42.88,14139486
2009-08-17,41.6461,41.9095,41.4579,41.607,41.607,21477869
2009-08-18,41.5906,41.9182,41.5495,41.8275,41.8275,12596947
2009-08-19,41.3945,42.8,41.2755,42.5893,42.5893,17897838
2009-08-20,42.6888,42.9746,42.4947,42.875,42.875,12705230
2009-08-21,43.3988,43.709,43.1491,43.5676,43.5676,24430597
2009-08-24,43.7997,44.3274,43.6817,44.2133,44.2133,15567184
2009-08-25,44.4425,44.6736,43.9635,44.144,44.144,18231065
2009-08-26,43.7997,44.4883,43.5949,44.4191,44.4191,11576046
2009-08-27,44.1811,44.5,43.4515,44.3606,44.3606,13318135
2009-08-28,44.5449,44.6122,43.9919,44.1635,44.1635,11687079
2009-08-31,43.7295,43.9762,43.3823,43.7031,43.7031,12868983
2009-09-01,43.5442,43.9099,42.6635,42.7863,42.7863,18800671
2009-09-02,42.7366,43.2077,42.4879,42.5132,42.5132,12908244
2009-09-03,42.7531,42.8936,42.4655,42.6965,42.6965,11582728
2009-09-04,42.5952,43.1901,42.5825,43.0887,43.0887,9822775
2009-09-08,43.5676,44.1694,43.5559,44.0387,44.0387,15465535
2009-09-09,44.1635,44.383,43.7031,43.9461,43.9461,12847921
2009-09-10,44.2933,44.8249,43.9762,44.6444,44.6444,15621585
2009-09-11,44.8551,44.9643,43.9762,44.2074,44.2074,15839497
2009-09-14,43.7031,44.4425,43.626,44.3879,44.3879,11508214
2009-09-15,44.5693,44.7995,43.9705,44.7576,44.7576,16661748
2009-09-16,44.901,45.3603,44.7019,45.2666,45.2666,17667691
2009-09-17,45.1008,45.4569,44.8687,44.9691,44.9691,13819481
2009-09-18,45.5027,45.8451,45.3008,45.3886,45.3886,25744157
2009-09-21,44.7312,45.2335,44.6561,45.0199,45.0199,15004298
2009-09-22,45.4354,45.5944,45.0824,45.3809,45.3809,11324513
2009-09-23,45.3008,45.5397,44.5196,44.5946,44.5946,15745635
2009-09-24,44.5508,44.738,43.8398,44.1811,44.1811,15997729
2009-09-25,44.1002,44.6063,43.9635,44.1509,44.1509,11604428
2009-09-28,44.2318,44.9691,44.0806,44.7995,44.7995,9639170
2009-09-29,44.6736,44.8609,44.2318,44.3079,44.3079,12577947
2009-09-30,44.4385,44.4494,43.5949,44.0056,44.0056,22157937
2009-10-01,43.9869,43.9869,42.9277,42.995,42.995,14721273
2009-10-02,42.6283,42.9813,42.5064,42.5747,42.5747,14329576
2009-10-05,42.6556,43.6134,42.4088,43.3569,43.3569,15621582
2009-10-06,43.8251,44.2689,43.4447,44.0885,44.0885,13512173
2009-10-07,43.9304,44.1694,43.4193,44.0562,44.0562,11096638
2009-10-08,44.2933,44.8776,44.1743,44.6444,44.6444,16177916
2009-10-09,44.9517,45.573,44.6444,45.4647,45.4647,14072916
2009-10-12,45.729,46.3005,45.7007,46.0323,46.0323,10846485
2009-10-13,46.0674,46.4908,45.7563,46.283,46.283,14467386
2009-10-14,46.7893,47.3237,46.5795,47.1472,47.1472,14824404
2009-10-15,46.9794,48.0269,46.877,47.9186,47.9186,16445529
2009-10-16,47.7178,48.107,47.4759,47.9929,47.9929,15797759
2009-10-19,48.0757,48.7683,47.8221,48.5244,48.5244,13144426
2009-10-20,48.5566,48.5566,47.6875,48.1294,48.1294,13055397
2009-10-21,47.865,48.9614,47.313,48.0943,48.0943,13875786
2009-10-22,47.8689,48.5683,47.4886,48.2912,48.2912,20279666
2009-10-23,48.1997,48.3478,47.6124,47.9129,47.9129,13330165
2009-10-26,48.0884,49.0111,47.0751,47.1442,47.1442,17833666
2009-10-27,47.3744,48.2678,47.1619,47.8602,47.8602,15322124
2009-10-28,47.7314,48.1371,47.2564,47.4193,47.4193,19196296
2009-10-29,47.5881,48.8735,47.2866,48.7067,48.7067,23797549
2009-10-30,48.8941,49.0502,47.2183,47.8221,47.8221,30944888
2009-11-02,48.0269,48.4873,47.3179,47.8855,47.8855,17921250
2009-11-03,47.3696,48.3186,47.2135,47.9246,47.9246,13919854
2009-11-04,48.1742,48.4249,47.4886,47.6632,47.6632,17105464
2009-11-05,47.8729,48.581,47.8299,48.264,48.264,14946245
2009-11-06,47.8446,48.4736,47.6007,48.4434,48.4434,12396732
2009-11-09,48.9175,48.9751,48.4249,48.5244,48.5244,21994231
2009-11-10,48.3693,49.0111,48.3313,48.9487,48.9487,17021109
2009-11-11,49.2813,49.449,48.7351,49.0559,49.0559,12663708
2009-11-12,48.9369,49.1125,48.1567,48.3742,48.3742,13760454
2009-11-13,48.299,49.0559,48.2678,48.7,48.7,12646606
2009-11-16,48.8063,49.2725,48.7263,49.1183,49.1183,14297626
2009-11-17,49.0198,49.3867,48.8687,49.2452,49.2452,10788285
2009-11-18,49.249,49.3564,48.7995,49.3135,49.3135,11697839
2009-11-19,49.0619,49.1613,48.0757,48.3254,48.3254,14182158
2009-11-20,48.0211,48.2591,47.7372,47.9674,47.9674,17012556
2009-11-23,48.9322,49.5095,48.8297,49.1973,49.1973,14378916
2009-11-24,49.1926,49.5037,48.6921,49.3788,49.3788,13284036
2009-11-25,49.4315,49.8743,49.1428,49.7631,49.7631,12073079
2009-11-27,48.5049,49.1926,48.2738,48.8434,48.8434,9041922
2009-11-30,48.6463,49.1535,48.4473,48.7624,48.7624,14883553
2009-12-01,49.4237,49.6246,49.254,49.3984,49.3984,11538229
2009-12-02,49.3564,49.371,48.8112,49.1926,49.1926,10108554
2009-12-03,49.1183,49.249,48.5683,48.7137,48.7137,12190545
2009-12-04,49.1973,49.5174,48.4376,48.7809,48.7809,15948624
2009-12-07,48.6863,49.3135,48.5498,48.8434,48.8434,12031760
2009-12-08,48.6678,48.7263,47.7705,47.9616,47.9616,14492392
2009-12-09,48.0543,48.3059,47.6065,48.1498,48.1498,11432501
2009-12-10,48.5244,48.9487,48.299,48.3742,48.3742,17376019
2009-12-11,48.5282,48.8434,48.2912,48.5868,48.5868,10733944
2009-12-14,49.0198,49.1828,48.1567,48.2738,48.2738,13645051
2009-12-15,48.1216,48.7204,48.1177,48.3429,48.3429,16479396
2009-12-16,48.6863,49.1682,48.4551,48.6678,48.6678,19476788
2009-12-17,48.4182,48.4551,47.9313,47.9733,47.9733,14399765
2009-12-18,48.3742,48.5282,47.8368,48.0475,48.0475,26575450
2009-12-21,48.4873,48.7351,48.2805,48.4249,48.4249,10783679
2009-12-22,48.6317,48.7624,48.2912,48.4182,48.4182,10835361
2009-12-23,48.6541,48.6921,48.1216,48.1371,48.1371,11751270
2009-12-24,48.1216,48.4249,48.1216,48.3801,48.3801,4105823
2009-12-28,48.5985,48.6736,48.3059,48.5927,48.5927,6703686
2009-12-29,48.619,48.7,48.2298,48.2444,48.2444,7687479
2009-12-30,48.1742,48.5282,48.1118,48.5185,48.5185,6872953
2009-12-31,48.5633,48.5985,48.069,48.107,48.107,6796393
2010-01-04,48.8608,49.4891,48.8365,49.3984,49.3984,16282322
2010-01-05,49.4978,49.7485,49.1876,49.7485,49.7485,16209182
2010-01-06,49.7368,49.9874,49.4822,49.7543,49.7543,17628032
2010-01-07,49.5846,49.7992,49.3417,49.567,49.567,15407884
2010-01-08,49.4363,49.6548,49.292,49.6548,49.6548,9000955
2010-01-11,50.0927,50.6663,50.0235,50.5356,50.5356,19012925
2010-01-12,49.7183,50.2684,49.6548,50.2421,50.2421,19484158
2010-01-13,50.1532,50.2421,49.4178,49.8606,49.8606,17345328
2010-01-14,49.7543,49.8606,49.4568,49.7076,49.7076,10756480
2010-01-15,49.6996,49.7924,48.9106,49.5037,49.5037,21576491
2010-01-19,49.335,49.8313,49.093,49.7875,49.7875,13946401
2010-01-20,49.1828,49.3173,48.5185,48.8297,48.8297,13891542
2010-01-21,48.8297,48.8491,47.5236,47.6378,47.6378,20078677
2010-01-22,47.4554,47.8602,46.5025,46.6068,46.6068,22094854
2010-01-25,46.8644,47.0302,46.2937,46.5795,46.5795,14611336
2010-01-26,46.2879,46.7893,46.049,46.3308,46.3308,16883953
2010-01-27,46.2011,46.4654,45.6948,46.049,46.049,21402630
2010-01-28,46.2187,46.3504,45.1886,45.7632,45.7632,20516022
2010-01-29,45.9445,46.283,44.8326,45.0628,45.0628,24428261
2010-02-01,45.4247,46.0743,45.0765,45.9728,45.9728,18929927
2010-02-02,46.0743,46.599,45.6129,46.5209,46.5209,20710682
2010-02-03,46.3504,46.4654,45.6442,45.7427,45.7427,23262147
2010-02-04,45.3398,45.5027,44.4024,44.5946,44.5946,24403793
2010-02-05,44.3606,44.5137,43.4583,44.4766,44.4766,27696094
2010-02-08,44.5069,44.6444,43.8192,43.8192,43.8192,18551595
2010-02-09,44.2933,45.0082,44.2513,44.5566,44.5566,20877190
2010-02-10,44.3762,44.5069,43.7363,44.2074,44.2074,18594594
2010-02-11,44.1879,45.056,43.9304,44.82,44.82,18036207
2010-02-12,44.0748,44.5508,43.8445,44.3683,44.3683,22100376
2010-02-16,44.9809,45.8099,44.9428,45.6091,45.6091,22751634
2010-02-17,45.7495,45.8812,45.2736,45.5106,45.5106,13962525
2010-02-18,45.4188,46.0606,45.1955,45.9992,45.9992,15752274
2010-02-19,45.8869,46.4751,45.7427,46.2713,46.2713,20986653
2010-02-22,46.3435,46.3757,45.4832,45.5866,45.5866,13896619
2010-02-23,45.333,45.5671,44.8444,45.015,45.015,19052537
2010-02-24,45.0628,45.2666,44.7429,45.1955,45.1955,14277029
2010-02-25,44.4932,45.1068,44.2259,45.056,45.056,18816019
2010-02-26,45.1068,45.4188,44.8776,45.1779,45.1779,14362864
2010-03-01,45.3809,45.7251,45.2335,45.4949,45.4949,11879901
2010-03-02,45.7251,46.1826,45.6188,45.8099,45.8099,14814727
2010-03-03,46.0079,46.1416,45.65,45.6948,45.6948,13108806
2010-03-04,45.6549,45.926,45.4296,45.6607,45.6607,15075605
2010-03-05,45.9582,46.5317,45.9319,46.4234,46.4234,14003428
2010-03-08,46.5453,46.7893,46.3308,46.6409,46.6409,10359729
2010-03-09,46.6409,46.8067,46.2361,46.4234,46.4234,13561421
2010-03-10,46.323,46.4459,45.7699,46.2128,46.2128,23450833
2010-03-11,46.2782,46.2937,45.9582,46.2284,46.2284,11244982
2010-03-12,46.3893,46.3893,45.9319,46.0606,46.0606,12289066
2010-03-15,45.9319,46.0079,45.5183,45.968,45.968,14095937
2010-03-16,46.1757,46.3104,45.8695,46.2235,46.2235,15729506
2010-03-17,46.3504,46.8975,46.3395,46.6526,46.6526,16471549
2010-03-18,46.72,46.9053,46.3893,46.7151,46.7151,15870032
2010-03-19,46.919,46.9628,46.168,46.8507,46.8507,26582895
2010-03-22,46.363,46.7893,46.2361,46.5269,46.5269,14912654
2010-03-23,46.5025,46.7297,46.2566,46.72,46.72,12814027
2010-03-24,46.4049,46.5532,46.1026,46.1952,46.1952,14400016
2010-03-25,46.4801,46.6273,46.043,46.1123,46.1123,16820971
2010-03-26,46.2361,46.7893,46.125,46.5025,46.5025,16662835
2010-03-29,46.6195,47.1395,46.5453,47.0058,47.0058,14111729
2010-03-30,47.0302,47.1736,46.837,47.0516,47.0516,10198537
2010-03-31,47.1529,47.5734,46.9102,47.3803,47.3803,15805043
2010-04-01,47.7372,48.1937,47.7002,47.9186,47.9186,12578247
2010-04-05,48.0826,48.581,47.946,48.5244,48.5244,12975454
2010-04-06,48.4668,48.7351,48.2367,48.6599,48.6599,10376367
2010-04-07,48.5498,48.6317,48.0884,48.3429,48.3429,15093610
2010-04-08,48.069,48.7351,47.8787,48.5244,48.5244,10993195
2010-04-09,48.7351,49.7485,48.7351,49.6762,49.6762,15679819
2010-04-12,49.6762,50.4868,49.5914,50.2547,50.2547,16004272
2010-04-13,50.2478,50.3425,49.5319,50.1171,50.1171,12764783
2010-04-14,50.2742,50.3678,50.004,50.3483,50.3483,11667782
2010-04-15,50.3678,51.0846,50.3055,50.9803,50.9803,15485291
2010-04-16,50.8984,51.1725,50.1601,50.4556,50.4556,20587124
2010-04-19,50.1445,50.9218,50.0167,50.8107,50.8107,14939523
2010-04-20,51.1189,51.4592,51.0233,51.2681,51.2681,18356798
2010-04-21,51.4222,51.6553,50.7628,51.1871,51.1871,14996497
2010-04-22,50.6584,50.8916,50.3873,50.7355,50.7355,15077746
2010-04-23,50.638,51.7186,50.5786,51.6553,51.6553,15872479
2010-04-26,51.5099,51.9479,51.4545,51.6036,51.6036,0
2010-04-27,51.2857,51.5588,50.0314,50.1308,50.1308,20874065
2010-04-28,50.1308,50.5649,49.8937,50.3746,50.3746,19386686
2010-04-29,50.7287,51.8553,50.7287,51.4184,51.4184,19643811
2010-04-30,51.4661,51.9421,50.7931,50.8858,50.8858,22262439
2010-05-03,51.2106,52.1167,50.8185,51.7519,51.7519,18646087
2010-05-04,51.2427,51.3851,49.7543,50.4606,50.4606,26044845
2010-05-05,49.7924,50.4419,49.6441,50.1054,50.1054,20849623
2010-05-06,49.6207,50.1171,44.6736,48.2367,48.2367,33702901
2010-05-07,48.2367,49.1183,47.7412,48.1742,48.1742,34998621
2010-05-10,49.5914,50.3376,49.0686,49.9192,49.9192,23465142
2010-05-11,49.7631,50.4556,49.6675,49.7992,49.7992,19231137
2010-05-12,49.844,50.2742,49.5846,50.0235,50.0235,14815483
2010-05-13,49.8606,50.0235,49.2043,49.3135,49.3135,17348747
2010-05-14,49.0004,49.0422,48.0991,48.6317,48.6317,21769595
2010-05-17,48.3547,48.7067,47.4554,48.5683,48.5683,23516656
2010-05-18,48.9322,49.1535,47.7314,48.0211,48.0211,24525597
2010-05-19,47.7061,48.1118,47.1998,47.865,47.865,17242215
2010-05-20,46.8644,47.1121,45.9445,45.9865,45.9865,28615619
2010-05-21,45.2042,46.6429,44.9868,46.5386,46.5386,25476664
2010-05-24,46.3395,46.4751,45.8041,45.8869,45.8869,16867320
2010-05-25,44.7995,45.4188,44.2386,45.3437,45.3437,35696874
2010-05-26,45.729,45.926,44.6386,44.7088,44.7088,27021444
2010-05-27,45.6948,46.4654,45.1779,46.4654,46.4654,24406794
2010-05-28,46.2361,46.4868,45.6383,46.1563,46.1563,23116947
2010-06-01,45.9621,46.562,45.1731,45.1731,45.1731,22351108
2010-06-02,45.4013,46.3171,45.0628,46.3171,46.3171,25084215
2010-06-03,46.6479,46.7083,45.7007,46.1826,46.1826,22847005
2010-06-04,45.056,45.4296,44.2386,44.5371,44.5371,28930317
2010-06-07,44.776,45.294,44.4815,44.581,44.581,19722929
2010-06-08,44.7877,44.82,43.626,44.3762,44.3762,26521262
2010-06-09,44.5312,45.2335,44.1129,44.2318,44.2318,22524768
2010-06-10,45.533,46.3435,45.4188,46.3435,46.3435,22257941
2010-06-11,45.9123,46.2782,45.4832,46.2782,46.2782,13356469
2010-06-14,46.3825,47.1998,46.3395,46.3504,46.3504,19114519
2010-06-15,46.5922,47.0272,46.3504,47.0058,47.0058,18782247
2010-06-16,46.6195,47.1052,46.5209,46.8292,46.8292,16677655
2010-06-17,46.877,47.1696,46.363,47.0614,47.0614,17785901
2010-06-18,47.2993,47.3325,46.802,47.1872,47.1872,21874060
2010-06-21,47.9929,48.2678,47.0457,47.313,47.313,14957763
2010-06-22,47.1442,47.313,46.161,46.2361,46.2361,16917508
2010-06-23,46.1357,46.1757,45.0824,45.1487,45.1487,23788119
2010-06-24,45.0004,45.0687,44.1743,44.2563,44.2563,22699071
2010-06-25,44.4425,44.4425,43.6622,43.7774,43.7774,32305333
2010-06-28,44.0885,44.0942,43.5071,43.7129,43.7129,17383791
2010-06-29,43.2788,43.3569,42.4879,42.7142,42.7142,26274317
2010-06-30,42.6312,43.1491,42.361,42.405,42.405,20598683
2010-07-01,42.6059,42.6761,41.7583,42.166,42.166,26140403
2010-07-02,42.3543,42.5825,41.7807,42.0596,42.0596,14621204
2010-07-06,42.6635,42.6888,41.7758,42.2147,42.2147,24037876
2010-07-07,42.3747,43.4242,42.1689,43.395,43.395,25102308
2010-07-08,43.8505,44.1694,43.2447,43.9919,43.9919,21564563
2010-07-09,44.027,44.9868,43.7714,44.8893,44.8893,18214913
2010-07-12,44.6942,45.0687,44.581,44.895,44.895,11771915
2010-07-13,45.5183,45.9728,45.3008,45.7563,45.7563,21938627
2010-07-14,45.6188,45.6881,45.2042,45.6442,45.6442,18793816
2010-07-15,45.7563,45.7563,45.0891,45.6383,45.6383,16797345
2010-07-16,45.3953,45.5106,44.5196,44.6736,44.6736,19289303
2010-07-19,45.015,45.1779,44.6688,44.9868,44.9868,13356894
2010-07-20,44.3606,45.7427,44.3381,45.6734,45.6734,14265058
2010-07-21,45.8178,45.9582,44.7195,45.097,45.097,14425108
2010-07-22,45.4881,46.2361,45.3496,45.8869,45.8869,15265618
2010-07-23,45.7885,45.9582,45.408,45.9387,45.9387,13485674
2010-07-26,46.125,46.6273,45.8695,46.6273,46.6273,10349295
2010-07-27,46.7756,47.1325,46.5532,47.0516,47.0516,13057394
2010-07-28,46.9462,47.2759,46.8691,47.2135,47.2135,11827943
2010-07-29,47.4193,47.7178,47.0369,47.5003,47.5003,21359992
2010-07-30,46.958,47.7178,46.796,47.6164,47.6164,27135230
2010-08-02,48.5,48.9438,48.3127,48.6122,48.6122,18917560
2010-08-03,48.6863,49.4363,48.619,49.1486,49.1486,18865879
2010-08-04,49.2237,49.4237,48.8804,49.374,49.374,12911358
2010-08-05,49.0559,49.4822,48.8882,49.4051,49.4051,14889679
2010-08-06,48.8804,49.374,48.619,49.1926,49.1926,14373506
2010-08-09,49.5505,49.6295,49.2813,49.5455,49.5455,11220723
2010-08-10,49.0745,49.6598,48.8297,49.3867,49.3867,13454661
2010-08-11,48.7204,48.7263,48.1216,48.1937,48.1937,16899334
2010-08-12,47.7412,48.5985,47.6124,48.1567,48.1567,14392809
2010-08-13,48.1371,48.5927,48.0543,48.3615,48.3615,11341879
2010-08-16,48.181,48.6317,47.7178,48.5566,48.5566,11658515
2010-08-17,48.4805,48.7878,48.1625,48.5927,48.5927,11737705
2010-08-18,48.4942,48.5683,47.8221,48.1371,48.1371,13287021
2010-08-19,47.9392,47.9997,47.1736,47.3871,47.3871,14166767
2010-08-20,47.1998,47.2135,46.5795,46.8916,46.8916,14880935
2010-08-23,47.0751,47.4817,46.8916,46.8916,46.8916,15984078
2010-08-24,46.4049,46.802,45.9992,46.1026,46.1026,17934255
2010-08-25,45.8099,46.4234,45.3437,46.283,46.283,15545542
2010-08-26,46.4702,46.4751,45.6734,45.8178,45.8178,13076492
2010-08-27,46.168,46.8868,45.5671,46.8174,46.8174,14012786
2010-08-30,46.6352,46.7346,46.1026,46.1026,46.1026,12063298
2010-08-31,45.9358,46.5668,45.7572,46.2879,46.2879,14764669
2010-09-01,47.0848,48.0543,47.0125,47.9674,47.9674,16828057
2010-09-02,47.9538,48.4112,47.7842,48.3946,48.3946,9575380
2010-09-03,48.3547,48.7351,48.3547,48.7351,48.7351,11505295
2010-09-07,48.5352,48.6795,48.0943,48.145,48.145,9410764
2010-09-08,48.2104,48.6599,48.1567,48.2678,48.2678,10935185
2010-09-09,48.6678,48.9106,48.2805,48.3381,48.3381,10635908
2010-09-10,48.9438,49.249,48.7,49.249,49.249,13146145
2010-09-13,49.5914,49.6802,49.1535,49.5174,49.5174,13741902
2010-09-14,49.5797,49.9757,49.4734,49.6802,49.6802,13498438
2010-09-15,49.3984,49.567,49.0619,49.4948,49.4948,11577573
2010-09-16,49.3564,49.4432,48.9808,49.3924,49.3924,11048203
2010-09-17,49.6762,49.8176,48.8882,49.0238,49.0238,19727678
2010-09-20,49.0745,50.0665,49.0296,49.9241,49.9241,12364386
2010-09-21,50.0099,50.1308,49.4237,49.8313,49.8313,13761590
2010-09-22,49.9406,50.2352,49.5095,49.5174,49.5174,10838882
2010-09-23,49.0619,49.5914,48.8365,49.0745,49.0745,10875442
2010-09-24,49.5231,50.1659,49.1828,50.0625,50.0625,13213125
2010-09-27,50.1728,50.3678,50.0314,50.0371,50.0371,13401861
2010-09-28,50.1308,50.7355,49.7241,50.5356,50.5356,12524227
2010-09-29,50.4498,51.0486,50.2928,50.7882,50.7882,14164877
2010-09-30,51.0438,51.354,50.1922,50.6438,50.6438,16146981
2010-10-01,51.1667,51.4592,50.9121,51.2056,51.2056,15316975
2010-10-04,51.1667,51.3237,50.4107,50.8048,50.8048,12164709
2010-10-05,51.2857,52.1713,51.2056,52.104,52.104,18533465
2010-10-06,52.0405,52.6736,51.9918,52.417,52.417,13843693
2010-10-07,52.7497,52.8004,51.8231,52.1868,52.1868,12327291
2010-10-08,52.1547,52.5468,51.8299,52.4473,52.4473,11009235
2010-10-11,52.3917,52.4863,52.0795,52.3049,52.3049,7667108
2010-10-12,52.0855,52.5975,51.6299,52.3859,52.3859,13647657
2010-10-13,52.1439,52.5537,51.7723,52.2786,52.2786,18540923
2010-10-14,52.2669,52.4376,51.8358,52.4239,52.4239,10752562
2010-10-15,52.7292,52.8218,51.9353,52.2415,52.2415,15205911
2010-10-18,52.1615,52.9662,52.1089,52.7868,52.7868,12483536
2010-10-19,52.0992,52.2853,51.3237,51.7333,51.7333,15132748
2010-10-20,51.9479,52.8111,51.8182,52.5,52.5,14109923
2010-10-21,52.7789,53.1116,52.104,52.6404,52.6404,15238061
2010-10-22,52.9779,52.9779,52.5907,52.8278,52.8278,8865774
2010-10-25,53.1914,53.6041,52.9496,53.0296,53.0296,10795333
2010-10-26,52.8901,53.2597,52.7926,53.2023,53.2023,9552339
2010-10-27,52.8862,52.8862,52.0405,52.6784,52.6784,15276163
2010-10-28,53.2784,53.5153,52.5468,52.7604,52.7604,13635252
2010-10-29,51.7938,52.0025,51.2223,51.6076,51.6076,19909606
2010-11-01,51.9528,52.5351,50.6663,50.8916,50.8916,20455577
2010-11-02,51.4592,51.5129,51.0613,51.3305,51.3305,15250048
2010-11-03,51.6231,51.9353,51.1803,51.6729,51.6729,16071553
2010-11-04,52.5858,53.3066,52.4093,53.1974,53.1974,26080084
2010-11-05,52.9301,53.3134,52.5156,53.0959,53.0959,23227351
2010-11-08,52.8335,53.1116,52.3526,52.9856,52.9856,18876054
2010-11-09,52.4297,52.6551,51.9235,52.2132,52.2132,21735611
2010-11-10,52.3469,53.249,52.0162,53.2178,53.2178,18846379
2010-11-11,53.1116,53.8548,53.1116,53.7943,53.7943,18064836
2010-11-12,53.3612,53.4909,52.8335,53.3866,53.3866,16918413
2010-11-15,53.5719,53.7201,53.0043,53.0218,53.0218,14807791
2010-11-16,52.2045,52.2229,51.1939,51.5353,51.5353,19363597
2010-11-17,51.4944,51.9421,51.2974,51.5207,51.5207,12559042
2010-11-18,51.8611,52.4726,51.8299,52.3742,52.3742,12122072
2010-11-22,52.1976,52.2229,51.2681,52.1439,52.1439,10869908
2010-11-23,51.5275,51.5509,50.7063,51.0789,51.0789,15195420
2010-11-24,51.3305,51.866,51.234,51.8182,51.8182,12871522
2010-11-26,51.5099,51.5889,51.1053,51.2681,51.2681,4464655
2010-11-29,50.7998,51.2681,50.2421,51.0438,51.0438,14512160
2010-11-30,50.4175,50.9921,50.2801,50.5913,50.5913,16589010
2010-12-01,51.3305,51.9987,51.0789,51.6729,51.6729,16994139
2010-12-02,51.6729,52.9028,51.5695,52.8004,52.8004,17260422
2010-12-03,52.7107,53.1116,52.7107,53.0433,53.0433,10761238
2010-12-06,52.9779,53.2422,52.7926,53.0784,53.0784,8279543
2010-12-07,53.5719,54.1299,53.5553,53.9221,53.9221,20066865
2010-12-08,54.0547,54.2352,53.5046,53.8226,53.8226,11072123
2010-12-09,54.2292,54.3483,53.6373,54.1396,54.1396,12924678
2010-12-10,54.3366,54.4087,53.888,54.3815,54.3815,11847016
2010-12-13,54.8106,55.5783,54.6779,55.2154,55.2154,15833023
2010-12-14,55.2973,55.5783,55.0661,55.2231,55.2231,11733198
2010-12-15,54.9989,55.3792,54.9433,54.9939,54.9939,12169360
2010-12-16,55.1159,55.7461,54.8896,55.6446,55.6446,12456496
2010-12-17,55.5159,55.585,55.034,55.2924,55.2924,17312862
2010-12-20,55.585,55.983,55.3422,55.4865,55.4865,12851113
2010-12-21,55.8211,56.1215,55.5783,55.7538,55.7538,9542428
2010-12-22,55.9967,56.2113,55.8064,56.1839,56.1839,6811983
2010-12-23,56.1634,56.7936,56.1215,56.6599,56.6599,8155054
2010-12-27,56.5809,56.6101,56.2591,56.3107,56.3107,5015918
2010-12-28,56.4355,57.1271,56.3107,56.9788,56.9788,8095097
2010-12-29,57.1993,57.7299,57.0803,57.0901,57.0901,8480056
2010-12-30,57.0627,57.444,56.9506,57.2354,57.2354,6651739
2010-12-31,57.2227,57.3602,56.8609,57.0198,57.0198,8244414
2011-01-03,57.3036,57.7231,57.0471,57.447,57.447,12474777
2011-01-04,57.6587,57.7845,56.9984,57.2354,57.2354,13620191
2011-01-05,56.81,57.5271,56.5458,57.1358,57.1358,10657961
2011-01-06,57.3349,57.3758,56.4053,56.6639,56.6639,9955929
2011-01-07,56.8472,57.0471,56.4053,56.9788,56.9788,10154581
2011-01-10,56.8267,56.9652,56.3107,56.4941,56.4941,10960819
2011-01-11,56.7779,57.4783,56.7399,57.3758,57.3758,12519843
2011-01-12,57.7114,58.0147,57.609,57.7669,57.7669,12548095
2011-01-13,57.49,57.8586,57.3476,57.5953,57.5953,9155198
2011-01-14,57.5601,58.0332,57.3729,58.004,58.004,8895033
2011-01-18,58.0713,58.5794,58.0663,58.3287,58.3287,12346070
2011-01-19,58.5355,58.5522,57.8469,58.0917,58.0917,9692511
2011-01-20,57.6957,58.0225,57.2217,57.9289,57.9289,10424280
2011-01-21,58.3395,58.6984,58.1736,58.596,58.596,11886793
2011-01-24,58.6652,59.0642,58.5238,58.7959,58.7959,10746836
2011-01-25,58.596,59.0086,58.3287,58.7832,58.7832,11879977
2011-01-26,58.9715,59.3402,58.4712,59.1325,59.1325,14135644
2011-01-27,59.0847,59.3343,58.9218,59.2026,59.2026,10083890
2011-01-28,58.991,59.2651,58.0663,58.3395,58.3395,19906299
2011-01-31,58.6428,59.4767,58.3414,59.3169,59.3169,17860167
2011-02-01,59.7528,60.2921,59.465,60.1224,60.1224,15908377
2011-02-02,59.5909,60.5165,59.5909,60.2844,60.2844,10575323
2011-02-03,60.3389,60.8862,59.8366,60.8033,60.8033,16804738
2011-02-04,60.5662,60.8178,60.3078,60.6754,60.6754,16751989
2011-02-07,60.7837,61.3767,60.771,61.0218,61.0218,16413743
2011-02-08,61.1505,61.2266,60.6754,61.0705,61.0705,9138614
2011-02-09,60.7633,60.8452,59.7967,60.1331,60.1331,13191868
2011-02-10,59.9108,60.5965,59.8229,60.4209,60.4209,11659196
2011-02-11,60.0415,60.7223,59.9147,60.2648,60.2648,11722934
2011-02-14,59.6708,60.7096,59.6708,60.5759,60.5759,11192518
2011-02-15,60.3458,60.5165,59.7694,60.1966,60.1966,12200073
2011-02-16,60.4335,60.6189,60.0337,60.3965,60.3965,10861480
2011-02-17,60.3351,60.8218,60.2414,60.7155,60.7155,10585618
2011-02-18,60.8647,61.7386,60.6267,61.6811,61.6811,14170564
2011-02-22,62.001,63.8064,62.001,62.6798,62.6798,25039666
2011-02-23,62.8164,64.9446,62.8106,63.902,63.902,27444924
2011-02-24,64.4199,64.6198,63.4544,63.7527,63.7527,26356681
2011-02-25,63.5489,64.1244,63.3264,63.7947,63.7947,13630069
2011-02-28,63.9117,64.9417,63.8494,64.8227,64.8227,16339864
2011-03-01,65.0266,65.602,64.2579,64.296,64.296,19627105
2011-03-02,64.3204,64.967,63.8522,64.6501,64.6501,13337054
2011-03-03,64.8822,65.3387,64.5584,65.1007,65.1007,12064544
2011-03-04,65.0646,65.4704,64.0444,64.8247,64.8247,15765174
2011-03-07,65.0578,65.4645,64.3634,64.3634,64.3634,13152106
2011-03-08,64.6121,65.0071,63.389,64.8393,64.8393,14242130
2011-03-09,64.4707,64.7837,63.6709,63.82,63.82,11354265
2011-03-10,63.4065,63.4065,61.4148,61.9083,61.9083,20092863
2011-03-11,61.2967,62.951,60.9837,62.44,62.44,10979431
2011-03-14,62.0703,63.108,61.879,62.9832,62.9832,11776650
2011-03-15,61.3466,63.7332,61.2226,63.2514,63.2514,20270597
2011-03-16,63.5138,63.7762,61.6274,62.1766,62.1766,23696510
2011-03-17,62.9657,64.0874,62.7355,63.8834,63.8834,15982496
2011-03-18,64.5887,64.967,63.9577,64.2327,64.2327,18201697
2011-03-21,64.8959,65.607,64.4834,65.5709,65.5709,6013310
2011-03-22,65.8342,66.1922,65.683,65.7532,65.7532,12825457
2011-03-23,65.4362,66.1843,65.2626,65.9112,65.9112,10902665
2011-03-24,66.1532,66.1843,65.563,65.8469,65.8469,11206817
2011-03-25,66.0585,66.8632,65.8469,66.7198,66.7198,14380942
2011-03-28,66.5462,66.9217,66.2585,66.2585,66.2585,9639355
2011-03-29,66.2585,67.1588,65.9298,67.0895,67.0895,11145192
2011-03-30,67.2397,67.9439,67.2007,67.4903,67.4903,12654841
2011-03-31,68.1829,68.5144,67.0778,67.1665,67.1665,13473490
2011-04-01,67.663,67.9702,67.1743,67.6806,67.6806,10397980
2011-04-04,67.8064,67.8385,67.3908,67.625,67.625,7627035
2011-04-05,67.6387,68.6091,67.625,68.3136,68.3136,10471183
2011-04-06,68.6208,68.691,67.7567,67.8941,67.8941,11029656
2011-04-07,68.1176,68.1672,67.1743,68.0697,68.0697,11229796
2011-04-08,68.3273,68.691,68.1906,68.5194,68.5194,10776171
2011-04-11,68.5672,68.6735,67.2143,67.3441,67.3441,10555808
2011-04-12,66.5248,66.6701,64.6588,65.094,65.094,20491298
2011-04-13,65.4948,65.6947,64.5711,64.8628,64.8628,11593179
2011-04-14,64.5818,65.7864,64.4384,65.5338,65.5338,11327187
2011-04-15,65.9298,66.5462,65.1993,66.3804,66.3804,14175206
2011-04-18,65.5766,65.602,64.3857,65.2948,65.2948,11288774
2011-04-19,65.2148,66.1385,65.1543,65.8547,65.8547,7995381
2011-04-20,67.3002,67.6933,66.8632,67.3616,67.3616,10630537
2011-04-21,67.6387,67.6387,67.1646,67.5645,67.5645,7887199
2011-04-25,67.0895,67.3441,66.6565,67.1177,67.1177,6102855
2011-04-26,67.3908,68.0014,66.9549,67.9508,67.9508,8524867
2011-04-27,68.176,68.214,67.2007,68.0892,68.0892,9582428
2011-04-28,68.1458,68.1672,67.5313,67.9868,67.9868,9509850
2011-04-29,67.7791,68.4823,67.3431,68.3828,68.3828,10806970
2011-05-02,68.4052,68.4705,67.2397,67.5927,67.5927,10478055
2011-05-03,67.2163,67.3811,65.724,66.3433,66.3433,12733961
2011-05-04,66.2477,66.2477,64.7945,65.4119,65.4119,14215848
2011-05-05,64.5827,65.0569,63.1743,64.1175,64.1175,19162823
2011-05-06,64.573,65.2626,63.7332,64.2805,64.2805,15269594
2011-05-09,64.5145,65.5212,64.3565,65.0393,65.0393,11380203
2011-05-10,65.1807,65.5728,64.5145,65.209,65.209,10294447
2011-05-11,64.5273,64.6491,63.2621,63.8981,63.8981,16283358
2011-05-12,63.5021,64.5613,62.7403,64.2063,64.2063,16669486
2011-05-13,64.6433,64.6667,63.2738,63.9721,63.9721,14333458
2011-05-16,63.7527,64.5428,63.3645,63.5138,63.5138,10813761
2011-05-17,63.1636,63.7157,62.7238,63.2251,63.2251,13938494
2011-05-18,63.5431,65.1466,63.0758,64.7672,64.7672,13016013
2011-05-19,65.29,65.8205,64.8159,65.405,65.405,11819180
2011-05-20,65.2002,65.3621,64.0824,64.5827,64.5827,13915850
2011-05-23,63.6776,64.1692,63.4055,63.8288,63.8288,11883052
2011-05-24,64.1302,65.1007,64.1302,64.3956,64.3956,10791428
2011-05-25,64.2278,65.3992,64.1068,65.0119,65.0119,12623113
2011-05-26,64.8501,65.3572,64.2892,65.0813,65.0813,10508438
2011-05-27,65.2568,65.6235,64.5613,64.9847,64.9847,9203300
2011-05-31,65.8654,66.2448,65.3065,66.0615,66.0615,12976685
2011-06-01,65.9415,66.0859,64.2736,64.534,64.534,12968589
2011-06-02,64.4453,64.5984,63.193,63.6718,63.6718,12898497
2011-06-03,62.7979,64.0317,62.6934,63.5958,63.5958,12213813
2011-06-06,63.5021,63.7927,62.5277,62.7637,62.7637,11100117
2011-06-07,63.0163,63.5392,62.5774,62.632,62.632,10869943
2011-06-08,62.6613,63.4962,62.6526,62.9354,62.9354,11014428
2011-06-09,63.2875,64.1449,63.1686,63.7401,63.7401,9093891
2011-06-10,63.5567,63.5958,62.3228,62.7579,62.7579,14454792
2011-06-13,62.9949,63.2875,61.7503,62.2936,62.2936,12697299
2011-06-14,62.9792,63.779,62.8974,63.3441,63.3441,11659508
2011-06-15,62.4624,62.9111,61.525,61.9659,61.9659,15331419
2011-06-16,61.7445,62.754,61.5855,62.6067,62.6067,12354268
2011-06-17,63.109,63.4962,62.1658,62.4438,62.4438,19104320
2011-06-20,62.2595,63.0944,62.1171,62.9111,62.9111,10206440
2011-06-21,63.307,64.2131,63.1686,63.9674,63.9674,13466451
2011-06-22,63.7654,64.5145,63.5958,63.6396,63.6396,10473967
2011-06-23,62.2741,62.6798,61.0773,62.5637,62.5637,20722614
2011-06-24,62.632,62.8037,61.5875,61.6441,61.6441,12749475
2011-06-27,61.6694,62.7403,61.6694,62.2741,62.2741,11316293
2011-06-28,62.671,63.3441,62.5277,63.186,63.186,9704546
2011-06-29,63.388,64.0424,62.9111,63.7723,63.7723,12120611
2011-06-30,64.0883,64.8159,63.7742,64.7525,64.7525,12212316
2011-07-01,64.7535,65.605,64.2327,65.5416,65.5416,10441189
2011-07-05,65.5523,66.594,65.5523,66.1882,66.1882,11734532
2011-07-06,66.0058,66.2585,65.8469,66.1639,66.1639,9836996
2011-07-07,66.7939,67.3245,66.6184,67.1158,67.1158,12498876
2011-07-08,66.3843,66.7461,66.1609,66.6759,66.6759,10054614
2011-07-11,65.7591,65.8878,65.3289,65.7444,65.7444,11066370
2011-07-12,65.4772,66.7139,65.4772,65.7279,65.7279,14538734
2011-07-13,65.9483,67.1284,65.9357,66.1736,66.1736,10910533
2011-07-14,66.556,67.0388,65.846,65.9103,65.9103,11558469
2011-07-15,66.5442,66.9344,66.2009,66.8642,66.8642,16121127
2011-07-18,66.479,67.0573,66.1853,66.8866,66.8866,11036811
2011-07-19,67.0495,67.8757,67.0495,67.6786,67.6786,11088647
2011-07-20,67.6943,67.783,67.2992,67.4348,67.4348,8004991
2011-07-21,67.9282,69.1055,67.8522,68.9067,68.9067,13200268
2011-07-22,68.8773,69.0481,68.5194,68.6149,68.6149,8593716
2011-07-25,67.7225,68.6344,67.663,68.0668,68.0668,9976087
2011-07-26,68.0336,68.3028,67.5889,67.7371,67.7371,7722343
2011-07-27,67.3529,67.3733,66.4116,66.5121,66.5121,11754722
2011-07-28,66.2049,66.6485,65.7591,66.1365,66.1365,10563785
2011-07-29,65.3114,66.2585,64.8998,65.4958,65.4958,15401250
2011-08-01,66.7939,66.8262,65.4333,66.355,66.355,14773064
2011-08-02,65.9365,66.556,65.1281,65.1426,65.1426,16510831
2011-08-03,65.1934,65.3241,63.5138,64.7037,64.7037,19101229
2011-08-04,63.4591,63.587,60.7662,60.9769,60.9769,32584096
2011-08-05,61.7249,62.5492,59.07,61.4597,61.4597,27944728
2011-08-08,59.3646,60.3225,56.5116,56.8247,56.8247,36589145
2011-08-09,57.6733,59.0076,54.9716,58.8116,58.8116,33357553
2011-08-10,58.3737,59.0905,56.5078,57.0266,57.0266,28702394
2011-08-11,57.9737,59.9069,57.1622,59.2339,59.2339,48747354
2011-08-12,60.22,61.1095,59.7694,60.3614,60.3614,21215923
2011-08-15,61.0782,62.4799,60.9448,62.397,62.397,18799071
2011-08-16,61.6995,62.513,61.1749,61.7962,61.7962,15625942
2011-08-17,62.4614,62.8935,61.6382,61.998,61.998,13263424
2011-08-18,60.3848,60.538,58.2361,59.1822,59.1822,23718944
2011-08-19,58.4526,60.5253,58.4458,59.2115,59.2115,21185476
2011-08-22,61.1778,61.2822,58.9959,59.2183,59.2183,15867092
2011-08-23,59.6114,61.8079,59.3197,61.7776,61.7776,19345375
2011-08-24,61.4597,62.0497,60.9769,61.9434,61.9434,12035702
2011-08-25,62.2215,62.5326,60.4813,60.9047,60.9047,15459656
2011-08-26,60.0941,61.7913,59.2553,61.4733,61.4733,14513200
2011-08-29,62.3795,62.6808,61.3007,62.672,62.672,15303291
2011-08-30,62.1804,62.8213,61.4021,62.4555,62.4555,14495737
2011-08-31,62.7393,63.2943,62.2488,62.7335,62.7335,17709978
2011-09-01,62.8448,63.7752,62.5199,62.5326,62.5326,15945711
2011-09-02,61.1261,61.6059,60.3389,61.1875,61.1875,14128404
2011-09-06,59.3967,60.8051,58.8701,60.6824,60.6824,16184672
2011-09-07,62.4555,63.1129,62.1112,63.0212,63.0212,16627405
2011-09-08,62.7637,63.8396,62.2018,62.4614,62.4614,15125079
2011-09-09,61.5718,61.8137,60.1567,60.418,60.418,20991887
2011-09-12,59.6241,60.8901,59.1286,60.8754,60.8754,21447835
2011-09-13,61.4138,61.4675,60.061,60.8901,60.8901,17991605
2011-09-14,61.129,62.8378,60.3907,61.761,61.761,17830891
2011-09-15,62.5267,63.1529,62.2399,63.0008,63.0008,14547302
2011-09-16,63.4688,63.5733,62.3843,63.2358,63.2358,21837096
2011-09-19,61.686,63.0505,61.3134,62.6535,62.6535,13424589
2011-09-20,63.0135,63.306,62.0361,62.0684,62.0684,13605144
2011-09-21,61.6995,62.0614,59.7518,59.8366,59.8366,14589124
2011-09-22,57.7017,58.084,56.2297,57.2315,57.2315,26274859
2011-09-23,57.2061,57.6558,56.2113,57.1301,57.1301,19262416
2011-09-26,57.5358,58.1717,56.337,58.0683,58.0683,18744205
2011-09-27,59.7645,60.5195,59.0602,59.3694,59.3694,17447052
2011-09-28,59.6581,60.5058,58.1015,58.2283,58.2283,16284374
2011-09-29,59.7811,59.9673,58.595,59.9118,59.9118,15918305
2011-09-30,59.0037,60.1702,58.7247,58.7716,58.7716,18778357
2011-10-03,58.3999,58.8817,57.0266,57.0471,57.0471,17931051
2011-10-04,56.3117,58.2917,55.0173,58.0635,58.0635,24256232
2011-10-05,58.4838,60.1331,57.7795,60.0834,60.0834,20565188
2011-10-06,59.27,60.1781,58.8487,60.0532,60.0532,16010646
2011-10-07,60.7233,60.7584,59.4466,59.9147,59.9147,16592529
2011-10-10,61.0149,62.3532,60.9886,62.3278,62.3278,11801099
2011-10-11,61.6928,62.6067,61.6616,61.9494,61.9494,11993718
2011-10-12,62.2722,62.676,61.37,62.0614,62.0614,13967927
2011-10-13,61.3251,62.2624,61.0899,62.0684,62.0684,10244360
2011-10-14,62.8184,63.825,62.7423,63.7693,63.7693,11591612
2011-10-17,63.5801,63.6279,62.4555,62.5911,62.5911,10358654
2011-10-18,62.8525,66.1024,62.1804,65.3417,65.3417,19148704
2011-10-19,65.1758,66.0615,64.5574,64.8939,64.8939,13630729
2011-10-20,65.172,65.7913,64.5633,65.6235,65.6235,13722564
2011-10-21,66.1912,67.1773,66.1434,66.9813,66.9813,17115703
2011-10-24,66.9597,67.8317,66.8145,67.4503,67.4503,12462856
2011-10-25,67.6698,67.8552,66.2166,66.3277,66.3277,13304111
2011-10-26,67.3382,67.8103,66.2994,67.7674,67.7674,15684023
2011-10-27,68.4462,69.8175,68.3106,69.169,69.169,22482753
2011-10-28,69.0938,69.8118,68.0795,69.5913,69.5913,16291412
2011-10-31,68.5505,68.5505,66.6739,66.6739,66.6739,18052055
2011-11-01,64.4023,65.8078,63.9712,64.7935,64.7935,23974830
2011-11-02,65.9874,66.6018,65.4645,66.353,66.353,13224035
2011-11-03,67.1773,67.504,66.4526,67.3616,67.3616,14614908
2011-11-04,67.1187,67.6601,66.314,67.5547,67.5547,13238641
2011-11-07,67.6903,68.8833,66.988,68.3701,68.3701,12315134
2011-11-08,68.7193,69.1875,67.5918,69.0997,69.0997,12217309
2011-11-09,67.1471,67.5869,65.9337,66.1853,66.1853,18990596
2011-11-10,66.8466,67.2855,65.6937,66.9587,66.9587,15792138
2011-11-11,67.7157,68.2463,67.663,67.9449,67.9449,10004409
2011-11-14,67.4095,67.7478,66.8817,67.3918,67.3918,8710922
2011-11-15,67.4249,68.1223,65.1085,65.5465,65.5465,38312109
2011-11-16,65.5786,66.1629,64.4453,64.6462,64.6462,19659974
2011-11-17,64.452,65.3348,63.1734,64.0258,64.0258,18421637
2011-11-18,64.3068,64.931,62.3853,62.6126,62.6126,21354155
2011-11-21,62.001,62.0147,60.4218,61.1964,61.1964,23472062
2011-11-22,61.1261,62.2145,60.775,61.6801,61.6801,13973185
2011-11-23,61.0422,61.1456,59.9752,59.9752,59.9752,18225448
2011-11-25,60.0698,60.4218,59.0408,59.0408,59.0408,8218003
2011-11-28,61.4324,61.6392,60.775,61.2656,61.2656,13127560
2011-11-29,61.4909,62.7267,61.2549,62.3014,62.3014,13820057
2011-11-30,64.295,65.7776,64.0405,65.7776,65.7776,20873862
2011-12-01,65.7766,65.8928,64.5857,65.1446,65.1446,10951981
2011-12-02,65.919,66.0128,64.931,65.0539,65.0539,10375929
2011-12-05,66.2634,66.5315,65.2743,65.7766,65.7766,9568867
2011-12-06,65.9532,66.9987,65.7873,66.7618,66.7618,11631767
2011-12-07,66.7286,67.6454,66.5121,66.8642,66.8642,16133662
2011-12-08,66.5315,67.0417,65.2207,65.4138,65.4138,12061384
2011-12-09,65.7532,66.8525,65.7054,66.6905,66.6905,10346427
2011-12-12,66.5452,66.6789,64.931,65.9337,65.9337,11860590
2011-12-13,66.673,67.742,65.9532,66.2867,66.2867,14043795
2011-12-14,65.7297,66.5452,63.662,64.3136,64.3136,24226296
2011-12-15,64.7584,64.9944,63.5382,63.7606,63.7606,15101547
2011-12-16,64.139,64.5223,63.7108,64.5223,64.5223,22977715
2011-12-19,64.7154,64.8218,63.6542,63.7937,63.7937,9341996
2011-12-20,65.1154,66.436,65.1085,66.3209,66.3209,11367748
2011-12-21,66.3277,67.5089,66.2438,67.4445,67.4445,12746219
2011-12-22,67.4972,68.1829,67.2114,68.0093,68.0093,11697623
2011-12-23,68.215,68.8452,67.8747,68.7671,68.7671,5905474
2011-12-27,68.7193,69.402,68.6149,69.0782,69.0782,6462179
2011-12-28,69.0217,69.1914,67.7342,67.7849,67.7849,8292737
2011-12-29,68.0532,68.8081,68.0161,68.7535,68.7535,6979960
2011-12-30,68.3184,68.774,67.9273,68.0668,68.0668,7832042
2012-01-03,69.721,71.0017,69.5621,70.5998,70.5998,18009465
2012-01-04,70.1102,70.5998,69.8536,70.4867,70.4867,12535206
2012-01-05,69.9785,70.077,69.0705,69.7864,69.7864,11231605
2012-01-06,69.9932,70.119,69.1465,69.2898,69.2898,12841180
2012-01-09,69.2451,70.1629,69.1104,70.042,70.042,11127820
2012-01-10,70.5101,70.79,69.6587,69.762,69.762,11945597
2012-01-11,69.3065,69.5074,68.5368,68.9446,68.9446,12208602
2012-01-12,66.8661,67.8337,66.8661,67.1528,67.1528,18599156
2012-01-13,66.9296,67.9068,66.2166,67.8688,67.8688,12923723
2012-01-17,68.5555,69.0782,67.8268,68.2687,68.2687,10826565
2012-01-18,67.8083,68.4101,67.3002,68.3399,68.3399,10287868
2012-01-19,68.7399,68.7671,67.6951,68.4052,68.4052,8857438
2012-01-20,68.2745,68.5798,67.9722,68.3828,68.3828,11387153
2012-01-23,68.4443,68.7671,68.1672,68.4589,68.4589,10171687
2012-01-24,68.0989,68.5087,67.9273,68.2677,68.2677,7880445
2012-01-25,68.0951,69.0938,67.229,68.9192,68.9192,12537792
2012-01-26,69.1104,69.4586,68.0336,68.1877,68.1877,10942820
2012-01-27,66.7842,66.9549,65.9707,66.5061,66.5061,16541298
2012-01-30,66.1502,66.2096,65.3035,66.1561,66.1561,11904496
2012-01-31,66.9207,67.0281,65.5045,65.9707,65.9707,13006844
2012-02-01,66.7111,66.7989,65.6859,65.7601,65.7601,12231282
2012-02-02,65.96,66.5061,65.8166,66.3346,66.3346,9218978
2012-02-03,67.0943,67.5566,66.8436,67.4933,67.4933,10658583
2012-02-06,66.7745,68.2989,66.7675,68.2404,68.2404,10073000
2012-02-07,67.8678,68.492,67.4552,68.3409,68.3409,9433122
2012-02-08,68.6208,68.7671,67.8678,68.3009,68.3009,8415510
2012-02-09,68.5184,68.7105,67.8532,68.0472,68.0472,7427112
2012-02-10,67.3987,67.505,66.9012,67.3479,67.3479,9593943
2012-02-13,67.9108,68.1517,67.462,68.0522,68.0522,7341378
2012-02-14,67.9771,68.1517,67.5372,68.1223,68.1223,9339912
2012-02-15,68.4852,68.4852,67.4202,67.6854,67.6854,10166824
2012-02-16,67.9048,68.6969,67.5566,68.6647,68.6647,8894953
2012-02-17,68.9885,69.1319,68.3536,68.7535,68.7535,8790330
2012-02-21,69.3826,69.9425,69.2577,69.8799,69.8799,11090031
2012-02-22,69.721,69.9785,69.1055,69.2977,69.2977,11091648
2012-02-23,69.3269,69.9425,69.1825,69.8391,69.8391,8545768
2012-02-24,70.0069,70.5199,69.9425,70.3238,70.3238,9049164
2012-02-27,69.8038,71.0514,69.7951,70.6633,70.6633,11981544
2012-02-28,70.6964,71.1723,70.3842,70.6496,70.6496,14168433
2012-02-29,71.1773,71.4981,70.2155,70.3501,70.3501,16402418
2012-03-01,70.3842,71.0017,70.3394,70.749,70.749,9277362
2012-03-02,70.5101,70.8251,70.2672,70.6496,70.6496,8341462
2012-03-05,70.4798,70.5511,69.7083,70.4721,70.4721,9216906
2012-03-06,69.7571,70.2837,69.6186,70.1717,70.1717,11605365
2012-03-07,70.2467,70.8748,69.7405,70.5578,70.5578,18021359
2012-03-08,70.7773,71.2796,70.6203,70.9334,70.9334,8540300
2012-03-09,70.8104,71.1773,70.5101,70.6272,70.6272,8848680
2012-03-12,70.6496,70.911,70.3687,70.911,70.911,8260681
2012-03-13,71.0514,71.7498,70.5413,71.6707,71.6707,11374374
2012-03-14,71.5858,72.3701,71.2572,71.343,71.343,13681488
2012-03-15,71.3567,71.506,70.5578,70.9334,70.9334,13806114
2012-03-16,71.1938,71.4367,70.9734,71.0934,71.0934,17208125
2012-03-19,71.2503,71.5908,71.1089,71.3509,71.3509,8834494
2012-03-20,70.8613,70.8613,70.2223,70.3238,70.3238,9554598
2012-03-21,70.2399,70.278,69.1982,69.5621,69.5621,11712261
2012-03-22,68.8773,68.968,67.702,67.9108,67.9108,12847986
2012-03-23,68.1223,68.9134,67.5889,68.5622,68.5622,10243254
2012-03-26,69.1231,69.6069,68.8617,69.523,69.523,8239453
2012-03-27,69.5474,69.6186,68.9797,69.0022,69.0022,6713455
2012-03-28,68.6969,68.9446,67.8142,68.2619,68.2619,10574042
2012-03-29,67.739,68.9885,67.6347,68.8773,68.8773,8988739
2012-03-30,69.0022,69.1387,68.5974,69.1104,69.1104,9496549
2012-04-02,68.8773,70.1306,68.7193,69.8118,69.8118,8048739
2012-04-03,69.5757,69.762,68.4794,69.0617,69.0617,7275834
2012-04-04,68.4901,68.495,67.701,68.0746,68.0746,8424378
2012-04-05,67.7947,68.2677,67.2553,67.5255,67.5255,9282488
2012-04-09,66.592,67.0885,66.2994,66.712,66.712,7058063
2012-04-10,66.5589,66.6398,65.3631,65.3992,65.3992,13818233
2012-04-11,65.9502,66.039,64.97,65.0763,65.0763,13295180
2012-04-12,65.0363,66.3043,64.7935,66.1307,66.1307,10008613
2012-04-13,65.9365,65.9874,64.9242,64.97,64.97,10622444
2012-04-16,65.5045,65.9103,65.2167,65.4342,65.4342,9408648
2012-04-17,66.0498,67.0983,65.9737,66.7989,66.7989,8533379
2012-04-18,66.6682,67.0222,66.2994,66.6476,66.6476,7502548
2012-04-19,66.5687,66.8086,65.8644,66.0839,66.0839,10499683
2012-04-20,66.635,66.9363,66.0205,66.0897,66.0897,9020120
2012-04-23,65.2314,66.2136,65.0363,66.0342,66.0342,8673025
2012-04-24,66.2497,66.5061,65.845,66.4174,66.4174,6367037
2012-04-25,66.7568,66.9714,66.1542,66.9432,66.9432,8235622
2012-04-26,67.0397,68.7817,67.0339,68.4735,68.4735,13247750
2012-04-27,68.8373,68.85,68.1176,68.4589,68.4589,7754158
2012-04-30,68.4325,68.7272,68.2073,68.691,68.691,7332964
2012-05-01,68.8081,70.1306,68.5798,69.7864,69.7864,9589794
2012-05-02,69.3065,69.3963,68.7105,68.9953,68.9953,7500921
2012-05-03,69.0022,69.0167,67.9508,68.3223,68.3223,7576385
2012-05-04,67.86,68.0034,66.5628,66.8563,66.8563,9681856
2012-05-07,66.4477,66.9276,66.1307,66.5969,66.5969,9504482
2012-05-08,66.234,66.5325,65.4586,66.2896,66.2896,12671536
2012-05-09,65.4996,66.0799,65.3484,65.608,65.608,9489209
2012-05-10,66.2849,67.1948,66.1697,66.6311,66.6311,32740552
2012-05-11,66.3619,67.0085,66.0585,66.1912,66.1912,7670595
2012-05-14,65.5826,65.9444,65.2831,65.7133,65.7133,10893883
2012-05-15,65.7776,66.1756,64.9183,65.0432,65.0432,13063253
2012-05-16,65.5435,66.1989,65.05,65.1065,65.1065,9877249
2012-05-17,65.1738,65.9512,64.9788,65.1358,65.1358,8370338
2012-05-18,65.3544,65.5319,63.8981,64.0405,64.0405,17123589
2012-05-21,64.2678,64.8745,63.9704,64.8423,64.8423,9485289
2012-05-22,64.9964,65.487,64.2171,64.6024,64.6024,9362472
2012-05-23,63.9567,64.3936,62.8964,64.3936,64.3936,12318370
2012-05-24,64.5633,65.1192,64.1001,65.0813,65.0813,11522099
2012-05-25,65.0704,65.1983,64.0161,64.3029,64.3029,8550697
2012-05-29,64.9183,65.5962,64.7204,65.1983,65.1983,8031464
2012-05-30,64.4647,64.4647,63.4172,63.5021,63.5021,11199937
2012-05-31,63.783,64.496,62.8827,63.945,63.945,14410511
2012-06-01,62.8612,63.2817,62.4545,62.7071,62.7071,14211739
2012-06-04,62.754,63.1813,62.2644,62.8194,62.8194,10446085
2012-06-05,62.6934,63.0066,62.2995,62.7598,62.7598,9057996
2012-06-06,63.6709,64.9125,63.4738,64.9125,64.9125,15686103
2012-06-07,65.681,66.3463,65.1621,65.2968,65.2968,12253731
2012-06-08,64.974,65.6937,64.8423,65.5883,65.5883,8871274
2012-06-11,66.3384,66.5589,64.7642,64.9837,64.9837,10819024
2012-06-12,65.1738,65.6284,64.7565,65.523,65.523,9122182
2012-06-13,65.487,65.9512,64.854,65.1281,65.1281,7978349
2012-06-14,65.1553,66.4526,64.9788,66.2896,66.2896,10055085
2012-06-15,66.9959,67.9712,66.7598,67.86,67.86,17052019
2012-06-18,67.0875,67.625,66.9959,67.2934,67.2934,10194316
2012-06-19,67.6387,68.0678,67.4953,67.6825,67.6825,9402151
2012-06-20,67.6708,68.0034,66.7266,67.4045,67.4045,11698868
2012-06-21,67.2934,67.4826,64.9603,65.0559,65.0559,13056649
2012-06-22,65.4674,65.7708,64.7701,65.3299,65.3299,18008021
2012-06-25,64.6121,64.7565,63.8542,64.4433,64.4433,15959837
2012-06-26,64.3741,65.8801,64.2805,65.6635,65.6635,11717409
2012-06-27,66.0128,66.9305,65.8537,66.7139,66.7139,14160097
2012-06-28,66.2468,67.4162,65.9737,67.2934,67.2934,10781906
2012-06-29,68.5037,68.6286,67.8727,68.6208,68.6208,16376393
2012-07-02,68.6783,69.0022,68.097,68.8569,68.8569,8757074
2012-07-03,69.1319,69.8654,69.0938,69.8332,69.8332,6273487
2012-07-05,69.1163,69.6235,68.7671,68.968,68.968,7757294
2012-07-06,68.2872,68.5233,67.9001,68.339,68.339,7089068
2012-07-09,68.2727,68.3223,67.3489,67.9439,67.9439,8045768
2012-07-10,68.2102,68.5485,67.1812,67.5683,67.5683,9876737
2012-07-11,67.8474,68.7037,67.6601,68.1946,68.1946,9120315
2012-07-12,67.9508,68.9953,67.821,68.3155,68.3155,12102128
2012-07-13,68.5164,69.0705,68.2102,68.9544,68.9544,10411408
2012-07-16,68.7603,69.7571,68.6208,69.4586,69.4586,7971952
2012-07-17,69.5913,69.9131,68.6735,69.8742,69.8742,10251877
2012-07-18,69.4586,70.2399,69.3748,70.1717,70.1717,8485592
2012-07-19,70.1931,70.8797,69.6751,70.79,70.79,10499823
2012-07-20,70.3589,71.0651,69.9131,71.0251,71.0251,14406978
2012-07-23,69.7571,70.4321,68.968,70.2155,70.2155,9152677
2012-07-24,70.3589,70.3589,68.0415,69.1387,69.1387,10232475
2012-07-25,69.2831,69.4519,68.4765,68.9885,68.9885,8419652
2012-07-26,69.9785,70.6496,69.762,70.4321,70.4321,10474153
2012-07-27,71.1519,71.2299,69.684,71.0738,71.0738,12820290
2012-07-30,70.8104,71.4981,70.7354,71.42,71.42,8901615
2012-07-31,71.2572,72.0834,71.2503,71.2796,71.2796,15397460
2012-08-01,71.3567,72.3486,70.99,71.8805,71.8805,12859627
2012-08-02,71.1997,71.4981,70.5511,71.0651,71.0651,10243329
2012-08-03,72.2833,72.772,72.1263,72.2715,72.2715,9174797
2012-08-06,72.0376,72.9105,72.019,72.3925,72.3925,7997588
2012-08-07,72.5867,73.0948,72.532,72.8227,72.8227,8384037
2012-08-08,72.5222,73.2694,72.4286,72.9339,72.9339,8368789
2012-08-09,73.0129,73.6869,72.6813,73.2626,73.2626,7451656
2012-08-10,72.8227,73.9122,72.3701,73.8537,73.8537,7852776
2012-08-13,73.7054,73.8761,73.3113,73.6869,73.6869,6667852
2012-08-14,73.9521,74.0682,73.4791,73.7054,73.7054,9664418
2012-08-15,73.5191,74.0877,73.4381,73.799,73.799,6924262
2012-08-16,73.8946,74.4817,73.4947,74.2955,74.2955,8227949
2012-08-17,74.2877,74.4653,73.7678,73.8614,73.8614,8606155
2012-08-20,73.8819,74.0146,73.5268,73.7736,73.7736,5962120
2012-08-21,73.954,74.3852,73.2879,73.4215,73.4215,7083552
2012-08-22,73.363,73.6595,72.9544,73.5318,73.5318,6780544
2012-08-23,73.4888,73.5425,72.7583,72.9601,72.9601,6394626
2012-08-24,72.6286,73.5689,72.6227,73.446,73.446,5267014
2012-08-27,73.5522,73.6869,73.0704,73.2557,73.2557,5168651
2012-08-28,73.3357,73.954,73.284,73.6595,73.6595,5095535
2012-08-29,73.6439,73.7161,73.166,73.3026,73.3026,5027562
2012-08-30,73.0851,73.2225,72.7359,72.7427,72.7427,5373556
2012-08-31,73.208,74.0526,73.208,73.5347,73.5347,8475999
2012-09-04,73.4567,73.6088,72.7057,72.9182,72.9182,7065372
2012-09-05,73.166,73.2557,72.5076,72.6286,72.6286,6773839
2012-09-06,73.1416,74.3793,73.1416,74.1131,74.1131,8437015
2012-09-07,74.0682,74.7374,73.9122,74.7374,74.7374,7713528
2012-09-10,74.8719,75.0973,74.4905,74.707,74.707,7950062
2012-09-11,74.7831,75.2387,74.7374,74.8564,74.8564,7258420
2012-09-12,74.8934,75.2387,74.7598,75.0669,75.0669,6742483
2012-09-13,75.2308,76.69,74.8212,76.4217,76.4217,11801910
2012-09-14,76.6578,77.5132,76.371,76.8724,76.8724,13695952
2012-09-17,76.8255,77.6936,76.6354,76.8051,76.8051,11304115
2012-09-18,76.7047,77.125,76.4462,76.69,76.69,7778779
2012-09-19,76.7681,76.8255,75.9468,76.4462,76.4462,9117779
2012-09-20,76.1428,77.4732,75.7233,77.2644,77.2644,11114719
2012-09-21,77.7161,77.7161,77.0187,77.2343,77.2343,15683415
2012-09-24,77.0723,77.6849,77.0109,77.2167,77.2167,10385211
2012-09-25,77.4801,77.6936,76.3974,76.6578,76.6578,11539793
2012-09-26,76.5915,76.7047,76.1515,76.2453,76.2453,8521020
2012-09-27,76.5739,76.9689,76.3915,76.8432,76.8432,8361533
2012-09-28,76.6285,76.6354,76.1515,76.4217,76.4217,8595124
2012-10-01,76.6578,77.5278,76.6227,76.8724,76.8724,7496977
2012-10-02,77.125,77.4185,76.6578,77.3415,77.3415,9170613
2012-10-03,77.125,77.1962,76.0852,76.1428,76.1428,11229488
2012-10-04,76.4676,77.0187,76.3623,76.8109,76.8109,8276032
2012-10-05,76.9856,77.5278,76.7905,77.0402,77.0402,6875927
2012-10-08,76.8334,77.2801,76.6764,77.1093,77.1093,5238895
2012-10-09,77.047,77.6224,76.9495,76.9495,76.9495,9128227
2012-10-10,75.1489,75.4288,73.446,73.7239,73.7239,24343800
2012-10-11,74.3345,74.8865,74.1335,74.1335,74.1335,11104535
2012-10-12,74.1462,74.2808,73.1748,73.4888,73.4888,9023300
2012-10-15,73.5347,74.1208,72.8451,73.962,73.962,8808426
2012-10-16,74.4076,75.0153,74.2955,74.7968,74.7968,7311716
2012-10-17,74.9773,75.6405,74.9773,75.5128,75.5128,7958969
2012-10-18,75.106,75.4123,74.986,75.1801,75.1801,9405866
2012-10-19,75.3293,75.385,74.1638,74.3403,74.3403,10921440
2012-10-22,74.4945,74.5442,73.2557,73.9122,73.9122,7339328
2012-10-23,73.1495,73.1495,71.5283,71.7147,71.7147,12219679
2012-10-24,71.7342,72.4374,71.4786,71.941,71.941,7760189
2012-10-25,72.5369,72.7641,71.8961,72.7641,72.7641,7456516
2012-10-26,72.5583,73.2225,72.5018,72.8861,72.8861,7286919
2012-10-31,73.3845,73.3933,71.624,72.2715,72.2715,9088461
2012-11-01,72.1263,73.2225,72.055,73.0704,73.0704,9884192
2012-11-02,72.5798,72.9105,70.5199,71.0514,71.0514,12774424
2012-11-05,70.6349,71.6874,70.6349,71.5858,71.5858,6189806
2012-11-06,71.8961,72.573,71.624,72.3486,72.3486,8204744
2012-11-07,71.624,71.6562,70.0069,70.4945,70.4945,11633913
2012-11-08,70.3081,70.5872,69.4167,69.4167,69.4167,9470116
2012-11-09,69.0167,69.9492,68.891,69.3963,69.3963,8899996
2012-11-12,69.7814,69.8332,69.1601,69.4519,69.4519,6103606
2012-11-13,69.0861,69.7864,68.9729,69.0217,69.0217,7374591
2012-11-14,69.4313,69.445,67.5966,67.7821,67.7821,13020790
2012-11-15,67.4426,68.4228,66.5638,67.2007,67.2007,14783010
2012-11-16,67.1675,67.7751,66.79,67.7176,67.7176,12464263
2012-11-19,68.5555,69.009,68.2043,69.009,69.009,10359989
2012-11-20,68.7817,68.8569,68.0609,68.4832,68.4832,7990012
2012-11-21,68.7399,68.8569,68.3877,68.8452,68.8452,5529152
2012-11-23,69.3533,69.7405,69.0782,69.7405,69.7405,4198429
2012-11-26,69.2704,69.4313,68.9368,69.4313,69.4313,6584201
2012-11-27,69.4382,69.5415,68.2453,68.3633,68.3633,9999487
2012-11-28,68.0999,69.8391,67.9536,69.8175,69.8175,10625187
2012-11-29,70.0233,70.5511,69.684,69.957,69.957,8705115
2012-11-30,70.1717,70.3443,69.6108,69.8878,69.8878,10097138
2012-12-03,70.0994,70.1453,69.0217,69.206,69.206,8676228
2012-12-04,69.0364,69.4986,68.7329,68.7476,68.7476,10078914
2012-12-05,69.0217,69.9707,68.774,69.5474,69.5474,9724630
2012-12-06,69.7571,70.4321,69.6235,70.4028,70.4028,11178480
2012-12-07,70.5705,70.7559,70.1892,70.749,70.749,7482627
2012-12-10,70.8251,71.2212,70.4243,70.7266,70.7266,8335653
2012-12-11,70.951,71.5704,70.8563,71.2503,71.2503,8954636
2012-12-12,71.5283,72.1927,71.3626,71.4708,71.4708,9025538
2012-12-13,71.7799,71.7799,71.0651,71.3509,71.3509,7424648
2012-12-14,71.1646,71.6707,71.0251,71.306,71.306,8905654
2012-12-17,71.3937,71.9829,71.3713,71.8726,71.8726,9224705
2012-12-18,71.7799,72.9982,71.6298,72.807,72.807,10741375
2012-12-19,73.0499,73.4791,72.6763,72.689,72.689,11528213
2012-12-20,72.7583,73.1846,72.5076,72.9826,72.9826,8882596
2012-12-21,72.4569,72.9407,71.7936,72.5516,72.5516,23621538
2012-12-24,72.2775,72.3341,71.7342,71.8365,71.8365,3456422
2012-12-26,72.1399,72.257,71.5587,71.7215,71.7215,6191618
2012-12-27,71.7215,71.9966,70.9411,71.7654,71.7654,8355823
2012-12-28,71.2133,71.2796,70.3004,70.4028,70.4028,7980148
2012-12-31,69.9317,71.5704,69.9317,71.506,71.506,9911138
2013-01-02,72.9182,73.0129,71.9166,72.9895,72.9895,9291226
2013-01-03,72.8734,73.3494,72.4159,72.6987,72.6987,10308752
2013-01-04,72.7514,73.1416,72.6813,73.0704,73.0704,6675652
2013-01-07,72.7993,72.7993,72.1984,72.5798,72.5798,7352126
2013-01-08,72.3925,72.5369,72.1399,72.2491,72.2491,9566304
2013-01-09,72.5583,72.7924,72.2034,72.4374,72.4374,6893440
2013-01-10,72.8675,73.2469,72.7993,73.0499,73.0499,7980757
2013-01-11,73.5347,74.1208,73.2762,73.8819,73.8819,8253553
2013-01-14,73.8887,74.6846,73.6292,74.6271,74.6271,9638717
2013-01-15,74.2379,75.0436,74.1715,75.0202,75.0202,8525301
2013-01-16,74.9236,75.6024,74.8339,75.3694,75.3694,9298350
2013-01-17,75.8765,76.6149,75.7751,75.8834,75.8834,10542660
2013-01-18,76.2092,76.2169,75.4201,76.2169,76.2169,12919445
2013-01-22,76.1262,76.6675,75.738,76.651,76.651,8162805
2013-01-23,76.2775,76.6431,75.9955,76.0551,76.0551,7609385
2013-01-24,76.3788,76.9562,76.2374,76.3847,76.3847,7403898
2013-01-25,76.3915,76.9562,76.1428,76.8432,76.8432,7176583
2013-01-28,77.0801,77.0938,76.3155,76.727,76.727,6836078
2013-01-29,76.8938,77.6458,76.8783,77.5132,77.5132,6609161
2013-01-30,77.4185,77.7102,76.8861,77.0109,77.0109,7815995
2013-01-31,76.8568,77.3025,76.1428,76.1428,76.1428,11765148
2013-02-01,76.607,77.166,76.0785,77.047,77.047,9704332
2013-02-04,76.0628,76.6354,75.5732,76.1868,76.1868,9675333
2013-02-05,76.5447,76.9562,76.3847,76.5827,76.5827,7663706
2013-02-06,76.3292,76.6578,75.9546,76.651,76.651,6744061
2013-02-07,76.7047,76.7047,75.6024,76.0628,76.0628,8202430
2013-02-08,75.9955,76.5681,75.9867,76.4676,76.4676,6740027
2013-02-11,76.4997,76.5973,76.0551,76.4676,76.4676,5695271
2013-02-12,76.53,77.2644,76.3847,77.047,77.047,6851009
2013-02-13,76.9689,77.2021,76.5827,76.9943,76.9943,6168942
2013-02-14,76.7437,77.4732,76.6841,77.1093,77.1093,7842153
2013-02-15,76.9562,77.1093,75.9867,76.6149,76.6149,9533358
2013-02-19,76.7681,77.4732,76.7681,77.2499,77.2499,7538944
2013-02-20,77.2577,77.3816,76.5388,76.6354,76.6354,8173533
2013-02-21,76.4997,76.8432,76.0355,76.6354,76.6354,7195823
2013-02-22,76.9777,77.4508,76.5203,77.2801,77.2801,7813961
2013-02-25,77.6458,78.1999,75.6405,75.6629,75.6629,11291725
2013-02-26,76.2775,76.7514,75.8141,76.6149,76.6149,9174190
2013-02-27,76.4462,77.9365,76.4462,77.7463,77.7463,6815093
2013-02-28,77.6849,78.5685,77.5425,78.0682,78.0682,8941097
2013-03-01,77.8009,78.1354,77.2724,77.9004,77.9004,8358224
2013-03-04,77.8244,78.5237,77.364,78.3003,78.3003,7574799
2013-03-05,78.6192,78.8055,78.4194,78.5929,78.5929,9537172
2013-03-06,78.8358,79.1517,78.6544,78.9557,78.9557,8047168
2013-03-07,79.0581,79.2377,78.7753,79.0183,79.0183,6573131
2013-03-08,79.2894,79.3908,78.6261,79.0183,79.0183,7491631
2013-03-11,79.066,79.1654,78.7051,79.1225,79.1225,6794947
2013-03-12,79.2318,79.5009,78.7412,78.8055,78.8055,6942184
2013-03-13,78.8913,79.105,78.6709,78.8777,78.8777,8093017
2013-03-14,79.1225,80.1573,79.0445,79.9809,79.9809,11219924
2013-03-15,79.6921,79.9155,79.2542,79.7488,79.7488,15340449
2013-03-18,79.1517,79.9009,79.105,79.3996,79.3996,7245482
2013-03-19,79.5732,79.8434,79.0787,79.6122,79.6122,7868973
2013-03-20,79.9652,80.5514,79.8765,80.215,80.215,8920913
2013-03-21,79.9809,80.6265,79.8434,80.2062,80.2062,9257465
2013-03-22,80.3983,80.9153,80.287,80.7612,80.7612,7788861
2013-03-25,80.9787,81.0216,79.6747,80.1018,80.1018,9521114
2013-03-26,80.4627,80.727,80.2062,80.6265,80.6265,6387214
2013-03-27,80.295,80.4471,79.7643,80.1106,80.1106,6496668
2013-03-28,80.2628,80.4558,79.1372,79.184,79.184,12427067
2013-04-01,79.225,79.8765,79.1372,79.7107,79.7107,6489026
2013-04-02,79.859,79.9408,79.0787,79.3118,79.3118,7223198
2013-04-03,79.4288,79.4717,78.2057,78.4983,78.4983,10766397
2013-04-04,78.6192,79.0884,78.0828,78.6788,78.6788,8117370
2013-04-05,77.7229,78.4017,77.4264,78.3169,78.3169,7547893
2013-04-08,78.2691,78.5685,77.7463,78.5237,78.5237,6178480
2013-04-09,78.6261,79.225,78.395,79.0728,79.0728,7278385
2013-04-10,79.2377,79.8511,78.9792,79.7244,79.7244,8180879
2013-04-11,79.9487,80.7358,79.6473,80.5982,80.5982,9141557
2013-04-12,80.2783,80.5681,79.6307,79.9341,79.9341,9591168
2013-04-15,79.1743,79.2455,77.6458,77.6849,77.6849,14655821
2013-04-16,78.1999,78.3081,77.4429,77.9804,77.9804,9773900
2013-04-17,77.5717,77.5717,76.0492,76.5134,76.5134,12441040
2013-04-18,76.5681,77.3971,76.3788,77.0402,77.0402,9682156
2013-04-19,77.5425,77.9365,77.1962,77.243,77.243,11363962
2013-04-22,77.5581,78.0341,77.2343,77.6849,77.6849,8157020
2013-04-23,77.9618,78.6963,77.243,78.2935,78.2935,10121162
2013-04-24,78.6641,79.0884,78.6192,78.8202,78.8202,6842178
2013-04-25,79.3683,79.9809,78.8358,78.9792,78.9792,8407371
2013-04-26,79.3118,80.2462,79.0884,80.0052,80.0052,9021905
2013-04-29,80.2628,81.0537,80.0052,80.8675,80.8675,7741793
2013-04-30,80.6714,81.2966,80.0608,81.2966,81.2966,10367457
2013-05-01,80.8167,81.0303,80.0052,80.1663,80.1663,9126268
2013-05-02,80.6325,81.5141,80.3818,81.321,81.321,7603949
2013-05-03,81.7785,82.5939,81.6224,82.2964,82.2964,9580163
2013-05-06,82.1599,82.5012,81.7932,82.1209,82.1209,7006078
2013-05-07,82.1843,82.4612,81.678,81.996,81.996,6621760
2013-05-08,81.957,82.3705,81.8838,82.197,82.197,6722084
2013-05-09,82.2788,82.627,81.9491,82.3958,82.3958,13861569
2013-05-10,82.2144,82.4524,81.3854,82.1033,82.1033,15878160
2013-05-13,81.9149,82.0379,81.4166,81.8838,81.8838,25313670
2013-05-14,81.9229,83.301,81.9149,83.301,83.301,10454276
2013-05-15,83.1255,83.1255,82.3618,82.6592,82.6592,11834223
2013-05-16,82.4701,82.8757,82.2876,82.4788,82.4788,8260832
2013-05-17,82.4701,82.908,82.1296,82.908,82.908,10197639
2013-05-20,82.9138,83.8677,82.7577,83.8336,83.8336,7886543
2013-05-21,83.8677,84.7963,83.8082,84.6022,84.6022,9974151
2013-05-22,84.5749,85.2996,83.7009,83.9349,83.9349,13919391
2013-05-23,83.461,84.5173,83.461,84.2568,84.2568,12050365
2013-05-24,83.6355,84.3388,83.5351,84.2901,84.2901,8325653
2013-05-28,84.9231,85.5902,84.5426,84.9396,84.9396,9822337
2013-05-29,84.7016,85.1269,83.8511,84.3155,84.3155,9559753
2013-05-30,84.1281,84.6265,83.6434,84.054,84.054,6480203
2013-05-31,83.7272,84.1798,82.4701,82.4701,82.4701,11769424
2013-06-03,82.1763,83.3927,82.1763,83.3673,83.3673,10803298
2013-06-04,82.5285,83.0659,82.0379,82.627,82.627,11424944
2013-06-05,82.1686,82.7012,81.481,81.6867,81.6867,11529336
2013-06-06,81.4586,81.6293,79.7107,81.0216,81.0216,15096054
2013-06-07,81.4313,81.9491,80.7143,81.7785,81.7785,9065394
2013-06-10,82.6105,82.6349,81.8428,82.4271,82.4271,8314652
2013-06-11,81.8838,82.4788,81.4488,81.5971,81.5971,6770631
2013-06-12,82.1599,82.4612,80.3515,80.5905,80.5905,8170679
2013-06-13,80.5446,81.8575,80.4784,81.7434,81.7434,6931410
2013-06-14,81.3766,81.759,80.6812,80.8167,80.8167,6572077
2013-06-17,80.9319,81.8244,80.8167,81.4313,81.4313,6023784
2013-06-18,81.2966,81.7853,81.1825,81.6526,81.6526,6765415
2013-06-19,81.8428,82.2057,80.9075,80.9553,80.9553,6898661
2013-06-20,80.3017,80.3818,78.9879,79.2455,79.2455,11353981
2013-06-21,80.1262,80.3017,78.7753,79.8922,79.8922,15915293
2013-06-24,79.0787,79.3039,77.9434,78.4895,78.4895,10100724
2013-06-25,79.105,79.184,78.5608,78.9011,78.9011,8908365
2013-06-26,79.5009,79.6219,78.5998,79.3829,79.3829,7175625
2013-06-27,79.6122,80.3017,79.5956,79.7409,79.7409,6639388
2013-06-28,79.8044,80.3174,79.3762,79.5009,79.5009,9685006
2013-07-01,79.5099,80.6265,79.2894,80.0052,80.0052,7521761
2013-07-02,80.0052,80.8509,79.659,80.0521,80.0521,7311790
2013-07-03,80.0296,80.1573,79.6747,80.0052,80.0052,4527967
2013-07-05,80.3895,81.1825,80.0131,80.964,80.964,6532352
2013-07-08,81.4663,82.1599,81.2548,81.4488,81.4488,7389554
2013-07-09,82.2144,83.1332,81.996,82.8006,82.8006,9308604
2013-07-10,82.9313,83.659,82.4456,82.5753,82.5753,8298676
2013-07-11,83.26,83.3839,82.2964,83.1498,83.1498,10769455
2013-07-12,82.9743,83.4083,82.6679,83.342,83.342,8358197
2013-07-15,83.3839,84.0793,83.342,83.7585,83.7585,6046847
2013-07-16,83.7858,84.1379,82.9997,83.3927,83.3927,5959614
2013-07-17,83.7331,83.9867,83.5078,83.5438,83.5438,5413289
2013-07-18,83.7585,84.3992,83.7272,84.2988,84.2988,6436432
2013-07-19,84.4988,85.245,84.096,85.245,85.245,8827558
2013-07-22,85.1269,85.7433,85.0752,85.3298,85.3298,6037599
2013-07-23,85.358,85.7706,85.1181,85.4917,85.4917,5601856
2013-07-24,85.4858,85.7531,84.5679,84.9152,84.9152,6741736
2013-07-25,84.7436,85.8906,84.4988,85.8389,85.8389,6648486
2013-07-26,85.3298,85.7531,84.7193,85.7102,85.7102,7190055
2013-07-29,85.5727,85.5727,84.5592,84.7709,84.7709,5997626
2013-07-30,84.7963,85.281,84.1125,84.491,84.491,6832351
2013-07-31,84.6684,85.245,84.2988,84.5592,84.5592,8040248
2013-08-01,84.9826,85.0849,84.3915,84.9396,84.9396,8569080
2013-08-02,83.8852,84.0452,82.824,83.9536,83.9536,11135000
2013-08-05,83.7858,83.8082,83.1401,83.2912,83.2912,5559167
2013-08-06,83.2756,83.4161,82.6592,82.7265,82.7265,6962731
2013-08-07,82.6592,83.2415,82.51,82.8484,82.8484,5802942
2013-08-08,83.2259,83.461,81.9062,82.6923,82.6923,8395429
2013-08-09,82.709,82.709,81.759,82.2876,82.2876,8543095
2013-08-12,81.957,81.996,81.2235,81.8428,81.8428,8953034
2013-08-13,81.9149,82.7841,81.555,82.2876,82.2876,6640280
2013-08-14,82.4788,82.627,81.6605,81.996,81.996,10250667
2013-08-15,81.759,81.9658,81.2625,81.4488,81.4488,6271088
2013-08-16,81.2001,81.4099,80.6325,81.2001,81.2001,8345721
2013-08-19,81.0684,81.2625,80.2783,80.3759,80.3759,6361621
2013-08-20,80.3261,80.8167,80.1409,80.1409,80.1409,6630467
2013-08-21,80.1496,80.2628,79.4064,79.7185,79.7185,8341394
2013-08-22,79.8765,80.7358,79.5507,80.1409,80.1409,5947578
2013-08-23,80.3895,81.0948,80.0131,80.9709,80.9709,6912538
2013-08-26,81.1025,81.2235,80.2783,80.4881,80.4881,5585409
2013-08-27,80.1018,81.0684,79.9887,80.4695,80.4695,7655771
2013-08-28,80.9319,82.8757,80.9319,82.5188,82.5188,11243026
2013-08-29,82.0379,82.3461,81.3113,81.5317,81.5317,8103185
2013-08-30,81.6448,81.8906,81.321,81.5794,81.5794,6932870
2013-09-03,82.1686,82.2788,81.2625,81.6605,81.6605,6133024
2013-09-04,81.5141,82.1296,81.2313,81.8838,81.8838,5423646
2013-09-05,82.0048,82.4125,81.9062,82.197,82.197,4928299
2013-09-06,82.3197,83.1498,80.6081,82.0857,82.0857,8400517
2013-09-09,82.0857,82.948,82.0857,82.7841,82.7841,6616859
2013-09-10,83.1996,83.3166,82.0857,83.3166,83.3166,8860134
2013-09-11,83.3507,83.9935,83.1839,83.9536,83.9536,7377050
2013-09-12,84.0209,84.3992,83.7418,83.9272,83.9272,6687257
2013-09-13,83.9867,84.5515,83.8599,84.0881,84.0881,4567784
2013-09-16,84.6587,84.8031,83.9867,84.0452,84.0452,6326911
2013-09-17,84.0696,84.8031,84.0452,84.2315,84.2315,8059173
2013-09-18,84.2481,85.6497,83.8677,85.2136,85.2136,9296484
2013-09-19,85.245,85.4244,84.848,84.9747,84.9747,6562039
2013-09-20,85.1181,85.5092,84.4841,84.61,84.61,15169324
2013-09-23,84.3992,85.0849,84.3651,85.044,85.044,8046789
2013-09-24,84.9152,85.2313,84.2803,84.3242,84.3242,8986686
2013-09-25,84.4988,84.7016,84.0364,84.0364,84.0364,6641731
2013-09-26,84.0608,84.2988,83.3253,83.6434,83.6434,7415077
2013-09-27,83.4697,83.5078,82.9743,83.0737,83.0737,6674268
2013-09-30,82.3705,82.6592,81.6293,82.2964,82.2964,9480760
2013-10-01,82.1296,82.4701,81.8672,82.1599,82.1599,6942396
2013-10-02,81.996,82.0633,81.1171,81.8575,81.8575,8712501
2013-10-03,81.7111,81.7434,79.8765,80.1106,80.1106,15067320
2013-10-04,80.2628,80.295,79.6034,80.0131,80.0131,9653025
2013-10-07,79.5507,80.2628,79.3996,79.8365,79.8365,8381572
2013-10-08,79.8511,80.0052,79.0581,79.0728,79.0728,9960026
2013-10-09,78.9489,79.1128,78.1121,78.6544,78.6544,13084786
2013-10-10,78.0496,78.8202,77.521,78.8202,78.8202,16440597
2013-10-11,78.9557,79.7244,78.5384,79.7019,79.7019,9649163
2013-10-14,79.4717,80.4237,78.7929,80.3174,80.3174,7070998
2013-10-15,80.3017,80.6461,79.7643,80.0296,80.0296,9476120
2013-10-16,80.8021,81.086,80.175,80.7202,80.7202,8300686
2013-10-17,80.6714,81.0303,80.3759,80.964,80.964,7757704
2013-10-18,81.0128,81.1747,80.6958,81.0607,81.0607,9199115
2013-10-21,81.045,81.4099,80.8255,81.1669,81.1669,6437743
2013-10-22,81.3766,81.8341,81.0771,81.7248,81.7248,9516852
2013-10-23,81.4663,81.7248,81.1747,81.3698,81.3698,7327187
2013-10-24,81.7521,81.957,81.2157,81.6702,81.6702,6185357
2013-10-25,81.6956,82.0945,81.4586,81.6956,81.6956,6309860
2013-10-28,81.6702,82.0379,81.3366,81.9062,81.9062,8116291
2013-10-29,82.1599,82.6592,82.0476,82.2964,82.2964,6262130
2013-10-30,82.3295,82.6349,81.2157,81.4742,81.4742,7381119
2013-10-31,81.3854,82.1599,81.1669,81.2391,81.2391,11446737
2013-11-01,80.6265,80.9153,79.2542,79.9408,79.9408,13795334
2013-11-04,80.3261,80.3349,79.4717,80.0052,80.0052,9847379
2013-11-05,79.6473,80.5359,79.3039,80.2286,80.2286,9788278
2013-11-06,80.8167,82.2291,80.4695,82.0379,82.0379,12358400
2013-11-07,82.3705,82.5686,80.8986,81.2157,81.2157,14958720
2013-11-08,81.0684,82.0857,81.0128,82.07,82.07,16728161
2013-11-11,82.0633,82.2964,81.7785,82.0048,82.0048,5060690
2013-11-12,81.9795,82.111,81.045,81.2625,81.2625,10209982
2013-11-13,81.0128,81.3854,80.7358,81.3366,81.3366,9170845
2013-11-14,81.6956,81.9229,81.4907,81.678,81.678,8011882
2013-11-15,81.8341,82.1374,81.3698,81.996,81.996,8795809
2013-11-18,82.4524,82.5939,82.0048,82.353,82.353,7010725
2013-11-19,82.3461,83.5829,82.1374,83.3839,83.3839,8623711
2013-11-20,83.4513,83.8423,83.0562,83.3352,83.3352,6692537
2013-11-21,83.5673,84.4149,83.5673,84.3242,84.3242,7151996
2013-11-22,84.3651,84.848,83.618,84.727,84.727,5691342
2013-11-25,84.5242,84.7797,84.1721,84.5085,84.5085,5746659
2013-11-26,84.2988,84.4841,83.7761,83.8599,83.8599,6730795
2013-11-27,83.7497,83.8336,83.0933,83.618,83.618,5719503
2013-11-29,83.9028,84.2315,83.3352,83.6258,83.6258,5447675
2013-12-02,83.9349,84.0608,83.3761,83.5517,83.5517,7882772
2013-12-03,83.5438,83.9613,83.2415,83.6824,83.6824,7922746
2013-12-04,83.4083,83.9028,82.7656,83.1839,83.1839,6430144
2013-12-05,82.824,83.3352,82.4612,82.709,82.709,6895547
2013-12-06,83.3761,83.5673,83.1011,83.5351,83.5351,6118309
2013-12-09,83.5166,84.61,83.4513,84.2568,84.2568,11282506
2013-12-10,84.5426,84.6587,83.8082,84.4676,84.4676,8202844
2013-12-11,84.5592,84.6167,83.2074,83.4083,83.4083,10701682
2013-12-12,83.1919,83.4083,82.3618,82.6592,82.6592,10571988
2013-12-13,82.2633,82.7431,81.5405,81.8975,81.8975,7719734
2013-12-16,82.2788,82.4524,81.8497,82.0945,82.0945,10697435
2013-12-17,82.0379,82.1033,80.7777,81.0948,81.0948,9998670
2013-12-18,81.4976,83.1839,81.4243,83.0562,83.0562,12014439
2013-12-19,83.0425,84.2988,82.7012,84.1721,84.1721,9575533
2013-12-20,83.894,84.5426,83.6004,83.8599,83.8599,13842532
2013-12-23,84.2988,84.4071,83.7585,83.8765,83.8765,5947464
2013-12-24,83.8599,84.3739,83.8015,84.3476,84.3476,2324629
2013-12-26,84.4149,85.358,84.3739,85.245,85.245,5000208
2013-12-27,85.365,85.8312,85.1532,85.5473,85.5473,5058772
2013-12-30,85.2313,85.5307,84.6265,84.8724,84.8724,6863987
2013-12-31,85.1435,85.5004,84.6509,85.3074,85.3074,5088603
2014-01-02,85.0265,85.2907,84.491,84.8031,84.8031,6647336
2014-01-03,85.1035,85.2996,84.5923,84.9396,84.9396,5133026
2014-01-06,85.0937,85.238,84.3564,84.7193,84.7193,6229295
2014-01-07,84.9894,85.6077,84.4579,85.4244,85.4244,6686840
2014-01-08,85.0079,85.0265,83.8423,84.2227,84.2227,12131536
2014-01-09,84.3065,84.3065,83.3507,84.2227,84.2227,8262830
2014-01-10,83.6658,83.9096,82.2057,82.6592,82.6592,11908792
2014-01-13,82.5372,82.6026,81.2722,81.4488,81.4488,9534430
2014-01-14,81.555,81.8077,81.1435,81.6867,81.6867,10108588
2014-01-15,81.7785,82.0048,81.3034,81.4029,81.4029,8534643
2014-01-16,81.3532,81.4663,80.7358,81.1669,81.1669,7381755
2014-01-17,81.2889,82.2144,81.0948,81.4663,81.4663,10555465
2014-01-21,82.4788,82.5939,81.6448,82.197,82.197,8201855
2014-01-22,82.313,82.4934,81.9491,82.2554,82.2554,7287291
2014-01-23,81.7044,81.8761,80.7856,80.8821,80.8821,9091384
2014-01-24,80.5027,80.6958,79.4132,79.4288,79.4288,10439633
2014-01-27,79.4132,80.1018,79.145,79.5253,79.5253,9047633
2014-01-28,79.7185,79.9408,79.2894,79.8044,79.8044,6302907
2014-01-29,79.3411,79.8365,79.0347,79.2377,79.2377,8087781
2014-01-30,79.4463,79.8843,78.6709,79.542,79.542,8110086
2014-01-31,77.8009,77.8009,75.8961,76.2453,76.2453,22738474
2014-02-03,76.7359,76.8207,75.5049,75.9117,75.9117,16513891
2014-02-04,76.4062,76.53,75.4669,75.6952,75.6952,14226318
2014-02-05,75.7926,75.8229,74.6349,74.8027,74.8027,15476437
2014-02-06,75.2153,76.0551,75.0826,75.9955,75.9955,11696494
2014-02-07,76.4383,76.5827,75.3977,76.5388,76.5388,10408214
2014-02-10,76.8255,76.8255,75.8765,76.2872,76.2872,13544262
2014-02-11,76.5203,77.7873,76.4608,77.5815,77.5815,10073004
2014-02-12,77.8009,77.8009,77.047,77.2021,77.2021,9339578
2014-02-13,76.9943,77.6936,76.6149,77.5347,77.5347,7348581
2014-02-14,77.5815,78.4447,76.8988,78.1999,78.1999,9849561
2014-02-18,78.5685,78.6261,77.599,77.677,77.677,8868740
2014-02-19,77.5581,79.2894,77.5044,78.2837,78.2837,11599598
2014-02-20,78.276,79.4717,77.9365,78.9704,78.9704,12201981
2014-02-21,79.0581,79.0728,77.599,77.6507,77.6507,13381921
2014-02-24,78.1286,79.2542,77.9004,78.6544,78.6544,10663511
2014-02-25,78.8133,79.5507,78.7275,79.2318,79.2318,8672421
2014-02-26,79.1225,79.8365,78.828,79.5956,79.5956,8871952
2014-02-27,79.7019,79.8121,78.9489,79.7185,79.7185,7145149
2014-02-28,79.8434,80.4384,79.1128,79.4717,79.4717,10081203
2014-03-03,79.105,80.0793,78.7412,79.1372,79.1372,8774657
2014-03-04,79.8511,80.1409,79.4288,79.4717,79.4717,8144593
2014-03-05,79.3118,79.4288,78.5685,78.8533,78.8533,9728383
2014-03-06,79.0514,79.3683,78.7988,79.1372,79.1372,7516630
2014-03-07,79.3039,79.9009,79.0006,79.3118,79.3118,7336347
2014-03-10,79.5673,79.8922,78.6319,79.8278,79.8278,9002124
2014-03-11,79.859,80.1106,78.7275,78.907,78.907,9105139
2014-03-12,78.6466,80.2062,78.6397,79.6921,79.6921,9898828
2014-03-13,79.654,79.7546,78.6319,78.8709,78.8709,7843520
2014-03-14,78.8055,79.1743,78.3384,78.6192,78.6192,9127612
2014-03-17,78.7412,79.4463,78.6397,79.3039,79.3039,8555386
2014-03-18,79.6677,80.3174,79.3908,80.1175,80.1175,9185094
2014-03-19,79.8511,80.4384,79.0183,79.3908,79.3908,8075794
2014-03-20,79.1225,80.0052,78.7753,79.5956,79.5956,7662798
2014-03-21,80.1573,81.3034,79.6396,79.6747,79.6747,21613306
2014-03-24,79.9408,80.3983,79.6921,79.8278,79.8278,7817229
2014-03-25,80.1175,80.7612,80.094,80.688,80.688,8088278
2014-03-26,81.1747,81.4976,80.8909,81.1104,81.1104,8666146
2014-03-27,81.1435,81.2966,80.5027,81.0771,81.0771,7581537
2014-03-28,81.4029,81.7044,81.1025,81.6702,81.6702,8525532
2014-03-31,81.8761,82.4359,81.6605,81.9491,81.9491,7956270
2014-04-01,82.0945,82.4271,81.8975,81.996,81.996,7823590
2014-04-02,81.7248,82.3793,81.6867,82.2369,82.2369,6537565
2014-04-03,82.5529,82.5597,81.9306,82.0302,82.0302,6455591
2014-04-04,82.5372,82.5372,81.7336,81.8838,81.8838,7692623
2014-04-07,81.5317,81.8906,80.8753,80.8753,80.8753,7605384
2014-04-08,81.0607,81.5229,80.7514,81.1747,81.1747,6837418
2014-04-09,81.1904,82.1599,81.045,82.0556,82.0556,7803576
2014-04-10,80.7709,81.3532,80.3096,80.3983,80.3983,12725424
2014-04-11,80.2783,81.125,80.2783,80.6402,80.6402,10199890
2014-04-14,81.2001,81.8906,80.8753,81.8077,81.8077,9895513
2014-04-15,81.8156,82.908,81.5483,82.9001,82.9001,11147382
2014-04-16,83.3079,84.1544,83.3079,83.9701,83.9701,10560291
2014-04-17,83.8765,85.3386,83.8765,85.2235,85.2235,12486592
2014-04-21,84.848,85.7365,84.8031,85.6234,85.6234,9216150
2014-04-22,85.3483,85.7015,85.1708,85.4419,85.4419,8491686
2014-04-23,85.5805,86.0973,85.5805,85.916,85.916,8120987
2014-04-24,86.0204,86.0711,85.5551,85.6741,85.6741,7525188
2014-04-25,85.6136,85.9237,85.1435,85.4321,85.4321,8385209
2014-04-28,85.6497,86.8592,85.6331,86.6592,86.6592,11155702
2014-04-29,86.7714,87.6795,86.6846,86.7811,86.7811,9674371
2014-04-30,86.6846,86.7908,86.3472,86.5197,86.5197,8886050
2014-05-01,86.6075,86.6846,85.6595,86.0896,86.0896,9258400
2014-05-02,85.4419,86.7118,85.1435,85.9423,85.9423,7844935
2014-05-05,86.0017,86.7363,85.7015,86.39,86.39,6130083
2014-05-06,86.1315,86.6329,85.8214,86.1062,86.1062,8125614
2014-05-07,86.7811,87.381,86.5978,86.9712,86.9712,7888713
2014-05-08,86.6329,86.9011,86.036,86.1911,86.1911,7270171
2014-05-09,86.4163,86.8679,85.9082,86.1578,86.1578,7001604
2014-05-12,86.547,86.547,85.8994,86.2954,86.2954,7131894
2014-05-13,86.547,86.7997,86.1062,86.7363,86.7363,6407042
2014-05-14,86.9011,87.381,86.6846,87.1099,87.1099,7199700
2014-05-15,86.9802,87.2318,85.874,86.036,86.036,8550970
2014-05-16,86.1491,86.4329,85.4,85.6136,85.6136,9972618
2014-05-19,85.4419,85.7892,85.365,85.4419,85.4419,5821546
2014-05-20,85.4419,85.5551,84.9572,85.1269,85.1269,5819512
2014-05-21,85.4858,86.4417,85.4321,86.2778,86.2778,6847180
2014-05-22,86.2417,86.4856,85.8828,85.916,85.916,4694579
2014-05-23,86.2417,86.4417,85.7277,85.7531,85.7531,5483889
2014-05-27,86.0534,86.1667,85.3074,85.358,85.358,6167751
2014-05-28,85.4088,85.7102,85.1435,85.1435,85.1435,6770843
2014-05-29,85.4,85.4088,84.5339,85.0265,85.0265,9000063
2014-05-30,85.0167,85.3913,84.8031,85.3298,85.3298,7434496
2014-06-02,85.4321,85.5181,84.8031,84.9396,84.9396,5309068
2014-06-03,85.0665,85.3483,84.5846,85.161,85.161,5127728
2014-06-04,85.0352,85.2527,84.8031,85.0498,85.0498,4727394
2014-06-05,85.1435,86.0204,85.1103,85.8476,85.8476,6078899
2014-06-06,85.9599,86.6846,85.8643,86.3022,86.3022,6180393
2014-06-09,86.1734,86.6329,86.0896,86.4505,86.4505,5262834
2014-06-10,86.8592,87.1176,86.2778,87.1019,87.1019,8456610
2014-06-11,86.9538,87.2054,86.625,86.9889,86.9889,6576756
2014-06-12,87.3995,87.7175,87.1625,87.6375,87.6375,9806910
2014-06-13,87.5321,88.4168,87.5126,88.4168,88.4168,8027021
2014-06-16,88.3836,89.5199,88.3563,89.3327,89.3327,10178483
2014-06-17,88.8966,89.6711,88.6547,89.5287,89.5287,9670545
2014-06-18,89.6272,90.6943,89.2088,90.5392,90.5392,11084125
2014-06-19,90.549,91.7604,90.2866,91.7526,91.7526,10684394
2014-06-20,91.7253,92.0003,90.9557,91.9632,91.9632,16328563
2014-06-23,92.0832,92.8264,92.0188,92.4305,92.4305,15842068
2014-06-24,92.2568,92.7426,91.5429,91.5867,91.5867,12337880
2014-06-25,91.2845,91.9721,91.064,91.2181,91.2181,9660792
2014-06-26,91.1985,91.2083,90.0339,90.982,90.982,8793309
2014-06-27,90.8552,91.0094,89.8759,90.5938,90.5938,12481639
2014-06-30,90.468,90.7839,89.913,90.7284,90.7284,8213110
2014-07-01,90.9996,91.3224,90.665,90.7206,90.7206,5756268
2014-07-02,90.7206,90.982,90.348,90.5314,90.5314,7391504
2014-07-03,91.339,91.4502,90.8552,91.181,91.181,5056092
2014-07-07,90.6562,90.7929,90.3577,90.6748,90.6748,5265428
2014-07-08,90.1422,90.6124,90.0339,90.2866,90.2866,6744905
2014-07-09,90.5392,91.5234,90.348,91.3127,91.3127,7487707
2014-07-10,90.6748,90.9372,90.2866,90.5392,90.5392,6337949
2014-07-11,89.7511,90.2769,88.9952,89.28,89.28,7551011
2014-07-14,89.5102,90.0155,89.2176,89.8506,89.8506,5950870
2014-07-15,89.6984,90.0155,89.396,89.8506,89.8506,6971273
2014-07-16,90.2769,90.9996,90.1238,90.9654,90.9654,6474037
2014-07-17,90.7929,91.3761,90.2681,90.4046,90.4046,7138089
2014-07-18,90.7929,90.8552,90.0427,90.6221,90.6221,6243707
2014-07-21,90.431,91.2845,90.3577,91.2444,91.2444,5351558
2014-07-22,91.5516,92.5572,91.4219,92.1378,92.1378,6319109
2014-07-23,92.2295,93.0868,92.0549,93.0585,93.0585,6603550
2014-07-24,93.1521,93.8866,92.9386,93.7374,93.7374,7684340
2014-07-25,93.5326,93.5424,92.486,92.8264,92.8264,5331966
2014-07-28,92.8176,92.9933,92.3767,92.5933,92.5933,6655011
2014-07-29,92.3865,92.9561,92.0188,92.0188,92.0188,6027422
2014-07-30,92.4305,92.9386,91.3761,92.092,92.092,6621311
2014-07-31,91.5516,91.7428,89.7247,89.832,89.832,11473168
2014-08-01,88.7904,89.6272,87.8111,88.8966,88.8966,10615603
2014-08-04,88.7348,89.2088,87.5828,89.083,89.083,10589969
2014-08-05,88.8342,88.8342,86.5978,86.8308,86.8308,11613963
2014-08-06,86.8923,88.2696,86.744,87.3995,87.3995,7391939
2014-08-07,87.6795,88.094,86.7617,87.3448,87.3448,6691647
2014-08-08,87.6025,88.9318,87.5126,88.8695,88.8695,6817936
2014-08-11,89.083,89.4302,88.646,88.7533,88.7533,4987819
2014-08-12,88.3563,88.4343,87.7322,88.331,88.331,7113852
2014-08-13,88.6908,89.1279,88.1993,88.6734,88.6734,5062210
2014-08-14,88.7279,88.7445,87.9271,88.2607,88.2607,6508655
2014-08-15,88.6109,88.8695,88.1105,88.3836,88.3836,8209801
2014-08-18,88.488,88.7191,88.0667,88.5143,88.5143,6605781
2014-08-19,88.8245,89.5015,88.6908,89.4488,89.4488,5554947
2014-08-20,89.1903,89.4389,88.8695,89.3591,89.3591,4608682
2014-08-21,89.4935,89.8584,89.1376,89.6526,89.6526,3817807
2014-08-22,89.2703,89.3688,88.646,89.0927,89.0927,4618227
2014-08-25,89.4214,89.7793,89.2703,89.6009,89.6009,3774689
2014-08-26,89.796,90.2046,89.6623,89.8848,89.8848,4040180
2014-08-27,89.9958,90.2866,89.8584,90.1422,90.1422,3947787
2014-08-28,89.913,90.3577,89.8848,90.2329,90.2329,3436969
2014-08-29,90.4212,90.7839,90.0515,90.7284,90.7284,5026443
2014-09-02,90.5577,90.6748,89.0654,89.4049,89.4049,6776210
2014-09-03,90.0427,90.3412,89.4858,89.6185,89.6185,5488303
2014-09-04,89.8759,90.0427,88.4266,88.8772,88.8772,7418530
2014-09-05,89.1201,89.3161,88.4003,89.2887,89.2887,7188861
2014-09-08,88.7904,88.8538,88.1105,88.4343,88.4343,6005261
2014-09-09,87.2659,88.1895,87.0855,87.7175,87.7175,9601692
2014-09-10,87.2483,87.4619,86.2173,87.1019,87.1019,15619066
2014-09-11,86.4163,86.9459,85.8038,86.7811,86.7811,9373569
2014-09-12,86.5889,86.6934,85.6741,85.9599,85.9599,7025853
2014-09-15,85.7277,87.4805,85.5551,87.0757,87.0757,7769135
2014-09-16,86.9372,88.1105,86.6494,87.5828,87.5828,9404387
2014-09-17,87.6795,87.9525,87.2396,87.4424,87.4424,6539303
2014-09-18,87.6277,87.6277,86.7811,86.9976,86.9976,6693096
2014-09-19,87.5224,88.1183,87.381,87.4872,87.4872,14395593
2014-09-22,87.3274,87.5653,86.5549,86.5714,86.5714,8346968
2014-09-23,86.5978,86.8767,86.0973,86.2515,86.2515,8019204
2014-09-24,86.2603,86.2603,84.7193,85.8038,85.8038,11426774
2014-09-25,85.6682,85.9326,84.5749,84.5749,84.5749,9225139
2014-09-26,84.3915,85.5473,84.1203,85.1269,85.1269,7856131
2014-09-29,84.61,84.6265,83.5166,84.4841,84.4841,9693980
2014-09-30,84.4676,84.4676,83.1772,83.6258,83.6258,11962549
2014-10-01,83.2415,83.6434,82.2711,82.4701,82.4701,11460714
2014-10-02,82.2788,82.6505,81.3952,82.07,82.07,11657263
2014-10-03,82.7929,82.8085,81.5873,82.51,82.51,8985976
2014-10-06,82.6592,83.4513,82.1843,82.7577,82.7577,7719619
2014-10-07,82.3384,83.0074,81.2966,81.3113,81.3113,10427041
2014-10-08,81.2235,82.8816,80.7143,82.6826,82.6826,13587376
2014-10-09,82.0476,82.0476,80.0793,80.2549,80.2549,16390137
2014-10-10,80.3818,81.1104,79.1128,79.8278,79.8278,13208933
2014-10-13,79.5879,80.3096,78.395,78.5314,78.5314,11133402
2014-10-14,78.9304,79.2377,76.4676,76.9495,76.9495,16465908
2014-10-15,76.0931,76.7437,74.752,76.5915,76.5915,21798904
2014-10-16,75.6249,78.0204,75.1333,77.8321,77.8321,16990164
2014-10-17,78.3471,79.0183,77.6146,78.3627,78.3627,15548102
2014-10-20,78.1765,78.6963,77.7873,78.1511,78.1511,12596126
2014-10-21,79.3332,80.727,79.1372,80.6626,80.6626,12704678
2014-10-22,80.7446,81.4586,79.8365,79.9009,79.9009,10287376
2014-10-23,81.2966,82.2223,80.5681,81.4313,81.4313,10265941
2014-10-24,81.4313,81.4742,80.2696,81.2313,81.2313,7859760
2014-10-27,80.1827,80.8753,79.5253,80.6168,80.6168,9589166
2014-10-28,81.4243,82.1763,80.7202,82.0857,82.0857,10378157
2014-10-29,82.7743,83.3586,81.3766,82.0945,82.0945,9806819
2014-10-30,81.4313,82.1599,81.0128,82.1374,82.1374,7382469
2014-10-31,82.948,84.2315,81.5794,84.0696,84.0696,15225184
2014-11-03,83.9935,84.0881,81.6361,81.8672,81.8672,14759917
2014-11-04,81.2819,81.3113,80.4558,80.8753,80.8753,13675352
2014-11-05,82.1763,82.2057,80.5027,82.0379,82.0379,9420254
2014-11-06,81.9394,83.1011,81.555,83.0835,83.0835,9107678
2014-11-07,83.2337,83.9272,82.948,83.2503,83.2503,10510038
2014-11-10,83.8169,83.8765,82.2144,82.6592,82.6592,8723488
2014-11-11,82.6826,83.1839,82.2057,83.0162,83.0162,5646153
2014-11-12,82.627,83.2074,82.2711,82.4701,82.4701,7024653
2014-11-13,82.0945,82.3384,81.0684,81.6293,81.6293,15721246
2014-11-14,81.8575,82.3052,81.6605,82.2788,82.2788,6914944
2014-11-17,82.0213,82.1599,81.5405,81.8906,81.8906,8076986
2014-11-18,82.0379,82.51,81.5229,81.6956,81.6956,8024492
2014-11-19,82.0213,82.5442,81.4029,82.3871,82.3871,6036570
2014-11-20,82.1599,83.1088,82.1599,82.9821,82.9821,7450096
2014-11-21,84.0296,84.1125,83.2669,83.8852,83.8852,10406308
2014-11-24,83.5585,83.8852,82.8757,83.1919,83.1919,8209693
2014-11-25,83.3253,83.342,81.8077,82.1599,82.1599,9430762
2014-11-26,82.2788,82.3052,81.3698,81.4313,81.4313,9493320
2014-11-28,78.7412,79.0183,76.7047,77.0187,77.0187,16872251
2014-12-01,77.364,79.5819,76.8783,79.0445,79.0445,18941580
2014-12-02,78.7334,81.0537,78.4447,80.6539,80.6539,12084209
2014-12-03,81.1669,81.2157,80.0463,80.4314,80.4314,11391954
2014-12-04,80.0052,80.0052,78.5384,79.4288,79.4288,11651982
2014-12-05,79.0884,79.4288,78.3169,78.4281,78.4281,10832904
2014-12-08,77.7386,77.7784,75.2757,75.5498,75.5498,19518715
2014-12-09,75.11,76.5057,75.0826,75.6952,75.6952,15625508
2014-12-10,75.1402,75.1655,72.9105,74.1804,74.1804,21307668
2014-12-11,74.2545,75.8834,73.7853,74.2057,74.2057,14550828
2014-12-12,73.3494,73.8156,72.4159,72.4189,72.4189,16980333
2014-12-15,72.9544,73.5035,71.0358,71.3509,71.3509,18579567
2014-12-16,71.0934,73.9034,70.8476,71.9468,71.9468,17966723
2014-12-17,72.2833,75.3977,72.1604,75.0007,75.0007,18885466
2014-12-18,76.4062,77.125,74.6271,77.125,77.125,19117301
2014-12-19,77.4801,79.9077,76.7514,79.8843,79.8843,22225977
2014-12-22,79.5099,79.9341,78.5685,79.2542,79.2542,13335327
2014-12-23,79.7722,80.964,79.4552,80.6081,80.6081,11438495
2014-12-24,80.3895,80.7446,79.2894,80.2628,80.2628,6415892
2014-12-26,80.5905,80.8986,79.8121,80.1262,80.1262,6191950
2014-12-29,80.2462,80.924,79.781,80.175,80.175,8542184
2014-12-30,79.8922,80.3818,79.3411,80.0131,80.0131,7999216
2014-12-31,78.9879,80.1663,78.8913,79.3683,79.3683,9063759
2015-01-02,78.9704,79.9408,78.4105,79.6307,79.6307,8349922
2015-01-05,78.4983,78.6544,75.9955,76.4608,76.4608,16621088
2015-01-06,76.3086,77.1183,75.3225,76.4217,76.4217,16377986
2015-01-07,77.2868,77.6313,76.0492,76.3623,76.3623,14636133
2015-01-08,77.1962,78.1286,76.8255,78.1052,78.1052,12226276
2015-01-09,77.9101,77.9707,76.1692,76.5515,76.5515,13548610
2015-01-12,76.0199,76.0199,74.6768,74.9031,74.9031,12597912
2015-01-13,75.6405,76.1604,72.9982,73.7113,73.7113,18769294
2015-01-14,72.9895,73.8614,72.0376,73.4947,73.4947,19955272
2015-01-15,73.8614,74.2291,72.532,72.6286,72.6286,13661681
2015-01-16,72.7114,74.3793,72.4872,74.3628,74.3628,17816900
2015-01-20,73.962,75.3898,73.4381,75.3157,75.3157,14710694
2015-01-21,75.5419,76.5915,75.2387,76.5134,76.5134,11692012
2015-01-22,76.9416,77.1962,75.6785,77.047,77.047,10561149
2015-01-23,76.5593,76.9339,75.5049,75.5859,75.5859,11286006
2015-01-26,75.853,77.3562,75.2153,77.0255,77.0255,10842712
2015-01-27,76.5739,76.9689,76.1389,76.5827,76.5827,9030075
2015-01-28,76.5134,76.5203,73.1582,73.363,73.363,14313842
2015-01-29,73.7405,74.0146,71.9166,72.8617,72.8617,19781858
2015-01-30,71.8726,73.0646,69.9482,72.532,72.532,29091335
2015-02-02,73.5522,75.0826,72.8384,75.0289,75.0289,16307854
2015-02-03,76.255,77.8857,76.1692,77.4801,77.4801,20167633
2015-02-04,76.7437,77.3025,75.9712,76.6431,76.6431,14383846
2015-02-05,77.5132,77.8857,76.8051,77.3269,77.3269,10648275
2015-02-06,77.5717,78.1433,77.1874,77.5425,77.5425,10821799
2015-02-09,77.7014,78.8777,77.5659,78.1209,78.1209,9050713
2015-02-10,78.1842,78.2555,76.4608,77.9434,77.9434,9942633
2015-02-11,77.0938,77.9434,76.5973,77.8009,77.8009,12241144
2015-02-12,78.7753,79.3332,78.4524,79.1918,79.1918,9264302
2015-02-13,79.542,80.6081,79.3762,80.5681,80.5681,10491038
2015-02-17,80.2209,80.6714,79.659,80.287,80.287,9932231
2015-02-18,79.4717,79.7546,78.8358,78.8913,78.8913,9685560
2015-02-19,77.2947,78.2837,76.5973,77.4039,77.4039,13608160
2015-02-20,77.4585,77.7784,76.7972,77.5815,77.5815,10653700
2015-02-23,77.0021,77.5132,76.6841,77.047,77.047,9412372
2015-02-24,77.0723,77.3211,76.6764,77.1183,77.1183,7990386
2015-02-25,77.2947,77.7102,76.9777,77.5659,77.5659,6728266
2015-02-26,76.9085,77.0938,76.1515,76.4754,76.4754,8261931
2015-02-27,76.8646,76.9562,76.1341,76.2169,76.2169,8954164
2015-03-02,75.9546,75.9653,74.9539,75.6542,75.6542,10280137
2015-03-03,75.6405,75.8697,74.8719,75.1177,75.1177,9660702
2015-03-04,75.3157,75.4669,74.6114,75.1177,75.1177,8098042
2015-03-05,75.0153,75.2308,74.5276,74.8115,74.8115,7218792
2015-03-06,74.4536,74.6681,73.7006,73.9697,73.9697,10097461
2015-03-09,74.0809,75.4581,73.9346,74.2545,74.2545,10507479
2015-03-10,74.1462,74.6846,72.2034,72.2034,72.2034,14949366
2015-03-11,73.9521,74.2057,72.1847,72.1847,72.1847,11817882
2015-03-12,74.4536,74.6603,72.1048,72.1048,72.1048,8263007
2015-03-13,72.6022,72.7583,71.9078,72.5944,72.5944,11681959
2015-03-16,72.4648,73.7736,72.1487,73.6673,73.6673,9491318
2015-03-17,73.0763,73.9697,72.9339,73.7006,73.7006,9935494
2015-03-18,73.3026,76.3536,73.1299,76.2296,76.2296,15482014
2015-03-19,75.0826,75.2904,74.7598,74.828,74.828,10977408
2015-03-20,75.2153,76.6149,75.0893,76.4608,76.4608,19688728
2015-03-23,76.7115,76.9339,75.6629,75.6629,75.6629,9529813
2015-03-24,75.6629,75.861,74.4076,74.4369,74.4369,9347836
2015-03-25,74.7675,75.8697,74.5276,75.4884,75.4884,12835862
2015-03-26,75.9194,76.0931,74.4076,75.1869,75.1869,10186626
2015-03-27,74.8865,75.0007,74.0614,74.4945,74.4945,8161592
2015-03-30,74.986,76.5827,74.986,76.371,76.371,10040342
2015-03-31,75.3977,75.7692,74.9236,74.9928,74.9928,10154688
2015-04-01,75.6698,75.8765,74.6524,74.8564,74.8564,10285039
2015-04-02,74.6203,75.4951,74.3481,75.2055,75.2055,7172736
2015-04-06,75.738,77.047,75.1655,76.3847,76.3847,9412509
2015-04-07,76.4149,77.9278,76.1692,77.5425,77.5425,11949045
2015-04-08,77.7717,77.8009,76.0931,76.2023,76.2023,11051461
2015-04-09,76.2949,76.5973,75.853,76.3974,76.3974,8063833
2015-04-10,76.7972,76.9085,76.2999,76.3788,76.3788,7016229
2015-04-13,76.6841,77.0801,76.0355,76.0785,76.0785,6029468
2015-04-14,76.9416,77.9278,76.6149,77.755,77.755,10166753
2015-04-15,78.4378,79.0787,78.1354,78.8709,78.8709,9382603
2015-04-16,78.515,79.2542,77.8565,78.6885,78.6885,8265115
2015-04-17,78.0496,78.3627,77.3357,77.9434,77.9434,9167248
2015-04-20,78.387,79.8044,78.2623,78.7831,78.7831,10005807
2015-04-21,78.6095,79.105,78.0828,78.387,78.387,7943963
2015-04-22,78.6095,78.8913,78.0146,78.2302,78.2302,7899503
2015-04-23,78.5764,79.0514,78.3003,78.5685,78.5685,9715015
2015-04-24,78.3384,78.5998,77.879,78.4895,78.4895,6992250
2015-04-27,78.8358,79.105,78.2555,78.3716,78.3716,6801493
2015-04-28,78.6095,79.4639,78.3316,79.3829,79.3829,7449491
2015-04-29,79.1577,80.0052,79.0728,79.8208,79.8208,7931318
2015-04-30,80.0364,80.1573,78.8913,79.3411,79.3411,9332433
2015-05-01,78.7753,79.145,77.3971,77.8857,77.8857,14506309
2015-05-04,78.1354,78.1608,77.1416,77.3816,77.3816,10722916
2015-05-05,78.0262,78.5384,77.1494,77.1494,77.1494,9047706
2015-05-06,78.0751,78.2476,76.6431,77.1093,77.1093,8146143
2015-05-07,76.9339,77.2947,76.2229,76.8432,76.8432,8107664
2015-05-08,77.4801,77.7229,76.7202,77.6224,77.6224,9909315
2015-05-11,77.6224,77.6458,76.6431,76.69,76.69,8404190
2015-05-12,76.727,77.1494,76.5057,76.8334,76.8334,7036358
2015-05-13,77.1327,77.4879,76.6431,76.9416,76.9416,7723800
2015-05-14,77.166,78.0751,77.166,77.4732,77.4732,13650858
2015-05-15,77.3269,78.1608,77.1562,77.9434,77.9434,7818554
2015-05-18,77.5581,77.5659,76.8938,76.9495,76.9495,8856849
2015-05-19,76.4997,76.6978,75.7556,75.7692,75.7692,10988086
2015-05-20,76.0551,76.4062,75.5781,75.938,75.938,9038670
2015-05-21,76.4608,76.6675,75.9712,76.1106,76.1106,9077638
2015-05-22,75.8229,76.1515,75.6542,75.6698,75.6698,6538124
2015-05-26,75.1567,75.3527,74.2614,74.5189,74.5189,11097809
2015-05-27,74.5783,74.8719,74.1208,74.392,74.392,8118770
2015-05-28,74.0438,74.6203,73.8682,74.4905,74.4905,7063932
2015-05-29,74.4165,74.7207,74.075,74.3111,74.3111,9249506
2015-06-01,74.6524,74.8484,73.9443,74.0438,74.0438,7501816
2015-06-02,74.0614,74.392,73.6673,74.0087,74.0087,6985669
2015-06-03,73.8819,74.5852,73.6771,73.7113,73.7113,7173628
2015-06-04,73.5113,73.8614,72.8528,73.1495,73.1495,9558733
2015-06-05,72.9982,74.3852,72.8617,73.2938,73.2938,8428412
2015-06-08,73.1495,73.1495,72.1107,72.4501,72.4501,11384714
2015-06-09,72.6696,73.0499,72.3067,72.4501,72.4501,9919881
2015-06-10,73.962,74.0087,73.2469,73.4644,73.4644,10515713
2015-06-11,73.4947,73.7327,72.8227,72.9544,72.9544,7738135
2015-06-12,72.5222,72.6452,71.8805,72.055,72.055,8973960
2015-06-15,71.7575,72.1927,71.5206,71.6375,71.6375,8562998
2015-06-16,71.5704,72.4725,71.2893,72.179,72.179,12146901
2015-06-17,72.7514,72.9895,71.8014,71.9751,71.9751,11408547
2015-06-18,72.3341,72.7924,72.257,72.3291,72.3291,9935047
2015-06-19,71.9468,72.2715,71.7575,71.7654,71.7654,14570122
2015-06-22,72.0239,72.4159,71.6951,72.3575,72.3575,8892877
2015-06-23,72.1175,72.4569,71.8171,72.2111,72.2111,7897596
2015-06-24,72.1331,72.6373,71.623,71.623,71.623,10328544
2015-06-25,71.7508,71.9009,70.9149,70.95,70.95,8403325
2015-06-26,70.8778,71.2025,70.5686,71.1352,71.1352,13881954
2015-06-29,70.2584,70.6768,69.6947,69.761,69.761,12148009
2015-06-30,70.3081,70.4575,69.4206,69.602,69.602,13757032
2015-07-01,69.4782,69.7093,68.9349,69.3269,69.3269,10111629
2015-07-02,69.523,69.7454,69.0578,69.1699,69.1699,8897037
2015-07-06,68.5828,68.9417,68.1653,68.374,68.374,11561851
2015-07-07,68.0706,68.8851,67.4602,68.7339,68.7339,16320428
2015-07-08,68.1819,68.6072,67.2835,67.502,67.502,10699032
2015-07-09,68.4697,68.6919,67.6464,67.6611,67.6611,10962106
2015-07-10,68.1994,68.5037,67.8688,68.1136,68.1136,7806078
2015-07-13,68.0435,68.4608,67.9282,68.253,68.253,6984014
2015-07-14,68.1059,69.1085,68.1009,68.9349,68.9349,7233110
2015-07-15,68.5691,69.0451,67.742,67.9907,67.9907,8993777
2015-07-16,68.021,68.3438,67.7478,68.1653,68.1653,8902162
2015-07-17,67.8483,68.1009,67.0261,67.2055,67.2055,11385130
2015-07-20,67.3158,67.4513,66.8008,67.0534,67.0534,8341230
2015-07-21,67.0983,67.9205,67.0983,67.7478,67.7478,9761932
2015-07-22,67.4659,68.0561,67.306,67.4659,67.4659,12928215
2015-07-23,67.507,67.8688,66.8798,67.0534,67.0534,10202137
2015-07-24,66.8857,66.9373,65.1827,65.3641,65.3641,15466067
2015-07-27,64.8315,64.9964,64.0258,64.3146,64.3146,14335466
2015-07-28,64.538,66.873,64.5194,66.6652,66.6652,15990545
2015-07-29,66.361,67.389,65.9707,67.2768,67.2768,13613092
2015-07-30,67.4202,67.6806,66.9179,67.1167,67.1167,8920181
2015-07-31,66.0282,66.1932,63.4972,63.8367,63.8367,26422628
2015-08-03,62.9695,63.0056,61.5562,61.7562,61.7562,19601240
2015-08-04,61.8606,62.6944,61.0939,61.4763,61.4763,11832818
2015-08-05,61.6431,62.0468,60.5096,60.6247,60.6247,15599403
2015-08-06,60.2873,61.7435,59.8035,61.4636,61.4636,13590119
2015-08-07,61.1163,61.5114,60.1927,60.4228,60.4228,10287242
2015-08-10,60.7467,62.119,60.5185,61.9669,61.9669,11562404
2015-08-11,60.8794,62.0332,60.3135,61.8879,61.8879,13576964
2015-08-12,61.3251,62.8466,61.2666,62.6136,62.6136,15774048
2015-08-13,62.0694,62.2926,61.6489,61.9395,61.9395,13253933
2015-08-14,61.8879,62.3492,61.5357,62.039,62.039,10740338
2015-08-17,61.7045,61.7396,60.7193,60.8051,60.8051,17250163
2015-08-18,60.6969,61.1992,60.5048,60.9602,60.9602,12446908
2015-08-19,60.5418,60.5712,58.9355,59.1109,59.1109,17970974
2015-08-20,58.9286,59.388,57.8898,57.8898,57.8898,16230138
2015-08-21,57.6197,58.1454,55.3109,55.3481,55.3481,25163335
2015-08-24,51.5422,55.07,50.8312,52.6901,52.6901,33113263
2015-08-25,54.7432,54.8077,51.0233,51.152,51.152,28919870
2015-08-26,52.3976,53.4032,51.8269,53.3973,53.3973,23817665
2015-08-27,54.7921,57.0725,54.4711,56.7223,56.7223,29483402
2015-08-28,56.7789,59.3216,56.6765,58.7589,58.7589,32488873
2015-08-31,58.4555,59.2368,56.9253,59.1695,59.1695,23105890
2015-09-01,57.5396,58.001,56.6345,57.1241,57.1241,24575570
2015-09-02,58.2634,58.2634,56.421,57.0266,57.0266,19513335
2015-09-03,57.4957,58.0235,56.7565,57.1749,57.1749,16812426
2015-09-04,56.4746,56.7155,55.8542,56.0132,56.0132,15344245
2015-09-08,56.6442,56.6619,55.6991,56.1381,56.1381,12752286
2015-09-09,56.5702,57.1311,54.6078,54.7345,54.7345,15463879
2015-09-10,55.3256,55.3772,54.2888,55.2739,55.2739,15706469
2015-09-11,55.4797,55.705,54.8584,55.3705,55.3705,15100600
2015-09-14,55.1744,55.5226,54.7629,55.3558,55.3558,14010218
2015-09-15,55.8367,56.7565,55.6777,56.3771,56.3771,15984846
2015-09-16,56.853,57.8703,56.817,57.7318,57.7318,17237979
2015-09-17,57.805,58.7891,57.4226,58.0147,58.0147,16869516
2015-09-18,56.9164,57.4957,56.2327,56.7965,56.7965,25508818
2015-09-21,57.2032,57.5182,56.8677,57.052,57.052,11666964
2015-09-22,56.1381,56.7565,55.8795,56.4365,56.4365,13266818
2015-09-23,56.5448,56.6442,55.3481,55.6104,55.6104,12378063
2015-09-24,55.1208,56.4804,54.8662,56.1713,56.1713,14101339
2015-09-25,56.8891,57.0998,56.1937,56.7642,56.7642,14868725
2015-09-28,56.0055,56.2024,55.3402,55.3558,55.3558,14464161
2015-09-29,55.5539,56.0055,54.9989,55.705,55.705,12042289
2015-09-30,56.3604,57.7318,56.2532,57.6274,57.6274,19312124
2015-10-01,58.241,59.0964,56.8433,57.2315,57.2315,15209831
2015-10-02,56.7965,59.5792,56.4804,59.5792,59.5792,17865301
2015-10-05,60.2073,61.5055,60.1624,61.3894,61.3894,19430871
2015-10-06,61.4967,64.02,61.4187,63.5499,63.5499,25866213
2015-10-07,64.4735,65.3942,63.0319,64.3789,64.3789,24220143
2015-10-08,64.2102,65.8527,64.1449,65.684,65.684,15466072
2015-10-09,65.8995,66.039,64.7808,65.4352,65.4352,13698950
2015-10-12,65.6479,65.7357,64.1946,64.8296,64.8296,10837404
2015-10-13,64.1449,64.9778,63.7713,64.5681,64.5681,10967510
2015-10-14,64.459,65.727,64.0785,65.5766,65.5766,13324620
2015-10-15,65.5611,66.3852,64.6111,66.277,66.277,12264857
2015-10-16,66.8817,66.9627,65.7659,66.6925,66.6925,10705521
2015-10-19,66.0145,66.1472,65.1777,65.7727,65.7727,12182862
2015-10-20,65.3875,66.1073,65.3065,65.7444,65.7444,11253016
2015-10-21,65.3417,66.2096,65.1221,65.2607,65.2607,10171687
2015-10-22,65.5611,67.0739,65.5611,66.9344,66.9344,12280322
2015-10-23,66.2975,67.1617,65.8186,66.6574,66.6574,11134776
2015-10-26,66.3852,66.3921,64.7154,64.852,64.852,11780576
2015-10-27,64.0911,64.2609,63.3695,64.0717,64.0717,12769261
2015-10-28,64.4423,65.842,64.2327,65.5981,65.5981,11273984
2015-10-29,65.2538,66.4301,65.1221,65.6723,65.6723,9151798
2015-10-30,66.5842,67.1968,65.3221,66.3921,66.3921,15822235
2015-11-02,66.1941,69.6088,66.1004,69.3738,69.3738,19542792
2015-11-03,69.7103,72.0638,69.7103,71.6971,71.6971,24185658
2015-11-04,71.6113,71.6679,70.1921,70.6944,70.6944,16331023
2015-11-05,70.1737,70.5335,68.9164,69.0753,69.0753,15309753
2015-11-06,68.4618,68.7242,67.0358,68.6959,68.6959,13187154
2015-11-09,68.2931,69.0022,67.2835,67.4445,67.4445,10483742
2015-11-10,67.2835,68.3096,67.0973,68.1087,68.1087,9339321
2015-11-11,68.2287,68.4618,67.109,67.3479,67.3479,8329559
2015-11-12,66.2975,66.593,65.2041,65.6479,65.6479,12252540
2015-11-13,65.4352,65.727,64.4257,64.7896,64.7896,10507731
2015-11-16,64.9183,67.6425,64.9183,67.626,67.626,13659419
2015-11-17,67.4933,68.4044,67.0729,67.3177,67.3177,10244499
2015-11-18,67.6171,68.5886,67.3177,68.1877,68.1877,9313046
2015-11-19,68.0552,68.3087,66.871,67.1685,67.1685,8244469
2015-11-20,67.0281,67.5205,65.6743,65.8225,65.8225,11577447
2015-11-23,65.5542,66.8778,65.1583,66.5598,66.5598,9316561
2015-11-24,66.6935,68.257,66.4058,67.5527,67.5527,10346827
2015-11-25,67.0807,67.5294,66.673,67.1968,67.1968,7328299
2015-11-27,66.7393,67.1753,66.593,66.829,66.829,3445211
2015-11-30,67.0281,68.0044,66.8778,67.5294,67.5294,16470006
2015-12-01,67.2708,68.5135,67.2708,68.3907,68.3907,9432914
2015-12-02,68.4765,68.5438,66.5745,66.7393,66.7393,15997859
2015-12-03,67.1548,67.6036,65.3329,65.7026,65.7026,14870004
2015-12-04,65.0002,66.4223,63.9586,66.3404,66.3404,17809716
2015-12-07,64.6911,65.0315,62.7813,64.5438,64.5438,20796641
2015-12-08,63.4553,65.0763,62.3014,63.9215,63.9215,18117192
2015-12-09,64.0902,66.6584,63.819,64.7808,64.7808,19845851
2015-12-10,65.0763,66.8944,64.7896,66.0351,66.0351,19655181
2015-12-11,64.967,65.0071,63.664,63.9215,63.9215,17832301
2015-12-14,63.819,66.2507,63.1607,66.0585,66.0585,16806956
2015-12-15,66.9823,69.0675,66.9587,68.5964,68.5964,25907733
2015-12-16,68.4628,69.3796,67.1548,69.0997,69.0997,22877673
2015-12-17,69.1407,69.5143,66.8506,66.9529,66.9529,19043405
2015-12-18,66.6008,67.4933,66.0351,66.4155,66.4155,27271650
2015-12-21,66.8506,67.0729,65.2314,65.9951,65.9951,17379827
2015-12-22,65.9054,67.1374,65.2968,66.754,66.754,13065398
2015-12-23,68.1829,69.4011,67.7157,69.3709,69.3709,15108669
2015-12-24,69.4752,69.4752,68.0415,68.0697,68.0697,6759726
2015-12-28,66.7832,67.0885,66.3257,66.8203,66.8203,9195080
2015-12-29,67.9527,68.4628,67.3459,67.4796,67.4796,8750792
2015-12-30,66.6271,67.2778,66.472,66.6204,66.6204,7571460
2015-12-31,66.0985,67.188,65.8332,66.5258,66.5258,9446616
2016-01-04,66.2049,66.635,64.7565,65.7026,65.7026,15392968
2016-01-05,65.8517,66.2936,64.9583,66.2672,66.2672,10635546
2016-01-06,64.6598,64.9125,62.9755,63.6484,63.6484,19613847
2016-01-07,62.5257,63.4114,61.1349,61.3914,61.3914,20774139
2016-01-08,61.6655,61.998,60.0601,60.736,60.736,16078878
2016-01-11,61.2656,61.3553,58.9881,59.7284,59.7284,19427315
2016-01-12,60.7847,60.9331,58.9305,60.7477,60.7477,18220488
2016-01-13,61.4938,62.3014,59.1665,60.142,60.142,21024156
2016-01-14,60.6013,63.7235,59.861,63.2027,63.2027,22213157
2016-01-15,60.3722,61.9756,59.8025,61.8762,61.8762,23025017
2016-01-19,62.2429,62.674,59.7449,60.2766,60.2766,17789974
2016-01-20,59.1441,59.388,55.705,58.4048,58.4048,35355351
2016-01-21,58.2721,60.3789,57.6938,59.9332,59.9332,21780992
2016-01-22,62.4575,62.9979,60.4307,61.7786,61.7786,21263661
2016-01-25,60.851,62.3317,59.7518,59.8182,59.8182,16697273
2016-01-26,60.616,62.4867,60.1576,62.2058,62.2058,16444229
2016-01-27,62.0811,63.6709,60.9047,61.5923,61.5923,16732684
2016-01-28,63.4114,64.1068,61.8937,63.5382,63.5382,17599607
2016-01-29,62.1551,64.1215,61.3406,63.944,63.944,27377645
2016-02-01,62.9675,63.664,62.2956,63.073,63.073,14797217
2016-02-02,61.1632,61.408,59.8699,60.0746,60.0746,18006809
2016-02-03,60.9251,62.5852,59.0475,62.5764,62.5764,18863748
2016-02-04,62.552,63.7352,61.9903,62.6984,62.6984,17331044
2016-02-05,62.0721,62.3317,60.8305,61.291,61.291,20405456
2016-02-08,60.4619,64.1137,59.9733,63.5898,63.5898,23938812
2016-02-09,62.9179,63.4416,60.7623,61.3172,61.3172,16965000
2016-02-10,61.2089,62.043,60.2668,61.408,61.408,16371156
2016-02-11,60.3419,61.8683,59.6299,61.37,61.37,17221448
2016-02-12,61.9688,63.2826,61.526,63.1753,63.1753,13286510
2016-02-16,63.826,63.945,62.3843,63.5128,63.5128,14177286
2016-02-17,63.9614,66.3941,63.6699,66.1307,66.1307,16967449
2016-02-18,66.4633,66.8379,64.8578,64.9505,64.9505,12698659
2016-02-19,64.6501,64.8071,63.505,64.7798,64.7798,13029567
2016-02-22,65.801,67.2778,65.5259,66.516,66.516,13746938
2016-02-23,66.1912,66.2614,63.4289,63.5879,63.5879,14203431
2016-02-24,62.4039,64.021,62.0819,63.8571,63.8571,13033458
2016-02-25,64.1565,64.1839,62.7101,63.8776,63.8776,12614373
2016-02-26,65.1309,65.2284,63.1119,63.1676,63.1676,12500129
2016-02-29,63.6075,63.7986,62.2098,62.4849,62.4849,15421079
2016-03-01,62.9969,64.7984,62.4321,64.4999,64.4999,15500861
2016-03-02,63.9537,65.287,63.2037,65.2558,65.2558,12864121
2016-03-03,65.1543,65.5786,64.4384,65.5475,65.5475,11380346
2016-03-04,65.4674,66.3647,64.9242,65.8478,65.8478,12453414
2016-03-07,65.8537,67.9682,65.564,67.9011,67.9011,17067769
2016-03-08,67.6816,68.2053,66.1492,66.4536,66.4536,14006082
2016-03-09,67.1734,70.8729,67.0027,69.5113,69.5113,25773097
2016-03-10,69.4869,70.3579,68.9124,70.3491,70.3491,16145242
2016-03-11,71.1061,71.9966,69.9278,70.8291,70.8291,18816295
2016-03-14,70.0722,71.0182,69.7152,70.5901,70.5901,9208722
2016-03-15,69.759,70.6925,69.0851,70.5979,70.5979,9354592
2016-03-16,70.9344,71.9966,70.1862,71.4435,71.4435,13308783
2016-03-17,72.0784,73.1983,71.3616,72.5573,72.5573,14259638
2016-03-18,73.2772,73.324,71.7859,73.1562,73.1562,19277145
2016-03-21,72.6549,73.0441,71.823,72.2208,72.2208,10735979
2016-03-22,71.7048,72.573,71.382,71.5176,71.5176,10103464
2016-03-23,70.9344,71.0007,69.6761,70.0887,70.0887,13755738
2016-03-24,69.2997,71.0982,69.0851,71.03,71.03,10895007
2016-03-28,71.0681,71.2025,70.393,70.9022,70.9022,6746825
2016-03-29,70.238,71.4357,69.601,71.382,71.382,8834361
2016-03-30,72.1536,72.4101,71.2621,71.3314,71.3314,8256377
2016-03-31,71.2836,72.0394,71.1061,71.4435,71.4435,7937111
2016-04-01,70.1638,70.9773,69.8849,70.5901,70.5901,10081828
2016-04-04,70.7237,70.7539,69.6714,69.9649,69.9649,8742669
2016-04-05,69.645,69.9073,69.2178,69.3982,69.3982,8894026
2016-04-06,69.759,71.1422,69.5113,71.0241,71.0241,9124997
2016-04-07,70.672,71.1646,70.4505,70.9841,70.9841,9102084
2016-04-08,72.0784,72.5427,71.7147,72.138,72.138,9491270
2016-04-11,72.5427,72.8665,71.2543,71.3225,71.3225,8866864
2016-04-12,71.6591,73.3444,71.465,73.0236,73.0236,11723090
2016-04-13,73.2392,73.324,72.6637,73.0899,73.0899,8554916
2016-04-14,73.1279,73.5922,72.9095,73.3718,73.3718,8205056
2016-04-15,73.1729,73.2392,72.612,72.811,72.811,8746321
2016-04-18,71.7118,73.956,71.5303,73.9141,73.9141,10375075
2016-04-19,74.1365,75.2835,73.5113,75.2631,75.2631,14117874
2016-04-20,74.947,76.7905,74.7675,76.1515,76.1515,13547834
2016-04-21,76.1194,76.9777,75.7146,75.938,75.938,11048652
2016-04-22,76.1945,76.7593,76.0131,76.3915,76.3915,7682957
2016-04-25,75.9867,76.2169,75.5128,76.0199,76.0199,8826633
2016-04-26,76.4217,77.1183,76.1692,76.5973,76.5973,7545379
2016-04-27,77.0557,77.8321,76.6675,77.7717,77.7717,11186670
2016-04-28,77.2343,78.0751,76.4217,76.6841,76.6841,10140617
2016-04-29,75.738,76.8568,75.345,76.5203,76.5203,11762931
2016-05-02,76.255,77.7717,76.2374,77.364,77.364,9100003
2016-05-03,76.5739,76.6431,75.6698,75.8765,75.8765,9383727
2016-05-04,75.6785,76.607,75.1801,75.3293,75.3293,9939337
2016-05-05,76.2686,76.8334,75.5284,75.9546,75.9546,8639345
2016-05-06,75.5195,76.9085,75.5195,76.2775,76.2775,7959289
2016-05-09,76.1019,76.2374,74.1989,75.1489,75.1489,12472240
2016-05-10,75.3694,75.853,75.1948,75.8356,75.8356,8935888
2016-05-11,75.8141,76.1945,74.9987,75.738,75.738,9143144
2016-05-12,76.4997,76.6978,75.6952,76.4754,76.4754,8723073
2016-05-13,76.1106,76.4149,75.1567,75.4464,75.4464,7553090
2016-05-16,76.2872,76.8334,75.938,76.5973,76.5973,9051572
2016-05-17,76.492,77.3269,75.938,76.2453,76.2453,9286557
2016-05-18,76.3623,76.6354,75.2562,75.7233,75.7233,7823933
2016-05-19,75.1167,75.738,74.5598,75.5664,75.5664,8238383
2016-05-20,75.9029,75.978,75.2923,75.5195,75.5195,6219518
2016-05-23,75.0572,75.7751,74.9753,75.2065,75.2065,5580593
2016-05-24,75.6337,76.255,75.3898,75.8229,75.8229,5774842
2016-05-25,76.2999,77.1796,76.2999,77.0187,77.0187,7172736
2016-05-26,77.0801,77.4732,76.4149,76.8109,76.8109,5475663
2016-05-27,76.7202,77.2724,76.3369,77.2089,77.2089,6618394
2016-05-31,77.3025,77.4039,76.1106,76.4383,76.4383,10754191
2016-06-01,75.861,76.7202,75.5936,76.5388,76.5388,6362202
2016-06-02,75.978,76.1106,75.4669,76.0785,76.0785,8871498
2016-06-03,76.1692,76.5447,75.6785,76.1779,76.1779,6549151
2016-06-06,76.69,77.2265,76.3788,76.5681,76.5681,7859611
2016-06-07,77.0723,78.4818,76.8938,78.192,78.192,12958557
2016-06-08,78.3627,78.7569,77.7014,78.0204,78.0204,8344436
2016-06-09,77.2265,78.0418,77.2167,77.8009,77.8009,5606346
2016-06-10,77.5425,77.9278,76.6285,77.1796,77.1796,10707725
2016-06-13,76.8109,78.0262,76.7202,77.2724,77.2724,8397371
2016-06-14,77.0109,77.2343,76.0707,76.6431,76.6431,9135707
2016-06-15,76.1515,76.9162,75.8697,76.1515,76.1515,7412306
2016-06-16,75.6542,76.6285,74.7461,76.492,76.492,10597641
2016-06-17,76.7681,76.9943,75.978,76.8646,76.8646,11577985
2016-06-20,77.8565,78.2555,77.6458,77.6507,77.6507,8751516
2016-06-21,77.7161,78.2935,77.3971,78.1286,78.1286,6525074
2016-06-22,78.3237,78.3627,77.3357,77.4128,77.4128,6430808
2016-06-23,78.2935,79.0514,78.0067,79.0445,79.0445,7374137
2016-06-24,76.7817,77.958,76.5681,77.1183,77.1183,15149454
2016-06-27,76.6227,76.7359,75.3157,75.9546,75.9546,11043938
2016-06-28,76.5973,77.1962,76.1604,76.9085,76.9085,9466210
2016-06-29,77.5815,79.225,77.4185,78.2691,78.2691,11743786
2016-06-30,78.3716,79.4639,78.1608,79.3411,79.3411,10106763
2016-07-01,79.3039,79.3762,78.5384,78.8133,78.8133,8083816
2016-07-05,78.3237,78.6095,77.8244,78.3803,78.3803,10259002
2016-07-06,78.1433,79.1577,77.5425,79.145,79.145,8139605
2016-07-07,79.3829,79.4639,77.3025,77.9892,77.9892,10176537
2016-07-08,78.6192,79.4385,77.9501,79.2961,79.2961,11950033
2016-07-11,79.3255,80.215,79.3195,79.7546,79.7546,9521729
2016-07-12,80.4384,81.1904,80.3515,80.8167,80.8167,11068971
2016-07-13,80.8167,81.1171,80.1262,80.7143,80.7143,7870264
2016-07-14,81.1171,81.4099,80.5446,80.7514,80.7514,6270756
2016-07-15,81.2157,81.3854,80.5095,81.0031,81.0031,8145335
2016-07-18,80.727,80.7943,80.2286,80.2783,80.2783,6514250
2016-07-19,80.2062,80.415,79.9575,80.2462,80.2462,6118351
2016-07-20,80.175,80.3096,79.4639,79.9077,79.9077,8987977
2016-07-21,79.7643,80.1175,79.3762,79.7546,79.7546,8001245
2016-07-22,79.9809,80.215,79.6034,79.9652,79.9652,6943722
2016-07-25,79.3683,79.542,77.7873,78.0067,78.0067,10285478
2016-07-26,77.6224,78.0682,77.2577,77.7102,77.7102,8059550
2016-07-27,77.7102,78.192,77.0402,77.3884,77.3884,7144808
2016-07-28,77.2644,77.3562,76.4217,77.0333,77.0333,10861137
2016-07-29,76.0785,77.6936,75.5664,77.5493,77.5493,13415439
2016-08-01,76.6841,77.2724,74.632,75.0065,75.0065,15260888
2016-08-02,75.3157,75.7303,74.0964,75.3694,75.3694,12507423
2016-08-03,75.4123,76.1604,75.1402,76.1389,76.1389,8735795
2016-08-04,75.8882,76.4997,75.6785,75.9712,75.9712,8042642
2016-08-05,76.4286,76.492,75.4669,76.0628,76.0628,8866401
2016-08-08,76.4286,76.9495,76.2229,76.5827,76.5827,7197372
2016-08-09,77.0801,77.1962,76.2618,76.6764,76.6764,6550464
2016-08-10,76.926,77.047,75.6308,75.7849,75.7849,6696625
2016-08-11,76.1692,77.087,75.9712,76.7359,76.7359,6390934
2016-08-12,76.9943,77.4429,76.6285,77.3123,77.3123,6862231
2016-08-15,77.6507,77.9979,77.5132,77.7784,77.7784,6455926
2016-08-16,77.7784,77.8946,77.4429,77.6595,77.6595,7105682
2016-08-17,77.6224,78.2389,77.2577,78.1765,78.1765,6935751
2016-08-18,78.4895,79.2318,78.0496,79.1918,79.1918,9080336
2016-08-19,78.8202,78.8709,78.0985,78.2555,78.2555,6604466
2016-08-22,77.8087,78.3169,77.4264,77.958,77.958,7185002
2016-08-23,78.0262,78.1354,77.6224,77.763,77.763,6445885
2016-08-24,77.5425,78.2302,77.4585,78.1608,78.1608,6766425
2016-08-25,78.2302,78.2302,77.6458,77.919,77.919,5870121
2016-08-26,78.0906,78.3716,77.1327,77.4879,77.4879,6242640
2016-08-29,77.4264,78.1842,77.2947,78.0418,78.0418,5256409
2016-08-30,78.2389,78.4895,77.5278,77.7784,77.7784,4854878
2016-08-31,77.3971,77.4966,76.4149,76.9162,76.9162,8171027
2016-09-01,76.7437,76.9162,76.0697,76.6354,76.6354,7889552
2016-09-02,77.1562,77.5893,76.6764,77.1874,77.1874,6098840
2016-09-06,77.4039,78.473,77.2167,78.3316,78.3316,7093889
2016-09-07,78.5851,78.8055,78.192,78.6709,78.6709,6908407
2016-09-08,79.0347,79.7974,78.3627,79.6219,79.6219,7560562
2016-09-09,79.0445,79.0884,77.4185,77.4508,77.4508,10180611
2016-09-12,77.3971,78.4281,76.9085,78.1999,78.1999,10639679
2016-09-13,77.7386,77.7386,75.8404,76.0404,76.0404,12146421
2016-09-14,75.8024,76.4383,75.0776,75.2679,75.2679,10716497
2016-09-15,75.3284,76.7738,75.2738,76.0931,76.0931,8825775
2016-09-16,75.1986,75.5674,74.5813,74.827,74.827,16635474
2016-09-19,75.1986,75.5956,74.9382,74.9773,74.9773,8078156
2016-09-20,75.0776,75.3138,74.7032,74.7168,74.7168,7546780
2016-09-21,75.2123,76.2374,75.1372,76.1945,76.1945,8306516
2016-09-22,76.8724,77.047,76.3536,76.4608,76.4608,7073956
2016-09-23,75.9692,76.8938,75.6141,75.8804,75.8804,9618044
2016-09-26,76.0843,76.69,75.4522,75.5419,75.5419,7550648
2016-09-27,75.1284,76.2149,74.7871,75.698,75.698,8460041
2016-09-28,76.1106,78.2203,75.5195,78.1209,78.1209,13293322
2016-09-29,78.0067,78.2125,76.8432,77.4508,77.4508,10638479
2016-09-30,77.874,79.2318,77.4185,78.7051,78.7051,12314952
2016-10-03,78.4281,78.6319,77.9365,78.3471,78.3471,5657896
2016-10-04,78.553,78.7051,77.0557,77.4508,77.4508,8496507
2016-10-05,77.9979,78.6641,77.8087,78.1842,78.1842,7731543
2016-10-06,78.2555,78.5461,77.5044,78.1433,78.1433,5702404
2016-10-07,78.387,79.1293,78.1511,78.2125,78.2125,7631648
2016-10-10,78.9304,79.8511,78.9304,79.5176,79.5176,7803672
2016-10-11,79.3762,79.6034,78.5314,78.7988,78.7988,6971248
2016-10-12,78.5764,78.6319,77.7014,78.1209,78.1209,6441915
2016-10-13,77.6146,77.7941,76.1779,77.0801,77.0801,10296162
2016-10-14,77.6079,77.9707,76.9416,77.3025,77.3025,6675944
2016-10-17,77.1962,77.6146,76.9495,77.521,77.521,5932790
2016-10-18,77.9979,78.1999,77.3357,77.84,77.84,6172483
2016-10-19,78.3627,79.3118,78.192,78.2125,78.2125,7698156
2016-10-20,77.7307,78.1765,77.0021,77.9004,77.9004,6285257
2016-10-21,77.2868,77.6692,76.9562,77.4732,77.4732,7129315
2016-10-24,77.6692,77.6849,76.5203,76.9777,76.9777,7936278
2016-10-25,77.047,77.755,76.8783,77.0636,77.0636,6184568
2016-10-26,76.7202,77.6458,76.3788,77.3884,77.3884,8305994
2016-10-27,77.6313,77.9892,76.4149,76.4149,76.4149,12938941
2016-10-28,77.3357,80.3174,77.2021,79.3996,79.3996,22792227
2016-10-31,79.3996,80.6461,79.3762,80.1175,80.1175,16131357
2016-11-01,80.688,81.6361,80.6402,81.4243,81.4243,16672246
2016-11-02,80.8021,81.0948,79.7244,80.5982,80.5982,10990479
2016-11-03,80.7055,81.2001,80.2549,80.5982,80.5982,7457474
2016-11-04,80.4881,80.6714,79.8278,80.1409,80.1409,9264673
2016-11-07,81.0684,81.8244,80.9075,81.719,81.719,9556914
2016-11-08,81.4976,82.7431,81.3854,82.0476,82.0476,10512047
2016-11-09,81.086,82.7929,80.8333,82.313,82.313,11975996
2016-11-10,82.2369,82.9743,82.0048,82.4359,82.4359,11422779
2016-11-11,82.1843,82.3197,81.0303,81.555,81.555,10369082
2016-11-14,81.1669,81.6293,80.7514,81.5141,81.5141,10011047
2016-11-15,82.197,83.4083,82.1296,83.3253,83.3253,15895505
2016-11-16,83.5673,84.1955,83.2171,83.6824,83.6824,9992586
2016-11-17,84.1955,85.0498,83.1088,83.5166,83.5166,8582318
2016-11-18,83.8677,84.7193,83.5351,84.332,84.332,8802231
2016-11-21,85.2313,85.7433,85.0265,85.1103,85.1103,10968193
2016-11-22,85.5805,85.7433,84.4236,85.4419,85.4419,8334793
2016-11-23,85.2615,86.0896,84.9991,85.7433,85.7433,5813119
2016-11-25,85.3747,85.9082,85.0665,85.7433,85.7433,4192762
2016-11-28,85.7102,86.1734,85.245,85.3483,85.3483,8255093
2016-11-29,84.2705,84.7611,83.7272,84.4499,84.4499,9659878
2016-11-30,86.5627,87.2757,85.9521,86.1667,86.1667,22397473
2016-12-01,87.1099,88.7533,86.9011,87.5126,87.5126,15264429
2016-12-02,87.4619,87.8999,86.7363,87.2931,87.2931,7980289
2016-12-05,87.5828,88.4168,87.3176,87.4872,87.4872,8936844
2016-12-06,86.7908,87.6463,86.6846,87.0932,87.0932,7811241
2016-12-07,87.3274,88.4168,87.1362,88.3933,88.3933,8304736
2016-12-08,88.6197,89.1453,88.2246,88.9679,88.9679,7130122
2016-12-09,88.8158,89.5912,88.7981,89.4488,89.4488,7471730
2016-12-12,90.9557,91.9076,90.0427,90.5031,90.5031,12997785
2016-12-13,91.064,91.3761,89.6185,90.7031,90.7031,11008083
2016-12-14,90.1325,91.0454,89.4146,89.5658,89.5658,10192779
2016-12-15,89.3074,90.6748,89.1103,90.4133,90.4133,9655842
2016-12-16,91.0094,91.5965,90.7031,91.2181,91.2181,17538919
2016-12-19,91.4306,91.4873,90.7031,90.8747,90.8747,7473279
2016-12-20,91.0191,91.6433,90.8932,91.1078,91.1078,5587655
2016-12-21,91.4052,91.9175,91.0288,91.0727,91.0727,6494902
2016-12-22,91.1,91.9076,90.9557,91.7526,91.7526,6452135
2016-12-23,91.4599,91.6882,91.1897,91.4687,91.4687,3474081
2016-12-27,91.5331,91.8335,91.2268,91.3127,91.3127,3866717
2016-12-28,91.3761,91.7993,90.9372,91.0727,91.0727,5194349
2016-12-29,91.1635,91.4687,90.7382,90.9907,90.9907,4157259
2016-12-30,90.7206,91.3312,90.6124,90.9029,90.9029,6497747
2017-01-03,91.4404,91.9175,90.0427,91.0191,91.0191,9586455
2017-01-04,91.4599,91.6599,90.8465,90.9907,90.9907,8648089
2017-01-05,91.1556,91.5136,90.1422,90.6124,90.6124,7674601
2017-01-06,90.7206,90.8289,89.8945,90.2417,90.2417,6163265
2017-01-09,89.832,89.8759,88.9152,89.4771,89.4771,8922056
2017-01-10,89.2527,89.9033,88.7348,88.7904,88.7904,8006575
2017-01-11,88.9503,89.9618,88.7104,89.5385,89.5385,7903840
2017-01-12,89.9958,90.3577,89.1543,89.7247,89.7247,6395529
2017-01-13,89.4935,90.2769,89.2887,89.8945,89.8945,6406925
2017-01-17,89.913,90.1861,89.6809,89.8223,89.8223,6045384
2017-01-18,89.3512,89.6272,89.1376,89.5473,89.5473,6279822
2017-01-19,89.5102,89.5658,89.0576,89.2605,89.2605,4431820
2017-01-20,89.8584,90.1686,89.0927,89.28,89.28,8669524
2017-01-23,88.924,89.5658,88.8158,89.1376,89.1376,6607879
2017-01-24,89.4858,90.468,89.2887,89.8848,89.8848,6481850
2017-01-25,90.2866,90.7118,89.8759,90.5577,90.5577,6821106
2017-01-26,90.7568,90.9907,89.9958,90.0339,90.0339,8962610
2017-01-27,87.6795,88.5934,87.1625,87.891,87.891,15132873
2017-01-30,87.4171,87.891,85.5307,86.3715,86.3715,10673990
2017-01-31,86.4329,86.6757,85.5638,85.992,85.992,10283138
2017-02-01,85.8994,86.3472,85.6234,85.7433,85.7433,7622795
2017-02-02,85.874,86.7118,85.5181,86.6846,86.6846,8125685
2017-02-03,86.8065,88.2871,86.6329,87.7175,87.7175,8574832
2017-02-06,87.5126,87.6541,86.8405,87.2757,87.2757,7294427
2017-02-07,87.2757,87.3703,85.8312,86.0291,86.0291,7805331
2017-02-08,85.8476,86.3472,85.1942,86.1822,86.1822,6717605
2017-02-09,86.4505,86.9889,86.2691,86.7216,86.7216,5963409
2017-02-10,87.0855,87.6179,86.7811,87.3371,87.3371,8013981
2017-02-13,87.5653,88.0491,87.3371,87.9798,87.9798,6179944
2017-02-14,87.8658,88.1895,87.1625,87.7322,87.7322,7451753
2017-02-15,87.5126,88.3125,87.5126,87.7682,87.7682,9038128
2017-02-16,88.1183,88.1183,86.1062,86.311,86.311,12154186
2017-02-17,86.0973,86.2173,85.1942,86.0291,86.0291,10396163
2017-02-21,86.3472,87.5828,86.2417,87.1099,87.1099,8484924
2017-02-22,86.7216,87.1625,86.0116,86.0613,86.0613,7350335
2017-02-23,86.8065,87.2054,86.3626,86.5889,86.5889,11104399
2017-02-24,86.4933,86.5889,85.358,85.874,85.874,7932712
2017-02-27,86.2866,87.5497,86.0534,87.1362,87.1362,9330904
2017-02-28,87.0757,87.9271,86.9274,87.7175,87.7175,9009235
2017-03-01,88.0578,89.199,88.0227,88.7981,88.7981,9420479
2017-03-02,88.6392,89.1103,88.3563,88.4003,88.4003,7551306
2017-03-03,88.7007,88.8069,88.2949,88.5417,88.5417,6296189
2017-03-06,88.3125,88.5046,87.8559,88.2696,88.2696,6062719
2017-03-07,88.5329,88.7981,87.0932,87.1869,87.1869,8539498
2017-03-08,87.0855,87.2844,85.3074,85.477,85.477,11626427
2017-03-09,85.2313,85.9082,84.6167,85.8126,85.8126,9292063
2017-03-10,86.8592,86.8679,85.3386,86.2515,86.2515,8393775
2017-03-13,86.1734,86.4163,85.2313,85.2615,85.2615,8165942
2017-03-14,84.5846,84.6684,83.5351,83.7204,83.7204,12740790
2017-03-15,84.2803,84.9826,83.8677,84.9152,84.9152,12146694
2017-03-16,84.8645,84.9152,83.7858,84.1057,84.1057,11406053
2017-03-17,84.2227,84.5426,83.9867,83.9867,83.9867,18405579
2017-03-20,83.6434,84.096,83.461,83.9701,83.9701,6797835
2017-03-21,84.2627,84.3915,83.7497,84.2481,84.2481,9497253
2017-03-22,83.9613,84.8889,83.8511,84.5173,84.5173,10395859
2017-03-23,84.4402,84.8967,84.0209,84.1125,84.1125,6990274
2017-03-24,84.1642,84.5426,83.9935,84.214,84.214,8125597
2017-03-27,83.4415,83.7107,82.5188,82.8757,82.8757,8293360
2017-03-28,82.8757,84.0209,82.7577,83.5673,83.5673,8118975
2017-03-29,83.4015,84.2803,83.342,84.2705,84.2705,6307007
2017-03-30,84.332,84.7611,83.5927,84.0452,84.0452,8717052
2017-03-31,83.9935,84.3242,83.4834,83.7272,83.7272,7893289
2017-04-03,83.6083,84.1955,82.9567,84.0608,84.0608,7438853
2017-04-04,84.1203,84.7963,83.4513,84.7436,84.7436,6010262
2017-04-05,85.5092,86.3022,84.6587,84.727,84.727,8197036
2017-04-06,85.0937,85.5092,84.8118,85.2136,85.2136,5038922
2017-04-07,85.2907,85.4508,84.7436,84.8967,84.8967,6270014
2017-04-10,85.0937,85.9237,84.9747,85.3298,85.3298,6170863
2017-04-11,85.4088,85.4166,84.2627,84.9747,84.9747,5073597
2017-04-12,85.2713,85.2713,84.5679,84.9747,84.9747,6478185
2017-04-13,84.727,84.8031,82.6105,82.7431,82.7431,8826888
2017-04-17,82.7929,83.0425,82.3871,82.7929,82.7929,6769241
2017-04-18,82.51,83.1919,82.1209,82.4125,82.4125,5443354
2017-04-19,82.5753,82.7656,80.9709,81.2722,81.2722,8540179
2017-04-20,81.4099,82.4183,81.3766,81.7932,81.7932,6377935
2017-04-21,81.7248,82.2144,81.321,81.8009,81.8009,6955966
2017-04-24,82.4934,82.9821,82.1599,82.6105,82.6105,5818798
2017-04-25,82.8904,83.4161,82.7929,83.2259,83.2259,5915082
2017-04-26,82.9743,83.8169,82.6426,82.7265,82.7265,8563392
2017-04-27,82.6349,82.6505,81.6293,82.2467,82.2467,7406945
2017-04-28,83.4834,83.9185,82.6592,83.2074,83.2074,8782133
2017-05-01,82.8572,83.2259,82.4788,82.6026,82.6026,6353352
2017-05-02,82.7499,83.0737,81.9491,82.152,82.152,6414239
2017-05-03,82.152,83.6434,81.9735,83.2171,83.2171,7253272
2017-05-04,82.8417,82.9138,81.2001,81.7336,81.7336,10302665
2017-05-05,81.8244,82.5753,81.6526,82.4934,82.4934,6488826
2017-05-08,82.6105,83.2171,82.5188,83.1919,83.1919,6621248
2017-05-09,83.0562,83.2415,81.7434,81.9394,81.9394,6440733
2017-05-10,82.5188,83.301,82.2964,83.0523,83.0523,7158931
2017-05-11,83.5078,83.5078,82.3705,82.8153,82.8153,5938779
2017-05-12,82.709,82.8816,82.2554,82.6349,82.6349,5410362
2017-05-15,83.5517,84.0023,83.1839,83.3166,83.3166,8126670
2017-05-16,83.894,83.9701,83.3927,83.6355,83.6355,6396708
2017-05-17,83.1332,83.7107,82.4125,82.4788,82.4788,8096833
2017-05-18,82.353,83.2415,81.8077,82.8417,82.8417,7131722
2017-05-19,83.1255,83.9185,82.8417,83.9185,83.9185,10636845
2017-05-22,84.3476,84.3476,83.301,83.5927,83.5927,5701278
2017-05-23,83.5517,83.9536,83.4912,83.7107,83.7107,4388647
2017-05-24,83.5741,83.7858,83.2756,83.6658,83.6658,4405794
2017-05-25,83.5741,84.0608,82.4934,82.7929,82.7929,6717403
2017-05-26,82.7577,82.9392,82.3958,82.4934,82.4934,4709004
2017-05-30,82.197,82.4866,81.7336,81.9658,81.9658,5437767
2017-05-31,81.5697,81.8497,81.1825,81.5141,81.5141,10199540
2017-06-01,81.6867,82.1374,81.4742,82.1296,82.1296,6042259
2017-06-02,81.7932,81.8906,80.964,81.2157,81.2157,7439813
2017-06-05,80.9884,81.5971,80.8509,81.2819,81.2819,5734254
2017-06-06,81.2157,82.2788,80.9553,82.0556,82.0556,5944867
2017-06-07,81.9062,82.2633,80.7856,81.7521,81.7521,9127714
2017-06-08,81.481,82.51,81.481,81.9306,81.9306,8201072
2017-06-09,81.9306,83.894,81.9306,83.8169,83.8169,8364500
2017-06-12,84.6167,85.4088,84.5085,85.1103,85.1103,11031744
2017-06-13,85.3386,85.4605,84.4071,85.1708,85.1708,7730523
2017-06-14,85.0079,85.0665,83.2912,83.9867,83.9867,7861585
2017-06-15,83.9028,84.1281,83.4015,83.7585,83.7585,6907621
2017-06-16,84.2394,85.358,83.659,85.3483,85.3483,14761382
2017-06-19,85.3132,85.365,84.3915,84.6509,84.6509,5803394
2017-06-20,83.6912,83.9867,83.0162,83.8852,83.8852,6562672
2017-06-21,83.4161,84.214,81.8761,82.3052,82.3052,8870941
2017-06-22,82.2964,82.8153,81.957,82.2788,82.2788,5327448
2017-06-23,82.111,83.0425,82.1033,82.7187,82.7187,7315976
2017-06-26,82.7431,82.8572,81.9491,82.0302,82.0302,4572604
2017-06-27,82.5012,82.6349,81.9491,81.9735,81.9735,5274801
2017-06-28,82.2633,82.6426,81.957,82.1374,82.1374,5276400
2017-06-29,82.2223,82.824,81.957,82.0135,82.0135,5437852
2017-06-30,82.3384,82.4934,81.8497,82.1763,82.1763,6978079
2017-07-03,82.1033,84.2568,82.1033,83.7331,83.7331,5609787
2017-07-05,83.499,83.7331,82.1296,82.4125,82.4125,5683275
2017-07-06,82.4524,82.8085,81.7044,81.7932,81.7932,6454865
2017-07-07,81.6048,81.7434,80.9971,81.5229,81.5229,7982831
2017-07-10,81.481,81.5971,80.8255,81.1669,81.1669,5870969
2017-07-11,81.2479,81.5317,80.7856,81.2235,81.2235,5486994
2017-07-12,81.9306,82.5188,81.5044,81.8497,81.8497,5048062
2017-07-13,81.7785,82.0857,81.4976,82.0213,82.0213,5635264
2017-07-14,82.2223,82.4271,81.719,82.2711,82.2711,4626217
2017-07-17,82.1686,82.7012,81.9795,82.0857,82.0857,7071536
2017-07-18,82.3958,82.3958,81.5405,81.7111,81.7111,5507493
2017-07-19,81.5794,82.2964,81.5405,82.2788,82.2788,6253851
2017-07-20,82.7187,83.0074,81.7853,82.4183,82.4183,6796478
2017-07-21,82.0633,82.2223,81.2479,81.3298,81.3298,6728279
2017-07-24,81.2722,81.5873,81.0684,81.2889,81.2889,5159893
2017-07-25,82.2788,82.824,82.1686,82.2291,82.2291,8994829
2017-07-26,82.4183,83.5585,82.0789,82.8006,82.8006,7465342
2017-07-27,82.627,83.7497,82.4037,83.5829,83.5829,7473370
2017-07-28,84.0608,85.9521,83.7858,85.161,85.161,9917436
2017-07-31,85.3747,86.6592,85.1776,86.0017,86.0017,9579148
2017-08-01,86.2866,87.4337,86.1911,87.2757,87.2757,10344292
2017-08-02,86.9459,87.5828,86.547,87.0054,87.0054,7868415
2017-08-03,86.8143,86.9976,85.9082,86.1998,86.1998,7114550
2017-08-04,86.2349,86.7908,86.2349,86.744,86.744,5893307
2017-08-07,86.5197,86.8679,86.3198,86.4933,86.4933,6045974
2017-08-08,86.6592,87.2151,86.4856,86.9098,86.9098,5213346
2017-08-09,87.2396,87.7486,86.8405,87.3703,87.3703,5035652
2017-08-10,87.6102,87.7682,86.6846,86.744,86.744,6273128
2017-08-11,86.7908,87.0318,85.9521,86.036,86.036,4293847
2017-08-14,86.0534,86.5285,85.3219,85.6497,85.6497,5434323
2017-08-15,85.6838,85.7892,84.7103,85.5307,85.5307,6741399
2017-08-16,85.6497,85.8643,84.8967,85.0079,85.0079,5261521
2017-08-17,84.8382,85.0352,84.2627,84.2705,84.2705,7208287
2017-08-18,84.214,85.4,83.9536,84.727,84.727,6870704
2017-08-21,84.727,84.727,83.7858,84.1642,84.1642,4406434
2017-08-22,84.3242,85.0665,84.1866,84.6265,84.6265,7049050
2017-08-23,84.4988,85.1708,84.4236,84.8382,84.8382,5260758
2017-08-24,84.7436,85.6838,84.6022,85.4858,85.4858,6358004
2017-08-25,85.7892,86.5119,85.5551,86.1062,86.1062,5509261
2017-08-28,86.3626,86.4075,85.3483,85.7433,85.7433,4626987
2017-08-29,85.477,85.9599,85.161,85.8214,85.8214,4058866
2017-08-30,85.6077,85.8038,85.2039,85.7277,85.7277,3928748
2017-08-31,85.9237,86.1062,85.5385,85.6419,85.6419,6922768
2017-09-01,85.6926,86.8405,85.5473,86.547,86.547,4599655
2017-09-05,87.0054,87.7175,86.5022,87.0757,87.0757,6923913
2017-09-06,87.5321,89.2887,87.3703,88.9503,88.9503,10774904
2017-09-07,89.2527,89.8047,88.6021,88.9582,88.9582,7462717
2017-09-08,88.7904,88.9152,87.935,88.1544,88.1544,5068899
2017-09-11,88.9855,89.5658,88.7279,89.5199,89.5199,7507006
2017-09-12,89.7706,89.8759,89.0119,89.5015,89.5015,6425781
2017-09-13,89.5015,90.9469,89.3327,90.8552,90.8552,7401667
2017-09-14,90.9029,91.7701,90.8552,91.064,91.064,7312860
2017-09-15,91.3585,91.4219,90.4133,91.2181,91.2181,10499242
2017-09-18,91.0356,91.6793,90.9469,91.6599,91.6599,6222211
2017-09-19,91.7067,92.6031,91.6599,92.5572,92.5572,7772141
2017-09-20,92.6772,93.2078,92.4684,92.5836,92.5836,6327587
2017-09-21,92.4782,92.6859,92.1564,92.6498,92.6498,5220090
2017-09-22,92.6031,93.7647,92.5134,93.3189,93.3189,6668984
2017-09-25,93.2721,94.1607,93.1054,93.8691,93.8691,7511090
2017-09-26,93.7374,93.8964,93.2917,93.4956,93.4956,6115177
2017-09-27,93.4496,93.5521,92.9191,93.4496,93.4496,4885265
2017-09-28,93.2175,93.991,93.1054,93.5794,93.5794,6219282
2017-09-29,93.2175,93.4956,92.882,93.478,93.478,6126423
2017-10-02,92.6031,93.7374,91.9262,93.4399,93.4399,5374489
2017-10-03,93.1611,94.0943,93.1054,93.755,93.755,4891798
2017-10-04,93.755,93.7832,93.1882,93.5424,93.5424,4327797
2017-10-05,93.4496,94.4241,93.356,94.3392,94.3392,6875897
2017-10-06,93.8301,94.0096,92.9386,93.1141,93.1141,4440751
2017-10-09,93.3658,93.9442,93.1054,93.6634,93.6634,3703080
2017-10-10,94.227,95.3155,94.1227,94.5089,94.5089,7142460
2017-10-11,94.8669,95.0854,94.3392,94.9625,94.9625,4929683
2017-10-12,94.2924,94.9995,94.1422,94.8094,94.8094,5063768
2017-10-13,95.296,95.497,94.744,94.8191,94.8191,5831752
2017-10-16,95.3439,96.1954,95.0288,95.6013,95.6013,6912004
2017-10-17,95.6677,96.0597,95.3341,95.6677,95.6677,5513789
2017-10-18,94.9995,95.5155,93.8691,94.0096,94.0096,6918918
2017-10-19,93.9345,94.4515,93.8301,94.0574,94.0574,5518950
2017-10-20,94.3577,94.4904,93.9345,94.3772,94.3772,6187096
2017-10-23,94.4328,94.9421,94.2631,94.6309,94.6309,4866894
2017-10-24,95.0581,95.42,94.744,94.8854,94.8854,5574534
2017-10-25,94.6874,95.0385,94.0096,94.2534,94.2534,5660823
2017-10-26,94.4904,94.6874,93.9998,94.2534,94.2534,5140964
2017-10-27,92.4128,92.5933,89.5658,90.3412,90.3412,18263978
2017-10-30,90.0427,91.577,89.7793,91.0094,91.0094,9448497
2017-10-31,91.064,92.5933,90.5577,92.211,92.211,8992355
2017-11-01,92.5415,93.0868,91.7798,92.2197,92.2197,6321882
2017-11-02,92.4782,92.6498,91.2658,91.7604,91.7604,5441551
2017-11-03,91.8814,92.0832,91.2845,91.4873,91.4873,5155110
2017-11-06,91.7896,93.2078,91.4873,93.1239,93.1239,7472851
2017-11-07,93.3941,93.3941,92.6596,93.2819,93.2819,6559895
2017-11-08,92.9289,93.2078,92.2197,92.8264,92.8264,6400810
2017-11-09,92.2197,93.478,91.9905,93.2819,93.2819,6413852
2017-11-10,93.2264,93.3366,93.2264,93.2264,93.2264,6480934
2017-11-13,93.2624,93.7082,92.8353,93.2721,93.2721,5372178
2017-11-14,92.9561,93.2917,92.4938,93.0391,93.0391,8793265
2017-11-15,92.4782,93.2721,92.367,92.6314,92.6314,6590208
2017-11-16,92.5572,93.0224,91.853,92.0101,92.0101,7332458
2017-11-17,92.0832,92.367,91.4775,92.1105,92.1105,5400867
2017-11-20,92.1652,92.3954,91.9076,92.1183,92.1183,5770295
2017-11-21,92.4782,93.0585,92.3026,92.4938,92.4938,5718357
2017-11-22,93.1054,93.7832,93.1054,93.1054,93.1054,4919452
2017-11-24,93.598,93.8212,93.4117,93.5619,93.5619,2171780
2017-11-27,93.0488,93.1795,92.5572,92.8264,92.8264,5591225
2017-11-28,93.1054,93.8028,92.9561,93.514,93.514,4985236
2017-11-29,93.3189,94.1783,93.0313,94.1227,94.1227,4558033
2017-11-30,94.1881,95.6968,94.1607,95.5818,95.5818,9836309
2017-12-01,96.2236,96.7454,95.1722,95.9739,95.9739,8507205
2017-12-04,96.2236,98.1997,95.8589,97.0585,97.0585,9172320
2017-12-05,96.9864,97.4877,96.4939,96.6772,96.6772,5453981
2017-12-06,96.6002,97.0781,95.9836,96.0597,96.0597,6041942
2017-12-07,96.3875,96.4558,95.5634,96.0695,96.0695,6111868
2017-12-08,96.3972,96.562,95.6589,96.3104,96.3104,5132582
2017-12-11,96.5904,97.2926,96.4655,96.7064,96.7064,6757749
2017-12-12,96.8703,96.9571,96.012,96.1173,96.1173,5354436
2017-12-13,95.9076,96.5133,95.296,96.3201,96.3201,5478159
2017-12-14,96.2236,96.5806,95.9642,95.9934,95.9934,4653094
2017-12-15,96.7259,96.7553,95.9739,96.1661,96.1661,13976621
2017-12-18,96.3104,97.4,96.0597,96.1368,96.1368,5795158
2017-12-19,96.6099,96.9668,95.9739,96.2431,96.2431,5723582
2017-12-20,96.5806,97.4,96.0891,97.0878,97.0878,7819664
2017-12-21,97.4779,100.667,97.2536,100.248,100.248,12581119
2017-12-22,100.277,100.901,100.043,100.365,100.365,5891731
2017-12-26,100.59,101.292,100.423,101.165,101.165,4168718
2017-12-27,101.146,101.35,100.492,100.833,100.833,4297969
2017-12-28,100.941,101.096,100.639,100.853,100.853,2729181
2017-12-29,100.677,101.165,100.55,100.55,100.55,4767119
2018-01-02,100.96,102.589,100.824,102.472,102.472,7005584
2018-01-03,102.365,103.555,101.906,103.204,103.204,7227838
2018-01-04,102.744,103.077,102.179,102.881,102.881,5720134
2018-01-05,102.764,102.881,102.071,102.707,102.707,5212363
2018-01-08,102.677,103.301,102.51,103.223,103.223,6005933
2018-01-09,103.145,103.545,102.627,102.657,102.657,5506529
2018-01-10,103.047,103.418,102.637,103.331,103.331,6583517
2018-01-11,103.535,107.076,103.418,106.47,106.47,14493509
2018-01-12,106.179,107.495,106.109,107.3,107.3,8999904
2018-01-16,107.339,107.515,105.671,106.012,106.012,7666714
2018-01-17,106.179,106.637,105.173,106.306,106.306,7009019
2018-01-18,106.296,106.403,105.232,105.662,105.662,7315788
2018-01-19,105.866,106.012,104.569,105.456,105.456,7517994
2018-01-22,105.456,106.46,105.437,106.46,106.46,6320316
2018-01-23,106.316,106.46,104.989,105.223,105.223,7153754
2018-01-24,105.535,106.52,105.271,105.535,105.535,8265523
2018-01-25,105.808,105.895,104.685,104.939,104.939,5720043
2018-01-26,104.979,105.798,104.695,105.369,105.369,7841176
2018-01-29,104.442,105.652,103.057,103.174,103.174,7901239
2018-01-30,102.492,102.804,100.55,100.59,100.59,10056245
2018-01-31,100.736,101.038,99.6244,100.667,100.667,11986700
2018-02-01,100.853,100.882,99.6343,100.843,100.843,9728322
2018-02-02,99.546,99.546,94.4515,95.2102,95.2102,16323434
2018-02-05,93.9539,95.0093,86.7538,90.4484,90.4484,19052423
2018-02-06,89.2975,94.4425,88.9582,94.1227,94.1227,22931408
2018-02-07,94.3021,95.7731,92.5572,92.5836,92.5836,14353811
2018-02-08,92.4938,93.0868,90.1061,90.1783,90.1783,12298033
2018-02-09,91.0191,92.0365,87.935,91.1635,91.1635,13587549
2018-02-12,92.1924,93.0488,90.6845,91.5429,91.5429,10406797
2018-02-13,91.0191,91.2356,89.8418,90.9733,90.9733,8794193
2018-02-14,90.348,91.5965,89.4673,91.2541,91.2541,8750310
2018-02-15,91.5429,91.6793,89.9033,91.2745,91.2745,6650882
2018-02-16,91.1361,91.6063,90.1959,90.9469,90.9469,7330877
2018-02-20,91.0727,91.4599,89.6897,90.0252,90.0252,8255734
2018-02-21,90.1325,90.8932,88.4539,88.4539,88.4539,8488355
2018-02-22,88.8605,90.3861,88.331,89.1376,89.1376,9157375
2018-02-23,89.5912,91.4404,89.4214,91.3127,91.3127,7964771
2018-02-26,91.7993,93.003,91.5331,92.9561,92.9561,9046985
2018-02-27,93.1708,94.1422,92.1378,92.1378,92.1378,7470922
2018-02-28,93.2917,93.6544,90.7382,90.7742,90.7742,9174001
2018-03-01,90.468,92.3954,90.0155,90.8835,90.8835,9267289
2018-03-02,90.4397,90.982,89.083,90.549,90.549,8146150
2018-03-05,90.3577,91.9262,90.0427,91.7798,91.7798,9634946
2018-03-06,92.3573,93.7082,91.6793,92.1749,92.1749,9811217
2018-03-07,91.616,93.3463,91.339,92.3484,92.3484,8211111
2018-03-08,92.9561,93.0771,91.3224,91.9359,91.9359,7514661
2018-03-09,92.7055,95.1908,92.6411,95.0775,95.0775,10890575
2018-03-12,95.2863,95.9934,94.5265,94.7255,94.7255,8478658
2018-03-13,95.0854,95.8492,94.0943,94.4328,94.4328,8375140
2018-03-14,94.904,95.2395,93.1611,93.3853,93.3853,6227406
2018-03-15,93.5619,94.2827,93.0868,93.755,93.755,5572307
2018-03-16,93.598,94.2631,92.9289,93.598,93.598,18381674
2018-03-19,93.3366,93.4585,91.8335,92.3954,92.3954,5922268
2018-03-20,92.9191,93.8212,92.8176,92.8733,92.8733,5655594
2018-03-21,93.2536,95.7828,93.1141,94.9528,94.9528,8420132
2018-03-22,93.7374,93.8594,92.0365,92.2197,92.2197,7763755
2018-03-23,92.761,93.8866,91.4052,91.6433,91.6433,7677526
2018-03-26,92.6411,93.7647,91.853,93.5521,93.5521,8468340
2018-03-27,93.8691,94.7917,92.4597,93.003,93.003,6818844
2018-03-28,93.2078,93.478,90.8932,90.9176,90.9176,8612172
2018-03-29,91.0824,92.8079,91.0727,92.5036,92.5036,8171433
2018-04-02,92.3954,92.7796,89.6526,91.0356,91.0356,7679190
2018-04-03,91.2658,93.2536,90.9089,93.1424,93.1424,8281736
2018-04-04,91.7067,93.1054,91.1985,92.8537,92.8537,7061026
2018-04-05,93.1795,95.6208,93.0391,95.1244,95.1244,8882848
2018-04-06,94.3772,94.9224,91.9632,93.0967,93.0967,8746731
2018-04-09,93.514,95.0385,93.1795,94.0759,94.0759,8548681
2018-04-10,95.3819,97.2048,95.3819,96.4069,96.4069,9430456
2018-04-11,96.2724,96.8323,95.5253,96.7259,96.7259,7701668
2018-04-12,97.0975,97.8876,96.2431,96.7064,96.7064,8262870
2018-04-13,96.9288,97.9949,96.6967,97.2926,97.2926,6790895
2018-04-16,97.8193,98.7361,97.1463,97.9169,97.9169,5668836
2018-04-17,98.0924,98.9604,97.7803,98.5218,98.5218,7999423
2018-04-18,99.3306,101.292,99.282,100.423,100.423,11259460
2018-04-19,100.56,101.39,99.926,100.346,100.346,8826769
2018-04-20,100.063,100.14,98.5218,99.2042,99.2042,9322192
2018-04-23,98.9604,100.267,98.804,100.238,100.238,7536796
2018-04-24,100.853,101.427,98.7558,99.3991,99.3991,9839104
2018-04-25,99.2334,99.6918,98.2192,99.536,99.536,6572747
2018-04-26,99.4973,100.824,99.1944,100.755,100.755,7728278
2018-04-27,101.799,103.047,101.126,102.687,102.687,10894656
2018-04-30,103.018,103.73,101.437,101.487,101.487,9408962
2018-05-01,100.619,101.31,99.8387,101.263,101.263,8745809
2018-05-02,101.789,102.579,100.657,101.789,101.789,7285360
2018-05-03,101.048,102.306,100.433,102.218,102.218,8294543
2018-05-04,101.574,102.881,101.146,101.808,101.808,6661476
2018-05-07,102.667,104.149,100.931,101.33,101.33,8629933
2018-05-08,101.32,102.804,100.287,102.657,102.657,11018351
2018-05-09,104.169,105.769,103.886,104.393,104.393,14107643
2018-05-10,105.183,105.291,104.139,104.481,104.481,6714365
2018-05-11,104.959,106.062,104.247,105.31,105.31,9976904
2018-05-14,105.642,106.316,105.281,105.759,105.759,7659178
2018-05-15,105.642,105.642,104.832,105.232,105.232,6413196
2018-05-16,104.872,105.213,104.071,105.076,105.076,6663911
2018-05-17,105.349,106.012,105.027,105.915,105.915,6406486
2018-05-18,105.486,105.652,104.549,104.608,104.608,7804988
2018-05-21,105.378,105.876,104.959,105.837,105.837,6210462
2018-05-22,105.622,106.676,104.812,104.929,104.929,6654051
2018-05-23,103.984,105.378,103.535,105.3,105.3,7354490
2018-05-24,104.238,104.238,102.969,103.584,103.584,7218733
2018-05-25,101.887,102.071,99.1747,99.9756,99.9756,10922703
2018-05-29,99.0676,100.16,98.2094,99.3217,99.3217,9027057
2018-05-30,100.346,102.814,100.093,102.413,102.413,8708835
2018-05-31,101.536,102.121,101.009,101.701,101.701,9118723
2018-06-01,102.657,102.707,100.989,101.32,101.32,7027701
2018-06-04,101.887,102.608,99.9558,100.023,100.023,7040668
2018-06-05,99.8387,101.213,99.4378,100.404,100.404,6933271
2018-06-06,100.746,101.193,99.8685,100.95,100.95,7594187
2018-06-07,101.887,104.705,101.789,103.867,103.867,10520064
2018-06-08,104.013,104.228,102.833,103.458,103.458,6244191
2018-06-11,103.71,104.892,102.979,104.374,104.374,7437440
2018-06-12,104.413,105.027,103.359,103.974,103.974,5552608
2018-06-13,103.749,104.569,103.154,103.974,103.974,7722022
2018-06-14,104.228,104.695,103.408,103.505,103.505,6180568
2018-06-15,103.994,104.013,101.31,101.497,101.497,16162631
2018-06-18,101.74,103.886,101.554,103.067,103.067,9418281
2018-06-19,101.721,102.988,101.35,102.697,102.697,7269598
2018-06-20,103.184,103.477,101.701,102.51,102.51,9754291
2018-06-21,101.857,101.916,99.9459,100.307,100.307,8911111
2018-06-22,102.608,103.555,102.121,102.355,102.355,10892294
2018-06-25,101.799,101.964,99.7692,100.316,100.316,7091327
2018-06-26,100.667,101.935,100.287,101.594,101.594,5613465
2018-06-27,102.403,104.257,102.316,103.097,103.097,7748392
2018-06-28,103.525,103.779,102.277,102.814,102.814,4662597
2018-06-29,102.881,104.501,102.881,103.458,103.458,6929710
2018-07-02,102.51,102.51,101.086,101.663,101.663,6200961
2018-07-03,102.647,103.652,101.897,102.043,102.043,4790631
2018-07-05,103.174,103.301,101.292,101.447,101.447,7244021
2018-07-06,101.048,101.867,100.794,101.584,101.584,4913433
2018-07-09,102.277,103.321,102.004,103.087,103.087,5624981
2018-07-10,104.188,105.134,103.692,104.393,104.393,6223722
2018-07-11,103.281,103.642,100.629,101.048,101.048,8105632
2018-07-12,101.808,102.248,101.116,101.663,101.663,4577552
2018-07-13,101.623,102.179,101.146,101.497,101.497,4097936
2018-07-16,100.647,101.35,99.7216,100.639,100.639,5277425
2018-07-17,100.112,100.619,99.6531,99.7514,99.7514,5054140
2018-07-18,99.1944,99.546,97.9266,99.4289,99.4289,7408342
2018-07-19,99.0676,99.926,99.0095,99.546,99.546,5465068
2018-07-20,99.2042,100.102,99.0095,100.033,100.033,6599588
2018-07-23,100.102,100.697,99.1167,99.2731,99.2731,6550920
2018-07-24,99.7117,101.594,99.7018,101.32,101.32,5406585
2018-07-25,101.136,102.472,100.853,102.198,102.198,5215024
2018-07-26,102.014,102.579,101.283,101.418,101.418,6776253
2018-07-27,100.453,103.944,99.8764,103.067,103.067,9265931
2018-07-30,103.7,105.046,103.271,104.578,104.578,7002604
2018-07-31,104.725,105.173,103.194,103.311,103.311,7204351
2018-08-01,102.53,103.018,102.053,102.589,102.589,5697034
2018-08-02,101.808,102.111,100.872,101.253,101.253,5670644
2018-08-03,101.594,101.663,100.901,101.507,101.507,6477219
2018-08-06,101.799,102.238,101.068,101.701,101.701,5446115
2018-08-07,102.697,102.842,102.062,102.423,102.423,5551454
2018-08-08,101.877,102.091,100.882,101.35,101.35,7285368
2018-08-09,101.427,101.75,100.023,100.257,100.257,6377999
2018-08-10,99.9558,101.048,99.4189,100.911,100.911,7490333
2018-08-13,100.882,101.175,100.023,100.17,100.17,5329729
2018-08-14,100.58,101.156,99.8288,100.297,100.297,4427161
2018-08-15,99.5648,99.5946,96.0695,96.4939,96.4939,11582827
2018-08-16,97.2439,97.7218,96.803,97.2048,97.2048,6604201
2018-08-17,97.5852,97.9754,96.7162,97.3023,97.3023,7400485
2018-08-20,97.4584,97.7218,96.9093,97.2926,97.2926,6541727
2018-08-21,97.7803,98.2192,97.2926,97.4097,97.4097,5902798
2018-08-22,97.9363,98.687,97.8193,98.2094,98.2094,4402968
2018-08-23,97.79,98.1315,97.2439,97.5462,97.5462,4797141
2018-08-24,98.1997,98.7558,98.0631,98.2875,98.2875,5345664
2018-08-27,98.5995,99.5162,98.4343,99.4189,99.4189,4723776
2018-08-28,99.6144,100.229,98.921,99.0095,99.0095,5672726
2018-08-29,99.1069,99.8189,99.0193,99.3118,99.3118,4965661
2018-08-30,99.1846,99.4676,98.7558,98.9604,98.9604,4059233
2018-08-31,98.6388,98.6388,97.5364,97.8584,97.8584,6400629
2018-09-04,98.2192,98.8138,97.751,98.1704,98.1704,5557900
2018-09-05,97.5072,98.2192,96.8605,98.2094,98.2094,5592403
2018-09-06,97.3706,97.907,95.0854,95.1634,95.1634,9916388
2018-09-07,94.5929,95.2678,93.6721,94.6679,94.6679,8035896
2018-09-10,95.3439,95.6013,94.4612,94.5558,94.5558,7107434
2018-09-11,94.4241,95.6111,93.9627,95.0093,95.0093,6785976
2018-09-12,96.1758,97.0585,95.6208,95.6491,95.6491,6135396
2018-09-13,95.812,96.2529,95.0581,96.0597,96.0597,7624201
2018-09-14,96.1856,97.1561,96.1076,96.9474,96.9474,5989926
2018-09-17,97.1561,98.0437,96.8703,97.0683,97.0683,6731330
2018-09-18,97.8973,98.1997,97.439,97.5657,97.5657,6012315
2018-09-19,97.7315,99.1463,97.556,98.7361,98.7361,5878216
2018-09-20,99.282,100.209,98.3752,98.6486,98.6486,7078210
2018-09-21,99.0381,100.14,98.6388,100.043,100.043,16589985
2018-09-24,100.707,101.594,100.414,101.283,101.283,7910708
2018-09-25,101.994,102.618,101.564,101.897,101.897,6533073
2018-09-26,101.604,101.926,100.57,100.746,100.746,5122649
2018-09-27,100.901,101.614,100.54,101.146,101.146,5488226
2018-09-28,100.765,101.77,100.59,100.999,100.999,6298758
2018-10-01,101.691,103.154,101.691,102.735,102.735,6478687
2018-10-02,103.311,103.876,102.677,103.038,103.038,6592402
2018-10-03,103.359,103.964,103.077,103.505,103.505,5423267
2018-10-04,103.087,103.73,102.579,103.214,103.214,5840475
2018-10-05,103.194,104.003,103.038,103.515,103.515,5227477
2018-10-08,102.472,103.632,102.296,103.135,103.135,7587841
2018-10-09,103.672,105.271,103.311,104.765,104.765,8229729
2018-10-10,105.086,105.408,101.146,101.263,101.263,7874473
2018-10-11,101.126,101.126,97.0878,97.829,97.829,10399339
2018-10-12,98.746,98.8531,95.9544,97.2926,97.2926,9020040
2018-10-15,97.2439,98.1607,96.562,96.5806,96.5806,7321023
2018-10-16,96.7162,97.2244,96.0988,97.0683,97.0683,5866874
2018-10-17,96.8127,97.2341,95.8218,96.8703,96.8703,8448587
2018-10-18,96.9864,97.5754,95.8492,97.0342,97.0342,8948538
2018-10-19,96.9386,98.512,96.9386,97.5754,97.5754,9617728
2018-10-22,97.5462,97.8876,96.2236,96.8127,96.8127,6833934
2018-10-23,95.6013,95.6013,92.5572,93.6798,93.6798,9800374
2018-10-24,93.9247,94.3109,90.9176,91.0356,91.0356,9727685
2018-10-25,91.9818,93.6798,91.2268,92.1564,92.1564,6941788
2018-10-26,91.3673,92.9094,90.5841,92.1105,92.1105,9728045
2018-10-29,92.5572,92.567,88.8342,89.9794,89.9794,10409403
2018-10-30,90.549,91.8179,89.3327,91.5603,91.5603,9108584
2018-10-31,92.2754,92.9386,91.7428,92.2197,92.2197,8994787
2018-11-01,92.3221,92.5134,90.9372,91.8335,91.8335,12798822
2018-11-02,94.8854,96.7356,93.4496,94.7723,94.7723,11974039
2018-11-05,96.3398,98.8433,96.3201,98.2192,98.2192,10603574
2018-11-06,98.1021,98.6584,97.3317,98.1997,98.1997,6383914
2018-11-07,99.1069,100.043,98.2972,99.8486,99.8486,5870078
2018-11-08,99.6621,100.667,98.2388,98.5995,98.5995,11540155
2018-11-09,97.6438,99.4289,96.9386,98.7361,98.7361,7948613
2018-11-12,99.8685,100.257,96.7933,96.9571,96.9571,12773120
2018-11-13,96.88,97.3609,95.0288,95.2678,95.2678,8288583
2018-11-14,96.5328,97.2926,94.9625,95.6013,95.6013,8212335
2018-11-15,94.8094,97.6438,94.0193,97.5364,97.5364,8654202
2018-11-16,98.0241,99.4775,97.8193,99.3118,99.3118,8040965
2018-11-19,98.5414,99.6621,98.3265,99.6045,99.6045,6388132
2018-11-20,99.4477,99.6819,95.9349,96.8323,96.8323,9571480
2018-11-21,97.3121,99.4189,97.3121,98.0631,98.0631,6743179
2018-11-23,95.6774,96.1076,93.514,94.7527,94.7527,6687240
2018-11-26,95.6013,96.3007,95.0854,95.8979,95.8979,8335993
2018-11-27,95.5731,96.4655,95.258,96.0988,96.0988,7600155
2018-11-28,95.8979,98.6683,95.4297,98.5414,98.5414,8202584
2018-11-29,98.3654,99.8685,98.19,99.1167,99.1167,7981067
2018-11-30,98.4627,99.4289,98.1607,99.2042,99.2042,8047829
2018-12-03,100.746,102.121,100.14,100.657,100.657,9875967
2018-12-04,100.609,100.999,97.634,97.79,97.79,9936681
2018-12-06,96.2138,96.8703,94.2924,96.6674,96.6674,12847238
2018-12-07,98.0827,99.8486,96.0792,96.3398,96.3398,10927423
2018-12-10,96.1856,96.7162,93.1424,95.8589,95.8589,9201114
2018-12-11,96.9668,97.2926,95.0385,96.3201,96.3201,7108860
2018-12-12,97.6731,98.1704,96.4069,96.446,96.446,9461100
2018-12-13,96.0403,97.0254,95.3439,96.6967,96.6967,8428975
2018-12-14,95.9163,96.5806,94.4992,94.9625,94.9625,7427855
2018-12-17,94.6211,95.8881,93.2917,93.7931,93.7931,8551142
2018-12-18,93.9345,94.4328,90.8747,91.5331,91.5331,11579786
2018-12-19,91.6793,93.4117,89.3414,89.9432,89.9432,12555494
2018-12-20,89.083,90.1325,86.9011,87.5653,87.5653,13922778
2018-12-21,86.4329,89.199,85.8389,86.9098,86.9098,23873710
2018-12-24,86.1578,86.8679,84.1721,84.2315,84.2315,6737298
2018-12-26,84.9572,89.5658,83.5927,89.5658,89.5658,12923605
2018-12-27,87.9711,91.1985,87.4872,91.1897,91.1897,12774504
2018-12-28,91.4502,92.0365,90.1783,90.6221,90.6221,7727512
2018-12-31,91.0454,91.9457,89.9618,90.7284,90.7284,7564662
2019-01-02,89.5199,93.1521,89.3327,92.33,92.33,7654765
2019-01-03,92.6216,92.8264,90.1325,90.5577,90.5577,7788375
2019-01-04,91.9818,92.567,91.3029,92.4402,92.4402,9534618
2019-01-07,92.6216,94.2076,91.6882,93.6447,93.6447,6848997
2019-01-08,94.5839,94.9224,93.1424,93.2078,93.2078,6803770
2019-01-09,93.991,95.0775,93.7931,94.4612,94.4612,8508724
2019-01-10,93.8212,94.782,93.1708,94.6309,94.6309,7287345
2019-01-11,94.2631,94.3021,93.1424,93.8496,93.8496,5385159
2019-01-14,92.8733,93.7179,92.6411,93.1795,93.1795,7339469
2019-01-15,93.4038,94.3109,93.0127,93.5237,93.5237,5066691
2019-01-16,92.9473,93.6984,92.7698,92.9289,92.9289,6742797
2019-01-17,92.3865,93.6798,91.8998,93.3853,93.3853,5326419
2019-01-18,95.0678,95.6307,94.3021,95.4014,95.4014,11248210
2019-01-22,94.3577,94.6309,93.3756,93.7179,93.7179,8682472
2019-01-23,93.7452,93.9715,92.0832,92.9191,92.9191,7292169
2019-01-24,92.5933,94.9528,92.5134,94.6874,94.6874,10155649
2019-01-25,95.1146,95.7349,94.2534,94.4241,94.4241,7509569
2019-01-28,93.3366,93.8779,92.6314,93.5619,93.5619,8256416
2019-01-29,94.2924,94.5362,93.2078,93.2624,93.2624,6426111
2019-01-30,93.8399,94.8015,93.4038,94.273,94.273,9521461
2019-01-31,94.9322,96.2724,94.5655,95.6307,95.6307,13458509
2019-02-01,97.2926,99.4576,97.2829,98.746,98.746,13109297
2019-02-04,98.0241,99.8764,97.0156,99.8685,99.8685,9576843
2019-02-05,99.7891,99.9756,98.9997,99.6621,99.6621,8257375
2019-02-06,99.2532,99.7603,98.9997,99.1463,99.1463,5983129
2019-02-07,98.4244,98.8433,97.1951,98.629,98.629,8730373
2019-02-08,98.19,98.3168,96.6772,98.073,98.073,6798993
2019-02-11,97.517,97.907,97.0781,97.5364,97.5364,5826204
2019-02-12,98.7165,99.1364,98.1021,99.0193,99.0193,6474981
2019-02-13,99.3902,100.414,99.0095,99.7415,99.7415,7116579
2019-02-14,99.7315,100.707,99.1069,99.546,99.546,6417740
2019-02-15,100.774,100.979,99.9062,100.56,100.56,7370891
2019-02-19,100.16,100.979,99.8089,100.521,100.521,5077781
2019-02-20,100.521,101.701,100.257,101.33,101.33,7051364
2019-02-21,101.146,101.37,99.7514,100.375,100.375,6100396
2019-02-22,101.33,101.497,100.121,100.599,100.599,5362340
2019-02-25,100.619,101.467,100.58,100.774,100.774,6168247
2019-02-26,100.931,101.906,100.824,101.048,101.048,6463878
2019-02-27,101.156,102.198,100.999,101.156,101.156,6278913
2019-02-28,101.086,101.233,99.8387,100.746,100.746,7604372
2019-03-01,101.437,102.814,101.243,102.804,102.804,9191459
2019-03-04,103.34,103.485,101.574,102.881,102.881,8901777
2019-03-05,102.657,103.925,102.443,103.867,103.867,8718626
2019-03-06,104.081,105.046,103.038,104.081,104.081,9021102
2019-03-07,103.984,104.061,102.53,102.715,102.715,8547601
2019-03-08,101.175,102.707,100.423,102.472,102.472,8325613
2019-03-11,103.505,104.638,103.418,104.149,104.149,7227150
2019-03-12,104.335,105.271,103.954,104.393,104.393,7340589
2019-03-13,104.979,105.252,104.393,105.017,105.017,5587549
2019-03-14,105.096,105.69,104.882,104.979,104.979,6108701
2019-03-15,104.969,105.652,104.775,105.583,105.583,12403610
2019-03-18,105.495,106.276,105.456,106.052,106.052,6631641
2019-03-19,106.607,106.929,105.076,105.563,105.563,6049796
2019-03-20,105.339,106.442,105.027,105.036,105.036,7963038
2019-03-21,105.193,106.129,104.909,106.032,106.032,5994953
2019-03-22,105.173,105.223,103.368,103.692,103.692,6868793
2019-03-25,103.565,103.925,103.047,103.525,103.525,4555006
2019-03-26,104.276,105.232,103.954,104.569,104.569,4842725
2019-03-27,104.432,104.882,102.794,103.458,103.458,4424847
2019-03-28,103.291,103.759,103.097,103.632,103.632,4816442
2019-03-29,104.705,104.872,103.194,103.769,103.769,6313134
2019-04-01,105.261,105.553,104.013,105.261,105.261,6535879
2019-04-02,105.486,105.671,104.549,105.252,105.252,5178412
2019-04-03,105.505,105.612,104.091,104.384,104.384,4267664
2019-04-04,104.461,105.154,104.091,105.125,105.125,4410362
2019-04-05,105.535,106.686,105.486,106.51,106.51,6589399
2019-04-08,106.803,107.29,106.343,106.724,106.724,6508336
2019-04-09,106.393,106.393,105.418,105.759,105.759,4918127
2019-04-10,106.276,106.607,105.427,105.72,105.72,4712320
2019-04-11,105.612,106.363,105.086,106.159,106.159,3855626
2019-04-12,102.433,102.774,100.257,100.882,100.882,50676618
2019-04-15,101.106,101.935,100.54,101.213,101.213,15868883
2019-04-16,101.467,102.228,101.146,102.081,102.081,14176033
2019-04-17,102.96,103.242,101.136,101.32,101.32,14122785
2019-04-18,101.554,101.78,100.346,100.979,100.979,11331468
2019-04-22,101.74,102.784,101.487,102.677,102.677,9431992
2019-04-23,102.55,103.018,102.258,102.794,102.794,10776847
2019-04-24,102.258,102.306,99.4874,99.6531,99.6531,26250050
2019-04-25,99.4477,99.9935,98.9122,99.3306,99.3306,12625262
2019-04-26,99.7603,99.8387,97.4097,98.6683,98.6683,13800644
2019-04-29,98.5897,99.5073,98.2972,99.1649,99.1649,11162634
2019-04-30,102.014,102.697,100.794,101.146,101.146,25439043
2019-05-01,100.921,101.213,99.2042,99.2433,99.2433,11984919
2019-05-02,98.804,99.8189,97.9949,98.0534,98.0534,11271113
2019-05-03,99.1364,99.8685,98.6781,98.804,98.804,8742411
2019-05-06,98.9899,100.96,98.9604,99.7603,99.7603,13098305
2019-05-07,98.8237,99.6432,98.1315,99.6432,99.6432,10878921
2019-05-08,99.7315,99.8288,98.9122,98.9899,98.9899,7393994
2019-05-09,102.033,103.057,100.979,102.101,102.101,19580804
2019-05-10,102.081,103.008,100.95,102.764,102.764,10431042
2019-05-13,102.687,102.998,101.096,101.477,101.477,9141694
2019-05-14,101.663,102.988,101.545,102.482,102.482,8140950
2019-05-15,102.111,103.194,101.818,102.901,102.901,8243574
2019-05-16,102.94,103.418,102.54,102.764,102.764,10042270
2019-05-17,102.15,103.038,101.974,102.54,102.54,8076433
2019-05-20,102.677,103.135,102.55,102.804,102.804,5371247
2019-05-21,102.979,103.74,102.861,103.232,103.232,5712058
2019-05-22,102.861,103.311,102.384,102.57,102.57,6774562
2019-05-23,101.068,101.126,99.4289,100.287,100.287,12930224
2019-05-24,100.647,101.175,99.8685,100.999,100.999,5748915
2019-05-28,101.136,101.526,100.53,100.657,100.657,9573924
2019-05-29,99.6432,99.8486,98.5414,99.3505,99.3505,8758372
2019-05-30,99.1364,99.3217,97.7121,98.151,98.151,6826733
2019-05-31,97.1853,98.0241,96.7454,96.8605,96.8605,8110170
2019-06-03,97.5657,98.7853,97.3804,98.6968,98.6968,7171214
2019-06-04,99.1944,100.112,98.9406,99.799,99.799,6153985
2019-06-05,100.287,100.414,98.921,100.083,100.083,6001631
2019-06-06,100.58,103.077,100.482,102.657,102.657,8662952
2019-06-07,102.707,103.896,102.54,103.35,103.35,6280472
2019-06-10,103.974,104.422,103.545,104.052,104.052,6710560
2019-06-11,104.959,105.056,103.077,103.097,103.097,6611865
2019-06-12,102.423,102.579,101.721,102.277,102.277,4702063
2019-06-13,103.145,103.692,102.492,102.871,102.871,4693818
2019-06-14,102.95,103.087,102.413,102.774,102.774,3957346
2019-06-17,102.687,103.652,102.423,103.271,103.271,4959356
2019-06-18,103.749,105.388,103.672,104.578,104.578,5741047
2019-06-19,104.228,105.036,103.984,104.539,104.539,4522060
2019-06-20,105.73,106.099,105.144,105.73,105.73,9134965
2019-06-21,106.189,107.359,105.681,106.286,106.286,16794688
2019-06-24,105.944,106.656,105.837,106.276,106.276,6515211
2019-06-25,106.226,106.442,105.046,105.183,105.183,5540059
2019-06-26,105.973,106.266,105.398,105.437,105.437,5941514
2019-06-27,105.437,105.652,104.539,104.745,104.745,4174773
2019-06-28,104.989,105.895,104.755,105.856,105.856,8284741
2019-07-01,106.637,107.066,105.798,106.226,106.226,6500154
2019-07-02,105.954,106.119,104.121,104.578,104.578,6755946
2019-07-03,104.578,104.959,104.081,104.949,104.949,3203979
2019-07-05,104.775,105.271,104.345,105.096,105.096,4065599
2019-07-08,105.203,105.583,104.999,105.144,105.144,4120482
2019-07-09,105.418,105.622,104.705,104.949,104.949,4649694
2019-07-10,105.603,106.89,105.603,106.715,106.715,5575615
2019-07-11,106.929,106.929,106.012,106.705,106.705,4170372
2019-07-12,106.656,107.407,106.46,107.183,107.183,4671537
2019-07-15,107.251,107.523,106.559,106.959,106.959,4395060
2019-07-16,106.773,107.017,105.71,106.159,106.159,5521623
2019-07-17,106.062,106.568,105.563,105.622,105.622,4553754
2019-07-18,105.612,106.383,104.959,106.081,106.081,6783428
2019-07-19,106.081,106.686,106.002,106.373,106.373,5737121
2019-07-22,106.646,106.987,105.885,106.587,106.587,3850563
2019-07-23,106.53,107.378,106.169,107.046,107.046,5048822
2019-07-24,107.085,107.993,106.91,107.65,107.65,5638358
2019-07-25,108.061,108.061,106.607,106.9,106.9,5391510
2019-07-26,106.53,106.539,104.909,105.261,105.261,8194681
2019-07-29,105.036,106.042,104.969,105.681,105.681,5145393
2019-07-30,105.593,106.149,104.969,105.769,105.769,4550801
2019-07-31,105.252,106.09,104.208,104.745,104.745,8462449
2019-08-01,103.779,105.281,102.345,102.707,102.707,9319226
2019-08-02,103.603,104.257,100.248,102.697,102.697,10609488
2019-08-05,101.243,102.55,99.926,101.019,101.019,10132469
2019-08-06,100.999,101.691,100.083,101.574,101.574,7978723
2019-08-07,100.003,101.906,99.4973,101.32,101.32,8055910
2019-08-08,101.663,104.939,101.604,104.842,104.842,10423714
2019-08-09,104.745,105.408,103.692,104.149,104.149,5937832
2019-08-12,104.656,104.775,102.871,103.495,103.495,3842506
2019-08-13,102.804,104.393,102.345,104.121,104.121,6889590
2019-08-14,102.111,102.589,100.112,100.16,100.16,8434367
2019-08-15,99.7514,100.257,98.2094,99.4973,99.4973,7372876
2019-08-16,100.043,100.267,99.1463,99.546,99.546,7258973
2019-08-19,100.667,101.263,100.53,100.833,100.833,7497308
2019-08-20,100.667,100.726,99.4189,99.8189,99.8189,5992868
2019-08-21,101.243,101.623,100.843,101.31,101.31,5327498
2019-08-22,101.974,102.053,100.95,101.184,101.184,5077175
2019-08-23,100.112,101.467,98.268,98.9899,98.9899,8905657
2019-08-26,99.6343,99.8863,98.9997,99.4775,99.4775,4615428
2019-08-27,99.9359,100.599,98.8729,99.5549,99.5549,4931260
2019-08-28,100.043,100.726,99.6045,100.414,100.414,4839362
2019-08-29,100.677,101.283,100.2,101.009,101.009,5197462
2019-08-30,101.427,102.277,100.765,101.175,101.175,5678968
2019-09-03,99.5073,99.9846,98.4529,99.9359,99.9359,6599874
2019-09-04,100.979,101.887,100.697,100.784,100.784,5363281
2019-09-05,101.437,102.335,100.794,101.106,101.106,6276650
2019-09-06,100.999,101.799,100.892,101.663,101.663,5326916
2019-09-09,102.053,102.823,101.906,102.618,102.618,5873184
2019-09-10,103.242,105.964,103.067,104.735,104.735,10155766
2019-09-11,105.027,105.69,103.467,104.247,104.247,6410096
2019-09-12,103.164,105.017,102.754,104.374,104.374,6769290
2019-09-13,105.066,105.125,104.218,104.413,104.413,5683939
2019-09-16,107.309,107.67,105.681,106.676,106.676,12430239
2019-09-17,106.676,107.114,105.339,106.48,106.48,8562550
2019-09-18,106.208,106.763,105.73,106.734,106.734,5663032
2019-09-19,107.202,107.407,106.09,106.286,106.286,4724990
2019-09-20,106.559,107.29,106.296,106.87,106.87,12244930
2019-09-23,106.208,107.436,106.208,107.339,107.339,5774748
2019-09-24,106.977,107.202,105.895,106.353,106.353,7386222
2019-09-25,106.149,106.705,105.642,106.169,106.169,4400266
2019-09-26,105.935,106.159,103.174,103.281,103.281,9480108
2019-09-27,102.707,103.359,101.799,101.916,101.916,7970476
2019-09-30,101.887,102.637,101.77,101.916,101.916,7252189
2019-10-01,102.52,102.667,99.6045,99.7117,99.7117,8382290
2019-10-02,98.8925,98.9406,95.9252,96.5133,96.5133,11569067
2019-10-03,96.3201,97.2926,94.9224,97.2731,97.2731,6598901
2019-10-04,97.634,98.0144,96.7356,97.8681,97.8681,5682179
2019-10-07,97.9754,98.6388,97.3121,97.3317,97.3317,5554781
2019-10-08,96.3689,96.9093,95.9163,96.012,96.012,7059681
2019-10-09,96.7737,98.4146,96.523,97.2633,97.2633,5468790
2019-10-10,97.5657,98.6781,97.3706,98.4923,98.4923,4560877
2019-10-11,99.4378,100.599,99.1463,99.8387,99.8387,6028670
2019-10-14,99.3505,100.043,99.2334,99.8585,99.8585,3013399
2019-10-15,99.5747,101.086,99.536,99.9756,99.9756,4356180
2019-10-16,99.8963,100.277,98.9122,98.9406,98.9406,4248649
2019-10-17,99.3802,99.7603,98.7853,99.1364,99.1364,4465138
2019-10-18,99.0872,99.3505,98.6388,98.6388,98.6388,6608283
2019-10-21,99.4378,100.346,99.3217,100.229,100.229,4832546
2019-10-22,100.248,101.897,100.121,101.253,101.253,4805746
2019-10-23,100.901,101.447,100.375,101.409,101.409,4839910
2019-10-24,101.818,102.121,100.833,101.048,101.048,4529560
2019-10-25,101.223,102.16,101.146,101.984,101.984,3919846
2019-10-28,102.345,102.707,101.106,101.828,101.828,5906046
2019-10-29,101.4,102.335,101.146,101.545,101.545,5291866
2019-10-30,101.584,101.584,99.2919,100.003,100.003,5457646
2019-10-31,99.5261,100.003,99.1069,99.8288,99.8288,8350917
2019-11-01,99.2632,100.248,98.0241,99.8764,99.8764,8940781
2019-11-04,100.901,104.755,100.59,104.481,104.481,12040323
2019-11-05,104.208,105.252,103.759,104.812,104.812,8110708
2019-11-06,104.812,104.989,102.979,103.057,103.057,7102605
2019-11-07,104.111,104.862,103.428,104.775,104.775,6330354
2019-11-08,103.974,104.178,103.281,103.944,103.944,4944481
2019-11-11,103.311,104.345,103.145,103.827,103.827,4503545
2019-11-12,104.257,104.909,103.555,103.974,103.974,5239784
2019-11-13,103.535,105.213,103.467,105.096,105.096,6163493
2019-11-14,104.735,105.652,104.354,104.822,104.822,5685349
2019-11-15,105.213,105.369,104.257,104.715,104.715,6440022
2019-11-18,104.003,104.159,102.54,102.901,102.901,5628801
2019-11-19,102.861,103.125,100.755,101.068,101.068,10054733
2019-11-20,101.048,102.501,100.794,101.847,101.847,6801107
2019-11-21,102.081,103.242,101.721,103.097,103.097,6694748
2019-11-22,103.34,103.896,102.95,102.979,102.979,5514898
2019-11-25,102.794,103.485,102.403,102.744,102.744,8514033
2019-11-26,102.707,102.911,101.721,102.258,102.258,11591645
2019-11-27,102.413,102.95,102.091,102.492,102.492,4730694
2019-11-29,101.799,102.277,101.457,101.663,101.663,3768563
2019-12-02,102.403,102.492,101.301,101.38,101.38,5987265
2019-12-03,100.862,101.292,100.423,100.599,100.599,8408155
2019-12-04,101.243,101.808,101.048,101.507,101.507,6574789
2019-12-05,102.091,102.208,100.843,100.979,100.979,6356806
2019-12-06,101.643,103.545,101.545,102.433,102.433,7760061
2019-12-09,101.136,102.316,101.058,101.808,101.808,5566691
2019-12-10,102.452,102.51,101.604,102.316,102.316,5632638
2019-12-11,101.643,102.131,100.794,100.882,100.882,8110473
2019-12-12,101.193,103.184,101.193,103.135,103.135,7448452
2019-12-13,103.331,103.759,102.325,102.384,102.384,5603263
2019-12-16,103.154,103.692,102.96,103.603,103.603,6474209
2019-12-17,103.789,104.061,102.697,102.95,102.95,7783269
2019-12-18,103.008,103.837,102.881,102.901,102.901,8638908
2019-12-19,102.921,103.067,102.306,102.54,102.54,7166663
2019-12-20,103.632,104.101,102.51,103.876,103.876,14022424
2019-12-23,103.565,104.501,103.428,104.432,104.432,6769094
2019-12-24,104.52,104.832,104.238,104.442,104.442,1889590
2019-12-26,104.745,105.398,104.442,104.685,104.685,4203606
2019-12-27,104.939,105.281,104.374,104.403,104.403,4767873
2019-12-30,104.53,105.32,103.994,104.032,104.032,5277777
2019-12-31,103.72,104.705,103.505,104.598,104.598,4857113
2020-01-02,105.017,105.583,104.822,105.408,105.408,5997966
2020-01-03,105.642,106.51,104.812,105.017,105.017,7328616
2020-01-06,105.232,105.612,104.432,104.685,104.685,11469044
2020-01-07,103.301,103.915,102.238,103.34,103.34,9076942
2020-01-08,102.901,103.368,102.121,102.169,102.169,8406856
2020-01-09,102.062,102.345,100.843,101.984,101.984,8462815
2020-01-10,101.945,102.16,101.038,101.058,101.058,7368138
2020-01-13,101.086,101.477,100.755,101.253,101.253,7888944
2020-01-14,101.116,101.457,100.433,100.95,100.95,8283584
2020-01-15,100.95,101.038,100.375,100.794,100.794,6692315
2020-01-16,101.165,101.799,101.068,101.467,101.467,8090145
2020-01-17,101.564,101.799,100.277,100.326,100.326,9085702
2020-01-21,99.8963,99.9459,98.2094,98.3457,98.3457,9758646
2020-01-22,98.151,98.5513,97.6048,98.0144,98.0144,6440153
2020-01-23,97.5462,98.512,97.0878,98.151,98.151,9226211
2020-01-24,97.9169,98.0631,96.6293,97.0781,97.0781,7972559
2020-01-27,95.6968,96.2041,95.4677,95.8023,95.8023,8767315
2020-01-28,96.3299,96.88,96.1563,96.4558,96.4558,6649878
2020-01-29,96.7356,97.0781,95.6404,95.7828,95.7828,5500400
2020-01-30,95.3058,96.8508,94.6601,96.687,96.687,9657712
2020-01-31,95.3058,95.4873,92.3573,93.003,93.003,15783321
2020-02-03,92.8264,93.1054,91.4775,92.248,92.248,10124118
2020-02-04,93.4683,94.028,92.5328,92.7426,92.7426,11416192
2020-02-05,93.9715,96.0403,93.8212,95.7262,95.7262,7965804
2020-02-06,96.0207,96.0597,94.7069,95.0385,95.0385,7228279
2020-02-07,94.5362,94.9907,94.1607,94.546,94.546,5564744
2020-02-10,94.227,95.296,94.0193,95.2863,95.2863,6926226
2020-02-11,96.1661,96.6586,95.5447,96.5328,96.5328,6996552
2020-02-12,97.6535,97.7315,96.8703,97.2633,97.2633,6596566
2020-02-13,96.6586,97.4877,96.5328,96.9191,96.9191,6903243
2020-02-14,97.2244,97.439,96.2333,96.6586,96.6586,5863419
2020-02-18,95.7165,96.8323,95.5818,96.8127,96.8127,5667060
2020-02-19,97.0585,97.5462,96.4939,97.2536,97.2536,6704661
2020-02-20,97.2926,97.5267,96.3299,96.4265,96.4265,5086527
2020-02-21,95.7068,95.8783,94.5187,95.7262,95.7262,7338233
2020-02-24,92.8264,93.9149,91.697,91.9457,91.9457,10863841
2020-02-25,92.0188,92.128,87.8111,88.4343,88.4343,14658433
2020-02-26,88.568,89.2274,86.0554,86.0925,86.0925,13655736
2020-02-27,83.9916,86.232,82.6143,82.6572,82.6572,17974329
2020-02-28,79.5049,82.0526,79.1275,81.9648,81.9648,23733092
2020-03-02,82.5597,84.8957,80.967,84.8177,84.8177,17139756
2020-03-03,84.9923,86.4788,81.9892,82.8855,82.8855,18819097
2020-03-04,84.6694,86.9518,84.0101,86.5217,86.5217,16800572
2020-03-05,84.0452,85.52,83.3683,85.3443,85.3443,14592914
2020-03-06,82.4739,84.3524,82.034,83.7029,83.7029,19202687
2020-03-09,72.2081,77.2831,70.2506,70.8378,70.8378,34841939
2020-03-10,75.7283,75.7809,71.1636,74.6232,74.6232,25727775
2020-03-11,72.2081,74.5003,71.7859,72.9105,72.9105,20970133
2020-03-12,67.8171,68.6042,63.9811,66.9656,66.9656,29344705
2020-03-13,70.2331,73.324,65.0773,73.2537,73.2537,26758820
2020-03-16,63.7264,68.9241,61.1954,61.2051,61.2051,19969059
2020-03-17,61.8205,64.0893,57.5075,62.0751,62.0751,25832678
2020-03-18,58.1405,58.1581,47.9196,48.3411,48.3411,28409819
2020-03-19,48.5254,51.3607,45.3096,50.3961,50.3961,34016888
2020-03-20,52.2737,53.2588,49.492,52.1518,52.1518,30702381
2020-03-23,51.1589,52.1605,46.5142,47.6114,47.6114,27062332
2020-03-24,53.9875,59.4037,52.9682,58.438,58.438,33251367
2020-03-25,59.9673,64.2278,58.518,60.8286,60.8286,25691327
2020-03-26,61.7318,67.702,59.6162,67.071,67.071,27491587
2020-03-27,63.3314,64.578,60.1527,60.3985,60.3985,23244483
2020-03-30,59.7206,64.0424,58.8516,63.1803,63.1803,21052670
2020-03-31,64.34,65.8947,62.1785,63.6289,63.6289,21083832
2020-04-01,61.0373,63.4797,59.3704,60.2034,60.2034,16355405
2020-04-02,63.0056,69.1085,61.0959,66.8436,66.8436,26443500
2020-04-03,68.494,69.3621,64.1282,65.9551,65.9551,16974188
2020-04-06,67.6153,71.0855,66.3053,70.592,70.592,19740899
2020-04-07,73.9921,75.2464,70.9968,71.0573,71.0573,18670286
2020-04-08,72.2608,75.7809,71.5849,75.5011,75.5011,13989904
2020-04-09,77.9248,78.9519,71.5849,74.0341,74.0341,19414782
2020-04-13,76.5554,76.7115,73.2352,74.5608,74.5608,15777628
2020-04-14,75.0446,76.4666,74.0526,74.2975,74.2975,16851399
2020-04-15,70.6525,73.2167,69.6517,72.4374,72.4374,15922950
2020-04-16,71.4006,72.173,69.2041,70.2428,70.2428,13997950
2020-04-17,71.4173,76.8344,71.4083,76.5456,76.5456,18368837
2020-04-20,72.5847,76.3964,72.0844,73.3854,73.3854,17934814
2020-04-21,70.4955,73.5776,69.5913,71.6903,71.6903,22343788
2020-04-22,74.596,74.8601,72.8598,74.1472,74.1472,11758210
2020-04-23,75.7809,77.959,74.9831,76.2209,76.2209,16201093
2020-04-24,77.6966,77.9668,75.3167,76.4052,76.4052,10450254
2020-04-27,76.1779,79.5751,75.4045,78.7773,78.7773,13707804
2020-04-28,78.6359,79.8745,78.0047,78.9519,78.9519,12122635
2020-04-29,81.2098,83.5448,81.042,83.0884,83.0884,14055925
2020-04-30,82.2973,84.0706,79.54,80.7876,80.7876,13918296
2020-05-01,80.3574,80.8314,76.4316,78.5394,78.5394,15089126
2020-05-04,77.9434,80.453,77.003,80.296,80.296,12745808
2020-05-05,82.9831,83.6843,81.3845,81.5677,81.5677,15497525
2020-05-06,81.5346,82.0691,78.828,79.0747,79.0747,12692887
2020-05-07,81.6468,82.5968,80.7085,81.3493,81.3493,11107221
2020-05-08,83.421,83.9135,82.6056,83.8346,83.8346,9796889
2020-05-11,82.7275,83.0699,81.8224,81.9902,81.9902,8086620
2020-05-12,81.7805,82.5686,79.9087,79.9975,79.9975,9963365
2020-05-13,78.9431,79.031,76.6793,77.8887,77.8887,13910450
2020-05-14,76.6501,79.8472,75.5362,79.0747,79.0747,12160259
2020-05-15,79.6005,80.8402,78.0047,78.2935,78.2935,11516580
2020-05-18,82.3305,83.221,81.4927,82.4641,82.4641,13811842
2020-05-19,82.4456,82.5372,79.7731,79.8521,79.8521,8697133
2020-05-20,81.0821,83.2835,80.3515,82.865,82.865,10280465
2020-05-21,82.6592,83.1937,81.3328,82.0086,82.0086,9911057
2020-05-22,81.4839,81.6175,79.7156,80.4403,80.4403,9610524
2020-05-26,82.4115,84.0569,81.9989,83.1313,83.1313,10583430
2020-05-27,84.3612,84.3701,82.071,83.6658,83.6658,8779445
2020-05-28,83.4073,83.6658,80.8948,80.966,80.966,10818491
2020-05-29,80.3613,81.8761,79.5313,81.7064,81.7064,19098319
2020-06-01,81.0303,83.621,80.29,82.6778,82.6778,8244877
2020-06-02,83.5585,84.843,83.1186,84.3701,84.3701,8844142
2020-06-03,85.5102,87.0796,85.3142,86.5889,86.5889,9472586
2020-06-04,86.2329,86.3305,84.7894,85.7882,85.7882,7151094
2020-06-05,88.2822,90.9273,88.2549,89.8223,89.8223,14320918
2020-06-08,91.4404,92.3026,89.8759,91.9818,91.9818,12447310
2020-06-09,89.7247,91.7164,88.9503,90.468,90.468,12059697
2020-06-10,89.9871,90.4397,86.9274,86.9459,86.9459,11768910
2020-06-11,82.2408,83.9252,79.4064,79.6307,79.6307,16772818
2020-06-12,83.4151,83.4433,80.2003,82.3207,82.3207,10698392
2020-06-15,79.381,82.0447,78.5958,81.2869,81.2869,13794921
2020-06-16,84.6383,85.164,81.519,83.7828,83.7828,9802955
2020-06-17,83.6044,83.7545,81.5278,81.563,81.563,6756203
2020-06-18,81.0821,83.0689,80.2813,81.9199,81.9199,7928212
2020-06-19,84.1203,84.1203,80.6821,80.7524,80.7524,16651323
2020-06-22,80.4764,81.6975,79.8258,81.6087,81.6087,6665617
2020-06-23,82.4173,82.944,81.2381,81.4742,81.4742,7090479
2020-06-24,80.1827,80.3077,77.3932,78.0877,78.0877,10072204
2020-06-25,77.7951,79.7546,77.6605,79.4873,79.4873,8302892
2020-06-26,79.104,79.148,76.7875,77.0372,77.0372,15449837
2020-06-29,77.4381,78.9187,77.1611,78.1149,78.1149,7881108
2020-06-30,77.1611,80.1827,76.9495,79.5049,79.5049,9274400
2020-07-01,79.5497,80.8763,78.0077,78.0711,78.0711,7159713
2020-07-02,79.6307,80.5105,78.551,78.6855,78.6855,6546245
2020-07-06,79.7458,80.414,78.2446,78.9177,78.9177,7572866
2020-07-07,78.2496,78.4798,76.7602,76.9016,76.9016,6619480
2020-07-08,76.9729,78.231,76.5291,76.9406,76.9406,7559487
2020-07-09,76.6003,76.9115,73.6781,73.722,73.722,9914047
2020-07-10,73.5094,76.1106,73.5094,75.9428,75.9428,6978727
2020-07-13,76.6627,77.4566,75.5683,76.0931,76.0931,7939324
2020-07-14,76.0833,78.944,75.7712,78.7217,78.7217,8350643
2020-07-15,80.3515,80.3613,78.5958,79.2015,79.2015,6661186
2020-07-16,78.8007,79.7273,77.8293,78.7305,78.7305,5382283
2020-07-17,78.7753,79.3976,77.4381,77.6877,77.6877,6693905
2020-07-20,77.3669,77.9551,75.5585,75.976,75.976,16806517
2020-07-21,77.045,81.7268,76.9495,81.4283,81.4283,16968659
2020-07-22,80.1466,81.3044,79.2113,81.1181,81.1181,11579508
2020-07-23,80.6372,81.4216,80.2101,81.0918,81.0918,7391962
2020-07-24,81.5093,82.6329,80.174,80.3077,80.3077,7430261
2020-07-27,79.9769,81.162,79.1225,81.1181,81.1181,8529591
2020-07-28,80.6099,81.2332,79.0953,79.3976,79.3976,7617549
2020-07-29,79.7273,80.2618,78.9245,80.253,80.253,7168075
2020-07-30,78.7938,78.8505,76.3603,76.8694,76.8694,11349747
2020-07-31,74.1785,74.9343,72.6266,74.791,74.791,21459436
2020-08-03,74.828,75.861,74.6661,75.5683,75.5683,12594476
2020-08-04,75.2718,77.2684,75.0963,77.0636,77.0636,10188303
2020-08-05,78.5334,78.7938,76.9876,77.6966,77.6966,8251995
2020-08-06,77.0109,78.3199,76.7154,77.9385,77.9385,7896157
2020-08-07,77.4118,77.6166,76.3954,77.3395,77.3395,8064279
2020-08-10,78.3559,79.9769,78.0525,79.9506,79.9506,9147139
2020-08-11,81.9286,82.8738,79.4522,79.8521,79.8521,10184244
2020-08-12,80.9036,81.6702,79.7019,80.8333,80.8333,10165918
2020-08-13,80.0755,81.3328,79.9799,80.0316,80.0316,8209349
2020-08-14,79.3001,80.7173,79.1664,80.5027,80.5027,7118892
2020-08-17,80.5027,81.599,79.9408,80.8763,80.8763,11754937
2020-08-18,80.4159,80.7777,78.9255,79.2045,79.2045,8830491
2020-08-19,78.907,79.4493,77.9121,78.0838,78.0838,10090352
2020-08-20,77.2079,78.5364,76.5837,76.6558,76.6558,8709666
2020-08-21,76.53,76.9085,75.4815,76.8988,76.8988,9961319
2020-08-24,77.3708,78.9431,76.728,78.8163,78.8163,9668210
2020-08-25,79.5488,79.5751,77.5151,77.8497,77.8497,7562919
2020-08-26,77.4692,77.5873,76.5203,76.6285,76.6285,8282806
2020-08-27,76.9709,77.3971,75.897,76.7476,76.7476,8229327
2020-08-28,76.8743,77.4879,76.2131,77.3971,77.3971,8085255
2020-08-31,77.5776,77.641,75.8063,75.861,75.861,10441366
2020-09-01,75.2562,75.5889,74.5227,75.0933,75.0933,9954247
2020-09-02,75.0749,75.8882,74.7491,75.1928,75.1928,11973472
2020-09-03,75.065,76.3671,73.8546,74.3686,74.3686,17900911
2020-09-04,74.5325,75.5936,73.1222,74.0536,74.0536,11635223
2020-09-08,72.7613,72.8334,70.5364,71.3772,71.3772,16531927
2020-09-09,72.2814,73.2753,72.0199,72.336,72.336,10255825
2020-09-10,72.8773,73.1133,70.5461,70.6379,70.6379,13105887
2020-09-11,70.7179,71.1236,69.6547,70.2204,70.2204,15193092
2020-09-14,70.0312,70.4828,69.525,69.8595,69.8595,9053226
2020-09-15,70.1033,70.9354,68.6578,69.01,69.01,12979909
2020-09-16,69.01,71.8385,68.6578,71.0085,71.0085,14406821
2020-09-17,70.077,71.2699,69.0284,71.2142,71.2142,11633595
2020-09-18,70.3921,71.54,70.0477,70.6915,70.6915,16062011
2020-09-21,68.9095,69.2821,67.4991,68.9651,68.9651,17922186
2020-09-22,68.8286,70.077,68.1059,68.2677,68.2677,10128755
2020-09-23,68.3243,68.6111,64.9417,65.0324,65.0324,18420113
2020-09-24,64.4004,66.0088,63.7235,64.8969,64.8969,16820603
2020-09-25,64.1829,65.5113,63.9654,64.9242,64.9242,12248060
2020-09-28,66.5608,67.5723,66.1161,66.8222,66.8222,14232135
2020-09-29,66.8857,67.0134,64.2726,64.9865,64.9865,11684699
2020-09-30,65.3035,65.882,64.7242,65.0773,65.0773,11579739
2020-10-01,64.6355,64.97,63.2983,63.6503,63.6503,16518810
2020-10-02,62.2936,64.7808,62.2028,64.3458,64.3458,10903030
2020-10-05,64.6452,65.7367,63.9127,65.7113,65.7113,13331512
2020-10-06,66.7413,67.1753,65.2987,65.3504,65.3504,16921308
2020-10-07,65.2314,66.8135,64.6804,66.6866,66.6866,17049461
2020-10-08,67.2377,68.2853,66.8768,67.9878,67.9878,12823754
2020-10-09,68.5672,68.775,66.8671,66.8857,66.8857,13565020
2020-10-12,66.5521,67.744,66.1629,67.3469,67.3469,10020238
2020-10-13,67.5547,67.5547,65.7835,66.3443,66.3443,11550761
2020-10-14,66.234,67.2758,65.9005,65.9357,65.9357,7808796
2020-10-15,64.9115,66.6331,64.5253,66.4418,66.4418,11122234
2020-10-16,66.4516,66.9129,65.3221,65.882,65.882,10295804
2020-10-19,66.0819,66.2887,64.3458,64.4267,64.4267,9245976
2020-10-20,64.9915,65.3407,64.2102,64.7896,64.7896,8577938
2020-10-21,64.2922,64.7037,63.9303,64.0561,64.0561,10843035
2020-10-22,64.0649,66.4243,63.7859,66.3443,66.3443,10856488
2020-10-23,66.8222,67.2143,64.9212,65.5933,65.5933,9655446
2020-10-26,64.8344,64.9788,63.4875,64.1195,64.1195,10743778
2020-10-27,63.6503,63.8113,62.8086,62.8271,62.8271,15767609
2020-10-28,61.1856,61.5357,59.9489,60.4492,60.4492,17659669
2020-10-29,59.7723,62.4926,58.8954,62.1854,62.1854,13599644
2020-10-30,63.1793,63.3695,61.5357,62.8174,62.8174,19027811
2020-11-02,63.903,66.0536,62.7286,65.2138,65.2138,12696128
2020-11-03,66.1258,66.2535,64.22,64.8442,64.8442,9523557
2020-11-04,63.9751,66.5151,63.1714,64.8695,64.8695,12087791
2020-11-05,64.9827,65.9551,64.8608,65.2041,65.2041,11758167
2020-11-06,65.5299,66.2263,64.02,64.3096,64.3096,9256884
2020-11-09,72.3087,76.1682,70.7363,71.7664,71.7664,26569608
2020-11-10,73.3397,75.1557,72.0423,75.0836,75.0836,16639394
2020-11-11,76.0151,76.3671,73.9356,74.5325,74.5325,12878759
2020-11-12,73.1953,74.3336,72.2228,72.9144,72.9144,9879231
2020-11-13,73.3474,75.3362,73.2402,75.0465,75.0465,12058102
2020-11-16,77.9492,80.6061,77.3171,80.407,80.407,20999079
2020-11-17,79.2425,80.2793,77.8029,79.8297,79.8297,15623265
2020-11-18,80.1311,80.6188,77.2704,77.2977,77.2977,11539674
2020-11-19,76.6237,78.8387,76.1799,78.629,78.629,9616855
2020-11-20,78.6192,79.1607,77.8487,78.6827,78.6827,9046410
2020-11-23,80.2062,83.9935,79.5722,83.4883,83.4883,14596292
2020-11-24,85.6526,87.8813,85.2966,87.6989,87.6989,18825995
2020-11-25,86.8358,86.8358,84.5066,84.5066,84.5066,11510068
2020-11-27,83.7634,84.9191,83.0396,83.7458,83.7458,5045659
2020-11-30,82.5529,83.3243,79.7019,79.9575,79.9575,15578993
2020-12-01,81.8848,82.2778,79.857,80.2062,80.2062,10811316
2020-12-02,80.0316,83.7458,79.8833,82.4242,82.4242,11458881
2020-12-03,83.0757,83.5625,81.6927,82.3598,82.3598,8994908
2020-12-04,83.6628,85.7082,83.3887,85.5531,85.5531,11765803
2020-12-07,84.214,84.726,82.4339,83.2415,83.2415,10245840
2020-12-08,82.8563,84.8031,82.7187,83.9565,83.9565,8314643
2020-12-09,84.5622,85.3142,81.9667,82.948,82.948,12130601
2020-12-10,83.9663,86.7265,83.2562,85.6165,85.6165,13075265
2020-12-11,84.8607,85.5531,83.4883,84.7914,84.7914,10450159
2020-12-14,85.6624,85.9384,81.8478,82.0312,82.0312,13300192
2020-12-15,82.0125,82.9841,81.4166,81.9667,81.9667,12846765
2020-12-16,81.8097,81.9491,80.5729,81.3425,81.3425,10786496
2020-12-17,82.1227,82.1326,80.2979,81.086,81.086,12810135
2020-12-18,80.6919,81.361,79.1138,79.9662,79.9662,29904976
2020-12-21,77.362,79.6424,76.611,78.9577,78.9577,12462917
2020-12-22,78.3618,78.6924,77.3171,77.3717,77.3717,9365852
2020-12-23,77.959,79.4805,77.959,78.592,78.592,7875531
2020-12-24,78.8105,78.8105,77.7854,78.2623,78.2623,3636935
2020-12-28,78.5187,79.4542,77.6107,77.8683,77.8683,8779205
2020-12-29,78.1969,78.6232,77.087,77.6019,77.6019,8363676
2020-12-30,77.6019,79.4025,77.5366,78.2623,78.2623,8615571
2020-12-31,77.8683,78.1374,77.005,77.4547,77.4547,9104945
2021-01-04,78.0965,78.8289,76.9416,77.6927,77.6927,10069053
2021-01-05,78.4077,81.8282,78.2526,79.7937,79.7937,14626472
2021-01-06,81.6273,83.261,80.5456,82.3598,82.3598,15173775
2021-01-07,82.9021,83.2962,81.9062,82.745,82.745,10125426
2021-01-08,84.4529,84.7728,82.9567,83.5351,83.5351,12159436
2021-01-11,81.7365,84.4705,81.2322,84.012,84.012,11601912
2021-01-12,84.9826,86.1413,84.1134,85.6077,85.6077,11910544
2021-01-13,85.479,85.7726,84.3242,85.5248,85.5248,10601530
2021-01-14,86.1588,88.3368,86.0213,87.5789,87.5789,15210267
2021-01-15,86.4143,86.4963,84.1134,84.4616,84.4616,11169927
2021-01-19,85.7541,87.1576,85.5618,86.6807,86.6807,10439583
2021-01-20,87.1303,87.6453,86.4886,87.4795,87.4795,9524387
2021-01-21,86.0798,86.8172,83.6628,84.3895,84.3895,11334868
2021-01-22,82.9118,84.4051,82.3881,84.1301,84.1301,8516126
2021-01-25,83.1128,83.4854,81.9296,83.3703,83.3703,8383973
2021-01-26,84.5622,85.2136,81.8761,81.957,81.957,8534785
2021-01-27,80.2793,82.866,79.5595,80.8929,80.8929,11097860
2021-01-28,81.3249,82.6816,80.9397,81.6448,81.6448,8892158
2021-01-29,79.6376,80.1057,77.8847,78.1413,78.1413,16027584
2021-02-01,78.867,80.0677,77.5639,79.2522,79.2522,8802821
2021-02-02,80.7182,81.0499,79.3625,79.8482,79.8482,10067025
2021-02-03,79.8394,81.9843,79.6921,81.5902,81.5902,10092531
2021-02-04,82.0945,82.2223,80.6587,81.6273,81.6273,8632797
2021-02-05,82.4885,82.9752,81.2966,81.8662,81.8662,8741428
2021-02-08,82.8103,84.4139,82.5529,83.9018,83.9018,10779573
2021-02-09,83.5536,83.7097,82.3695,83.4239,83.4239,8292437
2021-02-10,83.8092,84.9191,83.0952,84.8557,84.8557,9571784
2021-02-11,84.7193,84.7826,82.6182,84.3973,84.3973,9346697
2021-02-12,83.9476,85.0479,83.7828,84.8831,84.8831,8568088
2021-02-16,86.548,87.301,86.1394,86.623,86.623,15058202
2021-02-17,88.7523,89.9618,87.6179,89.2176,89.2176,15438722
2021-02-18,89.0596,89.0869,87.7116,88.3622,88.3622,9716331
2021-02-19,88.4831,89.6449,88.0354,89.1064,89.1064,9583522
2021-02-22,90.2125,92.6772,89.7199,91.5145,91.5145,14168725
2021-02-23,92.9844,93.1611,90.0359,92.6675,92.6675,15991413
2021-02-24,93.3189,96.764,92.8353,96.0891,96.0891,17326709
2021-02-25,97.5657,97.6242,94.4904,95.1908,95.1908,14212315
2021-02-26,93.2917,93.9998,90.7899,93.0127,93.0127,15540007
2021-03-01,95.296,96.5426,94.3109,94.9224,94.9224,11225887
2021-03-02,94.7723,96.0891,94.6026,95.2766,95.2766,11443105
2021-03-03,96.1856,98.3556,96.1758,96.3592,96.3592,16081948
2021-03-04,97.2146,100.063,95.9163,97.2048,97.2048,24721712
2021-03-05,99.4874,101.507,98.7361,101.39,101.39,25414034
2021-03-08,102.189,102.707,100.511,102.081,102.081,19388432
2021-03-09,101.457,102.96,100.346,101.847,101.847,20438917
2021-03-10,102.501,104.188,102.033,103.584,103.584,18696338
2021-03-11,103.847,104.685,103.145,103.428,103.428,11815056
2021-03-12,103.837,104.822,102.979,103.759,103.759,11751453
2021-03-15,103.73,104.081,101.283,102.55,102.55,11278638
2021-03-16,100.941,101.273,99.6045,100.121,100.121,12577266
2021-03-17,99.7216,100.969,99.1463,100.482,100.482,9857420
2021-03-18,99.536,100.013,96.4655,96.8421,96.8421,14241816
2021-03-19,96.6674,97.556,95.5634,96.1563,96.1563,19880151
2021-03-22,95.8589,97.2048,95.1634,95.3722,95.3722,13448216
2021-03-23,94.3577,97.0156,93.6544,94.8473,94.8473,15892221
2021-03-24,95.7925,98.3654,95.7262,97.3706,97.3706,11855195
2021-03-25,95.6677,97.9169,94.9421,97.7315,97.7315,11974935
2021-03-26,99.0872,100.023,98.0144,99.9657,99.9657,10557903
2021-03-29,98.9604,100.013,98.3069,99.4477,99.4477,8108955
2021-03-30,98.6584,99.3703,98.1997,98.5316,98.5316,6756734
2021-03-31,98.1607,98.804,97.2926,97.4584,97.4584,9627088
2021-04-01,97.9169,98.4627,96.9288,98.3556,98.3556,9155508
2021-04-05,98.3363,98.4343,96.8898,97.2146,97.2146,9345762
2021-04-06,96.9668,97.7412,96.2236,96.3495,96.3495,8735462
2021-04-07,96.2431,97.2731,96.0403,96.9093,96.9093,8277739
2021-04-08,96.2909,96.3875,94.9421,95.8218,95.8218,8905244
2021-04-09,95.9076,96.446,94.9722,95.7349,95.7349,7701930
2021-04-12,96.4363,96.6002,94.4144,94.6679,94.6679,8435310
2021-04-13,94.4612,95.4297,94.2173,95.0952,95.0952,7342996
2021-04-14,95.4775,97.9851,95.4297,96.9864,96.9864,10960695
2021-04-15,96.7356,96.9864,95.7447,96.1954,96.1954,8451079
2021-04-16,96.5426,97.0781,95.2678,95.7632,95.7632,8020125
2021-04-19,96.05,96.5708,95.0678,96.0403,96.0403,7599714
2021-04-20,95.6491,95.7925,93.4877,94.2456,94.2456,10518803
2021-04-21,93.3189,95.7925,93.1424,95.5535,95.5535,8885307
2021-04-22,95.6871,95.6871,93.8212,93.8964,93.8964,10643101
2021-04-23,94.0378,95.0288,93.6798,94.4515,94.4515,7271129
2021-04-26,94.1978,95.497,94.1881,94.4241,94.4241,6063430
2021-04-27,94.6972,95.8979,94.4144,95.5253,95.5253,7417223
2021-04-28,96.3104,98.4627,96.1466,97.8779,97.8779,9373430
2021-04-29,98.9702,100.13,98.3556,99.4378,99.4378,10472022
2021-04-30,97.6438,98.0241,95.7731,95.8686,95.8686,14761474
2021-05-03,96.7064,98.3265,96.0023,98.1412,98.1412,8534489
2021-05-04,98.5601,99.0577,97.517,98.7067,98.7067,9358209
2021-05-05,99.6045,101.887,99.6045,101.35,101.35,7878676
2021-05-06,101.34,101.507,99.9062,101.409,101.409,10380281
2021-05-07,100.54,102.94,100.17,102.325,102.325,11044798
2021-05-10,103.652,105.203,101.867,101.906,101.906,14607246
2021-05-11,101.447,101.916,98.7952,99.2433,99.2433,13712997
2021-05-12,99.5261,102.452,99.2632,99.8685,99.8685,12537991
2021-05-13,98.6683,100.336,98.0631,99.224,99.224,10442642
2021-05-14,100.267,102.15,100.267,101.818,101.818,9809556
2021-05-17,101.467,103.135,101.36,103.067,103.067,13646477
2021-05-18,102.57,102.677,99.7792,99.9657,99.9657,13552565
2021-05-19,97.751,98.1802,96.0023,97.1658,97.1658,15679834
2021-05-20,97.0439,97.9949,96.0023,97.4975,97.4975,10309336
2021-05-21,98.0144,99.0381,97.6145,98.0241,98.0241,10995928
2021-05-24,98.8138,99.6531,97.9266,99.4289,99.4289,7207173
2021-05-25,99.2632,99.4378,97.5462,97.7998,97.7998,8373760
2021-05-26,98.4048,98.7755,97.5951,98.0241,98.0241,9805912
2021-05-27,98.0241,98.7755,96.5708,96.9864,96.9864,12430448
2021-05-28,97.556,98.0241,96.9288,97.7218,97.7218,7730695
2021-06-01,99.1364,101.146,99.1364,100.414,100.414,10898043
2021-06-02,100.931,102.218,99.9935,101.75,101.75,9709739
2021-06-03,101.273,101.76,100.326,101.301,101.301,9356627
2021-06-04,101.906,102.306,100.931,102.111,102.111,7115522
2021-06-07,102.033,102.335,101.283,101.457,101.457,7167885
2021-06-08,101.36,102.608,100.083,102.365,102.365,11215466
2021-06-09,102.677,103.125,101.36,101.477,101.477,10777261
2021-06-10,102.677,103.799,100.969,102.071,102.071,14366465
2021-06-11,102.472,102.599,101.554,101.594,101.594,8212055
2021-06-14,101.847,102.589,100.59,101.653,101.653,9614198
2021-06-15,102.071,104.013,102.053,103.847,103.847,11195051
2021-06-16,103.593,104.042,102.53,103.252,103.252,9860038
2021-06-17,102.852,103.555,99.4477,100.804,100.804,15228500
2021-06-18,99.0872,100.053,96.8898,97.0059,97.0059,23668951
2021-06-21,98.0144,100.209,97.8584,99.8486,99.8486,14435849
2021-06-22,99.1649,100.707,98.1997,100.17,100.17,10865674
2021-06-23,101.076,101.799,100.013,100.053,100.053,8276903
2021-06-24,100.862,101.467,100.14,100.862,100.862,9266569
2021-06-25,101.301,101.73,100.54,101.019,101.019,8605618
2021-06-28,100.697,100.746,97.5951,97.9169,97.9169,12053424
2021-06-29,98.4726,98.8335,97.5462,97.6925,97.6925,7674354
2021-06-30,97.7706,98.746,97.6535,98.6191,98.6191,8419948
2021-07-01,100.697,100.833,99.5549,99.9935,99.9935,11548719
2021-07-02,99.5162,100.17,98.9023,99.8685,99.8685,7550506
2021-07-06,99.7792,99.7792,97.3317,97.9169,97.9169,10794216
2021-07-07,97.8876,98.7656,96.1466,96.9093,96.9093,8757207
2021-07-08,95.5634,97.0683,95.296,96.6002,96.6002,9235745
2021-07-09,97.4,98.1217,96.3787,97.9949,97.9949,9100215
2021-07-12,97.4975,98.8827,97.1951,98.1704,98.1704,10513560
2021-07-13,97.9266,98.4627,97.1853,97.8584,97.8584,7156562
2021-07-14,98.3654,99.1561,95.7731,96.0023,96.0023,9789206
2021-07-15,95.1439,96.2724,94.9528,95.3722,95.3722,10266143
2021-07-16,95.6871,95.7447,92.5777,92.8517,92.8517,12956978
2021-07-19,90.2153,91.2785,88.9912,90.346,90.346,18465603
2021-07-20,90.2806,92.3056,89.4907,90.8845,90.8845,12867187
2021-07-21,92.249,94.5929,91.9856,93.9813,93.9813,12191229
2021-07-22,93.5863,93.596,92.1642,93.0391,93.0391,8172263
2021-07-23,93.0214,93.3219,92.211,93.0771,93.0771,8041092
2021-07-26,93.6428,95.3341,93.6233,95.0484,95.0484,10862846
2021-07-27,94.1978,94.8289,93.1531,94.7255,94.7255,8849714
2021-07-28,94.9995,95.8589,94.4144,95.258,95.258,9077041
2021-07-29,96.3972,96.8605,95.9739,96.5708,96.5708,9220672
2021-07-30,97.0342,97.9754,94.8717,95.8589,95.8589,13059140
2021-08-02,96.1076,97.907,95.6208,95.6871,95.6871,9465454
2021-08-03,95.6491,96.8898,94.782,96.6002,96.6002,8961497
2021-08-04,94.5655,95.9349,94.2456,94.4328,94.4328,11035278
2021-08-05,95.0385,96.446,94.782,95.3058,95.3058,8482207
2021-08-06,96.05,96.5806,95.6589,95.9836,95.9836,6877889
2021-08-09,95.0093,95.4492,94.0846,94.3861,94.3861,9817315
2021-08-10,94.8473,96.3398,94.6972,96.1076,96.1076,10369137
2021-08-11,96.0695,96.9474,95.6589,96.8323,96.8323,7519599
2021-08-12,96.8421,97.2146,95.8305,96.6293,96.6293,7836805
2021-08-13,96.2529,96.5426,95.6968,95.9934,95.9934,6980949
2021-08-16,94.9322,95.2766,94.0662,95.0191,95.0191,10068349
2021-08-17,94.3392,95.7349,93.8028,94.8376,94.8376,11616967
2021-08-18,94.1695,94.8669,92.128,92.2714,92.2714,13512456
2021-08-19,90.468,90.945,88.607,89.9725,89.9725,18259607
2021-08-20,89.2361,90.5305,88.9416,89.9814,89.9814,10173571
2021-08-23,91.6891,92.5582,91.6599,92.2998,92.2998,10771045
2021-08-24,93.0351,94.0973,92.9249,93.359,93.359,9353297
2021-08-25,92.7669,94.1988,92.2909,93.9979,93.9979,9790697
2021-08-26,93.6164,94.2086,92.7483,92.7669,92.7669,8514723
2021-08-27,93.6457,94.905,93.5599,94.1227,94.1227,10774631
2021-08-30,94.5518,94.7596,93.4839,93.8837,93.8837,8517255
2021-08-31,93.6457,93.9032,92.2139,92.3377,92.3377,16429278
2021-09-01,92.4236,92.6245,91.0971,91.3263,91.3263,11063970
2021-09-02,92.2139,93.8788,92.128,93.2351,93.2351,12933583
2021-09-03,92.9396,93.9218,92.9201,93.0254,93.0254,9536162
2021-09-07,92.5757,93.4887,92.3095,92.6148,92.6148,9682611
2021-09-08,93.0351,93.9608,91.9369,91.9759,91.9759,11293068
2021-09-09,91.498,93.1493,90.984,91.6033,91.6033,10709863
2021-09-10,93.1307,93.2254,91.498,91.6696,91.6696,11534196
2021-09-13,92.7582,94.1891,92.6148,93.4839,93.4839,12052857
2021-09-14,93.8749,94.2183,91.5838,91.7945,91.7945,16028164
2021-09-15,92.5485,94.0173,92.5485,93.7414,93.7414,12181325
2021-09-16,93.8175,94.0749,92.4724,92.8625,92.8625,11126590
2021-09-17,92.6625,93.8749,91.9564,92.328,92.328,16777281
2021-09-20,90.306,90.8884,89.0372,90.4387,90.4387,16554285
2021-09-21,91.1927,91.498,89.7237,90.5061,90.5061,11484400
2021-09-22,91.8315,94.2553,91.8315,93.1678,93.1678,13930795
2021-09-23,93.7414,95.6745,93.2731,95.4775,95.4775,10579378
2021-09-24,95.0854,96.3495,95.0854,95.9934,95.9934,8620072
2021-09-27,97.8973,99.0193,97.8973,98.2485,98.2485,13306951
2021-09-28,99.1463,100.083,98.1607,98.629,98.629,16307676
2021-09-29,98.4824,99.4676,97.6535,98.5995,98.5995,10760876
2021-09-30,98.687,98.7165,96.803,96.803,96.803,16059609
2021-10-01,97.5364,99.7603,97.2146,99.5549,99.5549,11375901
2021-10-04,100.19,101.009,99.3406,99.9161,99.9161,13943986
2021-10-05,101.184,102.833,100.599,101.009,101.009,13642090
2021-10-06,99.409,100.521,98.8433,100.121,100.121,11140310
2021-10-07,100.774,101.437,100.394,100.833,100.833,9254702
2021-10-08,101.916,103.467,101.721,103.105,103.105,11094839
2021-10-11,104.539,104.608,102.024,102.228,102.228,10264927
2021-10-12,102.091,102.657,101.31,102.248,102.248,9521062
2021-10-13,101.877,103.378,101.604,102.852,102.852,9663973
2021-10-14,103.896,104.159,103.154,103.827,103.827,8017784
2021-10-15,104.745,104.989,104.422,104.588,104.588,10446506
2021-10-18,105.173,105.359,103.964,104.539,104.539,11189917
2021-10-19,105.116,106.578,104.765,106.578,106.578,10860183
2021-10-20,106.002,107.993,105.7,107.983,107.983,11330268
2021-10-21,107.543,107.641,105.788,106.617,106.617,9822407
2021-10-22,107.085,107.71,106.353,107.631,107.631,9090100
2021-10-25,108.324,109.114,108.12,108.636,108.636,10039558
2021-10-26,108.763,109.348,108.304,108.88,108.88,7821205
2021-10-27,108.041,108.373,106.53,106.939,106.939,9532668
2021-10-28,106.47,108.09,106.47,107.944,107.944,7899956
2021-10-29,109.572,110.012,107.973,109.241,109.241,16028299
2021-11-01,109.768,109.825,108.831,109.28,109.28,11751987
2021-11-02,108.958,108.967,108.031,108.616,108.616,9630796
2021-11-03,107.134,108.09,106.842,107.837,107.837,10915886
2021-11-04,108.987,109.027,107.739,108.304,108.304,10137212
2021-11-05,109.037,109.788,108.715,109.484,109.484,8490943
2021-11-08,109.825,110.675,109.436,109.875,109.875,8065322
2021-11-09,109.992,110.801,109.211,110.685,110.685,11471269
2021-11-10,110.461,110.889,108.451,108.929,108.929,10799706
2021-11-11,108.393,109.417,108.363,108.938,108.938,7668744
2021-11-12,108.588,109.075,108.383,108.997,108.997,9099581
2021-11-15,109.69,111.591,109.037,111.474,111.474,11580790
2021-11-16,111.748,112.673,111.503,111.913,111.913,11073399
2021-11-17,110.879,112.479,110.675,111.406,111.406,11508176
2021-11-18,110.86,111.367,109.465,110.469,110.469,8672976
2021-11-19,108.598,109.211,107.241,108.021,108.021,14025684
2021-11-22,108.129,111.182,107.963,109.952,109.952,10306088
2021-11-23,111.182,112.782,111.055,112.255,112.255,10748820
2021-11-24,112.753,113.893,112.626,113.113,113.113,8807087
2021-11-26,109.407,110.841,108.715,110.528,110.528,12289064
2021-11-29,112.294,113.093,110.724,110.86,110.86,12436249
2021-11-30,109.504,111.835,108.528,108.948,108.948,25331963
2021-12-01,110.958,112.02,108.197,108.207,108.207,12751429
2021-12-02,109.309,111.679,108.041,111.132,111.132,11802765
2021-12-03,112.683,112.927,109.631,110.431,110.431,10821358
2021-12-06,111.933,113.367,111.045,112.157,112.157,10188116
2021-12-07,113.162,114.537,113.162,113.816,113.816,11830998
2021-12-08,114.274,115.113,113.571,114.333,114.333,9145845
2021-12-09,113.756,114.478,113.494,114.03,114.03,8634952
2021-12-10,114.791,115.054,112.81,114.224,114.224,9418176
2021-12-13,113.377,113.756,111.591,111.855,111.855,8840405
2021-12-14,111.718,112.85,111.455,112.177,112.177,12686383
2021-12-15,112.275,112.275,109.992,111.543,111.543,11468292
2021-12-16,112.147,114.079,111.893,112.586,112.586,11753326
2021-12-17,111.893,112.411,109.582,109.651,109.651,23588963
2021-12-20,108.148,109.758,106.88,109.699,109.699,13949440
2021-12-21,110.451,112.03,110.314,111.455,111.455,11777748
2021-12-22,111.406,112.626,110.431,112.089,112.089,8645819
2021-12-23,112.459,113.816,112.352,112.362,112.362,7683779
2021-12-27,112.03,114.694,111.396,114.664,114.664,8025541
2021-12-28,114.537,115.19,113.933,114.44,114.44,6751728
2021-12-29,113.971,114.517,113.21,113.845,113.845,7208010
2021-12-30,114.02,114.567,113.26,113.347,113.347,6232669
2021-12-31,113.299,113.98,113.054,113.269,113.269,5912133
2022-01-03,113.337,115.532,113.21,115.113,115.113,11107860
2022-01-04,115.775,117.736,115.503,117.209,117.209,17004312
2022-01-05,117.99,119.531,117.824,117.97,117.97,16044936
2022-01-06,119.375,119.999,117.415,118.976,118.976,13798268
2022-01-07,119.257,121.179,118.672,120.681,120.681,14674839
2022-01-10,120.799,121.316,119.55,120.76,120.76,13080953
2022-01-11,121.482,123.549,120.487,123.521,123.521,15135220
2022-01-12,123.54,123.959,122.077,122.906,122.906,12918329
2022-01-13,122.72,123.648,122.057,122.388,122.388,10040361
2022-01-14,122.35,124.71,122.35,124.476,124.476,13759421
2022-01-18,125.179,125.48,123.422,124.885,124.885,13373554
2022-01-19,125.432,125.627,124.066,124.427,124.427,12498858
2022-01-20,123.812,126.309,123.432,123.989,123.989,11779992
2022-01-21,123.315,123.939,121.842,122.495,122.495,13526002
2022-01-24,120.126,123.286,118.565,122.759,122.759,20235790
2022-01-25,122.701,128.124,120.916,127.977,127.977,20704397
2022-01-26,128.28,130.025,127.012,128.075,128.075,17888482
2022-01-27,129.772,132.24,128.943,130.66,130.66,21398130
2022-01-28,125.48,127.471,123.618,126.066,126.066,25711810
2022-01-31,125.666,127.275,124.837,126.768,126.768,16992602
2022-02-01,126.281,131.02,125.978,130.105,130.105,16752190
2022-02-02,129.675,131.079,128.182,130.699,130.699,11299596
2022-02-03,130.162,130.64,128.563,129.538,129.538,9788013
2022-02-04,130.319,132.24,130.319,131.157,131.157,13504268
2022-02-07,130.631,134.581,130.142,133.732,133.732,19086163
2022-02-08,133.371,133.615,130.319,131.693,131.693,11418594
2022-02-09,131.957,133.527,131.372,133,133,10506072
2022-02-10,132.776,133.966,130.679,131.313,131.313,11409418
2022-02-11,132.103,134.591,131.538,133.986,133.986,13283071
2022-02-14,133.147,133.254,130.357,131.918,131.918,16519328
2022-02-15,129.801,131.519,128.924,130.953,130.953,12048826
2022-02-16,131.621,132.806,130.465,130.992,130.992,11635485
2022-02-17,130.865,131.268,129.187,130.319,130.319,10328381
2022-02-18,129.548,130.61,128.798,130.132,130.132,10961868
2022-02-22,133.624,133.624,127.304,129.139,129.139,19919468
2022-02-23,129.655,132.728,129.294,132.21,132.21,16541749
2022-02-24,134.532,134.824,128.476,131.529,131.529,22667325
2022-02-25,132.611,137.039,132.093,136.922,136.922,28735950
2022-02-28,135.839,140.453,135.235,140.453,140.453,25010432
2022-03-01,141.438,146.266,141.135,146.031,146.031,31946914
2022-03-02,146.5,151.913,146.354,150.342,150.342,32120846
2022-03-03,148.509,153.25,148.012,152.371,152.371,23061004
2022-03-04,151.981,156.009,151.27,154.741,154.741,29787261
2022-03-07,155.97,158.106,151.883,158.048,158.048,35704259
2022-03-08,160.262,169.713,160.057,166.329,166.329,58676546
2022-03-09,158.76,165.588,157.241,162.174,162.174,44526932
2022-03-10,164.583,170.454,164.144,166.611,166.611,35795447
2022-03-11,161.802,168.719,161.794,166.691,166.691,29141466
2022-03-14,162.116,164.202,160.253,162.613,162.613,25791578
2022-03-15,155.194,156.242,151.435,154.381,154.381,29255108
2022-03-16,154.878,156.546,152.361,153.824,153.824,22862980
2022-03-17,156.009,157.023,154.03,156.487,156.487,16148490
2022-03-18,156.926,157.746,154.868,157.746,157.746,23801078
2022-03-21,159.004,161.501,158.711,160.585,160.585,13513467
2022-03-22,159.657,161.189,158.575,160.048,160.048,11343361
2022-03-23,161.911,163.223,160.877,161.775,161.775,11026644
2022-03-24,162.33,163.276,160.935,162.203,162.203,9252766
2022-03-25,161.149,165.51,161.091,165.14,165.14,10517384
2022-03-28,161.812,162.525,161.062,162.252,162.252,10244374
2022-03-29,159.482,160.428,156.546,160.271,160.271,15484041
2022-03-30,161.169,162.252,159.628,161.403,161.403,10156199
2022-03-31,159.443,162.066,158.711,158.818,158.818,10658494
2022-04-01,158.77,161.862,158.33,160.174,160.174,9017402
2022-04-04,160.935,161.374,158.984,160.321,160.321,8944177
2022-04-05,160.964,163.591,159.081,159.335,159.335,9779132
2022-04-06,160.769,162.895,160.281,160.75,160.75,9503101
2022-04-07,161.032,163.569,159.394,162.984,162.984,8220910
2022-04-08,162.935,166.88,162.905,165.743,165.743,11073994
2022-04-11,164.418,164.623,160.848,161.481,161.481,10463853
2022-04-12,164.807,168.426,164.007,164.847,164.847,9769036
2022-04-13,166.718,167.841,164.144,167.441,167.441,7515846
2022-04-14,166.485,168.679,166.358,167.363,167.363,9659005
2022-04-18,168.738,170.24,167.636,169.606,169.606,7831989
2022-04-19,168.816,169.407,166.817,167.597,167.597,7146244
2022-04-20,167.392,169.304,167.239,168.279,168.279,7684255
2022-04-21,167.509,168.192,159.794,160.525,160.525,14963422
2022-04-22,160.331,161.394,156.896,156.986,156.986,12467250
2022-04-25,151.893,154.459,147.631,153.61,153.61,15840071
2022-04-26,154.908,156.419,152.537,152.674,152.674,10058387
2022-04-27,153.21,154.03,150.713,152.391,152.391,10659234
2022-04-28,153.571,158.984,151.113,157.804,157.804,9603018
2022-04-29,157.307,158.438,152.44,152.811,152.811,15084839
2022-05-02,152.46,156.058,151.327,155.815,155.815,11850989
2022-05-03,155.639,159.403,155.337,158.487,158.487,9050168
2022-05-04,160.906,163.754,159.443,163.462,163.462,9415195
2022-05-05,165.09,165.324,158.643,162.164,162.164,10055335
2022-05-06,164.124,166.758,161.345,166.485,166.485,10681205
2022-05-09,163.617,163.617,154.571,155.327,155.327,14467071
2022-05-10,158.213,160.145,153.981,156.819,156.819,11929886
2022-05-11,159.55,163.335,158.507,159.141,159.141,9335493
2022-05-12,159.199,160.789,154.946,160.652,160.652,9162160
2022-05-13,162.398,164.632,160.818,163.734,163.734,9463028
2022-05-16,165.294,170.659,164.695,168.748,168.748,13632119
2022-05-17,170.533,171.323,168.358,169.743,169.743,13151559
2022-05-18,171.227,171.237,163.036,165.269,165.269,13328896
2022-05-19,161.896,166.818,160.125,164.089,164.089,11143778
2022-05-20,166.074,168.199,161.364,165.032,165.032,9777431
2022-05-23,166.615,170.087,166.301,168.868,168.868,10388943
2022-05-24,167.855,170.697,166.989,169.772,169.772,9947996
2022-05-25,170.264,173.066,170.097,172.497,172.497,10346360
2022-05-26,173.558,174.974,172.103,173.657,173.657,11403322
2022-05-27,173.588,175.387,172.772,175.319,175.319,10689860
2022-05-31,176.971,177.954,170.588,171.758,171.758,20894657
2022-06-01,173.795,175.171,172.034,173.391,173.391,8973140
2022-06-02,171.838,173.578,171.208,173.076,173.076,7567651
2022-06-03,173.076,175.289,173.076,174.65,174.65,8577765
2022-06-06,174.945,175.043,172.595,173.893,173.893,6847977
2022-06-07,174.522,177.659,173.981,177.206,177.206,9831594
2022-06-08,177.945,179.37,177.256,178.121,178.121,8862437
2022-06-09,177.04,177.639,174.444,174.572,174.572,9932324
2022-06-10,173.44,175.604,170.765,172.487,172.487,9692900
2022-06-13,168.76,169.143,161.335,164.55,164.55,14861784
2022-06-14,166.557,169.428,163.085,164.766,164.766,10442783
2022-06-15,164.009,165.062,159.25,161.531,161.531,11760619
2022-06-16,157.283,157.873,151.196,152.897,152.897,18432130
2022-06-17,152.307,152.887,143.368,145.915,145.915,36176006
2022-06-21,149.524,153.428,148.924,152.022,152.022,14004595
2022-06-22,145.611,148.295,143.899,145.414,145.414,13978475
2022-06-23,146.318,146.751,137.822,140.064,140.064,15979085
2022-06-24,142.788,144.647,140.231,142.365,142.365,11295924
2022-06-27,143.437,146.348,143.181,145.118,145.118,9398517
2022-06-28,148.373,149.657,145.649,147.449,147.449,9343363
2022-06-29,149.112,149.583,143.664,144.539,144.539,9236337
2022-06-30,142.148,145.463,141.028,142.375,142.375,10865478
2022-07-01,144.165,144.519,140.103,144.077,144.077,7814457
2022-07-05,141.264,142.138,137.095,140.29,140.29,11712910
2022-07-06,139.306,140.88,134.527,138.441,138.441,12631001
2022-07-07,141.706,142.887,140.704,141.136,141.136,12957023
2022-07-08,142.473,143.034,138.747,140.398,140.398,8049222
2022-07-11,139.552,140.472,137.606,139.16,139.16,7177311
2022-07-12,136.199,137.301,134.98,136.612,136.612,8800086
2022-07-13,135.324,138.388,134.862,135.697,135.697,9573653
2022-07-14,132.079,133.898,130.339,133.682,133.682,10321656
2022-07-15,136.652,136.652,134.164,135.364,135.364,7171061
2022-07-18,138.225,139.779,136.77,137.261,137.261,8078089
2022-07-19,137.369,142.601,137.104,142.208,142.208,9306729
2022-07-20,142.1,144.814,140.939,144.086,144.086,7989301
2022-07-21,140.742,143.053,139.15,142.985,142.985,6837819
2022-07-22,143.142,143.87,141.038,141.795,141.795,5988965
2022-07-25,143.28,146.142,141.785,146.014,146.014,6315773
2022-07-26,147.017,148.177,144.096,144.872,144.872,6216104
2022-07-27,145.876,147.705,144.223,146.781,146.781,6328149
2022-07-28,148.187,148.954,145.571,147.892,147.892,6685309
2022-07-29,153.944,161.924,153.31,161.059,161.059,17433263
2022-08-01,158.503,159.172,156.506,157.844,157.844,8153207
2022-08-02,158.217,158.788,155.671,156.496,156.496,6028462
2022-08-03,156.664,157.303,151.786,152.779,152.779,8899188
2022-08-04,152.739,152.858,148.221,148.629,148.629,10819775
2022-08-05,146.702,152.435,146.544,151.088,151.088,7291268
2022-08-08,151.039,152.405,150.608,150.862,150.862,6072621
2022-08-09,153.35,155.179,152.032,152.829,152.829,5940843
2022-08-10,153.408,153.871,150.39,153.232,153.232,6249608
2022-08-11,155.483,158.483,155.002,156.969,156.969,8021808
2022-08-12,155.621,157.254,154.53,157.195,157.195,7367114
2022-08-15,152.603,155.169,150.891,154.205,154.205,9126851
2022-08-16,154.796,155.297,153.232,153.812,153.812,7340333
2022-08-17,154.029,156.694,152.927,155.08,155.08,6854922
2022-08-18,155.944,158.434,155.884,157.799,157.799,6527632
2022-08-19,157.244,158.514,156.41,156.48,156.48,6887016
2022-08-22,155.696,156.529,153.235,155.696,155.696,9217712
2022-08-23,157.879,161.094,157.492,160.747,160.747,10434905
2022-08-24,160.419,162.096,159.437,161.937,161.937,9541326
2022-08-25,162.662,163.634,161.362,163.356,163.356,8112988
2022-08-26,162.92,164.855,161.213,162.156,162.156,7825861
2022-08-29,162.632,165.549,162.384,163.366,163.366,8528016
2022-08-30,161.074,161.312,157.541,159.387,159.387,8882508
2022-08-31,156.4,160.171,154.951,156.847,156.847,13687788
2022-09-01,155.279,155.676,152.051,154.346,154.346,8308148
2022-09-02,157.025,157.904,155.517,156.638,156.638,7584854
2022-09-06,158.663,158.762,154.515,155.914,155.914,8616153
2022-09-07,152.877,154.624,151.448,153.919,153.919,9515124
2022-09-08,154.396,155.18,152.203,154.753,154.753,9303930
2022-09-09,157.194,159.417,156.321,158.742,158.742,8326237
2022-09-12,161.56,163.267,160.012,161.253,161.253,8989780
2022-09-13,160.171,161.411,157.521,158.186,158.186,10387992
2022-09-14,159.705,162.314,159.114,162.017,162.017,11247118
2022-09-15,159.447,160.454,158.355,159.387,159.387,9739716
2022-09-16,159.288,159.903,154.416,155.249,155.249,44079952
2022-09-19,151.756,155.745,151.627,155.696,155.696,6866544
2022-09-20,154.842,155.646,153.159,155.08,155.08,9024467
2022-09-21,157.095,157.561,153.761,153.82,153.82,6930174
2022-09-22,156.39,157.065,153.552,153.701,153.701,7035137
2022-09-23,148.601,149.027,142.557,143.659,143.659,14027335
2022-09-26,142.453,143.937,139.809,139.878,139.878,9517015
2022-09-27,141.198,142.666,139.382,139.938,139.938,10199316
2022-09-28,140.989,145.316,140.315,144.661,144.661,8343839
2022-09-29,143.396,144.295,141.178,143.659,143.659,8260970
2022-09-30,142.924,144.021,141.396,142.567,142.567,9475470
2022-10-03,147.826,151.171,147.162,150.565,150.565,9671675
2022-10-04,153.245,156.663,152.451,156.42,156.42,9593835
2022-10-05,154.644,158.504,153.612,157.313,157.313,10715312
2022-10-06,156.132,160.697,155.993,160.181,160.181,9571759
2022-10-07,161.263,162.672,157.839,158.802,158.802,10049670
2022-10-10,159.764,160.231,155.239,155.934,155.934,5950132
2022-10-11,153.562,158.702,152.927,155.964,155.964,7591801
2022-10-12,154.941,157.587,154.326,156.43,156.43,4980269
2022-10-13,155.15,164.716,155.15,164.011,164.011,10306643
2022-10-14,162.781,164.19,158.702,158.911,158.911,7387599
2022-10-17,162.037,163.644,159.863,160.072,160.072,5935920
2022-10-18,161.114,162.056,157.74,161.471,161.471,5674774
2022-10-19,162.334,167.911,162.334,166.71,166.71,9842333
2022-10-20,168,170.501,166.651,167.663,167.663,8940170
2022-10-21,167.852,172.506,167.554,171.861,171.861,8032924
2022-10-24,170.759,173.329,170.293,171.801,171.801,7061926
2022-10-25,171.543,173.657,170.845,173.587,173.587,7336935
2022-10-26,174.073,177.11,173.825,175.731,175.731,6920521
2022-10-27,178.509,180.008,176.118,176.534,176.534,9248437
2022-10-28,180.077,181.456,175.175,178.598,178.598,10857254
2022-10-31,176.693,182.429,176.693,179.511,179.511,13383766
2022-11-01,182.459,183.084,180.504,180.821,180.821,9256671
2022-11-02,179.541,181.496,176.902,177.13,177.13,8157716
2022-11-03,176.604,180.791,176.048,179.74,179.74,6658875
2022-11-04,183.421,183.977,179.214,182.012,182.012,7549812
2022-11-07,181.099,184.949,180.712,184.185,184.185,7636609
2022-11-08,183.897,184.82,182.45,183.917,183.917,6357039
2022-11-09,182.201,182.399,175.86,176.564,176.564,8083776
2022-11-10,180.831,180.93,176.673,179.908,179.908,7035538
2022-11-11,182.637,185.664,182.478,185.029,185.029,8493523
2022-11-14,184.88,188.224,184.751,185.118,185.118,9797570
2022-11-15,185.684,186.989,183.848,186.607,186.607,7807248
2022-11-16,185.103,186.374,182.265,183.57,183.57,8002503
2022-11-17,181.51,184.23,180.27,184.09,184.09,6553224
2022-11-18,180.96,183.41,179.65,182.99,182.99,7661469
2022-11-21,179.73,181.7,175.82,181.24,181.24,8432869
2022-11-22,183.75,186.56,183.08,185.89,185.89,9017994
2022-11-23,183.21,185.15,182.58,184.24,184.24,5831218
2022-11-25,184.89,185.3,183.31,183.7,183.7,2796407
2022-11-28,180.28,181.47,177.96,178.36,178.36,9367156
2022-11-29,180.26,181.85,179.65,181.03,181.03,6985359
2022-11-30,182.85,183.34,179.62,183.31,183.31,10936711
2022-12-01,184.26,184.55,181.44,182.49,182.49,5217378
2022-12-02,181.53,183.63,179.925,181.03,181.03,6852304
2022-12-05,182.67,182.95,174.63,176.56,176.56,8162195
2022-12-06,175.51,178.06,171.1204,172.01,172.01,8764989
2022-12-07,171.06,174.5834,170.85,172.52,172.52,6936345
2022-12-08,176.25,176.4,172.03,173.54,173.54,8076601
2022-12-09,172.3,173.19,167.93,168,168,10754284
2022-12-12,168.93,170.52,167.71,169.75,169.75,9364900
2022-12-13,173.57,174.455,172.48,173.53,173.53,7838780
2022-12-14,174.49,174.92,171.265,172.33,172.33,7045514
2022-12-15,170.6,171.3724,168.055,171.04,171.04,7273274
2022-12-16,168.53,170.15,167.1,168.72,168.72,23876042
2022-12-19,170.11,170.82,168.25,169.88,169.88,7131563
2022-12-20,169.81,173.29,169.6,172.67,172.67,6199128
2022-12-21,175.19,175.96,173.16,174.7,174.7,5479426
2022-12-22,175.16,175.21,168.3305,172.08,172.08,5756793
2022-12-23,174.1,177.58,173.69,177.4,177.4,6079120
2022-12-27,178.36,180.23,177.4,179.63,179.63,5167962
2022-12-28,178.86,179.2981,175.93,176.98,176.98,4494350
2022-12-29,176.65,179.2,176.65,178.32,178.32,4142090
2022-12-30,178.03,179.95,177.7,179.49,179.49,5005094
2023-01-03,178.04,179,171.51,173.99,173.99,7565431
2023-01-04,170.95,174.29,170.85,172.14,172.14,7684494
2023-01-05,171.5,176.19,171.24,175.24,175.24,6088214
2023-01-06,177.02,179.39,175.7,176.56,176.56,7191222
2023-01-09,178.26,178.3299,174.3806,175.18,175.18,8385636
2023-01-10,176.4,176.71,173.72,176.04,176.04,8307049
2023-01-11,177.89,178.14,174.3,175.2,175.2,6962580
2023-01-12,175.99,178.37,175.9,177.08,177.08,6891351
2023-01-13,177.09,177.99,175.68,177.56,177.56,5726331
2023-01-17,178.44,181.32,178.18,180.49,180.49,10697748
2023-01-18,180.82,182.38,176.94,177.23,177.23,8899185
2023-01-19,176.61,179.95,176.16,179,179,5907163
2023-01-20,178.81,181.36,177.52,180.9,180.9,10477905
2023-01-23,181.21,182.5455,180.03,180.66,180.66,8381315
2023-01-24,181.09,182,178.7,180.83,180.83,5988995
2023-01-25,179.29,180.03,176.35,179.08,179.08,6727512
2023-01-26,184.99,187.81,183.48,187.79,187.79,14307824
2023-01-27,184.23,184.23,177.915,179.45,179.45,19654686
2023-01-30,178,178.34,173.67,174.2,174.2,11476042
2023-01-31,172.75,174.63,171.42,174.02,174.02,14481276
2023-02-01,173.31,173.66,169.54,171.36,171.36,11526400
2023-02-02,171.13,171.43,166.82,169.01,169.01,10463350
2023-02-03,169.86,171.5477,168.49,169.45,169.45,8404871
2023-02-06,169.56,170.12,167.37,169.64,169.64,7659492
2023-02-07,170.065,174.39,169.61,174.09,174.09,10256500
2023-02-08,172.48,174.0686,169.465,170,170,9784725
2023-02-09,170.23,170.66,168,168.44,168.44,10123359
2023-02-10,170.8,172.73,170.78,171.97,171.97,11602394
2023-02-13,171.32,171.9,169.77,171.01,171.01,9442889
2023-02-14,170.48,173.51,169.98,172.32,172.32,8077335
2023-02-15,169.4,169.5238,167.5,169.01,169.01,8888908
2023-02-16,168.19,168.66,166.4,166.57,166.57,6727542
2023-02-17,164.73,164.84,161.85,162.85,162.85,9612107
2023-02-21,162.18,163.7497,160.7,161,161,7259738
2023-02-22,160.28,161.66,158.91,160.35,160.35,6205935
2023-02-23,162.25,162.84,160.56,161.93,161.93,6445523
2023-02-24,160.77,162.6,159.15,162.41,162.41,5330180
2023-02-27,163.01,163.37,161.92,162.82,162.82,6386760
2023-02-28,164.32,164.32,160.28,160.77,160.77,10854226
2023-03-01,160.92,163.59,160.59,162.05,162.05,7470391
2023-03-02,161.98,163.49,161.5901,162.56,162.56,5582097
2023-03-03,160.87,165.58,160.42,164.96,164.96,6007546
2023-03-06,164.34,166.8,163.81,166.17,166.17,7703600
2023-03-07,165.7,166.6,163.58,164.03,164.03,7392967
2023-03-08,163.23,165.29,161.38,162.99,162.99,5435819
2023-03-09,163.79,165.49,160.19,160.51,160.51,6214745
2023-03-10,160.94,164.67,158.67,159.67,159.67,7385803
2023-03-13,156.44,160.95,153.8,158.71,158.71,10106133
2023-03-14,158.26,164.02,157.88,160.76,160.76,10035193
2023-03-15,155.59,157.95,152.01,153.8,153.8,14063141
2023-03-16,150.16,155.465,149.91,154.29,154.29,12852173
2023-03-17,153.62,155.38,150.6,152.34,152.34,33161774
2023-03-20,151.74,155.78,151.29,154.58,154.58,8461413
2023-03-21,157.16,159.57,156.47,159.31,159.31,9753541
2023-03-22,159.87,160.06,155.93,156.07,156.07,6314994
2023-03-23,157.02,158.755,153.14,154.52,154.52,7859437
2023-03-24,152.1,156.65,151.83,156.06,156.06,6601923
2023-03-27,157.4,158.48,155.69,157.65,157.65,7006768
2023-03-28,157.28,160.19,156.68,159.49,159.49,5605382
2023-03-29,160.62,161.32,159.3348,160.86,160.86,7569727
2023-03-30,162.25,163.01,161.58,162.39,162.39,6322353
2023-03-31,162.7,163.72,162.15,163.16,163.16,7041436
2023-04-03,169.8,171.1,168.92,169.95,169.95,12868174
2023-04-04,171.14,171.14,167.72,169.04,169.04,7521448
2023-04-05,169.26,170.44,167.74,169.88,169.88,6478114
2023-04-06,169.345,169.41,167.13,167.65,167.65,5803168
2023-04-10,168.49,169.675,167.31,168.29,168.29,5923503
2023-04-11,169.065,170.34,168.07,169.22,169.22,5469592
2023-04-12,170.45,171.12,169.47,169.82,169.82,6157875
2023-04-13,170.25,172.47,169.82,172.09,172.09,6856568
2023-04-14,172.5,172.88,171.22,172.44,172.44,4930721
2023-04-17,172.39,172.54,170.22,170.92,170.92,7005985
2023-04-18,170.82,172.39,170.125,170.52,170.52,8045627
2023-04-19,169.46,170.74,169.095,170.68,170.68,5506770
2023-04-20,168.76,170.06,168.02,169.85,169.85,5851104
2023-04-21,169.83,170.59,168.84,169.12,169.12,7179013
2023-04-24,169.1,172.38,168.58,171.48,171.48,7177576
2023-04-25,170.32,170.4,168.43,168.99,168.99,5807244
2023-04-26,168.21,168.95,165.23,165.98,165.98,5927431
2023-04-27,166.43,167.3866,165.07,166.95,166.95,6417225
2023-04-28,164.5,168.94,164.05,168.58,168.58,10036290
2023-05-01,167.71,168.73,166.36,167.24,167.24,6099800
2023-05-02,165.32,165.38,158.45,160.04,160.04,10701666
2023-05-03,158.15,159.57,156.74,156.83,156.83,7538057
2023-05-04,157.11,158.1999,155.42,156.22,156.22,7500368
2023-05-05,159.3,161.12,158.78,160.21,160.21,5801986
2023-05-08,161.57,162.3,159.52,159.58,159.58,5028202
2023-05-09,158.11,160.415,157.9125,159.12,159.12,5019809
2023-05-10,160.44,160.44,155.881,157.09,157.09,6161227
2023-05-11,155.38,156.32,153.89,156.22,156.22,6666132
2023-05-12,157,157.93,155.56,156.62,156.62,4898904
2023-05-15,157.23,158.1629,156.23,157.2,157.2,5096748
2023-05-16,156.48,157.02,153.3289,153.51,153.51,7009079
2023-05-17,154.785,156.42,153.96,155.71,155.71,6169555
2023-05-18,152.87,154.24,151.53,154.01,154.01,7477698
2023-05-19,154.89,156.44,153.985,155.23,155.23,8100946
2023-05-22,153.79,154.83,152.09,152.44,152.44,11660950
2023-05-23,154.14,157.6795,153.84,156.85,156.85,10436207
2023-05-24,157.95,158.57,156.29,157.27,157.27,7063999
2023-05-25,154.68,155.625,153.5,154.56,154.56,7037671
2023-05-26,155.29,155.63,153.46,154.08,154.08,7736203
2023-05-30,151.67,153.26,151.21,153.12,153.12,7814766
2023-05-31,151.544,152.4201,150.36,150.62,150.62,13346443
2023-06-01,151.3,153.74,149.74,152.16,152.16,9887729
2023-06-02,154.58,156.75,153.61,156.26,156.26,9464262
2023-06-05,158.45,158.45,155.24,155.51,155.51,6443842
2023-06-06,153.33,156.16,153.2,155.79,155.79,6176434
2023-06-07,156.55,160.21,156.5,159.83,159.83,9900022
2023-06-08,160.16,160.49,157.09,159.24,159.24,7142908
2023-06-09,159.28,160.39,158.62,158.86,158.86,6669832
2023-06-12,157.06,159.3275,156.23,157.33,157.33,7162092
2023-06-13,158.52,160.58,158.27,158.51,158.51,7660771
2023-06-14,159.98,160.77,156.145,157.09,157.09,7721057
2023-06-15,157.32,159.79,157.32,158.28,158.28,7705434
2023-06-16,158.57,159.24,157.26,157.26,157.26,22875222
2023-06-20,156.15,156.57,152.24,153.68,153.68,10443232
2023-06-21,152.67,155.96,152.5,154.88,154.88,7328152
2023-06-22,153.35,153.585,151.974,152.64,152.64,7089588
2023-06-23,151.01,151.7,150.13,151.35,151.35,15172660
2023-06-26,151.62,154.97,151.54,154.01,154.01,7371817
2023-06-27,153.5,154.71,152.8192,153.53,153.53,6581662
2023-06-28,153.44,155.02,152.19,154.92,154.92,5773828
2023-06-29,155.43,156.27,154.44,156.24,156.24,5633479
2023-06-30,157.46,157.92,156.605,157.35,157.35,6346777
2023-07-03,157.18,158.1,156.7,157.21,157.21,3272586
2023-07-05,157.7,157.7,155.12,156.31,156.31,6320294
2023-07-06,155.195,155.83,151.63,152.88,152.88,9206088
2023-07-07,152.14,155.99,151.96,154.22,154.22,6602217
2023-07-10,153.93,155.79,153.92,155.25,155.25,5167916
2023-07-11,156,158.405,155.66,158.12,158.12,5061517
2023-07-12,159.22,160.34,158.33,159.64,159.64,6463957
2023-07-13,159.84,160.6,156.57,157.51,157.51,8143855
2023-07-14,157.01,157.02,153.3,153.58,153.58,7065664
2023-07-17,153.35,154.14,152.64,153.44,153.44,4353317
2023-07-18,152.67,156.07,152.37,153.75,153.75,6798680
2023-07-19,153.83,155.7787,153.28,154.69,154.69,5653115
2023-07-20,156.16,157.19,155.71,156.4,156.4,5866574
2023-07-21,157.53,158.83,157.0595,158.69,158.69,8760132
2023-07-24,160.47,164.04,160.01,161.82,161.82,9722057
2023-07-25,161.91,163.51,160.66,162.56,162.56,6767564
2023-07-26,160.88,162.086,160.55,161.34,161.34,6056366
2023-07-27,162.09,162.47,159.22,159.66,159.66,6470137
2023-07-28,158.4101,159,156.51,158.87,158.87,6546464
2023-07-31,161.13,163.9771,160.62,163.66,163.66,13062491
2023-08-01,163.64,163.64,160.5525,162.3,162.3,7534939
2023-08-02,161.17,161.22,158.06,159.73,159.73,7071269
2023-08-03,159.91,161.7,158.855,159.67,159.67,6682224
2023-08-04,160.66,163.02,159.04,159.31,159.31,10185371
2023-08-07,161.01,161.38,159.08,159.89,159.89,13927388
2023-08-08,157.94,159.79,156.22,159.65,159.65,6451267
2023-08-09,160.86,161.44,159.31,159.86,159.86,10531477
2023-08-10,160.33,162.4799,159.6188,160.83,160.83,8647064
2023-08-11,160.5,164.17,160.18,164.15,164.15,6682611
2023-08-14,163.77,164.25,162.6101,164.03,164.03,6060083
2023-08-15,163.4,163.41,159.1,159.24,159.24,7876471
2023-08-16,160.52,161.83,158.47,158.63,158.63,7920458
2023-08-17,159.18,162.14,158.97,159.75,159.75,8270458
2023-08-18,158.38,161.32,158.16,160.9,160.9,5999190
2023-08-21,161.2,162.07,159.45,160.36,160.36,6802337
2023-08-22,160.49,161.25,158.97,159.04,159.04,6081658
2023-08-23,158.14,159.405,156.7,159.25,159.25,4975570
2023-08-24,157.73,159.89,157.56,157.94,157.94,5989609
2023-08-25,159.07,159.91,157.645,159.12,159.12,5291847
2023-08-28,159.53,161.8,159.215,160.21,160.21,4386082
2023-08-29,160.91,160.95,159.1,159.96,159.96,5374765
2023-08-30,160.59,161.25,159.93,160.18,160.18,5534892
2023-08-31,161.01,161.24,159.93,161.1,161.1,7003681
2023-09-01,162.64,164.69,162.64,164.3,164.3,6663003
2023-09-05,165.28,167.56,165.2,166.46,166.46,9755844
2023-09-06,166.28,167.4387,165.58,166.63,166.63,7195549
2023-09-07,167.14,167.9,166.28,166.64,166.64,7925879
2023-09-08,167.42,168.489,166.705,167.21,167.21,7435923
2023-09-11,168.08,168.59,162.87,163.76,163.76,7155050
2023-09-12,165.3,167.19,165.1,166.81,166.81,7521146
2023-09-13,167.405,167.75,165.58,166.2,166.2,5759464
2023-09-14,167.7,168.5,167.1192,167.23,167.23,8822822
2023-09-15,166.21,168.37,165.88,166.5,166.5,17439739
2023-09-18,167.8699,168.36,166.4,167.22,167.22,7027558
2023-09-19,168.69,168.96,166.425,167.2,167.2,6617029
2023-09-20,167.07,168.51,166.6,166.69,166.69,5942108
2023-09-21,167.12,167.87,165.05,165.19,165.19,7150432
2023-09-22,166.23,167.42,165.94,166.28,166.28,5965497
2023-09-25,166.33,168.78,165.99,168.71,168.71,5509956
2023-09-26,167.44,168.41,166.98,167.8,167.8,5659200
2023-09-27,169.37,171.23,168.81,171.04,171.04,9124395
2023-09-28,170.55,171.7,169.43,170.59,170.59,7151760
2023-09-29,170.49,170.5,167.82,168.62,168.62,7396096
2023-10-02,168.34,168.57,165.23,166.54,166.54,6839611
2023-10-03,165.92,167.36,165.51,166.93,166.93,6168626
2023-10-04,164.7,164.98,161.49,163.04,163.04,9664693
2023-10-05,161.42,164.7537,161.39,163.9,163.9,8073048
2023-10-06,164.31,164.37,158.99,162.23,162.23,10190409
2023-10-09,166.38,168.19,164.95,166.72,166.72,8183490
2023-10-10,166.765,167.4,165.675,166.54,166.54,6512874
2023-10-11,165.07,165.08,160.48,161.1,161.1,12570718
2023-10-12,163.26,163.26,160.9,161.23,161.23,7396969
2023-10-13,163.41,164.84,162.3,164.06,164.06,8044677
2023-10-16,165.34,165.81,163.85,165.4,165.4,5445954
2023-10-17,164.83,168.2,164.65,167.59,167.59,7538316
2023-10-18,168.47,169.7,167.5817,168.92,168.92,6893452
2023-10-19,168.7,170.17,167.51,169.1,169.1,6580157
2023-10-20,168.41,169.1,166.095,166.83,166.83,7458286
2023-10-23,163.3,164.43,160.25,160.68,160.68,16232376
2023-10-24,160.89,161.08,156.47,156.65,156.65,17689936
2023-10-25,156.94,157.41,155.17,155.87,155.87,10502368
2023-10-26,155.01,155.18,153.63,154.75,154.75,10830422
2023-10-27,150.72,151.25,143.96,144.35,144.35,24524341
2023-10-30,145.66,146.44,144.32,146.09,146.09,13857148
2023-10-31,146.1,146.5178,144.23,145.73,145.73,14261264
2023-11-01,145.98,146.015,143.82,143.98,143.98,10819561
2023-11-02,144.54,148.9999,143.83,148.76,148.76,11099076
2023-11-03,148.3,148.56,146.15,147.61,147.61,13159994
2023-11-06,148.73,149.3299,146.69,147,147,10634159
2023-11-07,145.16,145.61,143.24,144.41,144.41,15054584
2023-11-08,143.88,144.65,142.25,142.4,142.4,12654140
2023-11-09,143.05,143.91,141.78,141.94,141.94,10359504
2023-11-10,143.29,143.44,141.73,142.95,142.95,11990412
2023-11-13,143.15,144.3,142.85,144,144,8747672
2023-11-14,144.48,145.5,143.86,145.05,145.05,11224352
2023-11-15,144.86,146.64,144.41,145.56,145.56,10052077
2023-11-16,143.02,143.51,140.74,141.77,141.77,14031345
2023-11-17,142.95,145.185,142.4,144.46,144.46,11077904
2023-11-20,144.63,145.69,144.27,144.38,144.38,8064012
2023-11-21,143.83,144.3,142.7,144.04,144.04,6783311
2023-11-22,141.74,144.39,140.72,144.33,144.33,7217065
2023-11-24,144.3,145.94,144.2,144.9,144.9,3861030
2023-11-27,144.65,144.82,142.85,144.36,144.36,9850831
2023-11-28,144.78,146.52,144.06,145.51,145.51,9746540
2023-11-29,146.39,146.49,143.06,143.91,143.91,16417135
2023-11-30,144.98,146.01,142.03,143.6,143.6,16275960
2023-12-01,143.49,146.505,142.6,144.81,144.81,11906547
2023-12-04,144,145.7,143.25,144.87,144.87,11842828
2023-12-05,144.76,145.07,142.63,142.86,142.86,9597632
2023-12-06,141.9,144.03,141.35,142.53,142.53,18079684
2023-12-07,143.51,144.01,140.99,142.42,142.42,14786736
2023-12-08,143.51,144.67,143.12,144.31,144.31,10821744
2023-12-11,144.84,145.4,143.82,144.35,144.35,9849572
2023-12-12,143.17,143.59,141.75,142.5,142.5,9863867
2023-12-13,142.17,144.68,141.65,144.61,144.61,10641316
2023-12-14,145.85,149.93,145.85,149.93,149.93,14960477
2023-12-15,147.32,149.82,147.32,149.35,149.35,30850872
2023-12-18,150.83,152.12,149.32,149.68,149.68,11561718
2023-12-19,149.96,151.83,149.49,151.64,151.64,8738146
2023-12-20,152.15,153.06,150.06,150.25,150.25,9369987
2023-12-21,150.78,150.8,149.22,150.71,150.71,7264662
2023-12-22,151.74,152.39,150.75,151.05,151.05,6396080
2023-12-26,152.07,153.01,151.9,152.41,152.41,5165588
2023-12-27,152.27,152.97,151.34,151.91,151.91,5337244
2023-12-28,151.18,152.02,149.4,149.77,149.77,8147993
2023-12-29,150.03,150.23,148.67,149.16,149.16,7658638
2024-01-02,149.985,151.475,149.24,149.48,149.48,8879710
2024-01-03,149.39,153.19,148.68,152.33,152.33,10255276
2024-01-04,153.66,154.35,150.59,150.66,150.66,8220280
2024-01-05,151.98,152.03,149.83,150.4,150.4,7455430
2024-01-08,148.42,149.695,146.58,149.5,149.5,10038193
2024-01-09,149.95,149.95,145.59,145.7,145.7,11784672
2024-01-10,146.02,146.02,144.11,144.5,144.5,8490407
2024-01-11,145.56,146.17,144.62,145.28,145.28,8612493
2024-01-12,147.83,148.5,146.17,147.27,147.27,9386923
2024-01-16,146.515,146.58,143.58,143.69,143.69,9380352
2024-01-17,142.42,144.02,142.04,143.12,143.12,8167002
2024-01-18,143,143.19,139.62,141.82,141.82,11187839
2024-01-19,141.73,142.25,141.01,142.24,142.24,11192463
2024-01-22,141.91,142.66,140.92,142.49,142.49,9184626
2024-01-23,141.985,143.33,141.9,142.09,142.09,6767179
2024-01-24,142.7,144.98,142.221,144.92,144.92,8100014
2024-01-25,146.22,148.69,145.225,148.57,148.57,9773620
2024-01-26,148.03,149.26,146.98,149.14,149.14,9151896
2024-01-29,149.09,149.22,147.11,149.08,149.08,10494818
2024-01-30,148.18,150.3056,147.71,150.12,150.12,9902881
2024-01-31,150.37,150.38,147.34,147.43,147.43,10427972
2024-02-01,148.19,149.02,146.52,147.89,147.89,8138669
2024-02-02,150.86,153.38,149.55,152.24,152.24,12839063
2024-02-05,151.62,153.51,150.7904,152.33,152.33,8277776
2024-02-06,152.5,153.54,151.81,152.35,152.35,6198841
2024-02-07,153.02,153.78,151.17,152.13,152.13,6252041
2024-02-08,151.95,154.3,151.65,154.06,154.06,9236968
2024-02-09,154.42,155.32,150.98,151.04,151.04,9194458
2024-02-12,151.62,152.6137,151.39,152.08,152.08,6713003
2024-02-13,152.62,153.07,149.605,150.6,150.6,6987058
2024-02-14,151.28,152.2,150.08,151.01,151.01,5995064
2024-02-15,149.91,155.09,149.67,154.46,154.46,8950304
2024-02-16,155.37,155.77,154.09,154.63,154.63,7570220
2024-02-20,155.47,155.61,153.83,154,154,6977945
2024-02-21,154.57,155.565,154.1,155.44,155.44,6630084
2024-02-22,154.82,156.625,153.83,155.43,155.43,8874924
2024-02-23,154.87,154.92,153.25,154.66,154.66,6561628
2024-02-26,154.54,155.55,153.83,154.45,154.45,6900801
2024-02-27,153.2,153.88,149.9,152.16,152.16,15093755
2024-02-28,152.358,153.86,151.78,152.34,152.34,6715861
2024-02-29,152.91,153.24,151.48,152.01,152.01,9334432
2024-03-01,153.05,154.3499,152.25,152.81,152.81,7459056
2024-03-04,152.5,152.59,147.67,148.88,148.88,12503154
2024-03-05,148.83,150.62,148.3,149.59,149.59,6985516
2024-03-06,150.83,152.41,148.14,148.33,148.33,14692135
2024-03-07,148.5,150.7495,148.45,149.37,149.37,8739348
2024-03-08,149.37,149.99,148.39,149.88,149.88,7528378
2024-03-11,150.5,152.08,149.59,152,152,7577064
2024-03-12,151.83,152.57,150.79,151.89,151.89,6432930
2024-03-13,153.24,154.88,153.15,153.89,153.89,8065649
2024-03-14,153.77,155.73,152.76,155.7,155.7,9047206
2024-03-15,155.19,157.04,154.42,155.55,155.55,20387157
2024-03-18,156.03,156.67,154.944,155.41,155.41,7242711
2024-03-19,155.3,156.84,155.01,156.62,156.62,7736723
2024-03-20,155.76,156.43,154.23,154.55,154.55,8449145
2024-03-21,154.95,155.69,154.41,154.86,154.86,7899084
2024-03-22,155.08,155.28,154.16,154.66,154.66,5974745
2024-03-25,155.48,157.31,155.27,156.47,156.47,6058745
2024-03-26,156.52,156.86,154.65,155.27,155.27,6677938
2024-03-27,154.87,156.44,154.85,156.35,156.35,7416870
2024-03-28,157.15,158.19,156.37,157.74,157.74,8331627
2024-04-01,158.27,159.5899,156.94,159.08,159.08,6285717
2024-04-02,160.05,161.22,159.02,159.78,159.78,8815351
2024-04-03,160.1,160.95,159.72,160.44,160.44,7819734
2024-04-04,160.8,161.95,159.82,160.69,160.69,9269716
2024-04-05,161.33,162.17,159.86,161.6,161.6,7432807
2024-04-08,161.65,162.501,160.33,161.27,161.27,7253196
2024-04-09,161.85,162.5316,160.46,162,162,6577437
2024-04-10,162.21,162.77,161.01,162.67,162.67,7525837
2024-04-11,163.62,163.62,159.8,161.89,161.89,7682512
2024-04-12,162.29,163.87,158.045,158.96,158.96,11071045
2024-04-15,159.94,160.4899,157.36,157.59,157.59,7236857
2024-04-16,157.3,157.81,155.42,156.28,156.28,5541895
2024-04-17,155.99,157.7099,155.64,156.4,156.4,6733879
2024-04-18,157.14,158.04,156.39,157.57,157.57,4979193
2024-04-19,158.75,160.75,158.1495,160,160,7732028
2024-04-22,159.95,162.7,158.4403,161.92,161.92,6779221
2024-04-23,161.31,162.85,160.6,162.85,162.85,5597617
2024-04-24,161.88,163.84,161.446,163.57,163.57,7610335
2024-04-25,163.7,165.6,162.67,165.28,165.28,9702581
2024-04-26,165.23,166.98,163.3,165.89,165.89,9736350
2024-04-29,165.91,167.11,164.69,166.33,166.33,6366752
2024-04-30,165.97,166.12,160.95,161.27,161.27,8457341
2024-05-01,160.78,161.45,158.9,159.63,159.63,7714962
2024-05-02,160.41,161.775,159.89,160.73,160.73,8597124
2024-05-03,160.66,160.66,157.04,160.25,160.25,11664505
2024-05-06,160.73,164.02,160.73,162.3,162.3,8430277
2024-05-07,162.31,163.15,162.02,162.67,162.67,6869948
2024-05-08,161.95,163.08,161.5367,162.54,162.54,6706361
2024-05-09,163.02,165.51,162.73,165.45,165.45,6683313
2024-05-10,166.04,166.42,165.0153,165.82,165.82,5490944
2024-05-13,166.48,166.91,162.98,164.53,164.53,6848303
2024-05-14,164.34,165.2,163.02,163.61,163.61,4923968
2024-05-15,163.13,163.8,160.17,163.05,163.05,7603063
2024-05-16,161.53,162,160.48,161.09,161.09,6409418
2024-05-17,161.75,162.9679,161.19,162.67,162.67,5497919
2024-05-20,162.72,163,161.075,161.14,161.14,4913820
2024-05-21,160.58,161.46,159.74,159.97,159.97,4783287
2024-05-22,159.52,159.52,156.52,157.57,157.57,6260509
2024-05-23,157.92,158.6,156.33,156.94,156.94,6718378
2024-05-24,158.08,158.97,157.3,157.75,157.75,4477720
2024-05-28,158.12,159.42,157.95,159.04,159.04,6928298
2024-05-29,158.02,158.49,156.44,156.9,156.9,5909632
2024-05-30,156.85,158.455,156.81,158.26,158.26,6371243
2024-05-31,158.63,162.58,158.51,162.3,162.3,10334227
2024-06-03,161.49,161.68,156.46,157.46,157.46,9009935
2024-06-04,155.72,156.35,154.11,156.13,156.13,6360542
2024-06-05,156.16,157.02,154.53,154.98,154.98,7058506
2024-06-06,154.5,156.02,153.39,155.93,155.93,5215140
2024-06-07,155.71,157.69,155.13,156.08,156.08,5887651
2024-06-10,156.41,158.2,156.32,156.74,156.74,7075943
2024-06-11,156.17,156.75,154.48,156.49,156.49,5132009
2024-06-12,157.49,157.625,152.4,154.22,154.22,10017421
2024-06-13,153.77,154.09,152.23,152.84,152.84,6163015
2024-06-14,153.13,153.295,151.97,152.57,152.57,6159138
2024-06-17,152.5,153.93,151.93,153.19,153.19,6321386
2024-06-18,153.55,155.95,152.84,153.33,153.33,6942882
2024-06-20,153.71,157.41,153.25,156.64,156.64,8336031
2024-06-21,156.8,157.665,155.22,155.28,155.28,21292090
2024-06-24,156.27,159.54,156.19,159.31,159.31,7971620
2024-06-25,159.12,159.36,157.67,158.46,158.46,6056711
2024-06-26,158.46,158.46,155.79,155.95,155.95,8637756
2024-06-27,156.7,156.94,155.635,156.32,156.32,5568733
2024-06-28,157.52,158.58,156.17,156.42,156.42,11283390
2024-07-01,157.16,158.7,155.98,156.52,156.52,5584116
2024-07-02,157.68,157.72,155.45,156.75,156.75,7216801
2024-07-03,156.94,157.74,156.5641,156.71,156.71,3264196
2024-07-05,156.55,156.55,153.68,154.31,154.31,6183056
2024-07-08,153.32,155.28,153.32,154.33,154.33,4990726
2024-07-09,153,154.76,152.3481,152.98,152.98,5303129
2024-07-10,152.5,155.44,152.3,155.13,155.13,5416594
2024-07-11,155,156.68,154.22,155.26,155.26,8323125
2024-07-12,156.16,156.44,154.56,155.59,155.59,6446316
2024-07-15,156.95,159.52,156.3705,158.04,158.04,5661170
2024-07-16,157.01,158.31,156.15,157.77,157.77,6924187
2024-07-17,158.5,161.48,158.29,161.23,161.23,7296622
2024-07-18,161.23,164.28,160.24,161.97,161.97,6577674
2024-07-19,162.48,162.7,158.41,159.15,159.15,6427723
2024-07-22,158.22,158.98,156.855,156.99,156.99,5577286
2024-07-23,156.35,156.5969,153.84,154.09,154.09,6238721
2024-07-24,154.69,155.7,153.42,155.07,155.07,5971731
2024-07-25,155.37,158.26,154.62,157.54,157.54,5432141
2024-07-26,157.73,159.04,157.06,157.84,157.84,5232519
2024-07-29,158.25,158.25,154.86,156.6,156.6,5071988
2024-07-30,156.46,160.09,156.435,159.57,159.57,5740861
2024-07-31,161.69,161.69,160.05,160.47,160.47,6209200
2024-08-01,158.71,159.5,152.03,152.62,152.62,16689945
2024-08-02,151.13,152.04,147.02,148.55,148.55,13278618
2024-08-05,145.52,145.77,143.41,144.66,144.66,13037190
2024-08-06,144.49,145.09,143.12,143.23,143.23,9692659
2024-08-07,144.58,145.725,142.28,142.41,142.41,8867862
2024-08-08,143.075,144.82,142.71,144.49,144.49,7531112
2024-08-09,144.21,146.11,143.19,144.99,144.99,7653053
2024-08-12,145.84,146.7381,139.69,145.02,145.02,8442174
2024-08-13,144.08,144.55,143.05,144.15,144.15,7794816
2024-08-14,144.39,145.24,143.43,144.67,144.67,5874216
2024-08-15,145.59,147.52,145.48,146.8,146.8,6304232
2024-08-16,146.05,147.62,145.64,147.27,147.27,6874416
2024-08-19,146.01,147.73,145.89,146.83,146.83,5967406
2024-08-20,146.33,146.51,144.56,144.69,144.69,7497606
2024-08-21,145.43,146.64,144.55,145.32,145.32,5984993
2024-08-22,145.35,146.3343,145.13,145.73,145.73,4026998
2024-08-23,146.525,148.0937,146.3152,147.62,147.62,4824078
2024-08-26,148.97,150.09,147.55,148.5,148.5,5780289
2024-08-27,148.67,149.55,146.74,146.95,146.95,5099956
2024-08-28,146.44,147.14,145.48,146,146,5614416
2024-08-29,146.46,148.18,145.44,147.42,147.42,4466696
2024-08-30,146.22,148.08,145.7,147.95,147.95,6414755
2024-09-03,145.55,145.77,144.28,144.66,144.66,7944740
2024-09-04,144.64,145.5271,141.67,142.07,142.07,9820730
2024-09-05,143.17,143.17,140.6,140.93,140.93,9371051
2024-09-06,141.065,142.11,137.87,138.56,138.56,7836358
2024-09-09,138.635,142.02,138.54,140.3,140.3,9892347
2024-09-10,140.895,141.08,137.09,138.23,138.23,8202480
2024-09-11,138.21,138.4801,135.3672,137.88,137.88,9534010
2024-09-12,138.23,139.47,137.42,139.21,139.21,6593436
2024-09-13,139.87,141.53,139.7124,140.61,140.61,5900747
2024-09-16,141.69,143.165,141.065,142.09,142.09,6864275
2024-09-17,141.8,144.14,141.74,143.41,143.41,7338782
2024-09-18,143.32,145.6,143.19,143.96,143.96,6180252
2024-09-19,145.81,146.78,144.93,144.99,144.99,7247416
2024-09-20,145.23,145.91,143.44,145.68,145.68,23162864
2024-09-23,146.25,148.415,145.95,147.54,147.54,6960639
2024-09-24,148.88,149.1,146.91,147.45,147.45,6014208
2024-09-25,146.945,147.41,143.5,143.97,143.97,7888444
2024-09-26,140.9,143.22,140.63,141.99,141.99,8046171
2024-09-27,142.98,145.77,142.84,145.49,145.49,8049155
2024-09-30,145.37,147.48,144.28,147.27,147.27,7494608
2024-10-01,146.35,150.52,145.45,149.7,149.7,9489121
2024-10-02,151.68,152.28,149.26,150.95,150.95,8105420
2024-10-03,151.31,152.17,150.02,151.25,151.25,6553282
2024-10-04,152.48,152.5,150.135,150.74,150.74,7895285
2024-10-07,151.5,152.75,150.69,151.12,151.12,5895852
2024-10-08,149.2,149.6,147.73,148.75,148.75,5892739
2024-10-09,147.51,150.37,147.36,149.65,149.65,4973453
2024-10-10,150.68,151.55,149.85,150.62,150.62,4420891
2024-10-11,150.38,152.33,150.25,151.42,151.42,5051314
2024-10-14,150.52,151.9,150.18,151.78,151.78,4214721
2024-10-15,148.8,149.955,147.56,147.73,147.73,6704610
2024-10-16,148.35,149.0312,148.21,148.73,148.73,4303737
2024-10-17,149.26,151.33,148.97,151.2,151.2,6593136
2024-10-18,150.815,151.08,149.375,150.75,150.75,5208202
2024-10-21,152,152.48,150.49,150.88,150.88,5073999
2024-10-22,151.25,151.68,150.22,150.92,150.92,4416409
2024-10-23,150.36,151,149.2909,150.48,150.48,5248853
2024-10-24,151.13,151.45,149.38,150.45,150.45,5474258
2024-10-25,151.39,152.12,150.46,150.81,150.81,6839894
2024-10-28,148.25,150.7,148.16,150.54,150.54,8892039
2024-10-29,150.04,150.415,147.87,148.52,148.52,6014676
2024-10-30,149.08,149.65,147.66,148.05,148.05,5784011
2024-10-31,148.755,149.57,147.89,148.82,148.82,8400855
2024-11-01,152.48,155.9303,151.7,153.07,153.07,11727977
2024-11-04,154.42,154.42,152.6199,153.97,153.97,6129961
2024-11-05,154.53,154.67,152.55,153.41,153.41,5978897
2024-11-06,157.1,158.61,156.12,157.72,157.72,12118908
2024-11-07,157.94,158.01,156.4,156.77,156.77,8143245
2024-11-08,156.6,157.58,155.67,156.93,156.93,6041457
2024-11-11,157.18,157.94,155.9,156.5,156.5,7771691
2024-11-12,157.11,157.47,155.12,155.29,155.29,5681869
2024-11-13,155.63,159.02,154.53,158.72,158.72,8824013
2024-11-14,159.84,161.83,159.68,161.8,161.8,10111234
2024-11-15,161.52,162.38,160.76,161.42,161.42,9022753
2024-11-18,160.56,161.52,159.07,160.76,160.76,6092141
2024-11-19,159.98,160.4272,158.751,159.6,159.6,4657409
2024-11-20,159.91,161.44,159.78,161.33,161.33,6391252
2024-11-21,162.02,162.65,161.29,161.63,161.63,7945531
2024-11-22,161.51,162.61,161.15,162.36,162.36,7006293
2024-11-25,162.15,163.17,159.83,160.36,160.36,10702395
2024-11-26,162.31,162.94,161.4,162.53,162.53,7369944
2024-11-27,162.76,164.68,161.61,162.11,162.11,7674474
2024-11-29,162.25,162.7499,160.66,161.93,161.93,5076953
2024-12-02,162.29,162.95,160.11,162.21,162.21,6229596
2024-12-03,162.98,163.197,161.39,161.92,161.92,5900066
2024-12-04,161.83,161.84,157.86,158.32,158.32,7862728
2024-12-05,159.29,160.67,158.69,159.33,159.33,6358358
2024-12-06,158.75,158.83,155.17,155.24,155.24,9701694
2024-12-09,157.2,160.08,156.82,157.08,157.08,9404473
2024-12-10,159.06,159.52,156.7,157,157,9126158
2024-12-11,156.86,157.17,155.8,156.21,156.21,13764742
2024-12-12,155.87,156.525,154.2653,154.71,154.71,7621522
2024-12-13,154.87,154.961,153.07,153.87,153.87,5816180
2024-12-16,153.89,153.89,149.25,149.36,149.36,11961219
2024-12-17,148.04,148.65,146.91,148.11,148.11,11909333
2024-12-18,147.76,148.67,143.98,144.08,144.08,10174494
2024-12-19,144.57,144.76,140.95,141.15,141.15,16544329
2024-12-20,140.825,142.85,140.55,142.85,142.85,32209195
2024-12-23,142.48,143.345,141.54,142.97,142.97,8156466
2024-12-24,143.1,144.045,142.26,143.84,143.84,3556081
2024-12-26,143.67,144.31,142.9,143.98,143.98,4494424
2024-12-27,144.29,145.71,143.39,144,144,5296875
2024-12-30,143.79,143.98,142.35,143.07,143.07,6194835
2024-12-31,143.52,145.34,143.32,144.84,144.84,6137843
2025-01-02,145.475,148.07,145.475,146.71,146.71,7170257
2025-01-03,147.685,148.5,147.3,147.85,147.85,5813935
2025-01-06,148.4,150.33,146.87,147.26,147.26,5888731
2025-01-07,148.505,150.4999,147.63,149.59,149.59,7735997
2025-01-08,148.04,151.18,148.03,150.3,150.3,7640885
2025-01-10,153.41,154.34,150.87,153.14,153.14,11074716
2025-01-13,154.1,157.35,154,155.35,155.35,11774073
2025-01-14,155.205,156.91,154.46,156.9,156.9,6830219
2025-01-15,156.875,158.69,156.38,158.33,158.33,7899997
2025-01-16,158.13,159.895,158.03,159.38,159.38,5578902
2025-01-17,159.13,161.77,158.7978,161.47,161.47,9260428
2025-01-21,161.15,161.4,157.49,158.24,158.24,10131372
2025-01-22,157.68,158.44,156.27,156.41,156.41,7232227
2025-01-23,157.63,157.94,155.62,156.01,156.01,5979808
2025-01-24,156.46,157.47,155.2701,155.65,155.65,8003778
2025-01-27,156.33,157.8899,155.52,157.23,157.23,7140991
2025-01-28,157.71,158.92,155.1838,156.21,156.21,6425353
2025-01-29,155.715,156.58,154.81,155.69,155.69,5630563
2025-01-30,156.56,157.45,155.52,156.32,156.32,6931918
2025-01-31,153.76,154.37,148.65,149.19,149.19,16731592
2025-02-03,149,150.86,147.8,149.34,149.34,7604961
2025-02-04,148.885,153.385,148.72,153.22,153.22,8458070
2025-02-05,152.99,153.8,152.29,152.99,152.99,6533680
2025-02-06,154.22,155.255,151.06,151.9,151.9,6420525
2025-02-07,152.5,153.81,151.9243,152.62,152.62,4724947
2025-02-10,154.16,155.8,154.06,155.77,155.77,5653770
2025-02-11,156.35,158.71,156.12,157.44,157.44,6011842
2025-02-12,156.75,157.465,154.5716,154.9,154.9,6693461
2025-02-13,154.78,156.42,153.32,155.88,155.88,7836362
2025-02-14,155.08,157.45,154.88,155.34,155.34,5828805
2025-02-18,155.54,157.31,154.78,156.16,156.16,5981480
2025-02-19,156.52,158.36,156,157.23,157.23,4945813
2025-02-20,157.46,158.95,157.07,158.79,158.79,6256154
2025-02-21,158.11,158.95,156.82,156.92,156.92,6689815
2025-02-24,157.085,158.33,156.75,157.89,157.89,5925047
2025-02-25,157.99,158.99,155.46,156.42,156.42,6811293
2025-02-26,156.62,156.69,154.4,155.14,155.14,6005232
2025-02-27,155.605,158.29,154.81,156.67,156.67,7517237
2025-02-28,156.695,158.67,154.92,158.62,158.62,8828547
2025-03-03,159.46,160.09,151.76,153.09,153.09,9059814
2025-03-04,151.205,154.1525,150.05,152,152,8826344
2025-03-05,150.15,151.365,147.74,150.81,150.81,9288538
2025-03-06,150.51,153.33,149.47,152.95,152.95,7314687
2025-03-07,153.95,157.45,153.71,156.34,156.34,8562635
2025-03-10,157.19,160.37,156.17,157.57,157.57,11750302
2025-03-11,158.43,158.84,153.79,154.08,154.08,10466294
2025-03-12,153.48,154.79,152.215,152.67,152.67,9710223
2025-03-13,152.265,154.43,151.92,153.61,153.61,9022758
2025-03-14,153.99,157.24,153.01,157.02,157.02,6671549
2025-03-17,157.22,159.45,156.765,158.72,158.72,7615153
2025-03-18,159.5,161.09,158.825,160.81,160.81,9289469
2025-03-19,160.965,164.54,160.9,164.05,164.05,11503859
2025-03-20,163.13,165.31,162.41,164.77,164.77,9545886
2025-03-21,164.49,164.885,163.11,164.75,164.75,21625460
2025-03-24,164.69,166.43,164.315,165.02,165.02,8068002
2025-03-25,166.08,167.82,165.11,165.94,165.94,7869159
2025-03-26,167.37,168.96,167.25,167.97,167.97,10077764
2025-03-27,167.25,168.22,165.85,166.65,166.65,6862691
2025-03-28,166.7,167.13,165.295,166.09,166.09,4923025
2025-03-31,166.19,168.92,166.13,167.29,167.29,10675731
2025-04-01,167.29,168.6,166.16,168.51,168.51,6378587
2025-04-02,167.4,167.98,165.85,166.47,166.47,7044869
2025-04-03,160.12,161.35,155.8,156.12,156.12,15500988
2025-04-04,151.755,152.46,142.75,143.28,143.28,20374716
2025-04-07,138.73,146.19,137.29,140.15,140.15,17816954
2025-04-08,144.15,144.49,134.87,136.93,136.93,12904424
2025-04-09,135.02,147.47,133.88,146.03,146.03,16846839
2025-04-10,143.22,143.63,133.45,134.98,134.98,20991216
2025-04-11,135.01,137.122,132.04,135.63,135.63,17224405
2025-04-14,138.48,138.535,134.1,135.32,135.32,9628152
2025-04-15,134.32,136.63,134.25,134.54,134.54,9334825
2025-04-16,135.4,137.55,134.8,135.36,135.36,8637220
2025-04-17,136.69,140.24,136.45,137.87,137.87,8434434
2025-04-21,136.02,136.29,132.33,133.73,133.73,9967487
2025-04-22,135.26,138.235,134.94,137.3,137.3,7984676
2025-04-23,137.21,138.55,135.15,136.68,136.68,10001966
2025-04-24,137.92,139.4,137.216,139.07,139.07,7745778
2025-04-25,138.33,139.05,137.25,138.73,138.73,6878491
2025-04-28,138.97,140.46,138.68,140.1,140.1,6715539
2025-04-29,138.69,140.01,138.57,139.3,139.3,7343820
2025-04-30,138,138.15,134.14,136.06,136.06,13858040
2025-05-01,135.42,137.95,135.12,136.26,136.26,10199849
2025-05-02,137.875,139.78,135.29,138.5,138.5,12393235
2025-05-05,136.77,137,135.18,135.5,135.5,9664980
2025-05-06,136.35,137.31,135.04,135.6,135.6,9916241
2025-05-07,136.07,136.3,134.62,135.79,135.79,8423485
2025-05-08,136.685,138.89,136.47,137.04,137.04,8669305
2025-05-09,138.48,139.37,137.7,138.49,138.49,5965723
2025-05-12,142.45,143.71,140.57,141.62,141.62,8028200
2025-05-13,141.86,143.23,140.92,142.35,142.35,8536797
2025-05-14,141.76,142.23,140.725,141.67,141.67,6453620
2025-05-15,140.1,142.46,139.51,142.26,142.26,7545407
2025-05-16,143,143,140.696,142.1,142.1,8200079
2025-05-19,139.47,139.52,137.12,138.49,138.49,7713568
2025-05-20,138.285,138.75,137.03,137.27,137.27,6503930
2025-05-21,136.62,137.1293,135.49,135.56,135.56,9073206
2025-05-22,134.99,135.99,133.77,135.29,135.29,8877579
2025-05-23,134.65,136.79,134.06,136.54,136.54,7025946
2025-05-27,137.38,137.969,136.41,137.83,137.83,8348877
2025-05-28,138.78,138.79,135.66,136.02,136.02,6876282
2025-05-29,136.5,137.94,136.1,137.91,137.91,7556199
2025-05-30,136.88,137.45,135.21,136.7,136.7,12858865
2025-06-02,138.49,138.69,136.4304,137.84,137.84,9076639
2025-06-03,137.645,140.59,136.6,139.55,139.55,9001305
2025-06-04,139.42,140.63,137.33,137.37,137.37,8735619
2025-06-05,138.15,138.29,136.7,136.9,136.9,6350526
2025-06-06,138.09,140.61,138.09,140.21,140.21,6563518
2025-06-09,140.55,142.14,139.685,140.76,140.76,7159471
2025-06-10,142.22,144.94,141.91,143.35,143.35,9841523
2025-06-11,144.19,145.12,142.61,144.78,144.78,9256663
2025-06-12,144.5,145.2,143.43,144.97,144.97,6999389
2025-06-13,147.08,147.6,144.54,145.91,145.91,14148022
2025-06-16,145.73,146.8696,143.74,146.03,146.03,10105077
2025-06-17,147.33,149.98,146.5,148.85,148.85,11330273
2025-06-18,149.44,150.17,147.7,148.19,148.19,9841924
2025-06-20,148.41,149.9,147.9,149.55,149.55,23705877
2025-06-23,152.1222,152.15,146.315,146.86,146.86,10540614
2025-06-24,144.545,146.39,143.16,143.55,143.55,10778352
2025-06-25,143.4,144.2,142.5101,143.23,143.23,7386088
2025-06-26,143.7,145.08,143.4,144.44,144.44,7415714
2025-06-27,144.55,144.665,142.565,143.79,143.79,9213512
2025-06-30,143.045,144.098,142.4,143.19,143.19,6980319
2025-07-01,143.34,146.27,142.51,145.57,145.57,8508150
2025-07-02,147,148.01,145.47,147.98,147.98,8228683
2025-07-03,147.77,148.98,147.36,148.37,148.37,5173309
2025-07-07,147.4,148.17,145.58,147.4,147.4,9460902
2025-07-08,147.32,153.24,147.255,153.24,153.24,14082097
2025-07-09,152.94,153.96,152.48,153.02,153.02,9495898
2025-07-10,152.79,155.28,151.68,154.17,154.17,8398810
2025-07-11,154.285,155.89,153.57,155.31,155.31,8333214
2025-07-14,154.9,154.9,151.14,151.65,151.65,10706325
2025-07-15,151.6,152.31,150.25,150.69,150.69,7346346
2025-07-16,150.765,151.48,149.22,149.92,149.92,7923427
2025-07-17,149.16,151.835,148.6,151.38,151.38,8359596
2025-07-18,155.02,155.91,146.53,150.04,150.04,45782636
2025-07-21,151.2,151.67,149.13,149.68,149.68,17982218
2025-07-22,149.255,150.94,148.48,150.04,150.04,26196489
2025-07-23,150.905,153.14,150.465,153.12,153.12,13162816
2025-07-24,152.685,155.995,152.2,155.83,155.83,15701024
2025-07-25,155.83,156.2,153.955,154.84,154.84,7875498
2025-07-28,155.4,156.55,154.9484,156.28,156.28,8755412
2025-07-29,156.4,157.21,155.45,157.03,157.03,6446038
2025-07-30,156.29,156.31,152.7,153.56,153.56,9191661
2025-07-31,152,153.93,151.14,151.64,151.64,10237099
2025-08-01,152.545,154.65,150.355,151.4,151.4,10706494
2025-08-04,151.25,152.08,149.82,151.04,151.04,10116631
2025-08-05,150.78,153.1,149.895,153.04,153.04,8604079
2025-08-06,154.48,155.16,152.22,152.78,152.78,7840914
2025-08-07,153.795,155.15,152.83,153.16,153.16,6510670
2025-08-08,153.99,155.75,153.5,155.01,155.01,6332807
2025-08-11,155.425,155.93,152.985,153.45,153.45,6169716
2025-08-12,153.68,156.05,153.36,154.44,154.44,6645373
2025-08-13,154.55,156.01,154.2031,155.87,155.87,6582191
2025-08-14,155.7,155.7,154.1,155.16,155.16,7337258
2025-08-15,155.48,158.54,155.29,156.55,156.55,11617047
2025-08-18,156.13,156.49,154.75,155.32,155.32,8174280
2025-08-19,153.46,153.94,151.855,152,152,8567476
2025-08-20,152.39,153.49,151.93,153.22,153.22,8076269
2025-08-21,152.82,155.67,152.73,155.55,155.55,7533625
2025-08-22,155.32,158.79,155.32,158.18,158.18,9084344
2025-08-25,157.9,158.32,157.17,158.2,158.2,7029967
2025-08-26,157.51,160,156.55,157.36,157.36,10270028
2025-08-27,157.4,159.99,157.205,159.24,159.24,7482961
2025-08-28,159.01,159.5174,157.8482,159.32,159.32,6502447
2025-08-29,159.7,161.1,159.45,160.6,160.6,6934840
2025-09-02,160.48,161.86,159.38,161.83,161.83,8947302
2025-09-03,160,161.85,157.02,158.06,158.06,9556116
2025-09-04,158.06,159.65,157.5,157.69,157.69,7242974
2025-09-05,156.06,156.72,153.4899,153.66,153.66,11011667
2025-09-08,153.91,155.03,152.875,154,154,9461969
2025-09-09,154.85,156.985,154.6,154.85,154.85,7769177
2025-09-10,155.05,157.92,155,157.79,157.79,7440811
2025-09-11,156.5,158.92,156.01,158.25,158.25,6417408
2025-09-12,158.845,159.78,157.1,157.11,157.11,5546333
2025-09-15,157.375,158.32,156.5,157.31,157.31,5030461
2025-09-16,158.25,160.1,158.12,159.54,159.54,8011032
2025-09-17,159.195,160.67,158.61,160.09,160.09,5736777
2025-09-18,160.03,160.29,158.09,158.84,158.84,6244226
2025-09-19,158.995,158.995,155.55,156.21,156.21,16733988
2025-09-22,155.62,157.12,155.15,156.05,156.05,5244025
2025-09-23,157.12,159.83,156.985,157.42,157.42,7181383
2025-09-24,158.335,160.49,158.25,159.18,159.18,6285228
2025-09-25,159.44,161.01,159.35,160.72,160.72,6311040
2025-09-26,160.57,161.3,159.51,160.16,160.16,7015168
2025-09-29,159.125,159.125,155.5635,156.1,156.1,8315073
2025-09-30,154.89,155.73,153.93,155.29,155.29,7755716
2025-10-01,154.905,155.09,153.19,154.58,154.58,6768358
2025-10-02,153.955,156.6,153.3238,153.37,153.37,7562448
2025-10-03,153.58,154.28,152.23,153.55,153.55,7249291
2025-10-06,153.965,154.645,152.92,154.02,154.02,4778924
2025-10-07,153.65,154.96,151.28,154.91,154.91,5479593
2025-10-08,154.36,154.68,152.84,153.74,153.74,5678028
2025-10-09,154.15,154.97,151.56,151.64,151.64,6178601
2025-10-10,150.695,151.35,148.89,148.9,148.9,7796621
2025-10-13,150,151.98,149.43,151.94,151.94,5978755
2025-10-14,149.81,153.46,149.66,152.39,152.39,6419350
2025-10-15,152.9,154.2071,151.04,152.11,152.11,5824931
2025-10-16,152.14,152.73,150.23,151.71,151.71,5276788
2025-10-17,152.31,154.19,152.2,153.08,153.08,7735462
2025-10-20,153.43,154.72,153.18,154.48,154.48,5676505
2025-10-21,154.74,155.2884,153.21,153.79,153.79,6304917
2025-10-22,154.65,155.98,153.61,155.57,155.57,6036705
2025-10-23,158.2,158.5883,156.12,156.56,156.56,9810894
2025-10-24,157.415,157.629,155.427,155.56,155.56,4979941
2025-10-27,155.795,156.5,154.87,155.28,155.28,4884434
2025-10-28,154.9,156.23,153.89,154.13,154.13,5066475
2025-10-29,153.86,156.15,153.86,155.1,155.1,7344432
2025-10-30,155.225,155.225,153.24,153.52,153.52,8971226
2025-10-31,155.725,159.18,155.11,157.72,157.72,11136109
2025-11-03,157.41,157.72,153.57,154.04,154.04,8512209
2025-11-04,153.425,153.76,152.15,153.39,153.39,6976838
2025-11-05,153.53,154.395,152.66,152.66,152.66,5894721
2025-11-06,153.075,154.79,152.68,152.94,152.94,6466257
2025-11-07,153.425,156.17,153.425,155.02,155.02,9835929
2025-11-10,155.43,155.98,152.37,155.65,155.65,8436797
2025-11-11,156.75,157.99,155.9,156.24,156.24,6361426
2025-11-12,155.58,155.79,152.08,153.32,153.32,11670947
2025-11-13,154,156.2025,153.93,155.58,155.58,7998740
2025-11-14,156.23,157.95,154.81,157.62,157.62,8484812
2025-11-17,157.72,157.89,154.435,154.82,154.82,8744980
2025-11-18,152.5,154.28,151.76,153.62,153.62,10813365
2025-11-19,151.16,151.955,150.25,151.7,151.7,7539905
2025-11-20,152.54,153.035,150.045,150.31,150.31,7623448
2025-11-21,150.435,151.01,148.75,149.98,149.98,9248445
2025-11-24,149.82,150.12,147.74,149.75,149.75,14181131
2025-11-25,148.895,149.9,148.27,148.53,148.53,11447942
2025-11-26,148.26,150.46,148.2,149.51,149.51,7578938
2025-11-28,149.455,151.52,149.2622,151.13,151.13,3848568
2025-12-01,151.75,153.95,151.5,152.54,152.54,8208972
2025-12-02,152.02,152.46,149.26,150.25,150.25,9196311
2025-12-03,151.04,152.503,150.975,151.59,151.59,8060175
2025-12-04,151.75,152.94,151.2215,152.26,152.26,7254724
2025-12-05,152,152.63,149.83,150,150,12659762
2025-12-08,149.25,150.073,147.66,148.71,148.71,10237153
2025-12-09,149.105,150.1,148.22,148.49,148.49,8916749
2025-12-10,149.175,151.8,148.7,151.41,151.41,10976295
2025-12-11,150.83,151.94,150.1,150.72,150.72,8414160
2025-12-12,151.15,151.55,149.63,149.99,149.99,5848050
2025-12-15,149.84,150.1,148.43,149.8,149.8,7502951
2025-12-16,148.54,148.82,146.49,146.75,146.75,11290538
2025-12-17,147.4,149.87,147.35,149.52,149.52,8805268
2025-12-18,148.865,149.27,147.08,147.69,147.69,6998843
2025-12-19,147.96,149.01,147.185,147.75,147.75,21701435
2025-12-22,148.81,150.49,148.695,149.8,149.8,8143618
2025-12-23,150.04,151.08,149.85,150.51,150.51,4663665
2025-12-24,150.38,150.99,150.1,150.5,150.5,2227609
2025-12-26,150.38,151.14,149.6472,150.02,150.02,3706915
2025-12-29,151,151.6365,150.085,150.99,150.99,5589133
2025-12-30,151.52,152.6707,151.47,152.31,152.31,5150514
2025-12-31,152.39,152.55,151.67,152.41,152.41,4953110
2026-01-02,152.165,155.9,151.25,155.9,155.9,6862097
2026-01-05,165.75,165.75,159.3098,163.85,163.85,35094878
2026-01-06,164.88,165.05,156.11,156.54,156.54,20564935
2026-01-07,157.44,158.005,154.9,155.2,155.2,13537874
2026-01-08,155.5,160.44,155.21,159.25,159.25,12929635
2026-01-09,160.56,162.7,159.935,162.11,162.11,12549643
2026-01-12,162.7,163.56,160.71,162.34,162.34,9796786
2026-01-13,163.47,166.13,163.3,163.87,163.87,12068630
2026-01-14,164.1,169.37,164.1,167.24,167.24,16414917
2026-01-15,165.85,167.33,165.1,166.16,166.16,8097405
2026-01-16,165.9698,167.29,165.81,166.26,166.26,9745753
2026-01-20,166.705,167.65,165.15,165.3,165.3,11142530
2026-01-21,167,168.475,166.06,166.73,166.73,10918539
2026-01-22,166.26,167.56,165.73,166.66,166.66,8957383
2026-01-23,167.95,168.44,166.441,166.72,166.72,8368686
2026-01-26,168.325,168.41,166.77,167.5,167.5,8912601
2026-01-27,167.77,169.35,166.65,169.05,169.05,9784855
2026-01-28,169.955,170.42,168.195,169.93,169.93,9200244
2026-01-29,172.65,174.92,171.04,171.19,171.19,16786612
2026-01-30,172.615,177.3,171.27,176.9,176.9,22946582
2026-02-02,173.44,176.27,172.65,174.03,174.03,14235347
2026-02-03,173.88,178.82,173.7541,178.04,178.04,18425423
2026-02-04,178.88,182.59,178.88,181.23,181.23,16170478
2026-02-05,179.64,180.46,177.41,179.23,179.23,10474142
2026-02-06,179.935,182.1,179.512,180.86,180.86,9901816
2026-02-09,181.01,182.82,179.95,182.6,182.6,12021285
2026-02-10,182.73,182.95,180.86,182.26,182.26,7458163
2026-02-11,183.94,186.52,183.55,185.82,185.82,10502119
2026-02-12,185.8,185.8,182.0923,182.4,182.4,9673715
2026-02-13,182.54,184.84,181.72,183.74,183.74,9034683
2026-02-17,183.3,183.8,178.74,180.55,180.55,9849048
2026-02-18,182.83,183.92,181.98,183.87,183.87,10313434
2026-02-19,185.2,187.9,184.74,184.78,184.78,10773342
2026-02-20,184.59,184.89,182.32,183.93,183.93,9566208
2026-02-23,184.67,186.63,184.05,184.91,184.91,7047219
2026-02-24,185.285,185.96,183.85,185.34,185.34,7451800
2026-02-25,185.84,185.98,182.5101,184.22,184.22,9440721
2026-02-26,182.9,186.26,181.76,184.16,184.16,7121355
2026-02-27,186,187.545,183.77,186.76,186.76,12022518
2026-03-02,190.33,191.44,187.22,189.6,189.6,15809121
2026-03-03,190.515,191.5599,187.4201,188.77,188.77,14004161
2026-03-04,187.45,188.46,184.15,186.03,186.03,11054382
2026-03-05,186.52,189.97,186.49,189.9,189.9,13567149
2026-03-06,190.88,192.41,188.12,189.94,189.94,13073118
2026-03-09,190.995,191.65,188.11,189.44,189.44,15987482
2026-03-10,188.63,189.18,185.64,186.29,186.29,11999386
2026-03-11,186.59,191.86,186.49,191.79,191.79,11371742
2026-03-12,192.58,198.88,191.77,196.97,196.97,27151829
2026-03-13,196,197.63,194.69,196.82,196.82,13016954
2026-03-16,196.64,197.84,195.575,196.84,196.84,12683919
2026-03-17,197.485,200.58,196.46,197.97,197.97,14018581
2026-03-18,199.22,200.73,198.51,198.61,198.61,13305001
2026-03-19,199.79,202.44,199,201.44,201.44,16918429
2026-03-20,201.4,205.08,201,201.73,201.73,35849471
2026-03-23,198.625,205.36,197.37,205.21,205.21,15735739
2026-03-24,206.05,209.79,205.81,206.79,206.79,16695527
2026-03-25,206,207.24,204.62,205.15,205.15,8865023
2026-03-26,206.03,209.2099,205.16,207.79,207.79,11085594
2026-03-27,208.15,212.455,206.25,211.15,211.15,13907755
2026-03-30,213.26,214.71,210.29,210.71,210.71,10409045
2026-03-31,210.9,213.1,201.96,206.9,206.9,17403885
2026-04-01,201.99,204.78,194.91,197.41,197.41,23051863
2026-04-02,202.51,205.48,198.04,198.97,198.97,11528048
2026-04-06,198.5,199.7699,196.351,198.86,198.86,8245691
2026-04-07,199.97,204.62,199.24,201.54,201.54,11672585
2026-04-08,191.41,193.17,188.6,192.89,192.89,17195447
2026-04-09,194.31,196.67,189.27,190.36,190.36,11633996
2026-04-10,189.71,190.96,186.47,188.55,188.55,11151393
2026-04-13,191.45,192.605,189.72,191.78,191.78,12000234
2026-04-14,188.6,189.17,184.6,187.02,187.02,12111011
2026-04-15,186.355,187.24,184.0401,184.91,184.91,8661597
2026-04-16,185.62,188.23,185.34,188.15,188.15,8013218
2026-04-17,181.89,184.3,177.74,183.99,183.99,15720623
2026-04-20,184.5,186.27,182.83,183.25,183.25,9661126
2026-04-21,183.97,186.37,182.34,185.98,185.98,9799016
2026-04-22,187.27,189.42,186.12,186.32,186.32,8708288
2026-04-23,187.12,188.42,185.495,187.6,187.6,6684691
2026-04-24,185.23,186.42,183.2,185.21,185.21,9626654
2026-04-27,186.19,188.37,183.67,184.78,184.78,10836589
2026-04-28,188.28,189.96,186.55,188.36,188.36,10754867
2026-04-29,190.13,192.62,189.5,192.22,192.22,8644636
2026-04-30,190.25,194.13,188.5,193.31,193.31,11748636
2026-05-01,191.3,194.085,189.745,190.63,190.63,10435911
2026-05-04,190.85,193.71,187.972,192.28,192.28,8229501
2026-05-05,191.22,193.665,190.45,192.64,192.64,5642810
2026-05-06,185.585,186.775,183.135,185.16,185.16,11082893
2026-05-07,181.58,183.44,179.53,182.5,182.5,12194041
2026-05-08,182.04,182.725,180.74,181.62,181.62,13052999
2026-05-11,183,185.2,183,184.74,184.74,12042061
2026-05-12,186.5,186.89,184.6646,185.95,185.95,8995139
2026-05-13,185.81,186.01,183.96,186,186,7554713
2026-05-14,186.19,187.57,185.25,186.64,186.64,6222359
2026-05-15,188.6,191.5,187.9,191.1,191.1,11210811
2026-05-18,191.17,196.2,189.03,196.12,196.12,9869705
2026-05-19,194.93,198.8699,193.4715,197.25,197.25,11819217
2026-05-20,196.25,198.19,191.27,191.33,191.33,14564889
2026-05-21,193.79,194.16,189,191.01,191.01,9051159
2026-05-22,190.37,192,189.8,191.43,191.43,7218280
2026-05-26,190,190.49,183.9,184.71,184.71,14264574
2026-05-27,181.85,183.72,180.67,182.4,182.4,9449494
2026-05-28,183.71,185.26,182.085,183.03,183.03,8734223
2026-05-29,182.715,182.97,180.395,182.46,182.46,13894029
2026-06-01,184.375,187.94,184.02,185.83,185.83,8850520
2026-06-02,184.875,188.4478,184.875,187.55,187.55,6549849
2026-06-03,188.89,191.48,187.96,189.71,189.71,7983695
2026-06-04,189,190.1,187.67,188.35,188.35,5163208
2026-06-05,189.06,189.61,186.59,187.31,187.31,6310890
2026-06-08,188.7,191.03,188.5,189.24,189.24,6112985
2026-06-09,188.5,189.3829,185.47,186.76,186.76,8469927
2026-06-10,189.19,192.685,188.23,189.8,189.8,10041821
2026-06-11,191.81,192.25,185.55,185.82,185.82,9274100
2026-06-12,185.08,188.4,184.36,187.22,187.22,8703363
2026-06-15,178.9,181.67,177.76,180.4,180.4,10184948
2026-06-16,178.615,180.25,178.3301,180.11,180.11,6663474
2026-06-17,179.01,180.08,177.1,177.58,177.58,8430040
2026-06-18,175.64,175.64,172.23,173.63,173.63,19146123
2026-06-22,174.08,175.445,172.86,175.06,175.06,11108891
2026-06-23,175.78,176.4,174.7,175.98,175.98,6555262
2026-06-24,173.89,173.99,170.86,171.45,171.45,10634624
2026-06-25,170.22,172.77,169.27,172.24,172.24,7956368
2026-06-26,172.24,172.25,169.93,171.06,171.06,13102150
2026-06-29,171.37,171.6,168.37,168.47,168.47,8813693
2026-06-30,169.7,170.46,165.2,165.76,165.76,19428792
2026-07-01,164.78,167.47,164.78,165.69,165.69,9175518
2026-07-02,168.28,169.5484,167.4,169.2,169.2,9563732
