Date,Open,High,Low,Close,Adj Close,Volume
1970-01-02,0.531514,0.531514,0.517198,0.517198,0.517198,1686401
1970-01-05,0.517198,0.517198,0.502879,0.502879,0.502879,1361308
1970-01-06,0.502879,0.510823,0.502879,0.510823,0.510823,1462898
1970-01-07,0.510823,0.517198,0.510823,0.510823,0.510823,467314
1970-01-08,0.510823,0.517198,0.510823,0.517198,0.517198,650174
1970-01-09,0.517198,0.524846,0.517198,0.517198,0.517198,1056539
1970-01-12,0.517198,0.517198,0.510823,0.510823,0.510823,1219085
1970-01-13,0.510823,0.517198,0.510823,0.510823,0.510823,1198770
1970-01-14,0.510823,0.524846,0.510823,0.517198,0.517198,873676
1970-01-15,0.517198,0.524846,0.517198,0.524846,0.524846,1706714
1970-01-16,0.524846,0.524846,0.517198,0.517198,0.517198,1036224
1970-01-19,0.517198,0.517198,0.510823,0.517198,0.517198,1666082
1970-01-20,0.517198,0.517198,0.502879,0.517198,0.517198,1076856
1970-01-21,0.517198,0.517198,0.510823,0.517198,0.517198,1239402
1970-01-22,0.517198,0.517198,0.510823,0.517198,0.517198,507957
1970-01-23,0.517198,0.517198,0.517198,0.517198,0.517198,1381631
1970-01-26,0.517198,0.517198,0.510823,0.517198,0.517198,1381631
1970-01-27,0.510823,0.510823,0.510823,0.510823,0.510823,751770
1970-01-28,0.502879,0.502879,0.481942,0.481942,0.481942,2113081
1970-01-29,0.481942,0.481942,0.453572,0.46784,0.46784,5059198
1970-01-30,0.46784,0.46784,0.453572,0.46784,0.46784,3962025
1970-02-02,0.46784,0.488954,0.46784,0.488954,0.488954,2275622
1970-02-03,0.488954,0.510823,0.481942,0.481942,0.481942,3799473
1970-02-04,0.481942,0.481942,0.460917,0.460917,0.460917,3941707
1970-02-05,0.460917,0.481942,0.460917,0.481942,0.481942,2661665
1970-02-06,0.481942,0.481942,0.47496,0.481942,0.481942,995583
1970-02-09,0.488954,0.502879,0.488954,0.502879,0.502879,2377213
1970-02-10,0.510823,0.517198,0.510823,0.510823,0.510823,3535346
1970-02-11,0.510823,0.510823,0.502879,0.502879,0.502879,3149301
1970-02-12,0.502879,0.502879,0.481942,0.488954,0.488954,4754424
1970-02-13,0.488954,0.488954,0.46784,0.47496,0.47496,2174033
1970-02-16,0.47496,0.481942,0.47496,0.47496,0.47496,1158129
1970-02-17,0.47496,0.47496,0.460917,0.46784,0.46784,2702300
1970-02-18,0.46784,0.47496,0.46784,0.46784,0.46784,1239402
1970-02-19,0.46784,0.46784,0.46784,0.46784,0.46784,812726
1970-02-20,0.46784,0.46784,0.453572,0.460917,0.460917,1970851
1970-02-24,0.460917,0.460917,0.446649,0.446649,0.446649,5282697
1970-02-25,0.446649,0.46784,0.446649,0.46784,0.46784,3982339
1970-02-26,0.460917,0.460917,0.453572,0.453572,0.453572,1909895
1970-02-27,0.460917,0.46784,0.460917,0.46784,0.46784,2295940
1970-03-02,0.46784,0.47496,0.46784,0.46784,0.46784,1483215
1970-03-03,0.46784,0.46784,0.460917,0.46784,0.46784,2072441
1970-03-04,0.46784,0.47496,0.46784,0.46784,0.46784,1036224
1970-03-05,0.46784,0.47496,0.46784,0.46784,0.46784,1259720
1970-03-06,0.46784,0.46784,0.460917,0.460917,0.460917,1280038
1970-03-09,0.460917,0.460917,0.460917,0.460917,0.460917,386043
1970-03-10,0.460917,0.460917,0.453572,0.453572,0.453572,1909895
1970-03-11,0.453572,0.460917,0.453572,0.460917,0.460917,609543
1970-03-12,0.460917,0.460917,0.460917,0.460917,0.460917,548585
1970-03-13,0.460917,0.460917,0.453572,0.453572,0.453572,1889579
1970-03-16,0.453572,0.453572,0.446649,0.446649,0.446649,1137810
1970-03-17,0.446649,0.453572,0.446649,0.446649,0.446649,1787991
1970-03-18,0.446649,0.453572,0.446649,0.453572,0.453572,1056539
1970-03-19,0.453572,0.453572,0.453572,0.453572,0.453572,1584807
1970-03-20,0.453572,0.453572,0.446649,0.453572,0.453572,731453
1970-03-23,0.453572,0.453572,0.446649,0.446649,0.446649,304767
1970-03-24,0.446649,0.446649,0.439215,0.446649,0.446649,2356893
1970-03-25,0.453572,0.46784,0.453572,0.460917,0.460917,3210253
1970-03-26,0.460917,0.460917,0.460917,0.460917,0.460917,1320677
1970-03-30,0.460917,0.460917,0.460917,0.460917,0.460917,1930214
1970-03-31,0.453572,0.453572,0.453572,0.453572,0.453572,954954
1970-04-01,0.453572,0.453572,0.453572,0.453572,0.453572,1158129
1970-04-02,0.446649,0.446649,0.439215,0.446649,0.446649,1117494
1970-04-03,0.446649,0.446649,0.446649,0.446649,0.446649,1422265
1970-04-06,0.446649,0.446649,0.432292,0.432292,0.432292,3210253
1970-04-07,0.432292,0.432292,0.418063,0.418063,0.418063,2153714
1970-04-08,0.418063,0.42535,0.418063,0.418063,0.418063,1036224
1970-04-09,0.418063,0.432292,0.418063,0.432292,0.432292,1158129
1970-04-10,0.432292,0.439215,0.42535,0.432292,0.432292,4673154
1970-04-13,0.432292,0.432292,0.42535,0.42535,0.42535,1239402
1970-04-14,0.42535,0.432292,0.418063,0.432292,0.432292,1178446
1970-04-15,0.432292,0.439215,0.432292,0.432292,0.432292,3128981
1970-04-16,0.432292,0.432292,0.432292,0.432292,0.432292,1767672
1970-04-17,0.432292,0.432292,0.432292,0.432292,0.432292,1340991
1970-04-20,0.432292,0.432292,0.42535,0.432292,0.432292,2011490
1970-04-21,0.432292,0.432292,0.42535,0.42535,0.42535,731453
1970-04-22,0.42535,0.42535,0.42535,0.42535,0.42535,792405
1970-04-23,0.42535,0.42535,0.411149,0.411149,0.411149,1076856
1970-04-24,0.411149,0.411149,0.411149,0.411149,0.411149,1117494
1970-04-27,0.411149,0.411149,0.403941,0.403941,0.403941,995583
1970-04-28,0.403941,0.403941,0.403941,0.403941,0.403941,954954
1970-04-29,0.403941,0.418063,0.396822,0.418063,0.418063,3575978
1970-04-30,0.418063,0.42535,0.418063,0.418063,0.418063,751770
1970-05-01,0.418063,0.418063,0.418063,0.418063,0.418063,447000
1970-05-04,0.411149,0.411149,0.403941,0.403941,0.403941,812726
1970-05-05,0.403941,0.403941,0.403941,0.403941,0.403941,1340991
1970-05-06,0.403941,0.403941,0.403941,0.403941,0.403941,1645765
1970-05-07,0.411149,0.418063,0.411149,0.411149,0.411149,1605125
1970-05-08,0.411149,0.418063,0.403941,0.403941,0.403941,1300356
1970-05-11,0.403941,0.403941,0.396822,0.396822,0.396822,995583
1970-05-12,0.396822,0.403941,0.396822,0.396822,0.396822,1076856
1970-05-13,0.396822,0.396822,0.396822,0.396822,0.396822,507957
1970-05-14,0.396822,0.396822,0.38981,0.396822,0.396822,1544175
1970-05-15,0.396822,0.411149,0.396822,0.411149,0.411149,954954
1970-05-18,0.418063,0.42535,0.418063,0.418063,0.418063,792405
1970-05-19,0.418063,0.418063,0.396822,0.396822,0.396822,927858
1970-05-20,0.396822,0.396822,0.38981,0.38981,0.38981,765314
1970-05-21,0.38275,0.38275,0.36853,0.375629,0.375629,2654893
1970-05-22,0.375629,0.38275,0.36142,0.375629,0.375629,1056539
1970-05-25,0.36853,0.36853,0.34726,0.34726,0.34726,2424622
1970-05-26,0.34726,0.34726,0.326077,0.333098,0.333098,2167260
1970-05-27,0.340169,0.35435,0.340169,0.35435,0.35435,2824211
1970-05-28,0.35435,0.36142,0.34726,0.36142,0.36142,4469972
1970-05-29,0.36142,0.38275,0.35435,0.38275,0.38275,2641347
1970-06-01,0.38275,0.396822,0.38275,0.396822,0.396822,2146942
1970-06-02,0.396822,0.403941,0.38275,0.38981,0.38981,1679625
1970-06-03,0.38981,0.411149,0.38981,0.411149,0.411149,1672851
1970-06-04,0.411149,0.42535,0.403941,0.403941,0.403941,2749707
1970-06-05,0.403941,0.403941,0.396822,0.396822,0.396822,1124267
1970-06-08,0.396822,0.396822,0.38275,0.396822,0.396822,738224
1970-06-09,0.396822,0.396822,0.38981,0.396822,0.396822,921086
1970-06-10,0.396822,0.403941,0.396822,0.396822,0.396822,1049765
1970-06-11,0.396822,0.403941,0.38981,0.403941,0.403941,887222
1970-06-12,0.403941,0.403941,0.396822,0.403941,0.403941,982038
1970-06-15,0.403941,0.411149,0.403941,0.411149,0.411149,528268
1970-06-16,0.418063,0.446649,0.418063,0.439215,0.439215,1286811
1970-06-17,0.439215,0.439215,0.42535,0.432292,0.432292,1374858
1970-06-18,0.432292,0.439215,0.42535,0.439215,0.439215,785633
1970-06-19,0.439215,0.446649,0.432292,0.432292,0.432292,1747353
1970-06-22,0.432292,0.439215,0.418063,0.432292,0.432292,555365
1970-06-23,0.42535,0.42535,0.418063,0.418063,0.418063,1009132
1970-06-24,0.418063,0.418063,0.403941,0.411149,0.411149,751770
1970-06-25,0.411149,0.42535,0.411149,0.411149,0.411149,548585
1970-06-26,0.411149,0.411149,0.396822,0.403941,0.403941,684042
1970-06-29,0.403941,0.411149,0.396822,0.403941,0.403941,399591
1970-06-30,0.403941,0.418063,0.403941,0.411149,0.411149,589225
1970-07-01,0.411149,0.411149,0.403941,0.411149,0.411149,1300356
1970-07-02,0.411149,0.411149,0.403941,0.403941,0.403941,304767
1970-07-06,0.411149,0.418063,0.411149,0.411149,0.411149,948178
1970-07-07,0.411149,0.418063,0.396822,0.396822,0.396822,1293585
1970-07-08,0.396822,0.411149,0.396822,0.411149,0.411149,575682
1970-07-09,0.411149,0.42535,0.411149,0.418063,0.418063,602770
1970-07-10,0.418063,0.42535,0.418063,0.42535,0.42535,474089
1970-07-13,0.42535,0.432292,0.418063,0.418063,0.418063,568903
1970-07-14,0.418063,0.42535,0.411149,0.418063,0.418063,778858
1970-07-15,0.418063,0.42535,0.418063,0.42535,0.42535,1286811
1970-07-16,0.42535,0.432292,0.418063,0.418063,0.418063,1076856
1970-07-17,0.42535,0.439215,0.42535,0.439215,0.439215,1198770
1970-07-20,0.439215,0.446649,0.439215,0.439215,0.439215,1727034
1970-07-21,0.439215,0.446649,0.439215,0.439215,0.439215,2539757
1970-07-22,0.439215,0.439215,0.439215,0.439215,0.439215,2641347
1970-07-23,0.439215,0.446649,0.432292,0.432292,0.432292,2546529
1970-07-24,0.432292,0.432292,0.42535,0.42535,0.42535,941401
1970-07-27,0.42535,0.42535,0.418063,0.418063,0.418063,595994
1970-07-28,0.418063,0.432292,0.418063,0.42535,0.42535,1090404
1970-07-29,0.432292,0.439215,0.432292,0.439215,0.439215,460545
1970-07-30,0.439215,0.439215,0.432292,0.432292,0.432292,765314
1970-07-31,0.432292,0.439215,0.432292,0.432292,0.432292,684042
1970-08-03,0.432292,0.432292,0.418063,0.42535,0.42535,1151357
1970-08-04,0.42535,0.42535,0.418063,0.42535,0.42535,765314
1970-08-05,0.42535,0.42535,0.418063,0.418063,0.418063,893992
1970-08-06,0.418063,0.42535,0.418063,0.418063,0.418063,663723
1970-08-07,0.418063,0.42535,0.418063,0.418063,0.418063,1144583
1970-08-10,0.418063,0.418063,0.403941,0.403941,0.403941,948178
1970-08-11,0.403941,0.403941,0.396822,0.396822,0.396822,1198770
1970-08-12,0.396822,0.403941,0.396822,0.396822,0.396822,406362
1970-08-13,0.396822,0.396822,0.38275,0.38981,0.38981,2587168
1970-08-14,0.38981,0.38981,0.38275,0.38275,0.38275,1408718
1970-08-17,0.38275,0.38275,0.375629,0.38275,0.38275,1564490
1970-08-18,0.396822,0.411149,0.396822,0.396822,0.396822,1063315
1970-08-19,0.396822,0.411149,0.396822,0.396822,0.396822,880445
1970-08-20,0.396822,0.411149,0.38981,0.403941,0.403941,1151357
1970-08-21,0.403941,0.42535,0.403941,0.418063,0.418063,1578036
1970-08-24,0.42535,0.439215,0.42535,0.432292,0.432292,1462898
1970-08-25,0.432292,0.439215,0.42535,0.439215,0.439215,717905
1970-08-26,0.439215,0.439215,0.42535,0.42535,0.42535,311537
1970-08-27,0.42535,0.432292,0.42535,0.42535,0.42535,521500
1970-08-28,0.42535,0.432292,0.418063,0.432292,0.432292,1429039
1970-08-31,0.432292,0.432292,0.432292,0.432292,0.432292,399591
1970-09-01,0.432292,0.432292,0.432292,0.432292,0.432292,629860
1970-09-02,0.432292,0.432292,0.42535,0.42535,0.42535,961720
1970-09-03,0.42535,0.453572,0.42535,0.446649,0.446649,1720261
1970-09-04,0.446649,0.453572,0.446649,0.453572,0.453572,1185219
1970-09-08,0.453572,0.460917,0.446649,0.460917,0.460917,948178
1970-09-09,0.46784,0.47496,0.46784,0.47496,0.47496,1232629
1970-09-10,0.46784,0.46784,0.453572,0.46784,0.46784,1097177
1970-09-11,0.46784,0.46784,0.453572,0.460917,0.460917,474089
1970-09-14,0.460917,0.46784,0.453572,0.460917,0.460917,1158129
1970-09-15,0.460917,0.460917,0.446649,0.446649,0.446649,860133
1970-09-16,0.446649,0.460917,0.446649,0.453572,0.453572,1476443
1970-09-17,0.453572,0.46784,0.453572,0.460917,0.460917,1029445
1970-09-18,0.460917,0.46784,0.460917,0.46784,0.46784,602770
1970-09-21,0.46784,0.46784,0.460917,0.460917,0.460917,528268
1970-09-22,0.453572,0.453572,0.439215,0.453572,0.453572,1374858
1970-09-23,0.453572,0.46784,0.453572,0.453572,0.453572,751770
1970-09-24,0.453572,0.46784,0.453572,0.460917,0.460917,1151357
1970-09-25,0.46784,0.47496,0.46784,0.47496,0.47496,1496763
1970-09-28,0.47496,0.47496,0.453572,0.453572,0.453572,1957307
1970-09-29,0.453572,0.46784,0.453572,0.460917,0.460917,1672851
1970-09-30,0.46784,0.46784,0.46784,0.46784,0.46784,690815
1970-10-01,0.46784,0.46784,0.46784,0.46784,0.46784,379271
1970-10-02,0.46784,0.47496,0.46784,0.47496,0.47496,1266493
1970-10-05,0.47496,0.481942,0.47496,0.481942,0.481942,1083632
1970-10-06,0.488954,0.488954,0.488954,0.488954,0.488954,948178
1970-10-07,0.488954,0.488954,0.481942,0.488954,0.488954,1137810
1970-10-08,0.488954,0.488954,0.47496,0.481942,0.481942,717905
1970-10-09,0.47496,0.47496,0.460917,0.46784,0.46784,717905
1970-10-12,0.460917,0.460917,0.453572,0.460917,0.460917,528268
1970-10-13,0.460917,0.47496,0.453572,0.47496,0.47496,1076856
1970-10-14,0.47496,0.481942,0.47496,0.47496,0.47496,927858
1970-10-15,0.47496,0.481942,0.47496,0.47496,0.47496,1049765
1970-10-16,0.47496,0.481942,0.46784,0.46784,0.46784,1232629
1970-10-19,0.46784,0.46784,0.460917,0.460917,0.460917,792405
1970-10-20,0.46784,0.481942,0.46784,0.481942,0.481942,501180
1970-10-21,0.481942,0.481942,0.481942,0.481942,0.481942,426683
1970-10-22,0.481942,0.481942,0.47496,0.481942,0.481942,1056539
1970-10-23,0.481942,0.488954,0.481942,0.488954,0.488954,562133
1970-10-26,0.488954,0.49631,0.481942,0.49631,0.49631,684042
1970-10-27,0.49631,0.49631,0.488954,0.488954,0.488954,704362
1970-10-28,0.488954,0.488954,0.47496,0.488954,0.488954,860133
1970-10-29,0.488954,0.49631,0.481942,0.488954,0.488954,778858
1970-10-30,0.488954,0.502879,0.488954,0.502879,0.502879,670502
1970-11-02,0.502879,0.502879,0.488954,0.502879,0.502879,1036224
1970-11-03,0.502879,0.502879,0.49631,0.502879,0.502879,399591
1970-11-04,0.502879,0.517198,0.502879,0.510823,0.510823,751770
1970-11-05,0.510823,0.524846,0.510823,0.524846,0.524846,1178446
1970-11-06,0.524846,0.524846,0.517198,0.517198,0.517198,1286811
1970-11-09,0.517198,0.517198,0.517198,0.517198,0.517198,873676
1970-11-10,0.517198,0.517198,0.510823,0.517198,0.517198,514728
1970-11-11,0.517198,0.524846,0.510823,0.510823,0.510823,1483215
1970-11-12,0.510823,0.510823,0.502879,0.502879,0.502879,494405
1970-11-13,0.502879,0.502879,0.502879,0.502879,0.502879,948178
1970-11-17,0.49631,0.502879,0.49631,0.502879,0.502879,995583
1970-11-18,0.49631,0.49631,0.488954,0.49631,0.49631,1124267
1970-11-19,0.49631,0.49631,0.488954,0.49631,0.49631,731453
1970-11-20,0.49631,0.49631,0.49631,0.49631,0.49631,555365
1970-11-23,0.49631,0.502879,0.49631,0.49631,0.49631,738224
1970-11-24,0.49631,0.502879,0.49631,0.502879,0.502879,6136055
1970-11-25,0.502879,0.502879,0.502879,0.502879,0.502879,690815
1970-11-27,0.502879,0.517198,0.502879,0.517198,0.517198,927858
1970-11-30,0.517198,0.524846,0.517198,0.517198,0.517198,1523857
1970-12-01,0.517198,0.524846,0.510823,0.510823,0.510823,656954
1970-12-02,0.510823,0.517198,0.510823,0.517198,0.517198,1056539
1970-12-03,0.517198,0.517198,0.502879,0.510823,0.510823,3989111
1970-12-04,0.510823,0.510823,0.49631,0.502879,0.502879,2709075
1970-12-07,0.502879,0.502879,0.49631,0.49631,0.49631,1259720
1970-12-08,0.49631,0.49631,0.488954,0.49631,0.49631,1185219
1970-12-09,0.49631,0.502879,0.49631,0.502879,0.502879,3535346
1970-12-10,0.502879,0.502879,0.49631,0.49631,0.49631,1442582
1970-12-11,0.49631,0.49631,0.481942,0.481942,0.481942,1618667
1970-12-14,0.481942,0.488954,0.481942,0.481942,0.481942,2621031
1970-12-15,0.481942,0.49631,0.481942,0.49631,0.49631,744996
1970-12-16,0.502879,0.517198,0.502879,0.517198,0.517198,1347767
1970-12-17,0.517198,0.517198,0.510823,0.510823,0.510823,1483215
1970-12-18,0.510823,0.510823,0.49631,0.510823,0.510823,751770
1970-12-21,0.510823,0.510823,0.502879,0.502879,0.502879,839816
1970-12-22,0.502879,0.502879,0.488954,0.49631,0.49631,1517086
1970-12-23,0.49631,0.502879,0.49631,0.502879,0.502879,589225
1970-12-24,0.502879,0.510823,0.502879,0.510823,0.510823,663723
1970-12-28,0.510823,0.510823,0.502879,0.510823,0.510823,447000
1970-12-29,0.510823,0.517198,0.502879,0.510823,0.510823,528268
1970-12-30,0.510823,0.517198,0.502879,0.502879,0.502879,1070082
1970-12-31,0.502879,0.510823,0.49631,0.502879,0.502879,413136
1971-01-04,0.502879,0.510823,0.502879,0.502879,0.502879,209954
1971-01-05,0.502879,0.517198,0.502879,0.510823,0.510823,568903
1971-01-06,0.510823,0.524846,0.510823,0.517198,0.517198,1002361
1971-01-07,0.524846,0.538967,0.524846,0.538967,0.538967,1523857
1971-01-08,0.545635,0.552892,0.545635,0.545635,0.545635,1537398
1971-01-11,0.552892,0.574173,0.552892,0.566818,0.566818,1354538
1971-01-12,0.566818,0.574173,0.559855,0.574173,0.574173,1977626
1971-01-13,0.574173,0.581038,0.566818,0.581038,0.581038,2776799
1971-01-14,0.581038,0.581038,0.566818,0.581038,0.581038,1307125
1971-01-15,0.581038,0.581038,0.574173,0.574173,0.574173,616315
1971-01-18,0.566818,0.566818,0.531514,0.538967,0.538967,3007072
1971-01-19,0.538967,0.552892,0.531514,0.552892,0.552892,2715850
1971-01-20,0.552892,0.566818,0.552892,0.559855,0.559855,2194350
1971-01-21,0.559855,0.559855,0.552892,0.552892,0.552892,406362
1971-01-22,0.552892,0.559855,0.545635,0.559855,0.559855,1219085
1971-01-25,0.559855,0.559855,0.552892,0.552892,0.552892,2790346
1971-01-26,0.559855,0.566818,0.559855,0.566818,0.566818,1435810
1971-01-27,0.566818,0.566818,0.559855,0.559855,0.559855,995583
1971-01-28,0.559855,0.566818,0.559855,0.559855,0.559855,1713496
1971-01-29,0.559855,0.566818,0.559855,0.566818,0.566818,1347767
1971-02-01,0.566818,0.574173,0.566818,0.574173,0.574173,826268
1971-02-02,0.574173,0.581038,0.566818,0.581038,0.581038,968497
1971-02-03,0.581038,0.595061,0.574173,0.588295,0.588295,1110721
1971-02-04,0.588295,0.602514,0.588295,0.588295,0.588295,1022676
1971-02-05,0.588295,0.595061,0.588295,0.595061,0.595061,1659308
1971-02-08,0.595061,0.602514,0.588295,0.595061,0.595061,1340991
1971-02-09,0.595061,0.602514,0.588295,0.595061,0.595061,1462898
1971-02-10,0.595061,0.630952,0.588295,0.630952,0.630952,1022676
1971-02-11,0.6235,0.6235,0.616929,0.616929,0.616929,2702300
1971-02-12,0.616929,0.616929,0.60928,0.60928,0.60928,1171671
1971-02-16,0.60928,0.616929,0.60928,0.60928,0.60928,1368083
1971-02-17,0.60928,0.60928,0.60928,0.60928,0.60928,975270
1971-02-18,0.60928,0.616929,0.60928,0.616929,0.616929,1124267
1971-02-19,0.60928,0.60928,0.595061,0.595061,0.595061,1137810
1971-02-22,0.595061,0.595061,0.588295,0.595061,0.595061,751770
1971-02-23,0.595061,0.60928,0.595061,0.60928,0.60928,392815
1971-02-24,0.616929,0.616929,0.616929,0.616929,0.616929,338631
1971-02-25,0.616929,0.6235,0.616929,0.6235,0.6235,1503535
1971-02-26,0.6235,0.6235,0.616929,0.6235,0.6235,602770
1971-03-01,0.6235,0.6235,0.616929,0.6235,0.6235,264132
1971-03-02,0.6235,0.630952,0.6235,0.630952,0.630952,975270
1971-03-03,0.630952,0.630952,0.6235,0.6235,0.6235,548585
1971-03-04,0.6235,0.644976,0.6235,0.644976,0.644976,2133395
1971-03-05,0.652037,0.659195,0.652037,0.659195,0.659195,744996
1971-03-08,0.659195,0.659195,0.652037,0.659195,0.659195,1144583
1971-03-09,0.659195,0.680181,0.659195,0.680181,0.680181,921086
1971-03-10,0.687438,0.708719,0.687438,0.708719,0.708719,3149301
1971-03-11,0.708719,0.708719,0.666354,0.673611,0.673611,2431399
1971-03-12,0.666354,0.666354,0.644976,0.659195,0.659195,1909895
1971-03-15,0.659195,0.666354,0.652037,0.666354,0.666354,2424622
1971-03-16,0.673611,0.687438,0.673611,0.687438,0.687438,2153714
1971-03-17,0.687438,0.694401,0.680181,0.694401,0.694401,331862
1971-03-18,0.694401,0.701854,0.687438,0.687438,0.687438,426683
1971-03-19,0.687438,0.694401,0.680181,0.680181,0.680181,419907
1971-03-22,0.680181,0.680181,0.673611,0.673611,0.673611,284453
1971-03-23,0.659195,0.659195,0.644976,0.652037,0.652037,2031803
1971-03-24,0.652037,0.659195,0.652037,0.652037,0.652037,568903
1971-03-25,0.652037,0.652037,0.644976,0.652037,0.652037,765314
1971-03-26,0.652037,0.680181,0.652037,0.666354,0.666354,589225
1971-03-29,0.666354,0.680181,0.666354,0.680181,0.680181,379271
1971-03-30,0.680181,0.687438,0.680181,0.687438,0.687438,521500
1971-03-31,0.687438,0.687438,0.680181,0.680181,0.680181,358951
1971-04-01,0.680181,0.687438,0.680181,0.680181,0.680181,907538
1971-04-02,0.680181,0.680181,0.673611,0.680181,0.680181,433450
1971-04-05,0.680181,0.680181,0.673611,0.673611,0.673611,304767
1971-04-06,0.673611,0.680181,0.673611,0.673611,0.673611,826268
1971-04-07,0.673611,0.687438,0.673611,0.673611,0.673611,562133
1971-04-08,0.673611,0.673611,0.666354,0.673611,0.673611,636634
1971-04-12,0.673611,0.680181,0.666354,0.673611,0.673611,3142526
1971-04-13,0.680181,0.680181,0.680181,0.680181,0.680181,2052124
1971-04-14,0.680181,0.694401,0.680181,0.694401,0.694401,805947
1971-04-15,0.694401,0.701854,0.687438,0.701854,0.701854,738224
1971-04-16,0.701854,0.701854,0.694401,0.701854,0.701854,392815
1971-04-19,0.701854,0.708719,0.701854,0.701854,0.701854,460545
1971-04-20,0.701854,0.708719,0.701854,0.701854,0.701854,799179
1971-04-21,0.701854,0.701854,0.694401,0.701854,0.701854,555365
1971-04-22,0.701854,0.701854,0.687438,0.701854,0.701854,467314
1971-04-23,0.694401,0.694401,0.687438,0.694401,0.694401,358951
1971-04-26,0.694401,0.694401,0.687438,0.694401,0.694401,311537
1971-04-27,0.694401,0.71578,0.694401,0.71578,0.71578,907538
1971-04-28,0.729998,0.744317,0.729998,0.729998,0.729998,1232629
1971-04-29,0.729998,0.744317,0.729998,0.736863,0.736863,941401
1971-04-30,0.736863,0.744317,0.736863,0.744317,0.744317,629860
1971-05-03,0.744317,0.744317,0.729998,0.729998,0.729998,2478806
1971-05-04,0.729998,0.736863,0.71578,0.736863,0.736863,1144583
1971-05-05,0.736863,0.758438,0.736863,0.75118,0.75118,1225855
1971-05-06,0.758438,0.793937,0.758438,0.78668,0.78668,1164903
1971-05-07,0.78668,0.800998,0.78668,0.800998,0.800998,1076856
1971-05-10,0.793937,0.793937,0.78668,0.793937,0.793937,954954
1971-05-11,0.793937,0.793937,0.779717,0.78668,0.78668,582454
1971-05-12,0.78668,0.78668,0.779717,0.78668,0.78668,535043
1971-05-13,0.78668,0.78668,0.779717,0.779717,0.779717,277679
1971-05-14,0.779717,0.78668,0.779717,0.78668,0.78668,2085987
1971-05-17,0.779717,0.779717,0.765401,0.765401,0.765401,568903
1971-05-18,0.765401,0.779717,0.765401,0.772461,0.772461,1693172
1971-05-19,0.772461,0.779717,0.772461,0.772461,0.772461,480862
1971-05-20,0.772461,0.772461,0.772461,0.772461,0.772461,717905
1971-05-21,0.772461,0.772461,0.765401,0.765401,0.765401,406362
1971-05-24,0.765401,0.772461,0.765401,0.765401,0.765401,325091
1971-05-25,0.765401,0.772461,0.75118,0.772461,0.772461,643405
1971-05-26,0.765401,0.765401,0.765401,0.765401,0.765401,467314
1971-05-27,0.765401,0.772461,0.758438,0.758438,0.758438,555365
1971-05-28,0.758438,0.765401,0.75118,0.765401,0.765401,670502
1971-06-01,0.765401,0.765401,0.75118,0.765401,0.765401,1347767
1971-06-02,0.765401,0.779717,0.765401,0.779717,0.779717,1835399
1971-06-03,0.779717,0.78668,0.779717,0.78668,0.78668,1056539
1971-06-04,0.78668,0.78668,0.779717,0.78668,0.78668,690815
1971-06-07,0.78668,0.78668,0.779717,0.779717,0.779717,778858
1971-06-08,0.779717,0.78668,0.772461,0.772461,0.772461,643405
1971-06-09,0.772461,0.779717,0.765401,0.772461,0.772461,568903
1971-06-10,0.772461,0.78668,0.772461,0.779717,0.779717,792405
1971-06-11,0.779717,0.78668,0.772461,0.78668,0.78668,744996
1971-06-14,0.78668,0.80796,0.78668,0.80796,0.80796,1388398
1971-06-15,0.80796,0.843362,0.800998,0.836204,0.836204,1076856
1971-06-16,0.836204,0.850717,0.82218,0.850717,0.850717,1720261
1971-06-17,0.843362,0.843362,0.828947,0.836204,0.836204,2451711
1971-06-18,0.836204,0.836204,0.828947,0.828947,0.828947,1083632
1971-06-21,0.82218,0.82218,0.815022,0.815022,0.815022,765314
1971-06-22,0.815022,0.815022,0.800998,0.800998,0.800998,1063315
1971-06-23,0.80796,0.82218,0.80796,0.82218,0.82218,873676
1971-06-24,0.82218,0.836204,0.82218,0.828947,0.828947,1191994
1971-06-25,0.828947,0.828947,0.815022,0.82218,0.82218,3548891
1971-06-28,0.82218,0.82218,0.815022,0.815022,0.815022,311537
1971-06-29,0.815022,0.836204,0.815022,0.836204,0.836204,1462898
1971-06-30,0.850717,0.85768,0.850717,0.850717,0.850717,799179
1971-07-01,0.850717,0.86474,0.843362,0.850717,0.850717,1469677
1971-07-02,0.850717,0.85768,0.850717,0.850717,0.850717,237044
1971-07-06,0.843362,0.843362,0.828947,0.836204,0.836204,1205535
1971-07-07,0.836204,0.843362,0.828947,0.828947,0.828947,954954
1971-07-08,0.828947,0.836204,0.828947,0.836204,0.836204,575682
1971-07-09,0.836204,0.843362,0.836204,0.843362,0.843362,480862
1971-07-12,0.843362,0.850717,0.843362,0.843362,0.843362,426683
1971-07-13,0.843362,0.85768,0.836204,0.836204,0.836204,453770
1971-07-14,0.836204,0.836204,0.828947,0.836204,0.836204,677266
1971-07-15,0.836204,0.850717,0.836204,0.850717,0.850717,616315
1971-07-16,0.850717,0.85768,0.843362,0.843362,0.843362,507957
1971-07-19,0.843362,0.843362,0.828947,0.828947,0.828947,298000
1971-07-20,0.828947,0.843362,0.828947,0.843362,0.843362,311537
1971-07-21,0.843362,0.850717,0.843362,0.843362,0.843362,372500
1971-07-22,0.843362,0.843362,0.836204,0.843362,0.843362,528268
1971-07-23,0.850717,0.86474,0.850717,0.86474,0.86474,575682
1971-07-26,0.86474,0.871508,0.85768,0.85768,0.85768,318316
1971-07-27,0.850717,0.850717,0.836204,0.843362,0.843362,866908
1971-07-28,0.843362,0.850717,0.836204,0.836204,0.836204,907538
1971-07-29,0.836204,0.836204,0.815022,0.82218,0.82218,1070082
1971-07-30,0.82218,0.828947,0.815022,0.828947,0.828947,1015903
1971-08-02,0.828947,0.836204,0.82218,0.82218,0.82218,751770
1971-08-03,0.815022,0.815022,0.78668,0.793937,0.793937,914318
1971-08-04,0.793937,0.815022,0.78668,0.800998,0.800998,1327445
1971-08-05,0.800998,0.800998,0.78668,0.793937,0.793937,548585
1971-08-06,0.793937,0.800998,0.765401,0.772461,0.772461,3982339
1971-08-09,0.765401,0.765401,0.75118,0.758438,0.758438,995583
1971-08-10,0.758438,0.779717,0.75118,0.779717,0.779717,717905
1971-08-11,0.78668,0.800998,0.78668,0.800998,0.800998,440224
1971-08-12,0.80796,0.815022,0.80796,0.815022,0.815022,846586
1971-08-13,0.815022,0.82218,0.815022,0.82218,0.82218,1422265
1971-08-16,0.850717,0.871508,0.850717,0.86474,0.86474,1578036
1971-08-17,0.86474,0.86474,0.850717,0.85768,0.85768,1727034
1971-08-18,0.85768,0.85768,0.836204,0.836204,0.836204,1164903
1971-08-19,0.836204,0.836204,0.828947,0.828947,0.828947,467314
1971-08-20,0.828947,0.836204,0.828947,0.828947,0.828947,189632
1971-08-23,0.836204,0.850717,0.836204,0.843362,0.843362,406362
1971-08-24,0.843362,0.850717,0.843362,0.850717,0.850717,514728
1971-08-25,0.850717,0.850717,0.843362,0.843362,0.843362,521500
1971-08-26,0.843362,0.843362,0.836204,0.836204,0.836204,318316
1971-08-27,0.828947,0.828947,0.82218,0.82218,0.82218,338631
1971-08-30,0.82218,0.82218,0.793937,0.793937,0.793937,1842168
1971-08-31,0.793937,0.80796,0.793937,0.80796,0.80796,1584807
1971-09-01,0.80796,0.80796,0.793937,0.793937,0.793937,1117494
1971-09-02,0.793937,0.800998,0.793937,0.800998,0.800998,426683
1971-09-03,0.800998,0.80796,0.800998,0.80796,0.80796,900767
1971-09-07,0.80796,0.80796,0.800998,0.800998,0.800998,1754126
1971-09-08,0.800998,0.80796,0.793937,0.800998,0.800998,433450
1971-09-09,0.800998,0.80796,0.800998,0.80796,0.80796,555365
1971-09-10,0.80796,0.80796,0.800998,0.80796,0.80796,548585
1971-09-13,0.80796,0.80796,0.800998,0.80796,0.80796,250587
1971-09-14,0.80796,0.80796,0.800998,0.800998,0.800998,501180
1971-09-15,0.800998,0.800998,0.793937,0.800998,0.800998,284453
1971-09-16,0.800998,0.80796,0.793937,0.800998,0.800998,738224
1971-09-17,0.800998,0.800998,0.793937,0.800998,0.800998,548585
1971-09-20,0.793937,0.793937,0.78668,0.78668,0.78668,521500
1971-09-21,0.78668,0.78668,0.78668,0.78668,0.78668,595994
1971-09-22,0.78668,0.78668,0.78668,0.78668,0.78668,447000
1971-09-23,0.78668,0.800998,0.78668,0.793937,0.793937,826268
1971-09-24,0.793937,0.793937,0.793937,0.793937,0.793937,399591
1971-09-27,0.793937,0.793937,0.779717,0.78668,0.78668,203181
1971-09-28,0.78668,0.78668,0.779717,0.779717,0.779717,298000
1971-09-29,0.779717,0.793937,0.779717,0.78668,0.78668,636634
1971-09-30,0.78668,0.800998,0.78668,0.800998,0.800998,528268
1971-10-01,0.800998,0.800998,0.793937,0.793937,0.793937,724682
1971-10-04,0.793937,0.793937,0.78668,0.793937,0.793937,1015903
1971-10-05,0.793937,0.793937,0.78668,0.793937,0.793937,643405
1971-10-06,0.793937,0.800998,0.78668,0.800998,0.800998,907538
1971-10-07,0.800998,0.800998,0.793937,0.793937,0.793937,833040
1971-10-08,0.793937,0.793937,0.779717,0.78668,0.78668,1151357
1971-10-11,0.78668,0.78668,0.78668,0.78668,0.78668,216724
1971-10-12,0.78668,0.800998,0.78668,0.793937,0.793937,582454
1971-10-13,0.793937,0.793937,0.793937,0.793937,0.793937,548585
1971-10-14,0.793937,0.793937,0.78668,0.78668,0.78668,1666082
1971-10-15,0.779717,0.779717,0.779717,0.779717,0.779717,643405
1971-10-18,0.779717,0.779717,0.772461,0.772461,0.772461,711133
1971-10-19,0.765401,0.765401,0.744317,0.75118,0.75118,1869264
1971-10-20,0.75118,0.765401,0.75118,0.758438,0.758438,1049765
1971-10-21,0.758438,0.779717,0.758438,0.779717,0.779717,1056539
1971-10-22,0.78668,0.793937,0.78668,0.793937,0.793937,1185219
1971-10-25,0.793937,0.793937,0.78668,0.78668,0.78668,264132
1971-10-26,0.78668,0.793937,0.78668,0.78668,0.78668,447000
1971-10-27,0.78668,0.78668,0.779717,0.78668,0.78668,413136
1971-10-28,0.78668,0.78668,0.78668,0.78668,0.78668,1131040
1971-10-29,0.78668,0.793937,0.78668,0.793937,0.793937,846586
1971-11-01,0.793937,0.793937,0.78668,0.78668,0.78668,345407
1971-11-02,0.78668,0.78668,0.772461,0.78668,0.78668,1794762
1971-11-03,0.78668,0.793937,0.78668,0.793937,0.793937,948178
1971-11-04,0.793937,0.800998,0.793937,0.793937,0.793937,934629
1971-11-05,0.793937,0.793937,0.779717,0.78668,0.78668,1063315
1971-11-08,0.78668,0.78668,0.78668,0.78668,0.78668,121907
1971-11-09,0.78668,0.78668,0.779717,0.779717,0.779717,365725
1971-11-10,0.779717,0.78668,0.779717,0.779717,0.779717,237044
1971-11-11,0.779717,0.78668,0.779717,0.78668,0.78668,927858
1971-11-12,0.78668,0.793937,0.78668,0.78668,0.78668,948178
1971-11-15,0.78668,0.793937,0.78668,0.793937,0.793937,406362
1971-11-16,0.793937,0.800998,0.793937,0.793937,0.793937,724682
1971-11-17,0.793937,0.800998,0.793937,0.793937,0.793937,487634
1971-11-18,0.793937,0.800998,0.793937,0.793937,0.793937,819496
1971-11-19,0.793937,0.800998,0.793937,0.793937,0.793937,663723
1971-11-22,0.793937,0.800998,0.793937,0.793937,0.793937,338631
1971-11-23,0.793937,0.800998,0.78668,0.793937,0.793937,2214668
1971-11-24,0.793937,0.793937,0.793937,0.793937,0.793937,541813
1971-11-26,0.793937,0.800998,0.793937,0.800998,0.800998,555365
1971-11-29,0.800998,0.815022,0.800998,0.80796,0.80796,927858
1971-11-30,0.815022,0.836204,0.815022,0.828947,0.828947,1097177
1971-12-01,0.843362,0.85768,0.843362,0.850717,0.850717,2621031
1971-12-02,0.850717,0.850717,0.843362,0.850717,0.850717,1252945
1971-12-03,0.850717,0.850717,0.836204,0.843362,0.843362,1090404
1971-12-06,0.843362,0.850717,0.843362,0.850717,0.850717,548585
1971-12-07,0.850717,0.850717,0.843362,0.850717,0.850717,386043
1971-12-08,0.850717,0.85768,0.850717,0.850717,0.850717,690815
1971-12-09,0.850717,0.85768,0.850717,0.850717,0.850717,616315
1971-12-10,0.850717,0.871508,0.850717,0.871508,0.871508,738224
1971-12-13,0.871508,0.87896,0.86474,0.871508,0.871508,975270
1971-12-14,0.86474,0.86474,0.850717,0.85768,0.85768,988814
1971-12-15,0.85768,0.86474,0.850717,0.86474,0.86474,1252945
1971-12-16,0.86474,0.871508,0.86474,0.86474,0.86474,3298301
1971-12-17,0.86474,0.871508,0.86474,0.871508,0.871508,1340991
1971-12-20,0.871508,0.87896,0.871508,0.871508,0.871508,1388398
1971-12-21,0.871508,0.871508,0.86474,0.86474,0.86474,1022676
1971-12-22,0.86474,0.871508,0.843362,0.843362,0.843362,846586
1971-12-23,0.843362,0.85768,0.843362,0.850717,0.850717,744996
1971-12-27,0.850717,0.850717,0.850717,0.850717,0.850717,460545
1971-12-28,0.850717,0.85768,0.850717,0.85768,0.85768,744996
1971-12-29,0.85768,0.871508,0.85768,0.86474,0.86474,548585
1971-12-30,0.86474,0.871508,0.86474,0.86474,0.86474,1462898
1971-12-31,0.86474,0.871508,0.86474,0.871508,0.871508,758542
1972-01-03,0.871508,0.871508,0.86474,0.86474,0.86474,1097177
1972-01-04,0.86474,0.86474,0.85768,0.86474,0.86474,1103952
1972-01-05,0.86474,0.871508,0.86474,0.86474,0.86474,914318
1972-01-06,0.86474,0.86474,0.86474,0.86474,0.86474,772087
1972-01-07,0.86474,0.86474,0.86474,0.86474,0.86474,1815080
1972-01-10,0.86474,0.871508,0.86474,0.86474,0.86474,616315
1972-01-11,0.86474,0.86474,0.85768,0.86474,0.86474,697588
1972-01-12,0.86474,0.86474,0.85768,0.85768,0.85768,1469677
1972-01-13,0.85768,0.85768,0.850717,0.850717,0.850717,575682
1972-01-14,0.850717,0.850717,0.843362,0.843362,0.843362,629860
1972-01-17,0.843362,0.843362,0.836204,0.836204,0.836204,792405
1972-01-18,0.836204,0.850717,0.836204,0.843362,0.843362,1076856
1972-01-19,0.843362,0.850717,0.843362,0.850717,0.850717,609543
1972-01-20,0.850717,0.85768,0.850717,0.85768,0.85768,819496
1972-01-21,0.85768,0.85768,0.850717,0.850717,0.850717,2438167
1972-01-24,0.850717,0.850717,0.836204,0.836204,0.836204,684042
1972-01-25,0.836204,0.843362,0.828947,0.843362,0.843362,1137810
1972-01-26,0.843362,0.850717,0.843362,0.850717,0.850717,474089
1972-01-27,0.850717,0.85768,0.850717,0.85768,0.85768,650174
1972-01-28,0.85768,0.86474,0.85768,0.86474,0.86474,778858
1972-01-31,0.86474,0.871508,0.86474,0.871508,0.871508,670502
1972-02-01,0.86474,0.86474,0.86474,0.86474,0.86474,812726
1972-02-02,0.86474,0.871508,0.86474,0.86474,0.86474,1049765
1972-02-03,0.86474,0.87896,0.86474,0.871508,0.871508,3250890
1972-02-04,0.87896,0.928287,0.87896,0.928287,0.928287,3217027
1972-02-07,0.928287,0.942605,0.907202,0.914263,0.914263,1347767
1972-02-08,0.914263,0.914263,0.907202,0.907202,0.907202,555365
1972-02-09,0.907202,0.914263,0.907202,0.907202,0.907202,975270
1972-02-10,0.907202,0.914263,0.900045,0.900045,0.900045,1699941
1972-02-11,0.907202,0.914263,0.907202,0.914263,0.914263,541813
1972-02-14,0.914263,0.914263,0.907202,0.914263,0.914263,575682
1972-02-15,0.914263,0.928287,0.914263,0.921324,0.921324,866908
1972-02-16,0.921324,0.935544,0.921324,0.928287,0.928287,2214668
1972-02-17,0.928287,0.949959,0.928287,0.949959,0.949959,1090404
1972-02-18,0.949959,0.949959,0.942605,0.942605,0.942605,1144583
1972-02-22,0.942605,0.949959,0.935544,0.935544,0.935544,663723
1972-02-23,0.921324,0.921324,0.900045,0.914263,0.914263,2295940
1972-02-24,0.914263,0.914263,0.893277,0.907202,0.907202,988814
1972-02-25,0.907202,0.907202,0.87896,0.87896,0.87896,1042995
1972-02-28,0.87896,0.900045,0.87896,0.900045,0.900045,1015903
1972-02-29,0.900045,0.914263,0.900045,0.907202,0.907202,1029445
1972-03-01,0.914263,0.928287,0.914263,0.928287,0.928287,819496
1972-03-02,0.928287,0.935544,0.914263,0.928287,0.928287,1164903
1972-03-03,0.928287,0.942605,0.928287,0.942605,0.942605,325091
1972-03-06,0.942605,0.956824,0.942605,0.949959,0.949959,927858
1972-03-07,0.956824,0.970848,0.956824,0.963983,0.963983,1550945
1972-03-08,0.963983,0.977908,0.963983,0.977908,0.977908,758542
1972-03-09,0.977908,1.01331,0.977908,1.01331,1.01331,2465260
1972-03-10,0.999479,0.999479,0.970848,0.970848,0.970848,1767672
1972-03-13,0.963983,0.963983,0.949959,0.956824,0.956824,1632218
1972-03-14,0.956824,0.977908,0.942605,0.977908,0.977908,650174
1972-03-15,0.977908,0.985361,0.970848,0.977908,0.977908,656954
1972-03-16,0.977908,0.977908,0.963983,0.970848,0.970848,799179
1972-03-17,0.970848,0.970848,0.963983,0.970848,0.970848,453770
1972-03-20,0.970848,0.970848,0.963983,0.970848,0.970848,941401
1972-03-21,0.970848,0.970848,0.970848,0.970848,0.970848,5750013
1972-03-22,0.963983,0.963983,0.963983,0.963983,0.963983,5939647
1972-03-23,0.963983,0.977908,0.963983,0.970848,0.970848,2756480
1972-03-24,0.970848,0.985361,0.963983,0.963983,0.963983,2011490
1972-03-27,0.963983,0.970848,0.963983,0.970848,0.970848,582454
1972-03-28,0.977908,0.992621,0.977908,0.985361,0.985361,2058898
1972-03-29,0.985361,0.992621,0.985361,0.985361,0.985361,1029445
1972-03-30,0.985361,0.985361,0.970848,0.977908,0.977908,927858
1972-04-03,0.977908,0.985361,0.977908,0.977908,0.977908,941401
1972-04-04,0.977908,0.985361,0.970848,0.985361,0.985361,1131040
1972-04-05,0.985361,0.992621,0.977908,0.985361,0.985361,2099535
1972-04-06,0.985361,0.992621,0.977908,0.992621,0.992621,1185219
1972-04-07,0.992621,1.02057,0.985361,1.01331,1.01331,1936987
1972-04-10,1.01331,1.03458,1.01331,1.02057,1.02057,1625444
1972-04-11,1.02057,1.02753,1.02057,1.02057,1.02057,1286811
1972-04-12,1.02057,1.02753,1.02057,1.02753,1.02753,1110721
1972-04-13,1.02753,1.03458,1.02057,1.02753,1.02753,988814
1972-04-14,1.02753,1.04185,1.02057,1.04185,1.04185,1178446
1972-04-17,1.04185,1.04871,1.04185,1.04185,1.04185,982038
1972-04-18,1.04185,1.04871,1.04185,1.04185,1.04185,1259720
1972-04-19,1.04185,1.04185,1.02753,1.02753,1.02753,1151357
1972-04-20,1.02753,1.02753,1.01331,1.02753,1.02753,684042
1972-04-21,1.02753,1.02753,1.01331,1.01331,1.01331,426683
1972-04-24,1.01331,1.01331,0.999479,1.00654,1.00654,1368083
1972-04-25,1.00654,1.02753,1.00654,1.00654,1.00654,3447299
1972-04-26,1.00654,1.01331,0.999479,1.00654,1.00654,1273267
1972-04-27,1.00654,1.01331,1.00654,1.00654,1.00654,1076856
1972-04-28,1.00654,1.02753,1.00654,1.02753,1.02753,927858
1972-05-01,1.02753,1.03458,1.01331,1.02057,1.02057,535043
1972-05-02,1.02057,1.02057,1.00654,1.00654,1.00654,1652534
1972-05-03,1.00654,1.01331,1.00654,1.00654,1.00654,589225
1972-05-04,1.00654,1.01331,0.999479,1.01331,1.01331,792405
1972-05-05,1.01331,1.02753,1.00654,1.02057,1.02057,1496763
1972-05-08,1.02057,1.02057,1.01331,1.02057,1.02057,507957
1972-05-09,1.02057,1.02057,1.00654,1.01331,1.01331,839816
1972-05-10,1.01331,1.02753,1.00654,1.02753,1.02753,812726
1972-05-11,1.02753,1.02753,1.02753,1.02753,1.02753,1009132
1972-05-12,1.03458,1.03458,1.03458,1.03458,1.03458,1435810
1972-05-15,1.03458,1.04871,1.03458,1.04871,1.04871,1828625
1972-05-16,1.04871,1.04871,1.04185,1.04871,1.04871,582454
1972-05-17,1.04871,1.04871,1.04185,1.04185,1.04185,1219085
1972-05-18,1.04185,1.05636,1.04185,1.05636,1.05636,1239402
1972-05-19,1.05636,1.06303,1.05636,1.05636,1.05636,1083632
1972-05-22,1.05636,1.07716,1.05636,1.07716,1.07716,1029445
1972-05-23,1.08441,1.10568,1.08441,1.10568,1.10568,1632218
1972-05-24,1.11276,1.12697,1.11276,1.11981,1.11981,1476443
1972-05-25,1.11981,1.13393,1.11276,1.11276,1.11276,1131040
1972-05-26,1.07716,1.07716,1.06303,1.06303,1.06303,1903123
1972-05-30,1.06303,1.08441,1.05636,1.06303,1.06303,826268
1972-05-31,1.06303,1.06303,1.04871,1.05636,1.05636,1029445
1972-06-01,1.05636,1.06303,1.04871,1.06303,1.06303,1219085
1972-06-02,1.07048,1.09147,1.07048,1.09147,1.09147,1252945
1972-06-05,1.09853,1.11276,1.09853,1.10568,1.10568,1266493
1972-06-06,1.09853,1.09853,1.07048,1.08441,1.08441,2153714
1972-06-07,1.08441,1.08441,1.07048,1.07716,1.07716,535043
1972-06-08,1.07716,1.07716,1.07048,1.07716,1.07716,704362
1972-06-09,1.07716,1.07716,1.07048,1.07716,1.07716,1679625
1972-06-12,1.07716,1.09853,1.07716,1.09147,1.09147,1063315
1972-06-13,1.09147,1.09853,1.08441,1.08441,1.08441,792405
1972-06-14,1.08441,1.10568,1.08441,1.10568,1.10568,2275622
1972-06-15,1.10568,1.10568,1.08441,1.08441,1.08441,792405
1972-06-16,1.08441,1.09147,1.07048,1.07048,1.07048,602770
1972-06-19,1.07048,1.07716,1.05636,1.07716,1.07716,1483215
1972-06-20,1.07716,1.09147,1.07716,1.09147,1.09147,744996
1972-06-21,1.09147,1.09853,1.09147,1.09147,1.09147,1381631
1972-06-22,1.09147,1.09147,1.08441,1.09147,1.09147,433450
1972-06-23,1.09147,1.09147,1.07716,1.07716,1.07716,1374858
1972-06-26,1.07716,1.08441,1.06303,1.07716,1.07716,1009132
1972-06-27,1.07716,1.08441,1.07716,1.07716,1.07716,419907
1972-06-28,1.07716,1.07716,1.07048,1.07716,1.07716,1605125
1972-06-29,1.07716,1.07716,1.07048,1.07048,1.07048,284453
1972-06-30,1.07048,1.08441,1.07048,1.08441,1.08441,758542
1972-07-03,1.08441,1.08441,1.07716,1.08441,1.08441,778858
1972-07-05,1.08441,1.09147,1.08441,1.09147,1.09147,1280038
1972-07-06,1.09147,1.10568,1.09147,1.10568,1.10568,1544175
1972-07-07,1.10568,1.10568,1.08441,1.09147,1.09147,954954
1972-07-10,1.09147,1.09147,1.08441,1.09147,1.09147,1605125
1972-07-11,1.09147,1.09853,1.09147,1.09853,1.09853,426683
1972-07-12,1.09853,1.10568,1.09853,1.10568,1.10568,833040
1972-07-13,1.10568,1.11276,1.09147,1.09853,1.09853,602770
1972-07-14,1.09853,1.11276,1.09853,1.10568,1.10568,501180
1972-07-17,1.10568,1.11276,1.09147,1.09147,1.09147,887222
1972-07-18,1.08441,1.08441,1.05636,1.08441,1.08441,1489993
1972-07-19,1.08441,1.09147,1.07048,1.07048,1.07048,575682
1972-07-20,1.07716,1.08441,1.07716,1.08441,1.08441,311537
1972-07-21,1.07716,1.07716,1.07716,1.07716,1.07716,548585
1972-07-24,1.07716,1.09147,1.07716,1.09147,1.09147,1097177
1972-07-25,1.09147,1.09853,1.08441,1.08441,1.08441,792405
1972-07-26,1.08441,1.08441,1.07716,1.08441,1.08441,1036224
1972-07-27,1.08441,1.08441,1.07048,1.07048,1.07048,3664030
1972-07-28,1.07048,1.07716,1.07048,1.07716,1.07716,690815
1972-07-31,1.07716,1.07716,1.07048,1.07716,1.07716,1239402
1972-08-01,1.07716,1.09147,1.07716,1.08441,1.08441,1144583
1972-08-02,1.08441,1.09147,1.07716,1.08441,1.08441,1408718
1972-08-03,1.08441,1.08441,1.07716,1.08441,1.08441,1760899
1972-08-04,1.09147,1.09853,1.09147,1.09853,1.09853,2038576
1972-08-07,1.09853,1.09853,1.09147,1.09853,1.09853,1090404
1972-08-08,1.09853,1.09853,1.09147,1.09147,1.09147,1036224
1972-08-09,1.09147,1.10568,1.09147,1.10568,1.10568,1456133
1972-08-10,1.11276,1.14815,1.11276,1.14815,1.14815,3196709
1972-08-11,1.14815,1.16237,1.14128,1.15531,1.15531,1530629
1972-08-14,1.15531,1.15531,1.14128,1.14815,1.14815,1266493
1972-08-15,1.11276,1.11276,1.08441,1.08441,1.08441,2255306
1972-08-16,1.09853,1.10568,1.09853,1.10568,1.10568,4320980
1972-08-17,1.10568,1.11276,1.09147,1.10568,1.10568,3366028
1972-08-18,1.11276,1.11981,1.11276,1.11276,1.11276,1869264
1972-08-21,1.11276,1.11276,1.09853,1.09853,1.09853,988814
1972-08-22,1.09853,1.10568,1.09853,1.09853,1.09853,988814
1972-08-23,1.09853,1.09853,1.07716,1.07716,1.07716,2858072
1972-08-24,1.08441,1.09853,1.08441,1.08441,1.08441,2085987
1972-08-25,1.08441,1.09147,1.08441,1.08441,1.08441,1462898
1972-08-28,1.08441,1.08441,1.07716,1.07716,1.07716,954954
1972-08-29,1.07716,1.07716,1.06303,1.07716,1.07716,873676
1972-08-30,1.07716,1.09147,1.07716,1.07716,1.07716,812726
1972-08-31,1.08441,1.09147,1.08441,1.09147,1.09147,582454
1972-09-01,1.09147,1.10568,1.09147,1.09147,1.09147,1354538
1972-09-05,1.09147,1.10568,1.09147,1.09853,1.09853,853360
1972-09-06,1.09853,1.10568,1.09147,1.09853,1.09853,595994
1972-09-07,1.09853,1.10568,1.09147,1.09853,1.09853,1029445
1972-09-08,1.09853,1.10568,1.09853,1.09853,1.09853,677266
1972-09-11,1.09853,1.10568,1.08441,1.08441,1.08441,521500
1972-09-12,1.08441,1.09147,1.07716,1.07716,1.07716,853360
1972-09-13,1.07716,1.07716,1.07048,1.07716,1.07716,656954
1972-09-14,1.07716,1.08441,1.07716,1.07716,1.07716,839816
1972-09-15,1.07716,1.08441,1.07716,1.07716,1.07716,602770
1972-09-18,1.07716,1.07716,1.07048,1.07716,1.07716,535043
1972-09-19,1.07716,1.09147,1.07048,1.07048,1.07048,711133
1972-09-20,1.07048,1.07716,1.06303,1.07716,1.07716,744996
1972-09-21,1.07716,1.08441,1.07048,1.08441,1.08441,1293585
1972-09-22,1.08441,1.08441,1.07048,1.07716,1.07716,711133
1972-09-25,1.07716,1.07716,1.07048,1.07048,1.07048,995583
1972-09-26,1.07048,1.07716,1.07048,1.07048,1.07048,1225855
1972-09-27,1.07716,1.09853,1.07716,1.09853,1.09853,948178
1972-09-28,1.09853,1.11276,1.09853,1.11276,1.11276,1327445
1972-09-29,1.11276,1.11981,1.09853,1.09853,1.09853,1564490
1972-10-02,1.09853,1.09853,1.07716,1.07716,1.07716,772087
1972-10-03,1.08441,1.11981,1.08441,1.10568,1.10568,1442582
1972-10-04,1.10568,1.11276,1.09853,1.09853,1.09853,954954
1972-10-05,1.09853,1.09853,1.08441,1.08441,1.08441,900767
1972-10-06,1.08441,1.11276,1.08441,1.09853,1.09853,1185219
1972-10-09,1.10568,1.11276,1.10568,1.10568,1.10568,399591
1972-10-10,1.10568,1.11981,1.10568,1.10568,1.10568,1442582
1972-10-11,1.10568,1.10568,1.09853,1.10568,1.10568,331862
1972-10-12,1.10568,1.11276,1.10568,1.10568,1.10568,690815
1972-10-13,1.10568,1.10568,1.09853,1.09853,1.09853,555365
1972-10-16,1.09853,1.09853,1.09147,1.09147,1.09147,880445
1972-10-17,1.09147,1.09853,1.08441,1.09853,1.09853,887222
1972-10-18,1.09853,1.10568,1.09147,1.09853,1.09853,1097177
1972-10-19,1.09853,1.10568,1.09853,1.09853,1.09853,738224
1972-10-20,1.09853,1.09853,1.09147,1.09147,1.09147,1510309
1972-10-23,1.09147,1.09853,1.08441,1.08441,1.08441,860133
1972-10-24,1.08441,1.09147,1.06303,1.09147,1.09147,1286811
1972-10-25,1.09147,1.10568,1.08441,1.09853,1.09853,1686401
1972-10-26,1.10568,1.12697,1.10568,1.12697,1.12697,2234990
1972-10-27,1.12697,1.12697,1.11981,1.11981,1.11981,1727034
1972-10-30,1.11981,1.11981,1.11276,1.11981,1.11981,772087
1972-10-31,1.11981,1.14128,1.11981,1.14128,1.14128,1740580
1972-11-01,1.14815,1.17659,1.14815,1.16923,1.16923,2038576
1972-11-02,1.16237,1.16237,1.14815,1.15531,1.15531,1584807
1972-11-03,1.15531,1.15531,1.14815,1.14815,1.14815,1300356
1972-11-06,1.14815,1.15531,1.13393,1.13393,1.13393,1090404
1972-11-08,1.14128,1.16237,1.14128,1.14815,1.14815,2323031
1972-11-09,1.12697,1.12697,1.10568,1.11276,1.11276,2681984
1972-11-10,1.11276,1.11981,1.09853,1.10568,1.10568,2323031
1972-11-13,1.10568,1.10568,1.07716,1.09147,1.09147,2681984
1972-11-14,1.09147,1.14128,1.09147,1.13393,1.13393,1618667
1972-11-15,1.13393,1.14128,1.11981,1.12697,1.12697,819496
1972-11-16,1.12697,1.12697,1.11981,1.11981,1.11981,494405
1972-11-17,1.11981,1.12697,1.11276,1.11981,1.11981,975270
1972-11-20,1.11981,1.12697,1.11981,1.11981,1.11981,589225
1972-11-21,1.11981,1.11981,1.09147,1.09147,1.09147,25404356
1972-11-22,1.09147,1.09853,1.08441,1.08441,1.08441,3569204
1972-11-24,1.08441,1.09147,1.08441,1.09147,1.09147,1049765
1972-11-27,1.09147,1.09147,1.07716,1.08441,1.08441,982038
1972-11-28,1.08441,1.09147,1.07716,1.08441,1.08441,8885763
1972-11-29,1.08441,1.08441,1.08441,1.08441,1.08441,1056539
1972-11-30,1.08441,1.09147,1.07716,1.09147,1.09147,480862
1972-12-01,1.09147,1.11276,1.09147,1.11276,1.11276,1571266
1972-12-04,1.11981,1.13393,1.11981,1.11981,1.11981,1361308
1972-12-05,1.11981,1.11981,1.10568,1.11981,1.11981,941401
1972-12-06,1.12697,1.14128,1.12697,1.12697,1.12697,1374858
1972-12-07,1.13393,1.14128,1.13393,1.13393,1.13393,731453
1972-12-08,1.13393,1.13393,1.12697,1.13393,1.13393,744996
1972-12-11,1.13393,1.14128,1.13393,1.13393,1.13393,1334219
1972-12-12,1.13393,1.13393,1.13393,1.13393,1.13393,1049765
1972-12-13,1.13393,1.14128,1.13393,1.13393,1.13393,1151357
1972-12-14,1.13393,1.13393,1.13393,1.13393,1.13393,717905
1972-12-15,1.13393,1.14128,1.12697,1.12697,1.12697,1232629
1972-12-18,1.11981,1.11981,1.09147,1.09853,1.09853,7734412
1972-12-19,1.09853,1.11276,1.09147,1.09147,1.09147,1435810
1972-12-20,1.09853,1.11981,1.09853,1.09853,1.09853,1090404
1972-12-21,1.09853,1.11276,1.09853,1.10568,1.10568,819496
1972-12-22,1.10568,1.11981,1.10568,1.11981,1.11981,663723
1972-12-26,1.11981,1.12697,1.11276,1.11981,1.11981,379271
1972-12-27,1.12697,1.14815,1.12697,1.13393,1.13393,1340991
1972-12-29,1.14128,1.15531,1.14128,1.14815,1.14815,1476443
1973-01-02,1.14815,1.14815,1.13393,1.13393,1.13393,1063315
1973-01-03,1.13393,1.14815,1.13393,1.14128,1.14128,2560079
1973-01-04,1.14128,1.14128,1.13393,1.13393,1.13393,2180806
1973-01-05,1.13393,1.14128,1.12697,1.13393,1.13393,941401
1973-01-08,1.13393,1.13393,1.13393,1.13393,1.13393,2810668
1973-01-09,1.13393,1.13393,1.11981,1.12697,1.12697,1598354
1973-01-10,1.12697,1.12697,1.11276,1.11981,1.11981,589225
1973-01-11,1.11981,1.13393,1.11276,1.12697,1.12697,3115440
1973-01-12,1.12697,1.13393,1.11981,1.12697,1.12697,5567150
1973-01-15,1.12697,1.13393,1.11981,1.11981,1.11981,2180806
1973-01-16,1.11981,1.11981,1.10568,1.10568,1.10568,988814
1973-01-17,1.10568,1.11276,1.10568,1.11276,1.11276,2959664
1973-01-18,1.11276,1.12697,1.11276,1.12697,1.12697,954954
1973-01-19,1.12697,1.13393,1.11981,1.13393,1.13393,1246176
1973-01-22,1.13393,1.13393,1.12697,1.12697,1.12697,866908
1973-01-23,1.12697,1.14815,1.12697,1.14815,1.14815,2295940
1973-01-24,1.14815,1.16923,1.13393,1.13393,1.13393,2201118
1973-01-26,1.13393,1.14128,1.12697,1.14128,1.14128,1483215
1973-01-29,1.14128,1.15531,1.13393,1.13393,1.13393,1131040
1973-01-30,1.13393,1.14128,1.12697,1.12697,1.12697,1259720
1973-01-31,1.12697,1.12697,1.11981,1.11981,1.11981,1076856
1973-02-01,1.11981,1.11981,1.07716,1.08441,1.08441,1632218
1973-02-02,1.08441,1.08441,1.05636,1.08441,1.08441,3921389
1973-02-05,1.08441,1.09853,1.07048,1.08441,1.08441,1747353
1973-02-06,1.09147,1.11276,1.09147,1.11276,1.11276,1185219
1973-02-07,1.11276,1.11981,1.09853,1.10568,1.10568,1232629
1973-02-08,1.10568,1.10568,1.09147,1.10568,1.10568,1754126
1973-02-09,1.10568,1.11981,1.10568,1.11981,1.11981,2133395
1973-02-12,1.11981,1.11981,1.07716,1.11981,1.11981,2587168
1973-02-13,1.11981,1.12697,1.10568,1.10568,1.10568,2424622
1973-02-14,1.10568,1.10568,1.08441,1.09853,1.09853,1347767
1973-02-15,1.09853,1.09853,1.08441,1.09147,1.09147,1212313
1973-02-16,1.09147,1.09853,1.08441,1.09147,1.09147,805947
1973-02-20,1.09147,1.09853,1.08441,1.08441,1.08441,927858
1973-02-21,1.08441,1.08441,1.02753,1.04871,1.04871,4754424
1973-02-22,1.04871,1.07716,1.04871,1.07716,1.07716,3745296
1973-02-23,1.07716,1.07716,1.06303,1.06303,1.06303,2140172
1973-02-26,1.06303,1.07048,1.04871,1.06303,1.06303,1862488
1973-02-27,1.06303,1.07048,1.05636,1.06303,1.06303,1273267
1973-02-28,1.06303,1.07048,1.04871,1.07048,1.07048,3447299
1973-03-01,1.07048,1.07048,1.03458,1.03458,1.03458,2126622
1973-03-02,1.03458,1.05636,1.02057,1.04871,1.04871,2756480
1973-03-05,1.04871,1.06303,1.04871,1.06303,1.06303,3061252
1973-03-06,1.07716,1.09147,1.07716,1.09147,1.09147,1679625
1973-03-07,1.09853,1.12697,1.09853,1.12697,1.12697,2546529
1973-03-08,1.11981,1.11981,1.09853,1.11276,1.11276,1801538
1973-03-09,1.10568,1.10568,1.09147,1.09853,1.09853,1598354
1973-03-12,1.11276,1.11981,1.11276,1.11276,1.11276,1313902
1973-03-13,1.11276,1.11981,1.11276,1.11981,1.11981,1638991
1973-03-14,1.11981,1.12697,1.11981,1.11981,1.11981,927858
1973-03-15,1.11981,1.12697,1.10568,1.10568,1.10568,1266493
1973-03-16,1.10568,1.12697,1.10568,1.12697,1.12697,1991169
1973-03-19,1.12697,1.12697,1.09853,1.09853,1.09853,1984395
1973-03-20,1.09853,1.10568,1.09147,1.09147,1.09147,1489993
1973-03-21,1.09147,1.11276,1.08441,1.08441,1.08441,805947
1973-03-22,1.07716,1.07716,1.04871,1.05636,1.05636,2939350
1973-03-23,1.05636,1.08441,1.04871,1.08441,1.08441,2431399
1973-03-26,1.08441,1.09147,1.07048,1.07716,1.07716,1022676
1973-03-27,1.07716,1.10568,1.07048,1.09853,1.09853,1862488
1973-03-28,1.09853,1.10568,1.08441,1.10568,1.10568,1625444
1973-03-29,1.10568,1.10568,1.08441,1.09147,1.09147,1090404
1973-03-30,1.08441,1.08441,1.07048,1.07048,1.07048,927858
1973-04-02,1.06303,1.06303,1.04185,1.04185,1.04185,1760899
1973-04-03,1.04185,1.04871,1.03458,1.03458,1.03458,2587168
1973-04-04,1.03458,1.05636,1.03458,1.04185,1.04185,772087
1973-04-05,1.04185,1.04871,1.02753,1.04871,1.04871,1550945
1973-04-06,1.04871,1.06303,1.04185,1.06303,1.06303,1415496
1973-04-09,1.06303,1.09147,1.06303,1.09147,1.09147,860133
1973-04-10,1.09853,1.11981,1.09853,1.10568,1.10568,1578036
1973-04-11,1.10568,1.11276,1.09147,1.09853,1.09853,1327445
1973-04-12,1.09853,1.09853,1.08441,1.08441,1.08441,1212313
1973-04-13,1.08441,1.09147,1.07048,1.09147,1.09147,1239402
1973-04-16,1.09147,1.09147,1.08441,1.08441,1.08441,873676
1973-04-17,1.08441,1.08441,1.07048,1.07716,1.07716,1015903
1973-04-18,1.07716,1.07716,1.06303,1.07716,1.07716,846586
1973-04-19,1.07716,1.08441,1.07716,1.08441,1.08441,2126622
1973-04-23,1.08441,1.08441,1.08441,1.08441,1.08441,1307125
1973-04-24,1.08441,1.08441,1.04185,1.04185,1.04185,1225855
1973-04-25,1.04185,1.05636,1.02753,1.04871,1.04871,2119853
1973-04-26,1.04871,1.06303,1.04185,1.05636,1.05636,2770027
1973-04-27,1.05636,1.05636,1.03458,1.03458,1.03458,1503535
1973-04-30,1.03458,1.04871,1.02753,1.04871,1.04871,2329805
1973-05-01,1.04871,1.04871,1.03458,1.04185,1.04185,1280038
1973-05-02,1.04185,1.05636,1.04185,1.05636,1.05636,1557716
1973-05-03,1.05636,1.05636,1.04185,1.05636,1.05636,7849543
1973-05-04,1.05636,1.06303,1.02753,1.04185,1.04185,1808308
1973-05-07,1.04185,1.04185,1.01331,1.01331,1.01331,1449354
1973-05-08,1.01331,1.04871,1.01331,1.04871,1.04871,2126622
1973-05-09,1.04871,1.05636,1.02057,1.02057,1.02057,1727034
1973-05-10,1.02057,1.04871,1.01331,1.03458,1.03458,2499119
1973-05-11,1.03458,1.04185,1.03458,1.04185,1.04185,2092762
1973-05-14,1.02753,1.02753,1.00654,1.01331,1.01331,2018256
1973-05-15,1.01331,1.03458,0.999479,1.02753,1.02753,2621031
1973-05-16,1.02753,1.03458,1.02057,1.03458,1.03458,1564490
1973-05-17,1.03458,1.03458,1.02057,1.02753,1.02753,2140172
1973-05-18,1.01331,1.01331,0.992621,0.999479,0.999479,2397529
1973-05-21,0.999479,0.999479,0.977908,0.999479,0.999479,3088351
1973-05-22,0.999479,0.999479,0.985361,0.985361,0.985361,3135757
1973-05-23,0.985361,0.992621,0.977908,0.985361,0.985361,2113081
1973-05-24,0.985361,1.02057,0.985361,1.02057,1.02057,1896353
1973-05-25,1.02057,1.03458,0.999479,1.02057,1.02057,3738521
1973-05-29,1.02057,1.02753,1.01331,1.02057,1.02057,1151357
1973-05-30,1.02057,1.02753,1.02057,1.02057,1.02057,799179
1973-05-31,1.02057,1.02753,1.02057,1.02057,1.02057,900767
1973-06-01,1.02057,1.02057,1.00654,1.00654,1.00654,1469677
1973-06-04,0.999479,0.999479,0.985361,0.992621,0.992621,1422265
1973-06-05,0.992621,1.01331,0.985361,1.01331,1.01331,2262077
1973-06-06,1.01331,1.02057,0.999479,1.00654,1.00654,1489993
1973-06-07,1.01331,1.03458,1.01331,1.02753,1.02753,2207895
1973-06-08,1.02753,1.03458,1.02057,1.03458,1.03458,1442582
1973-06-11,1.03458,1.04871,1.03458,1.04185,1.04185,941401
1973-06-12,1.04185,1.07048,1.04185,1.06303,1.06303,2160482
1973-06-13,1.06303,1.07048,1.05636,1.06303,1.06303,1835399
1973-06-14,1.06303,1.07048,1.04871,1.05636,1.05636,1544175
1973-06-15,1.05636,1.05636,1.04871,1.04871,1.04871,507957
1973-06-18,1.04871,1.04871,1.03458,1.03458,1.03458,1022676
1973-06-19,1.03458,1.04871,1.02057,1.04185,1.04185,1659308
1973-06-20,1.04185,1.05636,1.04185,1.04871,1.04871,3325392
1973-06-21,1.04185,1.04185,1.01331,1.02057,1.02057,1821851
1973-06-22,1.02753,1.04871,1.02753,1.02753,1.02753,1401949
1973-06-25,1.02753,1.02753,0.992621,0.999479,0.999479,866908
1973-06-26,0.999479,1.02753,0.992621,1.02753,1.02753,1347767
1973-06-27,1.02753,1.03458,1.02057,1.02753,1.02753,738224
1973-06-28,1.02753,1.02753,0.999479,1.00654,1.00654,11283297
1973-06-29,1.00654,1.02057,1.00654,1.00654,1.00654,1110721
1973-07-02,1.00654,1.01331,0.999479,0.999479,0.999479,1090404
1973-07-03,0.985361,0.985361,0.970848,0.977908,0.977908,2031803
1973-07-05,0.970848,0.970848,0.949959,0.963983,0.963983,1821851
1973-07-06,0.963983,0.977908,0.963983,0.977908,0.977908,1598354
1973-07-09,0.977908,1.01331,0.970848,1.01331,1.01331,846586
1973-07-10,1.01331,1.02753,1.01331,1.02753,1.02753,2153714
1973-07-11,1.02753,1.05636,1.02753,1.04871,1.04871,1659308
1973-07-12,1.04185,1.04185,1.02753,1.04185,1.04185,1862488
1973-07-13,1.04185,1.04185,1.02753,1.03458,1.03458,778858
1973-07-16,1.03458,1.04185,1.03458,1.04185,1.04185,778858
1973-07-17,1.04185,1.04185,1.02753,1.02753,1.02753,2207895
1973-07-18,1.02753,1.03458,1.02057,1.03458,1.03458,7619275
1973-07-19,1.03458,1.04185,1.02753,1.03458,1.03458,826268
1973-07-20,1.03458,1.04185,1.03458,1.04185,1.04185,1645765
1973-07-23,1.03458,1.03458,1.02057,1.02753,1.02753,1564490
1973-07-24,1.02753,1.03458,1.02057,1.03458,1.03458,1727034
1973-07-25,1.03458,1.05636,1.02753,1.04871,1.04871,2824211
1973-07-26,1.04871,1.04871,1.04185,1.04871,1.04871,1212313
1973-07-27,1.04871,1.04871,1.03458,1.04185,1.04185,656954
1973-07-30,1.04185,1.04185,1.03458,1.04185,1.04185,609543
1973-07-31,1.04185,1.04871,1.03458,1.04185,1.04185,1896353
1973-08-01,1.04185,1.04185,1.03458,1.03458,1.03458,453770
1973-08-02,1.03458,1.03458,1.02753,1.03458,1.03458,1896353
1973-08-03,1.03458,1.04185,1.03458,1.03458,1.03458,873676
1973-08-06,1.03458,1.03458,1.02753,1.02753,1.02753,568903
1973-08-07,1.02753,1.02753,1.02057,1.02057,1.02057,1286811
1973-08-08,1.02057,1.02057,1.01331,1.01331,1.01331,670502
1973-08-09,1.01331,1.02753,1.01331,1.02057,1.02057,568903
1973-08-10,1.02057,1.02057,1.00654,1.00654,1.00654,616315
1973-08-13,1.00654,1.00654,0.992621,0.999479,0.999479,1347767
1973-08-14,0.999479,1.02057,0.999479,1.00654,1.00654,785633
1973-08-15,1.00654,1.01331,0.999479,1.00654,1.00654,3968795
1973-08-16,1.00654,1.02057,0.999479,1.00654,1.00654,887222
1973-08-17,1.00654,1.00654,0.992621,1.00654,1.00654,961720
1973-08-20,1.00654,1.00654,0.992621,0.992621,0.992621,711133
1973-08-21,0.992621,0.999479,0.992621,0.992621,0.992621,677266
1973-08-22,0.992621,0.999479,0.985361,0.999479,0.999479,1171671
1973-08-23,0.999479,1.00654,0.985361,1.00654,1.00654,982038
1973-08-24,1.00654,1.01331,0.999479,0.999479,0.999479,873676
1973-08-27,0.999479,1.00654,0.999479,1.00654,1.00654,548585
1973-08-28,1.00654,1.02753,1.00654,1.02753,1.02753,704362
1973-08-29,1.02753,1.03458,1.02753,1.02753,1.02753,988814
1973-08-30,1.03458,1.04871,1.03458,1.04185,1.04185,1015903
1973-08-31,1.04185,1.05636,1.04185,1.04871,1.04871,988814
1973-09-04,1.04871,1.05636,1.04871,1.05636,1.05636,880445
1973-09-05,1.05636,1.05636,1.04185,1.05636,1.05636,873676
1973-09-06,1.05636,1.05636,1.04871,1.05636,1.05636,934629
1973-09-07,1.04871,1.04871,1.01331,1.01331,1.01331,1557716
1973-09-10,1.01331,1.01331,0.992621,1.00654,1.00654,1144583
1973-09-11,1.00654,1.01331,0.992621,1.00654,1.00654,921086
1973-09-12,1.00654,1.01331,0.999479,0.999479,0.999479,1212313
1973-09-13,0.999479,1.02057,0.999479,1.02057,1.02057,873676
1973-09-14,1.02057,1.04185,1.02057,1.04185,1.04185,677266
1973-09-17,1.04185,1.04871,1.04185,1.04871,1.04871,995583
1973-09-18,1.04871,1.04871,1.04871,1.04871,1.04871,1327445
1973-09-19,1.04871,1.05636,1.04185,1.05636,1.05636,744996
1973-09-20,1.05636,1.05636,1.04185,1.05636,1.05636,1564490
1973-09-21,1.05636,1.07048,1.04871,1.06303,1.06303,2302712
1973-09-24,1.06303,1.07716,1.06303,1.07048,1.07048,1090404
1973-09-25,1.07048,1.07048,1.05636,1.05636,1.05636,1198770
1973-09-26,1.05636,1.06303,1.05636,1.06303,1.06303,379271
1973-09-27,1.06303,1.06303,1.04871,1.04871,1.04871,2871621
1973-09-28,1.04871,1.04871,1.04185,1.04871,1.04871,887222
1973-10-01,1.04185,1.04185,1.02753,1.02753,1.02753,521500
1973-10-02,1.02753,1.03458,1.02057,1.02753,1.02753,1158129
1973-10-03,1.02753,1.02753,1.00654,1.01331,1.01331,1821851
1973-10-04,1.01331,1.01331,0.999479,1.00654,1.00654,1510309
1973-10-05,1.00654,1.03458,1.00654,1.02753,1.02753,1530629
1973-10-08,1.02753,1.03458,1.02057,1.03458,1.03458,623088
1973-10-09,1.03458,1.03458,1.02753,1.03458,1.03458,1076856
1973-10-10,1.03458,1.04185,1.02753,1.02753,1.02753,1862488
1973-10-11,1.02753,1.03458,1.02057,1.02753,1.02753,1191994
1973-10-12,1.03458,1.04185,1.03458,1.04185,1.04185,1036224
1973-10-15,1.04185,1.04871,1.04185,1.04871,1.04871,494405
1973-10-16,1.04871,1.04871,1.04185,1.04871,1.04871,731453
1973-10-17,1.04871,1.04871,1.04185,1.04185,1.04185,1151357
1973-10-18,1.04185,1.04871,1.03458,1.03458,1.03458,643405
1973-10-19,1.03458,1.05636,1.03458,1.04871,1.04871,1713496
1973-10-22,1.04871,1.05636,1.04185,1.05636,1.05636,1070082
1973-10-23,1.05636,1.07048,1.04871,1.07048,1.07048,1185219
1973-10-24,1.06303,1.06303,1.05636,1.06303,1.06303,1456133
1973-10-25,1.06303,1.07048,1.05636,1.07048,1.07048,1787991
1973-10-26,1.07048,1.09147,1.07048,1.08441,1.08441,1584807
1973-10-29,1.08441,1.09853,1.08441,1.09147,1.09147,724682
1973-10-30,1.09147,1.09853,1.07716,1.07716,1.07716,2417847
1973-10-31,1.07716,1.08441,1.06303,1.07048,1.07048,2627798
1973-11-01,1.06303,1.06303,1.05636,1.05636,1.05636,1090404
1973-11-02,1.05636,1.06303,1.05636,1.06303,1.06303,711133
1973-11-05,1.06303,1.06303,1.05636,1.05636,1.05636,968497
1973-11-06,1.05636,1.06303,1.05636,1.05636,1.05636,1049765
1973-11-07,1.05636,1.08441,1.05636,1.07716,1.07716,507957
1973-11-08,1.07716,1.09147,1.07716,1.07716,1.07716,1787991
1973-11-09,1.07716,1.07716,1.06303,1.07048,1.07048,189632
1973-11-12,1.07048,1.07048,1.05636,1.07048,1.07048,684042
1973-11-13,1.07048,1.07048,1.05636,1.06303,1.06303,365725
1973-11-14,1.06303,1.07716,1.05636,1.05636,1.05636,792405
1973-11-15,1.05636,1.06303,1.04871,1.05636,1.05636,1036224
1973-11-16,1.05636,1.06303,1.04871,1.06303,1.06303,1191994
1973-11-19,1.05636,1.05636,1.04871,1.04871,1.04871,772087
1973-11-20,1.03458,1.03458,1.01331,1.02057,1.02057,1578036
1973-11-21,1.02057,1.03458,1.02057,1.03458,1.03458,2451711
1973-11-23,1.03458,1.04185,1.02753,1.03458,1.03458,765314
1973-11-26,1.02753,1.02753,1.01331,1.01331,1.01331,988814
1973-11-27,1.01331,1.02057,1.01331,1.02057,1.02057,1259720
1973-11-28,1.02057,1.04871,1.02057,1.04185,1.04185,1185219
1973-11-29,1.04185,1.04185,1.02753,1.04185,1.04185,1368083
1973-11-30,1.04185,1.04185,1.02753,1.02753,1.02753,697588
1973-12-03,1.02057,1.02057,1.02057,1.02057,1.02057,1293585
1973-12-04,1.02057,1.02057,0.985361,0.985361,0.985361,1754126
1973-12-05,0.985361,0.985361,0.963983,0.963983,0.963983,1923445
1973-12-06,0.963983,0.999479,0.963983,0.992621,0.992621,2004714
1973-12-07,0.999479,1.02753,0.999479,1.02057,1.02057,1442582
1973-12-10,1.02057,1.05636,1.01331,1.04871,1.04871,1571266
1973-12-11,1.04871,1.06303,1.04185,1.04185,1.04185,1774443
1973-12-12,1.01331,1.01331,0.999479,0.999479,0.999479,1280038
1973-12-13,0.999479,0.999479,0.949959,0.949959,0.949959,2675211
1973-12-14,0.949959,0.977908,0.928287,0.949959,0.949959,4666378
1973-12-17,0.935544,0.935544,0.921324,0.921324,0.921324,1774443
1973-12-18,0.921324,0.977908,0.921324,0.977908,0.977908,1557716
1973-12-19,0.977908,1.00654,0.970848,0.970848,0.970848,1787991
1973-12-20,0.970848,0.970848,0.942605,0.942605,0.942605,1557716
1973-12-21,0.942605,0.949959,0.921324,0.928287,0.928287,1699941
1973-12-24,0.928287,0.928287,0.893277,0.928287,0.928287,1591582
1973-12-26,0.963983,0.999479,0.963983,0.999479,0.999479,3027389
1973-12-27,1.00654,1.02057,1.00654,1.01331,1.01331,2167260
1973-12-28,0.999479,0.999479,0.970848,0.985361,0.985361,1056539
1973-12-31,0.985361,0.992621,0.977908,0.992621,0.992621,893992
1974-01-02,0.992621,0.992621,0.970848,0.985361,0.985361,805947
1974-01-03,0.985361,0.999479,0.985361,0.985361,0.985361,2221445
1974-01-04,0.985361,0.985361,0.949959,0.949959,0.949959,1442582
1974-01-07,0.942605,0.942605,0.893277,0.914263,0.914263,4199067
1974-01-08,0.907202,0.907202,0.87896,0.87896,0.87896,3907840
1974-01-09,0.871508,0.871508,0.843362,0.86474,0.86474,4124568
1974-01-10,0.86474,0.885825,0.850717,0.85768,0.85768,2383986
1974-01-11,0.85768,0.87896,0.85768,0.87896,0.87896,2221445
1974-01-14,0.87896,0.914263,0.87896,0.900045,0.900045,1544175
1974-01-15,0.900045,0.921324,0.893277,0.914263,0.914263,1618667
1974-01-16,0.914263,0.942605,0.914263,0.935544,0.935544,1307125
1974-01-17,0.942605,0.970848,0.942605,0.963983,0.963983,1591582
1974-01-18,0.963983,0.970848,0.949959,0.949959,0.949959,1686401
1974-01-21,0.949959,0.949959,0.921324,0.949959,0.949959,1151357
1974-01-22,0.949959,0.977908,0.942605,0.970848,0.970848,1923445
1974-01-23,0.977908,0.985361,0.977908,0.985361,0.985361,3061252
1974-01-24,0.970848,0.970848,0.963983,0.963983,0.963983,1029445
1974-01-25,0.963983,0.985361,0.963983,0.985361,0.985361,1415496
1974-01-28,0.985361,0.985361,0.956824,0.956824,0.956824,778858
1974-01-29,0.956824,0.963983,0.949959,0.949959,0.949959,602770
1974-01-30,0.949959,0.963983,0.949959,0.949959,0.949959,1659308
1974-01-31,0.949959,0.956824,0.935544,0.935544,0.935544,636634
1974-02-01,0.935544,0.935544,0.921324,0.928287,0.928287,968497
1974-02-04,0.928287,0.928287,0.907202,0.921324,0.921324,1300356
1974-02-05,0.921324,0.928287,0.907202,0.907202,0.907202,2140172
1974-02-06,0.907202,0.914263,0.893277,0.900045,0.900045,1137810
1974-02-07,0.900045,0.914263,0.885825,0.907202,0.907202,1781217
1974-02-08,0.907202,0.921324,0.893277,0.893277,0.893277,1280038
1974-02-11,0.893277,0.893277,0.87896,0.87896,0.87896,1252945
1974-02-12,0.87896,0.893277,0.86474,0.885825,0.885825,2377213
1974-02-13,0.885825,0.900045,0.87896,0.885825,0.885825,1097177
1974-02-14,0.885825,0.893277,0.885825,0.885825,0.885825,792405
1974-02-15,0.885825,0.907202,0.87896,0.900045,0.900045,1036224
1974-02-19,0.907202,0.935544,0.907202,0.907202,0.907202,1571266
1974-02-20,0.907202,0.914263,0.893277,0.900045,0.900045,900767
1974-02-21,0.900045,0.921324,0.893277,0.921324,0.921324,1185219
1974-02-22,0.921324,0.921324,0.907202,0.921324,0.921324,1198770
1974-02-25,0.921324,0.921324,0.914263,0.914263,0.914263,616315
1974-02-26,0.914263,0.921324,0.914263,0.921324,0.921324,1462898
1974-02-27,0.914263,0.914263,0.907202,0.907202,0.907202,1462898
1974-02-28,0.907202,0.907202,0.900045,0.900045,0.900045,1070082
1974-03-01,0.900045,0.907202,0.885825,0.885825,0.885825,1171671
1974-03-04,0.885825,0.885825,0.86474,0.885825,0.885825,1672851
1974-03-05,0.914263,0.928287,0.914263,0.928287,0.928287,2891940
1974-03-06,0.928287,0.935544,0.914263,0.928287,0.928287,2106305
1974-03-07,0.928287,0.942605,0.928287,0.935544,0.935544,1713496
1974-03-08,0.935544,0.949959,0.921324,0.942605,0.942605,2194350
1974-03-11,0.942605,0.949959,0.928287,0.949959,0.949959,4442884
1974-03-12,0.949959,0.977908,0.949959,0.977908,0.977908,1313902
1974-03-13,0.977908,1.01331,0.970848,0.992621,0.992621,2383986
1974-03-14,0.999479,1.02057,0.999479,1.01331,1.01331,2248530
1974-03-15,1.01331,1.01331,0.999479,0.999479,0.999479,975270
1974-03-18,0.999479,1.00654,0.985361,0.985361,0.985361,1544175
1974-03-19,0.985361,0.985361,0.963983,0.963983,0.963983,1313902
1974-03-20,0.963983,0.977908,0.963983,0.977908,0.977908,1462898
1974-03-21,0.977908,0.985361,0.970848,0.977908,0.977908,826268
1974-03-22,0.977908,0.992621,0.970848,0.992621,0.992621,914318
1974-03-25,0.992621,0.992621,0.977908,0.985361,0.985361,772087
1974-03-26,0.985361,0.985361,0.977908,0.985361,0.985361,1259720
1974-03-27,0.985361,0.985361,0.977908,0.985361,0.985361,1862488
1974-03-28,0.985361,0.985361,0.963983,0.970848,0.970848,839816
1974-03-29,0.970848,0.970848,0.956824,0.963983,0.963983,1063315
1974-04-01,0.963983,0.970848,0.956824,0.956824,0.956824,860133
1974-04-02,0.956824,0.970848,0.956824,0.963983,0.963983,697588
1974-04-03,0.963983,0.970848,0.963983,0.970848,0.970848,914318
1974-04-04,0.970848,0.977908,0.963983,0.977908,0.977908,839816
1974-04-05,0.977908,0.977908,0.963983,0.970848,0.970848,1462898
1974-04-08,0.963983,0.963983,0.949959,0.956824,0.956824,1042995
1974-04-09,0.956824,0.977908,0.956824,0.977908,0.977908,1638991
1974-04-10,0.977908,0.985361,0.963983,0.970848,0.970848,1435810
1974-04-11,0.970848,0.970848,0.963983,0.970848,0.970848,284453
1974-04-15,0.970848,0.970848,0.956824,0.956824,0.956824,1110721
1974-04-16,0.963983,0.977908,0.963983,0.970848,0.970848,921086
1974-04-17,0.970848,0.977908,0.963983,0.970848,0.970848,1259720
1974-04-18,0.970848,0.970848,0.970848,0.970848,0.970848,751770
1974-04-19,0.970848,0.970848,0.949959,0.956824,0.956824,751770
1974-04-22,0.956824,0.963983,0.949959,0.949959,0.949959,568903
1974-04-23,0.949959,0.949959,0.942605,0.942605,0.942605,670502
1974-04-24,0.942605,0.942605,0.928287,0.935544,0.935544,1232629
1974-04-25,0.935544,0.942605,0.928287,0.928287,0.928287,1171671
1974-04-26,0.935544,0.949959,0.935544,0.949959,0.949959,887222
1974-04-29,0.949959,0.963983,0.942605,0.956824,0.956824,1151357
1974-04-30,0.956824,0.963983,0.956824,0.963983,0.963983,636634
1974-05-01,0.963983,0.977908,0.956824,0.970848,0.970848,1876036
1974-05-02,0.970848,0.970848,0.963983,0.963983,0.963983,2018256
1974-05-03,0.963983,0.970848,0.949959,0.956824,0.956824,751770
1974-05-06,0.956824,0.970848,0.956824,0.963983,0.963983,1076856
1974-05-07,0.963983,0.970848,0.963983,0.963983,0.963983,1537398
1974-05-08,0.963983,0.977908,0.963983,0.977908,0.977908,521500
1974-05-09,0.977908,0.999479,0.970848,0.999479,0.999479,927858
1974-05-10,0.999479,1.00654,0.999479,0.999479,0.999479,1313902
1974-05-13,0.992621,0.992621,0.977908,0.985361,0.985361,1354538
1974-05-14,0.985361,0.999479,0.985361,0.992621,0.992621,650174
1974-05-15,0.992621,0.999479,0.985361,0.999479,0.999479,1462898
1974-05-16,0.999479,1.01331,0.999479,0.999479,0.999479,697588
1974-05-17,0.999479,0.999479,0.992621,0.992621,0.992621,873676
1974-05-20,0.992621,0.999479,0.992621,0.992621,0.992621,2018256
1974-05-21,0.999479,1.01331,0.999479,1.00654,1.00654,921086
1974-05-22,1.00654,1.02057,1.00654,1.00654,1.00654,1632218
1974-05-23,1.00654,1.02057,0.999479,1.00654,1.00654,1164903
1974-05-24,1.01331,1.02753,1.01331,1.02753,1.02753,2891940
1974-05-28,1.02753,1.03458,1.02057,1.02057,1.02057,934629
1974-05-29,1.02057,1.02753,0.992621,0.999479,0.999479,1611900
1974-05-30,0.999479,1.01331,0.992621,1.01331,1.01331,1625444
1974-05-31,1.01331,1.02057,1.00654,1.01331,1.01331,1009132
1974-06-03,1.01331,1.03458,1.00654,1.03458,1.03458,1219085
1974-06-04,1.03458,1.04185,1.02753,1.03458,1.03458,1638991
1974-06-05,1.03458,1.04185,1.02753,1.03458,1.03458,1564490
1974-06-06,1.03458,1.03458,1.02753,1.03458,1.03458,839816
1974-06-07,1.04185,1.04871,1.04185,1.04871,1.04871,1537398
1974-06-10,1.04871,1.04871,1.04185,1.04871,1.04871,1896353
1974-06-11,1.04871,1.04871,1.02753,1.02753,1.02753,1090404
1974-06-12,1.02753,1.04871,1.02057,1.04871,1.04871,1794762
1974-06-13,1.04871,1.05636,1.04185,1.04871,1.04871,2106305
1974-06-14,1.04871,1.04871,1.03458,1.04185,1.04185,650174
1974-06-17,1.04185,1.04185,1.02753,1.02753,1.02753,1462898
1974-06-18,1.02753,1.04185,1.02057,1.04185,1.04185,1950533
1974-06-19,1.04185,1.04185,1.02753,1.03458,1.03458,1429039
1974-06-20,1.03458,1.03458,1.02057,1.02753,1.02753,880445
1974-06-21,1.02753,1.02753,1.02057,1.02753,1.02753,1781217
1974-06-24,1.02753,1.04185,1.02057,1.03458,1.03458,1178446
1974-06-25,1.03458,1.04185,1.03458,1.04185,1.04185,927858
1974-06-26,1.04185,1.04185,1.03458,1.04185,1.04185,697588
1974-06-27,1.03458,1.03458,1.00654,1.00654,1.00654,1340991
1974-06-28,0.999479,0.999479,0.985361,0.999479,0.999479,1063315
1974-07-01,0.999479,1.00654,0.992621,0.999479,0.999479,893992
1974-07-02,0.999479,1.00654,0.977908,0.985361,0.985361,914318
1974-07-03,0.985361,0.985361,0.970848,0.977908,0.977908,1523857
1974-07-05,0.970848,0.970848,0.935544,0.942605,0.942605,1395173
1974-07-08,0.921324,0.921324,0.907202,0.914263,0.914263,2343351
1974-07-09,0.914263,0.942605,0.914263,0.935544,0.935544,4212615
1974-07-10,0.935544,0.942605,0.928287,0.928287,0.928287,1395173
1974-07-11,0.928287,0.935544,0.914263,0.914263,0.914263,2309485
1974-07-12,0.921324,0.963983,0.921324,0.949959,0.949959,1997943
1974-07-15,0.949959,0.970848,0.949959,0.963983,0.963983,2234990
1974-07-16,0.963983,0.970848,0.956824,0.956824,0.956824,1171671
1974-07-17,0.956824,0.970848,0.949959,0.970848,0.970848,1456133
1974-07-18,0.977908,0.992621,0.977908,0.977908,0.977908,1483215
1974-07-19,0.977908,0.977908,0.963983,0.977908,0.977908,1638991
1974-07-22,0.970848,0.970848,0.949959,0.963983,0.963983,1862488
1974-07-23,0.963983,0.963983,0.949959,0.949959,0.949959,1293585
1974-07-24,0.949959,0.949959,0.928287,0.928287,0.928287,1727034
1974-07-25,0.928287,0.935544,0.900045,0.900045,0.900045,1259720
1974-07-26,0.900045,0.900045,0.871508,0.871508,0.871508,3196709
1974-07-29,0.871508,0.87896,0.85768,0.86474,0.86474,3183165
1974-07-30,0.86474,0.87896,0.85768,0.871508,0.871508,1625444
1974-07-31,0.871508,0.885825,0.86474,0.86474,0.86474,826268
1974-08-01,0.86474,0.86474,0.828947,0.836204,0.836204,3934934
1974-08-02,0.828947,0.828947,0.800998,0.800998,0.800998,3210253
1974-08-05,0.800998,0.815022,0.793937,0.793937,0.793937,3257659
1974-08-06,0.800998,0.82218,0.800998,0.80796,0.80796,3934934
1974-08-07,0.80796,0.85768,0.80796,0.85768,0.85768,2350122
1974-08-08,0.85768,0.85768,0.836204,0.836204,0.836204,2119853
1974-08-09,0.836204,0.836204,0.82218,0.828947,0.828947,1503535
1974-08-12,0.828947,0.828947,0.80796,0.80796,0.80796,805947
1974-08-13,0.80796,0.80796,0.78668,0.78668,0.78668,2025032
1974-08-14,0.779717,0.779717,0.758438,0.772461,0.772461,3819798
1974-08-15,0.772461,0.779717,0.758438,0.765401,0.765401,1984395
1974-08-16,0.765401,0.772461,0.758438,0.772461,0.772461,1340991
1974-08-19,0.765401,0.765401,0.75118,0.758438,0.758438,2756480
1974-08-20,0.758438,0.779717,0.75118,0.758438,0.758438,3359252
1974-08-21,0.758438,0.765401,0.75118,0.75118,0.75118,1489993
1974-08-22,0.75118,0.75118,0.729998,0.736863,0.736863,3034163
1974-08-23,0.736863,0.744317,0.708719,0.71578,0.71578,2370443
1974-08-26,0.71578,0.744317,0.708719,0.729998,0.729998,3873978
1974-08-27,0.723134,0.723134,0.701854,0.708719,0.708719,2885164
1974-08-28,0.708719,0.736863,0.708719,0.723134,0.723134,2593938
1974-08-29,0.723134,0.736863,0.71578,0.723134,0.723134,2411078
1974-08-30,0.729998,0.765401,0.729998,0.758438,0.758438,2255306
1974-09-03,0.758438,0.765401,0.75118,0.758438,0.758438,2329805
1974-09-04,0.723134,0.723134,0.701854,0.701854,0.701854,5086291
1974-09-05,0.71578,0.758438,0.71578,0.758438,0.758438,3501481
1974-09-06,0.758438,0.765401,0.75118,0.75118,0.75118,2268855
1974-09-09,0.75118,0.75118,0.744317,0.744317,0.744317,1605125
1974-09-10,0.744317,0.75118,0.729998,0.729998,0.729998,1334219
1974-09-11,0.729998,0.736863,0.723134,0.723134,0.723134,1246176
1974-09-12,0.71578,0.71578,0.708719,0.708719,0.708719,1964078
1974-09-13,0.701854,0.701854,0.673611,0.673611,0.673611,2986756
1974-09-16,0.673611,0.680181,0.652037,0.666354,0.666354,6237646
1974-09-17,0.680181,0.71578,0.680181,0.680181,0.680181,2018256
1974-09-18,0.680181,0.701854,0.673611,0.701854,0.701854,2289170
1974-09-19,0.71578,0.744317,0.71578,0.736863,0.736863,2363674
1974-09-20,0.736863,0.765401,0.729998,0.758438,0.758438,3291526
1974-09-23,0.75118,0.75118,0.729998,0.736863,0.736863,1435810
1974-09-24,0.723134,0.723134,0.701854,0.71578,0.71578,2546529
1974-09-25,0.71578,0.75118,0.71578,0.729998,0.729998,3338936
1974-09-26,0.723134,0.723134,0.71578,0.71578,0.71578,2546529
1974-09-27,0.71578,0.729998,0.659195,0.666354,0.666354,3474391
1974-09-30,0.666354,0.673611,0.652037,0.666354,0.666354,6630463
1974-10-01,0.666354,0.680181,0.644976,0.680181,0.680181,4503838
1974-10-02,0.687438,0.708719,0.687438,0.694401,0.694401,3277983
1974-10-03,0.687438,0.687438,0.673611,0.680181,0.680181,3467617
1974-10-04,0.680181,0.680181,0.659195,0.673611,0.673611,2451711
1974-10-07,0.680181,0.708719,0.680181,0.701854,0.701854,3474391
1974-10-08,0.694401,0.694401,0.666354,0.666354,0.666354,1916666
1974-10-09,0.666354,0.71578,0.659195,0.708719,0.708719,4388701
1974-10-10,0.723134,0.744317,0.723134,0.729998,0.729998,4165205
1974-10-11,0.729998,0.75118,0.723134,0.75118,0.75118,3095117
1974-10-14,0.75118,0.800998,0.75118,0.779717,0.779717,3122211
1974-10-15,0.779717,0.78668,0.758438,0.765401,0.765401,2634574
1974-10-16,0.765401,0.772461,0.75118,0.75118,0.75118,2262077
1974-10-17,0.75118,0.758438,0.744317,0.75118,0.75118,3034163
1974-10-18,0.758438,0.779717,0.758438,0.772461,0.772461,3636935
1974-10-21,0.779717,0.80796,0.779717,0.80796,0.80796,2451711
1974-10-22,0.80796,0.82218,0.80796,0.80796,0.80796,4185521
1974-10-23,0.80796,0.80796,0.772461,0.772461,0.772461,1977626
1974-10-24,0.765401,0.765401,0.75118,0.765401,0.765401,1510309
1974-10-25,0.765401,0.800998,0.765401,0.772461,0.772461,2397529
1974-10-28,0.772461,0.78668,0.765401,0.779717,0.779717,1611900
1974-10-29,0.78668,0.800998,0.78668,0.800998,0.800998,3718209
1974-10-30,0.800998,0.800998,0.78668,0.793937,0.793937,2776799
1974-10-31,0.793937,0.793937,0.765401,0.765401,0.765401,2018256
1974-11-01,0.765401,0.779717,0.758438,0.772461,0.772461,1415496
1974-11-04,0.758438,0.758438,0.75118,0.758438,0.758438,1171671
1974-11-05,0.758438,0.793937,0.75118,0.793937,0.793937,1760899
1974-11-06,0.793937,0.80796,0.765401,0.772461,0.772461,4002659
1974-11-07,0.772461,0.800998,0.758438,0.78668,0.78668,2160482
1974-11-08,0.78668,0.78668,0.765401,0.772461,0.772461,1327445
1974-11-11,0.772461,0.779717,0.765401,0.765401,0.765401,1307125
1974-11-12,0.765401,0.779717,0.75118,0.75118,0.75118,1767672
1974-11-13,0.75118,0.75118,0.744317,0.75118,0.75118,5106605
1974-11-14,0.758438,0.765401,0.758438,0.765401,0.765401,1815080
1974-11-15,0.765401,0.765401,0.744317,0.758438,0.758438,1313902
1974-11-18,0.736863,0.736863,0.723134,0.729998,0.729998,2113081
1974-11-19,0.729998,0.744317,0.729998,0.729998,0.729998,1564490
1974-11-20,0.729998,0.75118,0.729998,0.736863,0.736863,1422265
1974-11-21,0.736863,0.744317,0.729998,0.736863,0.736863,907538
1974-11-22,0.736863,0.75118,0.736863,0.736863,0.736863,1273267
1974-11-25,0.736863,0.75118,0.736863,0.75118,0.75118,1429039
1974-11-26,0.75118,0.75118,0.744317,0.744317,0.744317,1855714
1974-11-27,0.744317,0.758438,0.744317,0.75118,0.75118,2072441
1974-11-29,0.744317,0.744317,0.736863,0.744317,0.744317,1131040
1974-12-02,0.736863,0.736863,0.723134,0.723134,0.723134,1286811
1974-12-03,0.723134,0.723134,0.71578,0.71578,0.71578,1909895
1974-12-04,0.71578,0.71578,0.701854,0.701854,0.701854,2837758
1974-12-05,0.701854,0.708719,0.694401,0.694401,0.694401,6434054
1974-12-06,0.694401,0.701854,0.687438,0.694401,0.694401,1842168
1974-12-09,0.694401,0.71578,0.694401,0.701854,0.701854,1733808
1974-12-10,0.71578,0.744317,0.71578,0.729998,0.729998,1571266
1974-12-11,0.729998,0.75118,0.729998,0.729998,0.729998,1632218
1974-12-12,0.729998,0.736863,0.729998,0.736863,0.736863,1469677
1974-12-13,0.736863,0.736863,0.729998,0.736863,0.736863,1625444
1974-12-16,0.736863,0.736863,0.729998,0.729998,0.729998,2268855
1974-12-17,0.729998,0.736863,0.729998,0.736863,0.736863,1259720
1974-12-18,0.744317,0.75118,0.744317,0.744317,0.744317,1435810
1974-12-19,0.744317,0.75118,0.736863,0.744317,0.744317,3853660
1974-12-20,0.736863,0.736863,0.71578,0.71578,0.71578,2912253
1974-12-23,0.71578,0.723134,0.701854,0.701854,0.701854,4361608
1974-12-24,0.701854,0.708719,0.701854,0.701854,0.701854,3325392
1974-12-26,0.701854,0.71578,0.701854,0.708719,0.708719,1476443
1974-12-27,0.708719,0.71578,0.708719,0.708719,0.708719,772087
1974-12-30,0.708719,0.708719,0.701854,0.708719,0.708719,1801538
1974-12-31,0.708719,0.71578,0.708719,0.71578,0.71578,1760899
1975-01-02,0.71578,0.736863,0.71578,0.729998,0.729998,1923445
1975-01-03,0.729998,0.736863,0.723134,0.729998,0.729998,1598354
1975-01-06,0.729998,0.736863,0.723134,0.723134,0.723134,1605125
1975-01-07,0.723134,0.723134,0.701854,0.701854,0.701854,1110721
1975-01-08,0.701854,0.701854,0.687438,0.687438,0.687438,2580397
1975-01-09,0.687438,0.687438,0.673611,0.687438,0.687438,3738521
1975-01-10,0.694401,0.71578,0.694401,0.701854,0.701854,4043295
1975-01-13,0.701854,0.708719,0.666354,0.666354,0.666354,7057139
1975-01-14,0.666354,0.666354,0.659195,0.659195,0.659195,12224702
1975-01-15,0.659195,0.666354,0.652037,0.666354,0.666354,5160788
1975-01-16,0.666354,0.680181,0.666354,0.673611,0.673611,3799473
1975-01-17,0.666354,0.666354,0.652037,0.652037,0.652037,3386342
1975-01-20,0.652037,0.659195,0.637523,0.659195,0.659195,2573625
1975-01-21,0.659195,0.666354,0.659195,0.659195,0.659195,1889579
1975-01-22,0.659195,0.659195,0.644976,0.659195,0.659195,2580397
1975-01-23,0.659195,0.673611,0.652037,0.666354,0.666354,2248530
1975-01-24,0.666354,0.680181,0.652037,0.673611,0.673611,3318620
1975-01-27,0.680181,0.701854,0.680181,0.694401,0.694401,3156070
1975-01-28,0.694401,0.708719,0.694401,0.701854,0.701854,3284753
1975-01-29,0.701854,0.708719,0.694401,0.708719,0.708719,4266794
1975-01-30,0.708719,0.71578,0.680181,0.680181,0.680181,2736170
1975-01-31,0.680181,0.701854,0.680181,0.687438,0.687438,1842168
1975-02-03,0.687438,0.687438,0.673611,0.687438,0.687438,2214668
1975-02-04,0.687438,0.71578,0.687438,0.708719,0.708719,2790346
1975-02-05,0.708719,0.736863,0.708719,0.736863,0.736863,4537699
1975-02-06,0.744317,0.765401,0.744317,0.744317,0.744317,5438467
1975-02-07,0.744317,0.779717,0.744317,0.772461,0.772461,2648125
1975-02-10,0.779717,0.78668,0.779717,0.779717,0.779717,3366028
1975-02-11,0.772461,0.772461,0.75118,0.765401,0.765401,3122211
1975-02-12,0.765401,0.779717,0.765401,0.779717,0.779717,1727034
1975-02-13,0.78668,0.815022,0.78668,0.80796,0.80796,6386643
1975-02-14,0.80796,0.80796,0.793937,0.80796,0.80796,4497062
1975-02-18,0.80796,0.80796,0.800998,0.800998,0.800998,2573625
1975-02-19,0.800998,0.815022,0.800998,0.815022,0.815022,2282394
1975-02-20,0.815022,0.836204,0.815022,0.836204,0.836204,3765614
1975-02-21,0.836204,0.836204,0.828947,0.828947,0.828947,3101892
1975-02-24,0.82218,0.82218,0.80796,0.80796,0.80796,2803892
1975-02-25,0.80796,0.80796,0.793937,0.793937,0.793937,3115440
1975-02-26,0.793937,0.80796,0.793937,0.80796,0.80796,2458487
1975-02-28,0.815022,0.828947,0.815022,0.828947,0.828947,1469677
1975-03-03,0.828947,0.836204,0.828947,0.836204,0.836204,2031803
1975-03-04,0.850717,0.871508,0.850717,0.850717,0.850717,2675211
1975-03-05,0.850717,0.871508,0.850717,0.85768,0.85768,1876036
1975-03-06,0.85768,0.86474,0.850717,0.85768,0.85768,1347767
1975-03-07,0.85768,0.86474,0.850717,0.850717,0.850717,1517086
1975-03-10,0.850717,0.86474,0.850717,0.85768,0.85768,3697888
1975-03-11,0.85768,0.86474,0.843362,0.843362,0.843362,2919027
1975-03-12,0.843362,0.843362,0.836204,0.836204,0.836204,1198770
1975-03-13,0.836204,0.836204,0.815022,0.815022,0.815022,5133700
1975-03-14,0.815022,0.82218,0.80796,0.815022,0.815022,2201118
1975-03-17,0.815022,0.815022,0.80796,0.815022,0.815022,3873978
1975-03-18,0.815022,0.82218,0.815022,0.815022,0.815022,2675211
1975-03-19,0.80796,0.80796,0.78668,0.793937,0.793937,2465260
1975-03-20,0.793937,0.793937,0.779717,0.78668,0.78668,3156070
1975-03-21,0.78668,0.78668,0.779717,0.78668,0.78668,1571266
1975-03-24,0.779717,0.779717,0.772461,0.779717,0.779717,2126622
1975-03-25,0.779717,0.80796,0.779717,0.80796,0.80796,1754126
1975-03-26,0.815022,0.828947,0.815022,0.828947,0.828947,2025032
1975-03-27,0.828947,0.828947,0.815022,0.82218,0.82218,1164903
1975-03-31,0.815022,0.815022,0.793937,0.800998,0.800998,1049765
1975-04-01,0.800998,0.800998,0.78668,0.78668,0.78668,1137810
1975-04-02,0.78668,0.815022,0.78668,0.793937,0.793937,1395173
1975-04-03,0.78668,0.78668,0.779717,0.779717,0.779717,2316263
1975-04-04,0.779717,0.78668,0.772461,0.772461,0.772461,2675211
1975-04-07,0.772461,0.779717,0.765401,0.772461,0.772461,3169616
1975-04-08,0.772461,0.78668,0.772461,0.772461,0.772461,1442582
1975-04-09,0.772461,0.800998,0.772461,0.800998,0.800998,2553304
1975-04-10,0.800998,0.82218,0.800998,0.80796,0.80796,2146942
1975-04-11,0.80796,0.815022,0.80796,0.815022,0.815022,866908
1975-04-14,0.815022,0.836204,0.815022,0.828947,0.828947,1747353
1975-04-15,0.828947,0.836204,0.82218,0.828947,0.828947,2444939
1975-04-16,0.82218,0.82218,0.815022,0.82218,0.82218,1503535
1975-04-17,0.82218,0.828947,0.80796,0.80796,0.80796,3271207
1975-04-18,0.80796,0.815022,0.793937,0.80796,0.80796,1862488
1975-04-21,0.80796,0.828947,0.80796,0.815022,0.815022,2140172
1975-04-22,0.815022,0.82218,0.80796,0.80796,0.80796,1496763
1975-04-23,0.80796,0.815022,0.80796,0.80796,0.80796,941401
1975-04-24,0.80796,0.80796,0.78668,0.793937,0.793937,2113081
1975-04-25,0.793937,0.80796,0.793937,0.793937,0.793937,1672851
1975-04-28,0.793937,0.800998,0.78668,0.793937,0.793937,1503535
1975-04-29,0.793937,0.800998,0.78668,0.793937,0.793937,1618667
1975-04-30,0.793937,0.800998,0.78668,0.800998,0.800998,941401
1975-05-01,0.800998,0.800998,0.793937,0.793937,0.793937,2478806
1975-05-02,0.800998,0.815022,0.800998,0.815022,0.815022,2248530
1975-05-05,0.815022,0.828947,0.815022,0.828947,0.828947,2025032
1975-05-06,0.828947,0.836204,0.82218,0.82218,0.82218,2262077
1975-05-07,0.82218,0.828947,0.815022,0.828947,0.828947,2275622
1975-05-08,0.828947,0.836204,0.82218,0.836204,0.836204,1544175
1975-05-09,0.836204,0.850717,0.836204,0.850717,0.850717,2770027
1975-05-12,0.850717,0.85768,0.850717,0.850717,0.850717,1862488
1975-05-13,0.850717,0.85768,0.843362,0.850717,0.850717,907538
1975-05-14,0.850717,0.86474,0.843362,0.85768,0.85768,1564490
1975-05-15,0.85768,0.86474,0.850717,0.85768,0.85768,1462898
1975-05-16,0.850717,0.850717,0.836204,0.836204,0.836204,1185219
1975-05-19,0.836204,0.836204,0.815022,0.836204,0.836204,1158129
1975-05-20,0.836204,0.843362,0.836204,0.836204,0.836204,1164903
1975-05-21,0.836204,0.836204,0.828947,0.836204,0.836204,1489993
1975-05-22,0.836204,0.836204,0.828947,0.836204,0.836204,1442582
1975-05-23,0.836204,0.850717,0.836204,0.843362,0.843362,650174
1975-05-27,0.843362,0.850717,0.843362,0.843362,0.843362,1002361
1975-05-28,0.843362,0.843362,0.836204,0.836204,0.836204,2587168
1975-05-29,0.836204,0.836204,0.828947,0.836204,0.836204,866908
1975-05-30,0.836204,0.843362,0.836204,0.836204,0.836204,1049765
1975-06-02,0.836204,0.850717,0.836204,0.850717,0.850717,1598354
1975-06-03,0.850717,0.850717,0.843362,0.850717,0.850717,2824211
1975-06-04,0.850717,0.850717,0.843362,0.843362,0.843362,1076856
1975-06-05,0.843362,0.850717,0.836204,0.850717,0.850717,1124267
1975-06-06,0.850717,0.850717,0.836204,0.836204,0.836204,1801538
1975-06-09,0.836204,0.836204,0.828947,0.836204,0.836204,1462898
1975-06-10,0.836204,0.836204,0.828947,0.828947,0.828947,1666082
1975-06-11,0.828947,0.843362,0.828947,0.836204,0.836204,1720261
1975-06-12,0.836204,0.843362,0.828947,0.836204,0.836204,1503535
1975-06-13,0.836204,0.836204,0.82218,0.828947,0.828947,2160482
1975-06-16,0.828947,0.836204,0.82218,0.836204,0.836204,650174
1975-06-17,0.836204,0.843362,0.836204,0.843362,0.843362,1049765
1975-06-18,0.843362,0.843362,0.836204,0.836204,0.836204,860133
1975-06-19,0.836204,0.85768,0.836204,0.85768,0.85768,1760899
1975-06-20,0.85768,0.86474,0.850717,0.850717,0.850717,2248530
1975-06-23,0.850717,0.85768,0.836204,0.85768,0.85768,4178751
1975-06-24,0.85768,0.871508,0.85768,0.85768,0.85768,1991169
1975-06-25,0.85768,0.871508,0.85768,0.871508,0.871508,1740580
1975-06-26,0.871508,0.87896,0.871508,0.871508,0.871508,2092762
1975-06-27,0.871508,0.87896,0.850717,0.85768,0.85768,711133
1975-06-30,0.85768,0.86474,0.85768,0.85768,0.85768,1015903
1975-07-01,0.85768,0.85768,0.850717,0.850717,0.850717,1056539
1975-07-02,0.843362,0.843362,0.836204,0.836204,0.836204,1652534
1975-07-03,0.836204,0.850717,0.836204,0.836204,0.836204,2099535
1975-07-07,0.836204,0.836204,0.836204,0.836204,0.836204,805947
1975-07-08,0.836204,0.836204,0.828947,0.828947,0.828947,1774443
1975-07-09,0.828947,0.836204,0.828947,0.836204,0.836204,934629
1975-07-10,0.843362,0.850717,0.843362,0.843362,0.843362,1855714
1975-07-11,0.843362,0.843362,0.82218,0.82218,0.82218,1767672
1975-07-14,0.828947,0.836204,0.828947,0.836204,0.836204,1848943
1975-07-15,0.836204,0.836204,0.828947,0.828947,0.828947,1442582
1975-07-16,0.828947,0.828947,0.815022,0.815022,0.815022,1178446
1975-07-17,0.80796,0.80796,0.800998,0.800998,0.800998,1131040
1975-07-18,0.800998,0.815022,0.800998,0.80796,0.80796,772087
1975-07-21,0.80796,0.80796,0.78668,0.793937,0.793937,1997943
1975-07-22,0.793937,0.800998,0.78668,0.793937,0.793937,2194350
1975-07-23,0.793937,0.815022,0.793937,0.800998,0.800998,1679625
1975-07-24,0.793937,0.793937,0.793937,0.793937,0.793937,2580397
1975-07-25,0.793937,0.793937,0.793937,0.793937,0.793937,1469677
1975-07-28,0.793937,0.793937,0.78668,0.78668,0.78668,1476443
1975-07-29,0.78668,0.793937,0.779717,0.78668,0.78668,2194350
1975-07-30,0.78668,0.78668,0.779717,0.779717,0.779717,1442582
1975-07-31,0.78668,0.793937,0.78668,0.78668,0.78668,1449354
1975-08-01,0.78668,0.78668,0.779717,0.78668,0.78668,1706714
1975-08-04,0.78668,0.78668,0.779717,0.779717,0.779717,1063315
1975-08-05,0.779717,0.78668,0.772461,0.772461,0.772461,2106305
1975-08-06,0.772461,0.779717,0.758438,0.772461,0.772461,3047708
1975-08-07,0.772461,0.78668,0.772461,0.779717,0.779717,1191994
1975-08-08,0.779717,0.78668,0.779717,0.779717,0.779717,846586
1975-08-11,0.779717,0.793937,0.779717,0.779717,0.779717,1862488
1975-08-12,0.779717,0.78668,0.779717,0.78668,0.78668,1645765
1975-08-13,0.78668,0.78668,0.758438,0.758438,0.758438,2018256
1975-08-14,0.758438,0.758438,0.75118,0.75118,0.75118,1876036
1975-08-15,0.75118,0.75118,0.744317,0.744317,0.744317,5465555
1975-08-18,0.744317,0.75118,0.744317,0.744317,0.744317,880445
1975-08-19,0.744317,0.744317,0.729998,0.736863,0.736863,1131040
1975-08-20,0.729998,0.729998,0.723134,0.723134,0.723134,1916666
1975-08-21,0.723134,0.736863,0.723134,0.729998,0.729998,2302712
1975-08-22,0.729998,0.736863,0.729998,0.729998,0.729998,2018256
1975-08-25,0.729998,0.744317,0.729998,0.744317,0.744317,961720
1975-08-26,0.744317,0.744317,0.736863,0.736863,0.736863,799179
1975-08-27,0.736863,0.744317,0.736863,0.736863,0.736863,1056539
1975-08-28,0.744317,0.765401,0.744317,0.765401,0.765401,1476443
1975-08-29,0.765401,0.765401,0.758438,0.758438,0.758438,1320677
1975-09-02,0.758438,0.765401,0.75118,0.75118,0.75118,873676
1975-09-03,0.75118,0.75118,0.744317,0.75118,0.75118,568903
1975-09-04,0.75118,0.758438,0.744317,0.75118,0.75118,474089
1975-09-05,0.75118,0.75118,0.744317,0.744317,0.744317,927858
1975-09-08,0.744317,0.744317,0.736863,0.744317,0.744317,900767
1975-09-09,0.744317,0.75118,0.729998,0.736863,0.736863,1747353
1975-09-10,0.723134,0.723134,0.71578,0.71578,0.71578,2302712
1975-09-11,0.71578,0.729998,0.71578,0.723134,0.723134,1327445
1975-09-12,0.723134,0.729998,0.723134,0.723134,0.723134,738224
1975-09-15,0.723134,0.723134,0.71578,0.71578,0.71578,1916666
1975-09-16,0.71578,0.71578,0.708719,0.71578,0.71578,1056539
1975-09-17,0.71578,0.71578,0.708719,0.708719,0.708719,778858
1975-09-18,0.708719,0.729998,0.708719,0.723134,0.723134,1273267
1975-09-19,0.729998,0.75118,0.729998,0.744317,0.744317,2979979
1975-09-22,0.744317,0.75118,0.729998,0.729998,0.729998,6325691
1975-09-23,0.723134,0.723134,0.701854,0.708719,0.708719,5038876
1975-09-24,0.708719,0.71578,0.708719,0.708719,0.708719,1239402
1975-09-25,0.708719,0.708719,0.701854,0.701854,0.701854,2004714
1975-09-26,0.701854,0.708719,0.701854,0.708719,0.708719,1571266
1975-09-29,0.708719,0.708719,0.694401,0.694401,0.694401,1110721
1975-09-30,0.694401,0.694401,0.694401,0.694401,0.694401,1408718
1975-10-01,0.701854,0.71578,0.701854,0.701854,0.701854,1618667
1975-10-02,0.701854,0.71578,0.701854,0.71578,0.71578,2444939
1975-10-03,0.71578,0.71578,0.71578,0.71578,0.71578,1456133
1975-10-06,0.71578,0.729998,0.71578,0.729998,0.729998,2851302
1975-10-07,0.729998,0.729998,0.723134,0.723134,0.723134,1659308
1975-10-08,0.723134,0.75118,0.723134,0.75118,0.75118,6291829
1975-10-09,0.75118,0.75118,0.744317,0.744317,0.744317,2952893
1975-10-10,0.744317,0.744317,0.736863,0.736863,0.736863,1212313
1975-10-13,0.736863,0.744317,0.736863,0.736863,0.736863,1679625
1975-10-14,0.744317,0.75118,0.744317,0.75118,0.75118,4368387
1975-10-15,0.75118,0.75118,0.744317,0.744317,0.744317,1408718
1975-10-16,0.75118,0.758438,0.75118,0.75118,0.75118,3108665
1975-10-17,0.75118,0.758438,0.75118,0.758438,0.758438,1794762
1975-10-20,0.758438,0.758438,0.75118,0.758438,0.758438,2133395
1975-10-21,0.765401,0.765401,0.765401,0.765401,0.765401,3630162
1975-10-22,0.765401,0.772461,0.765401,0.772461,0.772461,2858072
1975-10-23,0.779717,0.78668,0.779717,0.78668,0.78668,3853660
1975-10-24,0.78668,0.793937,0.78668,0.78668,0.78668,1083632
1975-10-27,0.78668,0.793937,0.78668,0.78668,0.78668,1794762
1975-10-28,0.793937,0.793937,0.793937,0.793937,0.793937,1936987
1975-10-29,0.793937,0.793937,0.78668,0.793937,0.793937,2444939
1975-10-30,0.793937,0.800998,0.793937,0.793937,0.793937,1943762
1975-10-31,0.793937,0.793937,0.78668,0.78668,0.78668,1212313
1975-11-03,0.78668,0.78668,0.78668,0.78668,0.78668,1029445
1975-11-04,0.78668,0.78668,0.78668,0.78668,0.78668,914318
1975-11-05,0.78668,0.800998,0.78668,0.793937,0.793937,3460843
1975-11-06,0.793937,0.800998,0.793937,0.800998,0.800998,1713496
1975-11-07,0.800998,0.80796,0.800998,0.800998,0.800998,2383986
1975-11-10,0.800998,0.800998,0.800998,0.800998,0.800998,1483215
1975-11-11,0.800998,0.80796,0.800998,0.80796,0.80796,921086
1975-11-12,0.80796,0.80796,0.80796,0.80796,0.80796,1158129
1975-11-13,0.80796,0.80796,0.800998,0.800998,0.800998,1266493
1975-11-14,0.800998,0.80796,0.800998,0.80796,0.80796,1821851
1975-11-17,0.80796,0.815022,0.80796,0.815022,0.815022,1611900
1975-11-18,0.815022,0.82218,0.815022,0.815022,0.815022,2634574
1975-11-19,0.815022,0.82218,0.815022,0.815022,0.815022,1144583
1975-11-20,0.815022,0.82218,0.80796,0.815022,0.815022,1232629
1975-11-21,0.815022,0.82218,0.815022,0.815022,0.815022,1395173
1975-11-24,0.815022,0.82218,0.815022,0.82218,0.82218,1280038
1975-11-25,0.82218,0.828947,0.82218,0.828947,0.828947,2350122
1975-11-26,0.828947,0.836204,0.828947,0.836204,0.836204,1679625
1975-11-28,0.836204,0.836204,0.82218,0.828947,0.828947,1381631
1975-12-01,0.828947,0.828947,0.82218,0.82218,0.82218,1171671
1975-12-02,0.82218,0.82218,0.793937,0.793937,0.793937,1259720
1975-12-03,0.793937,0.793937,0.779717,0.779717,0.779717,3704659
1975-12-04,0.779717,0.78668,0.772461,0.78668,0.78668,2770027
1975-12-05,0.78668,0.78668,0.772461,0.772461,0.772461,1618667
1975-12-08,0.772461,0.78668,0.765401,0.779717,0.779717,2383986
1975-12-09,0.779717,0.78668,0.772461,0.78668,0.78668,778858
1975-12-10,0.78668,0.78668,0.779717,0.78668,0.78668,2187576
1975-12-11,0.793937,0.800998,0.793937,0.793937,0.793937,3399893
1975-12-12,0.793937,0.793937,0.793937,0.793937,0.793937,1943762
1975-12-15,0.793937,0.793937,0.78668,0.78668,0.78668,1063315
1975-12-16,0.78668,0.800998,0.78668,0.793937,0.793937,961720
1975-12-17,0.800998,0.80796,0.800998,0.800998,0.800998,2905482
1975-12-18,0.800998,0.80796,0.793937,0.800998,0.800998,2011490
1975-12-19,0.800998,0.800998,0.793937,0.793937,0.793937,1191994
1975-12-22,0.793937,0.793937,0.78668,0.78668,0.78668,948178
1975-12-23,0.78668,0.78668,0.779717,0.779717,0.779717,2085987
1975-12-24,0.78668,0.793937,0.78668,0.793937,0.793937,1456133
1975-12-26,0.793937,0.800998,0.793937,0.800998,0.800998,717905
1975-12-29,0.800998,0.800998,0.78668,0.793937,0.793937,954954
1975-12-30,0.793937,0.793937,0.78668,0.78668,0.78668,1042995
1975-12-31,0.78668,0.800998,0.78668,0.793937,0.793937,650174
1976-01-02,0.793937,0.800998,0.793937,0.793937,0.793937,805947
1976-01-05,0.793937,0.80796,0.78668,0.800998,0.800998,1564490
1976-01-06,0.800998,0.815022,0.800998,0.800998,0.800998,1645765
1976-01-07,0.800998,0.82218,0.800998,0.800998,0.800998,2641347
1976-01-08,0.800998,0.80796,0.800998,0.80796,0.80796,4307424
1976-01-09,0.80796,0.815022,0.80796,0.80796,0.80796,1544175
1976-01-12,0.80796,0.82218,0.80796,0.82218,0.82218,1225855
1976-01-13,0.82218,0.828947,0.80796,0.80796,0.80796,2390759
1976-01-14,0.80796,0.80796,0.800998,0.80796,0.80796,3948481
1976-01-15,0.80796,0.80796,0.793937,0.793937,0.793937,2038576
1976-01-16,0.793937,0.800998,0.793937,0.793937,0.793937,1896353
1976-01-19,0.793937,0.800998,0.793937,0.800998,0.800998,1842168
1976-01-20,0.800998,0.800998,0.78668,0.78668,0.78668,4104245
1976-01-21,0.78668,0.78668,0.765401,0.772461,0.772461,5370743
1976-01-22,0.772461,0.78668,0.765401,0.772461,0.772461,3223800
1976-01-23,0.772461,0.793937,0.772461,0.793937,0.793937,2553304
1976-01-26,0.793937,0.80796,0.793937,0.800998,0.800998,2113081
1976-01-27,0.800998,0.815022,0.793937,0.80796,0.80796,3338936
1976-01-28,0.80796,0.815022,0.80796,0.815022,0.815022,1300356
1976-01-29,0.82218,0.843362,0.82218,0.843362,0.843362,3779161
1976-01-30,0.843362,0.850717,0.843362,0.850717,0.850717,2600716
1976-02-02,0.850717,0.850717,0.836204,0.843362,0.843362,3643706
1976-02-03,0.843362,0.850717,0.843362,0.843362,0.843362,2458487
1976-02-04,0.843362,0.850717,0.836204,0.836204,0.836204,3366028
1976-02-05,0.836204,0.836204,0.815022,0.815022,0.815022,1510309
1976-02-06,0.815022,0.828947,0.80796,0.82218,0.82218,1544175
1976-02-09,0.82218,0.828947,0.82218,0.82218,0.82218,1469677
1976-02-10,0.82218,0.82218,0.815022,0.82218,0.82218,2444939
1976-02-11,0.82218,0.82218,0.815022,0.82218,0.82218,3047708
1976-02-12,0.82218,0.82218,0.815022,0.815022,0.815022,1198770
1976-02-13,0.815022,0.815022,0.815022,0.815022,0.815022,1693172
1976-02-17,0.815022,0.815022,0.815022,0.815022,0.815022,1415496
1976-02-18,0.815022,0.815022,0.800998,0.800998,0.800998,2404306
1976-02-19,0.800998,0.80796,0.78668,0.78668,0.78668,7666687
1976-02-20,0.78668,0.793937,0.78668,0.78668,0.78668,3000297
1976-02-23,0.78668,0.78668,0.772461,0.78668,0.78668,2546529
1976-02-24,0.78668,0.78668,0.765401,0.765401,0.765401,3433749
1976-02-25,0.758438,0.758438,0.744317,0.75118,0.75118,4781518
1976-02-26,0.75118,0.758438,0.75118,0.75118,0.75118,3982339
1976-02-27,0.75118,0.75118,0.744317,0.75118,0.75118,4266794
1976-03-01,0.75118,0.758438,0.744317,0.758438,0.758438,3907840
1976-03-02,0.75118,0.75118,0.75118,0.75118,0.75118,3162849
1976-03-03,0.75118,0.75118,0.744317,0.744317,0.744317,2072441
1976-03-04,0.736863,0.736863,0.723134,0.729998,0.729998,3088351
1976-03-05,0.729998,0.736863,0.729998,0.729998,0.729998,3447299
1976-03-08,0.729998,0.736863,0.729998,0.736863,0.736863,2038576
1976-03-09,0.75118,0.758438,0.75118,0.758438,0.758438,4429341
1976-03-10,0.758438,0.779717,0.758438,0.772461,0.772461,2323031
1976-03-11,0.772461,0.779717,0.765401,0.772461,0.772461,4842469
1976-03-12,0.772461,0.78668,0.772461,0.772461,0.772461,2248530
1976-03-15,0.765401,0.765401,0.758438,0.758438,0.758438,1943762
1976-03-16,0.758438,0.765401,0.75118,0.758438,0.758438,2905482
1976-03-17,0.758438,0.765401,0.758438,0.758438,0.758438,2295940
1976-03-18,0.758438,0.758438,0.75118,0.75118,0.75118,1137810
1976-03-19,0.75118,0.758438,0.75118,0.758438,0.758438,2573625
1976-03-22,0.758438,0.758438,0.75118,0.758438,0.758438,4036525
1976-03-23,0.758438,0.765401,0.758438,0.765401,0.765401,3325392
1976-03-24,0.779717,0.78668,0.779717,0.78668,0.78668,6420507
1976-03-25,0.78668,0.78668,0.779717,0.78668,0.78668,2282394
1976-03-26,0.78668,0.800998,0.78668,0.78668,0.78668,921086
1976-03-29,0.78668,0.793937,0.78668,0.78668,0.78668,690815
1976-03-30,0.78668,0.793937,0.779717,0.779717,0.779717,690815
1976-03-31,0.779717,0.793937,0.779717,0.793937,0.793937,1747353
1976-04-01,0.793937,0.793937,0.78668,0.793937,0.793937,907538
1976-04-02,0.793937,0.793937,0.78668,0.793937,0.793937,1747353
1976-04-05,0.800998,0.800998,0.800998,0.800998,0.800998,2891940
1976-04-06,0.800998,0.800998,0.78668,0.78668,0.78668,4246476
1976-04-07,0.78668,0.800998,0.779717,0.78668,0.78668,3338936
1976-04-08,0.78668,0.78668,0.772461,0.779717,0.779717,2478806
1976-04-09,0.779717,0.78668,0.772461,0.779717,0.779717,1252945
1976-04-12,0.779717,0.78668,0.779717,0.779717,0.779717,1991169
1976-04-13,0.779717,0.793937,0.779717,0.793937,0.793937,1760899
1976-04-14,0.793937,0.793937,0.78668,0.78668,0.78668,1578036
1976-04-15,0.78668,0.793937,0.78668,0.793937,0.793937,1117494
1976-04-19,0.793937,0.800998,0.793937,0.793937,0.793937,2255306
1976-04-20,0.793937,0.793937,0.793937,0.793937,0.793937,7538001
1976-04-21,0.793937,0.793937,0.78668,0.793937,0.793937,2336575
1976-04-22,0.793937,0.793937,0.78668,0.78668,0.78668,1774443
1976-04-23,0.779717,0.779717,0.765401,0.765401,0.765401,609543
1976-04-26,0.765401,0.772461,0.758438,0.758438,0.758438,1280038
1976-04-27,0.758438,0.765401,0.75118,0.75118,0.75118,2323031
1976-04-28,0.75118,0.758438,0.75118,0.758438,0.758438,1110721
1976-04-29,0.758438,0.772461,0.758438,0.772461,0.772461,1103952
1976-04-30,0.772461,0.772461,0.772461,0.772461,0.772461,941401
1976-05-03,0.765401,0.765401,0.758438,0.765401,0.765401,751770
1976-05-04,0.765401,0.772461,0.765401,0.772461,0.772461,2092762
1976-05-05,0.772461,0.779717,0.765401,0.772461,0.772461,1117494
1976-05-06,0.772461,0.772461,0.772461,0.772461,0.772461,1090404
1976-05-07,0.772461,0.779717,0.772461,0.772461,0.772461,887222
1976-05-10,0.772461,0.78668,0.772461,0.78668,0.78668,2451711
1976-05-11,0.78668,0.78668,0.779717,0.78668,0.78668,2174033
1976-05-12,0.779717,0.779717,0.772461,0.772461,0.772461,1530629
1976-05-13,0.772461,0.772461,0.765401,0.765401,0.765401,1246176
1976-05-14,0.765401,0.765401,0.758438,0.758438,0.758438,1930214
1976-05-17,0.75118,0.75118,0.75118,0.75118,0.75118,738224
1976-05-18,0.75118,0.75118,0.75118,0.75118,0.75118,2932575
1976-05-19,0.75118,0.765401,0.75118,0.758438,0.758438,1361308
1976-05-20,0.758438,0.765401,0.758438,0.765401,0.765401,1212313
1976-05-21,0.765401,0.765401,0.758438,0.765401,0.765401,1110721
1976-05-24,0.765401,0.765401,0.75118,0.765401,0.765401,1029445
1976-05-25,0.758438,0.758438,0.758438,0.758438,0.758438,1693172
1976-05-26,0.75118,0.75118,0.744317,0.75118,0.75118,2546529
1976-05-27,0.75118,0.75118,0.75118,0.75118,0.75118,1300356
1976-05-28,0.75118,0.765401,0.75118,0.765401,0.765401,1923445
1976-06-01,0.765401,0.765401,0.758438,0.758438,0.758438,1483215
1976-06-02,0.758438,0.758438,0.75118,0.758438,0.758438,731453
1976-06-03,0.758438,0.758438,0.758438,0.758438,0.758438,907538
1976-06-04,0.75118,0.75118,0.736863,0.736863,0.736863,4239706
1976-06-07,0.736863,0.736863,0.729998,0.736863,0.736863,1625444
1976-06-08,0.736863,0.736863,0.729998,0.736863,0.736863,1882809
1976-06-09,0.736863,0.744317,0.729998,0.729998,0.729998,1611900
1976-06-10,0.729998,0.744317,0.729998,0.736863,0.736863,2085987
1976-06-11,0.736863,0.744317,0.736863,0.736863,0.736863,1273267
1976-06-14,0.744317,0.75118,0.744317,0.75118,0.75118,1591582
1976-06-15,0.75118,0.75118,0.744317,0.744317,0.744317,2011490
1976-06-16,0.744317,0.75118,0.744317,0.75118,0.75118,1151357
1976-06-17,0.75118,0.758438,0.75118,0.75118,0.75118,2560079
1976-06-18,0.758438,0.765401,0.758438,0.758438,0.758438,2438167
1976-06-21,0.758438,0.758438,0.75118,0.75118,0.75118,1266493
1976-06-22,0.75118,0.758438,0.744317,0.744317,0.744317,738224
1976-06-23,0.744317,0.75118,0.744317,0.744317,0.744317,1842168
1976-06-24,0.744317,0.75118,0.729998,0.736863,0.736863,5953194
1976-06-25,0.736863,0.744317,0.729998,0.736863,0.736863,1489993
1976-06-28,0.736863,0.736863,0.729998,0.736863,0.736863,2614255
1976-06-29,0.736863,0.744317,0.736863,0.744317,0.744317,2214668
1976-06-30,0.744317,0.744317,0.736863,0.744317,0.744317,1029445
1976-07-01,0.744317,0.744317,0.736863,0.736863,0.736863,1442582
1976-07-02,0.744317,0.75118,0.744317,0.744317,0.744317,2268855
1976-07-06,0.744317,0.75118,0.744317,0.744317,0.744317,3176393
1976-07-07,0.744317,0.758438,0.744317,0.75118,0.75118,1733808
1976-07-08,0.75118,0.75118,0.744317,0.75118,0.75118,5363969
1976-07-09,0.75118,0.758438,0.75118,0.758438,0.758438,3454072
1976-07-12,0.758438,0.765401,0.758438,0.765401,0.765401,2627798
1976-07-13,0.765401,0.765401,0.765401,0.765401,0.765401,1916666
1976-07-14,0.765401,0.779717,0.765401,0.779717,0.779717,4171975
1976-07-15,0.779717,0.779717,0.772461,0.772461,0.772461,3061252
1976-07-16,0.772461,0.779717,0.765401,0.779717,0.779717,2065667
1976-07-19,0.779717,0.779717,0.772461,0.779717,0.779717,1666082
1976-07-20,0.772461,0.772461,0.758438,0.765401,0.765401,3813020
1976-07-21,0.765401,0.772461,0.765401,0.765401,0.765401,1307125
1976-07-22,0.765401,0.765401,0.765401,0.765401,0.765401,1368083
1976-07-23,0.765401,0.765401,0.758438,0.765401,0.765401,1936987
1976-07-26,0.765401,0.765401,0.758438,0.765401,0.765401,1063315
1976-07-27,0.765401,0.765401,0.765401,0.765401,0.765401,1401949
1976-07-28,0.765401,0.765401,0.758438,0.765401,0.765401,724682
1976-07-29,0.765401,0.765401,0.758438,0.765401,0.765401,927858
1976-07-30,0.765401,0.765401,0.758438,0.758438,0.758438,1252945
1976-08-02,0.758438,0.765401,0.758438,0.758438,0.758438,792405
1976-08-03,0.758438,0.772461,0.758438,0.772461,0.772461,1544175
1976-08-04,0.772461,0.772461,0.765401,0.772461,0.772461,1469677
1976-08-05,0.772461,0.772461,0.765401,0.765401,0.765401,1151357
1976-08-06,0.765401,0.765401,0.765401,0.765401,0.765401,1578036
1976-08-09,0.765401,0.765401,0.765401,0.765401,0.765401,609543
1976-08-10,0.765401,0.772461,0.765401,0.772461,0.772461,1760899
1976-08-11,0.772461,0.779717,0.765401,0.765401,0.765401,3162849
1976-08-12,0.765401,0.765401,0.758438,0.765401,0.765401,968497
1976-08-13,0.765401,0.765401,0.758438,0.758438,0.758438,2052124
1976-08-16,0.758438,0.758438,0.75118,0.758438,0.758438,2370443
1976-08-17,0.758438,0.758438,0.758438,0.758438,0.758438,2742938
1976-08-18,0.758438,0.758438,0.758438,0.758438,0.758438,1124267
1976-08-19,0.758438,0.758438,0.75118,0.758438,0.758438,1781217
1976-08-20,0.758438,0.758438,0.75118,0.75118,0.75118,1307125
1976-08-23,0.75118,0.758438,0.75118,0.758438,0.758438,1991169
1976-08-24,0.758438,0.765401,0.758438,0.758438,0.758438,1327445
1976-08-25,0.758438,0.772461,0.758438,0.772461,0.772461,1991169
1976-08-26,0.772461,0.772461,0.758438,0.765401,0.765401,2194350
1976-08-27,0.765401,0.772461,0.765401,0.772461,0.772461,833040
1976-08-30,0.772461,0.779717,0.772461,0.779717,0.779717,1611900
1976-08-31,0.779717,0.78668,0.779717,0.78668,0.78668,2885164
1976-09-01,0.78668,0.800998,0.779717,0.800998,0.800998,2309485
1976-09-02,0.800998,0.800998,0.793937,0.793937,0.793937,2499119
1976-09-03,0.793937,0.800998,0.793937,0.793937,0.793937,1964078
1976-09-07,0.793937,0.800998,0.793937,0.800998,0.800998,1618667
1976-09-08,0.800998,0.800998,0.793937,0.793937,0.793937,1259720
1976-09-09,0.793937,0.793937,0.793937,0.793937,0.793937,914318
1976-09-10,0.793937,0.793937,0.78668,0.793937,0.793937,954954
1976-09-13,0.793937,0.793937,0.78668,0.78668,0.78668,785633
1976-09-14,0.78668,0.793937,0.78668,0.793937,0.793937,1232629
1976-09-15,0.793937,0.800998,0.793937,0.793937,0.793937,772087
1976-09-16,0.793937,0.800998,0.793937,0.800998,0.800998,2038576
1976-09-17,0.800998,0.82218,0.800998,0.815022,0.815022,2512664
1976-09-20,0.82218,0.828947,0.82218,0.828947,0.828947,1307125
1976-09-21,0.828947,0.843362,0.828947,0.836204,0.836204,2079215
1976-09-22,0.836204,0.843362,0.828947,0.828947,0.828947,4097481
1976-09-23,0.828947,0.836204,0.828947,0.836204,0.836204,2431399
1976-09-24,0.836204,0.836204,0.828947,0.828947,0.828947,1117494
1976-09-27,0.828947,0.843362,0.828947,0.843362,0.843362,2275622
1976-09-28,0.843362,0.843362,0.828947,0.828947,0.828947,1991169
1976-09-29,0.828947,0.828947,0.815022,0.815022,0.815022,2546529
1976-09-30,0.815022,0.82218,0.800998,0.800998,0.800998,2431399
1976-10-01,0.800998,0.800998,0.78668,0.78668,0.78668,2140172
1976-10-04,0.78668,0.793937,0.78668,0.78668,0.78668,1178446
1976-10-05,0.78668,0.78668,0.779717,0.78668,0.78668,1388398
1976-10-06,0.78668,0.793937,0.779717,0.793937,0.793937,2383986
1976-10-07,0.793937,0.800998,0.793937,0.800998,0.800998,2045349
1976-10-08,0.800998,0.800998,0.78668,0.78668,0.78668,1185219
1976-10-11,0.78668,0.78668,0.779717,0.78668,0.78668,1015903
1976-10-12,0.78668,0.78668,0.772461,0.779717,0.779717,988814
1976-10-13,0.779717,0.78668,0.772461,0.78668,0.78668,1191994
1976-10-14,0.779717,0.779717,0.772461,0.779717,0.779717,866908
1976-10-15,0.779717,0.779717,0.772461,0.779717,0.779717,1401949
1976-10-18,0.779717,0.78668,0.772461,0.779717,0.779717,2952893
1976-10-19,0.772461,0.772461,0.765401,0.765401,0.765401,1632218
1976-10-20,0.758438,0.758438,0.758438,0.758438,0.758438,2627798
1976-10-21,0.758438,0.765401,0.758438,0.758438,0.758438,1686401
1976-10-22,0.758438,0.765401,0.75118,0.75118,0.75118,982038
1976-10-25,0.75118,0.75118,0.75118,0.75118,0.75118,514728
1976-10-26,0.75118,0.758438,0.75118,0.758438,0.758438,1076856
1976-10-27,0.758438,0.758438,0.75118,0.758438,0.758438,1754126
1976-10-28,0.758438,0.758438,0.75118,0.75118,0.75118,1638991
1976-10-29,0.75118,0.758438,0.75118,0.758438,0.758438,1869264
1976-11-01,0.758438,0.758438,0.75118,0.758438,0.758438,1483215
1976-11-03,0.758438,0.758438,0.744317,0.75118,0.75118,1347767
1976-11-04,0.75118,0.758438,0.75118,0.75118,0.75118,5479106
1976-11-05,0.75118,0.758438,0.744317,0.744317,0.744317,2018256
1976-11-08,0.736863,0.736863,0.723134,0.723134,0.723134,2546529
1976-11-09,0.723134,0.729998,0.71578,0.71578,0.71578,2343351
1976-11-10,0.71578,0.71578,0.694401,0.701854,0.701854,4280334
1976-11-11,0.701854,0.71578,0.701854,0.71578,0.71578,1002361
1976-11-12,0.71578,0.71578,0.708719,0.708719,0.708719,2343351
1976-11-15,0.708719,0.71578,0.708719,0.71578,0.71578,1009132
1976-11-16,0.723134,0.736863,0.723134,0.729998,0.729998,1659308
1976-11-17,0.729998,0.736863,0.723134,0.723134,0.723134,1422265
1976-11-18,0.723134,0.736863,0.71578,0.729998,0.729998,1124267
1976-11-19,0.729998,0.729998,0.701854,0.701854,0.701854,1754126
1976-11-22,0.701854,0.71578,0.701854,0.708719,0.708719,1002361
1976-11-23,0.708719,0.708719,0.701854,0.701854,0.701854,1828625
1976-11-24,0.701854,0.701854,0.701854,0.701854,0.701854,2465260
1976-11-26,0.701854,0.708719,0.701854,0.708719,0.708719,744996
1976-11-29,0.701854,0.701854,0.701854,0.701854,0.701854,1070082
1976-11-30,0.694401,0.694401,0.687438,0.687438,0.687438,2560079
1976-12-01,0.680181,0.680181,0.666354,0.673611,0.673611,8736768
1976-12-02,0.673611,0.673611,0.644976,0.652037,0.652037,8228813
1976-12-03,0.652037,0.666354,0.644976,0.666354,0.666354,3941707
1976-12-06,0.666354,0.673611,0.659195,0.659195,0.659195,4950840
1976-12-07,0.659195,0.666354,0.652037,0.652037,0.652037,3393115
1976-12-08,0.652037,0.652037,0.637523,0.644976,0.644976,9034768
1976-12-09,0.644976,0.644976,0.637523,0.644976,0.644976,6190235
1976-12-10,0.644976,0.652037,0.644976,0.644976,0.644976,2993530
1976-12-13,0.644976,0.652037,0.644976,0.652037,0.652037,3575978
1976-12-14,0.652037,0.652037,0.644976,0.652037,0.652037,6813323
1976-12-15,0.652037,0.659195,0.652037,0.652037,0.652037,2952893
1976-12-16,0.652037,0.652037,0.644976,0.644976,0.644976,2993530
1976-12-17,0.644976,0.652037,0.644976,0.644976,0.644976,5154012
1976-12-20,0.644976,0.644976,0.637523,0.637523,0.637523,2722621
1976-12-21,0.637523,0.644976,0.630952,0.637523,0.637523,4903427
1976-12-22,0.637523,0.644976,0.637523,0.637523,0.637523,3846887
1976-12-23,0.637523,0.652037,0.637523,0.644976,0.644976,3542117
1976-12-27,0.652037,0.666354,0.652037,0.666354,0.666354,2600716
1976-12-28,0.666354,0.673611,0.666354,0.673611,0.673611,4232929
1976-12-29,0.673611,0.680181,0.673611,0.680181,0.680181,3752070
1976-12-30,0.680181,0.701854,0.680181,0.701854,0.701854,1747353
1976-12-31,0.694401,0.694401,0.687438,0.687438,0.687438,2119853
1977-01-03,0.680181,0.687438,0.680181,0.687438,0.687438,1219085
1977-01-04,0.687438,0.687438,0.680181,0.680181,0.680181,1408718
1977-01-05,0.680181,0.680181,0.673611,0.680181,0.680181,1462898
1977-01-06,0.680181,0.687438,0.680181,0.680181,0.680181,2695533
1977-01-07,0.680181,0.680181,0.680181,0.680181,0.680181,1361308
1977-01-10,0.680181,0.680181,0.673611,0.680181,0.680181,2065667
1977-01-11,0.680181,0.680181,0.666354,0.673611,0.673611,1015903
1977-01-12,0.666354,0.666354,0.659195,0.659195,0.659195,2763255
1977-01-13,0.659195,0.666354,0.659195,0.666354,0.666354,2302712
1977-01-14,0.666354,0.666354,0.652037,0.652037,0.652037,3386342
1977-01-17,0.652037,0.652037,0.644976,0.644976,0.644976,2099535
1977-01-18,0.644976,0.644976,0.637523,0.637523,0.637523,2234990
1977-01-19,0.637523,0.637523,0.637523,0.637523,0.637523,3169616
1977-01-20,0.637523,0.637523,0.6235,0.630952,0.630952,3799473
1977-01-21,0.630952,0.630952,0.6235,0.630952,0.630952,2709075
1977-01-24,0.630952,0.630952,0.6235,0.6235,0.6235,2438167
1977-01-25,0.6235,0.630952,0.6235,0.6235,0.6235,1422265
1977-01-26,0.6235,0.6235,0.60928,0.60928,0.60928,3210253
1977-01-27,0.60928,0.60928,0.581038,0.581038,0.581038,4232929
1977-01-28,0.581038,0.602514,0.581038,0.588295,0.588295,4341297
1977-01-31,0.588295,0.595061,0.588295,0.595061,0.595061,2878392
1977-02-01,0.602514,0.616929,0.602514,0.616929,0.616929,3494708
1977-02-02,0.616929,0.630952,0.616929,0.616929,0.616929,2688757
1977-02-03,0.616929,0.616929,0.60928,0.60928,0.60928,3027389
1977-02-04,0.60928,0.616929,0.60928,0.60928,0.60928,1991169
1977-02-07,0.60928,0.616929,0.602514,0.60928,0.60928,2370443
1977-02-08,0.60928,0.60928,0.602514,0.602514,0.602514,1002361
1977-02-09,0.595061,0.595061,0.588295,0.595061,0.595061,2729392
1977-02-10,0.595061,0.602514,0.588295,0.588295,0.588295,2898708
1977-02-11,0.588295,0.588295,0.574173,0.574173,0.574173,3928158
1977-02-14,0.574173,0.588295,0.574173,0.581038,0.581038,3345707
1977-02-15,0.588295,0.595061,0.588295,0.588295,0.588295,3772386
1977-02-16,0.588295,0.595061,0.588295,0.595061,0.595061,2133395
1977-02-17,0.595061,0.595061,0.581038,0.581038,0.581038,2018256
1977-02-18,0.588295,0.588295,0.581038,0.588295,0.588295,1584807
1977-02-22,0.588295,0.595061,0.588295,0.588295,0.588295,1815080
1977-02-23,0.588295,0.588295,0.581038,0.588295,0.588295,1103952
1977-02-24,0.588295,0.588295,0.581038,0.581038,0.581038,2065667
1977-02-25,0.581038,0.581038,0.581038,0.581038,0.581038,2031803
1977-02-28,0.581038,0.588295,0.581038,0.588295,0.588295,1144583
1977-03-01,0.595061,0.60928,0.595061,0.60928,0.60928,3393115
1977-03-02,0.60928,0.60928,0.602514,0.602514,0.602514,1131040
1977-03-03,0.602514,0.60928,0.595061,0.602514,0.602514,1997943
1977-03-04,0.602514,0.60928,0.602514,0.60928,0.60928,3379568
1977-03-07,0.60928,0.6235,0.60928,0.6235,0.6235,2580397
1977-03-08,0.6235,0.630952,0.6235,0.6235,0.6235,2282394
1977-03-09,0.6235,0.6235,0.616929,0.616929,0.616929,1462898
1977-03-10,0.616929,0.6235,0.60928,0.6235,0.6235,2302712
1977-03-11,0.6235,0.630952,0.6235,0.6235,0.6235,3088351
1977-03-14,0.6235,0.630952,0.6235,0.630952,0.630952,2458487
1977-03-15,0.637523,0.644976,0.637523,0.637523,0.637523,1733808
1977-03-16,0.637523,0.637523,0.637523,0.637523,0.637523,1964078
1977-03-17,0.637523,0.644976,0.637523,0.644976,0.644976,2180806
1977-03-18,0.637523,0.637523,0.637523,0.637523,0.637523,2268855
1977-03-21,0.637523,0.637523,0.637523,0.637523,0.637523,2830985
1977-03-22,0.637523,0.637523,0.630952,0.637523,0.637523,1774443
1977-03-23,0.637523,0.637523,0.6235,0.6235,0.6235,2532984
1977-03-24,0.6235,0.630952,0.616929,0.6235,0.6235,2959664
1977-03-25,0.616929,0.616929,0.60928,0.60928,0.60928,3047708
1977-03-28,0.60928,0.60928,0.60928,0.60928,0.60928,2512664
1977-03-29,0.60928,0.60928,0.602514,0.60928,0.60928,1991169
1977-03-30,0.60928,0.616929,0.595061,0.595061,0.595061,2722621
1977-03-31,0.595061,0.602514,0.588295,0.595061,0.595061,2641347
1977-04-01,0.595061,0.602514,0.595061,0.602514,0.602514,2411078
1977-04-04,0.602514,0.602514,0.588295,0.588295,0.588295,1435810
1977-04-05,0.588295,0.595061,0.588295,0.595061,0.595061,1923445
1977-04-06,0.595061,0.595061,0.588295,0.588295,0.588295,2099535
1977-04-07,0.588295,0.595061,0.588295,0.588295,0.588295,2370443
1977-04-11,0.588295,0.588295,0.588295,0.588295,0.588295,3359252
1977-04-12,0.588295,0.595061,0.588295,0.595061,0.595061,2004714
1977-04-13,0.595061,0.595061,0.588295,0.595061,0.595061,2654893
1977-04-14,0.602514,0.602514,0.602514,0.602514,0.602514,2553304
1977-04-15,0.602514,0.602514,0.602514,0.602514,0.602514,2844532
1977-04-18,0.602514,0.602514,0.595061,0.595061,0.595061,1191994
1977-04-19,0.595061,0.595061,0.595061,0.595061,0.595061,1523857
1977-04-20,0.595061,0.602514,0.595061,0.602514,0.602514,3887526
1977-04-21,0.602514,0.60928,0.595061,0.595061,0.595061,2851302
1977-04-22,0.588295,0.588295,0.574173,0.574173,0.574173,3853660
1977-04-25,0.574173,0.574173,0.552892,0.552892,0.552892,3183165
1977-04-26,0.552892,0.559855,0.552892,0.552892,0.552892,3156070
1977-04-27,0.559855,0.566818,0.559855,0.559855,0.559855,3271207
1977-04-28,0.559855,0.566818,0.559855,0.559855,0.559855,2858072
1977-04-29,0.559855,0.566818,0.559855,0.559855,0.559855,1435810
1977-05-02,0.559855,0.559855,0.559855,0.559855,0.559855,1977626
1977-05-03,0.559855,0.574173,0.559855,0.566818,0.566818,2045349
1977-05-04,0.566818,0.581038,0.566818,0.574173,0.574173,3745296
1977-05-05,0.581038,0.588295,0.581038,0.588295,0.588295,1957307
1977-05-06,0.588295,0.588295,0.581038,0.581038,0.581038,2113081
1977-05-09,0.581038,0.581038,0.566818,0.574173,0.574173,1733808
1977-05-10,0.574173,0.574173,0.566818,0.574173,0.574173,5343648
1977-05-11,0.574173,0.574173,0.559855,0.559855,0.559855,2045349
1977-05-12,0.559855,0.559855,0.552892,0.559855,0.559855,3088351
1977-05-13,0.559855,0.574173,0.559855,0.574173,0.574173,3054478
1977-05-16,0.581038,0.581038,0.574173,0.581038,0.581038,968497
1977-05-17,0.581038,0.595061,0.581038,0.595061,0.595061,1882809
1977-05-18,0.602514,0.60928,0.602514,0.602514,0.602514,5411378
1977-05-19,0.602514,0.60928,0.602514,0.602514,0.602514,1760899
1977-05-20,0.602514,0.602514,0.595061,0.595061,0.595061,3569204
1977-05-23,0.595061,0.595061,0.581038,0.588295,0.588295,2140172
1977-05-24,0.588295,0.588295,0.581038,0.588295,0.588295,2323031
1977-05-25,0.588295,0.588295,0.574173,0.574173,0.574173,4219388
1977-05-26,0.574173,0.588295,0.574173,0.581038,0.581038,2756480
1977-05-27,0.581038,0.588295,0.581038,0.581038,0.581038,1693172
1977-05-31,0.581038,0.581038,0.574173,0.581038,0.581038,2363674
1977-06-01,0.581038,0.581038,0.581038,0.581038,0.581038,2688757
1977-06-02,0.581038,0.588295,0.581038,0.581038,0.581038,1212313
1977-06-03,0.588295,0.602514,0.588295,0.602514,0.602514,3603068
1977-06-06,0.602514,0.60928,0.588295,0.588295,0.588295,2539757
1977-06-07,0.588295,0.602514,0.588295,0.602514,0.602514,2397529
1977-06-08,0.602514,0.616929,0.602514,0.60928,0.60928,3481161
1977-06-09,0.60928,0.60928,0.602514,0.60928,0.60928,1517086
1977-06-10,0.60928,0.60928,0.602514,0.60928,0.60928,3731753
1977-06-13,0.60928,0.616929,0.60928,0.616929,0.616929,8255906
1977-06-14,0.616929,0.630952,0.616929,0.630952,0.630952,3291526
1977-06-15,0.630952,0.630952,0.6235,0.6235,0.6235,2424622
1977-06-16,0.6235,0.630952,0.616929,0.630952,0.630952,4368387
1977-06-17,0.630952,0.630952,0.6235,0.630952,0.630952,1652534
1977-06-20,0.630952,0.637523,0.630952,0.637523,0.637523,2499119
1977-06-21,0.637523,0.652037,0.637523,0.652037,0.652037,3562432
1977-06-22,0.644976,0.644976,0.637523,0.637523,0.637523,5919330
1977-06-23,0.637523,0.644976,0.637523,0.644976,0.644976,1747353
1977-06-24,0.644976,0.652037,0.644976,0.644976,0.644976,1131040
1977-06-27,0.644976,0.652037,0.644976,0.644976,0.644976,1286811
1977-06-28,0.644976,0.644976,0.644976,0.644976,0.644976,2187576
1977-06-29,0.644976,0.644976,0.630952,0.637523,0.637523,3873978
1977-06-30,0.637523,0.637523,0.6235,0.630952,0.630952,2146942
1977-07-01,0.630952,0.630952,0.6235,0.6235,0.6235,1056539
1977-07-05,0.6235,0.630952,0.6235,0.630952,0.630952,1530629
1977-07-06,0.630952,0.630952,0.6235,0.6235,0.6235,1679625
1977-07-07,0.6235,0.6235,0.6235,0.6235,0.6235,1876036
1977-07-08,0.6235,0.630952,0.6235,0.6235,0.6235,1469677
1977-07-11,0.6235,0.6235,0.616929,0.616929,0.616929,12021525
1977-07-12,0.616929,0.616929,0.60928,0.60928,0.60928,2681984
1977-07-13,0.60928,0.616929,0.60928,0.616929,0.616929,1401949
1977-07-15,0.616929,0.616929,0.60928,0.616929,0.616929,3203480
1977-07-18,0.616929,0.616929,0.616929,0.616929,0.616929,2289170
1977-07-19,0.616929,0.6235,0.616929,0.6235,0.6235,3196709
1977-07-20,0.6235,0.630952,0.6235,0.630952,0.630952,1618667
1977-07-21,0.630952,0.630952,0.6235,0.6235,0.6235,4964375
1977-07-22,0.6235,0.630952,0.616929,0.6235,0.6235,1896353
1977-07-25,0.6235,0.6235,0.6235,0.6235,0.6235,1036224
1977-07-26,0.6235,0.6235,0.616929,0.616929,0.616929,1964078
1977-07-27,0.616929,0.6235,0.60928,0.60928,0.60928,3338936
1977-07-28,0.60928,0.616929,0.60928,0.616929,0.616929,1740580
1977-07-29,0.616929,0.616929,0.60928,0.616929,0.616929,1232629
1977-08-01,0.616929,0.616929,0.60928,0.616929,0.616929,921086
1977-08-02,0.616929,0.616929,0.60928,0.60928,0.60928,1178446
1977-08-03,0.60928,0.6235,0.60928,0.6235,0.6235,2004714
1977-08-04,0.6235,0.630952,0.616929,0.6235,0.6235,1733808
1977-08-05,0.6235,0.6235,0.6235,0.6235,0.6235,1151357
1977-08-08,0.6235,0.6235,0.616929,0.616929,0.616929,927858
1977-08-09,0.616929,0.6235,0.616929,0.616929,0.616929,1117494
1977-08-10,0.616929,0.630952,0.616929,0.630952,0.630952,1239402
1977-08-11,0.630952,0.630952,0.6235,0.6235,0.6235,5512970
1977-08-12,0.6235,0.637523,0.6235,0.630952,0.630952,1598354
1977-08-15,0.630952,0.630952,0.630952,0.630952,0.630952,3894297
1977-08-16,0.630952,0.630952,0.6235,0.630952,0.630952,2810668
1977-08-17,0.630952,0.644976,0.630952,0.637523,0.637523,1442582
1977-08-18,0.637523,0.652037,0.637523,0.652037,0.652037,2830985
1977-08-19,0.652037,0.666354,0.652037,0.659195,0.659195,3887526
1977-08-22,0.666354,0.673611,0.666354,0.666354,0.666354,3907840
1977-08-23,0.666354,0.673611,0.659195,0.659195,0.659195,3582752
1977-08-24,0.659195,0.666354,0.659195,0.659195,0.659195,5384287
1977-08-25,0.659195,0.659195,0.652037,0.652037,0.652037,2729392
1977-08-26,0.652037,0.652037,0.644976,0.644976,0.644976,1754126
1977-08-29,0.652037,0.659195,0.652037,0.659195,0.659195,4239706
1977-08-30,0.659195,0.659195,0.644976,0.644976,0.644976,2878392
1977-08-31,0.644976,0.644976,0.637523,0.644976,0.644976,1882809
1977-09-01,0.652037,0.659195,0.652037,0.652037,0.652037,1767672
1977-09-02,0.652037,0.659195,0.644976,0.652037,0.652037,1300356
1977-09-06,0.652037,0.659195,0.652037,0.652037,0.652037,670502
1977-09-07,0.652037,0.659195,0.652037,0.659195,0.659195,650174
1977-09-08,0.659195,0.659195,0.652037,0.652037,0.652037,2031803
1977-09-09,0.644976,0.644976,0.644976,0.644976,0.644976,1185219
1977-09-12,0.644976,0.644976,0.637523,0.644976,0.644976,1063315
1977-09-13,0.644976,0.644976,0.637523,0.644976,0.644976,1239402
1977-09-14,0.644976,0.644976,0.644976,0.644976,0.644976,860133
1977-09-15,0.644976,0.652037,0.644976,0.652037,0.652037,1727034
1977-09-16,0.652037,0.652037,0.644976,0.652037,0.652037,1977626
1977-09-19,0.652037,0.652037,0.644976,0.644976,0.644976,2025032
1977-09-20,0.644976,0.652037,0.644976,0.652037,0.652037,2011490
1977-09-21,0.652037,0.659195,0.644976,0.644976,0.644976,3000297
1977-09-22,0.644976,0.652037,0.644976,0.644976,0.644976,2248530
1977-09-23,0.644976,0.652037,0.644976,0.644976,0.644976,3237348
1977-09-26,0.644976,0.652037,0.644976,0.652037,0.652037,1137810
1977-09-27,0.652037,0.659195,0.652037,0.652037,0.652037,1422265
1977-09-28,0.652037,0.659195,0.644976,0.652037,0.652037,1686401
1977-09-29,0.652037,0.659195,0.652037,0.659195,0.659195,2763255
1977-09-30,0.659195,0.666354,0.659195,0.659195,0.659195,1754126
1977-10-03,0.659195,0.659195,0.659195,0.659195,0.659195,1381631
1977-10-04,0.659195,0.666354,0.659195,0.666354,0.666354,2404306
1977-10-05,0.659195,0.659195,0.652037,0.652037,0.652037,4476746
1977-10-06,0.652037,0.659195,0.652037,0.652037,0.652037,1496763
1977-10-07,0.652037,0.659195,0.652037,0.652037,0.652037,1889579
1977-10-10,0.652037,0.652037,0.644976,0.652037,0.652037,805947
1977-10-11,0.652037,0.652037,0.644976,0.644976,0.644976,3074797
1977-10-12,0.644976,0.644976,0.637523,0.644976,0.644976,1760899
1977-10-13,0.644976,0.644976,0.637523,0.637523,0.637523,2065667
1977-10-14,0.637523,0.644976,0.637523,0.644976,0.644976,1435810
1977-10-17,0.644976,0.652037,0.644976,0.652037,0.652037,1699941
1977-10-18,0.652037,0.652037,0.652037,0.652037,0.652037,2472031
1977-10-19,0.652037,0.652037,0.630952,0.637523,0.637523,5614558
1977-10-20,0.637523,0.637523,0.630952,0.630952,0.630952,4009431
1977-10-21,0.630952,0.637523,0.630952,0.637523,0.637523,1212313
1977-10-24,0.637523,0.637523,0.630952,0.637523,0.637523,2241761
1977-10-25,0.630952,0.630952,0.6235,0.630952,0.630952,4144886
1977-10-26,0.630952,0.644976,0.6235,0.644976,0.644976,3101892
1977-10-27,0.644976,0.659195,0.644976,0.659195,0.659195,3589523
1977-10-28,0.659195,0.666354,0.652037,0.659195,0.659195,5079518
1977-10-31,0.659195,0.666354,0.659195,0.659195,0.659195,3840114
1977-11-01,0.652037,0.652037,0.652037,0.652037,0.652037,1950533
1977-11-02,0.652037,0.652037,0.637523,0.637523,0.637523,3521801
1977-11-03,0.637523,0.637523,0.6235,0.6235,0.6235,4422559
1977-11-04,0.6235,0.630952,0.6235,0.630952,0.630952,4083932
1977-11-07,0.630952,0.644976,0.630952,0.644976,0.644976,2194350
1977-11-08,0.644976,0.644976,0.630952,0.637523,0.637523,1957307
1977-11-09,0.637523,0.644976,0.637523,0.644976,0.644976,1950533
1977-11-10,0.644976,0.673611,0.644976,0.666354,0.666354,2539757
1977-11-11,0.666354,0.666354,0.659195,0.659195,0.659195,1896353
1977-11-14,0.666354,0.666354,0.659195,0.659195,0.659195,4388701
1977-11-15,0.659195,0.673611,0.659195,0.666354,0.666354,5005020
1977-11-16,0.666354,0.666354,0.659195,0.666354,0.666354,1496763
1977-11-17,0.666354,0.666354,0.659195,0.659195,0.659195,2025032
1977-11-18,0.659195,0.659195,0.652037,0.652037,0.652037,1903123
1977-11-21,0.652037,0.659195,0.652037,0.659195,0.659195,1076856
1977-11-22,0.659195,0.666354,0.659195,0.666354,0.666354,3359252
1977-11-23,0.666354,0.666354,0.666354,0.666354,0.666354,2932575
1977-11-25,0.666354,0.666354,0.666354,0.666354,0.666354,1158129
1977-11-28,0.666354,0.666354,0.659195,0.666354,0.666354,2397529
1977-11-29,0.666354,0.666354,0.652037,0.652037,0.652037,1950533
1977-11-30,0.652037,0.666354,0.652037,0.666354,0.666354,1523857
1977-12-01,0.666354,0.687438,0.666354,0.673611,0.673611,3785932
1977-12-02,0.673611,0.680181,0.673611,0.673611,0.673611,2417847
1977-12-05,0.673611,0.680181,0.666354,0.666354,0.666354,1361308
1977-12-06,0.666354,0.666354,0.652037,0.652037,0.652037,2072441
1977-12-07,0.652037,0.659195,0.652037,0.659195,0.659195,3352483
1977-12-08,0.659195,0.659195,0.652037,0.652037,0.652037,1036224
1977-12-09,0.652037,0.659195,0.652037,0.659195,0.659195,2546529
1977-12-12,0.659195,0.659195,0.652037,0.652037,0.652037,1936987
1977-12-13,0.652037,0.666354,0.652037,0.659195,0.659195,1557716
1977-12-14,0.659195,0.666354,0.659195,0.666354,0.666354,2058898
1977-12-15,0.666354,0.673611,0.659195,0.666354,0.666354,1530629
1977-12-16,0.666354,0.666354,0.659195,0.666354,0.666354,1848943
1977-12-19,0.666354,0.666354,0.652037,0.659195,0.659195,3413434
1977-12-20,0.659195,0.659195,0.652037,0.659195,0.659195,2106305
1977-12-21,0.659195,0.666354,0.659195,0.659195,0.659195,2621031
1977-12-22,0.666354,0.680181,0.666354,0.673611,0.673611,3826569
1977-12-23,0.673611,0.687438,0.673611,0.680181,0.680181,1997943
1977-12-27,0.680181,0.687438,0.680181,0.687438,0.687438,1489993
1977-12-28,0.687438,0.687438,0.680181,0.687438,0.687438,1835399
1977-12-29,0.687438,0.694401,0.687438,0.694401,0.694401,1483215
1977-12-30,0.694401,0.694401,0.687438,0.694401,0.694401,2356893
1978-01-03,0.687438,0.687438,0.673611,0.673611,0.673611,2092762
1978-01-04,0.673611,0.680181,0.666354,0.680181,0.680181,3887526
1978-01-05,0.680181,0.680181,0.659195,0.659195,0.659195,3630162
1978-01-06,0.659195,0.659195,0.644976,0.644976,0.644976,3582752
1978-01-09,0.644976,0.644976,0.637523,0.637523,0.637523,3284753
1978-01-10,0.637523,0.644976,0.6235,0.6235,0.6235,2729392
1978-01-11,0.6235,0.630952,0.616929,0.6235,0.6235,3386342
1978-01-12,0.6235,0.630952,0.6235,0.630952,0.630952,2377213
1978-01-13,0.630952,0.637523,0.6235,0.630952,0.630952,2011490
1978-01-16,0.630952,0.630952,0.6235,0.6235,0.6235,948178
1978-01-17,0.6235,0.630952,0.6235,0.630952,0.630952,2201118
1978-01-18,0.637523,0.644976,0.637523,0.644976,0.644976,2113081
1978-01-19,0.644976,0.644976,0.637523,0.637523,0.637523,1727034
1978-01-20,0.637523,0.637523,0.630952,0.630952,0.630952,954954
1978-01-23,0.630952,0.637523,0.630952,0.630952,0.630952,1835399
1978-01-24,0.630952,0.644976,0.630952,0.637523,0.637523,1652534
1978-01-25,0.637523,0.637523,0.630952,0.637523,0.637523,2160482
1978-01-26,0.637523,0.637523,0.630952,0.630952,0.630952,1618667
1978-01-27,0.630952,0.630952,0.6235,0.6235,0.6235,2146942
1978-01-30,0.6235,0.630952,0.6235,0.630952,0.630952,1429039
1978-01-31,0.630952,0.637523,0.6235,0.630952,0.630952,3047708
1978-02-01,0.630952,0.630952,0.6235,0.630952,0.630952,1747353
1978-02-02,0.630952,0.637523,0.630952,0.630952,0.630952,961720
1978-02-03,0.630952,0.637523,0.630952,0.637523,0.637523,731453
1978-02-06,0.630952,0.630952,0.630952,0.630952,0.630952,629860
1978-02-07,0.630952,0.637523,0.630952,0.637523,0.637523,819496
1978-02-08,0.637523,0.644976,0.630952,0.637523,0.637523,1483215
1978-02-09,0.637523,0.637523,0.637523,0.637523,0.637523,548585
1978-02-10,0.637523,0.637523,0.637523,0.637523,0.637523,778858
1978-02-13,0.637523,0.637523,0.637523,0.637523,0.637523,501180
1978-02-14,0.637523,0.637523,0.630952,0.630952,0.630952,1286811
1978-02-15,0.630952,0.630952,0.6235,0.630952,0.630952,2695533
1978-02-16,0.6235,0.6235,0.616929,0.616929,0.616929,1645765
1978-02-17,0.616929,0.616929,0.602514,0.602514,0.602514,1740580
1978-02-21,0.602514,0.602514,0.602514,0.602514,0.602514,1334219
1978-02-22,0.602514,0.602514,0.595061,0.595061,0.595061,1991169
1978-02-23,0.595061,0.602514,0.595061,0.602514,0.602514,1855714
1978-02-24,0.602514,0.6235,0.602514,0.616929,0.616929,2661665
1978-02-27,0.616929,0.6235,0.60928,0.616929,0.616929,2079215
1978-02-28,0.60928,0.60928,0.602514,0.60928,0.60928,1869264
1978-03-01,0.60928,0.60928,0.602514,0.602514,0.602514,3352483
1978-03-02,0.60928,0.60928,0.60928,0.60928,0.60928,2018256
1978-03-03,0.60928,0.616929,0.60928,0.616929,0.616929,1022676
1978-03-06,0.616929,0.616929,0.60928,0.616929,0.616929,1137810
1978-03-07,0.616929,0.6235,0.60928,0.616929,0.616929,2451711
1978-03-08,0.616929,0.6235,0.616929,0.6235,0.6235,1672851
1978-03-09,0.6235,0.6235,0.6235,0.6235,0.6235,2681984
1978-03-10,0.6235,0.630952,0.6235,0.630952,0.630952,3467617
1978-03-13,0.630952,0.637523,0.630952,0.637523,0.637523,1808308
1978-03-14,0.637523,0.637523,0.630952,0.630952,0.630952,2383986
1978-03-15,0.630952,0.630952,0.616929,0.6235,0.6235,2356893
1978-03-16,0.6235,0.630952,0.616929,0.630952,0.630952,1070082
1978-03-17,0.630952,0.637523,0.6235,0.630952,0.630952,1699941
1978-03-20,0.630952,0.637523,0.630952,0.630952,0.630952,2031803
1978-03-21,0.630952,0.630952,0.6235,0.6235,0.6235,1699941
1978-03-22,0.6235,0.6235,0.616929,0.616929,0.616929,1591582
1978-03-23,0.616929,0.6235,0.616929,0.616929,0.616929,2194350
1978-03-27,0.616929,0.616929,0.616929,0.616929,0.616929,1158129
1978-03-28,0.616929,0.6235,0.616929,0.6235,0.6235,4232929
1978-03-29,0.6235,0.6235,0.6235,0.6235,0.6235,1368083
1978-03-30,0.6235,0.6235,0.616929,0.6235,0.6235,1313902
1978-03-31,0.616929,0.616929,0.616929,0.616929,0.616929,2797125
1978-04-03,0.616929,0.616929,0.60928,0.60928,0.60928,1808308
1978-04-04,0.60928,0.60928,0.60928,0.60928,0.60928,2302712
1978-04-05,0.60928,0.616929,0.60928,0.616929,0.616929,1652534
1978-04-06,0.616929,0.6235,0.616929,0.616929,0.616929,1415496
1978-04-07,0.616929,0.616929,0.60928,0.60928,0.60928,1740580
1978-04-10,0.60928,0.616929,0.602514,0.60928,0.60928,2776799
1978-04-11,0.60928,0.60928,0.602514,0.602514,0.602514,1462898
1978-04-12,0.602514,0.602514,0.595061,0.595061,0.595061,3697888
1978-04-13,0.595061,0.602514,0.595061,0.602514,0.602514,2485574
1978-04-14,0.60928,0.616929,0.60928,0.616929,0.616929,3426978
1978-04-17,0.6235,0.630952,0.6235,0.6235,0.6235,5174336
1978-04-18,0.6235,0.6235,0.616929,0.6235,0.6235,2885164
1978-04-19,0.6235,0.6235,0.616929,0.6235,0.6235,3684342
1978-04-20,0.630952,0.637523,0.630952,0.630952,0.630952,5533287
1978-04-21,0.630952,0.637523,0.630952,0.630952,0.630952,2966436
1978-04-24,0.630952,0.637523,0.630952,0.637523,0.637523,4483516
1978-04-25,0.652037,0.659195,0.652037,0.659195,0.659195,9061856
1978-04-26,0.659195,0.680181,0.659195,0.673611,0.673611,5343648
1978-04-27,0.673611,0.673611,0.666354,0.673611,0.673611,4456431
1978-04-28,0.673611,0.694401,0.673611,0.694401,0.694401,9190537
1978-05-01,0.694401,0.694401,0.687438,0.694401,0.694401,6623688
1978-05-02,0.694401,0.694401,0.680181,0.687438,0.687438,4422559
1978-05-03,0.687438,0.687438,0.680181,0.680181,0.680181,2742938
1978-05-04,0.673611,0.673611,0.659195,0.673611,0.673611,5546835
1978-05-05,0.673611,0.680181,0.673611,0.673611,0.673611,4679928
1978-05-08,0.673611,0.680181,0.673611,0.680181,0.680181,2905482
1978-05-09,0.680181,0.680181,0.673611,0.673611,0.673611,5052426
1978-05-10,0.673611,0.680181,0.673611,0.680181,0.680181,2031803
1978-05-11,0.680181,0.680181,0.673611,0.680181,0.680181,2973208
1978-05-12,0.680181,0.694401,0.680181,0.694401,0.694401,5242059
1978-05-15,0.701854,0.708719,0.694401,0.708719,0.708719,4334517
1978-05-16,0.71578,0.729998,0.71578,0.723134,0.723134,3494708
1978-05-17,0.723134,0.723134,0.71578,0.71578,0.71578,2566847
1978-05-18,0.71578,0.71578,0.701854,0.701854,0.701854,1889579
1978-05-19,0.701854,0.701854,0.680181,0.687438,0.687438,2756480
1978-05-22,0.687438,0.708719,0.680181,0.708719,0.708719,3007072
1978-05-23,0.708719,0.71578,0.701854,0.708719,0.708719,2343351
1978-05-24,0.701854,0.701854,0.694401,0.694401,0.694401,3081571
1978-05-25,0.694401,0.708719,0.694401,0.701854,0.701854,1896353
1978-05-26,0.694401,0.694401,0.687438,0.694401,0.694401,2004714
1978-05-30,0.694401,0.701854,0.694401,0.701854,0.701854,1815080
1978-05-31,0.701854,0.708719,0.701854,0.701854,0.701854,2255306
1978-06-01,0.701854,0.71578,0.701854,0.71578,0.71578,3664030
1978-06-02,0.723134,0.729998,0.723134,0.729998,0.729998,8228813
1978-06-05,0.729998,0.744317,0.729998,0.744317,0.744317,4239706
1978-06-06,0.744317,0.758438,0.744317,0.744317,0.744317,6257965
1978-06-07,0.744317,0.75118,0.744317,0.744317,0.744317,3772386
1978-06-08,0.744317,0.75118,0.744317,0.75118,0.75118,2492350
1978-06-09,0.75118,0.75118,0.744317,0.744317,0.744317,1754126
1978-06-12,0.744317,0.75118,0.744317,0.744317,0.744317,4388701
1978-06-13,0.744317,0.744317,0.736863,0.744317,0.744317,3291526
1978-06-14,0.75118,0.758438,0.75118,0.758438,0.758438,12644609
1978-06-15,0.758438,0.758438,0.75118,0.75118,0.75118,2119853
1978-06-16,0.75118,0.75118,0.744317,0.744317,0.744317,2099535
1978-06-19,0.744317,0.744317,0.744317,0.744317,0.744317,1212313
1978-06-20,0.744317,0.75118,0.736863,0.736863,0.736863,2614255
1978-06-21,0.736863,0.744317,0.736863,0.736863,0.736863,2052124
1978-06-22,0.736863,0.744317,0.736863,0.744317,0.744317,1286811
1978-06-23,0.744317,0.75118,0.744317,0.744317,0.744317,1164903
1978-06-26,0.744317,0.744317,0.736863,0.736863,0.736863,1821851
1978-06-27,0.736863,0.736863,0.729998,0.736863,0.736863,5072746
1978-06-28,0.736863,0.736863,0.736863,0.736863,0.736863,1727034
1978-06-29,0.736863,0.744317,0.736863,0.736863,0.736863,3454072
1978-06-30,0.736863,0.744317,0.736863,0.744317,0.744317,4916974
1978-07-03,0.744317,0.744317,0.744317,0.744317,0.744317,1625444
1978-07-05,0.744317,0.744317,0.729998,0.736863,0.736863,1970851
1978-07-06,0.736863,0.736863,0.729998,0.729998,0.729998,2505899
1978-07-07,0.729998,0.736863,0.729998,0.736863,0.736863,1117494
1978-07-10,0.744317,0.765401,0.744317,0.765401,0.765401,3962025
1978-07-11,0.765401,0.765401,0.75118,0.75118,0.75118,4117794
1978-07-12,0.75118,0.75118,0.744317,0.744317,0.744317,1334219
1978-07-13,0.744317,0.744317,0.736863,0.744317,0.744317,805947
1978-07-14,0.744317,0.75118,0.744317,0.75118,0.75118,4341297
1978-07-17,0.75118,0.758438,0.75118,0.758438,0.758438,2092762
1978-07-18,0.75118,0.75118,0.744317,0.744317,0.744317,656954
1978-07-19,0.744317,0.758438,0.744317,0.758438,0.758438,2621031
1978-07-20,0.758438,0.765401,0.75118,0.758438,0.758438,5411378
1978-07-21,0.758438,0.758438,0.75118,0.758438,0.758438,1916666
1978-07-24,0.75118,0.75118,0.75118,0.75118,0.75118,4835704
1978-07-25,0.75118,0.75118,0.744317,0.75118,0.75118,1198770
1978-07-26,0.75118,0.765401,0.75118,0.75118,0.75118,3467617
1978-07-27,0.75118,0.75118,0.75118,0.75118,0.75118,1848943
1978-07-28,0.758438,0.765401,0.758438,0.765401,0.765401,4117794
1978-07-31,0.765401,0.772461,0.765401,0.772461,0.772461,3745296
1978-08-01,0.772461,0.772461,0.765401,0.772461,0.772461,2532984
1978-08-02,0.772461,0.78668,0.765401,0.78668,0.78668,6725278
1978-08-03,0.78668,0.78668,0.772461,0.772461,0.772461,3467617
1978-08-04,0.772461,0.779717,0.772461,0.772461,0.772461,2363674
1978-08-07,0.779717,0.78668,0.779717,0.779717,0.779717,1442582
1978-08-08,0.779717,0.779717,0.779717,0.779717,0.779717,934629
1978-08-09,0.78668,0.80796,0.78668,0.793937,0.793937,7565090
1978-08-10,0.793937,0.800998,0.78668,0.793937,0.793937,2045349
1978-08-11,0.793937,0.793937,0.78668,0.793937,0.793937,2397529
1978-08-14,0.800998,0.800998,0.78668,0.78668,0.78668,1415496
1978-08-15,0.78668,0.78668,0.779717,0.78668,0.78668,1760899
1978-08-16,0.78668,0.793937,0.78668,0.793937,0.793937,1659308
1978-08-17,0.793937,0.80796,0.793937,0.793937,0.793937,3548891
1978-08-18,0.793937,0.793937,0.78668,0.78668,0.78668,717905
1978-08-21,0.78668,0.78668,0.772461,0.772461,0.772461,1787991
1978-08-22,0.772461,0.779717,0.765401,0.779717,0.779717,2404306
1978-08-23,0.78668,0.793937,0.78668,0.78668,0.78668,4517381
1978-08-24,0.78668,0.793937,0.779717,0.793937,0.793937,2614255
1978-08-25,0.793937,0.793937,0.78668,0.793937,0.793937,2411078
1978-08-28,0.793937,0.793937,0.78668,0.78668,0.78668,541813
1978-08-29,0.78668,0.793937,0.779717,0.78668,0.78668,1388398
1978-08-30,0.78668,0.793937,0.779717,0.78668,0.78668,1408718
1978-08-31,0.78668,0.78668,0.772461,0.772461,0.772461,1117494
1978-09-01,0.772461,0.779717,0.772461,0.779717,0.779717,1964078
1978-09-05,0.779717,0.779717,0.758438,0.779717,0.779717,1876036
1978-09-06,0.779717,0.793937,0.779717,0.793937,0.793937,2532984
1978-09-07,0.793937,0.793937,0.78668,0.78668,0.78668,1144583
1978-09-08,0.78668,0.80796,0.78668,0.80796,0.80796,1882809
1978-09-11,0.80796,0.815022,0.80796,0.815022,0.815022,1307125
1978-09-12,0.815022,0.815022,0.800998,0.80796,0.80796,2810668
1978-09-13,0.80796,0.80796,0.793937,0.800998,0.800998,1462898
1978-09-14,0.800998,0.800998,0.78668,0.78668,0.78668,1340991
1978-09-15,0.779717,0.779717,0.772461,0.779717,0.779717,3433749
1978-09-18,0.779717,0.779717,0.772461,0.772461,0.772461,2891940
1978-09-19,0.772461,0.779717,0.765401,0.765401,0.765401,1821851
1978-09-20,0.765401,0.772461,0.758438,0.765401,0.765401,3846887
1978-09-21,0.765401,0.765401,0.75118,0.758438,0.758438,1923445
1978-09-22,0.758438,0.758438,0.75118,0.758438,0.758438,1002361
1978-09-25,0.758438,0.758438,0.758438,0.758438,0.758438,379271
1978-09-26,0.758438,0.765401,0.75118,0.758438,0.758438,3000297
1978-09-27,0.758438,0.765401,0.75118,0.75118,0.75118,1896353
1978-09-28,0.75118,0.758438,0.75118,0.758438,0.758438,3183165
1978-09-29,0.758438,0.765401,0.75118,0.758438,0.758438,2411078
1978-10-02,0.758438,0.765401,0.758438,0.765401,0.765401,1984395
1978-10-03,0.765401,0.765401,0.758438,0.765401,0.765401,2844532
1978-10-04,0.765401,0.772461,0.758438,0.772461,0.772461,1368083
1978-10-05,0.772461,0.779717,0.765401,0.765401,0.765401,4104245
1978-10-06,0.765401,0.765401,0.75118,0.75118,0.75118,3481161
1978-10-09,0.75118,0.758438,0.75118,0.758438,0.758438,1368083
1978-10-10,0.758438,0.758438,0.75118,0.75118,0.75118,2424622
1978-10-11,0.75118,0.758438,0.75118,0.758438,0.758438,1964078
1978-10-12,0.758438,0.758438,0.75118,0.75118,0.75118,2390759
1978-10-13,0.75118,0.75118,0.75118,0.75118,0.75118,1909895
1978-10-16,0.744317,0.744317,0.736863,0.736863,0.736863,3115440
1978-10-17,0.736863,0.736863,0.736863,0.736863,0.736863,3643706
1978-10-18,0.736863,0.736863,0.729998,0.729998,0.729998,3352483
1978-10-19,0.729998,0.736863,0.71578,0.71578,0.71578,2485574
1978-10-20,0.71578,0.71578,0.701854,0.708719,0.708719,6962322
1978-10-23,0.708719,0.708719,0.694401,0.701854,0.701854,3873978
1978-10-24,0.701854,0.701854,0.687438,0.694401,0.694401,2898708
1978-10-25,0.694401,0.694401,0.687438,0.687438,0.687438,2946122
1978-10-26,0.687438,0.687438,0.673611,0.673611,0.673611,4971157
1978-10-27,0.673611,0.680181,0.673611,0.673611,0.673611,3250890
1978-10-30,0.673611,0.680181,0.652037,0.680181,0.680181,5641649
1978-10-31,0.680181,0.687438,0.673611,0.673611,0.673611,4497062
1978-11-01,0.687438,0.708719,0.687438,0.708719,0.708719,5397830
1978-11-02,0.708719,0.71578,0.701854,0.701854,0.701854,2113081
1978-11-03,0.701854,0.708719,0.694401,0.701854,0.701854,3406666
1978-11-06,0.701854,0.701854,0.701854,0.701854,0.701854,921086
1978-11-07,0.694401,0.694401,0.694401,0.694401,0.694401,2458487
1978-11-08,0.694401,0.694401,0.687438,0.694401,0.694401,2593938
1978-11-09,0.694401,0.701854,0.694401,0.694401,0.694401,2011490
1978-11-10,0.694401,0.701854,0.694401,0.701854,0.701854,609543
1978-11-13,0.701854,0.701854,0.687438,0.687438,0.687438,860133
1978-11-14,0.687438,0.694401,0.687438,0.687438,0.687438,1347767
1978-11-15,0.694401,0.708719,0.694401,0.701854,0.701854,2282394
1978-11-16,0.701854,0.71578,0.701854,0.71578,0.71578,2248530
1978-11-17,0.71578,0.723134,0.71578,0.71578,0.71578,4117794
1978-11-20,0.71578,0.723134,0.71578,0.71578,0.71578,1686401
1978-11-21,0.71578,0.723134,0.71578,0.723134,0.723134,1232629
1978-11-22,0.723134,0.723134,0.723134,0.723134,0.723134,2593938
1978-11-24,0.723134,0.723134,0.723134,0.723134,0.723134,839816
1978-11-27,0.723134,0.723134,0.71578,0.71578,0.71578,833040
1978-11-28,0.71578,0.71578,0.708719,0.71578,0.71578,1395173
1978-11-29,0.708719,0.708719,0.701854,0.708719,0.708719,2255306
1978-11-30,0.708719,0.71578,0.708719,0.71578,0.71578,1205535
1978-12-01,0.71578,0.71578,0.71578,0.71578,0.71578,1029445
1978-12-04,0.71578,0.723134,0.708719,0.708719,0.708719,2302712
1978-12-05,0.708719,0.708719,0.701854,0.708719,0.708719,4029749
1978-12-06,0.708719,0.708719,0.701854,0.708719,0.708719,3332161
1978-12-07,0.708719,0.708719,0.701854,0.701854,0.701854,1076856
1978-12-08,0.701854,0.701854,0.694401,0.694401,0.694401,853360
1978-12-11,0.694401,0.694401,0.687438,0.694401,0.694401,2255306
1978-12-12,0.694401,0.694401,0.687438,0.687438,0.687438,2621031
1978-12-13,0.680181,0.680181,0.673611,0.680181,0.680181,3040937
1978-12-14,0.673611,0.673611,0.673611,0.673611,0.673611,2052124
1978-12-15,0.673611,0.680181,0.673611,0.673611,0.673611,765314
1978-12-18,0.666354,0.666354,0.659195,0.659195,0.659195,4517381
1978-12-19,0.659195,0.666354,0.659195,0.666354,0.666354,4280334
1978-12-20,0.666354,0.666354,0.659195,0.666354,0.666354,2350122
1978-12-21,0.666354,0.666354,0.659195,0.666354,0.666354,3562432
1978-12-22,0.673611,0.687438,0.673611,0.687438,0.687438,1401949
1978-12-26,0.687438,0.708719,0.680181,0.708719,0.708719,1381631
1978-12-27,0.701854,0.701854,0.687438,0.694401,0.694401,1307125
1978-12-28,0.694401,0.694401,0.687438,0.687438,0.687438,1510309
1978-12-29,0.687438,0.687438,0.680181,0.680181,0.680181,2085987
1979-01-02,0.680181,0.680181,0.673611,0.680181,0.680181,2370443
1979-01-03,0.680181,0.687438,0.680181,0.687438,0.687438,2431399
1979-01-04,0.687438,0.694401,0.687438,0.694401,0.694401,5214975
1979-01-05,0.694401,0.694401,0.687438,0.694401,0.694401,3806255
1979-01-08,0.694401,0.694401,0.687438,0.694401,0.694401,2343351
1979-01-09,0.694401,0.701854,0.687438,0.694401,0.694401,1862488
1979-01-10,0.694401,0.694401,0.687438,0.687438,0.687438,1537398
1979-01-11,0.687438,0.687438,0.687438,0.687438,0.687438,1950533
1979-01-12,0.694401,0.708719,0.694401,0.701854,0.701854,2627798
1979-01-15,0.701854,0.708719,0.701854,0.701854,0.701854,2993530
1979-01-16,0.701854,0.701854,0.694401,0.694401,0.694401,2356893
1979-01-17,0.694401,0.708719,0.694401,0.701854,0.701854,1828625
1979-01-18,0.701854,0.708719,0.701854,0.701854,0.701854,3196709
1979-01-19,0.701854,0.708719,0.701854,0.701854,0.701854,2824211
1979-01-22,0.701854,0.708719,0.701854,0.701854,0.701854,1550945
1979-01-23,0.701854,0.701854,0.701854,0.701854,0.701854,5553605
1979-01-24,0.701854,0.708719,0.701854,0.701854,0.701854,1083632
1979-01-25,0.701854,0.701854,0.694401,0.701854,0.701854,1571266
1979-01-26,0.708719,0.71578,0.708719,0.708719,0.708719,3142526
1979-01-29,0.708719,0.708719,0.708719,0.708719,0.708719,1252945
1979-01-30,0.708719,0.708719,0.701854,0.708719,0.708719,1063315
1979-01-31,0.708719,0.708719,0.694401,0.701854,0.701854,1869264
1979-02-01,0.694401,0.694401,0.687438,0.687438,0.687438,2641347
1979-02-02,0.687438,0.694401,0.680181,0.680181,0.680181,3169616
1979-02-05,0.680181,0.680181,0.680181,0.680181,0.680181,1293585
1979-02-06,0.680181,0.680181,0.673611,0.680181,0.680181,3569204
1979-02-07,0.673611,0.673611,0.666354,0.666354,0.666354,4314208
1979-02-08,0.666354,0.666354,0.659195,0.659195,0.659195,4158426
1979-02-09,0.659195,0.659195,0.652037,0.652037,0.652037,2952893
1979-02-12,0.652037,0.652037,0.644976,0.652037,0.652037,1584807
1979-02-13,0.652037,0.659195,0.652037,0.659195,0.659195,4591882
1979-02-14,0.659195,0.666354,0.659195,0.659195,0.659195,3528572
1979-02-15,0.659195,0.659195,0.652037,0.659195,0.659195,2106305
1979-02-16,0.659195,0.659195,0.652037,0.652037,0.652037,1198770
1979-02-20,0.659195,0.659195,0.652037,0.659195,0.659195,1537398
1979-02-21,0.659195,0.666354,0.659195,0.659195,0.659195,1415496
1979-02-22,0.652037,0.652037,0.6235,0.630952,0.630952,7781814
1979-02-23,0.630952,0.637523,0.630952,0.630952,0.630952,7016507
1979-02-26,0.630952,0.637523,0.630952,0.637523,0.637523,2654893
1979-02-27,0.637523,0.637523,0.6235,0.630952,0.630952,5668738
1979-02-28,0.630952,0.630952,0.630952,0.630952,0.630952,2925796
1979-03-01,0.630952,0.630952,0.630952,0.630952,0.630952,2919027
1979-03-02,0.630952,0.637523,0.6235,0.6235,0.6235,2885164
1979-03-05,0.6235,0.630952,0.6235,0.630952,0.630952,4361608
1979-03-06,0.630952,0.630952,0.6235,0.630952,0.630952,5397830
1979-03-07,0.630952,0.630952,0.630952,0.630952,0.630952,2031803
1979-03-08,0.630952,0.637523,0.630952,0.637523,0.637523,3250890
1979-03-09,0.644976,0.652037,0.644976,0.644976,0.644976,4808607
1979-03-12,0.644976,0.666354,0.644976,0.666354,0.666354,2424622
1979-03-13,0.666354,0.666354,0.659195,0.666354,0.666354,3115440
1979-03-14,0.666354,0.666354,0.659195,0.659195,0.659195,2207895
1979-03-15,0.659195,0.659195,0.644976,0.644976,0.644976,2979979
1979-03-16,0.652037,0.652037,0.652037,0.652037,0.652037,2648125
1979-03-19,0.652037,0.652037,0.652037,0.652037,0.652037,3989111
1979-03-20,0.652037,0.652037,0.644976,0.644976,0.644976,3880753
1979-03-21,0.644976,0.644976,0.637523,0.644976,0.644976,2681984
1979-03-22,0.644976,0.652037,0.644976,0.644976,0.644976,3867205
1979-03-23,0.644976,0.644976,0.637523,0.637523,0.637523,4483516
1979-03-26,0.637523,0.637523,0.630952,0.630952,0.630952,3366028
1979-03-27,0.630952,0.644976,0.630952,0.644976,0.644976,4673154
1979-03-28,0.644976,0.644976,0.637523,0.637523,0.637523,3752070
1979-03-29,0.637523,0.644976,0.637523,0.644976,0.644976,1984395
1979-03-30,0.644976,0.644976,0.630952,0.637523,0.637523,3609841
1979-04-02,0.637523,0.637523,0.630952,0.630952,0.630952,2153714
1979-04-03,0.630952,0.644976,0.630952,0.644976,0.644976,4111020
1979-04-04,0.652037,0.659195,0.652037,0.652037,0.652037,3338936
1979-04-05,0.652037,0.652037,0.644976,0.652037,0.652037,3372802
1979-04-06,0.652037,0.652037,0.652037,0.652037,0.652037,1781217
1979-04-09,0.652037,0.652037,0.644976,0.644976,0.644976,5973510
1979-04-10,0.644976,0.644976,0.637523,0.644976,0.644976,3934934
1979-04-11,0.644976,0.644976,0.637523,0.644976,0.644976,2302712
1979-04-12,0.644976,0.644976,0.637523,0.637523,0.637523,2756480
1979-04-16,0.637523,0.637523,0.630952,0.630952,0.630952,5167561
1979-04-17,0.630952,0.637523,0.630952,0.637523,0.637523,3311840
1979-04-18,0.637523,0.652037,0.637523,0.644976,0.644976,3054478
1979-04-19,0.644976,0.652037,0.644976,0.644976,0.644976,2993530
1979-04-20,0.644976,0.652037,0.644976,0.652037,0.652037,3284753
1979-04-23,0.652037,0.659195,0.644976,0.652037,0.652037,1537398
1979-04-24,0.652037,0.659195,0.644976,0.652037,0.652037,7361914
1979-04-25,0.652037,0.652037,0.652037,0.652037,0.652037,2878392
1979-04-26,0.652037,0.652037,0.652037,0.652037,0.652037,2607487
1979-04-27,0.652037,0.652037,0.644976,0.644976,0.644976,1605125
1979-04-30,0.644976,0.644976,0.644976,0.644976,0.644976,1808308
1979-05-01,0.644976,0.644976,0.644976,0.644976,0.644976,5181108
1979-05-02,0.644976,0.644976,0.644976,0.644976,0.644976,5120152
1979-05-03,0.644976,0.644976,0.637523,0.644976,0.644976,4754424
1979-05-04,0.644976,0.644976,0.637523,0.637523,0.637523,2201118
1979-05-07,0.637523,0.637523,0.630952,0.630952,0.630952,2763255
1979-05-08,0.630952,0.644976,0.630952,0.637523,0.637523,3406666
1979-05-09,0.637523,0.644976,0.637523,0.644976,0.644976,3636935
1979-05-10,0.644976,0.644976,0.637523,0.637523,0.637523,2038576
1979-05-11,0.637523,0.644976,0.637523,0.644976,0.644976,1219085
1979-05-14,0.644976,0.644976,0.644976,0.644976,0.644976,623088
1979-05-15,0.644976,0.652037,0.644976,0.652037,0.652037,1530629
1979-05-16,0.652037,0.659195,0.644976,0.652037,0.652037,1672851
1979-05-17,0.652037,0.659195,0.652037,0.652037,0.652037,3101892
1979-05-18,0.652037,0.652037,0.652037,0.652037,0.652037,1774443
1979-05-21,0.652037,0.652037,0.652037,0.652037,0.652037,4036525
1979-05-22,0.652037,0.659195,0.652037,0.652037,0.652037,4212615
1979-05-23,0.652037,0.659195,0.652037,0.652037,0.652037,3156070
1979-05-24,0.652037,0.659195,0.652037,0.659195,0.659195,4700244
1979-05-25,0.659195,0.659195,0.652037,0.659195,0.659195,1855714
1979-05-29,0.659195,0.659195,0.652037,0.652037,0.652037,1950533
1979-05-30,0.652037,0.652037,0.652037,0.652037,0.652037,4199067
1979-05-31,0.652037,0.652037,0.644976,0.652037,0.652037,4280334
1979-06-01,0.652037,0.652037,0.644976,0.644976,0.644976,2404306
1979-06-04,0.644976,0.644976,0.637523,0.637523,0.637523,1049765
1979-06-05,0.637523,0.644976,0.637523,0.644976,0.644976,3379568
1979-06-06,0.652037,0.659195,0.652037,0.652037,0.652037,3196709
1979-06-07,0.659195,0.659195,0.659195,0.659195,0.659195,4578337
1979-06-08,0.659195,0.659195,0.652037,0.659195,0.659195,1144583
1979-06-11,0.659195,0.659195,0.652037,0.652037,0.652037,1740580
1979-06-12,0.659195,0.680181,0.659195,0.673611,0.673611,4368387
1979-06-13,0.673611,0.680181,0.673611,0.680181,0.680181,4578337
1979-06-14,0.680181,0.680181,0.666354,0.680181,0.680181,5966738
1979-06-15,0.680181,0.680181,0.673611,0.673611,0.673611,2133395
1979-06-18,0.673611,0.673611,0.666354,0.673611,0.673611,3020621
1979-06-19,0.673611,0.680181,0.673611,0.673611,0.673611,2729392
1979-06-20,0.673611,0.680181,0.673611,0.673611,0.673611,1530629
1979-06-21,0.680181,0.680181,0.680181,0.680181,0.680181,2262077
1979-06-22,0.680181,0.687438,0.680181,0.680181,0.680181,1537398
1979-06-25,0.680181,0.680181,0.673611,0.673611,0.673611,2350122
1979-06-26,0.673611,0.680181,0.673611,0.673611,0.673611,4388701
1979-06-27,0.673611,0.680181,0.673611,0.680181,0.680181,1381631
1979-06-28,0.680181,0.680181,0.673611,0.673611,0.673611,5140470
1979-06-29,0.673611,0.673611,0.673611,0.673611,0.673611,846586
1979-07-02,0.673611,0.673611,0.666354,0.666354,0.666354,2621031
1979-07-03,0.666354,0.666354,0.666354,0.666354,0.666354,1801538
1979-07-05,0.666354,0.666354,0.659195,0.659195,0.659195,2153714
1979-07-06,0.659195,0.666354,0.659195,0.666354,0.666354,2478806
1979-07-09,0.666354,0.673611,0.666354,0.666354,0.666354,2824211
1979-07-10,0.666354,0.673611,0.666354,0.673611,0.673611,2912253
1979-07-11,0.673611,0.680181,0.673611,0.680181,0.680181,2695533
1979-07-12,0.680181,0.680181,0.666354,0.673611,0.673611,1672851
1979-07-13,0.673611,0.680181,0.673611,0.673611,0.673611,4686704
1979-07-16,0.673611,0.673611,0.666354,0.666354,0.666354,1672851
1979-07-17,0.666354,0.673611,0.659195,0.666354,0.666354,3366028
1979-07-18,0.666354,0.666354,0.659195,0.666354,0.666354,2600716
1979-07-19,0.666354,0.673611,0.659195,0.659195,0.659195,2939350
1979-07-20,0.659195,0.666354,0.659195,0.659195,0.659195,2512664
1979-07-23,0.659195,0.666354,0.659195,0.666354,0.666354,3677570
1979-07-24,0.666354,0.673611,0.666354,0.666354,0.666354,1530629
1979-07-25,0.673611,0.680181,0.673611,0.680181,0.680181,4598654
1979-07-26,0.680181,0.680181,0.673611,0.673611,0.673611,4503838
1979-07-27,0.673611,0.673611,0.666354,0.666354,0.666354,5485875
1979-07-30,0.666354,0.673611,0.659195,0.673611,0.673611,3975571
1979-07-31,0.673611,0.680181,0.673611,0.680181,0.680181,1828625
1979-08-01,0.680181,0.680181,0.673611,0.680181,0.680181,2295940
1979-08-02,0.680181,0.687438,0.680181,0.680181,0.680181,2607487
1979-08-03,0.680181,0.680181,0.673611,0.680181,0.680181,1361308
1979-08-06,0.680181,0.680181,0.673611,0.680181,0.680181,2343351
1979-08-07,0.680181,0.680181,0.673611,0.680181,0.680181,4469972
1979-08-08,0.680181,0.687438,0.680181,0.687438,0.687438,7300956
1979-08-09,0.687438,0.694401,0.687438,0.694401,0.694401,3379568
1979-08-10,0.694401,0.71578,0.694401,0.71578,0.71578,4957605
1979-08-13,0.723134,0.723134,0.723134,0.723134,0.723134,4253248
1979-08-14,0.723134,0.723134,0.71578,0.723134,0.723134,1164903
1979-08-15,0.723134,0.723134,0.71578,0.723134,0.723134,2194350
1979-08-16,0.723134,0.723134,0.708719,0.708719,0.708719,2749707
1979-08-17,0.708719,0.71578,0.708719,0.708719,0.708719,1815080
1979-08-20,0.71578,0.723134,0.708719,0.71578,0.71578,4239706
1979-08-21,0.71578,0.723134,0.708719,0.71578,0.71578,1435810
1979-08-22,0.71578,0.71578,0.708719,0.71578,0.71578,3013844
1979-08-23,0.71578,0.729998,0.71578,0.723134,0.723134,2763255
1979-08-24,0.723134,0.723134,0.723134,0.723134,0.723134,3027389
1979-08-27,0.723134,0.729998,0.723134,0.723134,0.723134,4707018
1979-08-28,0.723134,0.729998,0.723134,0.723134,0.723134,2119853
1979-08-29,0.723134,0.729998,0.723134,0.723134,0.723134,2295940
1979-08-30,0.723134,0.729998,0.723134,0.729998,0.729998,2180806
1979-08-31,0.729998,0.729998,0.723134,0.723134,0.723134,2262077
1979-09-04,0.723134,0.723134,0.701854,0.708719,0.708719,1679625
1979-09-05,0.701854,0.701854,0.694401,0.701854,0.701854,2512664
1979-09-06,0.701854,0.701854,0.694401,0.694401,0.694401,1415496
1979-09-07,0.694401,0.701854,0.694401,0.701854,0.701854,1259720
1979-09-10,0.701854,0.708719,0.701854,0.708719,0.708719,2532984
1979-09-11,0.708719,0.708719,0.694401,0.701854,0.701854,5289470
1979-09-12,0.701854,0.701854,0.694401,0.694401,0.694401,1530629
1979-09-13,0.694401,0.694401,0.687438,0.687438,0.687438,2465260
1979-09-14,0.687438,0.701854,0.687438,0.694401,0.694401,2262077
1979-09-17,0.694401,0.701854,0.694401,0.694401,0.694401,1124267
1979-09-18,0.694401,0.694401,0.687438,0.694401,0.694401,1252945
1979-09-19,0.694401,0.694401,0.694401,0.694401,0.694401,2336575
1979-09-20,0.694401,0.708719,0.694401,0.708719,0.708719,1876036
1979-09-21,0.708719,0.71578,0.701854,0.701854,0.701854,5303018
1979-09-24,0.701854,0.708719,0.694401,0.694401,0.694401,2986756
1979-09-25,0.694401,0.701854,0.687438,0.701854,0.701854,1517086
1979-09-26,0.701854,0.708719,0.701854,0.701854,0.701854,1347767
1979-09-27,0.701854,0.708719,0.694401,0.701854,0.701854,3000297
1979-09-28,0.701854,0.701854,0.694401,0.694401,0.694401,1239402
1979-10-01,0.694401,0.694401,0.687438,0.694401,0.694401,1862488
1979-10-02,0.694401,0.701854,0.687438,0.694401,0.694401,2539757
1979-10-03,0.694401,0.694401,0.687438,0.687438,0.687438,2140172
1979-10-04,0.687438,0.687438,0.687438,0.687438,0.687438,2302712
1979-10-05,0.687438,0.694401,0.687438,0.694401,0.694401,3142526
1979-10-08,0.694401,0.694401,0.680181,0.680181,0.680181,1618667
1979-10-09,0.680181,0.680181,0.659195,0.659195,0.659195,5038876
1979-10-10,0.659195,0.673611,0.659195,0.666354,0.666354,5546835
1979-10-11,0.666354,0.673611,0.652037,0.652037,0.652037,9678166
1979-10-12,0.652037,0.659195,0.652037,0.652037,0.652037,2526213
1979-10-15,0.652037,0.652037,0.644976,0.644976,0.644976,3941707
1979-10-16,0.644976,0.652037,0.630952,0.630952,0.630952,10470575
1979-10-17,0.630952,0.637523,0.630952,0.637523,0.637523,2350122
1979-10-18,0.637523,0.644976,0.637523,0.637523,0.637523,2201118
1979-10-19,0.637523,0.637523,0.6235,0.6235,0.6235,6142830
1979-10-22,0.6235,0.6235,0.60928,0.6235,0.6235,8824811
1979-10-23,0.6235,0.6235,0.60928,0.60928,0.60928,4253248
1979-10-24,0.60928,0.616929,0.60928,0.60928,0.60928,5065972
1979-10-25,0.60928,0.6235,0.60928,0.616929,0.616929,2140172
1979-10-26,0.616929,0.6235,0.616929,0.6235,0.6235,1469677
1979-10-29,0.6235,0.6235,0.616929,0.6235,0.6235,2952893
1979-10-30,0.6235,0.644976,0.6235,0.644976,0.644976,2234990
1979-10-31,0.644976,0.644976,0.637523,0.637523,0.637523,2979979
1979-11-01,0.637523,0.644976,0.637523,0.644976,0.644976,2383986
1979-11-02,0.644976,0.652037,0.644976,0.644976,0.644976,4009431
1979-11-05,0.644976,0.644976,0.644976,0.644976,0.644976,1422265
1979-11-06,0.644976,0.644976,0.644976,0.644976,0.644976,2986756
1979-11-07,0.644976,0.644976,0.637523,0.637523,0.637523,4429341
1979-11-08,0.637523,0.644976,0.637523,0.637523,0.637523,2031803
1979-11-09,0.644976,0.652037,0.644976,0.652037,0.652037,2770027
1979-11-12,0.652037,0.659195,0.644976,0.659195,0.659195,2451711
1979-11-13,0.659195,0.659195,0.652037,0.652037,0.652037,2654893
1979-11-14,0.652037,0.652037,0.644976,0.652037,0.652037,1144583
1979-11-15,0.659195,0.659195,0.659195,0.659195,0.659195,3589523
1979-11-16,0.666354,0.666354,0.659195,0.659195,0.659195,4239706
1979-11-19,0.659195,0.673611,0.659195,0.666354,0.666354,4889883
1979-11-20,0.666354,0.666354,0.659195,0.659195,0.659195,3040937
1979-11-21,0.659195,0.659195,0.652037,0.652037,0.652037,3616614
1979-11-23,0.652037,0.666354,0.652037,0.666354,0.666354,2438167
1979-11-26,0.666354,0.680181,0.666354,0.673611,0.673611,5296246
1979-11-27,0.680181,0.687438,0.680181,0.680181,0.680181,6379867
1979-11-28,0.680181,0.694401,0.680181,0.687438,0.687438,3162849
1979-11-29,0.694401,0.708719,0.694401,0.701854,0.701854,7131640
1979-11-30,0.701854,0.708719,0.694401,0.708719,0.708719,10572166
1979-12-03,0.708719,0.723134,0.708719,0.708719,0.708719,4185521
1979-12-04,0.723134,0.723134,0.723134,0.723134,0.723134,5506194
1979-12-05,0.723134,0.729998,0.723134,0.729998,0.729998,3758841
1979-12-06,0.729998,0.729998,0.723134,0.729998,0.729998,6325691
1979-12-07,0.729998,0.744317,0.729998,0.729998,0.729998,4178751
1979-12-10,0.729998,0.729998,0.71578,0.723134,0.723134,3589523
1979-12-11,0.723134,0.729998,0.71578,0.71578,0.71578,7361914
1979-12-12,0.71578,0.723134,0.71578,0.723134,0.723134,3589523
1979-12-13,0.723134,0.723134,0.723134,0.723134,0.723134,2194350
1979-12-14,0.723134,0.736863,0.723134,0.736863,0.736863,3183165
1979-12-17,0.736863,0.744317,0.736863,0.736863,0.736863,2824211
1979-12-18,0.736863,0.736863,0.723134,0.723134,0.723134,3467617
1979-12-19,0.723134,0.744317,0.723134,0.744317,0.744317,5804192
1979-12-20,0.744317,0.758438,0.744317,0.758438,0.758438,4815378
1979-12-21,0.758438,0.758438,0.75118,0.758438,0.758438,3230576
1979-12-24,0.75118,0.75118,0.744317,0.75118,0.75118,1056539
1979-12-26,0.75118,0.75118,0.744317,0.75118,0.75118,494405
1979-12-27,0.75118,0.75118,0.744317,0.75118,0.75118,1564490
1979-12-28,0.75118,0.758438,0.75118,0.758438,0.758438,2004714
1979-12-31,0.75118,0.75118,0.75118,0.75118,0.75118,1009132
1980-01-02,0.75118,0.75118,0.723134,0.729998,0.729998,2979979
1980-01-03,0.729998,0.729998,0.71578,0.729998,0.729998,5993832
1980-01-04,0.729998,0.736863,0.729998,0.736863,0.736863,2458487
1980-01-07,0.736863,0.744317,0.729998,0.736863,0.736863,2709075
1980-01-08,0.736863,0.765401,0.736863,0.765401,0.765401,7084231
1980-01-09,0.765401,0.772461,0.75118,0.758438,0.758438,6759142
1980-01-10,0.758438,0.765401,0.75118,0.75118,0.75118,5167561
1980-01-11,0.75118,0.758438,0.744317,0.75118,0.75118,3122211
1980-01-14,0.75118,0.75118,0.736863,0.736863,0.736863,2431399
1980-01-15,0.736863,0.744317,0.736863,0.744317,0.744317,2539757
1980-01-16,0.744317,0.75118,0.736863,0.736863,0.736863,3162849
1980-01-17,0.736863,0.736863,0.729998,0.729998,0.729998,4334517
1980-01-18,0.729998,0.736863,0.723134,0.723134,0.723134,5025337
1980-01-21,0.723134,0.736863,0.723134,0.729998,0.729998,2837758
1980-01-22,0.729998,0.736863,0.729998,0.729998,0.729998,4022973
1980-01-23,0.729998,0.736863,0.723134,0.729998,0.729998,4801836
1980-01-24,0.729998,0.736863,0.723134,0.729998,0.729998,4171975
1980-01-25,0.723134,0.723134,0.708719,0.723134,0.723134,4314208
1980-01-28,0.723134,0.729998,0.723134,0.729998,0.729998,3210253
1980-01-29,0.729998,0.729998,0.71578,0.723134,0.723134,2546529
1980-01-30,0.723134,0.723134,0.71578,0.71578,0.71578,5431695
1980-01-31,0.71578,0.723134,0.71578,0.71578,0.71578,5303018
1980-02-01,0.708719,0.708719,0.708719,0.708719,0.708719,5330103
1980-02-04,0.708719,0.71578,0.708719,0.71578,0.71578,3196709
1980-02-05,0.71578,0.71578,0.708719,0.71578,0.71578,3467617
1980-02-06,0.71578,0.723134,0.708719,0.71578,0.71578,2905482
1980-02-07,0.71578,0.723134,0.708719,0.71578,0.71578,4429341
1980-02-08,0.71578,0.71578,0.708719,0.71578,0.71578,3785932
1980-02-11,0.71578,0.71578,0.708719,0.708719,0.708719,5641649
1980-02-12,0.701854,0.701854,0.694401,0.701854,0.701854,4016204
1980-02-13,0.701854,0.708719,0.701854,0.701854,0.701854,5750013
1980-02-14,0.701854,0.708719,0.694401,0.694401,0.694401,3894297
1980-02-15,0.701854,0.701854,0.687438,0.694401,0.694401,3941707
1980-02-19,0.687438,0.687438,0.687438,0.687438,0.687438,1869264
1980-02-20,0.687438,0.694401,0.687438,0.687438,0.687438,2526213
1980-02-21,0.687438,0.687438,0.666354,0.673611,0.673611,4151660
1980-02-22,0.673611,0.673611,0.666354,0.673611,0.673611,6332460
1980-02-25,0.673611,0.673611,0.666354,0.666354,0.666354,8811268
1980-02-26,0.666354,0.666354,0.659195,0.666354,0.666354,6142830
1980-02-27,0.666354,0.666354,0.666354,0.666354,0.666354,3115440
1980-02-28,0.666354,0.666354,0.659195,0.659195,0.659195,5072746
1980-02-29,0.659195,0.666354,0.652037,0.652037,0.652037,6698187
1980-03-03,0.652037,0.659195,0.652037,0.652037,0.652037,3223800
1980-03-04,0.652037,0.659195,0.652037,0.659195,0.659195,6474687
1980-03-05,0.659195,0.659195,0.644976,0.644976,0.644976,3217027
1980-03-06,0.644976,0.652037,0.644976,0.644976,0.644976,3277983
1980-03-07,0.644976,0.659195,0.644976,0.652037,0.652037,4625745
1980-03-10,0.652037,0.659195,0.652037,0.652037,0.652037,4280334
1980-03-11,0.652037,0.666354,0.652037,0.666354,0.666354,3135757
1980-03-12,0.666354,0.666354,0.644976,0.652037,0.652037,4957605
1980-03-13,0.652037,0.652037,0.637523,0.637523,0.637523,3603068
1980-03-14,0.637523,0.637523,0.630952,0.637523,0.637523,3454072
1980-03-17,0.637523,0.637523,0.630952,0.630952,0.630952,2702300
1980-03-18,0.630952,0.644976,0.630952,0.644976,0.644976,3501481
1980-03-19,0.644976,0.652037,0.644976,0.652037,0.652037,2573625
1980-03-20,0.652037,0.652037,0.652037,0.652037,0.652037,2140172
1980-03-21,0.652037,0.652037,0.652037,0.652037,0.652037,2458487
1980-03-24,0.652037,0.652037,0.637523,0.637523,0.637523,4219388
1980-03-25,0.637523,0.637523,0.630952,0.637523,0.637523,3406666
1980-03-26,0.637523,0.644976,0.637523,0.644976,0.644976,4375157
1980-03-27,0.644976,0.644976,0.637523,0.644976,0.644976,2451711
1980-03-28,0.652037,0.659195,0.652037,0.659195,0.659195,8770629
1980-03-31,0.659195,0.680181,0.659195,0.680181,0.680181,7409317
1980-04-01,0.680181,0.680181,0.673611,0.680181,0.680181,3264438
1980-04-02,0.687438,0.687438,0.680181,0.680181,0.680181,6576283
1980-04-03,0.680181,0.687438,0.680181,0.687438,0.687438,5797420
1980-04-07,0.687438,0.687438,0.673611,0.673611,0.673611,4524155
1980-04-08,0.673611,0.680181,0.666354,0.680181,0.680181,4070383
1980-04-09,0.680181,0.680181,0.673611,0.680181,0.680181,1740580
1980-04-10,0.680181,0.687438,0.680181,0.680181,0.680181,1930214
1980-04-11,0.680181,0.680181,0.673611,0.680181,0.680181,5038876
1980-04-14,0.673611,0.673611,0.666354,0.666354,0.666354,1876036
1980-04-15,0.666354,0.680181,0.666354,0.680181,0.680181,3779161
1980-04-16,0.680181,0.687438,0.680181,0.680181,0.680181,4707018
1980-04-17,0.680181,0.687438,0.680181,0.680181,0.680181,3440522
1980-04-18,0.680181,0.687438,0.680181,0.680181,0.680181,1808308
1980-04-21,0.680181,0.680181,0.680181,0.680181,0.680181,1672851
1980-04-22,0.687438,0.694401,0.687438,0.687438,0.687438,5079518
1980-04-23,0.687438,0.687438,0.687438,0.687438,0.687438,2356893
1980-04-24,0.687438,0.708719,0.687438,0.708719,0.708719,3697888
1980-04-25,0.708719,0.723134,0.694401,0.71578,0.71578,4029749
1980-04-28,0.723134,0.729998,0.723134,0.723134,0.723134,3867205
1980-04-29,0.723134,0.723134,0.71578,0.723134,0.723134,1855714
1980-04-30,0.723134,0.723134,0.71578,0.723134,0.723134,3494708
1980-05-01,0.723134,0.729998,0.71578,0.723134,0.723134,4449655
1980-05-02,0.723134,0.723134,0.71578,0.723134,0.723134,3433749
1980-05-05,0.723134,0.723134,0.71578,0.723134,0.723134,3393115
1980-05-06,0.723134,0.736863,0.723134,0.729998,0.729998,7151958
1980-05-07,0.729998,0.736863,0.723134,0.729998,0.729998,4937289
1980-05-08,0.729998,0.736863,0.729998,0.729998,0.729998,3826569
1980-05-09,0.729998,0.736863,0.729998,0.729998,0.729998,846586
1980-05-12,0.729998,0.736863,0.729998,0.736863,0.736863,2492350
1980-05-13,0.736863,0.736863,0.729998,0.736863,0.736863,2079215
1980-05-14,0.736863,0.744317,0.736863,0.744317,0.744317,3176393
1980-05-15,0.744317,0.758438,0.736863,0.758438,0.758438,6806554
1980-05-16,0.758438,0.758438,0.75118,0.758438,0.758438,3318620
1980-05-19,0.758438,0.765401,0.75118,0.75118,0.75118,2722621
1980-05-20,0.75118,0.758438,0.75118,0.758438,0.758438,2864848
1980-05-21,0.758438,0.758438,0.758438,0.758438,0.758438,5485875
1980-05-22,0.765401,0.765401,0.765401,0.765401,0.765401,4483516
1980-05-23,0.765401,0.78668,0.765401,0.78668,0.78668,9454674
1980-05-27,0.78668,0.78668,0.772461,0.772461,0.772461,5154012
1980-05-28,0.772461,0.779717,0.772461,0.772461,0.772461,2973208
1980-05-29,0.772461,0.779717,0.765401,0.772461,0.772461,1178446
1980-05-30,0.765401,0.765401,0.758438,0.765401,0.765401,2350122
1980-06-02,0.765401,0.765401,0.758438,0.758438,0.758438,2207895
1980-06-03,0.758438,0.758438,0.75118,0.758438,0.758438,4679928
1980-06-04,0.758438,0.765401,0.75118,0.758438,0.758438,2424622
1980-06-05,0.765401,0.772461,0.765401,0.765401,0.765401,3000297
1980-06-06,0.765401,0.779717,0.765401,0.779717,0.779717,4801836
1980-06-09,0.779717,0.78668,0.772461,0.78668,0.78668,4795063
1980-06-10,0.78668,0.78668,0.78668,0.78668,0.78668,4761198
1980-06-11,0.78668,0.793937,0.78668,0.78668,0.78668,4781518
1980-06-12,0.78668,0.78668,0.779717,0.78668,0.78668,4287107
1980-06-13,0.78668,0.78668,0.772461,0.779717,0.779717,3467617
1980-06-16,0.779717,0.779717,0.772461,0.779717,0.779717,2153714
1980-06-17,0.779717,0.78668,0.779717,0.78668,0.78668,2411078
1980-06-18,0.779717,0.779717,0.772461,0.779717,0.779717,2146942
1980-06-19,0.779717,0.779717,0.765401,0.765401,0.765401,1862488
1980-06-20,0.765401,0.765401,0.758438,0.765401,0.765401,2600716
1980-06-23,0.765401,0.772461,0.765401,0.765401,0.765401,2621031
1980-06-24,0.765401,0.765401,0.758438,0.765401,0.765401,1909895
1980-06-25,0.765401,0.772461,0.758438,0.765401,0.765401,1456133
1980-06-26,0.765401,0.772461,0.765401,0.765401,0.765401,3548891
1980-06-27,0.765401,0.765401,0.758438,0.765401,0.765401,1679625
1980-06-30,0.765401,0.765401,0.75118,0.75118,0.75118,2458487
1980-07-01,0.75118,0.758438,0.75118,0.758438,0.758438,2417847
1980-07-02,0.758438,0.758438,0.75118,0.758438,0.758438,2336575
1980-07-03,0.758438,0.758438,0.758438,0.758438,0.758438,5296246
1980-07-07,0.765401,0.779717,0.765401,0.772461,0.772461,2255306
1980-07-08,0.779717,0.779717,0.779717,0.779717,0.779717,3548891
1980-07-09,0.779717,0.779717,0.772461,0.772461,0.772461,3081571
1980-07-10,0.772461,0.772461,0.765401,0.765401,0.765401,2234990
1980-07-11,0.765401,0.765401,0.758438,0.765401,0.765401,3481161
1980-07-14,0.765401,0.772461,0.765401,0.765401,0.765401,2715850
1980-07-15,0.772461,0.772461,0.772461,0.772461,0.772461,3284753
1980-07-16,0.772461,0.772461,0.765401,0.765401,0.765401,3162849
1980-07-17,0.765401,0.772461,0.758438,0.765401,0.765401,2079215
1980-07-18,0.765401,0.765401,0.758438,0.765401,0.765401,8079819
1980-07-21,0.765401,0.765401,0.758438,0.765401,0.765401,2824211
1980-07-22,0.765401,0.772461,0.765401,0.772461,0.772461,3975571
1980-07-23,0.772461,0.779717,0.772461,0.772461,0.772461,2959664
1980-07-24,0.772461,0.772461,0.765401,0.765401,0.765401,7341594
1980-07-25,0.765401,0.765401,0.758438,0.765401,0.765401,1727034
1980-07-28,0.765401,0.772461,0.765401,0.772461,0.772461,2207895
1980-07-29,0.772461,0.772461,0.765401,0.772461,0.772461,3481161
1980-07-30,0.772461,0.779717,0.772461,0.779717,0.779717,5865144
1980-07-31,0.779717,0.779717,0.758438,0.779717,0.779717,5614558
1980-08-01,0.779717,0.779717,0.772461,0.779717,0.779717,2505899
1980-08-04,0.779717,0.779717,0.772461,0.779717,0.779717,1842168
1980-08-05,0.779717,0.78668,0.772461,0.779717,0.779717,2234990
1980-08-06,0.78668,0.800998,0.78668,0.800998,0.800998,3724975
1980-08-07,0.800998,0.80796,0.800998,0.80796,0.80796,6996188
1980-08-08,0.815022,0.82218,0.815022,0.82218,0.82218,7524456
1980-08-11,0.82218,0.82218,0.815022,0.815022,0.815022,3284753
1980-08-12,0.815022,0.82218,0.80796,0.80796,0.80796,4185521
1980-08-13,0.80796,0.80796,0.800998,0.800998,0.800998,3101892
1980-08-14,0.800998,0.800998,0.793937,0.793937,0.793937,3040937
1980-08-15,0.793937,0.800998,0.793937,0.793937,0.793937,3941707
1980-08-18,0.793937,0.793937,0.772461,0.772461,0.772461,3372802
1980-08-19,0.772461,0.779717,0.765401,0.765401,0.765401,2986756
1980-08-20,0.765401,0.779717,0.765401,0.779717,0.779717,4388701
1980-08-21,0.779717,0.78668,0.779717,0.78668,0.78668,2004714
1980-08-22,0.78668,0.800998,0.78668,0.793937,0.793937,4984698
1980-08-25,0.793937,0.800998,0.78668,0.793937,0.793937,3589523
1980-08-26,0.793937,0.793937,0.779717,0.779717,0.779717,1781217
1980-08-27,0.772461,0.772461,0.765401,0.765401,0.765401,3752070
1980-08-28,0.765401,0.772461,0.765401,0.765401,0.765401,2295940
1980-08-29,0.765401,0.772461,0.765401,0.765401,0.765401,1882809
1980-09-02,0.765401,0.772461,0.765401,0.772461,0.772461,2275622
1980-09-03,0.772461,0.779717,0.772461,0.772461,0.772461,2858072
1980-09-04,0.772461,0.772461,0.758438,0.765401,0.765401,7422866
1980-09-05,0.765401,0.765401,0.75118,0.758438,0.758438,4686704
1980-09-08,0.758438,0.758438,0.744317,0.744317,0.744317,4151660
1980-09-09,0.744317,0.75118,0.736863,0.75118,0.75118,6542420
1980-09-10,0.75118,0.765401,0.75118,0.758438,0.758438,3047708
1980-09-11,0.758438,0.765401,0.758438,0.765401,0.765401,3250890
1980-09-12,0.765401,0.765401,0.758438,0.765401,0.765401,3901067
1980-09-15,0.765401,0.765401,0.758438,0.765401,0.765401,1835399
1980-09-16,0.765401,0.772461,0.765401,0.765401,0.765401,8946725
1980-09-17,0.765401,0.779717,0.765401,0.779717,0.779717,5336874
1980-09-18,0.779717,0.78668,0.772461,0.772461,0.772461,9522401
1980-09-19,0.772461,0.779717,0.765401,0.772461,0.772461,9542719
1980-09-22,0.772461,0.800998,0.772461,0.800998,0.800998,7192590
1980-09-23,0.800998,0.815022,0.793937,0.815022,0.815022,7456727
1980-09-24,0.80796,0.80796,0.800998,0.80796,0.80796,2302712
1980-09-25,0.80796,0.80796,0.800998,0.800998,0.800998,3068028
1980-09-26,0.800998,0.800998,0.78668,0.78668,0.78668,2607487
1980-09-29,0.779717,0.779717,0.772461,0.772461,0.772461,3460843
1980-09-30,0.772461,0.78668,0.772461,0.78668,0.78668,4686704
1980-10-01,0.78668,0.793937,0.779717,0.78668,0.78668,3406666
1980-10-02,0.78668,0.793937,0.779717,0.78668,0.78668,3494708
1980-10-03,0.78668,0.793937,0.78668,0.793937,0.793937,3399893
1980-10-06,0.800998,0.80796,0.800998,0.80796,0.80796,3176393
1980-10-07,0.80796,0.815022,0.80796,0.80796,0.80796,5404608
1980-10-08,0.80796,0.82218,0.80796,0.815022,0.815022,5702602
1980-10-09,0.80796,0.80796,0.800998,0.800998,0.800998,2153714
1980-10-10,0.800998,0.80796,0.800998,0.800998,0.800998,1679625
1980-10-13,0.793937,0.793937,0.78668,0.793937,0.793937,4348066
1980-10-14,0.78668,0.78668,0.779717,0.779717,0.779717,5519738
1980-10-15,0.779717,0.779717,0.765401,0.779717,0.779717,7077458
1980-10-16,0.779717,0.779717,0.765401,0.772461,0.772461,2783573
1980-10-17,0.772461,0.772461,0.765401,0.772461,0.772461,4124568
1980-10-20,0.765401,0.765401,0.75118,0.758438,0.758438,6515323
1980-10-21,0.758438,0.765401,0.75118,0.75118,0.75118,6644008
1980-10-22,0.75118,0.765401,0.75118,0.758438,0.758438,2912253
1980-10-23,0.758438,0.758438,0.744317,0.744317,0.744317,6237646
1980-10-24,0.744317,0.744317,0.736863,0.744317,0.744317,3995887
1980-10-27,0.744317,0.744317,0.729998,0.729998,0.729998,5282697
1980-10-28,0.729998,0.744317,0.729998,0.744317,0.744317,5045651
1980-10-29,0.744317,0.758438,0.744317,0.75118,0.75118,7314504
1980-10-30,0.758438,0.793937,0.758438,0.78668,0.78668,15069237
1980-10-31,0.793937,0.828947,0.793937,0.82218,0.82218,16227359
1980-11-03,0.828947,0.836204,0.828947,0.836204,0.836204,7693774
1980-11-05,0.836204,0.850717,0.815022,0.82218,0.82218,9305671
1980-11-06,0.815022,0.815022,0.793937,0.800998,0.800998,6603370
1980-11-07,0.800998,0.800998,0.78668,0.78668,0.78668,5363969
1980-11-10,0.78668,0.793937,0.78668,0.793937,0.793937,3291526
1980-11-11,0.793937,0.800998,0.78668,0.800998,0.800998,11764162
1980-11-12,0.800998,0.800998,0.793937,0.800998,0.800998,6853960
1980-11-13,0.800998,0.828947,0.800998,0.828947,0.828947,15218229
1980-11-14,0.828947,0.843362,0.82218,0.828947,0.828947,5499426
1980-11-17,0.828947,0.871508,0.82218,0.86474,0.86474,10639894
1980-11-18,0.871508,0.900045,0.871508,0.900045,0.900045,13680828
1980-11-19,0.900045,0.921324,0.885825,0.914263,0.914263,9833940
1980-11-20,0.914263,0.921324,0.907202,0.907202,0.907202,5594242
1980-11-21,0.907202,0.907202,0.885825,0.885825,0.885825,3664030
1980-11-24,0.87896,0.87896,0.86474,0.871508,0.871508,10125169
1980-11-25,0.871508,0.893277,0.871508,0.885825,0.885825,11154621
1980-11-26,0.885825,0.893277,0.87896,0.87896,0.87896,4727335
1980-11-28,0.87896,0.885825,0.87896,0.885825,0.885825,4266794
1980-12-01,0.885825,0.885825,0.871508,0.871508,0.871508,2478806
1980-12-02,0.871508,0.871508,0.86474,0.871508,0.871508,7571862
1980-12-03,0.871508,0.87896,0.86474,0.87896,0.87896,9366631
1980-12-04,0.87896,0.893277,0.871508,0.885825,0.885825,6014148
1980-12-05,0.885825,0.900045,0.885825,0.893277,0.893277,4273568
1980-12-08,0.885825,0.885825,0.86474,0.86474,0.86474,5106605
1980-12-09,0.86474,0.871508,0.85768,0.86474,0.86474,4104245
1980-12-10,0.86474,0.871508,0.85768,0.85768,0.85768,4646065
1980-12-11,0.843362,0.843362,0.828947,0.836204,0.836204,6088644
1980-12-12,0.843362,0.87896,0.843362,0.87896,0.87896,7070682
1980-12-15,0.87896,0.900045,0.87896,0.885825,0.885825,8371043
1980-12-16,0.885825,0.928287,0.885825,0.921324,0.921324,13369286
1980-12-17,0.928287,0.935544,0.928287,0.928287,0.928287,9596901
1980-12-18,0.928287,0.935544,0.921324,0.928287,0.928287,6495010
1980-12-19,0.928287,0.935544,0.914263,0.935544,0.935544,4686704
1980-12-22,0.935544,0.956824,0.935544,0.949959,0.949959,6332460
1980-12-23,0.949959,0.949959,0.935544,0.942605,0.942605,4246476
1980-12-24,0.942605,0.949959,0.935544,0.949959,0.949959,3616614
1980-12-26,0.949959,0.970848,0.949959,0.970848,0.970848,1828625
1980-12-29,0.970848,0.985361,0.963983,0.963983,0.963983,6081876
1980-12-30,0.970848,0.985361,0.970848,0.970848,0.970848,3840114
1980-12-31,0.970848,0.977908,0.963983,0.970848,0.970848,2411078
1981-01-02,0.970848,0.977908,0.963983,0.970848,0.970848,2851302
1981-01-05,0.970848,0.992621,0.970848,0.985361,0.985361,6738824
1981-01-06,0.985361,0.992621,0.977908,0.992621,0.992621,6820098
1981-01-07,0.977908,0.977908,0.949959,0.970848,0.970848,12759745
1981-01-08,0.970848,0.970848,0.942605,0.949959,0.949959,5926105
1981-01-09,0.949959,0.963983,0.935544,0.942605,0.942605,4036525
1981-01-12,0.949959,0.956824,0.949959,0.956824,0.956824,4334517
1981-01-13,0.956824,0.956824,0.942605,0.942605,0.942605,3108665
1981-01-14,0.942605,0.942605,0.935544,0.935544,0.935544,4368387
1981-01-15,0.935544,0.942605,0.935544,0.942605,0.942605,3332161
1981-01-16,0.942605,0.942605,0.935544,0.942605,0.942605,2404306
1981-01-19,0.942605,0.942605,0.935544,0.935544,0.935544,2241761
1981-01-20,0.935544,0.935544,0.921324,0.921324,0.921324,3338936
1981-01-21,0.914263,0.914263,0.900045,0.907202,0.907202,5269154
1981-01-22,0.907202,0.914263,0.900045,0.914263,0.914263,2478806
1981-01-23,0.914263,0.928287,0.907202,0.928287,0.928287,7084231
1981-01-26,0.928287,0.942605,0.921324,0.942605,0.942605,4551249
1981-01-27,0.942605,0.949959,0.942605,0.942605,0.942605,5147242
1981-01-28,0.942605,0.949959,0.935544,0.942605,0.942605,3426978
1981-01-29,0.942605,0.942605,0.935544,0.942605,0.942605,3603068
1981-01-30,0.942605,0.942605,0.935544,0.935544,0.935544,2356893
1981-02-02,0.928287,0.928287,0.914263,0.914263,0.914263,2214668
1981-02-03,0.914263,0.935544,0.914263,0.935544,0.935544,2898708
1981-02-04,0.935544,0.935544,0.928287,0.928287,0.928287,4138109
1981-02-05,0.928287,0.928287,0.928287,0.928287,0.928287,2742938
1981-02-06,0.928287,0.942605,0.928287,0.935544,0.935544,4314208
1981-02-09,0.935544,0.942605,0.935544,0.935544,0.935544,1578036
1981-02-10,0.935544,0.956824,0.935544,0.956824,0.956824,2404306
1981-02-11,0.956824,0.956824,0.942605,0.949959,0.949959,2180806
1981-02-12,0.949959,0.949959,0.935544,0.935544,0.935544,4178751
1981-02-13,0.935544,0.935544,0.921324,0.921324,0.921324,1469677
1981-02-17,0.921324,0.928287,0.921324,0.921324,0.921324,6000600
1981-02-18,0.928287,0.949959,0.928287,0.949959,0.949959,6786235
1981-02-19,0.949959,0.956824,0.949959,0.949959,0.949959,5424923
1981-02-20,0.949959,0.956824,0.949959,0.956824,0.956824,3880753
1981-02-23,0.956824,0.963983,0.942605,0.963983,0.963983,4686704
1981-02-24,0.963983,0.977908,0.956824,0.977908,0.977908,4185521
1981-02-25,0.977908,0.985361,0.963983,0.985361,0.985361,3447299
1981-02-26,0.999479,1.02057,0.999479,1.01331,1.01331,13342192
1981-02-27,1.01331,1.01331,0.999479,1.00654,1.00654,3237348
1981-03-02,1.00654,1.00654,0.999479,1.00654,1.00654,2160482
1981-03-03,1.00654,1.04871,0.992621,0.992621,0.992621,4429341
1981-03-04,0.992621,0.999479,0.985361,0.999479,0.999479,2573625
1981-03-05,0.999479,1.00654,0.999479,0.999479,0.999479,5567150
1981-03-06,0.999479,1.00654,0.999479,0.999479,0.999479,2688757
1981-03-09,0.999479,0.999479,0.999479,0.999479,0.999479,3257659
1981-03-10,0.999479,1.01331,0.992621,0.999479,0.999479,12949382
1981-03-11,0.999479,0.999479,0.985361,0.999479,0.999479,4341297
1981-03-12,0.999479,1.01331,0.992621,1.01331,1.01331,7924043
1981-03-13,1.01331,1.02753,1.01331,1.01331,1.01331,8797722
1981-03-16,1.01331,1.02057,1.01331,1.02057,1.02057,3135757
1981-03-17,1.02057,1.02057,1.00654,1.01331,1.01331,4767970
1981-03-18,1.01331,1.02057,1.01331,1.01331,1.01331,2038576
1981-03-19,1.01331,1.01331,0.999479,1.00654,1.00654,3562432
1981-03-20,1.00654,1.02057,0.999479,1.01331,1.01331,5573921
1981-03-23,1.01331,1.02753,1.01331,1.02057,1.02057,2952893
1981-03-24,1.02057,1.02753,1.00654,1.00654,1.00654,6542420
1981-03-25,1.00654,1.02057,0.999479,1.02057,1.02057,2600716
1981-03-26,1.02057,1.02057,0.999479,1.00654,1.00654,7822454
1981-03-27,1.00654,1.01331,1.00654,1.00654,1.00654,1774443
1981-03-30,1.00654,1.01331,0.999479,0.999479,0.999479,2045349
1981-03-31,1.00654,1.01331,1.00654,1.01331,1.01331,3779161
1981-04-01,1.01331,1.01331,1.00654,1.00654,1.00654,2614255
1981-04-02,1.00654,1.00654,0.992621,1.00654,1.00654,3359252
1981-04-03,1.00654,1.00654,0.999479,1.00654,1.00654,6569510
1981-04-06,1.00654,1.00654,0.999479,1.00654,1.00654,2844532
1981-04-07,1.00654,1.01331,1.00654,1.00654,1.00654,4578337
1981-04-08,1.00654,1.03458,1.00654,1.02753,1.02753,11919934
1981-04-09,1.02753,1.04185,1.02753,1.03458,1.03458,8154312
1981-04-10,1.03458,1.04871,1.03458,1.04871,1.04871,5262379
1981-04-13,1.04871,1.05636,1.04185,1.04871,1.04871,5804192
1981-04-14,1.04871,1.04871,1.04185,1.04871,1.04871,4558020
1981-04-15,1.04871,1.07716,1.04871,1.07716,1.07716,9644308
1981-04-16,1.07716,1.09853,1.07716,1.09147,1.09147,4740881
1981-04-20,1.09147,1.09853,1.08441,1.09853,1.09853,2783573
1981-04-21,1.09147,1.09147,1.07048,1.07048,1.07048,2600716
1981-04-22,1.07048,1.07716,1.04871,1.04871,1.04871,3894297
1981-04-23,1.04871,1.07048,1.04871,1.06303,1.06303,9075400
1981-04-24,1.06303,1.07716,1.06303,1.07048,1.07048,3731753
1981-04-27,1.07048,1.07716,1.07048,1.07716,1.07716,2878392
1981-04-28,1.07716,1.07716,1.06303,1.07048,1.07048,2722621
1981-04-29,1.06303,1.06303,1.04185,1.04871,1.04871,3921389
1981-04-30,1.04871,1.05636,1.04185,1.04185,1.04185,3569204
1981-05-01,1.04185,1.05636,1.04185,1.05636,1.05636,2038576
1981-05-04,1.05636,1.05636,1.04871,1.04871,1.04871,4287107
1981-05-05,1.04871,1.04871,1.03458,1.03458,1.03458,13044193
1981-05-06,1.03458,1.04185,1.02753,1.02753,1.02753,3034163
1981-05-07,1.02753,1.03458,1.02753,1.02753,1.02753,3000297
1981-05-08,1.02753,1.03458,1.02753,1.03458,1.03458,2404306
1981-05-11,1.03458,1.03458,1.02057,1.02057,1.02057,2539757
1981-05-12,1.02057,1.04185,1.01331,1.04185,1.04185,2837758
1981-05-13,1.04185,1.04871,1.03458,1.03458,1.03458,1896353
1981-05-14,1.03458,1.04871,1.03458,1.04185,1.04185,2038576
1981-05-15,1.04185,1.06303,1.04185,1.05636,1.05636,2180806
1981-05-18,1.05636,1.07048,1.05636,1.05636,1.05636,2526213
1981-05-19,1.07048,1.07048,1.03458,1.07048,1.07048,3711433
1981-05-20,1.07048,1.09147,1.07048,1.09147,1.09147,3217027
1981-05-21,1.08441,1.08441,1.06303,1.07048,1.07048,2923545
1981-05-22,1.07716,1.07716,1.04871,1.07716,1.07716,4059097
1981-05-26,1.07716,1.11276,1.07048,1.11276,1.11276,3501481
1981-05-27,1.11276,1.12697,1.09147,1.11981,1.11981,4580591
1981-05-28,1.11981,1.12697,1.10568,1.11276,1.11276,3408917
1981-05-29,1.11276,1.14128,1.10568,1.13393,1.13393,4176489
1981-06-01,1.13393,1.16237,1.13393,1.13393,1.13393,5129182
1981-06-02,1.13393,1.13393,1.09853,1.09853,1.09853,2140172
1981-06-03,1.09853,1.09853,1.07716,1.09147,1.09147,4930517
1981-06-04,1.09147,1.09853,1.08441,1.08441,1.08441,2998040
1981-06-05,1.08441,1.09147,1.07716,1.09147,1.09147,2429136
1981-06-08,1.09147,1.10568,1.09147,1.10568,1.10568,3943962
1981-06-09,1.10568,1.11981,1.09147,1.09853,1.09853,4336777
1981-06-10,1.09853,1.09853,1.07716,1.08441,1.08441,3569204
1981-06-11,1.08441,1.08441,1.07048,1.07716,1.07716,1537398
1981-06-12,1.07716,1.08441,1.06303,1.07048,1.07048,2334321
1981-06-15,1.08441,1.09853,1.08441,1.09853,1.09853,3517281
1981-06-16,1.09853,1.09853,1.07716,1.09147,1.09147,2192092
1981-06-17,1.09147,1.09853,1.06303,1.07048,1.07048,3634676
1981-06-18,1.07048,1.08441,1.07048,1.07048,1.07048,3844628
1981-06-19,1.07048,1.09147,1.07048,1.09147,1.09147,2930316
1981-06-22,1.09147,1.13393,1.08441,1.11276,1.11276,2727138
1981-06-23,1.11276,1.14128,1.10568,1.14128,1.14128,3284753
1981-06-24,1.14128,1.14128,1.11276,1.11981,1.11981,2909994
1981-06-25,1.11981,1.11981,1.09853,1.10568,1.10568,3347970
1981-06-26,1.09147,1.09147,1.06303,1.07048,1.07048,8492953
1981-06-29,1.07048,1.07048,1.02753,1.04871,1.04871,4460946
1981-06-30,1.04185,1.04185,1.02057,1.03458,1.03458,3603068
1981-07-01,1.03458,1.04185,1.01331,1.02057,1.02057,4488036
1981-07-02,1.02057,1.02057,0.977908,0.999479,0.999479,2494608
1981-07-06,0.992621,0.992621,0.963983,0.977908,0.977908,3239600
1981-07-07,0.977908,0.999479,0.977908,0.999479,0.999479,2765517
1981-07-08,0.999479,1.00654,0.977908,0.992621,0.992621,1751868
1981-07-09,0.992621,0.992621,0.977908,0.977908,0.977908,2052124
1981-07-10,0.977908,0.985361,0.956824,0.963983,0.963983,2169513
1981-07-13,0.963983,0.977908,0.956824,0.963983,0.963983,1756385
1981-07-14,0.963983,0.970848,0.942605,0.956824,0.956824,6779464
1981-07-15,0.956824,0.977908,0.956824,0.956824,0.956824,3668536
1981-07-16,0.963983,0.970848,0.963983,0.970848,0.970848,3131240
1981-07-17,0.970848,0.985361,0.970848,0.985361,0.985361,3273467
1981-07-20,0.985361,0.985361,0.956824,0.956824,0.956824,2266594
1981-07-21,0.956824,0.956824,0.914263,0.935544,0.935544,3957509
1981-07-22,0.935544,0.942605,0.893277,0.893277,0.893277,3738521
1981-07-23,0.907202,0.935544,0.907202,0.935544,0.935544,2291425
1981-07-24,0.935544,0.963983,0.928287,0.963983,0.963983,1420010
1981-07-27,0.963983,0.992621,0.963983,0.985361,0.985361,2503635
1981-07-28,0.985361,0.985361,0.970848,0.970848,0.970848,2508155
1981-07-29,0.970848,0.985361,0.956824,0.963983,0.963983,2365923
1981-07-30,0.963983,0.985361,0.956824,0.977908,0.977908,2264332
1981-07-31,0.977908,0.999479,0.977908,0.992621,0.992621,3128981
1981-08-03,0.992621,1.00654,0.992621,0.992621,0.992621,1076856
1981-08-04,0.992621,0.999479,0.977908,0.985361,0.985361,1399688
1981-08-05,0.985361,0.992621,0.977908,0.977908,0.977908,1329705
1981-08-06,0.977908,0.977908,0.970848,0.977908,0.977908,3729490
1981-08-07,0.970848,0.970848,0.942605,0.970848,0.970848,1103952
1981-08-10,0.970848,0.970848,0.956824,0.970848,0.970848,1891835
1981-08-11,0.963983,0.963983,0.949959,0.963983,0.963983,3411179
1981-08-12,0.963983,0.970848,0.956824,0.956824,0.956824,1727034
1981-08-13,0.956824,0.963983,0.935544,0.942605,0.942605,2982238
1981-08-14,0.942605,0.942605,0.928287,0.935544,0.935544,2722621
1981-08-17,0.935544,0.935544,0.914263,0.914263,0.914263,2679727
1981-08-18,0.914263,0.928287,0.914263,0.921324,0.921324,2695533
1981-08-19,0.921324,0.949959,0.914263,0.942605,0.942605,2435910
1981-08-20,0.949959,0.992621,0.949959,0.956824,0.956824,2352379
1981-08-21,0.942605,0.942605,0.914263,0.935544,0.935544,9937787
1981-08-24,0.921324,0.921324,0.900045,0.907202,0.907202,4526416
1981-08-25,0.907202,0.928287,0.893277,0.928287,0.928287,6318920
1981-08-26,0.928287,0.935544,0.921324,0.928287,0.928287,5429434
1981-08-27,0.928287,0.928287,0.900045,0.900045,0.900045,4790546
1981-08-28,0.900045,0.907202,0.893277,0.893277,0.893277,4975670
1981-08-31,0.893277,0.907202,0.885825,0.885825,0.885825,5016303
1981-09-01,0.885825,0.893277,0.871508,0.87896,0.87896,5106605
1981-09-02,0.87896,0.907202,0.87896,0.900045,0.900045,6831383
1981-09-03,0.900045,0.907202,0.871508,0.87896,0.87896,2964178
1981-09-04,0.871508,0.871508,0.85768,0.86474,0.86474,2273369
1981-09-08,0.85768,0.85768,0.843362,0.850717,0.850717,3463103
1981-09-09,0.86474,0.885825,0.86474,0.86474,0.86474,3901067
1981-09-10,0.871508,0.900045,0.871508,0.893277,0.893277,3494708
1981-09-11,0.907202,0.942605,0.907202,0.935544,0.935544,4420309
1981-09-14,0.935544,0.935544,0.921324,0.928287,0.928287,1329705
1981-09-15,0.928287,0.942605,0.921324,0.935544,0.935544,3081571
1981-09-16,0.935544,0.942605,0.921324,0.935544,0.935544,4269052
1981-09-17,0.935544,0.949959,0.921324,0.921324,0.921324,4916974
1981-09-18,0.921324,0.921324,0.893277,0.907202,0.907202,4571564
1981-09-21,0.907202,0.935544,0.893277,0.935544,0.935544,6808810
1981-09-22,0.935544,0.935544,0.907202,0.928287,0.928287,6808810
1981-09-23,0.928287,0.928287,0.914263,0.921324,0.921324,3092861
1981-09-24,0.921324,0.949959,0.921324,0.921324,0.921324,3262185
1981-09-25,0.921324,0.935544,0.907202,0.935544,0.935544,3625650
1981-09-28,0.935544,0.999479,0.914263,0.992621,0.992621,8612597
1981-09-29,0.992621,0.999479,0.977908,0.992621,0.992621,5391060
1981-09-30,0.992621,0.992621,0.977908,0.985361,0.985361,2982238
1981-10-01,0.985361,1.00654,0.977908,1.00654,1.00654,4962125
1981-10-02,1.00654,1.01331,0.999479,0.999479,0.999479,10705360
1981-10-05,0.999479,0.999479,0.970848,0.977908,0.977908,5029851
1981-10-06,0.977908,0.985361,0.963983,0.970848,0.970848,3445040
1981-10-07,0.970848,1.00654,0.963983,1.00654,1.00654,4106508
1981-10-08,1.00654,1.04185,0.999479,1.04185,1.04185,5027593
1981-10-09,1.04185,1.04185,1.01331,1.02057,1.02057,7756987
1981-10-12,1.02057,1.02753,1.01331,1.02057,1.02057,2966436
1981-10-13,1.02057,1.02753,1.01331,1.01331,1.01331,1864750
1981-10-14,1.01331,1.01331,0.992621,0.992621,0.992621,2146942
1981-10-15,0.992621,1.02057,0.985361,1.02057,1.02057,4576081
1981-10-16,1.02057,1.02057,0.992621,1.01331,1.01331,3442781
1981-10-19,1.01331,1.04871,1.00654,1.04185,1.04185,3756582
1981-10-20,1.04185,1.08441,1.04185,1.07048,1.07048,5465555
1981-10-21,1.07048,1.07716,1.04185,1.04185,1.04185,4034266
1981-10-22,1.04185,1.09147,1.03458,1.09147,1.09147,5372998
1981-10-23,1.07048,1.07048,1.04871,1.05636,1.05636,4402247
1981-10-26,1.05636,1.06303,1.04871,1.05636,1.05636,2998040
1981-10-27,1.05636,1.07048,1.05636,1.06303,1.06303,4203582
1981-10-28,1.06303,1.07048,1.06303,1.07048,1.07048,1300356
1981-10-29,1.07048,1.07048,1.05636,1.07048,1.07048,3654993
1981-10-30,1.07048,1.08441,1.07048,1.08441,1.08441,2948377
1981-11-02,1.09147,1.10568,1.09147,1.10568,1.10568,5481362
1981-11-03,1.10568,1.11276,1.09853,1.10568,1.10568,3548891
1981-11-04,1.09853,1.09853,1.09147,1.09147,1.09147,2485574
1981-11-05,1.09147,1.10568,1.08441,1.08441,1.08441,5731948
1981-11-06,1.08441,1.08441,1.06303,1.06303,1.06303,2280135
1981-11-09,1.06303,1.06303,1.05636,1.05636,1.05636,4429341
1981-11-10,1.05636,1.06303,1.03458,1.04871,1.04871,10569913
1981-11-11,1.04871,1.05636,1.04185,1.04871,1.04871,2284655
1981-11-12,1.04871,1.07048,1.04871,1.04871,1.04871,6440828
1981-11-13,1.04871,1.06303,1.03458,1.04185,1.04185,1946016
1981-11-16,1.02753,1.02753,1.01331,1.02057,1.02057,2316263
1981-11-17,1.02753,1.06303,1.02753,1.05636,1.05636,1657054
1981-11-18,1.05636,1.07048,1.04871,1.05636,1.05636,5876436
1981-11-19,1.05636,1.05636,1.02753,1.03458,1.03458,2128881
1981-11-20,1.03458,1.05636,1.02753,1.04871,1.04871,2618773
1981-11-23,1.06303,1.08441,1.06303,1.07048,1.07048,4564791
1981-11-24,1.07048,1.09853,1.07048,1.09147,1.09147,3375055
1981-11-25,1.09853,1.11276,1.09853,1.09853,1.09853,4919230
1981-11-27,1.09853,1.09853,1.09147,1.09853,1.09853,1936987
1981-11-30,1.09853,1.14128,1.09853,1.13393,1.13393,4174233
1981-12-01,1.13393,1.13393,1.11276,1.11981,1.11981,4731851
1981-12-02,1.11981,1.11981,1.09147,1.09147,1.09147,1530629
1981-12-03,1.09147,1.09147,1.07716,1.08441,1.08441,2329805
1981-12-04,1.08441,1.09147,1.07716,1.09147,1.09147,3305071
1981-12-07,1.09147,1.09853,1.09147,1.09147,1.09147,3038678
1981-12-08,1.09147,1.09147,1.07048,1.08441,1.08441,2546529
1981-12-09,1.08441,1.09147,1.07048,1.07716,1.07716,4720562
1981-12-10,1.07716,1.07716,1.07048,1.07716,1.07716,4298396
1981-12-11,1.07716,1.08441,1.07048,1.08441,1.08441,2503635
1981-12-14,1.08441,1.08441,1.04185,1.04871,1.04871,4813121
1981-12-15,1.04871,1.06303,1.03458,1.05636,1.05636,1853458
1981-12-16,1.05636,1.06303,1.02057,1.04185,1.04185,848842
1981-12-17,1.04185,1.05636,1.04185,1.04871,1.04871,2070185
1981-12-18,1.04871,1.07048,1.04871,1.06303,1.06303,2395273
1981-12-21,1.06303,1.07716,1.06303,1.07048,1.07048,1774443
1981-12-22,1.07048,1.07716,1.06303,1.07048,1.07048,2347864
1981-12-23,1.07048,1.08441,1.06303,1.07716,1.07716,1880547
1981-12-24,1.07716,1.08441,1.07716,1.08441,1.08441,749511
1981-12-28,1.08441,1.09853,1.08441,1.08441,1.08441,1212313
1981-12-29,1.09147,1.09147,1.09147,1.09147,1.09147,2106305
1981-12-30,1.09147,1.09853,1.09147,1.09853,1.09853,1131040
1981-12-31,1.09853,1.11981,1.09853,1.11276,1.11276,2998040
1982-01-04,1.09853,1.11276,1.09147,1.09853,1.09853,5005020
1982-01-05,1.07048,1.09147,1.04871,1.06303,1.06303,4178751
1982-01-06,1.04871,1.06303,1.04185,1.04871,1.04871,3819798
1982-01-07,1.03458,1.04871,1.02057,1.04185,1.04185,4476746
1982-01-08,1.04185,1.04871,1.03458,1.03458,1.03458,4384188
1982-01-11,1.02753,1.04871,1.01331,1.01331,1.01331,2909994
1982-01-12,1.02057,1.02753,1.01331,1.02753,1.02753,3097379
1982-01-13,1.04185,1.04185,1.04185,1.04185,1.04185,2882908
1982-01-14,1.02753,1.03458,1.02057,1.03458,1.03458,3980084
1982-01-15,1.04185,1.04871,1.03458,1.04185,1.04185,4050068
1982-01-18,1.06303,1.08441,1.03458,1.08441,1.08441,7258065
1982-01-19,1.07716,1.09147,1.07048,1.07716,1.07716,4524155
1982-01-20,1.07716,1.08441,1.07048,1.07048,1.07048,2654893
1982-01-21,1.08441,1.09853,1.07048,1.08441,1.08441,8244621
1982-01-22,1.09853,1.10568,1.08441,1.09147,1.09147,3417949
1982-01-25,1.09147,1.10568,1.07048,1.10568,1.10568,5959966
1982-01-26,1.09853,1.10568,1.09147,1.09147,1.09147,3070284
1982-01-27,1.09147,1.09853,1.08441,1.09147,1.09147,4352583
1982-01-28,1.10568,1.11981,1.09147,1.11276,1.11276,4817636
1982-01-29,1.13393,1.14128,1.11981,1.13393,1.13393,6007374
1982-02-01,1.11276,1.12697,1.09853,1.10568,1.10568,5147242
1982-02-02,1.10568,1.11276,1.09853,1.11276,1.11276,6282799
1982-02-03,1.10568,1.11276,1.09853,1.09853,1.09853,4670897
1982-02-04,1.10568,1.10568,1.09853,1.10568,1.10568,1986655
1982-02-05,1.14128,1.16923,1.10568,1.16237,1.16237,8754824
1982-02-08,1.13393,1.14128,1.12697,1.13393,1.13393,5366228
1982-02-09,1.10568,1.12697,1.08441,1.09147,1.09147,5456531
1982-02-10,1.09853,1.10568,1.08441,1.09853,1.09853,3993632
1982-02-11,1.09147,1.09853,1.07716,1.09147,1.09147,6011891
1982-02-12,1.11981,1.15531,1.08441,1.13393,1.13393,6815582
1982-02-16,1.12697,1.14815,1.09853,1.14128,1.14128,5648424
1982-02-17,1.15531,1.16237,1.14128,1.14815,1.14815,5531026
1982-02-18,1.15531,1.16237,1.14815,1.16237,1.16237,4919230
1982-02-19,1.14815,1.16237,1.13393,1.14815,1.14815,4208094
1982-02-22,1.14815,1.16923,1.12697,1.12697,1.12697,7677970
1982-02-23,1.13393,1.14815,1.12697,1.12697,1.12697,4187781
1982-02-24,1.11981,1.13393,1.11276,1.13393,1.13393,3686596
1982-02-25,1.13393,1.14815,1.12697,1.12697,1.12697,3916868
1982-02-26,1.11276,1.11981,1.09853,1.11276,1.11276,2675211
1982-03-01,1.12697,1.13393,1.11276,1.12697,1.12697,3634676
1982-03-02,1.13393,1.14128,1.12697,1.12697,1.12697,3016105
1982-03-03,1.11276,1.11276,1.10568,1.11276,1.11276,5725177
1982-03-04,1.09147,1.11276,1.06303,1.07048,1.07048,9892641
1982-03-05,1.04871,1.07048,1.02057,1.02057,1.02057,11949279
1982-03-08,1.01331,1.05636,0.977908,0.977908,0.977908,10739225
1982-03-09,1.02057,1.05636,0.985361,1.04185,1.04185,10048412
1982-03-10,1.03458,1.04871,1.01331,1.01331,1.01331,5576180
1982-03-11,1.02753,1.04185,1.00654,1.01331,1.01331,8863192
1982-03-12,1.00654,1.01331,0.992621,1.01331,1.01331,3704659
1982-03-15,1.02057,1.04185,0.999479,1.04185,1.04185,2828722
1982-03-16,1.03458,1.04871,1.02057,1.02753,1.02753,4603167
1982-03-17,1.02753,1.04185,1.01331,1.03458,1.03458,4199067
1982-03-18,1.05636,1.06303,1.04185,1.06303,1.06303,4336777
1982-03-19,1.06303,1.07048,1.06303,1.07048,1.07048,2560079
1982-03-22,1.09853,1.11276,1.07716,1.10568,1.10568,4334517
1982-03-23,1.09853,1.11276,1.08441,1.09853,1.09853,3456328
1982-03-24,1.10568,1.11276,1.09147,1.10568,1.10568,3916868
1982-03-25,1.11276,1.11981,1.10568,1.11276,1.11276,2307229
1982-03-26,1.10568,1.11276,1.09147,1.10568,1.10568,2219186
1982-03-29,1.09147,1.09853,1.08441,1.09853,1.09853,1587064
1982-03-30,1.10568,1.11276,1.09147,1.11276,1.11276,3022878
1982-03-31,1.10568,1.11276,1.09853,1.11276,1.11276,2742938
1982-04-01,1.11981,1.12697,1.10568,1.12697,1.12697,4140369
1982-04-02,1.15531,1.16237,1.14128,1.15531,1.15531,7018762
1982-04-05,1.15531,1.16237,1.14815,1.15531,1.15531,4989219
1982-04-06,1.14815,1.15531,1.14128,1.14815,1.14815,2065667
1982-04-07,1.14815,1.15531,1.13393,1.14815,1.14815,4377418
1982-04-08,1.14815,1.15531,1.12697,1.14815,1.14815,6187978
1982-04-12,1.16237,1.18345,1.14128,1.18345,1.18345,5120152
1982-04-13,1.16923,1.18345,1.15531,1.16237,1.16237,5235290
1982-04-14,1.16237,1.16923,1.14815,1.14815,1.14815,4334517
1982-04-15,1.15531,1.16237,1.14815,1.14815,1.14815,2205638
1982-04-16,1.15531,1.16237,1.14128,1.15531,1.15531,2350122
1982-04-19,1.16237,1.16923,1.14815,1.15531,1.15531,2616515
1982-04-20,1.15531,1.16237,1.13393,1.14128,1.14128,4955353
1982-04-21,1.12697,1.14128,1.11276,1.11981,1.11981,4043295
1982-04-22,1.13393,1.15531,1.11981,1.14128,1.14128,4589622
1982-04-23,1.16923,1.19081,1.14815,1.19081,1.19081,7937588
1982-04-26,1.19081,1.20492,1.18345,1.20492,1.20492,4264537
1982-04-27,1.19081,1.21199,1.16923,1.17659,1.17659,7221943
1982-04-28,1.17659,1.18345,1.16923,1.17659,1.17659,3697888
1982-04-29,1.17659,1.19081,1.16237,1.17659,1.17659,3106408
1982-04-30,1.19757,1.21915,1.17659,1.20492,1.20492,7091004
1982-05-03,1.21915,1.23327,1.20492,1.23327,1.23327,3338936
1982-05-04,1.24023,1.25425,1.22631,1.24023,1.24023,6300859
1982-05-05,1.25425,1.26857,1.2473,1.25425,1.25425,5743241
1982-05-06,1.2619,1.26857,1.25425,1.25425,1.25425,6926201
1982-05-07,1.2473,1.26857,1.22631,1.23327,1.23327,4670897
1982-05-10,1.22631,1.23327,1.21199,1.21199,1.21199,5185620
1982-05-11,1.22631,1.22631,1.21915,1.22631,1.22631,4244215
1982-05-12,1.24023,1.2473,1.22631,1.22631,1.22631,6786235
1982-05-13,1.21915,1.23327,1.21199,1.21915,1.21915,1679625
1982-05-14,1.22631,1.23327,1.21915,1.22631,1.22631,2040835
1982-05-17,1.22631,1.23327,1.21915,1.22631,1.22631,1973112
1982-05-18,1.20492,1.22631,1.18345,1.19081,1.19081,7607987
1982-05-19,1.18345,1.19081,1.17659,1.18345,1.18345,2860331
1982-05-20,1.16923,1.18345,1.15531,1.15531,1.15531,3718209
1982-05-21,1.16923,1.18345,1.16237,1.18345,1.18345,3007072
1982-05-24,1.16923,1.18345,1.15531,1.16237,1.16237,2830985
1982-05-25,1.17659,1.19081,1.16237,1.16237,1.16237,4675408
1982-05-26,1.16923,1.17659,1.16237,1.17659,1.17659,4418050
1982-05-27,1.19081,1.19757,1.18345,1.19757,1.19757,2681984
1982-05-28,1.19081,1.20492,1.18345,1.19081,1.19081,2546529
1982-06-01,1.19757,1.21199,1.19081,1.21199,1.21199,2844532
1982-06-02,1.21915,1.22631,1.21199,1.22631,1.22631,2842271
1982-06-03,1.21915,1.23327,1.20492,1.21199,1.21199,5822251
1982-06-04,1.20492,1.21915,1.19081,1.19081,1.19081,1846687
1982-06-07,1.17659,1.18345,1.16237,1.16923,1.16923,4935033
1982-06-08,1.16923,1.18345,1.16237,1.17659,1.17659,3271207
1982-06-09,1.18345,1.19757,1.16923,1.18345,1.18345,3546635
1982-06-10,1.19081,1.20492,1.16923,1.19081,1.19081,4813121
1982-06-11,1.19081,1.19757,1.17659,1.18345,1.18345,12409825
1982-06-14,1.16237,1.16923,1.15531,1.16237,1.16237,3007072
1982-06-15,1.16237,1.16923,1.14815,1.16923,1.16923,3361508
1982-06-16,1.17659,1.18345,1.16923,1.16923,1.16923,3275724
1982-06-17,1.16923,1.17659,1.16237,1.17659,1.17659,1460642
1982-06-18,1.15531,1.16923,1.14128,1.14128,1.14128,4618971
1982-06-21,1.14815,1.15531,1.13393,1.14128,1.14128,3880753
1982-06-22,1.15531,1.16237,1.14128,1.16237,1.16237,3609841
1982-06-23,1.16923,1.19757,1.14128,1.19081,1.19081,5959966
1982-06-24,1.18345,1.19757,1.17659,1.18345,1.18345,6054783
1982-06-25,1.17659,1.17659,1.16923,1.16923,1.16923,2076958
1982-06-28,1.17659,1.19081,1.16923,1.18345,1.18345,3061252
1982-06-29,1.17659,1.18345,1.16923,1.16923,1.16923,3758841
1982-06-30,1.19081,1.19757,1.17659,1.19757,1.19757,7779560
1982-07-01,1.19081,1.21199,1.16923,1.17659,1.17659,4508352
1982-07-02,1.16923,1.17659,1.16237,1.16923,1.16923,2230471
1982-07-06,1.16923,1.17659,1.15531,1.17659,1.17659,3223800
1982-07-07,1.19081,1.20492,1.18345,1.19757,1.19757,5023081
1982-07-08,1.19081,1.20492,1.18345,1.19757,1.19757,3603068
1982-07-09,1.21915,1.23327,1.19757,1.21915,1.21915,5081774
1982-07-12,1.26857,1.2826,1.2473,1.2826,1.2826,5670998
1982-07-13,1.25425,1.26857,1.24023,1.26857,1.26857,5632618
1982-07-14,1.2619,1.2826,1.2473,1.2826,1.2826,5670998
1982-07-15,1.2826,1.29015,1.26857,1.26857,1.26857,4548990
1982-07-16,1.2826,1.30407,1.2619,1.29015,1.29015,7084231
1982-07-19,1.2826,1.29672,1.26857,1.27573,1.27573,2207895
1982-07-20,1.27573,1.29015,1.25425,1.27573,1.27573,4348066
1982-07-21,1.27573,1.29015,1.2619,1.2619,1.2619,4770229
1982-07-22,1.2619,1.26857,1.2473,1.2473,1.2473,2469774
1982-07-23,1.2473,1.2619,1.23327,1.24023,1.24023,3305071
1982-07-26,1.24023,1.2473,1.23327,1.23327,1.23327,2979979
1982-07-27,1.23327,1.24023,1.22631,1.22631,1.22631,4260022
1982-07-28,1.21199,1.23327,1.19081,1.19757,1.19757,3564694
1982-07-29,1.19757,1.21915,1.18345,1.21199,1.21199,3512767
1982-07-30,1.21199,1.21199,1.19757,1.19757,1.19757,3704659
1982-08-02,1.24023,1.26857,1.21199,1.26857,1.26857,4704761
1982-08-03,1.26857,1.2826,1.2473,1.25425,1.25425,6072843
1982-08-04,1.22631,1.2473,1.20492,1.21199,1.21199,7452216
1982-08-05,1.19757,1.21199,1.19081,1.19081,1.19081,3855920
1982-08-06,1.19757,1.21199,1.18345,1.18345,1.18345,3212512
1982-08-09,1.17659,1.18345,1.16923,1.17659,1.17659,3061252
1982-08-10,1.19757,1.20492,1.18345,1.19081,1.19081,4192295
1982-08-11,1.19081,1.19757,1.18345,1.18345,1.18345,3623388
1982-08-12,1.19081,1.20492,1.17659,1.17659,1.17659,5097575
1982-08-13,1.16237,1.16923,1.15531,1.16923,1.16923,6522099
1982-08-16,1.17659,1.18345,1.16923,1.16923,1.16923,6747857
1982-08-17,1.21915,1.25425,1.17659,1.25425,1.25425,6009630
1982-08-18,1.26857,1.31103,1.22631,1.23327,1.23327,15385291
1982-08-19,1.2619,1.2826,1.23327,1.26857,1.26857,6262481
1982-08-20,1.30407,1.32536,1.27573,1.31839,1.31839,8635175
1982-08-23,1.32536,1.33967,1.30407,1.33967,1.33967,10353181
1982-08-24,1.33241,1.34643,1.31839,1.32536,1.32536,10371243
1982-08-25,1.33967,1.36086,1.31839,1.3536,1.3536,5420408
1982-08-26,1.36771,1.3891,1.33967,1.37507,1.37507,12475287
1982-08-27,1.3536,1.36771,1.33241,1.33241,1.33241,4113278
1982-08-30,1.31103,1.32536,1.29015,1.32536,1.32536,9596901
1982-08-31,1.3536,1.37507,1.31839,1.37507,1.37507,12168262
1982-09-01,1.3536,1.37507,1.33241,1.33967,1.33967,7359656
1982-09-02,1.3536,1.36771,1.32536,1.36086,1.36086,6368583
1982-09-03,1.40331,1.41018,1.38203,1.41018,1.41018,12064412
1982-09-07,1.38203,1.40331,1.36771,1.38203,1.38203,4018455
1982-09-08,1.38203,1.40331,1.36771,1.36771,1.36771,4260022
1982-09-09,1.37507,1.38203,1.36086,1.36771,1.36771,3889780
1982-09-10,1.34643,1.36086,1.33241,1.34643,1.34643,6736570
1982-09-13,1.3536,1.37507,1.32536,1.37507,1.37507,3774643
1982-09-14,1.3891,1.40331,1.37507,1.39616,1.39616,7147442
1982-09-15,1.3891,1.40331,1.38203,1.40331,1.40331,4083932
1982-09-16,1.40331,1.41018,1.38203,1.3891,1.3891,6339238
1982-09-17,1.3891,1.3891,1.38203,1.38203,1.38203,3630162
1982-09-20,1.37507,1.3891,1.36086,1.3891,1.3891,3309588
1982-09-21,1.41018,1.41734,1.40331,1.41734,1.41734,5664223
1982-09-22,1.42498,1.44558,1.40331,1.41018,1.41018,8118201
1982-09-23,1.41018,1.41734,1.39616,1.41734,1.41734,5032104
1982-09-24,1.42498,1.43891,1.41018,1.43891,1.43891,6050271
1982-09-27,1.43891,1.44558,1.43156,1.43891,1.43891,3700148
1982-09-28,1.45303,1.45981,1.43891,1.43891,1.43891,5074999
1982-09-29,1.41734,1.43156,1.39616,1.41018,1.41018,5903528
1982-09-30,1.33967,1.3891,1.29672,1.31839,1.31839,27571611
1982-10-01,1.31103,1.34643,1.26857,1.33967,1.33967,52097775
1982-10-04,1.26857,1.2826,1.25425,1.2619,1.2619,58834334
1982-10-05,1.22631,1.2619,1.18345,1.19081,1.19081,47345604
1982-10-06,1.23327,1.27573,1.19081,1.27573,1.27573,73364015
1982-10-07,1.25425,1.29015,1.21199,1.23327,1.23327,13958511
1982-10-08,1.27573,1.30407,1.25425,1.30407,1.30407,31906132
1982-10-11,1.31839,1.33967,1.29672,1.32536,1.32536,33895047
1982-10-12,1.29672,1.33241,1.22631,1.26857,1.26857,27542266
1982-10-13,1.26857,1.32536,1.23327,1.2826,1.2826,34572311
1982-10-14,1.2826,1.30407,1.2619,1.27573,1.27573,18116938
1982-10-15,1.2619,1.27573,1.24023,1.2473,1.2473,10863391
1982-10-18,1.2826,1.32536,1.2619,1.32536,1.32536,14069130
1982-10-19,1.33241,1.33967,1.31839,1.32536,1.32536,18521043
1982-10-20,1.31839,1.32536,1.31103,1.31839,1.31839,12766511
1982-10-21,1.33967,1.36086,1.32536,1.3536,1.3536,20123912
1982-10-22,1.33967,1.3536,1.32536,1.33241,1.33241,9754931
1982-10-25,1.2826,1.31103,1.2619,1.2619,1.2619,11714494
1982-10-26,1.27573,1.30407,1.24023,1.29015,1.29015,12610742
1982-10-27,1.29672,1.31103,1.2826,1.29015,1.29015,11644507
1982-10-28,1.30407,1.32536,1.2826,1.29015,1.29015,10502184
1982-10-29,1.31839,1.33967,1.29015,1.33967,1.33967,9122813
1982-11-01,1.3536,1.36771,1.32536,1.36086,1.36086,8869960
1982-11-02,1.36771,1.3891,1.33967,1.3536,1.3536,12513668
1982-11-03,1.37507,1.3891,1.3536,1.38203,1.38203,17250041
1982-11-04,1.3891,1.40331,1.37507,1.3891,1.3891,17672200
1982-11-05,1.40331,1.42498,1.37507,1.40331,1.40331,10974012
1982-11-08,1.40331,1.42498,1.37507,1.41734,1.41734,5461045
1982-11-09,1.43156,1.45303,1.41018,1.42498,1.42498,14800577
1982-11-10,1.41734,1.43891,1.39616,1.39616,1.39616,11396176
1982-11-11,1.41734,1.43891,1.3891,1.43891,1.43891,11202025
1982-11-12,1.45303,1.46726,1.43891,1.43891,1.43891,16780460
1982-11-15,1.39616,1.42498,1.37507,1.37507,1.37507,7210653
1982-11-16,1.38203,1.41734,1.33967,1.38203,1.38203,13283500
1982-11-17,1.40331,1.41734,1.3891,1.41734,1.41734,6248932
1982-11-18,1.40331,1.41734,1.38203,1.40331,1.40331,5348164
1982-11-19,1.39616,1.41018,1.38203,1.3891,1.3891,5889984
1982-11-22,1.36771,1.38203,1.34643,1.36086,1.36086,9937787
1982-11-23,1.37507,1.38203,1.36086,1.36771,1.36771,6917170
1982-11-24,1.36771,1.38203,1.36086,1.36771,1.36771,5237547
1982-11-26,1.38203,1.3891,1.36771,1.38203,1.38203,4409020
1982-11-29,1.38203,1.3891,1.36771,1.37507,1.37507,5433949
1982-11-30,1.39616,1.42498,1.37507,1.42498,1.42498,10265134
1982-12-01,1.41734,1.43156,1.40331,1.41018,1.41018,14369384
1982-12-02,1.3891,1.41018,1.36771,1.36771,1.36771,8786434
1982-12-03,1.39616,1.41018,1.3891,1.3891,1.3891,8217528
1982-12-06,1.41734,1.43891,1.38203,1.43891,1.43891,9366631
1982-12-07,1.48853,1.5309,1.44558,1.4952,1.4952,19810112
1982-12-08,1.50256,1.52384,1.47431,1.48108,1.48108,10865651
1982-12-09,1.47431,1.50256,1.44558,1.47431,1.47431,9547233
1982-12-10,1.47431,1.4952,1.45303,1.46726,1.46726,7269350
1982-12-13,1.48853,1.50952,1.46726,1.50256,1.50256,7280637
1982-12-14,1.4952,1.5309,1.45981,1.46726,1.46726,10400594
1982-12-15,1.45303,1.47431,1.43156,1.45303,1.45303,7425121
1982-12-16,1.45303,1.46726,1.43891,1.45981,1.45981,3801735
1982-12-17,1.46726,1.48853,1.45303,1.48108,1.48108,3363767
1982-12-20,1.48853,1.50256,1.47431,1.48108,1.48108,3810767
1982-12-21,1.50256,1.52384,1.47431,1.51648,1.51648,4774746
1982-12-22,1.48853,1.51648,1.45981,1.48108,1.48108,8772889
1982-12-23,1.4952,1.51648,1.47431,1.50256,1.50256,4393218
1982-12-27,1.53825,1.57327,1.50952,1.5662,1.5662,8206241
1982-12-28,1.53825,1.5662,1.51648,1.5309,1.5309,7883407
1982-12-29,1.53825,1.54522,1.52384,1.53825,1.53825,4551249
1982-12-30,1.52384,1.53825,1.51648,1.51648,1.51648,3176393
1982-12-31,1.52384,1.5309,1.51648,1.52384,1.52384,2582653
1983-01-03,1.52384,1.53825,1.51648,1.51648,1.51648,6169918
1983-01-04,1.54522,1.57327,1.51648,1.5662,1.5662,12759745
1983-01-05,1.55925,1.57327,1.5309,1.55217,1.55217,7824711
1983-01-06,1.5309,1.55217,1.51648,1.51648,1.51648,10845331
1983-01-07,1.5309,1.53825,1.51648,1.52384,1.52384,10910797
1983-01-10,1.51648,1.5309,1.4952,1.50256,1.50256,8393619
1983-01-11,1.48853,1.50952,1.46726,1.48108,1.48108,8271710
1983-01-12,1.50256,1.51648,1.47431,1.50952,1.50952,12432398
1983-01-13,1.50256,1.50952,1.48853,1.4952,1.4952,3686596
1983-01-14,1.50952,1.51648,1.4952,1.50952,1.50952,6393417
1983-01-17,1.5309,1.53825,1.51648,1.52384,1.52384,7574123
1983-01-18,1.51648,1.52384,1.50256,1.50952,1.50952,3657250
1983-01-19,1.4952,1.50952,1.48108,1.50256,1.50256,4298396
1983-01-20,1.50256,1.51648,1.48853,1.50256,1.50256,3887526
1983-01-21,1.47431,1.50952,1.43156,1.45303,1.45303,5673256
1983-01-24,1.43156,1.44558,1.41018,1.43156,1.43156,5330103
1983-01-25,1.46726,1.48853,1.43891,1.48108,1.48108,5395572
1983-01-26,1.45981,1.48108,1.43891,1.45981,1.45981,3298301
1983-01-27,1.48853,1.51648,1.45981,1.50256,1.50256,4449655
1983-01-28,1.48853,1.50952,1.47431,1.48108,1.48108,3919132
1983-01-31,1.47431,1.48853,1.46726,1.48108,1.48108,2697789
1983-02-01,1.48108,1.50256,1.46726,1.46726,1.46726,3894297
1983-02-02,1.43891,1.45303,1.43156,1.43156,1.43156,7569611
1983-02-03,1.43156,1.44558,1.41018,1.41018,1.41018,6781717
1983-02-04,1.42498,1.43156,1.41018,1.41018,1.41018,11581295
1983-02-07,1.43156,1.45303,1.41734,1.43156,1.43156,7641852
1983-02-08,1.42498,1.43891,1.41018,1.42498,1.42498,7242263
1983-02-09,1.41018,1.42498,1.39616,1.41018,1.41018,7192590
1983-02-10,1.41734,1.42498,1.41018,1.41734,1.41734,6316658
1983-02-11,1.41018,1.43156,1.38203,1.39616,1.39616,7883407
1983-02-14,1.41018,1.41734,1.39616,1.41018,1.41018,7305474
1983-02-15,1.42498,1.43156,1.41734,1.42498,1.42498,9179251
1983-02-16,1.41734,1.43156,1.40331,1.41734,1.41734,7655396
1983-02-17,1.41734,1.42498,1.41018,1.42498,1.42498,4736366
1983-02-18,1.43156,1.43891,1.41734,1.42498,1.42498,7942107
1983-02-22,1.42498,1.44558,1.39616,1.41018,1.41018,9949080
1983-02-23,1.41018,1.41734,1.3891,1.41018,1.41018,10341898
1983-02-24,1.42498,1.43891,1.41018,1.43891,1.43891,8964782
1983-02-25,1.45981,1.47431,1.43891,1.45981,1.45981,12877143
1983-02-28,1.45981,1.47431,1.45303,1.45981,1.45981,10373501
1983-03-01,1.4952,1.52384,1.46726,1.50952,1.50952,13285754
1983-03-02,1.53825,1.54522,1.5309,1.54522,1.54522,13556664
1983-03-03,1.54522,1.55925,1.5309,1.55217,1.55217,7328043
1983-03-04,1.46726,1.55217,1.3891,1.48108,1.48108,18006322
1983-03-07,1.41018,1.42498,1.3891,1.42498,1.42498,45094811
1983-03-08,1.41018,1.42498,1.39616,1.41734,1.41734,17329053
1983-03-09,1.42498,1.44558,1.41018,1.43891,1.43891,17733154
1983-03-10,1.43891,1.45981,1.41734,1.41734,1.41734,21069830
1983-03-11,1.41018,1.41734,1.39616,1.41734,1.41734,16112225
1983-03-14,1.41734,1.42498,1.41018,1.41734,1.41734,8655497
1983-03-15,1.41018,1.43156,1.3891,1.39616,1.39616,10344153
1983-03-16,1.39616,1.41018,1.38203,1.38203,1.38203,12892940
1983-03-17,1.3891,1.41018,1.37507,1.39616,1.39616,7416086
1983-03-18,1.41018,1.41734,1.40331,1.41018,1.41018,8842873
1983-03-21,1.41018,1.41734,1.39616,1.40331,1.40331,5761299
1983-03-22,1.41734,1.43156,1.41734,1.43156,1.43156,8761600
1983-03-23,1.43891,1.45981,1.43891,1.45303,1.45303,10242563
1983-03-24,1.45303,1.45303,1.42498,1.43891,1.43891,5280437
1983-03-25,1.43891,1.45303,1.43891,1.45303,1.45303,8366531
1983-03-28,1.45303,1.47431,1.44558,1.47431,1.47431,4874082
1983-03-29,1.47431,1.48108,1.45981,1.46726,1.46726,5411378
1983-03-30,1.48108,1.4952,1.47431,1.47431,1.47431,4975670
1983-03-31,1.48108,1.48108,1.45981,1.45981,1.45981,3654993
1983-04-04,1.43156,1.43891,1.42498,1.43891,1.43891,7235491
1983-04-05,1.43891,1.44558,1.43156,1.43156,1.43156,5424923
1983-04-06,1.43156,1.43156,1.41018,1.41018,1.41018,7598957
1983-04-07,1.41734,1.42498,1.3891,1.40331,1.40331,12782319
1983-04-08,1.40331,1.41018,1.3891,1.41018,1.41018,5560375
1983-04-11,1.41018,1.41734,1.3891,1.40331,1.40331,5984800
1983-04-12,1.39616,1.40331,1.38203,1.3891,1.3891,10046154
1983-04-13,1.39616,1.39616,1.3891,1.39616,1.39616,11443585
1983-04-14,1.41018,1.41018,1.39616,1.40331,1.40331,7048115
1983-04-15,1.39616,1.41734,1.39616,1.41734,1.41734,8305571
1983-04-18,1.41734,1.47431,1.41018,1.47431,1.47431,14958610
1983-04-19,1.47431,1.50256,1.46726,1.46726,1.46726,13301560
1983-04-20,1.46726,1.50256,1.46726,1.4952,1.4952,7580898
1983-04-21,1.50256,1.50256,1.47431,1.4952,1.4952,9653336
1983-04-22,1.50952,1.50952,1.4952,1.50256,1.50256,11624188
1983-04-25,1.50256,1.51648,1.48108,1.48853,1.48853,10441224
1983-04-26,1.48108,1.48853,1.46726,1.48108,1.48108,5908045
1983-04-27,1.4952,1.50256,1.48108,1.50256,1.50256,8319117
1983-04-28,1.53825,1.55925,1.50952,1.55217,1.55217,17405812
1983-04-29,1.55217,1.55925,1.53825,1.54522,1.54522,20859882
1983-05-02,1.52384,1.55217,1.50256,1.52384,1.52384,13549892
1983-05-03,1.53825,1.58757,1.53825,1.5662,1.5662,14956351
1983-05-04,1.55217,1.5662,1.5309,1.55217,1.55217,11953793
1983-05-05,1.55217,1.5662,1.54522,1.55217,1.55217,5569407
1983-05-06,1.55925,1.57327,1.55217,1.55217,1.55217,7393515
1983-05-09,1.54522,1.55217,1.51648,1.5309,1.5309,5944167
1983-05-10,1.53825,1.55925,1.53825,1.55925,1.55925,7759246
1983-05-11,1.55925,1.55925,1.5309,1.54522,1.54522,5406863
1983-05-12,1.54522,1.54522,1.50256,1.50952,1.50952,6838160
1983-05-13,1.52384,1.53825,1.50952,1.50952,1.50952,4659605
1983-05-16,1.50256,1.51648,1.4952,1.50952,1.50952,3521801
1983-05-17,1.5309,1.53825,1.51648,1.52384,1.52384,3855920
1983-05-18,1.54522,1.54522,1.50952,1.50952,1.50952,5835798
1983-05-19,1.50952,1.51648,1.47431,1.47431,1.47431,4896654
1983-05-20,1.46726,1.47431,1.45981,1.46726,1.46726,11382632
1983-05-23,1.45981,1.48853,1.45303,1.48108,1.48108,9671399
1983-05-24,1.48853,1.52384,1.48853,1.50256,1.50256,8520045
1983-05-25,1.50256,1.50952,1.48853,1.4952,1.4952,16534390
1983-05-26,1.4952,1.50256,1.48853,1.50256,1.50256,11427783
1983-05-27,1.4952,1.50256,1.45981,1.45981,1.45981,12346608
1983-05-31,1.44558,1.45303,1.41734,1.42498,1.42498,6795263
1983-06-01,1.42498,1.44558,1.42498,1.43156,1.43156,7393515
1983-06-02,1.45981,1.45981,1.45303,1.45981,1.45981,8553904
1983-06-03,1.45981,1.47431,1.44558,1.46726,1.46726,6971354
1983-06-06,1.46726,1.46726,1.45981,1.45981,1.45981,4795063
1983-06-07,1.46726,1.46726,1.43891,1.45303,1.45303,3946217
1983-06-08,1.45303,1.45303,1.41734,1.42498,1.42498,11328452
1983-06-09,1.41734,1.43891,1.41734,1.42498,1.42498,11599359
1983-06-10,1.43156,1.43156,1.41734,1.42498,1.42498,8481664
1983-06-13,1.42498,1.42498,1.41018,1.41734,1.41734,10055183
1983-06-14,1.41734,1.42498,1.41018,1.42498,1.42498,8883507
1983-06-15,1.43156,1.43156,1.41734,1.43156,1.43156,8718709
1983-06-16,1.42498,1.48108,1.41734,1.47431,1.47431,50368481
1983-06-17,1.48853,1.4952,1.45981,1.47431,1.47431,18478150
1983-06-20,1.47431,1.4952,1.45981,1.45981,1.45981,11574521
1983-06-21,1.46726,1.4952,1.45981,1.4952,1.4952,10296746
1983-06-22,1.4952,1.51648,1.46726,1.47431,1.47431,11565490
1983-06-23,1.47431,1.47431,1.45981,1.47431,1.47431,10538303
1983-06-24,1.47431,1.5309,1.47431,1.50952,1.50952,20123912
1983-06-27,1.51648,1.5309,1.50256,1.51648,1.51648,6711736
1983-06-28,1.51648,1.53825,1.48853,1.48853,1.48853,6495010
1983-06-29,1.4952,1.51648,1.48853,1.50256,1.50256,4372898
1983-06-30,1.51648,1.5309,1.50952,1.5309,1.5309,6228617
1983-07-01,1.53825,1.53825,1.51648,1.5309,1.5309,6851703
1983-07-05,1.48853,1.50256,1.47431,1.48853,1.48853,4862787
1983-07-06,1.48108,1.50952,1.47431,1.50256,1.50256,4140369
1983-07-07,1.50256,1.5309,1.48853,1.51648,1.51648,7210653
1983-07-08,1.52384,1.53825,1.51648,1.5309,1.5309,7176791
1983-07-11,1.53825,1.54522,1.52384,1.5309,1.5309,6264731
1983-07-12,1.51648,1.5309,1.4952,1.4952,1.4952,6242162
1983-07-13,1.48108,1.48853,1.46726,1.47431,1.47431,7653139
1983-07-14,1.47431,1.47431,1.45303,1.45981,1.45981,9459190
1983-07-15,1.43156,1.44558,1.42498,1.43891,1.43891,8452313
1983-07-18,1.43891,1.44558,1.42498,1.42498,1.42498,5391060
1983-07-19,1.41734,1.44558,1.41734,1.42498,1.42498,11969596
1983-07-20,1.45981,1.47431,1.44558,1.47431,1.47431,8529071
1983-07-21,1.48108,1.48108,1.45303,1.46726,1.46726,10908541
1983-07-22,1.45981,1.47431,1.44558,1.45981,1.45981,5666486
1983-07-25,1.45303,1.45303,1.42498,1.42498,1.42498,6720762
1983-07-26,1.41734,1.42498,1.41734,1.42498,1.42498,8860930
1983-07-27,1.42498,1.44558,1.39616,1.41018,1.41018,13100635
1983-07-28,1.40331,1.41018,1.38203,1.3891,1.3891,12892940
1983-07-29,1.39616,1.39616,1.32536,1.36771,1.36771,10197412
1983-08-01,1.36086,1.36086,1.34643,1.3536,1.3536,8255906
1983-08-02,1.36771,1.36771,1.33967,1.34643,1.34643,7454472
1983-08-03,1.34643,1.34643,1.32536,1.33967,1.33967,11439069
1983-08-04,1.33967,1.33967,1.27573,1.32536,1.32536,12872621
1983-08-05,1.32536,1.32536,1.30407,1.32536,1.32536,6038977
1983-08-08,1.32536,1.32536,1.2826,1.29672,1.29672,15586212
1983-08-09,1.29672,1.30407,1.26857,1.30407,1.30407,12283398
1983-08-10,1.30407,1.33241,1.29672,1.33241,1.33241,11025936
1983-08-11,1.33241,1.34643,1.32536,1.34643,1.34643,6982640
1983-08-12,1.3536,1.36086,1.34643,1.36086,1.36086,3587267
1983-08-15,1.3891,1.39616,1.37507,1.37507,1.37507,8170119
1983-08-16,1.36771,1.36771,1.33967,1.34643,1.34643,9779759
1983-08-17,1.3536,1.3536,1.31839,1.33967,1.33967,5630363
1983-08-18,1.34643,1.3536,1.33967,1.34643,1.34643,5393315
1983-08-19,1.31839,1.31839,1.29672,1.31103,1.31103,15015048
1983-08-22,1.31839,1.38203,1.30407,1.32536,1.32536,8964782
1983-08-23,1.32536,1.32536,1.29672,1.30407,1.30407,6982640
1983-08-24,1.29672,1.30407,1.26857,1.2826,1.2826,15267899
1983-08-25,1.27573,1.29015,1.25425,1.27573,1.27573,10687301
1983-08-26,1.27573,1.29015,1.26857,1.27573,1.27573,6820098
1983-08-29,1.27573,1.29015,1.26857,1.2826,1.2826,5578433
1983-08-30,1.29015,1.29672,1.25425,1.27573,1.27573,6741079
1983-08-31,1.27573,1.30407,1.26857,1.2826,1.2826,8048211
1983-09-01,1.29015,1.29672,1.2619,1.29015,1.29015,6876538
1983-09-02,1.29015,1.30407,1.29015,1.29015,1.29015,5020819
1983-09-06,1.31103,1.32536,1.29015,1.31839,1.31839,12231476
1983-09-07,1.31839,1.33967,1.31839,1.33241,1.33241,14333264
1983-09-08,1.33241,1.33241,1.31103,1.31839,1.31839,9222143
1983-09-09,1.32536,1.32536,1.31103,1.31839,1.31839,6824612
1983-09-12,1.34643,1.34643,1.31839,1.31839,1.31839,7626049
1983-09-13,1.31839,1.32536,1.30407,1.31839,1.31839,3420213
1983-09-14,1.32536,1.33241,1.31103,1.33241,1.33241,4605429
1983-09-15,1.32536,1.33967,1.31839,1.32536,1.32536,3855920
1983-09-16,1.31103,1.36086,1.31103,1.34643,1.34643,7458986
1983-09-19,1.3536,1.38203,1.34643,1.37507,1.37507,12574622
1983-09-20,1.38203,1.39616,1.37507,1.39616,1.39616,17541261
1983-09-21,1.40331,1.41018,1.36771,1.37507,1.37507,12427878
1983-09-22,1.37507,1.40331,1.37507,1.40331,1.40331,8529071
1983-09-23,1.41018,1.41018,1.38203,1.39616,1.39616,5052426
1983-09-26,1.41018,1.41734,1.3891,1.40331,1.40331,8438771
1983-09-27,1.40331,1.41734,1.40331,1.41734,1.41734,5973510
1983-09-28,1.41734,1.43156,1.40331,1.40331,1.40331,5429434
1983-09-29,1.41018,1.41734,1.40331,1.40331,1.40331,5528772
1983-09-30,1.40331,1.42498,1.40331,1.41018,1.41018,5458784
1983-10-03,1.39616,1.41734,1.39616,1.40331,1.40331,9043796
1983-10-04,1.41018,1.44558,1.41018,1.44558,1.44558,14949583
1983-10-05,1.45303,1.48853,1.44558,1.46726,1.46726,11416493
1983-10-06,1.48108,1.4952,1.47431,1.4952,1.4952,13935935
1983-10-07,1.4952,1.4952,1.47431,1.47431,1.47431,9833940
1983-10-10,1.47431,1.48108,1.45981,1.48108,1.48108,3388603
1983-10-11,1.45981,1.48108,1.45981,1.47431,1.47431,8152059
1983-10-12,1.46726,1.48108,1.45981,1.45981,1.45981,8463603
1983-10-13,1.45981,1.45981,1.41734,1.43156,1.43156,8617119
1983-10-14,1.43156,1.43891,1.41734,1.43891,1.43891,4447399
1983-10-17,1.44558,1.45981,1.43156,1.45303,1.45303,3616614
1983-10-18,1.45303,1.45303,1.41734,1.42498,1.42498,3582752
1983-10-19,1.41018,1.42498,1.40331,1.41734,1.41734,6219587
1983-10-20,1.42498,1.43891,1.42498,1.43891,1.43891,3512767
1983-10-21,1.43891,1.43891,1.41734,1.43891,1.43891,4135856
1983-10-24,1.43156,1.43891,1.41734,1.41734,1.41734,4447399
1983-10-25,1.42498,1.42498,1.41018,1.41734,1.41734,3772386
1983-10-26,1.41734,1.41734,1.37507,1.37507,1.37507,12443684
1983-10-27,1.37507,1.41018,1.37507,1.39616,1.39616,7282893
1983-10-28,1.40331,1.40331,1.37507,1.38203,1.38203,2824211
1983-10-31,1.3891,1.3891,1.34643,1.36771,1.36771,8520045
1983-11-01,1.36771,1.37507,1.33967,1.37507,1.37507,5361709
1983-11-02,1.36086,1.38203,1.3536,1.36771,1.36771,5921587
1983-11-03,1.37507,1.39616,1.34643,1.38203,1.38203,6693675
1983-11-04,1.38203,1.39616,1.38203,1.3891,1.3891,5876436
1983-11-07,1.39616,1.39616,1.38203,1.39616,1.39616,4212615
1983-11-08,1.3891,1.39616,1.38203,1.39616,1.39616,8014349
1983-11-09,1.38203,1.3891,1.36086,1.37507,1.37507,4269052
1983-11-10,1.37507,1.37507,1.36771,1.37507,1.37507,3248630
1983-11-11,1.38203,1.38203,1.36086,1.38203,1.38203,15240805
1983-11-14,1.38203,1.39616,1.37507,1.39616,1.39616,4770229
1983-11-15,1.3891,1.39616,1.38203,1.3891,1.3891,2873880
1983-11-16,1.39616,1.39616,1.36771,1.38203,1.38203,5564894
1983-11-17,1.37507,1.37507,1.36086,1.36771,1.36771,3104151
1983-11-18,1.3536,1.36771,1.31839,1.32536,1.32536,6111217
1983-11-21,1.32536,1.34643,1.30407,1.32536,1.32536,11290068
1983-11-22,1.32536,1.33967,1.31103,1.31839,1.31839,11653536
1983-11-23,1.31103,1.32536,1.31103,1.32536,1.32536,9219884
1983-11-25,1.33241,1.33967,1.31839,1.33241,1.33241,4366127
1983-11-28,1.32536,1.32536,1.30407,1.31839,1.31839,6510811
1983-11-29,1.30407,1.31839,1.30407,1.31839,1.31839,6201525
1983-11-30,1.32536,1.33967,1.31839,1.33241,1.33241,5670998
1983-12-01,1.33241,1.33241,1.2826,1.29015,1.29015,10818240
1983-12-02,1.2826,1.31839,1.2619,1.31839,1.31839,14633522
1983-12-05,1.30407,1.31839,1.29672,1.31103,1.31103,8576482
1983-12-06,1.31103,1.33241,1.30407,1.30407,1.30407,9998742
1983-12-07,1.29672,1.31103,1.29015,1.29672,1.29672,12897456
1983-12-08,1.29672,1.29672,1.25425,1.2619,1.2619,19044797
1983-12-09,1.2619,1.26857,1.2473,1.2619,1.2619,12360157
1983-12-12,1.2473,1.26857,1.2473,1.2619,1.2619,7425121
1983-12-13,1.25425,1.2619,1.2473,1.2473,1.2473,7899213
1983-12-14,1.24023,1.2473,1.23327,1.24023,1.24023,10330609
1983-12-15,1.23327,1.25425,1.22631,1.23327,1.23327,11768678
1983-12-16,1.23327,1.2473,1.23327,1.24023,1.24023,11728038
1983-12-19,1.25425,1.27573,1.25425,1.26857,1.26857,11854463
1983-12-20,1.27573,1.29672,1.26857,1.29015,1.29015,9249232
1983-12-21,1.29015,1.29672,1.2826,1.29015,1.29015,8781920
1983-12-22,1.29015,1.29672,1.26857,1.2826,1.2826,5680024
1983-12-23,1.27573,1.2826,1.2619,1.26857,1.26857,5400090
1983-12-27,1.27573,1.29015,1.27573,1.2826,1.2826,4278083
1983-12-28,1.26857,1.27573,1.25425,1.2619,1.2619,8285254
1983-12-29,1.2619,1.2826,1.2619,1.2826,1.2826,6917170
1983-12-30,1.2826,1.29672,1.27573,1.2826,1.2826,6849443
1984-01-03,1.26857,1.29015,1.2619,1.2826,1.2826,6890081
1984-01-04,1.2826,1.32536,1.27573,1.31839,1.31839,11317162
1984-01-05,1.32536,1.34643,1.31839,1.33241,1.33241,12999047
1984-01-06,1.32536,1.33241,1.31103,1.31839,1.31839,10380274
1984-01-09,1.31103,1.31839,1.29672,1.30407,1.30407,3650480
1984-01-10,1.29672,1.31103,1.26857,1.26857,1.26857,14105247
1984-01-11,1.2619,1.27573,1.25425,1.26857,1.26857,21200773
1984-01-12,1.27573,1.27573,1.2619,1.2619,1.2619,10994330
1984-01-13,1.26857,1.26857,1.2473,1.2619,1.2619,9499820
1984-01-16,1.25425,1.2619,1.2473,1.2473,1.2473,7826972
1984-01-17,1.2473,1.29015,1.2473,1.2826,1.2826,9256007
1984-01-18,1.2826,1.29015,1.26857,1.2826,1.2826,10673759
1984-01-19,1.2826,1.29672,1.26857,1.2826,1.2826,7770530
1984-01-20,1.27573,1.29672,1.26857,1.29672,1.29672,13926908
1984-01-23,1.29672,1.29672,1.26857,1.27573,1.27573,7714090
1984-01-24,1.2619,1.26857,1.2473,1.25425,1.25425,12491093
1984-01-25,1.2619,1.2619,1.23327,1.24023,1.24023,12601714
1984-01-26,1.2473,1.2473,1.22631,1.22631,1.22631,8558418
1984-01-27,1.22631,1.22631,1.18345,1.20492,1.20492,20564136
1984-01-30,1.20492,1.20492,1.16923,1.19081,1.19081,12141174
1984-01-31,1.18345,1.21199,1.18345,1.20492,1.20492,12129885
1984-02-01,1.20492,1.21199,1.20492,1.21199,1.21199,10260623
1984-02-02,1.21199,1.24023,1.21199,1.23327,1.23327,9109264
1984-02-03,1.24023,1.25425,1.22631,1.23327,1.23327,15387544
1984-02-06,1.21199,1.23327,1.20492,1.22631,1.22631,8874479
1984-02-07,1.20492,1.21915,1.19081,1.20492,1.20492,13825311
1984-02-08,1.21199,1.21199,1.18345,1.18345,1.18345,8328145
1984-02-09,1.18345,1.20492,1.16923,1.17659,1.17659,18762604
1984-02-10,1.18345,1.18345,1.16237,1.16923,1.16923,11016906
1984-02-13,1.16923,1.16923,1.14815,1.15531,1.15531,4623492
1984-02-14,1.16923,1.18345,1.15531,1.16923,1.16923,8319117
1984-02-15,1.16923,1.18345,1.14815,1.16237,1.16237,7377716
1984-02-16,1.14815,1.15531,1.13393,1.14128,1.14128,12445943
1984-02-17,1.13393,1.14128,1.09853,1.11276,1.11276,9809113
1984-02-21,1.10568,1.11276,1.07716,1.08441,1.08441,11019159
1984-02-22,1.08441,1.11276,1.08441,1.10568,1.10568,12184065
1984-02-23,1.10568,1.11276,1.09147,1.11276,1.11276,8962523
1984-02-24,1.14128,1.14815,1.12697,1.14815,1.14815,10355441
1984-02-27,1.14815,1.15531,1.14128,1.15531,1.15531,7282893
1984-02-28,1.13393,1.14128,1.11276,1.11276,1.11276,8102391
1984-02-29,1.11981,1.14815,1.11276,1.13393,1.13393,6377616
1984-03-01,1.13393,1.14128,1.11981,1.13393,1.13393,4616720
1984-03-02,1.13393,1.14815,1.09853,1.09853,1.09853,7515427
1984-03-05,1.10568,1.11981,1.09853,1.11276,1.11276,5140470
1984-03-06,1.11276,1.13393,1.11276,1.12697,1.12697,5535542
1984-03-07,1.11276,1.11981,1.10568,1.11981,1.11981,4052326
1984-03-08,1.10568,1.11981,1.10568,1.11276,1.11276,4756680
1984-03-09,1.10568,1.10568,1.08441,1.09147,1.09147,5253347
1984-03-12,1.09147,1.10568,1.09147,1.09853,1.09853,7021021
1984-03-13,1.10568,1.10568,1.08441,1.08441,1.08441,10057438
1984-03-14,1.08441,1.09853,1.08441,1.08441,1.08441,8759338
1984-03-15,1.09853,1.11276,1.09147,1.10568,1.10568,8483923
1984-03-16,1.12697,1.12697,1.10568,1.10568,1.10568,9016702
1984-03-19,1.09853,1.09853,1.08441,1.09853,1.09853,4235185
1984-03-20,1.08441,1.10568,1.08441,1.09853,1.09853,10628603
1984-03-21,1.09147,1.10568,1.08441,1.08441,1.08441,9452415
1984-03-22,1.07716,1.08441,1.06303,1.07048,1.07048,10226760
1984-03-23,1.06303,1.07048,1.05636,1.06303,1.06303,5691315
1984-03-26,1.07048,1.07716,1.06303,1.06303,1.06303,5804192
1984-03-27,1.06303,1.09853,1.06303,1.09147,1.09147,7892437
1984-03-28,1.09147,1.10568,1.09147,1.10568,1.10568,13825311
1984-03-29,1.11276,1.11276,1.09853,1.09853,1.09853,7163245
1984-03-30,1.09147,1.10568,1.08441,1.10568,1.10568,4752171
1984-04-02,1.11276,1.12697,1.10568,1.11276,1.11276,7826972
1984-04-03,1.12697,1.13393,1.11276,1.13393,1.13393,6881050
1984-04-04,1.13393,1.13393,1.12697,1.12697,1.12697,7081973
1984-04-05,1.11981,1.14128,1.11276,1.11981,1.11981,9885873
1984-04-06,1.11981,1.13393,1.11981,1.12697,1.12697,4429341
1984-04-09,1.12697,1.12697,1.10568,1.11981,1.11981,4713789
1984-04-10,1.11981,1.14815,1.11981,1.14128,1.14128,7626049
1984-04-11,1.14815,1.14815,1.13393,1.13393,1.13393,3379568
1984-04-12,1.14128,1.16923,1.12697,1.16237,1.16237,4630263
1984-04-13,1.16923,1.19081,1.16923,1.17659,1.17659,8962523
1984-04-16,1.17659,1.21915,1.16923,1.20492,1.20492,11100438
1984-04-17,1.21199,1.21915,1.20492,1.21199,1.21199,9967140
1984-04-18,1.21199,1.21199,1.18345,1.18345,1.18345,4614462
1984-04-19,1.17659,1.17659,1.16237,1.17659,1.17659,6797518
1984-04-23,1.16237,1.16237,1.13393,1.13393,1.13393,7526714
1984-04-24,1.13393,1.14815,1.12697,1.14128,1.14128,4377418
1984-04-25,1.14128,1.16237,1.13393,1.15531,1.15531,5068229
1984-04-26,1.16237,1.19757,1.15531,1.17659,1.17659,10190639
1984-04-27,1.18345,1.18345,1.16237,1.16923,1.16923,5639392
1984-04-30,1.16923,1.18345,1.16923,1.18345,1.18345,5499426
1984-05-01,1.18345,1.20492,1.16923,1.17659,1.17659,11847692
1984-05-02,1.17659,1.18345,1.16237,1.17659,1.17659,17760246
1984-05-03,1.18345,1.19757,1.18345,1.19081,1.19081,7174532
1984-05-04,1.18345,1.18345,1.16237,1.16237,1.16237,7793105
1984-05-07,1.16923,1.18345,1.16237,1.16237,1.16237,6269250
1984-05-08,1.16237,1.18345,1.16237,1.17659,1.17659,9931016
1984-05-09,1.18345,1.19757,1.16923,1.17659,1.17659,10016805
1984-05-10,1.16923,1.18345,1.16237,1.16237,1.16237,12719107
1984-05-11,1.14815,1.14815,1.12697,1.13393,1.13393,9323736
1984-05-14,1.12697,1.12697,1.11276,1.12697,1.12697,7984995
1984-05-15,1.11981,1.14128,1.11981,1.13393,1.13393,10630862
1984-05-16,1.12697,1.13393,1.11981,1.11981,1.11981,8176887
1984-05-17,1.11276,1.11981,1.08441,1.09853,1.09853,8380074
1984-05-18,1.09147,1.09853,1.07716,1.08441,1.08441,13062260
1984-05-21,1.09853,1.11276,1.06303,1.07048,1.07048,8054984
1984-05-22,1.06303,1.06303,1.02753,1.03458,1.03458,13470876
1984-05-23,1.04871,1.05636,1.04185,1.04185,1.04185,5982539
1984-05-24,1.04871,1.04871,1.00654,1.02753,1.02753,13357999
1984-05-25,1.03458,1.04871,1.02753,1.03458,1.03458,5115642
1984-05-29,1.02057,1.02753,0.985361,0.985361,0.985361,10922089
1984-05-30,0.985361,1.00654,0.963983,1.00654,1.00654,13947222
1984-05-31,0.992621,0.999479,0.977908,0.977908,0.977908,5955451
1984-06-01,0.977908,0.999479,0.977908,0.992621,0.992621,11576778
1984-06-04,0.992621,0.999479,0.985361,0.992621,0.992621,11104949
1984-06-05,0.985361,1.03458,0.985361,1.02753,1.02753,8312345
1984-06-06,1.02753,1.04185,1.02753,1.04185,1.04185,11533887
1984-06-07,1.03458,1.03458,1.02753,1.02753,1.02753,5686800
1984-06-08,1.02057,1.04871,1.02057,1.04871,1.04871,9093460
1984-06-11,1.04871,1.04871,1.02753,1.02753,1.02753,6928460
1984-06-12,1.02753,1.03458,1.02057,1.02753,1.02753,9888122
1984-06-13,1.02753,1.03458,1.00654,1.00654,1.00654,23232579
1984-06-14,1.00654,1.02753,0.992621,1.01331,1.01331,7684746
1984-06-15,1.01331,1.02753,0.999479,1.01331,1.01331,6027693
1984-06-18,1.01331,1.04185,1.01331,1.03458,1.03458,9849741
1984-06-19,1.03458,1.03458,1.02753,1.03458,1.03458,10414141
1984-06-20,1.02057,1.05636,1.01331,1.05636,1.05636,10301255
1984-06-21,1.05636,1.05636,1.03458,1.04185,1.04185,9845229
1984-06-22,1.03458,1.04871,1.00654,1.00654,1.00654,17455478
1984-06-25,0.992621,0.992621,0.942605,0.942605,0.942605,25126673
1984-06-26,0.942605,0.963983,0.935544,0.956824,0.956824,23252892
1984-06-27,0.956824,0.963983,0.956824,0.956824,0.956824,9700744
1984-06-28,0.956824,0.963983,0.949959,0.956824,0.956824,10669241
1984-06-29,0.956824,0.963983,0.956824,0.956824,0.956824,8838357
1984-07-02,0.956824,0.977908,0.956824,0.970848,0.970848,5546835
1984-07-03,0.977908,0.985361,0.970848,0.985361,0.985361,4824413
1984-07-05,0.977908,0.985361,0.963983,0.963983,0.963983,5097575
1984-07-06,0.963983,0.963983,0.942605,0.942605,0.942605,11658053
1984-07-09,0.949959,0.956824,0.942605,0.956824,0.956824,9782018
1984-07-10,0.956824,0.956824,0.935544,0.942605,0.942605,29506342
1984-07-11,0.935544,0.942605,0.928287,0.928287,0.928287,11226860
1984-07-12,0.928287,0.935544,0.921324,0.928287,0.928287,12136655
1984-07-13,0.928287,0.935544,0.921324,0.928287,0.928287,7048115
1984-07-16,0.928287,0.942605,0.921324,0.942605,0.942605,7630561
1984-07-17,0.935544,0.942605,0.935544,0.942605,0.942605,6411480
1984-07-18,0.935544,0.942605,0.928287,0.928287,0.928287,6540157
1984-07-19,0.928287,0.928287,0.900045,0.900045,0.900045,11504538
1984-07-20,0.914263,0.942605,0.893277,0.914263,0.914263,6890081
1984-07-23,0.900045,0.928287,0.900045,0.921324,0.921324,4628002
1984-07-24,0.928287,0.928287,0.900045,0.900045,0.900045,6558221
1984-07-25,0.907202,0.921324,0.900045,0.900045,0.900045,6580791
1984-07-26,0.900045,0.921324,0.900045,0.907202,0.907202,8689357
1984-07-27,0.914263,0.928287,0.900045,0.914263,0.914263,10050669
1984-07-30,0.907202,0.921324,0.907202,0.914263,0.914263,5176591
1984-07-31,0.907202,0.935544,0.907202,0.935544,0.935544,8955754
1984-08-01,0.935544,0.949959,0.935544,0.949959,0.949959,11030452
1984-08-02,0.956824,0.970848,0.949959,0.970848,0.970848,20074245
1984-08-03,0.985361,0.992621,0.949959,0.992621,0.992621,26323183
1984-08-06,0.999479,1.02753,0.985361,0.999479,0.999479,23523811
1984-08-07,0.992621,1.01331,0.985361,1.00654,1.00654,9319220
1984-08-08,1.00654,1.02753,1.00654,1.01331,1.01331,11919934
1984-08-09,1.00654,1.04871,1.00654,1.04185,1.04185,14017203
1984-08-10,1.07048,1.07716,1.02753,1.03458,1.03458,14008176
1984-08-13,1.02057,1.04871,1.02057,1.04871,1.04871,5253347
1984-08-14,1.04871,1.06303,1.04185,1.04871,1.04871,7364165
1984-08-15,1.04871,1.06303,1.03458,1.03458,1.03458,6497261
1984-08-16,1.04871,1.07048,1.04185,1.05636,1.05636,7486074
1984-08-17,1.05636,1.07048,1.05636,1.07048,1.07048,6479203
1984-08-20,1.07048,1.10568,1.06303,1.06303,1.06303,9398231
1984-08-21,1.05636,1.07048,1.04871,1.06303,1.06303,10712133
1984-08-22,1.05636,1.05636,1.00654,1.02753,1.02753,14705759
1984-08-23,1.02753,1.04185,1.01331,1.02753,1.02753,16590827
1984-08-24,1.02753,1.04871,1.02753,1.04871,1.04871,9064115
1984-08-27,1.04185,1.06303,1.04185,1.06303,1.06303,6197008
1984-08-28,1.06303,1.08441,1.06303,1.07716,1.07716,9750417
1984-08-29,1.07716,1.08441,1.07048,1.07048,1.07048,6014148
1984-08-30,1.06303,1.08441,1.06303,1.07716,1.07716,8134003
1984-08-31,1.07048,1.09147,1.07048,1.08441,1.08441,7303219
1984-09-04,1.08441,1.09853,1.07716,1.09853,1.09853,8723224
1984-09-05,1.08441,1.10568,1.08441,1.09853,1.09853,7754729
1984-09-06,1.09853,1.11276,1.09853,1.10568,1.10568,12007977
1984-09-07,1.11276,1.11981,1.09147,1.09853,1.09853,6005119
1984-09-10,1.07716,1.08441,1.07048,1.07716,1.07716,8321372
1984-09-11,1.08441,1.09853,1.07048,1.07048,1.07048,8720968
1984-09-12,1.07048,1.08441,1.07048,1.07048,1.07048,6628207
1984-09-13,1.07048,1.12697,1.05636,1.09853,1.09853,10113879
1984-09-14,1.11276,1.11276,1.09147,1.10568,1.10568,7806654
1984-09-17,1.09853,1.11276,1.09147,1.10568,1.10568,6603370
1984-09-18,1.10568,1.11276,1.08441,1.08441,1.08441,10120652
1984-09-19,1.07716,1.08441,1.07048,1.07048,1.07048,10581196
1984-09-20,1.06303,1.07716,1.06303,1.07716,1.07716,6962322
1984-09-21,1.07048,1.08441,1.04871,1.04871,1.04871,10070986
1984-09-24,1.04871,1.05636,1.02057,1.02057,1.02057,6183464
1984-09-25,1.02753,1.05636,1.02753,1.04185,1.04185,9188278
1984-09-26,1.04185,1.07048,1.04185,1.05636,1.05636,6104448
1984-09-27,1.06303,1.07048,1.05636,1.05636,1.05636,5619072
1984-09-28,1.04871,1.05636,1.04185,1.04871,1.04871,4357097
1984-10-01,1.03458,1.04871,1.02753,1.02753,1.02753,5905785
1984-10-02,1.04185,1.04871,0.999479,1.00654,1.00654,13367030
1984-10-03,0.999479,1.00654,0.985361,0.985361,0.985361,9321474
1984-10-04,0.985361,1.01331,0.985361,1.01331,1.01331,6804291
1984-10-05,1.01331,1.02057,0.992621,0.992621,0.992621,8849642
1984-10-08,0.985361,0.999479,0.985361,0.992621,0.992621,4045552
1984-10-09,0.999479,1.02057,0.999479,1.01331,1.01331,5987054
1984-10-10,1.01331,1.01331,0.999479,1.01331,1.01331,9470475
1984-10-11,1.01331,1.02753,1.00654,1.02057,1.02057,7341594
1984-10-12,1.02057,1.04871,1.02057,1.02057,1.02057,5506194
1984-10-15,1.02057,1.02753,1.01331,1.01331,1.01331,3657250
1984-10-16,1.01331,1.01331,0.985361,0.985361,0.985361,5054684
1984-10-17,0.985361,1.00654,0.970848,1.00654,1.00654,6122509
1984-10-18,0.999479,1.07716,0.992621,1.07048,1.07048,12443684
1984-10-19,1.07048,1.09147,1.05636,1.07048,1.07048,18360762
1984-10-22,1.06303,1.06303,1.03458,1.04185,1.04185,4293887
1984-10-23,1.04871,1.07048,1.04871,1.04871,1.04871,5930612
1984-10-24,1.04185,1.06303,1.02753,1.04871,1.04871,6382126
1984-10-25,1.04185,1.04871,1.02753,1.02753,1.02753,4569306
1984-10-26,1.02057,1.05636,1.01331,1.05636,1.05636,4113278
1984-10-29,1.05636,1.07048,1.04185,1.04185,1.04185,4016204
1984-10-30,1.04871,1.06303,1.04871,1.05636,1.05636,8486174
1984-10-31,1.05636,1.05636,1.04185,1.04871,1.04871,6682386
1984-11-01,1.04871,1.07716,1.04185,1.06303,1.06303,13507000
1984-11-02,1.08441,1.10568,1.07716,1.10568,1.10568,12615259
1984-11-05,1.12697,1.13393,1.11276,1.12697,1.12697,14884110
1984-11-06,1.12697,1.15531,1.12697,1.15531,1.15531,27474538
1984-11-07,1.14128,1.14815,1.11276,1.13393,1.13393,13455073
1984-11-08,1.12697,1.13393,1.11276,1.11276,1.11276,8991870
1984-11-09,1.11981,1.13393,1.07716,1.08441,1.08441,6750113
1984-11-12,1.07048,1.10568,1.07048,1.10568,1.10568,4153914
1984-11-13,1.09853,1.11276,1.07716,1.09147,1.09147,5535542
1984-11-14,1.09147,1.11276,1.08441,1.11276,1.11276,6061561
1984-11-15,1.09853,1.10568,1.09147,1.09147,1.09147,5632618
1984-11-16,1.09853,1.11981,1.09147,1.09853,1.09853,5797420
1984-11-19,1.11276,1.11981,1.09853,1.11981,1.11981,6409220
1984-11-20,1.11981,1.12697,1.11276,1.12697,1.12697,9682684
1984-11-21,1.12697,1.16923,1.12697,1.14815,1.14815,17825714
1984-11-23,1.15531,1.17659,1.15531,1.17659,1.17659,15087294
1984-11-26,1.16237,1.17659,1.15531,1.15531,1.15531,6601117
1984-11-27,1.15531,1.18345,1.15531,1.17659,1.17659,15683290
1984-11-28,1.18345,1.19081,1.14815,1.16237,1.16237,10319319
1984-11-29,1.15531,1.15531,1.14128,1.14815,1.14815,5129182
1984-11-30,1.13393,1.15531,1.13393,1.15531,1.15531,4219388
1984-12-03,1.14815,1.16237,1.14815,1.15531,1.15531,6555961
1984-12-04,1.15531,1.17659,1.15531,1.15531,1.15531,8468118
1984-12-05,1.15531,1.15531,1.14128,1.14815,1.14815,3113178
1984-12-06,1.14128,1.15531,1.13393,1.14128,1.14128,5822251
1984-12-07,1.14815,1.14815,1.11276,1.11276,1.11276,7057139
1984-12-10,1.11276,1.14815,1.09853,1.11981,1.11981,8569709
1984-12-11,1.12697,1.15531,1.12697,1.15531,1.15531,19819140
1984-12-12,1.15531,1.17659,1.14815,1.14815,1.14815,13922388
1984-12-13,1.15531,1.16237,1.14128,1.14815,1.14815,9183765
1984-12-14,1.14815,1.17659,1.14815,1.15531,1.15531,6061561
1984-12-17,1.16923,1.17659,1.16237,1.17659,1.17659,5569407
1984-12-18,1.18345,1.20492,1.17659,1.19757,1.19757,21753873
1984-12-19,1.20492,1.21199,1.18345,1.19757,1.19757,16800780
1984-12-20,1.19081,1.20492,1.18345,1.18345,1.18345,5996086
1984-12-21,1.17659,1.18345,1.15531,1.17659,1.17659,8380074
1984-12-24,1.17659,1.18345,1.16923,1.17659,1.17659,2361410
1984-12-26,1.17659,1.17659,1.16237,1.16923,1.16923,4126823
1984-12-27,1.16923,1.17659,1.16237,1.16237,1.16237,6415992
1984-12-28,1.16237,1.16923,1.15531,1.16923,1.16923,4449655
1984-12-31,1.15531,1.18345,1.15531,1.17659,1.17659,5973510
1985-01-02,1.16923,1.16923,1.15531,1.15531,1.15531,4743138
1985-01-03,1.15531,1.17659,1.14128,1.14128,1.14128,8210753
1985-01-04,1.14815,1.16237,1.14128,1.16237,1.16237,5343648
1985-01-07,1.16923,1.16923,1.16237,1.16237,1.16237,3539861
1985-01-08,1.16923,1.19757,1.16923,1.17659,1.17659,8183664
1985-01-09,1.17659,1.19757,1.17659,1.18345,1.18345,5849346
1985-01-10,1.19081,1.22631,1.18345,1.22631,1.22631,14312947
1985-01-11,1.22631,1.23327,1.20492,1.20492,1.20492,7118096
1985-01-14,1.19757,1.23327,1.19757,1.22631,1.22631,12906489
1985-01-15,1.22631,1.22631,1.20492,1.21915,1.21915,8477149
1985-01-16,1.22631,1.22631,1.19757,1.21199,1.21199,8222048
1985-01-17,1.21199,1.21915,1.19757,1.21199,1.21199,4275825
1985-01-18,1.21915,1.21915,1.20492,1.21199,1.21199,6063813
1985-01-21,1.20492,1.23327,1.20492,1.23327,1.23327,14976668
1985-01-22,1.23327,1.23327,1.21199,1.21915,1.21915,13570206
1985-01-23,1.22631,1.23327,1.20492,1.23327,1.23327,9061856
1985-01-24,1.23327,1.24023,1.20492,1.21199,1.21199,10129683
1985-01-25,1.21199,1.22631,1.19757,1.19757,1.19757,9924247
1985-01-28,1.20492,1.22631,1.19757,1.21199,1.21199,10321576
1985-01-29,1.21915,1.23327,1.21199,1.23327,1.23327,7971453
1985-01-30,1.24023,1.2619,1.23327,1.2619,1.2619,14723825
1985-01-31,1.25425,1.27573,1.24023,1.26857,1.26857,11165902
1985-02-01,1.24023,1.25425,1.23327,1.24023,1.24023,8985098
1985-02-04,1.23327,1.24023,1.22631,1.23327,1.23327,7845028
1985-02-05,1.24023,1.25425,1.23327,1.24023,1.24023,11084635
1985-02-06,1.24023,1.2473,1.21199,1.21915,1.21915,5819997
1985-02-07,1.21915,1.24023,1.21199,1.24023,1.24023,8389105
1985-02-08,1.23327,1.2473,1.23327,1.2473,1.2473,5957708
1985-02-11,1.2473,1.2473,1.23327,1.24023,1.24023,4993729
1985-02-12,1.24023,1.2619,1.24023,1.2619,1.2619,8251397
1985-02-13,1.24023,1.2826,1.24023,1.27573,1.27573,10572166
1985-02-14,1.2826,1.30407,1.27573,1.29015,1.29015,18970300
1985-02-15,1.2619,1.27573,1.25425,1.2619,1.2619,13513769
1985-02-19,1.25425,1.27573,1.25425,1.2619,1.2619,4625745
1985-02-20,1.25425,1.27573,1.25425,1.2619,1.2619,12978726
1985-02-21,1.25425,1.2619,1.22631,1.22631,1.22631,7556064
1985-02-22,1.22631,1.23327,1.21199,1.22631,1.22631,11791247
1985-02-25,1.21199,1.2473,1.21199,1.2473,1.2473,5528772
1985-02-26,1.2473,1.26857,1.2473,1.26857,1.26857,14592884
1985-02-27,1.27573,1.29672,1.27573,1.29015,1.29015,15895499
1985-02-28,1.2826,1.29672,1.2826,1.29015,1.29015,7513170
1985-03-01,1.27573,1.31839,1.27573,1.31103,1.31103,13475394
1985-03-04,1.31103,1.31103,1.2826,1.29672,1.29672,4438369
1985-03-05,1.29672,1.29672,1.27573,1.2826,1.2826,10285458
1985-03-06,1.29015,1.30407,1.27573,1.27573,1.27573,7901467
1985-03-07,1.27573,1.29015,1.27573,1.2826,1.2826,6589825
1985-03-08,1.27573,1.29015,1.26857,1.27573,1.27573,7808909
1985-03-11,1.26857,1.29015,1.26857,1.27573,1.27573,6501780
1985-03-12,1.27573,1.29015,1.26857,1.29015,1.29015,6002859
1985-03-13,1.29015,1.30407,1.27573,1.29015,1.29015,17001701
1985-03-14,1.2826,1.29672,1.27573,1.2826,1.2826,8499725
1985-03-15,1.27573,1.29672,1.27573,1.2826,1.2826,9093460
1985-03-18,1.27573,1.29672,1.27573,1.2826,1.2826,9084433
1985-03-19,1.29672,1.31103,1.29015,1.31103,1.31103,10183864
1985-03-20,1.31103,1.32536,1.30407,1.31103,1.31103,20250337
1985-03-21,1.31839,1.32536,1.31103,1.31839,1.31839,9050569
1985-03-22,1.31103,1.31839,1.29672,1.30407,1.30407,9319220
1985-03-25,1.29672,1.30407,1.29015,1.29672,1.29672,6835903
1985-03-26,1.30407,1.32536,1.30407,1.31839,1.31839,6395672
1985-03-27,1.31839,1.34643,1.31839,1.33967,1.33967,11007875
1985-03-28,1.33967,1.33967,1.32536,1.33241,1.33241,15015048
1985-03-29,1.34643,1.38203,1.33967,1.37507,1.37507,16893343
1985-04-01,1.36771,1.37507,1.3536,1.3536,1.3536,10457031
1985-04-02,1.36771,1.36771,1.32536,1.33241,1.33241,10714391
1985-04-03,1.33967,1.33967,1.32536,1.33967,1.33967,9400489
1985-04-04,1.33967,1.36086,1.33241,1.36086,1.36086,9158928
1985-04-08,1.36086,1.36086,1.32536,1.33241,1.33241,6169918
1985-04-09,1.33241,1.33967,1.32536,1.33241,1.33241,5829026
1985-04-10,1.33241,1.3536,1.33241,1.34643,1.34643,14236189
1985-04-11,1.3536,1.36086,1.33241,1.33967,1.33967,7014244
1985-04-12,1.34643,1.34643,1.33241,1.33967,1.33967,7472532
1985-04-15,1.3536,1.36086,1.33967,1.34643,1.34643,7431895
1985-04-16,1.3536,1.36086,1.34643,1.3536,1.3536,10782116
1985-04-17,1.3536,1.37507,1.3536,1.36771,1.36771,9815881
1985-04-18,1.36086,1.37507,1.3536,1.36086,1.36086,9560778
1985-04-19,1.3536,1.36086,1.3536,1.3536,1.3536,11362307
1985-04-22,1.3536,1.36086,1.34643,1.3536,1.3536,14410020
1985-04-23,1.3536,1.42498,1.3536,1.42498,1.42498,37091756
1985-04-24,1.43891,1.45981,1.43891,1.45981,1.45981,38672046
1985-04-25,1.45303,1.46726,1.43156,1.43891,1.43891,14660616
1985-04-26,1.44558,1.44558,1.42498,1.43156,1.43156,8434252
1985-04-29,1.43156,1.44558,1.43156,1.43156,1.43156,7851804
1985-04-30,1.43156,1.45303,1.41734,1.43891,1.43891,8517784
1985-05-01,1.43156,1.43891,1.40331,1.41018,1.41018,8795465
1985-05-02,1.41018,1.43156,1.41018,1.42498,1.42498,8407163
1985-05-03,1.43156,1.45981,1.43156,1.45981,1.45981,8840613
1985-05-06,1.45981,1.48108,1.45981,1.46726,1.46726,10565391
1985-05-07,1.46726,1.47431,1.45981,1.46726,1.46726,6400192
1985-05-08,1.46726,1.48108,1.45981,1.47431,1.47431,6266993
1985-05-09,1.48853,1.50952,1.48853,1.50256,1.50256,10766311
1985-05-10,1.52384,1.53825,1.51648,1.52384,1.52384,14118797
1985-05-13,1.52384,1.5309,1.51648,1.52384,1.52384,5424923
1985-05-14,1.5309,1.54522,1.52384,1.5309,1.5309,13186420
1985-05-15,1.53825,1.53825,1.50952,1.51648,1.51648,9730093
1985-05-16,1.52384,1.52384,1.48853,1.51648,1.51648,7458986
1985-05-17,1.50952,1.52384,1.4952,1.4952,1.4952,9093460
1985-05-20,1.51648,1.55217,1.51648,1.54522,1.54522,17245519
1985-05-21,1.53825,1.55217,1.5309,1.53825,1.53825,15387544
1985-05-22,1.52384,1.53825,1.50952,1.53825,1.53825,11380371
1985-05-23,1.5309,1.53825,1.52384,1.53825,1.53825,3551141
1985-05-24,1.54522,1.54522,1.52384,1.54522,1.54522,3898811
1985-05-28,1.54522,1.55925,1.50952,1.52384,1.52384,6294083
1985-05-29,1.51648,1.5309,1.50952,1.52384,1.52384,3494708
1985-05-30,1.52384,1.54522,1.51648,1.54522,1.54522,4223900
1985-05-31,1.54522,1.55925,1.5309,1.55217,1.55217,8314602
1985-06-03,1.55925,1.58062,1.55925,1.58062,1.58062,12019261
1985-06-04,1.5662,1.58062,1.55925,1.5662,1.5662,8790952
1985-06-05,1.57327,1.58062,1.55925,1.5662,1.5662,6878792
1985-06-06,1.55217,1.58062,1.55217,1.58062,1.58062,6704957
1985-06-07,1.58062,1.58062,1.55217,1.55217,1.55217,6321176
1985-06-10,1.5309,1.54522,1.5309,1.54522,1.54522,5074999
1985-06-11,1.53825,1.54522,1.50256,1.52384,1.52384,7305474
1985-06-12,1.50952,1.50952,1.48108,1.50256,1.50256,9337279
1985-06-13,1.4952,1.50952,1.48853,1.4952,1.4952,8472632
1985-06-14,1.4952,1.50256,1.4952,1.50256,1.50256,4736366
1985-06-17,1.50952,1.5309,1.50256,1.5309,1.5309,8023372
1985-06-18,1.54522,1.54522,1.53825,1.54522,1.54522,9576582
1985-06-19,1.55217,1.55925,1.54522,1.54522,1.54522,11515827
1985-06-20,1.54522,1.55925,1.5309,1.54522,1.54522,6596595
1985-06-21,1.54522,1.55925,1.52384,1.54522,1.54522,15414637
1985-06-24,1.54522,1.55925,1.54522,1.55925,1.55925,5551344
1985-06-25,1.54522,1.54522,1.52384,1.52384,1.52384,9544971
1985-06-26,1.51648,1.51648,1.48108,1.50952,1.50952,8404904
1985-06-27,1.50952,1.54522,1.50952,1.5309,1.5309,6736570
1985-06-28,1.53825,1.54522,1.52384,1.5309,1.5309,2880652
1985-07-01,1.5309,1.54522,1.50952,1.51648,1.51648,5438467
1985-07-02,1.50256,1.51648,1.4952,1.50256,1.50256,13247383
1985-07-03,1.50256,1.50256,1.48853,1.48853,1.48853,5063713
1985-07-05,1.4952,1.51648,1.48853,1.50952,1.50952,3774643
1985-07-08,1.50256,1.52384,1.50256,1.52384,1.52384,4104245
1985-07-09,1.52384,1.54522,1.52384,1.54522,1.54522,15184364
1985-07-10,1.53825,1.5662,1.5309,1.5662,1.5662,25397576
1985-07-11,1.58062,1.58062,1.55925,1.58062,1.58062,12603973
1985-07-12,1.58062,1.62288,1.58062,1.61632,1.61632,20485118
1985-07-15,1.60895,1.62288,1.6017,1.6017,1.6017,15024077
1985-07-16,1.59485,1.6017,1.55925,1.57327,1.57327,11576778
1985-07-17,1.58062,1.59485,1.55925,1.5662,1.5662,10653441
1985-07-18,1.55925,1.5662,1.53825,1.55925,1.55925,6348262
1985-07-19,1.55925,1.58062,1.55925,1.58062,1.58062,8818038
1985-07-22,1.58062,1.58062,1.57327,1.58062,1.58062,3734009
1985-07-23,1.57327,1.58757,1.55925,1.5662,1.5662,8420710
1985-07-24,1.5662,1.5662,1.54522,1.55925,1.55925,7707319
1985-07-25,1.55925,1.58062,1.54522,1.58062,1.58062,8118201
1985-07-26,1.58062,1.58062,1.54522,1.54522,1.54522,4939548
1985-07-29,1.54522,1.54522,1.48108,1.4952,1.4952,5923843
1985-07-30,1.4952,1.50952,1.4952,1.50256,1.50256,9488542
1985-07-31,1.50952,1.5309,1.50256,1.52384,1.52384,6355039
1985-08-01,1.54522,1.55925,1.5309,1.53825,1.53825,10827272
1985-08-02,1.53825,1.54522,1.5309,1.53825,1.53825,8280741
1985-08-05,1.53825,1.53825,1.45981,1.48853,1.48853,9513370
1985-08-06,1.51648,1.5309,1.4952,1.4952,1.4952,14963127
1985-08-07,1.4952,1.50952,1.48853,1.50256,1.50256,6998442
1985-08-08,1.51648,1.52384,1.4952,1.52384,1.52384,6160885
1985-08-09,1.51648,1.51648,1.4952,1.4952,1.4952,7420612
1985-08-12,1.50256,1.50952,1.48853,1.50256,1.50256,9131839
1985-08-13,1.50952,1.53825,1.50256,1.51648,1.51648,8138512
1985-08-14,1.5309,1.53825,1.50952,1.50952,1.50952,16252187
1985-08-15,1.50952,1.50952,1.48108,1.50256,1.50256,6447601
1985-08-16,1.50952,1.52384,1.48853,1.51648,1.51648,7192590
1985-08-19,1.52384,1.5309,1.52384,1.52384,1.52384,2092762
1985-08-20,1.5309,1.55217,1.52384,1.55217,1.55217,4729593
1985-08-21,1.54522,1.55925,1.53825,1.55925,1.55925,3350223
1985-08-22,1.55925,1.55925,1.53825,1.55217,1.55217,3469874
1985-08-23,1.54522,1.55217,1.53825,1.53825,1.53825,1885065
1985-08-26,1.53825,1.54522,1.5309,1.53825,1.53825,3429235
1985-08-27,1.53825,1.55925,1.53825,1.54522,1.54522,3223800
1985-08-28,1.55217,1.58062,1.55217,1.57327,1.57327,5020819
1985-08-29,1.58062,1.58062,1.55925,1.55925,1.55925,5038876
1985-08-30,1.55925,1.5662,1.54522,1.55217,1.55217,3921389
1985-09-03,1.55217,1.55217,1.53825,1.55217,1.55217,6415992
1985-09-04,1.55925,1.57327,1.55925,1.5662,1.5662,5910299
1985-09-05,1.5662,1.58757,1.5662,1.58062,1.58062,8714193
1985-09-06,1.58757,1.59485,1.58062,1.58757,1.58757,9321474
1985-09-09,1.58757,1.58757,1.5662,1.5662,1.5662,4445138
1985-09-10,1.5662,1.57327,1.52384,1.5309,1.5309,4009431
1985-09-11,1.51648,1.53825,1.51648,1.51648,1.51648,5797420
1985-09-12,1.51648,1.53825,1.51648,1.52384,1.52384,3241857
1985-09-13,1.51648,1.52384,1.48108,1.4952,1.4952,11080122
1985-09-16,1.4952,1.4952,1.41734,1.43156,1.43156,19731096
1985-09-17,1.43891,1.46726,1.43891,1.44558,1.44558,13105155
1985-09-18,1.44558,1.45981,1.44558,1.45981,1.45981,10865651
1985-09-19,1.46726,1.51648,1.46726,1.51648,1.51648,10825012
1985-09-20,1.51648,1.52384,1.48108,1.48108,1.48108,6646265
1985-09-23,1.5309,1.5309,1.50952,1.51648,1.51648,11488742
1985-09-24,1.51648,1.5309,1.48108,1.48853,1.48853,8878991
1985-09-25,1.48108,1.48853,1.45981,1.46726,1.46726,4059097
1985-09-26,1.45981,1.48108,1.45981,1.47431,1.47431,7325792
1985-09-30,1.48853,1.48853,1.46726,1.47431,1.47431,5280437
1985-10-01,1.46726,1.4952,1.45981,1.48853,1.48853,7714090
1985-10-02,1.4952,1.50952,1.43891,1.43891,1.43891,13495707
1985-10-03,1.43891,1.48108,1.43891,1.48108,1.48108,8614859
1985-10-04,1.47431,1.48108,1.44558,1.45981,1.45981,10387044
1985-10-07,1.45981,1.45981,1.43156,1.43891,1.43891,8811268
1985-10-08,1.43891,1.45303,1.43156,1.43891,1.43891,3752070
1985-10-09,1.44558,1.46726,1.43891,1.44558,1.44558,7538001
1985-10-10,1.44558,1.45303,1.43891,1.45303,1.45303,2076958
1985-10-11,1.44558,1.48108,1.44558,1.48108,1.48108,5546835
1985-10-14,1.48108,1.50256,1.47431,1.4952,1.4952,3323131
1985-10-15,1.50256,1.51648,1.48853,1.4952,1.4952,7592183
1985-10-16,1.4952,1.51648,1.4952,1.51648,1.51648,10312544
1985-10-17,1.51648,1.55925,1.51648,1.54522,1.54522,14561278
1985-10-18,1.53825,1.55217,1.53825,1.53825,1.53825,8402648
1985-10-21,1.54522,1.54522,1.5309,1.5309,1.5309,2907738
1985-10-22,1.5309,1.53825,1.51648,1.5309,1.5309,3955248
1985-10-23,1.5309,1.5309,1.50256,1.52384,1.52384,5291726
1985-10-24,1.5309,1.55217,1.5309,1.5309,1.5309,14154919
1985-10-25,1.5309,1.55217,1.5309,1.54522,1.54522,6045749
1985-10-28,1.54522,1.55217,1.53825,1.54522,1.54522,4095220
1985-10-29,1.55217,1.5662,1.55217,1.55217,1.55217,9903930
1985-10-30,1.55925,1.58757,1.55217,1.58757,1.58757,14407764
1985-10-31,1.58757,1.58757,1.55217,1.55925,1.55925,9025738
1985-11-01,1.55925,1.58757,1.55925,1.58757,1.58757,10714391
1985-11-04,1.58757,1.59485,1.57327,1.57327,1.57327,9596901
1985-11-05,1.58062,1.58757,1.57327,1.58062,1.58062,20476094
1985-11-06,1.58757,1.60895,1.58062,1.6017,1.6017,22801377
1985-11-07,1.6017,1.6017,1.58757,1.6017,1.6017,11994432
1985-11-08,1.59485,1.61632,1.58757,1.6017,1.6017,7260320
1985-11-11,1.60895,1.63025,1.6017,1.63025,1.63025,11628703
1985-11-12,1.63025,1.65829,1.62288,1.65112,1.65112,26639240
1985-11-13,1.6372,1.65112,1.62288,1.65112,1.65112,18335921
1985-11-14,1.65112,1.66535,1.64407,1.66535,1.66535,17297450
1985-11-15,1.65829,1.66535,1.64407,1.65112,1.65112,17593189
1985-11-18,1.6728,1.67956,1.65112,1.6728,1.6728,15712637
1985-11-19,1.67956,1.68682,1.65829,1.66535,1.66535,6048008
1985-11-20,1.66535,1.6728,1.65112,1.6728,1.6728,9459190
1985-11-21,1.67956,1.69398,1.6372,1.6372,1.6372,19983945
1985-11-22,1.6372,1.6372,1.59485,1.59485,1.59485,43525810
1985-11-25,1.58757,1.59485,1.55925,1.57327,1.57327,16231875
1985-11-26,1.58062,1.61632,1.58062,1.61632,1.61632,12599457
1985-11-27,1.61632,1.6728,1.6017,1.65829,1.65829,13434754
1985-11-29,1.66535,1.6728,1.6372,1.66535,1.66535,5212712
1985-12-02,1.65829,1.66535,1.6372,1.65112,1.65112,6551444
1985-12-03,1.64407,1.65112,1.6372,1.64407,1.64407,4142626
1985-12-04,1.6372,1.64407,1.61632,1.6372,1.6372,22081221
1985-12-05,1.64407,1.68682,1.6372,1.6728,1.6728,34947072
1985-12-06,1.65829,1.66535,1.64407,1.66535,1.66535,7953390
1985-12-09,1.66535,1.69398,1.66535,1.69398,1.69398,11321674
1985-12-10,1.68682,1.7082,1.6728,1.69398,1.69398,13301560
1985-12-11,1.69398,1.7082,1.68682,1.70104,1.70104,12793606
1985-12-12,1.7082,1.75086,1.7082,1.73625,1.73625,17922791
1985-12-13,1.75086,1.80734,1.74351,1.78586,1.78586,19731096
1985-12-16,1.78586,1.83559,1.76489,1.82844,1.82844,12809408
1985-12-17,1.83559,1.84971,1.79313,1.80009,1.80009,13646966
1985-12-18,1.80009,1.80009,1.73625,1.75086,1.75086,13552149
1985-12-19,1.74351,1.78586,1.74351,1.77891,1.77891,7815685
1985-12-20,1.76489,1.80009,1.75763,1.75763,1.75763,13220292
1985-12-23,1.75763,1.76489,1.72242,1.74351,1.74351,6926201
1985-12-24,1.74351,1.75763,1.72939,1.73625,1.73625,5106605
1985-12-26,1.74351,1.75763,1.72242,1.73625,1.73625,3688858
1985-12-27,1.74351,1.75763,1.73625,1.74351,1.74351,5461045
1985-12-30,1.77184,1.77184,1.73625,1.75763,1.75763,5646160
1985-12-31,1.76489,1.76489,1.75086,1.75763,1.75763,3901067
1986-01-02,1.75763,1.75763,1.72939,1.73625,1.73625,4700244
1986-01-03,1.72939,1.73625,1.72242,1.73625,1.73625,5716149
1986-01-06,1.73625,1.74351,1.72939,1.73625,1.73625,3390861
1986-01-07,1.74351,1.76489,1.73625,1.76489,1.76489,10371243
1986-01-08,1.77184,1.77184,1.72242,1.72939,1.72939,8958004
1986-01-09,1.7082,1.72939,1.66535,1.69398,1.69398,18008577
1986-01-10,1.7082,1.71536,1.68682,1.7082,1.7082,8461346
1986-01-13,1.69398,1.72939,1.69398,1.72939,1.72939,6716251
1986-01-14,1.73625,1.73625,1.71536,1.73625,1.73625,5305270
1986-01-15,1.72939,1.72939,1.7082,1.7082,1.7082,9000904
1986-01-16,1.71536,1.72242,1.65112,1.7082,1.7082,11351024
1986-01-17,1.7082,1.71536,1.67956,1.69398,1.69398,12245020
1986-01-20,1.69398,1.72939,1.68682,1.72242,1.72242,8590032
1986-01-21,1.72939,1.73625,1.69398,1.7082,1.7082,5122409
1986-01-22,1.68682,1.70104,1.66535,1.66535,1.66535,5156274
1986-01-23,1.65112,1.68682,1.65112,1.68682,1.68682,6528871
1986-01-24,1.68682,1.69398,1.64407,1.6728,1.6728,13992374
1986-01-27,1.68682,1.68682,1.66535,1.6728,1.6728,7131640
1986-01-28,1.6728,1.73625,1.6728,1.73625,1.73625,7230974
1986-01-29,1.73625,1.76489,1.71536,1.72242,1.72242,10265134
1986-01-30,1.72939,1.77891,1.72242,1.76489,1.76489,11012390
1986-01-31,1.77184,1.80734,1.76489,1.80009,1.80009,7747956
1986-02-03,1.80009,1.82166,1.78586,1.81441,1.81441,10985302
1986-02-04,1.81441,1.82166,1.77184,1.80734,1.80734,7221943
1986-02-05,1.80734,1.83559,1.80009,1.82166,1.82166,9037023
1986-02-06,1.82844,1.83559,1.79313,1.83559,1.83559,10197412
1986-02-07,1.80734,1.81441,1.77184,1.78586,1.78586,19663371
1986-02-10,1.79313,1.80009,1.72242,1.72939,1.72939,9786534
1986-02-11,1.63025,1.7082,1.6017,1.69398,1.69398,95765801
1986-02-12,1.70104,1.71536,1.65112,1.6728,1.6728,35376002
1986-02-13,1.67956,1.75763,1.6728,1.72939,1.72939,45512466
1986-02-14,1.57327,1.6372,1.5309,1.59485,1.59485,204128811
1986-02-18,1.58062,1.65112,1.58062,1.64407,1.64407,107888917
1986-02-19,1.6372,1.6372,1.59485,1.6017,1.6017,48153806
1986-02-20,1.6017,1.64407,1.59485,1.60895,1.60895,24833185
1986-02-21,1.61632,1.64407,1.6017,1.6372,1.6372,49395472
1986-02-24,1.6728,1.67956,1.6372,1.6728,1.6728,24607433
1986-02-25,1.67956,1.67956,1.65112,1.65829,1.65829,20532535
1986-02-26,1.6372,1.64407,1.60895,1.63025,1.63025,27993779
1986-02-27,1.65112,1.6728,1.63025,1.66535,1.66535,27090752
1986-02-28,1.70104,1.70104,1.66535,1.6728,1.6728,35217977
1986-03-03,1.67956,1.67956,1.65829,1.66535,1.66535,13969796
1986-03-04,1.67956,1.68682,1.65829,1.66535,1.66535,20812469
1986-03-05,1.6372,1.65829,1.62288,1.65112,1.65112,17042342
1986-03-06,1.66535,1.6728,1.6372,1.65112,1.65112,12949382
1986-03-07,1.65829,1.67956,1.64407,1.6728,1.6728,22575625
1986-03-10,1.66535,1.70104,1.66535,1.69398,1.69398,17012991
1986-03-11,1.69398,1.75086,1.69398,1.74351,1.74351,20241304
1986-03-12,1.74351,1.75763,1.72939,1.73625,1.73625,16062559
1986-03-13,1.71536,1.78586,1.71536,1.76489,1.76489,20812469
1986-03-14,1.76489,1.81441,1.76489,1.81441,1.81441,25736210
1986-03-17,1.80009,1.81441,1.77184,1.79313,1.79313,12689762
1986-03-18,1.78586,1.80009,1.77891,1.78586,1.78586,12901967
1986-03-19,1.79313,1.80009,1.78586,1.79313,1.79313,11626450
1986-03-20,1.80009,1.81441,1.79313,1.81441,1.81441,13829829
1986-03-21,1.84245,1.87119,1.81441,1.82844,1.82844,50185618
1986-03-24,1.84245,1.85706,1.83559,1.85706,1.85706,16807552
1986-03-25,1.85706,1.89217,1.84971,1.8855,1.8855,28219534
1986-03-26,1.8855,1.9208,1.87119,1.9208,1.9208,18037926
1986-03-27,1.94905,1.97023,1.92748,1.92748,1.92748,22106050
1986-03-31,1.93473,1.94905,1.9208,1.92748,1.92748,14098474
1986-04-01,1.942,1.9561,1.87805,1.87805,1.87805,16157373
1986-04-02,1.87805,1.89933,1.87119,1.89933,1.89933,14540957
1986-04-03,1.90679,1.90679,1.85706,1.87805,1.87805,12394022
1986-04-04,1.87119,1.87805,1.78586,1.80009,1.80009,16173179
1986-04-07,1.79313,1.82844,1.77891,1.81441,1.81441,10549588
1986-04-08,1.84971,1.89217,1.84245,1.87119,1.87119,17886669
1986-04-09,2.01995,2.01995,1.94905,1.96337,1.96337,51653032
1986-04-10,2.01995,2.08369,2.01279,2.06231,2.06231,52894691
1986-04-11,2.14047,2.14047,2.06231,2.08369,2.08369,38130235
1986-04-14,2.09791,2.09791,2.06966,2.06966,2.06966,15073747
1986-04-15,2.06231,2.06231,2.04133,2.05535,2.05535,14299403
1986-04-16,2.07664,2.11889,2.07664,2.10497,2.10497,24607433
1986-04-17,2.12616,2.19715,2.12616,2.16862,2.16862,27542266
1986-04-18,2.17588,2.23933,2.16862,2.21089,2.21089,27542266
1986-04-21,2.21844,2.24688,2.18999,2.24688,2.24688,12068926
1986-04-22,2.27512,2.30355,2.25364,2.27512,2.27512,13667283
1986-04-23,2.24688,2.25364,2.21089,2.23933,2.23933,15676515
1986-04-24,2.23933,2.31748,2.2251,2.2963,2.2963,21744846
1986-04-25,2.30355,2.3317,2.28963,2.31053,2.31053,12199867
1986-04-28,2.30355,2.31053,2.28198,2.2963,2.2963,10247074
1986-04-29,2.28963,2.2963,2.23933,2.2607,2.2607,13881751
1986-04-30,2.25364,2.27512,2.19715,2.21844,2.21844,10940147
1986-05-01,2.18294,2.20421,2.15459,2.17588,2.17588,21419756
1986-05-02,2.17588,2.20421,2.16176,2.17588,2.17588,12990019
1986-05-05,2.16862,2.21844,2.16862,2.21089,2.21089,10461546
1986-05-06,2.21844,2.21844,2.18999,2.21089,2.21089,9544971
1986-05-07,2.19715,2.20421,2.17588,2.20421,2.20421,11427783
1986-05-08,2.21089,2.21844,2.18294,2.18999,2.18999,7192590
1986-05-09,2.18294,2.20421,2.17588,2.18294,2.18294,9596901
1986-05-12,2.17588,2.19715,2.16176,2.16862,2.16862,8364269
1986-05-13,2.15459,2.17588,2.15459,2.16862,2.16862,8883507
1986-05-14,2.16862,2.24688,2.16862,2.24688,2.24688,12222445
1986-05-15,2.23933,2.24688,2.21089,2.21089,2.21089,9204083
1986-05-16,2.21089,2.23285,2.19715,2.21089,2.21089,11346511
1986-05-19,2.19715,2.21844,2.18999,2.20421,2.20421,5752270
1986-05-20,2.19715,2.23285,2.18999,2.23285,2.23285,6774949
1986-05-21,2.23285,2.30355,2.23285,2.27512,2.27512,15369487
1986-05-22,2.28963,2.34593,2.28963,2.3317,2.3317,14080418
1986-05-23,2.34593,2.36024,2.33885,2.34593,2.34593,10671495
1986-05-27,2.35318,2.37397,2.34593,2.37397,2.37397,8867704
1986-05-28,2.3672,2.38161,2.34593,2.3672,2.3672,18062759
1986-05-29,2.36024,2.37397,2.3317,2.3672,2.3672,8522295
1986-05-30,2.36024,2.36024,2.31053,2.31053,2.31053,6695932
1986-06-02,2.30355,2.30355,2.24688,2.24688,2.24688,6253447
1986-06-03,2.23933,2.26815,2.21844,2.26815,2.26815,12610742
1986-06-04,2.27512,2.31053,2.26815,2.2963,2.2963,13976568
1986-06-05,2.2963,2.35318,2.2963,2.35318,2.35318,10958204
1986-06-06,2.36024,2.41673,2.36024,2.41673,2.41673,16139314
1986-06-09,2.4025,2.4025,2.34593,2.34593,2.34593,10621835
1986-06-10,2.3317,2.34593,2.28198,2.30355,2.30355,11355538
1986-06-11,2.31053,2.31053,2.28198,2.30355,2.30355,7452216
1986-06-12,2.30355,2.32464,2.2963,2.30355,2.30355,7352881
1986-06-13,2.31053,2.38828,2.31053,2.37397,2.37397,9508849
1986-06-16,2.38161,2.38828,2.35318,2.3672,2.3672,6842675
1986-06-17,2.37397,2.38161,2.3317,2.35318,2.35318,5996086
1986-06-18,2.35318,2.3672,2.32464,2.36024,2.36024,7928558
1986-06-19,2.34593,2.36024,2.31748,2.31748,2.31748,8023372
1986-06-20,2.33885,2.39544,2.3317,2.38161,2.38161,12748456
1986-06-23,2.38161,2.43094,2.38161,2.4025,2.4025,9086688
1986-06-24,2.40957,2.44546,2.39544,2.44546,2.44546,12531734
1986-06-25,2.45949,2.48066,2.44546,2.45949,2.45949,11484223
1986-06-26,2.48066,2.48066,2.438,2.45949,2.45949,10086788
1986-06-27,2.45949,2.46614,2.44546,2.45949,2.45949,4937289
1986-06-30,2.45949,2.49508,2.45949,2.45949,2.45949,6472431
1986-07-01,2.45949,2.45949,2.41673,2.44546,2.44546,7104548
1986-07-02,2.44546,2.46614,2.438,2.46614,2.46614,11547435
1986-07-03,2.46614,2.46614,2.41673,2.43094,2.43094,4147140
1986-07-07,2.43094,2.43094,2.2963,2.31053,2.31053,11113979
1986-07-08,2.2607,2.26815,2.21844,2.23933,2.23933,15830026
1986-07-09,2.2607,2.28198,2.23933,2.2607,2.2607,12019261
1986-07-10,2.26815,2.27512,2.23285,2.27512,2.27512,11863494
1986-07-11,2.27512,2.27512,2.24688,2.2607,2.2607,8034670
1986-07-14,2.24688,2.24688,2.21844,2.2251,2.2251,9037023
1986-07-15,2.19715,2.24688,2.17588,2.23933,2.23933,20516728
1986-07-16,2.2607,2.2607,2.2251,2.24688,2.24688,12414335
1986-07-17,2.25364,2.27512,2.24688,2.27512,2.27512,12233735
1986-07-18,2.27512,2.31053,2.2607,2.28198,2.28198,22575625
1986-07-21,2.28198,2.28198,2.24688,2.28198,2.28198,9529172
1986-07-22,2.2607,2.33885,2.25364,2.33885,2.33885,10037123
1986-07-23,2.34593,2.40957,2.32464,2.38161,2.38161,13418950
1986-07-24,2.38161,2.38161,2.32464,2.34593,2.34593,7571862
1986-07-25,2.35318,2.3672,2.34593,2.36024,2.36024,10109366
1986-07-28,2.35318,2.35318,2.28963,2.28963,2.28963,8888023
1986-07-29,2.28963,2.2963,2.27512,2.28198,2.28198,8413938
1986-07-30,2.30355,2.3317,2.26815,2.32464,2.32464,14353583
1986-07-31,2.32464,2.32464,2.28963,2.30355,2.30355,5354938
1986-08-01,2.31053,2.31748,2.28198,2.28198,2.28198,5343648
1986-08-04,2.28198,2.32464,2.26815,2.31053,2.31053,9023473
1986-08-05,2.31053,2.31053,2.27512,2.28198,2.28198,9445642
1986-08-06,2.28198,2.28963,2.26815,2.28963,2.28963,9526912
1986-08-07,2.28963,2.31053,2.28198,2.28963,2.28963,8474887
1986-08-08,2.30355,2.31748,2.28963,2.31748,2.31748,5585212
1986-08-11,2.31748,2.34593,2.31053,2.33885,2.33885,11450357
1986-08-12,2.34593,2.35318,2.32464,2.34593,2.34593,10271911
1986-08-13,2.33885,2.4025,2.3317,2.39544,2.39544,23252892
1986-08-14,2.4025,2.46614,2.4025,2.45203,2.45203,19065117
1986-08-15,2.45949,2.45949,2.42379,2.45949,2.45949,11626450
1986-08-18,2.44546,2.46614,2.438,2.44546,2.44546,9470475
1986-08-19,2.44546,2.44546,2.39544,2.40957,2.40957,5689056
1986-08-20,2.42379,2.52293,2.41673,2.49508,2.49508,15638136
1986-08-21,2.5089,2.5089,2.48742,2.49508,2.49508,11098180
1986-08-22,2.49508,2.52999,2.48742,2.49508,2.49508,5975771
1986-08-25,2.49508,2.50184,2.45203,2.46614,2.46614,5896754
1986-08-26,2.45949,2.50184,2.43094,2.49508,2.49508,8743541
1986-08-27,2.48742,2.49508,2.46614,2.48066,2.48066,5005020
1986-08-28,2.46614,2.49508,2.46614,2.48742,2.48742,5370743
1986-08-29,2.48066,2.52293,2.48066,2.5089,2.5089,7361914
1986-09-02,2.49508,2.5089,2.4025,2.40957,2.40957,10967237
1986-09-03,2.39544,2.42379,2.38828,2.41673,2.41673,10517982
1986-09-04,2.43094,2.438,2.3672,2.39544,2.39544,15942910
1986-09-05,2.38828,2.38828,2.32464,2.35318,2.35318,11881550
1986-09-08,2.33885,2.36024,2.28963,2.31748,2.31748,14033007
1986-09-09,2.31748,2.34593,2.27512,2.28963,2.28963,14789298
1986-09-10,2.28963,2.28963,2.23933,2.26815,2.26815,11432298
1986-09-11,2.23933,2.25364,2.16862,2.18999,2.18999,20345155
1986-09-12,2.21089,2.21844,2.12616,2.13331,2.13331,20896001
1986-09-15,2.14047,2.16176,2.13331,2.14764,2.14764,12425627
1986-09-16,2.14764,2.14764,2.09791,2.14764,2.14764,10858879
1986-09-17,2.15459,2.17588,2.12616,2.13331,2.13331,8919627
1986-09-18,2.07664,2.12616,2.07664,2.10497,2.10497,16046754
1986-09-19,2.08369,2.09791,2.048,2.048,2.048,19254756
1986-09-22,2.06231,2.08369,2.05535,2.08369,2.08369,13328651
1986-09-23,2.09085,2.12616,2.08369,2.11889,2.11889,13378315
1986-09-24,2.14047,2.21089,2.12616,2.18294,2.18294,13367030
1986-09-25,2.17588,2.17588,2.09791,2.12616,2.12616,12269850
1986-09-26,2.12616,2.16176,2.11889,2.14047,2.14047,8822555
1986-09-29,2.11889,2.16176,2.09085,2.14764,2.14764,8743541
1986-09-30,2.16862,2.20421,2.16862,2.17588,2.17588,6131541
1986-10-01,2.18999,2.23285,2.17588,2.18999,2.18999,10269655
1986-10-02,2.19715,2.20421,2.17588,2.19715,2.19715,5368482
1986-10-03,2.21089,2.21844,2.18294,2.18999,2.18999,7648623
1986-10-06,2.18999,2.21844,2.16176,2.16176,2.16176,3352483
1986-10-07,2.15459,2.18999,2.10497,2.18999,2.18999,7501879
1986-10-08,2.17588,2.23933,2.17588,2.23933,2.23933,8409428
1986-10-09,2.24688,2.30355,2.23285,2.24688,2.24688,9161190
1986-10-10,2.24688,2.2607,2.2251,2.23285,2.23285,4488036
1986-10-13,2.23933,2.23933,2.21844,2.23285,2.23285,4111020
1986-10-14,2.24688,2.28963,2.2251,2.27512,2.27512,11113979
1986-10-15,2.27512,2.3317,2.26815,2.32464,2.32464,9174740
1986-10-16,2.3317,2.37397,2.31053,2.37397,2.37397,11664823
1986-10-17,2.36024,2.38161,2.35318,2.38161,2.38161,10382530
1986-10-20,2.36024,2.36024,2.32464,2.3317,2.3317,6583053
1986-10-21,2.34593,2.34593,2.3317,2.33885,2.33885,4068129
1986-10-22,2.3317,2.37397,2.3317,2.36024,2.36024,6662066
1986-10-23,2.3672,2.37397,2.35318,2.3672,2.3672,8985098
1986-10-24,2.37397,2.37397,2.3317,2.3317,2.3317,5384287
1986-10-27,2.33885,2.3672,2.3317,2.36024,2.36024,4210355
1986-10-28,2.36024,2.3672,2.3317,2.3317,2.3317,5729696
1986-10-29,2.33885,2.36024,2.31748,2.34593,2.34593,7158734
1986-10-30,2.37397,2.38161,2.34593,2.36024,2.36024,14010431
1986-10-31,2.37397,2.37397,2.35318,2.37397,2.37397,9224397
1986-11-03,2.38161,2.38161,2.36024,2.3672,2.3672,7075200
1986-11-04,2.36024,2.38161,2.36024,2.37397,2.37397,7987255
1986-11-05,2.37397,2.40957,2.37397,2.39544,2.39544,14023979
1986-11-06,2.38161,2.39544,2.37397,2.39544,2.39544,5817741
1986-11-07,2.38161,2.39544,2.36024,2.36024,2.36024,7179047
1986-11-10,2.35318,2.37397,2.35318,2.37397,2.37397,6253447
1986-11-11,2.37397,2.38161,2.3672,2.38161,2.38161,5817741
1986-11-12,2.39544,2.4025,2.37397,2.38161,2.38161,6571759
1986-11-13,2.38161,2.38161,2.31748,2.31748,2.31748,12622030
1986-11-14,2.31748,2.35318,2.2963,2.34593,2.34593,12290170
1986-11-17,2.31053,2.34593,2.30355,2.31053,2.31053,9224397
1986-11-18,2.31748,2.32464,2.21844,2.23285,2.23285,13784676
1986-11-19,2.21089,2.27512,2.21089,2.26815,2.26815,10305772
1986-11-20,2.2963,2.30355,2.26815,2.30355,2.30355,13114181
1986-11-21,2.30355,2.3672,2.2963,2.3672,2.3672,19681427
1986-11-24,2.3672,2.40957,2.36024,2.4025,2.4025,13651484
1986-11-25,2.38828,2.4025,2.36024,2.38828,2.38828,11463905
1986-11-26,2.37397,2.38161,2.36024,2.37397,2.37397,4598654
1986-11-28,2.38161,2.38161,2.33885,2.33885,2.33885,1984395
1986-12-01,2.30355,2.31748,2.27512,2.31748,2.31748,8391362
1986-12-02,2.3317,2.38828,2.3317,2.38828,2.38828,13278986
1986-12-03,2.38161,2.42379,2.38161,2.41673,2.41673,13838861
1986-12-04,2.40957,2.42379,2.3672,2.37397,2.37397,7716350
1986-12-05,2.36024,2.38828,2.35318,2.3672,2.3672,9323736
1986-12-08,2.36024,2.45203,2.36024,2.42379,2.42379,10628603
1986-12-09,2.41673,2.438,2.39544,2.40957,2.40957,5819997
1986-12-10,2.4025,2.45949,2.38828,2.44546,2.44546,8646465
1986-12-11,2.42379,2.438,2.38828,2.40957,2.40957,8547134
1986-12-12,2.38828,2.4025,2.34593,2.35318,2.35318,10179347
1986-12-15,2.3317,2.3672,2.31053,2.3672,2.3672,21636479
1986-12-16,2.3672,2.38828,2.36024,2.38828,2.38828,17527718
1986-12-17,2.38161,2.38828,2.36024,2.3672,2.3672,8380074
1986-12-18,2.36024,2.3672,2.3317,2.33885,2.33885,7221943
1986-12-19,2.3317,2.33885,2.2963,2.3317,2.3317,28896802
1986-12-22,2.32464,2.36024,2.28963,2.28963,2.28963,14364874
1986-12-23,2.28963,2.2963,2.25364,2.2607,2.2607,13762106
1986-12-24,2.27512,2.2963,2.26815,2.28198,2.28198,7018762
1986-12-26,2.27512,2.31748,2.2607,2.31748,2.31748,4822156
1986-12-29,2.31748,2.31748,2.2607,2.26815,2.26815,4865047
1986-12-30,2.2607,2.28198,2.2607,2.27512,2.27512,4718304
1986-12-31,2.28198,2.28963,2.23285,2.23933,2.23933,10639894
1987-01-02,2.23933,2.31748,2.23933,2.30355,2.30355,5747753
1987-01-05,2.3317,2.38828,2.31748,2.38828,2.38828,12777804
1987-01-06,2.38828,2.4025,2.37397,2.38161,2.38161,13992374
1987-01-07,2.3672,2.39544,2.36024,2.38161,2.38161,9743639
1987-01-08,2.38161,2.38161,2.33885,2.35318,2.35318,18891285
1987-01-09,2.3672,2.4025,2.34593,2.37397,2.37397,21033712
1987-01-12,2.36024,2.3672,2.34593,2.35318,2.35318,12486577
1987-01-13,2.33885,2.36024,2.31748,2.33885,2.33885,9508849
1987-01-14,2.33885,2.4025,2.3317,2.38828,2.38828,14145890
1987-01-15,2.4025,2.47331,2.4025,2.44546,2.44546,23478653
1987-01-16,2.48742,2.5089,2.45203,2.48742,2.48742,25284701
1987-01-19,2.49508,2.56578,2.45949,2.56578,2.56578,14994734
1987-01-20,2.56578,2.57264,2.49508,2.5089,2.5089,13694374
1987-01-21,2.47331,2.55157,2.47331,2.5089,2.5089,14001401
1987-01-22,2.49508,2.56578,2.49508,2.56578,2.56578,20780865
1987-01-23,2.6153,2.69308,2.5445,2.56578,2.56578,35217977
1987-01-26,2.57264,2.59383,2.55157,2.57264,2.57264,25284701
1987-01-27,2.58697,2.67198,2.58697,2.65061,2.65061,17893438
1987-01-28,2.66453,2.66453,2.63658,2.65061,2.65061,15349170
1987-01-29,2.65061,2.67895,2.60795,2.60795,2.60795,12299201
1987-01-30,2.6153,2.62963,2.56578,2.58697,2.58697,15127932
1987-02-02,2.57264,2.60795,2.55157,2.60108,2.60108,10809208
1987-02-03,2.60795,2.63658,2.58697,2.62963,2.62963,15161792
1987-02-04,2.62963,2.67895,2.62227,2.67895,2.67895,17107808
1987-02-05,2.67895,2.72141,2.67198,2.69308,2.69308,14391964
1987-02-06,2.70023,2.70739,2.67198,2.6862,2.6862,12251794
1987-02-09,2.67895,2.69308,2.64375,2.65768,2.65768,7045856
1987-02-10,2.65061,2.65061,2.59383,2.62963,2.62963,12260821
1987-02-11,2.63658,2.73553,2.63658,2.73553,2.73553,23252892
1987-02-12,2.73553,2.77113,2.72141,2.73553,2.73553,23930164
1987-02-13,2.75692,2.82772,2.74985,2.82084,2.82084,21654540
1987-02-17,2.82084,2.94814,2.80654,2.94814,2.94814,14398732
1987-02-18,2.98393,3.02631,2.94814,2.96932,2.96932,20406111
1987-02-19,2.96932,2.99081,2.91283,2.92706,2.92706,14163953
1987-02-20,2.92009,2.92706,2.88459,2.88459,2.88459,14908942
1987-02-23,2.84899,2.89166,2.82084,2.84899,2.84899,13601812
1987-02-24,2.84899,2.91283,2.84899,2.91283,2.91283,10813723
1987-02-25,2.91283,2.94118,2.89166,2.91283,2.91283,10454771
1987-02-26,2.91283,2.95549,2.86332,2.91283,2.91283,8486174
1987-02-27,2.92706,2.95549,2.92009,2.95549,2.95549,8070786
1987-03-02,2.98393,2.99081,2.92706,2.94814,2.94814,12120855
1987-03-03,2.94814,3.01208,2.93402,3.00492,3.00492,14687703
1987-03-04,3.02631,3.13937,3.02631,3.1327,3.1327,21898357
1987-03-05,3.16839,3.18242,3.11142,3.11848,3.11848,18676814
1987-03-06,3.11142,3.11142,3.06171,3.09729,3.09729,10398336
1987-03-09,3.09004,3.09004,3.03336,3.03336,3.03336,8655497
1987-03-10,3.02631,3.11142,3.02631,3.09729,3.09729,14902173
1987-03-11,3.13937,3.17497,3.09729,3.10416,3.10416,15638136
1987-03-12,3.11848,3.12525,3.07582,3.07582,3.07582,10628603
1987-03-13,3.09004,3.09729,3.06171,3.08328,3.08328,9000904
1987-03-16,3.07582,3.07582,3.03336,3.04738,3.04738,6461145
1987-03-17,3.04738,3.11142,3.04738,3.11142,3.11142,7314504
1987-03-18,3.1327,3.1327,3.04738,3.08328,3.08328,12775546
1987-03-19,3.06171,3.09729,3.06171,3.09004,3.09004,9479507
1987-03-20,3.08328,3.12525,3.07582,3.12525,3.12525,17241005
1987-03-23,3.12525,3.2391,3.11848,3.18242,3.18242,16317663
1987-03-24,3.14652,3.18242,3.13937,3.18242,3.18242,10122911
1987-03-25,3.14652,3.16839,3.11142,3.11142,3.11142,10698589
1987-03-26,3.1327,3.16094,3.11848,3.1327,3.1327,11696433
1987-03-27,3.15407,3.15407,3.06906,3.07582,3.07582,17114582
1987-03-30,2.98393,3.03336,2.94814,3.01208,3.01208,25058946
1987-03-31,3.04738,3.06906,3.01208,3.03336,3.03336,12949382
1987-04-01,3.01208,3.09004,3.00492,3.08328,3.08328,13459590
1987-04-02,3.09004,3.11142,3.04738,3.04738,3.04738,13719210
1987-04-03,3.03336,3.11142,3.00492,3.08328,3.08328,13342192
1987-04-06,3.10416,3.13937,3.09004,3.12525,3.12525,9689461
1987-04-07,3.10416,3.16094,3.04738,3.10416,3.10416,15554609
1987-04-08,3.06171,3.11142,3.05473,3.10416,3.10416,12682988
1987-04-09,3.11142,3.11848,3.02631,3.06906,3.06906,14529673
1987-04-10,3.07582,3.11848,3.07582,3.10416,3.10416,10540558
1987-04-13,3.11142,3.14652,3.05473,3.05473,3.05473,14200067
1987-04-14,3.01208,3.01913,2.84899,2.93402,2.93402,25736210
1987-04-15,2.98393,2.98393,2.92009,2.95549,2.95549,17557065
1987-04-16,2.98393,2.99081,2.92706,2.95549,2.95549,22801377
1987-04-20,2.94118,2.94814,2.92706,2.94118,2.94118,9621730
1987-04-21,2.92706,3.06171,2.91283,3.03336,3.03336,14473237
1987-04-22,3.05473,3.09729,2.99835,2.99835,2.99835,18060502
1987-04-23,3.01913,3.06171,2.96236,3.01913,3.01913,16642753
1987-04-24,2.99081,3.03336,2.95549,2.98393,2.98393,15850342
1987-04-27,2.95549,3.01208,2.91283,2.99081,2.99081,19290870
1987-04-28,3.02631,3.06171,3.01208,3.01208,3.01208,14513869
1987-04-29,3.03336,3.06171,2.97668,2.99081,2.99081,14071388
1987-04-30,2.98393,3.03336,2.98393,2.99081,2.99081,10296746
1987-05-01,2.97668,3.00492,2.93402,2.95549,2.95549,9745895
1987-05-04,2.96236,3.00492,2.93402,2.97668,2.97668,5716149
1987-05-05,2.96932,3.09729,2.96932,3.07582,3.07582,9526912
1987-05-06,3.07582,3.09729,3.00492,3.03336,3.03336,9949080
1987-05-07,3.03336,3.04738,3.00492,3.00492,3.00492,10391557
1987-05-08,3.01913,3.02631,2.95549,2.99081,2.99081,7181306
1987-05-11,3.01913,3.09729,2.94814,2.94814,2.94814,11971853
1987-05-12,2.92009,2.96932,2.91283,2.96236,2.96236,10244823
1987-05-13,2.96932,2.99081,2.93402,2.95549,2.95549,13791454
1987-05-14,2.95549,2.96236,2.91283,2.93402,2.93402,7519942
1987-05-15,2.91283,2.92706,2.82772,2.84899,2.84899,16170925
1987-05-18,2.82772,2.86332,2.77113,2.84204,2.84204,15875179
1987-05-19,2.86332,2.87744,2.77113,2.77113,2.77113,15215976
1987-05-20,2.77113,2.85606,2.74985,2.82772,2.82772,14367129
1987-05-21,2.87057,2.89862,2.83487,2.83487,2.83487,7772785
1987-05-22,2.86332,2.88459,2.84899,2.86332,2.86332,6303114
1987-05-26,2.93402,2.93402,2.89862,2.92009,2.92009,10208698
1987-05-27,2.91283,2.94118,2.90587,2.90587,2.90587,9953590
1987-05-28,2.90587,2.93402,2.85606,2.93402,2.93402,8673554
1987-05-29,2.96236,2.97668,2.94118,2.96236,2.96236,9170216
1987-06-01,2.97668,2.99081,2.94118,2.94118,2.94118,8330404
1987-06-02,2.94814,2.99835,2.93402,2.97668,2.97668,9208598
1987-06-03,2.99835,3.05473,2.98393,3.04042,3.04042,10215467
1987-06-04,3.03336,3.05473,2.99081,3.04042,3.04042,4442884
1987-06-05,3.06906,3.06906,3.02631,3.02631,3.02631,7294186
1987-06-08,3.03336,3.09004,3.00492,3.07582,3.07582,5831282
1987-06-09,3.08328,3.08328,3.06171,3.07582,3.07582,6869761
1987-06-10,3.09729,3.11848,3.02631,3.04042,3.04042,10664723
1987-06-11,3.08328,3.08328,3.05473,3.06906,3.06906,6023178
1987-06-12,3.09729,3.15407,3.09004,3.15407,3.15407,9820396
1987-06-15,3.16839,3.16839,3.10416,3.15407,3.15407,6693675
1987-06-16,3.16094,3.16839,3.12525,3.13937,3.13937,5154012
1987-06-17,3.16094,3.16094,3.12525,3.13937,3.13937,6553702
1987-06-18,3.14652,3.2391,3.13937,3.21712,3.21712,12448198
1987-06-19,3.22517,3.22517,3.18937,3.22517,3.22517,19566295
1987-06-22,3.2391,3.26028,3.22517,3.26028,3.26028,10962720
1987-06-23,3.28127,3.28127,3.21712,3.26028,3.26028,10811472
1987-06-24,3.23145,3.25302,3.18242,3.19654,3.19654,4813121
1987-06-25,3.19654,3.22517,3.19654,3.22517,3.22517,11486475
1987-06-26,3.19654,3.21712,3.18937,3.19654,3.19654,5657453
1987-06-29,3.19654,3.22517,3.18242,3.22517,3.22517,6781717
1987-06-30,3.23145,3.23145,3.16094,3.16839,3.16839,9380175
1987-07-01,3.17497,3.18242,3.13937,3.13937,3.13937,7465756
1987-07-02,3.13937,3.16094,3.11848,3.12525,3.12525,6587569
1987-07-06,3.13937,3.13937,3.07582,3.07582,3.07582,10359957
1987-07-07,3.08328,3.15407,3.07582,3.12525,3.12525,13446044
1987-07-08,3.11848,3.15407,3.11142,3.15407,3.15407,10170326
1987-07-09,3.13937,3.18242,3.13937,3.15407,3.15407,16484717
1987-07-10,3.16094,3.22517,3.16094,3.2034,3.2034,15701344
1987-07-13,3.21067,3.21067,3.16094,3.2034,3.2034,12976468
1987-07-14,3.2034,3.25302,3.17497,3.25302,3.25302,12752972
1987-07-15,3.21067,3.25302,3.21067,3.22517,3.22517,9852002
1987-07-16,3.2391,3.27441,3.21067,3.27441,3.27441,12556559
1987-07-17,3.28127,3.30284,3.26028,3.26028,3.26028,17588671
1987-07-20,3.26028,3.26725,3.21067,3.21712,3.21712,8158828
1987-07-21,3.21067,3.26028,3.2034,3.22517,3.22517,9009933
1987-07-22,3.23145,3.28127,3.21712,3.26028,3.26028,8906087
1987-07-23,3.26725,3.27441,3.2034,3.2391,3.2391,6239899
1987-07-24,3.23145,3.2391,3.2034,3.22517,3.22517,4894399
1987-07-27,3.21712,3.22517,3.21067,3.21712,3.21712,4528671
1987-07-28,3.2391,3.2391,3.21067,3.21067,3.21067,7504139
1987-07-29,3.21712,3.30284,3.21067,3.28127,3.28127,10651180
1987-07-30,3.30284,3.33805,3.26028,3.32402,3.32402,13303814
1987-07-31,3.31706,3.32402,3.28127,3.28127,3.28127,6594341
1987-08-03,3.27441,3.27441,3.2391,3.25302,3.25302,9039279
1987-08-04,3.22517,3.25302,3.18937,3.25302,3.25302,9368886
1987-08-05,3.26725,3.34531,3.26725,3.32402,3.32402,11484223
1987-08-06,3.32402,3.37346,3.29529,3.37346,3.37346,7768271
1987-08-07,3.38071,3.42326,3.37346,3.40169,3.40169,14344550
1987-08-10,3.39483,3.44396,3.39483,3.44396,3.44396,11330706
1987-08-11,3.45867,3.5437,3.43758,3.53662,3.53662,18615860
1987-08-12,3.53662,3.53662,3.45867,3.48701,3.48701,13116438
1987-08-13,3.51525,3.53662,3.47956,3.48701,3.48701,16347010
1987-08-14,3.47289,3.50839,3.45181,3.46563,3.46563,13978830
1987-08-17,3.51525,3.52251,3.48701,3.51525,3.51525,8251397
1987-08-18,3.51525,3.51525,3.44396,3.51525,3.51525,13170618
1987-08-19,3.50839,3.52927,3.48701,3.51525,3.51525,10283196
1987-08-20,3.55085,3.60027,3.52927,3.60027,3.60027,13595044
1987-08-21,3.59331,3.62861,3.57212,3.60734,3.60734,19487284
1987-08-24,3.62861,3.62861,3.56517,3.56517,3.56517,8538100
1987-08-25,3.5791,3.6498,3.5791,3.62175,3.62175,10951436
1987-08-26,3.62861,3.62861,3.58605,3.59331,3.59331,8714193
1987-08-27,3.56517,3.58605,3.52251,3.52251,3.52251,6537901
1987-08-28,3.52251,3.52927,3.44396,3.45181,3.45181,10996587
1987-08-31,3.43003,3.46563,3.41581,3.45181,3.45181,11490993
1987-09-01,3.46563,3.47956,3.30971,3.33098,3.33098,12156979
1987-09-02,3.32402,3.33805,3.26725,3.33805,3.33805,17936338
1987-09-03,3.37346,3.37346,3.26725,3.30971,3.30971,14123311
1987-09-04,3.33805,3.35246,3.28127,3.29529,3.29529,11847692
1987-09-08,3.28833,3.29529,3.2034,3.27441,3.27441,22087990
1987-09-09,3.26028,3.28127,3.23145,3.25302,3.25302,10183864
1987-09-10,3.29529,3.30284,3.25302,3.28127,3.28127,12292429
1987-09-11,3.28833,3.37346,3.28127,3.32402,3.32402,14818641
1987-09-14,3.35953,3.35953,3.32402,3.34531,3.34531,6872021
1987-09-15,3.33805,3.33805,3.30284,3.31706,3.31706,5571667
1987-09-16,3.30971,3.30971,3.18242,3.18242,3.18242,16342493
1987-09-17,3.21712,3.22517,3.19654,3.2034,3.2034,15809711
1987-09-18,3.21712,3.26028,3.21067,3.21712,3.21712,25961968
1987-09-21,3.23145,3.26028,3.09729,3.10416,3.10416,19527919
1987-09-22,3.12525,3.23145,3.10416,3.21712,3.21712,19211857
1987-09-23,3.23145,3.29529,3.23145,3.28127,3.28127,14904429
1987-09-24,3.28127,3.29529,3.24616,3.26725,3.26725,8131741
1987-09-25,3.27441,3.27441,3.16839,3.2391,3.2391,20866656
1987-09-28,3.28833,3.32402,3.26028,3.30971,3.30971,18536843
1987-09-29,3.30971,3.33805,3.26028,3.27441,3.27441,9646567
1987-09-30,3.28127,3.30971,3.25302,3.30971,3.30971,13249631
1987-10-01,3.32402,3.38071,3.31706,3.37346,3.37346,13125472
1987-10-02,3.38766,3.43003,3.37346,3.43003,3.43003,16491498
1987-10-05,3.44396,3.44396,3.40924,3.41581,3.41581,11624188
1987-10-06,3.41581,3.43003,3.27441,3.28127,3.28127,16026437
1987-10-07,3.24616,3.24616,3.21067,3.24616,3.24616,17335825
1987-10-08,3.24616,3.24616,3.15407,3.19654,3.19654,12800379
1987-10-09,3.18242,3.21712,3.13937,3.13937,3.13937,10960468
1987-10-12,3.13937,3.16094,3.11848,3.1327,3.1327,11795765
1987-10-13,3.17497,3.17497,3.11848,3.13937,3.13937,14525158
1987-10-14,3.10416,3.11142,2.99835,2.99835,2.99835,26864995
1987-10-15,2.92706,2.99081,2.91283,2.92009,2.92009,32508899
1987-10-16,2.92009,2.94118,2.73553,2.73553,2.73553,36660555
1987-10-19,2.59383,2.67895,2.23285,2.23285,2.23285,47697781
1987-10-20,2.57971,2.58697,1.91335,2.48066,2.48066,44618468
1987-10-21,2.52999,2.73553,2.50184,2.57264,2.57264,35213465
1987-10-22,2.25364,2.5089,2.23285,2.5089,2.5089,32782063
1987-10-23,2.40957,2.55833,2.40957,2.5445,2.5445,19144131
1987-10-26,2.45949,2.47331,2.3317,2.34593,2.34593,14132343
1987-10-27,2.42379,2.45949,2.36024,2.45949,2.45949,14626749
1987-10-28,2.41673,2.60795,2.38161,2.55157,2.55157,21548437
1987-10-29,2.6153,2.74985,2.60795,2.73553,2.73553,16879798
1987-10-30,2.82772,2.84204,2.73553,2.77113,2.77113,18435260
1987-11-02,2.74279,2.77113,2.70023,2.76427,2.76427,7648623
1987-11-03,2.6862,2.71435,2.65061,2.69308,2.69308,14852507
1987-11-04,2.67198,2.72867,2.65768,2.69308,2.69308,7953390
1987-11-05,2.6862,2.76427,2.67198,2.74985,2.74985,11242663
1987-11-06,2.74985,2.77819,2.64375,2.64375,2.64375,8540359
1987-11-09,2.64375,2.64375,2.52293,2.52999,2.52999,13768874
1987-11-10,2.47331,2.59383,2.45203,2.50184,2.50184,14238449
1987-11-11,2.56578,2.57264,2.53724,2.5445,2.5445,7745696
1987-11-12,2.5445,2.70023,2.5445,2.65061,2.65061,11450357
1987-11-13,2.64375,2.70023,2.64375,2.67198,2.67198,12129885
1987-11-16,2.67198,2.72867,2.67198,2.71435,2.71435,9215368
1987-11-17,2.69308,2.71435,2.65061,2.67895,2.67895,10028092
1987-11-18,2.67895,2.72867,2.62963,2.72141,2.72141,7860831
1987-11-19,2.71435,2.72141,2.62963,2.65768,2.65768,8066266
1987-11-20,2.6153,2.70739,2.58697,2.70739,2.70739,11312651
1987-11-23,2.70739,2.74279,2.69308,2.74279,2.74279,7547035
1987-11-24,2.74985,2.80654,2.74985,2.77113,2.77113,15807453
1987-11-25,2.77819,2.77819,2.72141,2.72867,2.72867,5867401
1987-11-27,2.72141,2.72867,2.65061,2.65061,2.65061,2751968
1987-11-30,2.60795,2.60795,2.46614,2.5445,2.5445,15109866
1987-12-01,2.56578,2.62227,2.55157,2.58697,2.58697,11181708
1987-12-02,2.62227,2.67198,2.59383,2.64375,2.64375,9750417
1987-12-03,2.62963,2.63658,2.50184,2.50184,2.50184,14195554
1987-12-04,2.49508,2.52293,2.438,2.46614,2.46614,15105350
1987-12-07,2.48742,2.59383,2.48742,2.59383,2.59383,7635076
1987-12-08,2.60795,2.6862,2.60108,2.6862,2.6862,9849741
1987-12-09,2.67895,2.76427,2.67198,2.69308,2.69308,14755427
1987-12-10,2.66453,2.69308,2.62963,2.62963,2.62963,12159235
1987-12-11,2.66453,2.67895,2.62227,2.65061,2.65061,7736672
1987-12-14,2.66453,2.76427,2.65768,2.75692,2.75692,10687301
1987-12-15,2.76427,2.79252,2.71435,2.73553,2.73553,12732651
1987-12-16,2.74279,2.78544,2.6862,2.77819,2.77819,10459287
1987-12-17,2.79252,2.79937,2.6862,2.70023,2.70023,9176993
1987-12-18,2.72867,2.77819,2.70739,2.74985,2.74985,19187023
1987-12-21,2.74985,2.77819,2.72141,2.76427,2.76427,6549190
1987-12-22,2.74985,2.75692,2.6862,2.72141,2.72141,7300956
1987-12-23,2.75692,2.78544,2.74985,2.76427,2.76427,7587667
1987-12-24,2.77819,2.77819,2.74279,2.76427,2.76427,3000297
1987-12-28,2.69308,2.70023,2.65061,2.67895,2.67895,5874180
1987-12-29,2.6862,2.70023,2.66453,2.66453,2.66453,4465460
1987-12-30,2.62963,2.70023,2.62963,2.67198,2.67198,9497567
1987-12-31,2.63658,2.63658,2.60795,2.60795,2.60795,8240101
1988-01-04,2.64375,2.72141,2.64375,2.72141,2.72141,11174938
1988-01-05,2.77819,2.77819,2.73553,2.73553,2.73553,11750612
1988-01-06,2.74279,2.74279,2.70023,2.71435,2.71435,12039581
1988-01-07,2.69308,2.71435,2.67895,2.70023,2.70023,10734711
1988-01-08,2.69308,2.71435,2.51616,2.52293,2.52293,17708321
1988-01-11,2.55157,2.56578,2.438,2.51616,2.51616,16166402
1988-01-12,2.52293,2.52293,2.45949,2.49508,2.49508,13249631
1988-01-13,2.48066,2.52293,2.42379,2.48742,2.48742,15053428
1988-01-14,2.50184,2.51616,2.48066,2.51616,2.51616,7813421
1988-01-15,2.57264,2.6153,2.56578,2.57264,2.57264,16866252
1988-01-18,2.58697,2.60108,2.55833,2.58697,2.58697,7081973
1988-01-19,2.57264,2.62963,2.53724,2.58697,2.58697,10344153
1988-01-20,2.55833,2.57264,2.45949,2.49508,2.49508,19557263
1988-01-21,2.51616,2.67895,2.47331,2.60108,2.60108,39347057
1988-01-22,2.67198,2.77819,2.66453,2.77819,2.77819,51878791
1988-01-25,2.77819,2.77819,2.71435,2.74279,2.74279,27768022
1988-01-26,2.72141,2.73553,2.67895,2.70023,2.70023,11971853
1988-01-27,2.71435,2.71435,2.6153,2.62227,2.62227,18898056
1988-01-28,2.63658,2.70023,2.62963,2.67198,2.67198,11005614
1988-01-29,2.70023,2.74279,2.6862,2.72867,2.72867,11937991
1988-02-01,2.74985,2.75692,2.70023,2.70739,2.70739,7486074
1988-02-02,2.70023,2.73553,2.6862,2.70023,2.70023,7452216
1988-02-03,2.72141,2.73553,2.64375,2.65768,2.65768,12310489
1988-02-04,2.65768,2.70023,2.65061,2.69308,2.69308,8203983
1988-02-05,2.70023,2.73553,2.6862,2.6862,2.6862,6305376
1988-02-08,2.66453,2.67895,2.65768,2.67198,2.67198,6034467
1988-02-09,2.67895,2.71435,2.67198,2.71435,2.71435,6235389
1988-02-10,2.71435,2.77819,2.69308,2.77819,2.77819,17453215
1988-02-11,2.77819,2.79252,2.73553,2.74279,2.74279,11222343
1988-02-12,2.75692,2.79937,2.74985,2.77819,2.77819,13640191
1988-02-16,2.77819,2.85606,2.74985,2.85606,2.85606,17475793
1988-02-17,2.84899,2.88459,2.82772,2.83487,2.83487,15854858
1988-02-18,2.79937,2.82772,2.77113,2.78544,2.78544,8052724
1988-02-19,2.79252,2.82772,2.77113,2.82772,2.82772,11276527
1988-02-22,2.82772,2.88459,2.81379,2.88459,2.88459,14247474
1988-02-23,2.89862,2.91283,2.86332,2.87057,2.87057,10368982
1988-02-24,2.86332,2.88459,2.84899,2.87057,2.87057,8646465
1988-02-25,2.86332,2.91283,2.80654,2.82772,2.82772,12556559
1988-02-26,2.83487,2.86332,2.81379,2.84204,2.84204,5476846
1988-02-29,2.87057,2.92009,2.84204,2.91283,2.91283,8422966
1988-03-01,2.92009,2.92009,2.88459,2.90587,2.90587,7569611
1988-03-02,2.92009,2.94814,2.90587,2.91283,2.91283,7088748
1988-03-03,2.91283,2.92009,2.88459,2.89862,2.89862,5603273
1988-03-04,2.88459,2.90587,2.84204,2.87057,2.87057,6853960
1988-03-07,2.87057,2.89166,2.85606,2.88459,2.88459,3724975
1988-03-08,2.89862,2.93402,2.88459,2.92009,2.92009,6948776
1988-03-09,2.95549,3.02631,2.95549,2.98393,2.98393,23704404
1988-03-10,2.98393,3.00492,2.92706,2.94118,2.94118,13105155
1988-03-11,2.94118,2.94118,2.83487,2.93402,2.93402,20261622
1988-03-14,2.92706,2.95549,2.90587,2.95549,2.95549,5354938
1988-03-15,2.95549,2.96932,2.93402,2.94118,2.94118,6314400
1988-03-16,2.92706,2.98393,2.89862,2.98393,2.98393,6793003
1988-03-17,2.98393,3.03336,2.96236,3.01913,3.01913,10852105
1988-03-18,3.02631,3.03336,2.99081,2.99081,2.99081,18396880
1988-03-21,2.98393,2.99081,2.94118,2.96236,2.96236,5655193
1988-03-22,2.98393,2.98393,2.94814,2.97668,2.97668,6361812
1988-03-23,2.98393,2.98393,2.94118,2.96236,2.96236,6815582
1988-03-24,2.94118,2.94118,2.87057,2.89862,2.89862,8772889
1988-03-25,2.87057,2.88459,2.82772,2.82772,2.82772,8203983
1988-03-28,2.79252,2.82084,2.75692,2.79937,2.79937,11077853
1988-03-29,2.82772,2.84204,2.80654,2.82772,2.82772,8156575
1988-03-30,2.84204,2.86332,2.74985,2.75692,2.75692,10666977
1988-03-31,2.74985,2.79252,2.70739,2.77819,2.77819,12197609
1988-04-04,2.75692,2.77113,2.70023,2.71435,2.71435,12565593
1988-04-05,2.73553,2.77819,2.73553,2.74985,2.74985,7574123
1988-04-06,2.78544,2.87057,2.77113,2.86332,2.86332,11996683
1988-04-07,2.86332,2.87057,2.82772,2.84204,2.84204,8100134
1988-04-08,2.84899,2.92009,2.82772,2.89166,2.89166,12450459
1988-04-11,2.89862,2.89862,2.86332,2.89166,2.89166,6723021
1988-04-12,2.87057,2.94118,2.87057,2.94118,2.94118,8617119
1988-04-13,2.92009,2.94118,2.88459,2.94118,2.94118,6562730
1988-04-14,2.89862,2.89862,2.78544,2.78544,2.78544,15019561
1988-04-15,2.78544,2.80654,2.72141,2.79252,2.79252,17308731
1988-04-18,2.78544,2.78544,2.74985,2.74985,2.74985,7170022
1988-04-19,2.74985,2.77113,2.70023,2.70023,2.70023,11951535
1988-04-20,2.70023,2.72867,2.69308,2.69308,2.69308,8217528
1988-04-21,2.71435,2.74985,2.64375,2.67198,2.67198,13202224
1988-04-22,2.65768,2.72141,2.64375,2.71435,2.71435,12565593
1988-04-25,2.71435,2.77819,2.70023,2.77113,2.77113,10468320
1988-04-26,2.75692,2.78544,2.73553,2.77113,2.77113,7851804
1988-04-27,2.76427,2.77113,2.71435,2.72141,2.72141,7743441
1988-04-28,2.71435,2.77113,2.67198,2.70023,2.70023,14992471
1988-04-29,2.69308,2.71435,2.63658,2.65061,2.65061,7984995
1988-05-02,2.65768,2.67895,2.63658,2.65768,2.65768,5601018
1988-05-03,2.66453,2.69308,2.66453,2.67895,2.67895,7461246
1988-05-04,2.66453,2.66453,2.6153,2.6153,2.6153,10856619
1988-05-05,2.6153,2.62227,2.60108,2.60795,2.60795,10766311
1988-05-06,2.60108,2.62227,2.56578,2.57971,2.57971,9274065
1988-05-09,2.55157,2.55833,2.51616,2.55157,2.55157,15414637
1988-05-10,2.55157,2.58697,2.52999,2.55833,2.55833,9757185
1988-05-11,2.5089,2.56578,2.5089,2.55157,2.55157,14847989
1988-05-12,2.55833,2.57971,2.53724,2.5445,2.5445,7249032
1988-05-13,2.55157,2.57971,2.5445,2.56578,2.56578,4777001
1988-05-16,2.57264,2.57971,2.53724,2.57264,2.57264,6763661
1988-05-17,2.59383,2.60108,2.50184,2.50184,2.50184,9903930
1988-05-18,2.50184,2.5445,2.438,2.45203,2.45203,14202328
1988-05-19,2.45949,2.51616,2.45203,2.49508,2.49508,12224702
1988-05-20,2.52293,2.53724,2.5089,2.5089,2.5089,10809208
1988-05-23,2.52293,2.5445,2.5089,2.52999,2.52999,4214869
1988-05-24,2.5445,2.58697,2.53724,2.57971,2.57971,8820298
1988-05-25,2.60108,2.63658,2.60108,2.60108,2.60108,14150404
1988-05-26,2.60108,2.64375,2.60108,2.62963,2.62963,10463800
1988-05-27,2.63658,2.65061,2.62227,2.62963,2.62963,6741079
1988-05-31,2.65061,2.74985,2.64375,2.74279,2.74279,13231572
1988-06-01,2.75692,2.82084,2.74985,2.79937,2.79937,22148944
1988-06-02,2.77819,2.81379,2.76427,2.79252,2.79252,12423365
1988-06-03,2.79937,2.81379,2.77113,2.79937,2.79937,6887821
1988-06-06,2.79937,2.81379,2.77819,2.79937,2.79937,7174532
1988-06-07,2.78544,2.79937,2.76427,2.76427,2.76427,6840411
1988-06-08,2.77819,2.84899,2.77113,2.84204,2.84204,14030750
1988-06-09,2.83487,2.84204,2.79937,2.79937,2.79937,10585712
1988-06-10,2.79252,2.80654,2.72867,2.72867,2.72867,12497866
1988-06-13,2.76427,2.79252,2.75692,2.78544,2.78544,10093562
1988-06-14,2.83487,2.87057,2.82772,2.84204,2.84204,16780460
1988-06-15,2.84204,2.87744,2.84204,2.87744,2.87744,6388896
1988-06-16,2.86332,2.86332,2.81379,2.82084,2.82084,8411679
1988-06-17,2.82084,2.86332,2.81379,2.85606,2.85606,20780865
1988-06-20,2.84204,2.84204,2.81379,2.83487,2.83487,30653188
1988-06-21,2.84899,2.85606,2.79937,2.83487,2.83487,9152155
1988-06-22,2.85606,2.85606,2.79252,2.79937,2.79937,18543618
1988-06-23,2.79937,2.81379,2.79252,2.80654,2.80654,5851603
1988-06-24,2.79937,2.80654,2.77113,2.77819,2.77819,5420408
1988-06-27,2.76427,2.77113,2.70739,2.70739,2.70739,7802139
1988-06-28,2.72867,2.74985,2.71435,2.73553,2.73553,6379867
1988-06-29,2.74279,2.77113,2.72141,2.74279,2.74279,5860627
1988-06-30,2.77113,2.79937,2.76427,2.79937,2.79937,6763661
1988-07-01,2.79937,2.79937,2.77819,2.78544,2.78544,4783775
1988-07-05,2.77819,2.81379,2.76427,2.81379,2.81379,6793003
1988-07-06,2.79937,2.81379,2.71435,2.74985,2.74985,9172473
1988-07-07,2.72867,2.74985,2.71435,2.72867,2.72867,13414436
1988-07-08,2.72867,2.74279,2.71435,2.72141,2.72141,7696028
1988-07-11,2.74279,2.77819,2.72867,2.77113,2.77113,5201424
1988-07-12,2.76427,2.77819,2.74279,2.74985,2.74985,7962424
1988-07-13,2.75692,2.79937,2.74985,2.79937,2.79937,10131940
1988-07-14,2.79937,2.82084,2.79252,2.81379,2.81379,5497166
1988-07-15,2.80654,2.81379,2.77113,2.79937,2.79937,13177394
1988-07-18,2.79252,2.79252,2.77113,2.78544,2.78544,5675512
1988-07-19,2.77113,2.79252,2.75692,2.78544,2.78544,6508548
1988-07-20,2.77819,2.81379,2.77819,2.80654,2.80654,6592082
1988-07-21,2.79937,2.79937,2.77113,2.77113,2.77113,4982443
1988-07-22,2.76427,2.76427,2.72141,2.72867,2.72867,6086388
1988-07-25,2.72867,2.74985,2.70023,2.74279,2.74279,7194853
1988-07-26,2.72141,2.74985,2.71435,2.72867,2.72867,5589722
1988-07-27,2.74279,2.74279,2.6862,2.6862,2.6862,5840320
1988-07-28,2.69308,2.72867,2.67895,2.72141,2.72141,10499924
1988-07-29,2.74279,2.83487,2.72867,2.82084,2.82084,9955851
1988-08-01,2.82084,2.85606,2.82084,2.84204,2.84204,8603574
1988-08-02,2.85606,2.86332,2.82772,2.84204,2.84204,8294288
1988-08-03,2.84899,2.89166,2.84204,2.88459,2.88459,13292532
1988-08-04,2.89862,2.90587,2.84204,2.84204,2.84204,8183664
1988-08-05,2.83487,2.84204,2.82772,2.84204,2.84204,2984500
1988-08-08,2.84204,2.89166,2.84204,2.85606,2.85606,8644208
1988-08-09,2.85606,2.85606,2.80654,2.83487,2.83487,9777503
1988-08-10,2.83487,2.84204,2.80654,2.80654,2.80654,10978523
1988-08-11,2.81379,2.82084,2.79252,2.81379,2.81379,5982539
1988-08-12,2.79937,2.82084,2.79937,2.81379,2.81379,4939548
1988-08-15,2.80654,2.83487,2.79937,2.79937,2.79937,4765714
1988-08-16,2.77819,2.84204,2.77819,2.81379,2.81379,11608384
1988-08-17,2.82084,2.85606,2.82084,2.85606,2.85606,7580898
1988-08-18,2.84899,2.87057,2.83487,2.87057,2.87057,6415992
1988-08-19,2.88459,2.89166,2.82084,2.83487,2.83487,10034865
1988-08-22,2.83487,2.83487,2.80654,2.82084,2.82084,8007575
1988-08-23,2.83487,2.84899,2.81379,2.83487,2.83487,6445341
1988-08-24,2.82772,2.88459,2.82772,2.88459,2.88459,7984995
1988-08-25,2.85606,2.90587,2.85606,2.89862,2.89862,6811069
1988-08-26,2.89166,2.89862,2.87057,2.87057,2.87057,4034266
1988-08-29,2.87057,2.89166,2.87057,2.88459,2.88459,6097673
1988-08-30,2.87744,2.88459,2.85606,2.86332,2.86332,4201327
1988-08-31,2.87057,2.88459,2.85606,2.87057,2.87057,4083932
1988-09-01,2.85606,2.86332,2.82772,2.85606,2.85606,6993928
1988-09-02,2.89166,2.92706,2.87744,2.90587,2.90587,9210852
1988-09-06,2.92009,2.95549,2.92009,2.95549,2.95549,11843175
1988-09-07,2.99081,3.02631,2.97668,2.99081,2.99081,14251990
1988-09-08,2.98393,3.00492,2.96932,2.99835,2.99835,9605932
1988-09-09,2.99081,3.01208,2.96236,2.97668,2.97668,6942003
1988-09-12,2.99081,2.99081,2.96236,2.97668,2.97668,7350625
1988-09-13,2.96236,2.96932,2.94814,2.96236,2.96236,9985200
1988-09-14,2.96932,3.01208,2.96236,3.01208,3.01208,14884110
1988-09-15,3.01208,3.02631,2.99081,2.99081,2.99081,8321372
1988-09-16,2.98393,3.03336,2.98393,3.00492,3.00492,19485024
1988-09-19,2.99835,2.99835,2.96236,2.99081,2.99081,5797420
1988-09-20,2.99081,3.01208,2.99081,2.99835,2.99835,3192193
1988-09-21,3.00492,3.03336,2.99835,3.02631,3.02631,6851703
1988-09-22,3.02631,3.02631,2.99081,2.99835,2.99835,5359455
1988-09-23,2.99835,3.01913,2.99081,3.01913,3.01913,7093261
1988-09-26,3.01208,3.01208,2.99835,3.01208,3.01208,3043196
1988-09-27,3.00492,3.01913,2.99835,3.01208,3.01208,4521899
1988-09-28,3.00492,3.02631,2.99835,3.02631,3.02631,5689056
1988-09-29,3.01913,3.04738,3.01208,3.04738,3.04738,6987159
1988-09-30,3.03336,3.07582,3.03336,3.04738,3.04738,7468018
1988-10-03,3.04042,3.06171,3.03336,3.05473,3.05473,6386643
1988-10-04,3.05473,3.06171,3.03336,3.03336,3.03336,4591882
1988-10-05,3.03336,3.06171,3.03336,3.04738,3.04738,8057236
1988-10-06,3.04738,3.05473,3.04042,3.04738,3.04738,3557924
1988-10-07,3.05473,3.09729,3.03336,3.09729,3.09729,10429937
1988-10-10,3.09729,3.10416,3.09004,3.09729,3.09729,6443081
1988-10-11,3.08328,3.08328,3.05473,3.06906,3.06906,6682386
1988-10-12,3.03336,3.04042,2.99081,3.01208,3.01208,9531430
1988-10-13,2.99835,3.05473,2.99835,3.04738,3.04738,6720762
1988-10-14,3.06906,3.08328,3.05473,3.06171,3.06171,6237646
1988-10-17,3.06171,3.07582,3.05473,3.06171,3.06171,4790546
1988-10-18,3.06906,3.08328,3.06171,3.06906,3.06906,8729996
1988-10-19,3.08328,3.08328,3.04042,3.06171,3.06171,9237946
1988-10-20,3.06171,3.11848,3.06171,3.11848,3.11848,12579138
1988-10-21,3.11142,3.12525,3.09729,3.12525,3.12525,15613306
1988-10-24,3.12525,3.12525,3.08328,3.08328,3.08328,3831080
1988-10-25,3.08328,3.10416,3.08328,3.10416,3.10416,3445040
1988-10-26,3.11142,3.11848,3.06906,3.09729,3.09729,5754529
1988-10-27,3.08328,3.08328,3.04738,3.06171,3.06171,7734412
1988-10-28,3.06171,3.09004,3.06171,3.08328,3.08328,7901467
1988-10-31,3.08328,3.10416,3.07582,3.08328,3.08328,5781621
1988-11-01,3.08328,3.10416,3.08328,3.09729,3.09729,6307632
1988-11-02,3.09004,3.10416,3.07582,3.10416,3.10416,7856317
1988-11-03,3.11142,3.11848,3.08328,3.09004,3.09004,4779262
1988-11-04,3.07582,3.10416,3.06906,3.06906,3.06906,6099935
1988-11-07,3.04738,3.06171,3.04042,3.04738,3.04738,10113879
1988-11-08,3.06171,3.08328,3.06171,3.06906,3.06906,4469972
1988-11-09,3.05473,3.06906,3.04738,3.05473,3.05473,9256007
1988-11-10,3.04738,3.06171,3.04738,3.05473,3.05473,3943962
1988-11-11,3.03336,3.04042,2.99081,2.99081,2.99081,12642349
1988-11-14,2.99835,2.99835,2.94118,2.96236,2.96236,8632922
1988-11-15,2.95549,2.97668,2.94118,2.94814,2.94814,4853763
1988-11-16,2.94814,2.96932,2.87744,2.88459,2.88459,15468818
1988-11-17,2.91283,2.93402,2.90587,2.93402,2.93402,8470373
1988-11-18,2.94118,2.97668,2.93402,2.96932,2.96932,9689461
1988-11-21,2.96236,2.99081,2.94118,2.98393,2.98393,6935229
1988-11-22,2.97668,3.01208,2.97668,3.01208,3.01208,6375361
1988-11-23,3.01208,3.02631,3.01208,3.01208,3.01208,3496958
1988-11-25,2.99081,2.99081,2.95549,2.95549,2.95549,3916868
1988-11-28,2.96236,3.01208,2.96236,2.99835,2.99835,8743541
1988-11-29,2.99835,3.07582,2.99081,3.06171,3.06171,9587869
1988-11-30,3.04738,3.08328,3.03336,3.06906,3.06906,9170216
1988-12-01,3.06906,3.07582,3.04042,3.04042,3.04042,4088446
1988-12-02,3.02631,3.02631,3.01208,3.02631,3.02631,9057341
1988-12-05,3.02631,3.09729,3.02631,3.04738,3.04738,7682486
1988-12-06,3.04738,3.09729,3.03336,3.09004,3.09004,8653239
1988-12-07,3.10416,3.11848,3.09729,3.11142,3.11142,9441127
1988-12-08,3.11142,3.11142,3.08328,3.08328,3.08328,3232831
1988-12-09,3.08328,3.11142,3.07582,3.10416,3.10416,4226159
1988-12-12,3.10416,3.10416,3.06171,3.06171,3.06171,4887624
1988-12-13,3.04042,3.05473,3.03336,3.05473,3.05473,4817636
1988-12-14,3.04042,3.04738,3.01913,3.03336,3.03336,9292128
1988-12-15,3.03336,3.04042,3.01913,3.03336,3.03336,4648325
1988-12-16,3.04738,3.06171,3.03336,3.06171,3.06171,12951640
1988-12-19,3.04738,3.10416,3.04738,3.10416,3.10416,7594441
1988-12-20,3.11142,3.11848,3.05473,3.05473,3.05473,5422664
1988-12-21,3.06171,3.07582,3.03336,3.04042,3.04042,8815779
1988-12-22,3.04738,3.05473,3.01913,3.02631,3.02631,4508352
1988-12-23,3.03336,3.04738,3.03336,3.04042,3.04042,1553198
1988-12-27,3.03336,3.04042,3.01913,3.01913,3.01913,1731553
1988-12-28,3.03336,3.04042,3.00492,3.02631,3.02631,3081571
1988-12-29,3.03336,3.06171,3.02631,3.06171,3.06171,4325489
1988-12-30,3.07582,3.08328,3.03336,3.03336,3.03336,3375055
1989-01-03,3.03336,3.03336,2.96236,2.98393,2.98393,9055086
1989-01-04,2.99835,3.04738,2.99081,3.04042,3.04042,7768271
1989-01-05,3.04738,3.06171,3.01913,3.06171,3.06171,5901268
1989-01-06,3.07582,3.07582,3.05473,3.05473,3.05473,5594242
1989-01-09,3.05473,3.06906,3.03336,3.04738,3.04738,9515628
1989-01-10,3.04738,3.05473,3.01208,3.02631,3.02631,7391261
1989-01-11,3.02631,3.04738,3.01913,3.03336,3.03336,7138414
1989-01-12,3.04738,3.04738,3.01208,3.01208,3.01208,10145484
1989-01-13,3.01913,3.01913,3.00492,3.01208,3.01208,6838160
1989-01-16,3.02631,3.04738,3.01208,3.04738,3.04738,4515125
1989-01-17,3.03336,3.06906,3.02631,3.06171,3.06171,6402449
1989-01-18,3.06171,3.09004,3.04738,3.09004,3.09004,11897354
1989-01-19,3.09004,3.09004,3.06171,3.06906,3.06906,5424923
1989-01-20,3.06906,3.07582,3.06171,3.07582,3.07582,9398231
1989-01-23,3.07582,3.09729,3.04738,3.04738,3.04738,6540157
1989-01-24,3.06171,3.10416,3.05473,3.10416,3.10416,9818141
1989-01-25,3.10416,3.10416,3.07582,3.09004,3.09004,8748057
1989-01-26,3.09004,3.13937,3.06906,3.1327,3.1327,10481863
1989-01-27,3.16839,3.28127,3.15407,3.2391,3.2391,23991119
1989-01-30,3.21712,3.2391,3.19654,3.22517,3.22517,9364372
1989-01-31,3.24616,3.27441,3.21712,3.26725,3.26725,9111520
1989-02-01,3.26725,3.28127,3.23145,3.23145,3.23145,8678069
1989-02-02,3.25302,3.25302,3.21712,3.21712,3.21712,6057039
1989-02-03,3.19654,3.23145,3.19654,3.23145,3.23145,6440828
1989-02-06,3.21712,3.2391,3.2034,3.22517,3.22517,4214869
1989-02-07,3.21712,3.28833,3.21712,3.26028,3.26028,10050669
1989-02-08,3.27441,3.28833,3.26725,3.26725,3.26725,8964782
1989-02-09,3.2391,3.26725,3.18242,3.21067,3.21067,9626248
1989-02-10,3.18242,3.21712,3.15407,3.15407,3.15407,8307829
1989-02-13,3.15407,3.21712,3.14652,3.17497,3.17497,11551950
1989-02-14,3.2034,3.2034,3.15407,3.17497,3.17497,9901665
1989-02-15,3.16094,3.21712,3.15407,3.21712,3.21712,10136451
1989-02-16,3.23145,3.23145,3.2034,3.21067,3.21067,7054884
1989-02-17,3.21712,3.24616,3.21067,3.2391,3.2391,8935431
1989-02-21,3.23145,3.2391,3.19654,3.2034,3.2034,6075099
1989-02-22,3.21712,3.21712,3.1327,3.1327,3.1327,8152059
1989-02-23,3.1327,3.14652,3.11142,3.1327,3.1327,8330404
1989-02-24,3.13937,3.13937,3.09004,3.09729,3.09729,9192797
1989-02-27,3.09004,3.12525,3.08328,3.11848,3.11848,4887624
1989-02-28,3.11848,3.12525,3.06906,3.09004,3.09004,10116142
1989-03-01,3.11142,3.11848,3.05473,3.06906,3.06906,10323836
1989-03-02,3.06906,3.11848,3.06171,3.11142,3.11142,7508652
1989-03-03,3.11848,3.1327,3.10416,3.12525,3.12525,6544671
1989-03-06,3.14652,3.14652,3.12525,3.1327,3.1327,7425121
1989-03-07,3.14652,3.15407,3.11848,3.12525,3.12525,7348366
1989-03-08,3.1327,3.16839,3.11142,3.12525,3.12525,9626248
1989-03-09,3.1327,3.16094,3.12525,3.14652,3.14652,7242263
1989-03-10,3.14652,3.14652,3.11848,3.13937,3.13937,8411679
1989-03-13,3.14652,3.21067,3.13937,3.17497,3.17497,8641950
1989-03-14,3.21067,3.2391,3.19654,3.21712,3.21712,11244921
1989-03-15,3.2391,3.28833,3.22517,3.28127,3.28127,10856619
1989-03-16,3.28127,3.35246,3.28127,3.33805,3.33805,14301661
1989-03-17,3.2391,3.26028,3.22517,3.24616,3.24616,25815230
1989-03-20,3.23145,3.23145,3.16094,3.17497,3.17497,12883912
1989-03-21,3.19654,3.2034,3.17497,3.18242,3.18242,8330404
1989-03-22,3.17497,3.17497,3.13937,3.15407,3.15407,11296846
1989-03-23,3.15407,3.18242,3.1327,3.14652,3.14652,7237745
1989-03-27,3.15407,3.19654,3.14652,3.18937,3.18937,4271309
1989-03-28,3.2034,3.2391,3.19654,3.2391,3.2391,7903729
1989-03-29,3.25302,3.28127,3.25302,3.25302,3.25302,6535642
1989-03-30,3.24616,3.26725,3.22517,3.24616,3.24616,6546932
1989-03-31,3.25302,3.26725,3.2391,3.25302,3.25302,3774643
1989-04-03,3.26028,3.28833,3.25302,3.25302,3.25302,6294083
1989-04-04,3.25302,3.25302,3.23145,3.2391,3.2391,5154012
1989-04-05,3.2391,3.26028,3.23145,3.25302,3.25302,6217326
1989-04-06,3.24616,3.26725,3.2391,3.24616,3.24616,5461045
1989-04-07,3.2391,3.28127,3.22517,3.26725,3.26725,4844726
1989-04-10,3.28833,3.28833,3.26725,3.26725,3.26725,4052326
1989-04-11,3.28127,3.33098,3.28127,3.31706,3.31706,6962322
1989-04-12,3.34531,3.35246,3.31706,3.33098,3.33098,6580791
1989-04-13,3.31706,3.32402,3.28127,3.28833,3.28833,5070482
1989-04-14,3.31706,3.34531,3.30284,3.33805,3.33805,8377816
1989-04-17,3.33805,3.36658,3.33098,3.33805,3.33805,8822555
1989-04-18,3.38766,3.40169,3.37346,3.40169,3.40169,10387044
1989-04-19,3.40169,3.43003,3.38766,3.43003,3.43003,9382430
1989-04-20,3.43758,3.43758,3.36658,3.41581,3.41581,12789091
1989-04-21,3.40924,3.44396,3.40169,3.44396,3.44396,18277229
1989-04-24,3.42326,3.43758,3.42326,3.42326,3.42326,6127024
1989-04-25,3.43758,3.45181,3.40924,3.40924,3.40924,7874378
1989-04-26,3.40169,3.42326,3.38766,3.42326,3.42326,6355039
1989-04-27,3.42326,3.47289,3.40169,3.45181,3.45181,8793210
1989-04-28,3.46563,3.46563,3.43758,3.45181,3.45181,5221742
1989-05-01,3.42326,3.43758,3.38766,3.42326,3.42326,6542420
1989-05-02,3.43758,3.45867,3.43003,3.43758,3.43758,6508548
1989-05-03,3.43003,3.43758,3.41581,3.43003,3.43003,5208191
1989-05-04,3.42326,3.44396,3.42326,3.44396,3.44396,3277983
1989-05-05,3.47956,3.48701,3.40169,3.40169,3.40169,8628404
1989-05-08,3.39483,3.41581,3.36658,3.41581,3.41581,6303114
1989-05-09,3.42326,3.44396,3.39483,3.41581,3.41581,8262682
1989-05-10,3.42326,3.44396,3.38766,3.43758,3.43758,7607987
1989-05-11,3.38766,3.43758,3.38071,3.40924,3.40924,13929161
1989-05-12,3.51525,3.52251,3.45181,3.52251,3.52251,13704536
1989-05-15,3.53662,3.58605,3.51525,3.5791,3.5791,7433020
1989-05-16,3.57212,3.60734,3.55085,3.59331,3.59331,8944459
1989-05-17,3.62175,3.63587,3.55085,3.5791,3.5791,8541491
1989-05-18,3.5791,3.59331,3.55772,3.5791,3.5791,9451283
1989-05-19,3.58605,3.6498,3.57212,3.62175,3.62175,21353154
1989-05-22,3.70687,3.73501,3.63587,3.71334,3.71334,11339735
1989-05-23,3.69941,3.69941,3.6145,3.6145,3.6145,9227790
1989-05-24,3.5791,3.60734,3.51525,3.5437,3.5437,10576685
1989-05-25,3.56517,3.63587,3.55085,3.60027,3.60027,6765915
1989-05-26,3.60027,3.60734,3.53662,3.59331,3.59331,9819269
1989-05-30,3.60734,3.6145,3.53662,3.5437,3.5437,5492649
1989-05-31,3.53662,3.60027,3.51525,3.56517,3.56517,5063713
1989-06-01,3.59331,3.65715,3.5791,3.62861,3.62861,6972486
1989-06-02,3.67844,3.73501,3.67844,3.72786,3.72786,5435085
1989-06-05,3.74189,3.77757,3.67844,3.69266,3.69266,6033338
1989-06-06,3.71334,3.77757,3.67137,3.74943,3.74943,9638663
1989-06-07,3.77757,3.77757,3.74189,3.74189,3.74189,4536573
1989-06-08,3.77041,3.77757,3.71334,3.71334,3.71334,5796292
1989-06-09,3.74943,3.87672,3.74943,3.87672,3.87672,14618849
1989-06-12,3.8627,3.87672,3.74943,3.79886,3.79886,10791148
1989-06-13,3.67844,3.71334,3.60027,3.64284,3.64284,14107510
1989-06-14,3.67137,3.67137,3.60734,3.6145,3.6145,10089042
1989-06-15,3.59331,3.59331,3.52927,3.56517,3.56517,12465134
1989-06-16,3.5437,3.6145,3.53662,3.60027,3.60027,15110997
1989-06-19,3.5791,3.6145,3.55085,3.57212,3.57212,6996188
1989-06-20,3.60734,3.6145,3.52927,3.53662,3.53662,7010861
1989-06-21,3.53662,3.55085,3.49387,3.50839,3.50839,6773814
1989-06-22,3.47956,3.59331,3.47956,3.53662,3.53662,8288638
1989-06-23,3.60734,3.67137,3.5791,3.67137,3.67137,9643178
1989-06-26,3.69266,3.71334,3.6145,3.62861,3.62861,7497364
1989-06-27,3.62861,3.67844,3.6145,3.66401,3.66401,4905686
1989-06-28,3.63587,3.64284,3.57212,3.60027,3.60027,5065972
1989-06-29,3.5437,3.55085,3.50839,3.50839,3.50839,6371969
1989-06-30,3.49387,3.51525,3.40169,3.45867,3.45867,7195981
1989-07-03,3.51525,3.51525,3.45867,3.50839,3.50839,2943857
1989-07-05,3.51525,3.56517,3.47956,3.53662,3.53662,4266794
1989-07-06,3.51525,3.56517,3.50112,3.53662,3.53662,4707018
1989-07-07,3.56517,3.62861,3.50839,3.60027,3.60027,6099935
1989-07-10,3.62861,3.64284,3.59331,3.63587,3.63587,4839084
1989-07-11,3.6145,3.67844,3.6145,3.66401,3.66401,6738824
1989-07-12,3.63587,3.67137,3.60734,3.62861,3.62861,7221943
1989-07-13,3.57212,3.62861,3.57212,3.5791,3.5791,5475716
1989-07-14,3.5791,3.59331,3.49387,3.5791,3.5791,11023676
1989-07-17,3.56517,3.5791,3.50839,3.52927,3.52927,6577406
1989-07-18,3.53662,3.55085,3.47956,3.51525,3.51525,8920757
1989-07-19,3.53662,3.62861,3.53662,3.6145,3.6145,9949080
1989-07-20,3.63587,3.70687,3.60734,3.6145,3.6145,8913987
1989-07-21,3.62861,3.64284,3.60027,3.64284,3.64284,12693142
1989-07-24,3.62861,3.65715,3.60027,3.6145,3.6145,5166431
1989-07-25,3.60027,3.64284,3.5791,3.60027,3.60027,6666581
1989-07-26,3.60734,3.81288,3.60027,3.77757,3.77757,9833940
1989-07-27,3.84151,3.8627,3.80582,3.84828,3.84828,12121983
1989-07-28,3.86985,3.91212,3.84828,3.86985,3.86985,8524552
1989-07-31,3.83426,3.84828,3.77757,3.84828,3.84828,7085359
1989-08-01,3.84151,3.84828,3.74189,3.77757,3.77757,9467087
1989-08-02,3.76356,3.80582,3.73501,3.79886,3.79886,5707116
1989-08-03,3.79886,3.83426,3.7918,3.81288,3.81288,5798550
1989-08-04,3.79886,3.81288,3.77041,3.80582,3.80582,7216295
1989-08-07,3.77041,3.8269,3.74943,3.8269,3.8269,5832418
1989-08-08,3.8269,3.8269,3.74943,3.74943,3.74943,6142830
1989-08-09,3.73501,3.79886,3.67137,3.70687,3.70687,8129480
1989-08-10,3.69941,3.73501,3.69266,3.73501,3.73501,7123739
1989-08-11,3.74943,3.7918,3.70687,3.71334,3.71334,8041438
1989-08-14,3.71334,3.79886,3.70687,3.74943,3.74943,6967965
1989-08-15,3.7918,3.80582,3.73501,3.74189,3.74189,5503935
1989-08-16,3.69941,3.71334,3.67137,3.69941,3.69941,12049739
1989-08-17,3.69941,3.7561,3.69266,3.73501,3.73501,6013014
1989-08-18,3.74943,3.74943,3.69266,3.74943,3.74943,8753697
1989-08-21,3.76356,3.77041,3.58605,3.58605,3.58605,10516854
1989-08-22,3.62175,3.66401,3.60734,3.62861,3.62861,7953390
1989-08-23,3.62861,3.65715,3.60734,3.6498,3.6498,11468415
1989-08-24,3.62861,3.6853,3.59331,3.6853,3.6853,14451790
1989-08-25,3.6853,3.71334,3.66401,3.67137,3.67137,6287313
1989-08-28,3.66401,3.72786,3.6498,3.72099,3.72099,10568779
1989-08-29,3.72099,3.72786,3.66401,3.6853,3.6853,6890081
1989-08-30,3.69941,3.73501,3.67137,3.72786,3.72786,10199668
1989-08-31,3.76356,3.81288,3.74943,3.79886,3.79886,13230445
1989-09-01,3.82024,3.8981,3.82024,3.88398,3.88398,15132443
1989-09-05,3.91212,3.95478,3.83426,3.85535,3.85535,10998844
1989-09-06,3.83426,3.84828,3.76356,3.8269,3.8269,6796393
1989-09-07,3.84828,3.84828,3.74943,3.78484,3.78484,5176591
1989-09-08,3.78484,3.79886,3.66401,3.77041,3.77041,6024304
1989-09-11,3.7561,3.7561,3.69941,3.72099,3.72099,5087419
1989-09-12,3.69941,3.76356,3.69266,3.69941,3.69941,5453143
1989-09-13,3.69941,3.74943,3.6498,3.67137,3.67137,5913688
1989-09-14,3.72099,3.72099,3.66401,3.67137,3.67137,5304144
1989-09-15,3.66401,3.69941,3.62861,3.67137,3.67137,15355944
1989-09-18,3.69266,3.81288,3.6853,3.81288,3.81288,5751137
1989-09-19,3.7918,3.8269,3.77041,3.7918,3.7918,4676541
1989-09-20,3.78484,3.83426,3.76356,3.8269,3.8269,7232102
1989-09-21,3.8269,3.84828,3.74943,3.78484,3.78484,4954222
1989-09-22,3.76356,3.81288,3.76356,3.78484,3.78484,6177819
1989-09-25,3.7918,3.8269,3.77041,3.7918,3.7918,5509582
1989-09-26,3.79886,3.8269,3.77041,3.7918,3.7918,5614558
1989-09-27,3.7918,3.85535,3.76356,3.84828,3.84828,7798750
1989-09-28,3.87672,3.91928,3.8627,3.91928,3.91928,8939948
1989-09-29,3.94056,3.98293,3.91212,3.97606,3.97606,11900742
1989-10-02,3.94056,3.99028,3.91928,3.97606,3.97606,6851703
1989-10-03,4.01853,4.01853,3.94762,3.99028,3.99028,10814851
1989-10-04,4.01107,4.06109,3.97606,4.04666,4.04666,13488939
1989-10-05,4.04666,4.10354,3.99734,4.01853,4.01853,10297873
1989-10-06,4.05411,4.08226,4.03971,4.06109,4.06109,8641950
1989-10-09,4.08226,4.08226,4.04666,4.08226,4.08226,3345707
1989-10-10,4.07531,4.1109,4.04666,4.08226,4.08226,5053552
1989-10-11,4.08226,4.08961,4.03971,4.05411,4.05411,7577509
1989-10-12,4.05411,4.10354,3.98293,3.99734,3.99734,6585312
1989-10-13,4.01853,4.04666,3.66401,3.67137,3.67137,11633220
1989-10-16,3.6853,3.94056,3.67137,3.94056,3.94056,22235864
1989-10-17,3.8981,3.97606,3.7918,3.97606,3.97606,9633020
1989-10-18,3.95478,4.03971,3.91212,3.95478,3.95478,9617215
1989-10-19,3.96184,4.02559,3.95478,3.99028,3.99028,7464632
1989-10-20,4.03971,4.03971,3.99028,4.01853,4.01853,10029224
1989-10-23,3.98293,4.02559,3.97606,3.99028,3.99028,4379670
1989-10-24,3.99734,4.01107,3.7918,3.96184,3.96184,11252816
1989-10-25,3.92615,3.99734,3.92615,3.95478,3.95478,4447399
1989-10-26,3.91928,3.98293,3.89105,3.94056,3.94056,5427182
1989-10-27,3.91928,3.94056,3.84828,3.88398,3.88398,4945192
1989-10-30,3.95478,3.95478,3.8627,3.8981,3.8981,4501580
1989-10-31,3.94056,4.04666,3.92615,4.01853,4.01853,9088948
1989-11-01,3.99028,4.03971,3.96184,4.03971,4.03971,7717476
1989-11-02,4.03971,4.03971,3.92615,3.97606,3.97606,6182340
1989-11-03,3.94056,3.99734,3.92615,3.94762,3.94762,3780289
1989-11-06,3.94762,3.94762,3.8627,3.87672,3.87672,4597521
1989-11-07,3.79886,3.94056,3.79886,3.92615,3.92615,8117067
1989-11-08,3.99028,4.02559,3.97606,4.01107,4.01107,7298699
1989-11-09,4.02559,4.08226,3.98293,3.99028,3.99028,10577809
1989-11-10,4.02559,4.06109,4.01853,4.06109,4.06109,8289769
1989-11-13,4.06109,4.08961,4.03971,4.06109,4.06109,4944061
1989-11-14,4.03971,4.07531,4.01107,4.01853,4.01853,7280637
1989-11-15,4.06109,4.09659,4.01107,4.09659,4.09659,7083103
1989-11-16,4.09659,4.09659,4.03254,4.03971,4.03971,5562634
1989-11-17,4.04666,4.06834,4.01853,4.03254,4.03254,7282893
1989-11-20,4.01107,4.01853,3.97606,4.01107,4.01107,4517381
1989-11-21,4.01107,4.04666,3.97606,4.03254,4.03254,5752270
1989-11-22,4.03971,4.12493,4.03254,4.1109,4.1109,5698093
1989-11-24,4.13894,4.16033,4.1109,4.13894,4.13894,3664030
1989-11-27,4.13894,4.17435,4.1109,4.1109,4.1109,7328043
1989-11-28,4.1109,4.12493,4.06834,4.09659,4.09659,6835903
1989-11-29,4.10354,4.10354,4.06109,4.07531,4.07531,4495937
1989-11-30,4.10354,4.16033,4.08226,4.12493,4.12493,5710500
1989-12-01,4.16033,4.22408,4.14611,4.18848,4.18848,8292029
1989-12-04,4.19553,4.26653,4.18848,4.23103,4.23103,9263906
1989-12-05,4.23103,4.2527,4.17435,4.19553,4.19553,5713893
1989-12-06,4.20965,4.23838,4.20279,4.22408,4.22408,5121282
1989-12-07,4.23103,4.2527,4.19553,4.22408,4.22408,5323334
1989-12-08,4.22408,4.23838,4.20965,4.23838,4.23838,6020917
1989-12-11,4.2527,4.25948,4.20965,4.2527,4.2527,7355133
1989-12-12,4.20965,4.2527,4.19553,4.23103,4.23103,5067096
1989-12-13,4.23103,4.29468,4.23103,4.26653,4.26653,9775245
1989-12-14,4.23103,4.23838,4.20965,4.23103,4.23103,6167660
1989-12-15,4.23103,4.23103,4.13189,4.18848,4.18848,13580366
1989-12-18,4.17435,4.20965,4.04666,4.09659,4.09659,9777503
1989-12-19,4.10354,4.12493,4.06834,4.09659,4.09659,10296746
1989-12-20,4.14611,4.16033,4.07531,4.1109,4.1109,5269154
1989-12-21,4.13189,4.13894,4.1109,4.13189,4.13189,5848219
1989-12-22,4.10354,4.17435,4.10354,4.14611,4.14611,3913486
1989-12-26,4.16719,4.19553,4.14611,4.16033,4.16033,2542018
1989-12-27,4.18848,4.26653,4.17435,4.26653,4.26653,4465460
1989-12-28,4.25948,4.32321,4.22408,4.31615,4.31615,5342524
1989-12-29,4.30193,4.33724,4.30193,4.33047,4.33047,3702399
1990-01-02,4.2877,4.36578,4.26653,4.36578,4.36578,7585410
1990-01-03,4.36578,4.39382,4.32321,4.38744,4.38744,9886996
1990-01-04,4.38744,4.40137,4.33724,4.39382,4.39382,5830159
1990-01-05,4.37989,4.42981,4.35165,4.35165,4.35165,6862990
1990-01-08,4.35165,4.42264,4.33724,4.42264,4.42264,10121781
1990-01-09,4.42264,4.42264,4.2877,4.2877,4.2877,10485251
1990-01-10,4.29468,4.33724,4.19553,4.22408,4.22408,12163748
1990-01-11,4.26653,4.29468,4.2527,4.28065,4.28065,4683308
1990-01-12,4.23103,4.25948,4.13189,4.15297,4.15297,11492122
1990-01-15,4.12493,4.16719,4.1109,4.13189,4.13189,6003988
1990-01-16,4.10354,4.13189,4.06834,4.13189,4.13189,11367961
1990-01-17,4.12493,4.15297,4.09659,4.09659,4.09659,10557495
1990-01-18,4.06834,4.13894,4.06109,4.13189,4.13189,6492748
1990-01-19,4.13189,4.19553,4.12493,4.18848,4.18848,8454572
1990-01-22,4.16719,4.17435,4.03971,4.03971,4.03971,5648424
1990-01-23,4.1109,4.1109,4.01107,4.03254,4.03254,8775146
1990-01-24,3.94056,3.99734,3.84151,3.95478,3.95478,16570511
1990-01-25,3.9337,3.98293,3.84828,3.86985,3.86985,7229844
1990-01-26,3.86985,3.9337,3.7561,3.85535,3.85535,9151029
1990-01-29,3.90505,3.91212,3.8269,3.85535,3.85535,6306499
1990-01-30,3.88398,3.89105,3.72786,3.7918,3.7918,9136357
1990-01-31,3.81288,3.85535,3.78484,3.82024,3.82024,7255802
1990-02-01,3.95478,3.95478,3.87672,3.89105,3.89105,8373302
1990-02-02,3.90505,4.01107,3.89105,3.98293,3.98293,6671103
1990-02-05,3.9689,3.98293,3.94056,3.95478,3.95478,5517483
1990-02-06,3.97606,3.97606,3.88398,3.94056,3.94056,5306400
1990-02-07,3.9337,4.03254,3.89105,3.99734,3.99734,7692644
1990-02-08,4.03971,4.10354,4.01853,4.06834,4.06834,12217931
1990-02-09,4.08226,4.13189,4.07531,4.09659,4.09659,4585108
1990-02-12,4.10354,4.10354,4.04666,4.06834,4.06834,3616614
1990-02-13,4.08226,4.08226,4.0045,4.03254,4.03254,5070482
1990-02-14,4.05411,4.08226,4.03254,4.06834,4.06834,5216100
1990-02-15,4.05411,4.13189,4.05411,4.13189,4.13189,4665253
1990-02-16,4.13189,4.13189,4.05411,4.06834,4.06834,8022255
1990-02-20,4.05411,4.05411,3.92615,3.99734,3.99734,6834773
1990-02-21,3.92615,3.96184,3.92615,3.94056,3.94056,7991773
1990-02-22,3.96184,3.97606,3.8981,3.8981,3.8981,5070482
1990-02-23,3.8981,3.90505,3.81288,3.82024,3.82024,11808187
1990-02-26,3.84828,3.92615,3.81288,3.91212,3.91212,5865144
1990-02-27,3.92615,3.96184,3.90505,3.91212,3.91212,6794135
1990-02-28,3.8981,3.9689,3.8981,3.9337,3.9337,8609212
1990-03-01,3.95478,4.0045,3.94056,3.96184,3.96184,4290501
1990-03-02,3.99734,4.03254,3.9689,4.03254,4.03254,6142830
1990-03-05,4.03254,4.06834,3.9689,3.9689,3.9689,6400192
1990-03-06,3.99028,4.06109,3.99028,4.05411,4.05411,5809837
1990-03-07,4.08961,4.08961,4.03254,4.05411,4.05411,4455299
1990-03-08,4.08961,4.10354,4.06109,4.09659,4.09659,4697989
1990-03-09,4.08226,4.08961,4.05411,4.08226,4.08226,4355969
1990-03-12,4.05411,4.06834,4.0045,4.06109,4.06109,4090706
1990-03-13,4.05411,4.06109,3.97606,3.99028,3.99028,4564791
1990-03-14,4.0045,4.05411,3.99734,4.03971,4.03971,5984800
1990-03-15,4.05411,4.19553,4.03254,4.16719,4.16719,11579039
1990-03-16,4.18848,4.2171,4.16033,4.19553,4.19553,19153161
1990-03-19,4.15297,4.19553,4.15297,4.1816,4.1816,5799677
1990-03-20,4.1816,4.1816,4.11766,4.13189,4.13189,6282799
1990-03-21,4.11766,4.16033,4.09659,4.09659,4.09659,3160589
1990-03-22,4.11766,4.13189,4.0045,4.02559,4.02559,6978124
1990-03-23,4.05411,4.09659,4.03254,4.08961,4.08961,4434981
1990-03-26,4.09659,4.12493,4.08961,4.09659,4.09659,4802964
1990-03-27,4.09659,4.2171,4.06834,4.18848,4.18848,5073873
1990-03-28,4.20965,4.2171,4.16033,4.18848,4.18848,3832213
1990-03-29,4.18848,4.19553,4.14611,4.15297,4.15297,5736461
1990-03-30,4.16033,4.16033,4.10354,4.11766,4.11766,4787161
1990-04-02,4.08961,4.12493,4.06834,4.11766,4.11766,4532056
1990-04-03,4.13189,4.23838,4.11766,4.22408,4.22408,6265867
1990-04-04,4.24545,4.28065,4.14611,4.16033,4.16033,7209527
1990-04-05,4.20965,4.24545,4.1816,4.18848,4.18848,7517685
1990-04-06,4.20965,4.2171,4.11766,4.18848,4.18848,4238576
1990-04-09,4.18848,4.28065,4.1816,4.25948,4.25948,5847086
1990-04-10,4.2171,4.28065,4.20965,4.25948,4.25948,4359351
1990-04-11,4.2877,4.33047,4.27378,4.27378,4.27378,5030980
1990-04-12,4.22408,4.30193,4.20965,4.30193,4.30193,10730196
1990-04-16,4.34459,4.35165,4.27378,4.28065,4.28065,6804291
1990-04-17,4.2527,4.35165,4.24545,4.33724,4.33724,5708243
1990-04-18,4.33047,4.34459,4.28065,4.30193,4.30193,7430763
1990-04-19,4.2171,4.30193,4.2171,4.25948,4.25948,6597730
1990-04-20,4.28065,4.2877,4.23838,4.27378,4.27378,11537272
1990-04-23,4.27378,4.27378,4.1816,4.18848,4.18848,5689056
1990-04-24,4.20965,4.22408,4.13189,4.15297,4.15297,6201525
1990-04-25,4.16033,4.18848,4.12493,4.14611,4.14611,7418351
1990-04-26,4.16033,4.19553,4.12493,4.18848,4.18848,6648522
1990-04-27,4.19553,4.2171,4.10354,4.13189,4.13189,6084127
1990-04-30,4.10354,4.15297,4.08226,4.15297,4.15297,7223072
1990-05-01,4.1816,4.22408,4.16033,4.19553,4.19553,6336979
1990-05-02,4.18848,4.27378,4.1816,4.27378,4.27378,6292955
1990-05-03,4.28065,4.30909,4.24545,4.2527,4.2527,7238878
1990-05-04,4.30909,4.33724,4.25948,4.33047,4.33047,6675612
1990-05-07,4.33047,4.36578,4.30909,4.35165,4.35165,4740881
1990-05-08,4.36578,4.36578,4.33047,4.34459,4.34459,5467819
1990-05-09,4.33724,4.35165,4.27378,4.28065,4.28065,9801206
1990-05-10,4.30193,4.33724,4.27378,4.30909,4.30909,7463500
1990-05-11,4.33724,4.41529,4.30909,4.40137,4.40137,15725051
1990-05-14,4.40137,4.49345,4.40137,4.44364,4.44364,15134696
1990-05-15,4.44364,4.48609,4.41529,4.47198,4.47198,6446465
1990-05-16,4.50052,4.51464,4.43697,4.48609,4.48609,8224297
1990-05-17,4.50052,4.53572,4.47934,4.51464,4.51464,7305474
1990-05-18,4.51464,4.51464,4.45069,4.47934,4.47934,10975140
1990-05-21,4.47198,4.56406,4.45777,4.55013,4.55013,7411576
1990-05-22,4.57132,4.62083,4.51464,4.57848,4.57848,11355538
1990-05-23,4.57848,4.60005,4.54288,4.5925,4.5925,6445341
1990-05-24,4.60653,4.68478,4.57132,4.68478,4.68478,10704234
1990-05-25,4.64948,4.65643,4.60653,4.62083,4.62083,5838057
1990-05-29,4.64948,4.71312,4.6282,4.6988,4.6988,5787264
1990-05-30,4.71998,4.74862,4.68478,4.72724,4.72724,7567349
1990-05-31,4.71312,4.72724,4.6988,4.71312,4.71312,6090903
1990-06-01,4.75578,4.75578,4.6988,4.74127,4.74127,5466685
1990-06-04,4.74127,4.81217,4.6988,4.80511,4.80511,6578535
1990-06-05,4.81217,4.84797,4.80511,4.81217,4.81217,10487506
1990-06-06,4.79109,4.80511,4.74127,4.76244,4.76244,7182434
1990-06-07,4.75578,4.77657,4.71998,4.74127,4.74127,5789519
1990-06-08,4.74127,4.74862,4.63506,4.64948,4.64948,4504969
1990-06-11,4.65643,4.71998,4.65643,4.71998,4.71998,6578535
1990-06-12,4.74127,4.79109,4.67036,4.79109,4.79109,8856416
1990-06-13,4.79109,4.81217,4.74862,4.77657,4.77657,5971252
1990-06-14,4.75578,4.75578,4.71312,4.71312,4.71312,4777001
1990-06-15,4.68478,4.74862,4.67036,4.74862,4.74862,15534289
1990-06-18,4.71998,4.72724,4.6635,4.67036,4.67036,5453143
1990-06-19,4.6635,4.71312,4.6635,4.6988,4.6988,5938521
1990-06-20,4.72724,4.80511,4.71312,4.76244,4.76244,8403776
1990-06-21,4.80511,4.95387,4.79109,4.91161,4.91161,11113979
1990-06-22,4.93249,4.96123,4.81962,4.81962,4.81962,7332566
1990-06-25,4.83344,4.86894,4.75578,4.77657,4.77657,5067096
1990-06-26,4.84797,4.86208,4.78422,4.78422,4.78422,7079715
1990-06-27,4.80511,4.92583,4.80511,4.91161,4.91161,6974740
1990-06-28,4.92583,5.02497,4.92583,5.00378,5.00378,7072942
1990-06-29,5.00378,5.03203,4.95387,4.99653,4.99653,6839284
1990-07-02,4.99653,5.13833,4.97526,5.13833,5.13833,4622360
1990-07-03,5.15255,5.15255,5.10999,5.10999,5.10999,5754529
1990-07-05,5.10999,5.11705,5.00378,5.04606,5.04606,4865047
1990-07-06,5.01781,5.10999,5.00378,5.08155,5.08155,4519642
1990-07-09,5.08842,5.08842,5.03203,5.04606,5.04606,6136055
1990-07-10,5.04606,5.05331,4.99653,5.01781,5.01781,3773514
1990-07-11,5.05331,5.1808,5.03203,5.13833,5.13833,6783973
1990-07-12,5.15952,5.23061,5.12402,5.23061,5.23061,8216393
1990-07-13,5.23747,5.30131,5.20197,5.20197,5.20197,8027895
1990-07-16,5.23747,5.27288,5.20903,5.23061,5.23061,6805420
1990-07-17,5.26601,5.26601,5.17373,5.24453,5.24453,6726411
1990-07-18,5.24453,5.29396,5.2161,5.26601,5.26601,7719738
1990-07-19,5.23747,5.36506,5.23747,5.36506,5.36506,8097879
1990-07-20,5.3581,5.4645,5.34408,5.38643,5.38643,13764361
1990-07-23,5.30828,5.32976,5.10999,5.23747,5.23747,14658353
1990-07-24,5.27288,5.30828,5.20197,5.30828,5.30828,12503510
1990-07-25,5.30828,5.42175,5.30828,5.40066,5.40066,9020093
1990-07-26,5.3935,5.44999,5.37221,5.40762,5.40762,8645338
1990-07-27,5.40066,5.40762,5.31544,5.33661,5.33661,5392186
1990-07-30,5.30131,5.31544,5.20903,5.28013,5.28013,9340663
1990-07-31,5.28013,5.29396,5.18815,5.20903,5.20903,8327024
1990-08-01,5.18815,5.2161,5.15255,5.20197,5.20197,7322402
1990-08-02,5.08842,5.12402,5.05331,5.06753,5.06753,11910903
1990-08-03,5.03203,5.03203,4.74862,4.96123,4.96123,20008773
1990-08-06,4.68478,4.78422,4.64948,4.71998,4.71998,15168565
1990-08-07,4.83344,4.84797,4.74862,4.81217,4.81217,13832085
1990-08-08,4.84797,5.00378,4.81962,4.95387,4.95387,13047583
1990-08-09,4.96123,4.98956,4.91161,4.93249,4.93249,7782950
1990-08-10,4.97526,4.97526,4.79109,4.87611,4.87611,6739957
1990-08-13,4.81962,4.96838,4.81217,4.96838,4.96838,7011992
1990-08-14,4.93976,5.02497,4.91161,4.98956,4.98956,12545274
1990-08-15,5.0744,5.13833,5.04606,5.06753,5.06753,10485251
1990-08-16,5.0389,5.04606,4.95387,4.95387,4.95387,10279814
1990-08-17,4.91161,4.96838,4.75578,4.88307,4.88307,17579642
1990-08-20,4.87611,4.93249,4.81217,4.81962,4.81962,4565922
1990-08-21,4.72724,4.79804,4.61408,4.7343,4.7343,13767748
1990-08-22,4.78422,4.81962,4.62083,4.64948,4.64948,8688232
1990-08-23,4.48609,4.57848,4.45069,4.51464,4.51464,16163019
1990-08-24,4.61408,4.63506,4.50052,4.5925,4.5925,9200699
1990-08-27,4.78422,4.81962,4.74127,4.79109,4.79109,8199467
1990-08-28,4.78422,4.86208,4.76244,4.79804,4.79804,5630363
1990-08-29,4.76244,4.93249,4.76244,4.89013,4.89013,6698187
1990-08-30,4.90426,4.91847,4.81217,4.82639,4.82639,6925075
1990-08-31,4.83344,4.86208,4.78422,4.86208,4.86208,4091832
1990-09-04,4.79109,4.90426,4.78422,4.90426,4.90426,6147344
1990-09-05,4.91847,4.94681,4.87611,4.90426,4.90426,10417521
1990-09-06,4.87611,4.87611,4.74127,4.79804,4.79804,8480534
1990-09-07,4.79804,4.86208,4.78422,4.86208,4.86208,7848416
1990-09-10,4.89013,4.90426,4.79804,4.83344,4.83344,7396909
1990-09-11,4.85463,4.85463,4.79804,4.81962,4.81962,4931647
1990-09-12,4.84797,4.84797,4.79804,4.81962,4.81962,4921485
1990-09-13,4.79804,4.81217,4.6988,4.71312,4.71312,5045651
1990-09-14,4.70587,4.72724,4.67036,4.72724,4.72724,6311017
1990-09-17,4.71312,4.79109,4.69184,4.75578,4.75578,6296342
1990-09-18,4.71312,4.81217,4.67036,4.79804,4.79804,8273964
1990-09-19,4.81962,4.82639,4.74127,4.74127,4.74127,5696957
1990-09-20,4.70587,4.70587,4.61408,4.61408,4.61408,7127126
1990-09-21,4.60653,4.64948,4.57132,4.63506,4.63506,12907616
1990-09-24,4.54288,4.5925,4.48609,4.55013,4.55013,8187049
1990-09-25,4.5572,4.67036,4.54288,4.67036,4.67036,8415068
1990-09-26,4.64223,4.67762,4.58573,4.64948,4.64948,9591259
1990-09-27,4.6988,4.71312,4.5925,4.62083,4.62083,7667811
1990-09-28,4.5214,4.69184,4.51464,4.69184,4.69184,9297774
1990-10-01,4.74127,4.90426,4.72724,4.88307,4.88307,13775646
1990-10-02,4.95387,5.01781,4.91847,4.91847,4.91847,11715621
1990-10-03,4.90426,4.93976,4.81217,4.84797,4.84797,6568378
1990-10-04,4.84797,4.88307,4.79804,4.85463,4.85463,6233127
1990-10-05,4.74127,4.91161,4.74127,4.85463,4.85463,9132969
1990-10-08,4.89013,4.93249,4.87611,4.93249,4.93249,4378543
1990-10-09,4.89013,4.93249,4.82639,4.82639,4.82639,7621527
1990-10-10,4.78422,4.83344,4.75578,4.78422,4.78422,8438771
1990-10-11,4.76971,4.79109,4.6988,4.6988,4.6988,8531328
1990-10-12,4.71312,4.78422,4.6988,4.76244,4.76244,7998545
1990-10-15,4.79804,4.90426,4.75578,4.84797,4.84797,8547134
1990-10-16,4.87611,4.88307,4.79109,4.79804,4.79804,6207171
1990-10-17,4.78422,4.86208,4.76971,4.82639,4.82639,4306300
1990-10-18,4.83344,4.96838,4.83344,4.95387,4.95387,10656824
1990-10-19,5.01066,5.01781,4.91161,4.99653,4.99653,15313051
1990-10-22,5.01066,5.11705,4.98251,5.06037,5.06037,16354912
1990-10-23,5.04606,5.15255,5.0389,5.08842,5.08842,7883407
1990-10-24,5.0744,5.08842,5.01066,5.03203,5.03203,5301885
1990-10-25,5.01066,5.06037,4.95387,5.01066,5.01066,8040310
1990-10-26,4.98251,5.00378,4.87611,4.90426,4.90426,4769099
1990-10-29,4.89013,4.94681,4.81962,4.85463,4.85463,5744365
1990-10-30,4.84797,4.89013,4.76971,4.87611,4.87611,8736768
1990-10-31,4.89013,4.91161,4.7343,4.76971,4.76971,6278284
1990-11-01,4.76244,4.88307,4.72724,4.87611,4.87611,8443284
1990-11-02,4.87611,4.94681,4.84797,4.93976,4.93976,7185822
1990-11-05,4.93976,5.01781,4.93976,5.00378,5.00378,4756680
1990-11-06,4.97526,4.99653,4.91161,4.91847,4.91847,3605329
1990-11-07,4.91161,4.93249,4.83344,4.84797,4.84797,5226255
1990-11-08,4.83344,4.89013,4.78422,4.81962,4.81962,7440929
1990-11-09,4.81962,4.90426,4.79109,4.85463,4.85463,11406334
1990-11-12,4.88307,4.95387,4.87611,4.94681,4.94681,10927730
1990-11-13,4.93249,4.94681,4.89013,4.91161,4.91161,8678069
1990-11-14,4.90426,4.97526,4.87611,4.93249,4.93249,7123739
1990-11-15,4.90426,4.95387,4.86894,4.89738,4.89738,8972686
1990-11-16,4.91847,4.96123,4.86894,4.89013,4.89013,10498793
1990-11-19,4.96123,4.97526,4.90426,4.95387,4.95387,6141695
1990-11-20,4.91847,4.96123,4.91847,4.91847,4.91847,6352779
1990-11-21,4.90426,4.93249,4.89738,4.91847,4.91847,5638259
1990-11-23,4.92583,4.95387,4.87611,4.87611,4.87611,2227090
1990-11-26,4.83344,4.87611,4.81217,4.86894,4.86894,5808709
1990-11-27,4.90426,4.94681,4.87611,4.89013,4.89013,7086485
1990-11-28,4.91847,5.01066,4.91847,4.98956,4.98956,10066470
1990-11-29,5.01066,5.09577,5.00378,5.06753,5.06753,14149278
1990-11-30,5.06753,5.24453,5.06753,5.19512,5.19512,14084934
1990-12-03,5.27288,5.30131,5.25199,5.28691,5.28691,11216699
1990-12-04,5.28691,5.32976,5.23061,5.28691,5.28691,8953492
1990-12-05,5.27288,5.28013,5.22296,5.25199,5.25199,6498394
1990-12-06,5.28013,5.36506,5.25856,5.25856,5.25856,13920132
1990-12-07,5.25199,5.28013,5.20197,5.27288,5.27288,9052828
1990-12-10,5.25856,5.27288,5.20197,5.24453,5.24453,4957605
1990-12-11,5.22296,5.25199,5.20197,5.23061,5.23061,4364999
1990-12-12,5.24453,5.32976,5.23061,5.31544,5.31544,6445341
1990-12-13,5.30131,5.32976,5.24453,5.27288,5.27288,6666581
1990-12-14,5.24453,5.25199,5.1808,5.22296,5.22296,5303018
1990-12-17,5.22296,5.24453,5.18815,5.24453,5.24453,3990246
1990-12-18,5.23061,5.34408,5.23061,5.33661,5.33661,8152059
1990-12-19,5.33661,5.37221,5.30131,5.33661,5.33661,7760372
1990-12-20,5.28691,5.34408,5.28013,5.32976,5.32976,6768171
1990-12-21,5.33661,5.33661,5.27288,5.30131,5.30131,16292829
1990-12-24,5.28691,5.31544,5.28013,5.30131,5.30131,1123137
1990-12-26,5.30828,5.33661,5.30131,5.31544,5.31544,1738323
1990-12-27,5.31544,5.3581,5.27288,5.27288,5.27288,3351354
1990-12-28,5.25856,5.28691,5.25199,5.28691,5.28691,2408819
1990-12-31,5.30131,5.34408,5.27288,5.34408,5.34408,3303945
1991-01-02,5.31544,5.37918,5.19512,5.2161,5.2161,14965384
1991-01-03,5.2161,5.25856,5.15255,5.15952,5.15952,13193193
1991-01-04,5.1808,5.18815,5.0744,5.12402,5.12402,9402747
1991-01-07,5.05331,5.10273,4.96123,4.96123,4.96123,8337177
1991-01-08,4.98251,5.10273,4.95387,5.01066,5.01066,8916248
1991-01-09,5.06753,5.13117,4.86894,4.89013,4.89013,10904026
1991-01-10,4.96123,5.01781,4.91847,5.01781,5.01781,7174532
1991-01-11,5.00378,5.05331,4.98956,5.05331,5.05331,5113377
1991-01-14,4.98956,5.08155,4.98251,5.06753,5.06753,10490889
1991-01-15,5.04606,5.08155,5.0389,5.0744,5.0744,5553605
1991-01-16,5.06753,5.2161,5.06753,5.16687,5.16687,6235389
1991-01-17,5.32976,5.36506,5.23061,5.32976,5.32976,15473332
1991-01-18,5.30131,5.37918,5.25199,5.3581,5.3581,25128927
1991-01-21,5.32976,5.3935,5.30131,5.37221,5.37221,4918100
1991-01-22,5.36506,5.40762,5.31544,5.34408,5.34408,6504040
1991-01-23,5.37918,5.44999,5.37918,5.43606,5.43606,7665557
1991-01-24,5.44999,5.58492,5.44999,5.5707,5.5707,8478278
1991-01-25,5.57766,5.60581,5.54227,5.55639,5.55639,10057438
1991-01-28,5.57766,5.58492,5.54932,5.5707,5.5707,6523226
1991-01-29,5.60581,5.63425,5.55639,5.60581,5.60581,6277155
1991-01-30,5.58492,5.70534,5.57766,5.69113,5.69113,8178020
1991-01-31,5.69113,5.69789,5.61326,5.69789,5.69789,9761700
1991-02-01,5.68386,5.69113,5.58492,5.59924,5.59924,10677143
1991-02-04,5.58492,5.70534,5.58492,5.69113,5.69113,8339434
1991-02-05,5.69789,5.75477,5.65582,5.68386,5.68386,9558521
1991-02-06,5.68386,5.75477,5.66249,5.75477,5.75477,12882785
1991-02-07,5.74801,5.88245,5.68386,5.69113,5.69113,13228188
1991-02-08,5.66249,5.77615,5.64171,5.75477,5.75477,8060626
1991-02-11,5.76203,5.95335,5.75477,5.95335,5.95335,8851904
1991-02-12,5.88245,5.96041,5.86108,5.87559,5.87559,11014643
1991-02-13,5.85382,5.93904,5.84685,5.91775,5.91775,7348366
1991-02-14,5.93198,5.99581,5.82587,5.83273,5.83273,7981609
1991-02-15,5.9108,6.09516,5.90383,6.05956,6.05956,19797696
1991-02-19,6.05956,6.09516,6.01004,6.05259,6.05259,10855490
1991-02-20,5.96041,5.98876,5.93198,5.98876,5.98876,5245452
1991-02-21,6.00298,6.04514,5.96041,6.01004,6.01004,6502908
1991-02-22,5.99581,6.16585,5.98876,6.02436,6.02436,10312544
1991-02-25,6.09516,6.16585,6.03131,6.15164,6.15164,7246776
1991-02-26,6.1235,6.14498,6.04514,6.05259,6.05259,5807578
1991-02-27,6.05259,6.1943,6.03131,6.16585,6.16585,6998442
1991-02-28,6.1943,6.20155,6.14498,6.14498,6.14498,6550320
1991-03-01,6.06662,6.15164,6.05956,6.13762,6.13762,6452112
1991-03-04,6.13762,6.13762,6.06662,6.06662,6.06662,4423695
1991-03-05,6.06662,6.23657,6.06662,6.23657,6.23657,7041338
1991-03-06,6.24393,6.66923,6.22273,6.55587,6.55587,21764032
1991-03-07,6.58401,6.86732,6.58401,6.76122,6.76122,22623036
1991-03-08,6.76122,6.83908,6.66207,6.71179,6.71179,19489535
1991-03-11,6.74719,6.74719,6.58401,6.60539,6.60539,8812395
1991-03-12,6.60539,6.64785,6.52743,6.5488,6.5488,6932979
1991-03-13,6.52743,6.66207,6.4779,6.66207,6.66207,10522500
1991-03-14,6.69777,6.93851,6.69777,6.86732,6.86732,16774820
1991-03-15,6.88193,7.01638,6.84633,7.00206,7.00206,19034636
1991-03-18,6.87478,7.00206,6.87478,6.93851,6.93851,12193092
1991-03-19,6.81054,6.86732,6.75425,6.78259,6.78259,10617314
1991-03-20,6.75425,6.76827,6.70434,6.73277,6.73277,13009201
1991-03-21,6.76827,6.81054,6.70434,6.74719,6.74719,11925574
1991-03-22,6.75425,6.85311,6.73277,6.83908,6.83908,10563134
1991-03-25,6.92431,7.13681,6.90311,7.10857,7.10857,12662668
1991-03-26,7.08022,7.31401,7.0306,7.30705,7.30705,15669745
1991-03-27,7.406,7.4416,7.22212,7.23605,7.23605,13775646
1991-03-28,7.29273,7.29273,7.13681,7.1725,7.1725,7594441
1991-04-01,7.15818,7.16505,7.05159,7.05875,7.05875,6471305
1991-04-02,7.05875,7.26448,7.05875,7.22212,7.22212,11002226
1991-04-03,7.23605,7.27861,7.1933,7.20771,7.20771,8921886
1991-04-04,7.1933,7.22908,7.0306,7.1014,7.1014,9076529
1991-04-05,7.12975,7.15818,6.96696,6.98823,6.98823,10102593
1991-04-08,7.07327,7.27861,7.07327,7.25017,7.25017,11544047
1991-04-09,7.23605,7.29273,7.14397,7.15818,7.15818,9821529
1991-04-10,7.14397,7.17927,7.08719,7.11572,7.11572,10181611
1991-04-11,7.20075,7.32136,7.1933,7.28566,7.28566,8067397
1991-04-12,7.36392,7.39904,7.25017,7.31401,7.31401,8534715
1991-04-15,7.32136,7.34216,7.22908,7.25743,7.25743,5673256
1991-04-16,7.17927,7.49827,7.17927,7.49827,7.49827,9778634
1991-04-17,7.46287,7.5125,7.37098,7.4416,7.4416,11116239
1991-04-18,7.34981,7.39904,7.29273,7.36392,7.36392,7018762
1991-04-19,7.36392,7.36392,7.22908,7.27861,7.27861,18580870
1991-04-22,7.23605,7.23605,7.14397,7.22212,7.22212,11240407
1991-04-23,7.25743,7.26448,7.11572,7.16505,7.16505,8924146
1991-04-24,7.14397,7.15818,6.99539,7.02383,7.02383,12062156
1991-04-25,7.04482,7.12975,7.02383,7.10857,7.10857,8453447
1991-04-26,7.07327,7.13681,7.05875,7.1014,7.1014,6247807
1991-04-29,7.16505,7.20771,7.07327,7.08719,7.08719,9523525
1991-04-30,7.08022,7.17927,7.01638,7.07327,7.07327,11069962
1991-05-01,7.05159,7.20075,7.0306,7.20075,7.20075,10434455
1991-05-02,7.20075,7.20075,7.05159,7.05159,7.05159,8844004
1991-05-03,7.05159,7.1014,7.04482,7.05159,7.05159,6147344
1991-05-06,7.0306,7.08022,6.98823,7.0306,7.0306,3833341
1991-05-07,7.0306,7.10857,7.02383,7.04482,7.04482,6268123
1991-05-08,7.02383,7.04482,6.99539,7.00206,7.00206,6974740
1991-05-09,7.0306,7.13681,7.02383,7.12975,7.12975,9032505
1991-05-10,7.14397,7.15818,6.98108,6.98108,6.98108,7157600
1991-05-13,6.99539,6.99539,6.93156,6.95971,6.95971,6299729
1991-05-14,6.95971,6.95971,6.82516,6.90998,6.90998,8854158
1991-05-15,6.90311,6.98108,6.81789,6.86732,6.86732,8172374
1991-05-16,6.92431,6.95971,6.89616,6.91713,6.91713,4822156
1991-05-17,6.84633,6.87478,6.76122,6.76122,6.76122,16616787
1991-05-20,6.78259,6.87478,6.78259,6.86046,6.86046,7620407
1991-05-21,6.89616,7.04482,6.88193,7.03766,7.03766,7706189
1991-05-22,7.09454,7.12975,7.03766,7.08022,7.08022,5280437
1991-05-23,7.12287,7.12975,7.01638,7.03766,7.03766,5843700
1991-05-24,7.07327,7.08022,6.95273,6.95971,6.95971,4368387
1991-05-28,6.95971,7.09454,6.95971,7.09454,7.09454,6160885
1991-05-29,7.09454,7.09454,6.98108,7.03766,7.03766,5124667
1991-05-30,7.02383,7.02383,6.89616,6.91713,6.91713,8167861
1991-05-31,6.84633,6.87478,6.67609,6.81054,6.81054,16184466
1991-06-03,6.70434,6.76122,6.56283,6.64099,6.64099,14998119
1991-06-04,6.64785,6.71866,6.61255,6.66923,6.66923,10586840
1991-06-05,6.69777,6.73277,6.64099,6.64785,6.64785,8564064
1991-06-06,6.69012,6.70434,6.61255,6.64099,6.64099,5287216
1991-06-07,6.58401,6.59146,6.4779,6.52027,6.52027,8503111
1991-06-10,6.5133,6.52027,6.39994,6.52027,6.52027,15598629
1991-06-11,6.5133,6.56283,6.4779,6.52743,6.52743,10974012
1991-06-12,6.46369,6.47064,6.3715,6.4071,6.4071,14860410
1991-06-13,6.41387,6.46369,6.3715,6.37807,6.37807,9601410
1991-06-14,6.39994,6.4424,6.39994,6.42799,6.42799,10151132
1991-06-17,6.4071,6.43534,6.38562,6.4071,6.4071,5392186
1991-06-18,6.42799,6.46369,6.32924,6.3715,6.3715,7335952
1991-06-19,6.35022,6.35749,6.24393,6.28619,6.28619,10670367
1991-06-20,6.31463,6.39994,6.3004,6.37807,6.37807,15429311
1991-06-21,6.37807,6.42799,6.35749,6.42799,6.42799,15604272
1991-06-24,6.37807,6.38562,6.29384,6.31463,6.31463,6953293
1991-06-25,6.35022,6.35022,6.28619,6.29384,6.29384,6800907
1991-06-26,6.2652,6.27217,6.1591,6.2299,6.2299,13475394
1991-06-27,6.3004,6.34346,6.28619,6.32179,6.32179,9398231
1991-06-28,6.3004,6.3004,6.17978,6.27217,6.27217,8307829
1991-07-01,6.35022,6.3715,6.3004,6.35022,6.35022,8362013
1991-07-02,6.32924,6.35749,6.20853,6.23657,6.23657,10266263
1991-07-03,6.20155,6.20853,6.14498,6.1591,6.1591,10662467
1991-07-05,6.1591,6.35022,6.1591,6.35022,6.35022,4962125
1991-07-08,6.31463,6.46369,6.3004,6.39994,6.39994,8077559
1991-07-09,6.47064,6.53439,6.4071,6.43534,6.43534,7430763
1991-07-10,6.4779,6.58401,6.47064,6.49889,6.49889,14520641
1991-07-11,6.59146,6.59146,6.5133,6.5488,6.5488,6747857
1991-07-12,6.55587,6.58401,6.47064,6.55587,6.55587,7710704
1991-07-15,6.56283,6.61941,6.4779,6.52743,6.52743,7381102
1991-07-16,6.56283,6.59146,6.5133,6.58401,6.58401,5456531
1991-07-17,6.57715,6.60539,6.4779,6.49889,6.49889,5086291
1991-07-18,6.52027,6.60539,6.4779,6.60539,6.60539,6368583
1991-07-19,6.67609,6.67609,6.57715,6.58401,6.58401,9972784
1991-07-22,6.55587,6.59146,6.55587,6.59146,6.59146,3811896
1991-07-23,6.63343,6.66207,6.52743,6.5488,6.5488,5941905
1991-07-24,6.57715,6.57715,6.49889,6.52027,6.52027,4839084
1991-07-25,6.52743,6.58401,6.5133,6.57715,6.57715,3297167
1991-07-26,6.57715,6.61941,6.53439,6.60539,6.60539,3803993
1991-07-29,6.60539,6.74719,6.60539,6.74719,6.74719,5405733
1991-07-30,6.79004,6.83908,6.73277,6.82516,6.82516,7404809
1991-07-31,6.86046,6.88193,6.81789,6.88193,6.88193,5484750
1991-08-01,6.88193,6.88193,6.81054,6.83908,6.83908,4772485
1991-08-02,6.89616,6.89616,6.81789,6.87478,6.87478,5499426
1991-08-05,6.86732,6.88193,6.81054,6.84633,6.84633,2801634
1991-08-06,6.86046,6.98108,6.82516,6.95273,6.95273,6409220
1991-08-07,6.95273,6.98823,6.93156,6.96696,6.96696,5708243
1991-08-08,6.93851,6.96696,6.88193,6.92431,6.92431,4042168
1991-08-09,6.92431,6.98108,6.86046,6.93156,6.93156,5170940
1991-08-12,6.91713,6.91713,6.83908,6.87478,6.87478,4372898
1991-08-13,6.90311,7.01638,6.87478,6.93156,6.93156,4581722
1991-08-14,6.95273,6.95971,6.83908,6.86046,6.86046,4492550
1991-08-15,6.86732,6.91713,6.86046,6.87478,6.87478,3606455
1991-08-16,6.88909,6.90311,6.71866,6.73277,6.73277,8495210
1991-08-19,6.41387,6.63343,6.41387,6.56978,6.56978,11719004
1991-08-20,6.66207,6.66207,6.56978,6.58401,6.58401,10154518
1991-08-21,6.66923,6.81789,6.66207,6.81789,6.81789,9345179
1991-08-22,6.80407,6.88909,6.76122,6.87478,6.87478,5764684
1991-08-23,6.83908,6.97382,6.83908,6.95273,6.95273,7062786
1991-08-26,6.95273,6.98108,6.91713,6.97382,6.97382,2771161
1991-08-27,6.97382,7.00206,6.91713,6.93156,6.93156,5404608
1991-08-28,6.95273,7.0306,6.94558,7.00942,7.00942,4747649
1991-08-29,7.00942,7.01638,6.92431,7.01638,7.01638,4853763
1991-08-30,7.01638,7.03766,6.98823,7.00942,7.00942,2798244
1991-09-03,7.0306,7.0659,6.94558,6.94558,6.94558,5019690
1991-09-04,6.95273,6.98108,6.84633,6.87478,6.87478,4354836
1991-09-05,6.83232,6.86732,6.81054,6.81789,6.81789,4489162
1991-09-06,6.83232,6.84633,6.76122,6.78259,6.78259,4900041
1991-09-09,6.79004,6.80407,6.71866,6.74719,6.74719,5179979
1991-09-10,6.76122,6.76122,6.64785,6.68364,6.68364,7017633
1991-09-11,6.73277,6.74719,6.64099,6.66207,6.66207,4728470
1991-09-12,6.71866,6.78259,6.69777,6.78259,6.78259,6414864
1991-09-13,6.78259,6.83232,6.71866,6.72572,6.72572,5466685
1991-09-16,6.73277,6.81789,6.71866,6.81054,6.81054,5686800
1991-09-17,6.81054,6.86732,6.76122,6.77544,6.77544,5905785
1991-09-18,6.76122,6.81054,6.73277,6.74719,6.74719,4674283
1991-09-19,6.69777,6.80407,6.68364,6.76122,6.76122,5900137
1991-09-20,6.79004,6.80407,6.69012,6.69012,6.69012,9680428
1991-09-23,6.64785,6.75425,6.64785,6.71866,6.71866,5563761
1991-09-24,6.72572,6.83908,6.66923,6.83908,6.83908,5439595
1991-09-25,6.84633,6.86732,6.76122,6.77544,6.77544,4854888
1991-09-26,6.74719,6.81054,6.68364,6.75425,6.75425,4777001
1991-09-27,6.77544,6.79004,6.66207,6.68364,6.68364,4341297
1991-09-30,6.69012,6.70434,6.66207,6.66923,6.66923,4117794
1991-10-01,6.68364,6.70434,6.66923,6.69777,6.69777,3880753
1991-10-02,6.69777,6.74719,6.59146,6.60539,6.60539,6162016
1991-10-03,6.58401,6.59146,6.5488,6.57715,6.57715,6461145
1991-10-04,6.56978,6.58401,6.53439,6.5488,6.5488,7930818
1991-10-07,6.52027,6.55587,6.49889,6.53439,6.53439,4393218
1991-10-08,6.56978,6.59146,6.52743,6.55587,6.55587,5006141
1991-10-09,6.53439,6.55587,6.4779,6.5133,6.5133,4574954
1991-10-10,6.5133,6.52743,6.39994,6.52027,6.52027,8772889
1991-10-11,6.52027,6.53439,6.47064,6.52027,6.52027,3276858
1991-10-14,6.52027,6.63343,6.52027,6.56978,6.56978,4567048
1991-10-15,6.57715,6.64099,6.55587,6.63343,6.63343,7315633
1991-10-16,6.64099,6.69777,6.62687,6.69012,6.69012,6283926
1991-10-17,6.73277,6.81054,6.70434,6.78259,6.78259,10083400
1991-10-18,6.81054,6.86732,6.78259,6.86732,6.86732,9140871
1991-10-21,6.83908,6.84633,6.70434,6.70434,6.70434,4480138
1991-10-22,6.70434,7.03766,6.66923,7.03766,7.03766,16930595
1991-10-23,7.11572,7.18642,7.07327,7.11572,7.11572,11379242
1991-10-24,7.09454,7.11572,6.98108,7.00942,7.00942,6136055
1991-10-25,6.98823,7.03766,6.95273,7.00942,7.00942,6317786
1991-10-28,7.00942,7.1725,6.98823,7.12975,7.12975,6590952
1991-10-29,7.14397,7.20075,7.03766,7.17927,7.17927,12097149
1991-10-30,7.17927,7.20075,7.09454,7.18642,7.18642,7597825
1991-10-31,7.20075,7.20771,7.15122,7.17927,7.17927,6571759
1991-11-01,7.15818,7.28566,7.09454,7.20075,7.20075,8714193
1991-11-04,7.20075,7.29273,7.12975,7.29273,7.29273,4129085
1991-11-05,7.29273,7.34981,7.22908,7.26448,7.26448,7279509
1991-11-06,7.24301,7.25743,7.20075,7.23605,7.23605,4394347
1991-11-07,7.21506,7.25743,7.17927,7.25743,7.25743,3598556
1991-11-08,7.28566,7.31401,7.23605,7.24301,7.24301,3984594
1991-11-11,7.26448,7.39904,7.25743,7.39904,7.39904,6087512
1991-11-12,7.37795,7.55515,7.37795,7.5125,7.5125,11845431
1991-11-13,7.45572,7.48425,7.42767,7.43434,7.43434,5945292
1991-11-14,7.48425,7.52691,7.41315,7.49132,7.49132,8635175
1991-11-15,7.46287,7.49132,7.14397,7.14397,7.14397,10244823
1991-11-18,7.15122,7.34216,7.0306,7.33548,7.33548,13915619
1991-11-19,7.25743,7.25743,7.11572,7.21506,7.21506,8961391
1991-11-20,7.21506,7.23605,7.09454,7.14397,7.14397,6991673
1991-11-21,7.12975,7.23605,7.1014,7.21506,7.21506,4157301
1991-11-22,7.21506,7.21506,7.12287,7.18642,7.18642,4591882
1991-11-25,7.15122,7.17927,7.09454,7.14397,7.14397,5290599
1991-11-26,7.15818,7.22908,7.00942,7.12287,7.12287,8837227
1991-11-27,7.12287,7.25743,7.12287,7.25743,7.25743,4947449
1991-11-29,7.24301,7.33548,7.21506,7.29998,7.29998,3798349
1991-12-02,7.21506,7.50553,7.21506,7.48425,7.48425,9091205
1991-12-03,7.48425,7.59694,7.46287,7.54839,7.54839,10894998
1991-12-04,7.59694,7.73961,7.54025,7.67577,7.67577,12669440
1991-12-05,7.62576,7.67577,7.56899,7.57712,7.57712,7027797
1991-12-06,7.55515,7.85259,7.55515,7.77423,7.77423,12633319
1991-12-09,7.84503,7.88024,7.65391,7.65391,7.65391,8512143
1991-12-10,7.66096,7.91721,7.63291,7.91055,7.91055,11338606
1991-12-11,7.91721,7.95869,7.77423,7.77423,7.77423,11311520
1991-12-12,7.81748,7.88024,7.78982,7.86014,7.86014,6872021
1991-12-13,7.88024,7.93134,7.88024,7.91721,7.91721,5369611
1991-12-16,7.91721,8.10883,7.91055,8.05166,8.05166,5712765
1991-12-17,8.08598,8.12982,8.01626,8.07892,8.07892,5187879
1991-12-18,8.00144,8.05166,7.95869,8.05166,8.05166,6422766
1991-12-19,8.02882,8.07892,8.01626,8.07892,8.07892,4716043
1991-12-20,8.16552,8.22925,8.08598,8.22122,8.22122,16411348
1991-12-23,8.1862,8.42627,8.1717,8.39184,8.39184,6364065
1991-12-24,8.35674,8.42627,8.24877,8.36969,8.36969,4559150
1991-12-26,8.39184,8.58248,8.39184,8.52571,8.52571,3555659
1991-12-27,8.56189,8.68947,8.5409,8.61779,8.61779,3662890
1991-12-30,8.60328,8.75292,8.58248,8.75292,8.75292,7437540
1991-12-31,8.75292,8.8098,8.61779,8.67584,8.67584,6814453
1992-01-02,8.52571,8.53258,8.2981,8.5058,8.5058,8088848
1992-01-03,8.46932,8.48353,8.35086,8.46932,8.46932,7747956
1992-01-06,8.46932,8.56189,8.42627,8.5409,8.5409,8963651
1992-01-07,8.55552,8.66114,8.51826,8.66114,8.66114,5819997
1992-01-08,8.61033,8.89374,8.61033,8.81598,8.81598,11555332
1992-01-09,8.76097,8.89374,8.76097,8.80313,8.80313,8386842
1992-01-10,8.69497,8.77381,8.67584,8.71585,8.71585,8314602
1992-01-13,8.71585,8.7445,8.64672,8.71585,8.71585,5007273
1992-01-14,8.67584,8.7032,8.5409,8.61033,8.61033,10967237
1992-01-15,8.61033,8.63221,8.1717,8.21445,8.21445,16941878
1992-01-16,7.99459,8.04411,7.90319,7.93134,7.93134,24031754
1992-01-17,8.02882,8.1862,7.94457,8.12982,8.12982,16930595
1992-01-20,8.08598,8.08598,7.9378,7.95869,7.95869,6409220
1992-01-21,7.94457,7.98899,7.87435,7.88828,7.88828,6210555
1992-01-22,7.95869,8.14256,7.93134,8.14256,8.14256,9681563
1992-01-23,8.14256,8.21445,8.01626,8.07892,8.07892,8846257
1992-01-24,8.05794,8.1717,8.05166,8.12982,8.12982,5357198
1992-01-27,8.14256,8.1717,8.01626,8.05166,8.05166,5035491
1992-01-28,8.02882,8.10108,7.99459,7.99459,7.99459,5913688
1992-01-29,8.02882,8.08598,7.74638,7.82415,7.82415,7815685
1992-01-30,7.88024,8.02882,7.85259,8.02882,8.02882,6612401
1992-01-31,8.08598,8.22925,8.07892,8.14256,8.14256,8197208
1992-02-03,8.08598,8.13658,7.99459,8.02882,8.02882,5939647
1992-02-04,8.05166,8.16552,8.00144,8.14256,8.14256,5985928
1992-02-05,8.13658,8.24877,8.10108,8.1862,8.1862,5782748
1992-02-06,8.24328,8.31379,8.16552,8.1862,8.1862,6348262
1992-02-07,8.1862,8.1862,7.95869,8.04411,8.04411,8529071
1992-02-10,8.04411,8.07892,7.99459,8.07235,8.07235,3157203
1992-02-11,8.03646,8.04411,7.92369,7.9378,7.9378,5788387
1992-02-12,7.88024,8.10108,7.86632,8.05166,8.05166,6068327
1992-02-13,8.05166,8.05166,7.74638,7.82415,7.82415,8190441
1992-02-14,7.68284,7.78982,7.64654,7.68284,7.68284,10510084
1992-02-18,7.54839,7.59056,7.37795,7.42767,7.42767,17594313
1992-02-19,7.37795,7.50553,7.34216,7.50553,7.50553,17320019
1992-02-20,7.49132,7.6187,7.48425,7.59056,7.59056,11568878
1992-02-21,7.55515,7.57712,7.43434,7.56899,7.56899,9529172
1992-02-24,7.51995,7.67577,7.50553,7.66096,7.66096,7000700
1992-02-25,7.65391,7.73961,7.5125,7.68284,7.68284,8825941
1992-02-26,7.71089,7.91055,7.66096,7.87435,7.87435,10101468
1992-02-27,7.95869,7.95869,7.82415,7.82415,7.82415,5517483
1992-02-28,7.79707,7.87435,7.68284,7.70461,7.70461,4997112
1992-03-02,7.66096,7.80287,7.63291,7.67577,7.67577,4327743
1992-03-03,7.67577,7.71089,7.57712,7.59056,7.59056,4764589
1992-03-04,7.59694,7.59694,7.41315,7.43434,7.43434,8066266
1992-03-05,7.43434,7.4416,7.34981,7.39904,7.39904,5917074
1992-03-06,7.38501,7.39904,7.26448,7.31401,7.31401,7626049
1992-03-09,7.32794,7.46287,7.32794,7.45572,7.45572,6829130
1992-03-10,7.46287,7.51995,7.32136,7.34981,7.34981,11608384
1992-03-11,7.37795,7.43434,7.26448,7.32136,7.32136,7487203
1992-03-12,7.34981,7.37098,7.26448,7.29998,7.29998,6276021
1992-03-13,7.35647,7.37098,7.20771,7.29998,7.29998,5629228
1992-03-16,7.29998,7.406,7.25743,7.39904,7.39904,6309891
1992-03-17,7.39904,7.41315,7.34216,7.406,7.406,5138211
1992-03-18,7.38501,7.39904,7.29998,7.31401,7.31401,6436308
1992-03-19,7.32794,7.39904,7.32136,7.32136,7.32136,7220814
1992-03-20,7.29998,7.34981,7.26448,7.29998,7.29998,15403347
1992-03-23,7.27146,7.27146,7.15122,7.20075,7.20075,8739025
1992-03-24,7.24301,7.37795,7.23605,7.37098,7.37098,7694904
1992-03-25,7.48425,7.48425,7.37795,7.406,7.406,5500549
1992-03-26,7.43434,7.46287,7.37795,7.45572,7.45572,5199165
1992-03-27,7.4416,7.46287,7.29998,7.32136,7.32136,6346008
1992-03-30,7.29998,7.38501,7.26448,7.27146,7.27146,5186750
1992-03-31,7.31401,7.4416,7.29273,7.41315,7.41315,5972380
1992-04-01,7.37795,7.5125,7.37098,7.46287,7.46287,6368583
1992-04-02,7.46287,7.49132,7.37795,7.37795,7.37795,8605828
1992-04-03,7.37795,7.5125,7.34981,7.49132,7.49132,10615059
1992-04-06,7.50553,7.52691,7.42767,7.42767,7.42767,5620198
1992-04-07,7.41315,7.42767,7.28566,7.29273,7.29273,5552477
1992-04-08,7.25743,7.34981,7.24301,7.32794,7.32794,11435684
1992-04-09,7.34981,7.51995,7.34981,7.42767,7.42767,8016606
1992-04-10,7.49132,7.67577,7.48425,7.66096,7.66096,11051901
1992-04-13,7.6187,7.68284,7.56899,7.68284,7.68284,5626975
1992-04-14,7.68284,7.81748,7.6187,7.77423,7.77423,7705064
1992-04-15,7.76737,7.76737,7.59056,7.64654,7.64654,7357400
1992-04-16,7.63291,7.63291,7.50553,7.55515,7.55515,12406431
1992-04-20,7.51995,7.54839,7.29273,7.35647,7.35647,9751543
1992-04-21,7.35647,7.39904,7.26448,7.29998,7.29998,6571759
1992-04-22,7.29273,7.29998,7.07327,7.07327,7.07327,11783352
1992-04-23,6.95971,6.96696,6.76122,6.90998,6.90998,45083527
1992-04-24,6.95273,7.07327,6.90998,7.00942,7.00942,16808683
1992-04-27,7.04482,7.15122,7.01638,7.12287,7.12287,10600383
1992-04-28,7.09454,7.1725,7.03766,7.1725,7.1725,11084635
1992-04-29,7.20771,7.24301,7.15818,7.18642,7.18642,8785303
1992-04-30,7.22908,7.23605,7.12975,7.21506,7.21506,10837427
1992-05-01,7.17927,7.29998,7.1725,7.28566,7.28566,9986328
1992-05-04,7.29998,7.406,7.29998,7.406,7.406,6868635
1992-05-05,7.39904,7.43434,7.35647,7.38501,7.38501,5238673
1992-05-06,7.41315,7.41315,7.22908,7.22908,7.22908,7484945
1992-05-07,7.23605,7.29998,7.20771,7.28566,7.28566,6224103
1992-05-08,7.32136,7.32794,7.23605,7.25743,7.25743,6334719
1992-05-11,7.28566,7.35647,7.27146,7.34981,7.34981,4603167
1992-05-12,7.37098,7.37098,7.18642,7.22908,7.22908,6370841
1992-05-13,7.22212,7.29273,7.21506,7.27146,7.27146,4852628
1992-05-14,7.25743,7.25743,7.13681,7.16505,7.16505,6378743
1992-05-15,7.14397,7.15818,7.10857,7.11572,7.11572,12671698
1992-05-18,7.14397,7.1725,7.13681,7.1725,7.1725,4395474
1992-05-19,7.21506,7.29273,7.1933,7.27861,7.27861,7269350
1992-05-20,7.27861,7.29273,7.18642,7.1933,7.1933,6818968
1992-05-21,7.1933,7.21506,7.14397,7.18642,7.18642,6278284
1992-05-22,7.1933,7.29273,7.15818,7.25017,7.25017,6061561
1992-05-26,7.25017,7.25017,7.04482,7.04482,7.04482,9280837
1992-05-27,7.0306,7.21506,7.0306,7.21506,7.21506,6393417
1992-05-28,7.21506,7.45572,7.18642,7.43434,7.43434,9087821
1992-05-29,7.42032,7.45572,7.38501,7.406,7.406,7514296
1992-06-01,7.37795,7.49132,7.35647,7.49132,7.49132,5326717
1992-06-02,7.14397,7.18642,7.05159,7.05875,7.05875,20382405
1992-06-03,7.08022,7.10857,6.88193,6.88909,6.88909,20644279
1992-06-04,6.88909,6.89616,6.77544,6.88193,6.88193,17340338
1992-06-05,6.86732,6.91713,6.81789,6.88909,6.88909,12410949
1992-06-08,6.81789,6.94558,6.78259,6.91713,6.91713,11320549
1992-06-09,6.97382,6.98823,6.85311,6.89616,6.89616,14965384
1992-06-10,6.88193,6.88193,6.69012,6.72572,6.72572,8739589
1992-06-11,6.76122,6.91713,6.70434,6.89616,6.89616,8956880
1992-06-12,6.97382,6.97382,6.86046,6.88193,6.88193,5860070
1992-06-15,6.86046,6.86046,6.76122,6.76122,6.76122,6360121
1992-06-16,6.81789,6.86046,6.72572,6.74719,6.74719,5819997
1992-06-17,6.64785,6.72572,6.59146,6.59146,6.59146,6370281
1992-06-18,6.59146,6.74719,6.57715,6.69012,6.69012,6794699
1992-06-19,6.72572,6.80407,6.72572,6.78259,6.78259,11413668
1992-06-22,6.76122,6.91713,6.69012,6.89616,6.89616,5383159
1992-06-23,6.89616,6.95273,6.83908,6.86046,6.86046,5715022
1992-06-24,6.86046,6.88193,6.66923,6.69012,6.69012,6371407
1992-06-25,6.72572,6.78259,6.64785,6.69012,6.69012,5617945
1992-06-26,6.63343,6.83908,6.63343,6.83908,6.83908,3285318
1992-06-29,6.86046,6.95273,6.83908,6.95273,6.95273,5247140
1992-06-30,6.95273,6.97382,6.72572,6.83908,6.83908,7779560
1992-07-01,6.81789,7.00942,6.81789,6.97382,6.97382,6488802
1992-07-02,6.97382,7.0306,6.89616,6.97382,6.97382,7532926
1992-07-06,6.99539,7.14397,6.97382,7.14397,7.14397,5489830
1992-07-07,7.18642,7.20075,7.07327,7.07327,7.07327,7468582
1992-07-08,7.07327,7.22212,7.05159,7.22212,7.22212,5163607
1992-07-09,7.22212,7.32136,7.14397,7.20075,7.20075,6409783
1992-07-10,7.22212,7.32136,7.14397,7.16505,7.16505,2863151
1992-07-13,7.12975,7.24301,7.10857,7.16505,7.16505,2966436
1992-07-14,7.18642,7.22212,7.00942,7.07327,7.07327,5679463
1992-07-15,7.0306,7.12975,6.95273,7.10857,7.10857,5908605
1992-07-16,7.08719,7.18642,7.07327,7.14397,7.14397,4020722
1992-07-17,7.12975,7.12975,7.00942,7.08719,7.08719,6512502
1992-07-20,6.97382,7.08719,6.95273,7.00942,7.00942,5655758
1992-07-21,7.0306,7.05159,6.95273,6.97382,6.97382,5347602
1992-07-22,6.95273,7.0306,6.93851,7.0306,7.0306,4504402
1992-07-23,7.00942,7.07327,6.91713,6.99539,6.99539,5004450
1992-07-24,6.93851,7.07327,6.91713,7.0306,7.0306,3649352
1992-07-27,7.00942,7.25743,7.00942,7.20075,7.20075,4169151
1992-07-28,7.24301,7.47002,7.22212,7.45572,7.45572,8618246
1992-07-29,7.49132,7.56899,7.41315,7.49132,7.49132,8140766
1992-07-30,7.5125,7.5834,7.49132,7.5834,7.5834,4889883
1992-07-31,7.5834,7.5834,7.5125,7.52691,7.52691,3348533
1992-08-03,7.47002,7.64654,7.45572,7.64654,7.64654,4674847
1992-08-04,7.64654,7.70461,7.56899,7.60419,7.60419,5715585
1992-08-05,7.56899,7.64654,7.54839,7.60419,7.60419,3321439
1992-08-06,7.60419,7.71804,7.60419,7.60419,7.60419,3843501
1992-08-07,7.60419,7.81748,7.60419,7.62576,7.62576,6118559
1992-08-10,7.54839,7.64654,7.52691,7.62576,7.62576,2606357
1992-08-11,7.64654,7.66096,7.5125,7.5125,7.5125,3665719
1992-08-12,7.50553,7.6187,7.44865,7.47002,7.47002,4458123
1992-08-13,7.52691,7.5834,7.39217,7.44865,7.44865,4065307
1992-08-14,7.47002,7.64036,7.44865,7.6187,7.6187,4376847
1992-08-17,7.54839,7.77423,7.52691,7.75354,7.75354,5729696
1992-08-18,7.75354,7.87435,7.75354,7.81748,7.81748,6660944
1992-08-19,7.8313,7.85259,7.75354,7.77423,7.77423,4108204
1992-08-20,7.73961,7.77423,7.66096,7.71804,7.71804,4086190
1992-08-21,7.73961,7.75354,7.42767,7.42767,7.42767,6427283
1992-08-24,7.41315,7.5834,7.39217,7.54839,7.54839,4009996
1992-08-25,7.50553,7.54839,7.44865,7.54839,7.54839,5153449
1992-08-26,7.5834,7.77423,7.54839,7.75354,7.75354,4830622
1992-08-27,7.79707,7.87435,7.71804,7.73961,7.73961,5411378
1992-08-28,7.73961,7.77423,7.68284,7.68284,7.68284,3107533
1992-08-31,7.69735,7.69735,7.54839,7.5834,7.5834,3341192
1992-09-01,7.56281,7.73961,7.56281,7.73961,7.73961,2912253
1992-09-02,7.69735,7.75354,7.64036,7.75354,7.75354,4190600
1992-09-03,7.79707,8.07892,7.79707,8.07892,8.07892,10227890
1992-09-04,8.00861,8.07892,7.96614,8.04411,8.04411,4712658
1992-09-08,7.98899,8.07892,7.91055,8.0645,8.0645,4635341
1992-09-09,7.98899,8.00861,7.85259,7.98899,7.98899,5774844
1992-09-10,7.94457,8.12208,7.87435,8.04411,8.04411,5418711
1992-09-11,8.04411,8.04411,7.91055,7.94457,7.94457,4147708
1992-09-14,7.94457,8.00861,7.8313,7.94457,7.94457,5794037
1992-09-15,7.79707,7.93134,7.75354,7.75354,7.75354,5461605
1992-09-16,7.69735,7.94457,7.69735,7.81748,7.81748,6406961
1992-09-17,7.8313,7.88828,7.73961,7.75354,7.75354,3447299
1992-09-18,7.81748,7.94457,7.77423,7.88828,7.88828,7942669
1992-09-21,7.88828,7.88828,7.81748,7.88828,7.88828,3129545
1992-09-22,7.8313,7.85259,7.77423,7.77423,7.77423,4157301
1992-09-23,7.77423,7.87435,7.77423,7.8313,7.8313,4219388
1992-09-24,7.8313,7.8313,7.69735,7.75354,7.75354,3567514
1992-09-25,7.73961,7.75354,7.22212,7.31401,7.31401,11234197
1992-09-28,7.31401,7.47002,7.14397,7.29273,7.29273,6406961
1992-09-29,7.29273,7.41315,7.20075,7.31401,7.31401,5642780
1992-09-30,7.29273,7.37098,7.23605,7.23605,7.23605,4743138
1992-10-01,7.27861,7.31401,7.14397,7.17927,7.17927,6259097
1992-10-02,7.17927,7.23605,7.00942,7.04482,7.04482,5608352
1992-10-05,6.93156,7.0659,6.64099,7.0659,7.0659,8838922
1992-10-06,7.00942,7.04482,6.88909,6.90998,6.90998,6593773
1992-10-07,6.96696,7.14397,6.95273,6.98823,6.98823,6038414
1992-10-08,7.02383,7.29273,7.02383,7.22212,7.22212,6874845
1992-10-09,7.23605,7.25743,7.15818,7.17927,7.17927,4137549
1992-10-12,7.22212,7.39217,7.22212,7.39217,7.39217,4341859
1992-10-13,7.41315,7.50553,7.35647,7.39217,7.39217,5019690
1992-10-14,7.37098,7.39217,7.29273,7.37098,7.37098,5379771
1992-10-15,7.35647,7.66096,7.33548,7.52691,7.52691,6481460
1992-10-16,7.60419,7.60419,7.42767,7.48425,7.48425,7278383
1992-10-19,7.42767,7.64036,7.42767,7.48425,7.48425,4606559
1992-10-20,7.60419,7.64036,7.52691,7.56281,7.56281,7469147
1992-10-21,7.60419,7.77423,7.5834,7.73961,7.73961,4667508
1992-10-22,7.75354,7.8313,7.6187,7.71804,7.71804,6371969
1992-10-23,7.69735,7.71804,7.54839,7.56281,7.56281,4926567
1992-10-26,7.6187,7.69735,7.5834,7.6187,7.6187,5226821
1992-10-27,7.66096,7.66096,7.50553,7.54839,7.54839,4826101
1992-10-28,7.48425,7.6187,7.39217,7.60419,7.60419,5525386
1992-10-29,7.5834,7.64036,7.50553,7.6187,7.6187,5349861
1992-10-30,7.64036,7.77423,7.6187,7.68284,7.68284,8212449
1992-11-02,7.64036,7.85259,7.6187,7.79707,7.79707,5923281
1992-11-03,7.81748,7.81748,7.60419,7.64036,7.64036,4146016
1992-11-04,7.64036,7.75354,7.52691,7.54839,7.54839,4443449
1992-11-05,7.50553,7.52691,7.39217,7.41315,7.41315,4923747
1992-11-06,7.33548,7.69735,7.31401,7.54839,7.54839,7846162
1992-11-09,7.56281,7.60419,7.47002,7.56281,7.56281,5107168
1992-11-10,7.6187,7.64036,7.56281,7.6187,7.6187,5005020
1992-11-11,7.59694,7.81013,7.56281,7.77423,7.77423,6250058
1992-11-12,7.8313,7.91055,7.75354,7.78982,7.78982,6264169
1992-11-13,7.78982,7.78982,7.65391,7.69735,7.69735,4662434
1992-11-16,7.67577,7.71804,7.56281,7.67577,7.67577,3718772
1992-11-17,7.71804,7.73186,7.65391,7.69735,7.69735,3725542
1992-11-18,7.71804,7.8313,7.71804,7.77423,7.77423,5137084
1992-11-19,7.77423,7.77423,7.67577,7.75354,7.75354,3309588
1992-11-20,7.77423,7.8313,7.75354,7.78982,7.78982,5984234
1992-11-23,7.81013,7.85259,7.75354,7.75354,7.75354,3515594
1992-11-24,7.77423,7.98899,7.75354,7.93134,7.93134,5915944
1992-11-25,7.96614,8.00144,7.88828,7.93134,7.93134,3305639
1992-11-27,7.94457,7.96614,7.81013,7.86632,7.86632,2007541
1992-11-30,7.86632,7.88828,7.65391,7.77423,7.77423,4613328
1992-12-01,7.75354,7.81013,7.69735,7.77423,7.77423,4374588
1992-12-02,7.78982,7.8313,7.67577,7.71804,7.71804,3481720
1992-12-03,7.75354,7.77423,7.71804,7.75354,7.75354,2646428
1992-12-04,7.8313,7.91055,7.77423,7.88828,7.88828,4164075
1992-12-07,7.91055,8.02214,7.85259,8.02214,8.02214,4353146
1992-12-08,8.02214,8.04411,7.96614,8.02214,8.02214,5503935
1992-12-09,7.91055,7.94457,7.81013,7.91055,7.91055,7726508
1992-12-10,7.91055,7.94457,7.86632,7.94457,7.94457,4099734
1992-12-11,7.91055,7.96614,7.85259,7.86632,7.86632,4055713
1992-12-14,7.8313,7.94457,7.81013,7.91055,7.91055,4336218
1992-12-15,7.93134,7.98899,7.88828,7.88828,7.88828,5445805
1992-12-16,7.94457,8.04411,7.91055,7.96614,7.96614,5623590
1992-12-17,8.00144,8.15815,7.98899,8.13658,8.13658,7807217
1992-12-18,8.20082,8.41303,8.15815,8.31379,8.31379,15166870
1992-12-21,8.25543,8.35086,8.23583,8.23583,8.23583,4683308
1992-12-22,8.35086,8.44833,8.17925,8.20082,8.20082,7890745
1992-12-23,8.10108,8.12208,7.85259,7.96614,7.96614,11738765
1992-12-24,7.98899,8.02214,7.93134,7.94457,7.94457,2447758
1992-12-28,7.96614,7.96614,7.77423,7.81013,7.81013,3827133
1992-12-29,7.81013,7.93134,7.75354,7.77423,7.77423,4020154
1992-12-30,7.77423,7.86632,7.75354,7.8313,7.8313,2932009
1992-12-31,7.85259,7.88828,7.75354,7.78982,7.78982,241559
1993-01-04,7.75354,7.77423,7.59694,7.64036,7.64036,6724711
1993-01-05,7.64036,7.65391,7.37098,7.46287,7.46287,10372375
1993-01-06,7.38501,7.406,7.1725,7.23605,7.23605,13170618
1993-01-07,7.23605,7.25017,7.02383,7.03766,7.03766,8636306
1993-01-08,7.02383,7.23605,6.98108,7.21506,7.21506,14311252
1993-01-11,7.27146,7.34981,7.21506,7.21506,7.21506,5363407
1993-01-12,7.21506,7.27146,7.11572,7.23605,7.23605,4572125
1993-01-13,7.23605,7.29273,7.11572,7.21506,7.21506,6409220
1993-01-14,7.27146,7.27146,7.05875,7.13681,7.13681,7605728
1993-01-15,7.13681,7.32794,7.11572,7.23605,7.23605,9989711
1993-01-18,7.25017,7.32794,7.1725,7.21506,7.21506,5220612
1993-01-19,7.23605,7.25017,6.98108,7.00206,7.00206,7500191
1993-01-20,7.00206,7.1725,7.00206,7.05875,7.05875,6641181
1993-01-21,7.11572,7.21506,7.05875,7.1014,7.1014,4791676
1993-01-22,7.15818,7.21506,7.05875,7.08022,7.08022,6186852
1993-01-25,7.1014,7.1014,6.94558,6.94558,6.94558,8485613
1993-01-26,6.98108,7.00206,6.71179,6.73277,6.73277,12216800
1993-01-27,6.79004,6.86732,6.73277,6.82516,6.82516,7562838
1993-01-28,6.84633,6.98108,6.73277,6.76827,6.76827,8344514
1993-01-29,6.76827,6.81054,6.73277,6.79004,6.79004,6647960
1993-02-01,6.84633,6.92431,6.76827,6.79004,6.79004,6702141
1993-02-02,6.73277,6.81054,6.65482,6.71179,6.71179,15091808
1993-02-03,6.71179,6.98108,6.63343,6.98108,6.98108,11158566
1993-02-04,7.02383,7.08022,6.94558,7.03766,7.03766,9394845
1993-02-05,7.08022,7.11572,6.88909,6.94558,6.94558,9157239
1993-02-08,6.95971,7.00206,6.90311,6.92431,6.92431,5968432
1993-02-09,6.93851,6.98108,6.88193,6.92431,6.92431,7240001
1993-02-10,7.01638,7.09454,6.98108,7.05875,7.05875,6429537
1993-02-11,7.09454,7.09454,6.95971,6.98108,6.98108,10024146
1993-02-12,7.01638,7.03766,6.95971,6.98108,6.98108,6940314
1993-02-16,6.82516,6.86046,6.5133,6.61255,6.61255,16203654
1993-02-17,6.59146,6.64785,6.39994,6.5133,6.5133,14715920
1993-02-18,6.74719,6.74719,6.20155,6.43534,6.43534,14497502
1993-02-19,6.49203,6.49203,6.20155,6.3004,6.3004,18797029
1993-02-22,6.32179,6.32179,5.83273,6.06662,6.06662,23253459
1993-02-23,6.05259,6.24393,5.95335,6.22273,6.22273,17181744
1993-02-24,6.27952,6.63343,6.24393,6.55587,6.55587,18432437
1993-02-25,6.4779,6.61255,6.39994,6.45682,6.45682,9433226
1993-02-26,6.49203,6.64785,6.43534,6.59146,6.59146,7376019
1993-03-01,6.64785,6.72572,6.61255,6.64785,6.64785,6744468
1993-03-02,6.70434,6.78259,6.64785,6.74719,6.74719,8987919
1993-03-03,6.74719,6.78259,6.59146,6.59146,6.59146,8436515
1993-03-04,6.61255,6.61255,6.34346,6.41387,6.41387,11027631
1993-03-05,6.41387,6.49203,6.24393,6.2652,6.2652,12839320
1993-03-08,6.34346,6.59146,6.27952,6.56978,6.56978,10560314
1993-03-09,6.5133,6.70434,6.5133,6.69012,6.69012,11451487
1993-03-10,6.82516,6.93851,6.72572,6.93851,6.93851,12060466
1993-03-11,6.92431,6.93851,6.78259,6.84633,6.84633,7246776
1993-03-12,6.72572,6.78259,6.66923,6.76827,6.76827,6540157
1993-03-15,6.82516,6.84633,6.69012,6.74719,6.74719,3360386
1993-03-16,6.66923,6.66923,6.49203,6.5133,6.5133,5755655
1993-03-17,6.41387,6.43534,6.20155,6.2652,6.2652,18594413
1993-03-18,6.27952,6.35749,6.20155,6.24393,6.24393,10589665
1993-03-19,6.24393,6.2652,6.0878,6.0878,6.0878,16449165
1993-03-22,6.10928,6.16585,5.98876,6.1235,6.1235,13273902
1993-03-23,6.16585,6.35749,6.16585,6.3004,6.3004,8722654
1993-03-24,6.1235,6.20155,6.06662,6.1235,6.1235,12987189
1993-03-25,6.16585,6.35749,6.0878,6.35749,6.35749,7767145
1993-03-26,6.34346,6.43534,6.1235,6.1235,6.1235,5993832
1993-03-29,6.14498,6.32179,6.14498,6.20155,6.20155,7557757
1993-03-30,6.22273,6.59146,6.22273,6.5133,6.5133,6566124
1993-03-31,6.63343,6.70434,6.59146,6.61255,6.61255,12916647
1993-04-01,6.61255,6.61255,6.32179,6.32179,6.32179,5889418
1993-04-02,6.24393,6.3004,6.16585,6.22273,6.22273,10264572
1993-04-05,6.2652,6.45682,6.22273,6.41387,6.41387,5764684
1993-04-06,6.45682,6.49203,6.16585,6.20155,6.20155,7484386
1993-04-07,6.22273,6.27952,6.16585,6.16585,6.16585,5968995
1993-04-08,6.05259,6.06662,5.95335,5.97474,5.97474,13692685
1993-04-12,6.14498,6.27952,6.1235,6.20155,6.20155,8590592
1993-04-13,6.24393,6.24393,6.05259,6.10928,6.10928,6251757
1993-04-14,6.14498,6.22273,6.05259,6.0878,6.0878,7262015
1993-04-15,6.1235,6.1235,5.95335,6.01004,6.01004,9216499
1993-04-16,6.05259,6.1235,5.98876,6.10928,6.10928,11734243
1993-04-19,6.1235,6.43534,6.1235,6.43534,6.43534,7256370
1993-04-20,6.37807,6.64785,6.35749,6.59146,6.59146,11032709
1993-04-21,6.59146,6.63343,6.53439,6.55587,6.55587,6838160
1993-04-22,6.56978,6.56978,6.27952,6.3004,6.3004,7236054
1993-04-23,6.24393,6.35749,6.1235,6.18734,6.18734,8356932
1993-04-26,6.18734,6.32179,5.98876,6.14498,6.14498,6641750
1993-04-27,6.20155,6.63343,6.18734,6.63343,6.63343,951563
1993-04-28,6.59146,6.70434,6.49203,6.61255,6.61255,8047078
1993-04-29,6.74719,6.76827,6.53439,6.56978,6.56978,5802498
1993-04-30,6.69012,6.80407,6.63343,6.76827,6.76827,9035890
1993-05-03,6.82516,6.98108,6.78259,6.95971,6.95971,11471804
1993-05-04,6.82516,6.92431,6.78259,6.82516,6.82516,7619836
1993-05-05,6.86046,6.95971,6.84633,6.92431,6.92431,6542983
1993-05-06,6.92431,6.93851,6.76827,6.76827,6.76827,6443651
1993-05-07,6.80407,6.82516,6.70434,6.70434,6.70434,3695632
1993-05-10,6.72572,6.88193,6.72572,6.80407,6.80407,6264169
1993-05-11,6.84633,6.95971,6.78259,6.95971,6.95971,5330670
1993-05-12,6.90311,6.92431,6.74719,6.78259,6.78259,6246677
1993-05-13,6.76827,6.78259,6.59146,6.61255,6.61255,6718509
1993-05-14,6.59146,6.76827,6.59146,6.74719,6.74719,4928823
1993-05-17,6.78259,6.86732,6.74719,6.82516,6.82516,8583253
1993-05-18,6.86732,6.86732,6.69012,6.82516,6.82516,6992232
1993-05-19,6.82516,7.02383,6.74719,7.00206,7.00206,10109366
1993-05-20,7.00206,7.13681,6.93851,7.1014,7.1014,6224666
1993-05-21,7.00206,7.1014,6.98108,7.03766,7.03766,9660113
1993-05-24,7.02383,7.11572,6.98108,7.03766,7.03766,4430468
1993-05-25,7.03766,7.11572,6.95971,6.95971,6.95971,3587830
1993-05-26,7.03766,7.11572,6.92431,7.08022,7.08022,4986389
1993-05-27,7.1014,7.1014,6.90311,6.90311,6.90311,5790651
1993-05-28,6.84633,7.02383,6.84633,6.95971,6.95971,4681618
1993-06-01,6.93851,7.02383,6.88193,6.98108,6.98108,2976031
1993-06-02,6.90311,6.93851,6.84633,6.90311,6.90311,4052892
1993-06-03,6.84633,6.86732,6.78259,6.80407,6.80407,4009996
1993-06-04,6.74719,6.78259,6.66923,6.69012,6.69012,4438369
1993-06-07,6.74719,6.80407,6.69012,6.69012,6.69012,4132469
1993-06-08,6.69012,6.76827,6.64785,6.70434,6.70434,5200862
1993-06-09,6.74719,6.84633,6.70434,6.76827,6.76827,6546375
1993-06-10,6.72572,6.95971,6.72572,6.93851,6.93851,6669969
1993-06-11,6.95971,7.00206,6.92431,6.98108,6.98108,5345344
1993-06-14,7.00206,7.00206,6.92431,7.00206,7.00206,7767145
1993-06-15,6.95971,7.05875,6.92431,7.02383,7.02383,6711736
1993-06-16,6.95971,7.1014,6.95971,7.05875,7.05875,6745031
1993-06-17,7.03766,7.13681,7.03766,7.13681,7.13681,4801274
1993-06-18,6.93851,6.95971,6.69012,6.69012,6.69012,16499956
1993-06-21,6.70434,6.70434,6.59146,6.63343,6.63343,6217891
1993-06-22,6.61255,6.61255,6.43534,6.47064,6.47064,7864222
1993-06-23,6.43534,6.47064,6.35749,6.39994,6.39994,10316494
1993-06-24,6.37807,6.56978,6.31463,6.53439,6.53439,16025309
1993-06-25,6.5133,6.56978,6.49203,6.5488,6.5488,5258427
1993-06-28,6.5488,6.59146,6.41387,6.43534,6.43534,7321839
1993-06-29,6.43534,6.61255,6.39994,6.5488,6.5488,8811833
1993-06-30,6.47064,6.53439,6.43534,6.47064,6.47064,5997778
1993-07-01,6.43534,6.45682,6.27952,6.3004,6.3004,7793671
1993-07-02,6.25824,6.27952,6.17978,6.22273,6.22273,8696693
1993-07-06,6.22273,6.25824,6.17978,6.17978,6.17978,7504139
1993-07-07,6.16585,6.25824,6.1235,6.17978,6.17978,9050569
1993-07-08,6.17978,6.35749,6.16585,6.25824,6.25824,7390696
1993-07-09,6.25824,6.27952,6.17978,6.20155,6.20155,5329542
1993-07-12,6.20155,6.23657,6.17978,6.22273,6.22273,4135286
1993-07-13,6.20155,6.33581,6.20155,6.33581,6.33581,5593115
1993-07-14,6.37807,6.43534,6.23657,6.31463,6.31463,5474026
1993-07-15,6.20155,6.22273,6.16585,6.17978,6.17978,9221574
1993-07-16,6.14498,6.16585,6.06662,6.1235,6.1235,11687964
1993-07-19,6.16585,6.20155,6.00298,6.16585,6.16585,7861398
1993-07-20,6.17978,6.27952,6.14498,6.20155,6.20155,10565391
1993-07-21,6.22273,6.22273,5.93198,5.96738,5.96738,12859639
1993-07-22,5.96738,5.96738,5.86833,5.93198,5.93198,15659584
1993-07-23,5.93198,5.98876,5.9108,5.98876,5.98876,8424663
1993-07-26,6.00298,6.06662,5.96738,5.96738,5.96738,5660272
1993-07-27,5.98876,6.04514,5.88941,5.93198,5.93198,6386084
1993-07-28,5.88941,5.93198,5.85382,5.86833,5.86833,7310549
1993-07-29,5.76889,5.81165,5.65582,5.73379,5.73379,13786365
1993-07-30,5.69113,5.76889,5.63425,5.69113,5.69113,12020391
1993-08-02,5.71261,5.83273,5.71261,5.83273,5.83273,9451850
1993-08-03,5.88941,5.9462,5.85382,5.88941,5.88941,11050208
1993-08-04,5.86833,5.93198,5.85382,5.86833,5.86833,5356631
1993-08-05,5.86833,5.93198,5.73379,5.76889,5.76889,7654268
1993-08-06,5.76889,5.88941,5.71261,5.85382,5.85382,6813323
1993-08-09,5.83273,5.88941,5.63425,5.73379,5.73379,9192797
1993-08-10,5.69113,5.73379,5.67671,5.69113,5.69113,4870688
1993-08-11,5.67671,5.71261,5.59924,5.59924,5.59924,7813421
1993-08-12,5.62022,5.77615,5.62022,5.71261,5.71261,13842812
1993-08-13,5.71261,5.83273,5.71261,5.79753,5.79753,8347336
1993-08-16,5.81165,5.88941,5.79753,5.85382,5.85382,7750211
1993-08-17,5.87559,6.05259,5.85382,6.05259,6.05259,12134964
1993-08-18,6.20853,6.30795,6.14498,6.28619,6.28619,16339105
1993-08-19,6.28619,6.39994,6.24393,6.34346,6.34346,14888625
1993-08-20,6.34346,6.4424,6.24393,6.4424,6.4424,11174938
1993-08-23,6.34346,6.34346,6.18734,6.34346,6.34346,8413938
1993-08-24,6.28619,6.36434,6.2299,6.28619,6.28619,8768935
1993-08-25,6.28619,6.28619,6.18734,6.24393,6.24393,9122813
1993-08-26,6.2299,6.36434,6.20853,6.34346,6.34346,6321176
1993-08-27,6.32179,6.34346,6.28619,6.34346,6.34346,3783107
1993-08-30,6.32179,6.42132,6.32179,6.36434,6.36434,5027593
1993-08-31,6.36434,6.4424,6.34346,6.39994,6.39994,6142830
1993-09-01,6.38562,6.39994,6.32179,6.34346,6.34346,6794135
1993-09-02,6.4779,6.56283,6.39994,6.42132,6.42132,14293757
1993-09-03,6.39994,6.42132,6.2652,6.2652,6.2652,6169351
1993-09-07,6.24393,6.2652,6.18734,6.18734,6.18734,5235855
1993-09-08,6.06662,6.10928,5.97474,6.03131,6.03131,13868208
1993-09-09,6.03131,6.14498,6.03131,6.0878,6.0878,7721991
1993-09-10,6.0878,6.13055,6.03131,6.0878,6.0878,4792242
1993-09-13,6.10928,6.13055,6.05259,6.06662,6.06662,5787264
1993-09-14,6.03131,6.20853,6.01004,6.18734,6.18734,9484583
1993-09-15,6.0878,6.14498,6.03131,6.13055,6.13055,7147442
1993-09-16,6.13055,6.14498,6.05259,6.0878,6.0878,4582290
1993-09-17,5.98876,6.20853,5.98876,6.14498,6.14498,15220484
1993-09-20,6.13055,6.18734,5.93198,5.95335,5.95335,6694239
1993-09-21,5.9108,6.18734,5.9108,6.10928,6.10928,9752667
1993-09-22,6.14498,6.18734,6.05259,6.16585,6.16585,6873712
1993-09-23,6.20853,6.28619,6.14498,6.2299,6.2299,10992074
1993-09-24,6.18734,6.24393,6.13055,6.14498,6.14498,6450420
1993-09-27,6.16585,6.2299,6.10928,6.2299,6.2299,5853866
1993-09-28,6.2299,6.2652,6.14498,6.16585,6.16585,4797324
1993-09-29,6.13055,6.2299,6.0878,6.20853,6.20853,4918100
1993-09-30,6.18734,6.28619,6.16585,6.18734,6.18734,5288902
1993-10-01,6.16585,6.2299,6.10928,6.14498,6.14498,4593575
1993-10-04,6.14498,6.16585,6.05259,6.06662,6.06662,6023742
1993-10-05,6.0878,6.24393,6.06662,6.20853,6.20853,5652936
1993-10-06,6.20853,6.2652,6.18734,6.18734,6.18734,6268687
1993-10-07,6.18734,6.2299,6.16585,6.2299,6.2299,5848780
1993-10-08,6.24393,6.24393,6.14498,6.18734,6.18734,3408917
1993-10-11,6.16585,6.34346,6.16585,6.2652,6.2652,6571759
1993-10-12,6.32179,6.32179,6.24393,6.28619,6.28619,7434721
1993-10-13,6.28619,6.39994,6.2652,6.32179,6.32179,5339700
1993-10-14,6.36434,6.42132,6.32179,6.39994,6.39994,6621997
1993-10-15,6.39994,6.49889,6.38562,6.4779,6.4779,10721728
1993-10-18,6.49889,6.65482,6.4779,6.54136,6.54136,10619576
1993-10-19,6.56283,6.57715,6.46369,6.49889,6.49889,5001066
1993-10-20,6.49889,6.61941,6.42132,6.61941,6.61941,6605063
1993-10-21,6.65482,6.69777,6.61941,6.69777,6.69777,7689262
1993-10-22,6.69777,6.69777,6.49889,6.56283,6.56283,7451086
1993-10-25,6.52027,6.61941,6.4779,6.59823,6.59823,4323235
1993-10-26,6.59823,6.59823,6.49889,6.52027,6.52027,2952329
1993-10-27,6.52027,6.54136,6.46369,6.54136,6.54136,3551709
1993-10-28,6.54136,6.61941,6.49889,6.56283,6.56283,5222869
1993-10-29,6.56283,6.65482,6.54136,6.61941,6.61941,5887162
1993-11-01,6.61941,6.77544,6.59823,6.71866,6.71866,6470174
1993-11-02,6.69777,6.74014,6.65482,6.71866,6.71866,5040579
1993-11-03,6.75425,6.83232,6.69777,6.71866,6.71866,9025173
1993-11-04,6.74014,6.74014,6.65482,6.65482,6.65482,4964375
1993-11-05,6.61941,6.71866,6.57715,6.69777,6.69777,6096548
1993-11-08,6.71866,6.81789,6.67609,6.77544,6.77544,5262379
1993-11-09,6.77544,6.81789,6.71866,6.77544,6.77544,6197574
1993-11-10,6.74014,6.89616,6.71866,6.87478,6.87478,5444679
1993-11-11,6.91713,6.93851,6.77544,6.81789,6.81789,5893368
1993-11-12,6.83908,6.91713,6.81789,6.86046,6.86046,5301885
1993-11-15,6.86046,6.91713,6.79672,6.89616,6.89616,4896090
1993-11-16,6.89616,7.01638,6.89616,6.99539,6.99539,5891672
1993-11-17,6.97382,6.99539,6.86046,6.93851,6.93851,5063713
1993-11-18,6.86046,7.03766,6.83908,7.03766,7.03766,5963353
1993-11-19,6.99539,7.05159,6.89616,7.03766,7.03766,10130246
1993-11-22,6.95273,7.09454,6.91713,7.07327,7.07327,7350060
1993-11-23,7.11572,7.1725,6.99539,7.12975,7.12975,10726245
1993-11-24,7.1933,7.21506,7.03766,7.07327,7.07327,6335851
1993-11-26,7.03766,7.05159,6.95273,6.97382,6.97382,1718568
1993-11-29,6.99539,7.05159,6.93851,6.99539,6.99539,5133129
1993-11-30,6.93851,6.95273,6.87478,6.89616,6.89616,5342524
1993-12-01,6.91713,6.99539,6.87478,6.95273,6.95273,4601476
1993-12-02,6.93851,7.05159,6.93851,6.99539,6.99539,4288243
1993-12-03,6.95273,7.07327,6.91713,7.07327,7.07327,3857611
1993-12-06,7.07327,7.1933,7.07327,7.1725,7.1725,5201985
1993-12-07,7.1933,7.1933,7.11572,7.12975,7.12975,5100401
1993-12-08,7.11572,7.1933,7.05159,7.1725,7.1725,4740881
1993-12-09,7.1725,7.1933,6.97382,6.99539,6.99539,7080281
1993-12-10,6.99539,7.01638,6.87478,6.87478,6.87478,5434520
1993-12-13,6.83908,6.86046,6.76122,6.79672,6.79672,5542317
1993-12-14,6.79672,6.81789,6.71866,6.74014,6.74014,5677203
1993-12-15,6.69777,6.91713,6.69777,6.83908,6.83908,6598855
1993-12-16,6.89616,6.91713,6.74014,6.79672,6.79672,8441590
1993-12-17,6.76122,6.81789,6.69777,6.81789,6.81789,10263444
1993-12-20,6.74014,6.79672,6.69777,6.74014,6.74014,6214505
1993-12-21,6.74014,6.81789,6.71866,6.74014,6.74014,5838628
1993-12-22,6.74014,6.79672,6.69777,6.77544,6.77544,5130314
1993-12-23,6.79672,6.93851,6.77544,6.87478,6.87478,5580694
1993-12-27,6.86046,7.03766,6.83908,7.01638,7.01638,4112718
1993-12-28,6.97382,7.09454,6.97382,7.05159,7.05159,5283259
1993-12-29,7.09454,7.12975,7.05159,7.07327,7.07327,4714353
1993-12-30,7.11572,7.11572,7.05159,7.11572,7.11572,4608253
1993-12-31,7.09454,7.12975,7.07327,7.09454,7.09454,4079417
1994-01-03,7.07327,7.15122,7.03766,7.15122,7.15122,6615788
1994-01-04,7.12975,7.1725,7.07327,7.12975,7.12975,5541185
1994-01-05,7.11572,7.11572,7.03766,7.11572,7.11572,6214505
1994-01-06,7.11572,7.11572,6.95273,6.97382,6.97382,5404040
1994-01-07,6.97382,7.05159,6.91713,7.05159,7.05159,5049604
1994-01-10,7.03766,7.22908,7.03766,7.1933,7.1933,8602443
1994-01-11,7.15122,7.1725,7.03766,7.03766,7.03766,5829026
1994-01-12,7.07327,7.09454,6.97382,7.01638,7.01638,5743241
1994-01-13,6.97382,6.99539,6.91713,6.91713,6.91713,4682185
1994-01-14,6.91713,6.99539,6.91713,6.91713,6.91713,4411834
1994-01-17,6.89616,7.03766,6.89616,6.97382,6.97382,4201888
1994-01-18,7.01638,7.01638,6.89616,6.89616,6.89616,6320613
1994-01-19,6.87478,6.89616,6.67609,6.77544,6.77544,9031943
1994-01-20,6.67609,6.69777,6.54136,6.57715,6.57715,8329278
1994-01-21,6.56283,6.64099,6.54136,6.61941,6.61941,11221778
1994-01-24,6.59823,6.59823,6.38562,6.38562,6.38562,8442154
1994-01-25,6.39994,6.56283,6.34346,6.46369,6.46369,10784377
1994-01-26,6.4779,6.64099,6.4779,6.61941,6.61941,4903993
1994-01-27,6.66207,6.71866,6.57715,6.69777,6.69777,5315431
1994-01-28,6.69777,6.76122,6.59823,6.71866,6.71866,5705426
1994-01-31,6.69777,6.77544,6.64099,6.69777,6.69777,6493314
1994-02-01,6.67609,6.74014,6.57715,6.66207,6.66207,6456068
1994-02-02,6.66207,6.76122,6.64099,6.74014,6.74014,6467915
1994-02-03,6.71866,6.74014,6.66207,6.69777,6.69777,7827533
1994-02-04,6.69777,6.76122,6.61941,6.64099,6.64099,6992232
1994-02-07,6.59823,6.67609,6.56283,6.57715,6.57715,8082639
1994-02-08,6.59823,6.76122,6.46369,6.74014,6.74014,7955081
1994-02-09,6.66207,6.74014,6.58401,6.61941,6.61941,5872483
1994-02-10,6.59823,6.68364,6.56283,6.58401,6.58401,535606
1994-02-11,6.56283,6.66207,6.54136,6.66207,6.66207,4116666
1994-02-14,6.61941,6.71866,6.61941,6.69777,6.69777,6574586
1994-02-15,6.69777,6.76122,6.68364,6.71866,6.71866,3769565
1994-02-16,6.68364,6.86046,6.59823,6.64099,6.64099,8999774
1994-02-17,6.68364,6.76122,6.56283,6.56283,6.56283,7354011
1994-02-18,6.56283,6.66207,6.54136,6.59823,6.59823,8061196
1994-02-22,6.56283,6.61941,6.49889,6.56283,6.56283,5477978
1994-02-23,6.56283,6.66207,6.46369,6.52027,6.52027,7100601
1994-02-24,6.49889,6.59823,6.42132,6.4424,6.4424,7996287
1994-02-25,6.46369,6.54136,6.42132,6.46369,6.46369,5791215
1994-02-28,6.49889,6.52027,6.36434,6.38562,6.38562,5809837
1994-03-01,6.38562,6.42132,6.34346,6.42132,6.42132,5776541
1994-03-02,6.36434,6.49889,6.34346,6.39994,6.39994,5545135
1994-03-03,6.38562,6.39994,6.3004,6.32179,6.32179,5539496
1994-03-04,6.27952,6.34346,6.2652,6.32179,6.32179,4303475
1994-03-07,6.32179,6.38562,6.3004,6.3004,6.3004,5461605
1994-03-08,6.32179,6.42132,6.3004,6.32179,6.32179,6103319
1994-03-09,6.34346,6.42132,6.3004,6.38562,6.38562,6434054
1994-03-10,6.39994,6.4424,6.3004,6.3004,6.3004,5510710
1994-03-11,6.34346,6.36434,6.27952,6.3004,6.3004,3960327
1994-03-14,6.3004,6.34346,6.2652,6.32179,6.32179,4083368
1994-03-15,6.3004,6.34346,6.27952,6.34346,6.34346,5004450
1994-03-16,6.34346,6.34346,6.2652,6.27952,6.27952,4955353
1994-03-17,6.24393,6.27952,6.17978,6.2652,6.2652,4590754
1994-03-18,6.2652,6.3004,6.20155,6.27952,6.27952,16176002
1994-03-21,6.27952,6.36434,6.22273,6.27952,6.27952,6765915
1994-03-22,6.24393,6.27952,6.20155,6.22273,6.22273,5917634
1994-03-23,6.22273,6.2652,6.1235,6.1235,6.1235,6217326
1994-03-24,6.1235,6.22273,6.1235,6.14498,6.14498,9453547
1994-03-25,6.22273,6.27952,6.14498,6.14498,6.14498,6566124
1994-03-28,6.14498,6.17978,6.14498,6.17978,6.17978,4765153
1994-03-29,6.16585,6.20155,6.04514,6.04514,6.04514,7111322
1994-03-30,6.04514,6.1235,5.90383,5.90383,5.90383,9021784
1994-03-31,5.90383,6.04514,5.72672,6.00298,6.00298,10959901
1994-04-04,5.8044,5.98179,5.8044,5.86833,5.86833,10403414
1994-04-05,5.90383,6.00298,5.86833,5.90383,5.90383,7368687
1994-04-06,5.92511,5.92511,5.82587,5.84685,5.84685,5748884
1994-04-07,5.86833,5.92511,5.76203,5.90383,5.90383,6002291
1994-04-08,5.84685,5.9462,5.82587,5.9462,5.9462,5773152
1994-04-11,6.16585,6.27952,6.1235,6.16585,6.16585,17504014
1994-04-12,6.16585,6.32179,6.14498,6.27952,6.27952,10390997
1994-04-13,6.3004,6.32179,6.22273,6.32179,6.32179,7556630
1994-04-14,6.3004,6.34346,6.20155,6.20155,6.20155,6023178
1994-04-15,6.20155,6.27952,6.17978,6.24393,6.24393,7285157
1994-04-18,6.24393,6.27952,6.1235,6.17978,6.17978,5851603
1994-04-19,6.17978,6.42132,6.14498,6.42132,6.42132,8050467
1994-04-20,6.39994,6.46369,6.36434,6.4424,6.4424,8976063
1994-04-21,6.46369,6.54136,6.42132,6.49889,6.49889,7047547
1994-04-22,6.49889,6.49889,6.38562,6.39994,6.39994,5969556
1994-04-25,6.38562,6.39994,6.34346,6.38562,6.38562,3661767
1994-04-26,6.38562,6.4424,6.27952,6.39994,6.39994,5016303
1994-04-28,6.49889,6.66207,6.4779,6.61941,6.61941,10020753
1994-04-29,6.59823,6.64099,6.54136,6.58401,6.58401,5724615
1994-05-02,6.58401,6.74014,6.56283,6.68364,6.68364,8075868
1994-05-03,6.74014,6.74014,6.61941,6.61941,6.61941,6812758
1994-05-04,6.61941,6.69777,6.61941,6.64099,6.64099,4552941
1994-05-05,6.64099,6.64099,6.56283,6.58401,6.58401,4162949
1994-05-06,6.54136,6.58401,6.4779,6.4779,6.4779,5234160
1994-05-09,6.46369,6.54136,6.4424,6.4779,6.4779,3062949
1994-05-10,6.52027,6.66207,6.49889,6.61941,6.61941,6596032
1994-05-11,6.62687,6.82516,6.60539,6.79004,6.79004,10007214
1994-05-12,6.81054,6.92431,6.72572,6.72572,6.72572,9748157
1994-05-13,6.72572,6.84633,6.70434,6.81054,6.81054,5067096
1994-05-16,6.84633,6.90998,6.81054,6.84633,6.84633,3740782
1994-05-17,6.82516,6.96696,6.76827,6.92431,6.92431,6085820
1994-05-18,6.90998,6.96696,6.81054,6.92431,6.92431,5243754
1994-05-19,6.94558,6.96696,6.88909,6.94558,6.94558,4234624
1994-05-20,6.88909,6.94558,6.84633,6.92431,6.92431,12148509
1994-05-23,6.94558,7.02383,6.92431,7.00942,7.00942,5095323
1994-05-24,6.96696,7.02383,6.92431,6.98823,6.98823,7821323
1994-05-25,6.92431,7.0659,6.92431,7.04482,7.04482,6184030
1994-05-26,7.04482,7.18642,7.00942,7.0659,7.0659,4981314
1994-05-27,7.0659,7.15122,7.0659,7.12975,7.12975,4769099
1994-05-31,7.10857,7.12975,7.0659,7.08719,7.08719,4484649
1994-06-01,7.0659,7.08719,6.98823,7.04482,7.04482,7600649
1994-06-02,7.0659,7.08719,7.00942,7.00942,7.00942,3976134
1994-06-03,6.98823,7.02383,6.96696,7.00942,7.00942,3104151
1994-06-06,7.04482,7.04482,6.84633,6.84633,6.84633,5286645
1994-06-07,6.81054,6.98823,6.81054,6.96696,6.96696,4104245
1994-06-08,6.98823,7.02383,6.92431,6.94558,6.94558,3231703
1994-06-09,6.98823,7.0659,6.96696,7.02383,7.02383,6169918
1994-06-10,7.04482,7.0659,6.94558,6.94558,6.94558,4132469
1994-06-13,6.92431,7.00942,6.92431,6.98823,6.98823,3093422
1994-06-14,7.00942,7.04482,6.98823,7.00942,7.00942,4957045
1994-06-15,7.02383,7.04482,6.92431,6.94558,6.94558,4431592
1994-06-16,6.98823,7.00942,6.94558,7.00942,7.00942,3290959
1994-06-17,7.00942,7.02383,6.96696,6.98823,6.98823,14778567
1994-06-20,6.94558,7.00942,6.92431,6.98823,6.98823,4184394
1994-06-21,6.98823,7.0659,6.94558,7.02383,7.02383,6168791
1994-06-22,7.00942,7.02383,6.94558,6.94558,6.94558,4297836
1994-06-23,6.94558,6.96696,6.88909,6.92431,6.92431,4403941
1994-06-24,6.94558,6.94558,6.81054,6.82516,6.82516,4193422
1994-06-27,6.81054,6.88909,6.76827,6.84633,6.84633,3867770
1994-06-28,6.82516,6.92431,6.81054,6.92431,6.92431,4621232
1994-06-29,6.88909,7.02383,6.88909,6.96696,6.96696,4807480
1994-06-30,6.98823,7.00942,6.84633,6.86732,6.86732,5020258
1994-07-01,6.90998,6.90998,6.82516,6.86732,6.86732,2632319
1994-07-05,6.82516,6.90998,6.82516,6.84633,6.84633,3706914
1994-07-06,6.82516,6.84633,6.79004,6.79004,6.79004,3991932
1994-07-07,6.81054,6.84633,6.76827,6.81054,6.81054,5080645
1994-07-08,6.79004,6.84633,6.79004,6.84633,6.84633,4426518
1994-07-11,6.84633,6.90998,6.81054,6.88909,6.88909,3938884
1994-07-12,6.88909,6.90998,6.81054,6.82516,6.82516,5750575
1994-07-13,6.81054,6.82516,6.76827,6.79004,6.79004,5358893
1994-07-14,6.79004,6.90998,6.76827,6.88909,6.88909,3791573
1994-07-15,6.84633,7.00942,6.84633,7.00942,7.00942,9131274
1994-07-18,7.00942,7.04482,6.98823,6.98823,6.98823,4300090
1994-07-19,6.98823,7.00942,6.96696,6.98823,6.98823,3003688
1994-07-20,7.10857,7.18642,7.08719,7.16505,7.16505,11956053
1994-07-21,7.16505,7.44865,7.10857,7.42767,7.42767,15767947
1994-07-22,7.44865,7.44865,7.26448,7.26448,7.26448,10734145
1994-07-25,7.28566,7.50553,7.26448,7.48425,7.48425,11016346
1994-07-26,7.48425,7.50553,7.42767,7.47002,7.47002,8566318
1994-07-27,7.47002,7.59056,7.406,7.59056,7.59056,11625322
1994-07-28,7.56899,7.62576,7.50553,7.52691,7.52691,9395978
1994-07-29,7.52691,7.54839,7.44865,7.52691,7.52691,7277821
1994-08-01,7.52691,7.56899,7.50553,7.52691,7.52691,6539597
1994-08-02,7.50553,7.56899,7.47002,7.54839,7.54839,7272175
1994-08-03,7.56899,7.7249,7.56899,7.69009,7.69009,11954358
1994-08-04,7.69009,7.81013,7.69009,7.76737,7.76737,9143695
1994-08-05,7.76737,7.76737,7.66831,7.66831,7.66831,5900137
1994-08-08,7.69009,7.69009,7.60419,7.62576,7.62576,6027693
1994-08-09,7.62576,7.69009,7.60419,7.66831,7.66831,5747189
1994-08-10,7.71089,7.81748,7.69735,7.81748,7.81748,7631693
1994-08-11,7.79707,7.85259,7.67577,7.69735,7.69735,7978788
1994-08-12,7.69735,7.83768,7.69735,7.83768,7.83768,6571759
1994-08-15,7.83768,7.98116,7.79707,7.98116,7.98116,10119526
1994-08-16,7.98116,8.03646,7.87435,7.98116,7.98116,17869169
1994-08-17,7.98116,7.98116,7.91721,7.9378,7.9378,12207206
1994-08-18,7.89544,7.91721,7.75354,7.75354,7.75354,6246111
1994-08-19,7.79707,7.91721,7.77423,7.89544,7.89544,8603005
1994-08-22,7.85259,7.91721,7.83768,7.91721,7.91721,5555862
1994-08-23,7.89544,7.89544,7.79707,7.83768,7.83768,6375926
1994-08-24,7.83768,7.95869,7.77423,7.9378,7.9378,9494746
1994-08-25,7.9378,7.95869,7.87435,7.89544,7.89544,14075903
1994-08-26,7.89544,7.98116,7.81748,7.98116,7.98116,6366893
1994-08-29,7.98116,7.99459,7.95869,7.98116,7.98116,4266233
1994-08-30,7.98116,7.98116,7.89544,7.91721,7.91721,4501580
1994-08-31,7.9378,8.15815,7.9378,8.07892,8.07892,11686273
1994-09-01,8.07892,8.17925,8.07892,8.13658,8.13658,6933541
1994-09-02,8.1152,8.13658,8.05794,8.07892,8.07892,3290394
1994-09-06,8.05794,8.07892,7.98116,8.05794,8.05794,5911993
1994-09-07,8.07892,8.07892,7.9378,7.95869,7.95869,6432361
1994-09-08,7.95869,8.03646,7.9378,8.03646,8.03646,7507527
1994-09-09,7.99459,8.03646,7.83768,8.03646,8.03646,5277053
1994-09-12,7.9378,7.98116,7.91721,7.95869,7.95869,3834473
1994-09-13,7.99459,7.99459,7.9378,7.99459,7.99459,4828929
1994-09-14,7.98116,7.99459,7.89544,7.89544,7.89544,3632987
1994-09-15,7.9378,8.03646,7.91721,8.03646,8.03646,5601018
1994-09-16,8.01626,8.05794,7.98116,8.03646,8.03646,11222343
1994-09-19,8.01626,8.07892,7.99459,8.03646,8.03646,4305740
1994-09-20,7.99459,8.03646,7.95869,7.95869,7.95869,6281667
1994-09-21,7.95869,7.99459,7.89544,7.95869,7.95869,7705064
1994-09-22,7.99459,7.99459,7.81748,7.89544,7.89544,7898645
1994-09-23,7.87435,7.95869,7.79707,7.95869,7.95869,4857147
1994-09-26,7.9378,7.98116,7.89544,7.91721,7.91721,3649916
1994-09-27,7.9378,8.25543,7.91721,8.25543,8.25543,10801874
1994-09-28,8.23583,8.39715,8.17925,8.34271,8.34271,10694073
1994-09-29,8.32065,8.35674,8.23583,8.23583,8.23583,7547035
1994-09-30,8.25543,8.44186,8.25543,8.34271,8.34271,6943696
1994-10-03,8.35674,8.35674,8.25543,8.27888,8.27888,4858837
1994-10-04,8.27888,8.32065,8.05794,8.07892,8.07892,6832511
1994-10-05,8.03646,8.20082,7.98116,8.1152,8.1152,8095057
1994-10-06,8.15815,8.17925,8.10108,8.13658,8.13658,3872285
1994-10-07,8.1152,8.20082,8.10108,8.20082,8.20082,3858173
1994-10-10,8.17925,8.23583,8.17925,8.17925,8.17925,3380701
1994-10-11,8.22122,8.44186,8.20082,8.39715,8.39715,8162215
1994-10-12,8.41901,8.47521,8.39715,8.46265,8.46265,5213840
1994-10-13,8.49795,8.60328,8.47521,8.49795,8.49795,7008605
1994-10-14,8.47521,8.49795,8.35674,8.44186,8.44186,6920558
1994-10-17,8.47521,8.58248,8.46265,8.56189,8.56189,5169254
1994-10-18,8.58248,8.60328,8.46265,8.56189,8.56189,6984331
1994-10-19,8.66114,8.84285,8.64034,8.78322,8.78322,14750349
1994-10-20,8.86501,8.8808,8.7032,8.84285,8.84285,9573198
1994-10-21,8.84285,8.84285,8.76097,8.80313,8.80313,13486680
1994-10-24,8.78322,8.84285,8.68212,8.7032,8.7032,6618609
1994-10-25,8.68212,8.78322,8.66114,8.7445,8.7445,6910396
1994-10-26,8.76097,8.78322,8.72419,8.76097,8.76097,4665253
1994-10-27,8.76097,8.80313,8.7445,8.76097,8.76097,5387674
1994-10-28,8.7445,8.9013,8.7445,8.8808,8.8808,7893003
1994-10-31,8.9013,9.04251,8.80313,8.80313,8.80313,6559911
1994-11-01,8.7445,9.00005,8.7445,8.98671,8.98671,8280174
1994-11-02,8.94611,9.10665,8.9013,8.94611,8.94611,8430871
1994-11-03,8.94611,8.94611,8.78322,8.78322,8.78322,5630363
1994-11-04,8.8246,8.84285,8.47521,8.47521,8.47521,8030716
1994-11-07,8.56189,8.61779,8.49795,8.56189,8.56189,7917841
1994-11-08,8.58896,8.90953,8.54788,8.82991,8.82991,10075501
1994-11-09,8.90953,8.9518,8.75292,8.87326,8.87326,9051136
1994-11-10,8.9311,8.97259,8.7894,8.85011,8.85011,7220249
1994-11-11,8.8098,8.82991,8.64672,8.75292,8.75292,6145652
1994-11-14,8.76851,8.88728,8.73077,8.87326,8.87326,5097575
1994-11-15,8.85011,8.99427,8.64672,8.7894,8.7894,7526714
1994-11-16,8.7894,8.8098,8.68947,8.7894,8.7894,5775409
1994-11-17,8.8098,8.85011,8.66946,8.76851,8.76851,7197672
1994-11-18,8.73077,8.9311,8.70957,8.90953,8.90953,12767079
1994-11-21,8.90953,8.90953,8.66946,8.75292,8.75292,7723684
1994-11-22,8.70957,8.75292,8.5058,8.54788,8.54788,7238310
1994-11-23,8.42627,8.60328,8.30594,8.58896,8.58896,10343019
1994-11-25,8.58896,8.62397,8.52571,8.56817,8.56817,2073571
1994-11-28,8.56817,8.66946,8.48353,8.64672,8.64672,5373567
1994-11-29,8.62397,8.66946,8.5058,8.64672,8.64672,4734107
1994-11-30,8.7894,8.7894,8.56817,8.64672,8.64672,7832051
1994-12-01,8.68947,8.75292,8.62397,8.66946,8.66946,7446003
1994-12-02,8.60328,8.70957,8.52571,8.70957,8.70957,7399165
1994-12-05,8.73077,8.73077,8.64672,8.68947,8.68947,3792142
1994-12-06,8.66946,8.73077,8.62397,8.68947,8.68947,4924870
1994-12-07,8.58896,8.70957,8.56817,8.66946,8.66946,6532823
1994-12-08,8.66946,8.68947,8.5058,8.52571,8.52571,4469409
1994-12-09,8.48353,8.58896,8.44833,8.58896,8.58896,4540514
1994-12-12,8.52571,8.64672,8.46932,8.62397,8.62397,4276952
1994-12-13,8.60328,8.66946,8.60328,8.64672,8.64672,4116666
1994-12-14,8.64672,8.82991,8.64672,8.8098,8.8098,8244047
1994-12-15,8.85011,8.90953,8.82991,8.87326,8.87326,6362380
1994-12-16,8.88728,8.97259,8.85011,8.9518,8.9518,14352454
1994-12-19,8.9518,8.99427,8.87326,8.97259,8.97259,4793933
1994-12-20,8.9311,8.9518,8.82991,8.85011,8.85011,7743441
1994-12-21,8.87326,8.87326,8.8098,8.8098,8.8098,8813522
1994-12-22,8.7894,8.94611,8.73077,8.85011,8.85011,7946619
1994-12-23,8.88728,9.01417,8.87326,8.9518,8.9518,3433749
1994-12-27,8.9518,9.0273,8.9518,8.99427,8.99427,3718209
1994-12-28,8.99427,9.01417,8.9311,8.9311,8.9311,4361608
1994-12-29,8.90953,8.97259,8.90953,8.90953,8.90953,3494708
1994-12-30,8.9518,8.99427,8.85011,8.87326,8.87326,2770027
1995-01-03,8.85011,8.90953,8.70957,8.82991,8.82991,5119586
1995-01-04,8.75292,8.90953,8.75292,8.90953,8.90953,5871924
1995-01-05,8.88728,8.90953,8.82991,8.87326,8.87326,4464894
1995-01-06,8.82991,8.87326,8.7894,8.8098,8.8098,2989574
1995-01-09,8.76851,8.82991,8.68947,8.70957,8.70957,6357299
1995-01-10,8.68947,8.88728,8.68947,8.88728,8.88728,6613528
1995-01-11,8.87326,8.88728,8.75292,8.88728,8.88728,5773714
1995-01-12,8.87326,8.9518,8.7894,8.8098,8.8098,5867964
1995-01-13,8.8098,8.85011,8.76851,8.7894,8.7894,4383625
1995-01-16,8.7894,8.88728,8.7894,8.87326,8.87326,3725542
1995-01-17,8.88728,8.90953,8.82991,8.90953,8.90953,4682185
1995-01-18,8.82991,8.90953,8.82991,8.88728,8.88728,5920460
1995-01-19,8.82991,8.87326,8.8098,8.82991,8.82991,6803730
1995-01-20,8.7894,8.87326,8.75292,8.82991,8.82991,9806851
1995-01-23,8.76851,9.07192,8.75292,9.05114,9.05114,6001728
1995-01-24,9.05114,9.05114,8.9311,8.9311,8.9311,5676643
1995-01-25,8.9311,8.9311,8.85011,8.87326,8.87326,4813687
1995-01-26,8.87326,9.09322,8.87326,9.05114,9.05114,7260320
1995-01-27,9.1142,9.27826,9.05114,9.25875,9.25875,6945953
1995-01-30,9.15578,9.33288,9.15578,9.33288,9.33288,6813893
1995-01-31,9.37799,9.63983,9.35642,9.4182,9.4182,12801508
1995-02-01,9.45938,9.45938,9.15578,9.19226,9.19226,7267097
1995-02-02,9.23433,9.31131,9.17784,9.215,9.215,6579668
1995-02-03,9.23433,9.33288,9.23433,9.29669,9.29669,5261812
1995-02-06,9.31131,9.45938,9.31131,9.35642,9.35642,6598291
1995-02-07,9.31131,9.39859,9.29669,9.37799,9.37799,4523028
1995-02-08,9.29669,9.38387,9.28405,9.36427,9.36427,5025900
1995-02-09,9.34072,9.36427,9.24109,9.24109,9.24109,6013014
1995-02-10,9.26463,9.36427,9.15578,9.29669,9.29669,7591057
1995-02-13,9.32013,9.36427,9.17784,9.29669,9.29669,9724447
1995-02-14,9.34072,9.36427,9.26463,9.28405,9.28405,4022973
1995-02-15,9.32013,9.34072,9.17784,9.19951,9.19951,8047078
1995-02-16,9.14322,9.19951,9.10077,9.19951,9.19951,5122409
1995-02-17,9.17784,9.29669,9.03495,9.05869,9.05869,14594014
1995-02-21,9.08066,9.14322,9.05869,9.10077,9.10077,5286645
1995-02-22,9.12194,9.29669,9.12194,9.24109,9.24109,5637701
1995-02-23,9.28405,9.34072,9.24109,9.28405,9.28405,5538935
1995-02-24,9.29669,9.38387,9.26463,9.29669,9.29669,5702038
1995-02-27,9.29669,9.38387,9.24109,9.26463,9.26463,3798349
1995-02-28,9.21971,9.34072,9.19951,9.24109,9.24109,5151190
1995-03-01,9.21971,9.28405,9.17784,9.21971,9.21971,6127024
1995-03-02,9.28405,9.46821,9.21971,9.46821,9.46821,5162480
1995-03-03,9.42506,9.44664,9.36427,9.40545,9.40545,4625745
1995-03-06,9.38387,9.52607,9.26463,9.44664,9.44664,4914716
1995-03-07,9.40545,9.48292,9.26463,9.44664,9.44664,5895063
1995-03-08,9.52607,9.54569,9.36427,9.46821,9.46821,6669407
1995-03-09,9.44664,9.48292,9.38387,9.46821,9.46821,4824413
1995-03-10,9.50548,9.68886,9.46821,9.61041,9.61041,6810497
1995-03-13,9.68886,9.83105,9.66729,9.8085,9.8085,5559246
1995-03-14,9.8085,9.91633,9.8085,9.8085,9.8085,6240468
1995-03-15,9.83105,10.037,9.83105,9.99379,9.99379,7218555
1995-03-16,10.0125,10.1125,9.94968,10.037,10.037,10843074
1995-03-17,10.0997,10.2184,10.0781,10.1802,10.1802,14997544
1995-03-20,10.1556,10.1802,10.037,10.0997,10.0997,5479106
1995-03-21,10.0576,10.2547,10.037,10.0576,10.0576,5201985
1995-03-22,10.0781,10.1331,9.97134,10.0125,10.0125,6058734
1995-03-23,10.0125,10.0125,9.93795,9.94968,9.94968,4867313
1995-03-24,9.97134,10.0997,9.94968,10.0781,10.0781,4516819
1995-03-27,10.1125,10.1125,10.0125,10.0781,10.0781,2818568
1995-03-28,10.0576,10.0781,9.99379,10.0576,10.0576,3850274
1995-03-29,10.0125,10.1125,9.68886,9.7732,9.7732,8249132
1995-03-30,9.85361,9.85361,9.68886,9.7732,9.7732,7013120
1995-03-31,9.73005,9.75163,9.66729,9.68886,9.68886,5526515
1995-04-03,9.66729,9.73005,9.64473,9.68886,9.68886,7303219
1995-04-04,9.68886,9.75163,9.50548,9.75163,9.75163,6757452
1995-04-05,9.75163,9.75163,9.64473,9.71632,9.71632,4791116
1995-04-06,9.68886,9.68886,9.54569,9.64473,9.64473,7265965
1995-04-07,9.66729,9.66729,9.54569,9.61041,9.61041,6263609
1995-04-10,9.56824,9.78889,9.56824,9.7732,9.7732,5589722
1995-04-11,9.83105,9.87024,9.70945,9.78889,9.78889,5502245
1995-04-12,9.8085,9.85361,9.7732,9.78889,9.78889,5512398
1995-04-13,9.8085,10.037,9.7732,10.037,10.037,4873511
1995-04-17,10.0997,10.1556,9.83105,9.85361,9.85361,4515687
1995-04-18,10.0781,10.2547,10.037,10.1978,10.1978,13692685
1995-04-19,10.2184,10.2547,10.1331,10.2184,10.2184,9116039
1995-04-20,10.1978,10.2753,10.1125,10.2547,10.2547,7247906
1995-04-21,10.2547,10.3214,10.1802,10.2988,10.2988,9528609
1995-04-24,10.2988,10.5018,10.2547,10.4263,10.4263,6383261
1995-04-25,10.4263,10.4263,10.3595,10.3812,10.3812,4953097
1995-04-26,10.3595,10.443,10.2988,10.443,10.443,5690188
1995-04-27,10.4263,10.5018,10.3214,10.3214,10.3214,5900705
1995-04-28,10.2988,10.6029,10.24,10.59,10.59,7518810
1995-05-01,10.5459,10.645,10.4263,10.5665,10.5665,5303018
1995-05-02,10.59,10.6675,10.5459,10.59,10.59,4060229
1995-05-03,10.6029,10.7302,10.6029,10.7118,10.7118,4006606
1995-05-04,10.7422,10.95,10.7302,10.7646,10.7646,6526615
1995-05-05,10.8314,10.8314,10.6029,10.6675,10.6675,4231238
1995-05-08,10.6205,10.9078,10.6205,10.8314,10.8314,3537039
1995-05-09,10.8725,10.9303,10.7882,10.8314,10.8314,3728929
1995-05-10,10.8441,10.9225,10.7569,10.899,10.899,8826506
1995-05-11,10.8833,11.0725,10.8647,11.0491,11.0491,7403112
1995-05-12,10.9637,11.0254,10.5979,10.5979,10.5979,11849947
1995-05-15,10.3881,10.4764,10.2057,10.4116,10.4116,17390570
1995-05-16,10.4351,10.5371,10.3665,10.3881,10.3881,7670632
1995-05-17,10.4351,10.5371,10.4116,10.5145,10.5145,4940112
1995-05-18,10.2675,10.292,10.085,10.1498,10.1498,16814891
1995-05-19,10.085,10.3341,10.085,10.2459,10.2459,11950972
1995-05-22,10.3341,10.4351,10.2459,10.4116,10.4116,4824413
1995-05-23,10.4351,10.5979,10.4116,10.5979,10.5979,5904658
1995-05-24,10.6597,10.8441,10.5371,10.6361,10.6361,9919726
1995-05-25,10.5548,10.7185,10.5371,10.6156,10.6156,6029384
1995-05-26,10.5979,10.6597,10.4351,10.494,10.494,4917532
1995-05-30,10.5145,10.5548,10.494,10.494,10.494,3255970
1995-05-31,10.5145,10.8441,10.494,10.8234,10.8234,6131541
1995-06-01,10.802,10.899,10.7569,10.8833,10.8833,7648056
1995-06-02,10.8441,10.9225,10.7569,10.7803,10.7803,3963154
1995-06-05,10.8234,10.8647,10.7038,10.7803,10.7803,3754893
1995-06-06,10.7803,10.9225,10.7803,10.8647,10.8647,6070018
1995-06-07,10.8441,10.8647,10.7352,10.8441,10.8441,3022311
1995-06-08,10.7569,10.9225,10.7352,10.8647,10.8647,3296607
1995-06-09,10.8441,10.8833,10.7352,10.8234,10.8234,3394807
1995-06-12,10.8234,10.8647,10.7569,10.8441,10.8441,2895888
1995-06-13,10.899,11.0491,10.899,11.0491,11.0491,3561871
1995-06-14,10.9853,11.1912,10.9853,11.1677,11.1677,4640986
1995-06-15,11.1049,11.2118,11.0725,11.0843,11.0843,4554629
1995-06-16,11.0843,11.255,11.0725,11.255,11.255,10799617
1995-06-19,11.2334,11.3315,11.2334,11.3315,11.3315,3401577
1995-06-20,11.3128,11.3128,11.149,11.1912,11.1912,4179873
1995-06-21,11.2118,11.4531,11.1677,11.3961,11.3961,3850836
1995-06-22,11.4188,11.6384,11.3756,11.6384,11.6384,6134928
1995-06-23,11.5796,11.6384,11.4531,11.6384,11.6384,5376954
1995-06-26,11.6384,11.6619,11.3756,11.3756,11.3756,3592346
1995-06-27,11.3315,11.4188,11.0254,11.0725,11.0725,8240101
1995-06-28,11.0725,11.2893,11.0725,11.1677,11.1677,5063143
1995-06-29,11.1912,11.2118,11.0491,11.1912,11.1912,4274131
1995-06-30,11.2334,11.2697,11.0254,11.0491,11.0491,4160124
1995-07-03,11.0069,11.1049,10.9637,11.0795,11.0795,2444373
1995-07-05,11.0843,11.1284,10.8647,10.8833,10.8833,3575978
1995-07-06,10.9432,11.0491,10.8833,11.0254,11.0254,4179311
1995-07-07,11.0491,11.0491,10.5371,10.6156,10.6156,17947056
1995-07-10,10.6361,10.7352,10.5753,10.6794,10.6794,8709677
1995-07-11,10.7185,10.9225,10.7185,10.8647,10.8647,7465197
1995-07-12,10.8441,10.9225,10.7803,10.802,10.802,5198039
1995-07-13,10.802,10.899,10.7803,10.8833,10.8833,5878690
1995-07-14,10.8234,10.9432,10.8234,10.9432,10.9432,3734009
1995-07-17,11.0254,11.0843,10.899,11.0069,11.0069,6688591
1995-07-18,11.0725,11.2697,10.899,11.2334,11.2334,7547599
1995-07-19,11.255,11.4188,11.1284,11.2893,11.2893,8223167
1995-07-20,11.2893,11.355,11.1677,11.2334,11.2334,5019690
1995-07-21,11.1912,11.355,11.1912,11.3128,11.3128,9521270
1995-07-24,11.355,11.4364,11.2893,11.4188,11.4188,4311947
1995-07-25,11.3961,11.4756,11.3756,11.4531,11.4531,5237547
1995-07-26,11.4188,11.5796,11.355,11.5394,11.5394,6271507
1995-07-27,11.6158,11.7423,11.6011,11.6992,11.6992,4326625
1995-07-28,11.7423,11.7423,11.5796,11.7423,11.7423,3598556
1995-07-31,11.6619,11.7423,11.6384,11.7423,11.7423,3034729
1995-08-01,11.6992,11.6992,11.5796,11.6384,11.6384,3654429
1995-08-02,11.6384,11.6384,11.4962,11.5394,11.5394,6031645
1995-08-03,11.4531,11.4531,11.3756,11.4364,11.4364,4628002
1995-08-04,11.4188,11.6384,11.3756,11.557,11.557,4344680
1995-08-07,11.6011,11.6384,11.5394,11.5796,11.5796,2844532
1995-08-08,11.6011,11.6384,11.4962,11.557,11.557,3255407
1995-08-09,11.557,11.557,11.4756,11.5178,11.5178,2686494
1995-08-10,11.4962,11.5394,11.4364,11.4962,11.4962,2566847
1995-08-11,11.4678,11.4678,11.2628,11.2834,11.2834,3973875
1995-08-14,11.304,11.4442,11.2628,11.4256,11.4256,2833803
1995-08-15,11.3236,11.3697,11.0568,11.3462,11.3462,4502145
1995-08-16,11.2402,11.304,11.0971,11.1834,11.1834,5457658
1995-08-17,11.1598,11.2206,10.998,11.0971,11.0971,4714353
1995-08-18,11.0971,11.1598,11.0324,11.0795,11.0795,8399259
1995-08-21,11.0971,11.1834,11.0795,11.1206,11.1206,5666486
1995-08-22,11.1206,11.2206,11.0795,11.1834,11.1834,3496394
1995-08-23,11.1834,11.3236,11.1834,11.2206,11.2206,4332264
1995-08-24,11.1981,11.2628,11.1206,11.1834,11.1834,3556227
1995-08-25,11.1834,11.2834,11.1598,11.1834,11.1834,3115440
1995-08-28,11.2206,11.3236,11.1834,11.3236,11.3236,2509282
1995-08-29,11.3697,11.4893,11.3462,11.3462,11.3462,4466587
1995-08-30,11.3874,11.3874,11.2402,11.3462,11.3462,2405435
1995-08-31,11.404,11.404,11.3236,11.3462,11.3462,2834938
1995-09-01,11.3462,11.404,11.2834,11.304,11.304,2175724
1995-09-05,11.3874,11.4442,11.2402,11.404,11.404,4021845
1995-09-06,11.3697,11.4678,11.3697,11.4256,11.4256,4309120
1995-09-07,11.4256,11.4678,11.404,11.4442,11.4442,2231036
1995-09-08,11.4442,11.509,11.404,11.4678,11.4678,3597428
1995-09-11,11.509,11.5717,11.4893,11.509,11.509,4419749
1995-09-12,11.5521,11.5521,11.4442,11.4678,11.4678,2735603
1995-09-13,11.4678,11.5717,11.4256,11.5521,11.5521,4332827
1995-09-14,11.5933,11.8208,11.5717,11.8208,11.8208,6011320
1995-09-15,11.8336,11.8336,11.6747,11.758,11.758,9395407
1995-09-18,11.7355,11.8208,11.6541,11.7355,11.7355,4659044
1995-09-19,11.7806,11.9012,11.758,11.8551,11.8551,5796857
1995-09-20,11.8551,11.8797,11.758,11.7806,11.7806,3185986
1995-09-21,11.8022,12.1915,11.7806,12.1248,12.1248,10744306
1995-09-22,11.9827,12.1062,11.9433,11.962,11.962,6403014
1995-09-25,11.9827,12.169,11.962,12.1454,12.1454,4402812
1995-09-26,12.1454,12.311,12.1062,12.2248,12.2248,4283721
1995-09-27,12.169,12.311,12.064,12.2679,12.2679,5686800
1995-09-28,12.2248,12.2465,12.0425,12.0846,12.0846,3863817
1995-09-29,12.0846,12.2121,12.0188,12.1915,12.1915,4309120
1995-10-02,12.1062,12.2121,12.0188,12.0846,12.0846,3455203
1995-10-03,12.1062,12.311,12.1062,12.2886,12.2886,6064942
1995-10-04,12.2886,12.473,12.2886,12.4161,12.4161,9248106
1995-10-05,12.4161,12.5367,12.2886,12.4161,12.4161,7533488
1995-10-06,12.4513,12.7241,12.4161,12.6994,12.6994,5981411
1995-10-09,12.678,12.6994,12.5367,12.6015,12.6015,3991372
1995-10-10,12.4513,12.6446,12.4513,12.5151,12.5151,5471769
1995-10-11,12.5151,12.5592,12.4513,12.5151,12.5151,5023081
1995-10-12,12.5367,12.6239,12.5367,12.5788,12.5788,4874641
1995-10-13,12.6573,12.826,12.6573,12.7652,12.7652,4742011
1995-10-16,12.7652,12.7867,12.6994,12.7652,12.7652,2649817
1995-10-17,12.7435,12.7652,12.6239,12.7435,12.7435,3007072
1995-10-18,12.7435,12.9682,12.678,12.8427,12.8427,3910664
1995-10-19,12.8642,13.0496,12.8642,12.9908,12.9908,8321942
1995-10-20,12.9682,13.1123,12.8427,13.1123,13.1123,8246873
1995-10-23,13.0682,13.2957,13.0496,13.2761,13.2761,5661967
1995-10-24,13.3163,13.6086,13.2957,13.6086,13.6086,8395874
1995-10-25,13.6301,13.8331,13.4448,13.48,13.48,9451850
1995-10-26,13.4026,13.5223,13.1957,13.2143,13.2143,8413938
1995-10-27,13.177,13.3379,13.0143,13.2761,13.2761,6923386
1995-10-30,13.2761,13.4643,13.2536,13.4222,13.4222,5384287
1995-10-31,13.381,13.48,13.3379,13.4026,13.4026,3821488
1995-11-01,13.3585,13.48,13.3163,13.4448,13.4448,5301320
1995-11-02,13.4448,13.4643,13.2957,13.3585,13.3585,4364999
1995-11-03,13.3585,13.3585,13.1564,13.1957,13.1957,5126360
1995-11-06,13.1564,13.2536,13.1564,13.177,13.177,3906714
1995-11-07,13.1957,13.4448,13.177,13.4448,13.4448,7016507
1995-11-08,13.48,13.5223,13.381,13.5026,13.5026,5186185
1995-11-09,13.48,13.48,13.3163,13.381,13.381,4056276
1995-11-10,13.2683,13.3104,13.1486,13.1692,13.1692,3063512
1995-11-13,13.2888,13.4957,13.2104,13.4957,13.4957,5691315
1995-11-14,13.786,14.0126,13.7223,13.7223,13.7223,9772986
1995-11-15,13.7449,14.196,13.7223,14.1743,14.1743,4674847
1995-11-16,14.139,14.1743,13.892,13.9135,13.9135,5808149
1995-11-17,13.9135,13.989,13.8263,13.9322,13.9322,7168324
1995-11-20,13.9322,14.0321,13.786,13.8046,13.8046,3084395
1995-11-21,13.8263,14.1165,13.8263,14.0959,14.0959,3316361
1995-11-22,14.0321,14.0753,13.892,13.989,13.989,4839649
1995-11-24,13.9322,14.0126,13.9322,13.9489,13.9489,1601179
1995-11-27,13.9684,14.0753,13.8694,13.9322,13.9322,5541751
1995-11-28,13.9684,14.0753,13.9135,14.0753,14.0753,4903427
1995-11-29,14.0753,14.2598,14.0321,14.196,14.196,3747557
1995-11-30,14.2175,14.4018,14.0548,14.3009,14.3009,4520769
1995-12-01,14.344,14.3891,14.1596,14.1743,14.1743,6263038
1995-12-04,14.196,14.4862,14.0959,14.4862,14.4862,6450420
1995-12-05,14.4411,14.899,14.4411,14.7785,14.7785,7748515
1995-12-06,14.8765,15.0462,14.854,14.9815,14.9815,8141336
1995-12-07,14.9413,15.0266,14.899,15.004,15.004,6942570
1995-12-08,15.0266,15.0677,14.801,14.899,14.899,4590194
1995-12-11,14.854,15.0462,14.8167,14.8765,14.8765,5442420
1995-12-12,14.899,15.0462,14.8765,14.9815,14.9815,4182135
1995-12-13,14.9815,15.1089,14.9598,15.004,15.004,6211118
1995-12-14,15.004,15.2512,15.004,15.1089,15.1089,4478443
1995-12-15,15.1089,15.1658,14.9598,15.0903,15.0903,14638602
1995-12-18,15.004,15.004,14.6893,14.7117,14.7117,6923949
1995-12-19,14.6893,14.7785,14.2598,14.3666,14.3666,8973242
1995-12-20,14.3891,14.6509,14.2802,14.4018,14.4018,7526148
1995-12-21,14.3891,14.6147,14.3666,14.5911,14.5911,9371702
1995-12-22,14.551,14.5706,14.2175,14.2802,14.2802,6215632
1995-12-26,14.3009,14.3233,14.2391,14.2802,14.2802,3045454
1995-12-27,14.3009,14.344,14.1165,14.344,14.344,6340369
1995-12-28,14.2598,14.2802,14.1743,14.196,14.196,5043397
1995-12-29,14.196,14.196,14.0548,14.1165,14.1165,6064942
1996-01-02,14.1165,14.1165,13.786,13.9135,13.9135,7306600
1996-01-03,14.0753,14.551,14.0753,14.4636,14.4636,11967339
1996-01-04,14.4411,14.5706,14.3233,14.3233,14.3233,9174740
1996-01-05,14.2598,14.4411,14.1596,14.3233,14.3233,8237844
1996-01-08,14.344,14.5088,14.3233,14.5088,14.5088,2801068
1996-01-09,14.6736,14.899,14.5706,14.5911,14.5911,9029123
1996-01-10,14.4636,14.4862,13.7223,14.1165,14.1165,12554306
1996-01-11,14.1165,14.1165,13.7223,13.8263,13.8263,10609414
1996-01-12,14.0126,14.3009,13.9684,14.1596,14.1596,10992074
1996-01-15,14.139,14.344,14.0959,14.2802,14.2802,6089774
1996-01-16,14.3233,14.4018,14.2391,14.3233,14.3233,8653239
1996-01-17,14.3233,14.5088,14.2598,14.4215,14.4215,5852726
1996-01-18,14.4018,14.4215,14.2391,14.3233,14.3233,5597627
1996-01-19,14.3009,14.344,14.1743,14.2598,14.2598,7110193
1996-01-22,14.3009,14.4636,14.2175,14.3233,14.3233,4909074
1996-01-23,14.3233,14.5088,14.2802,14.4862,14.4862,4675408
1996-01-24,14.854,15.4806,14.7344,15.4806,15.4806,12195355
1996-01-25,15.3933,15.6404,14.9413,15.3531,15.3531,10832915
1996-01-26,15.2679,15.4806,15.1443,15.3933,15.3933,6130409
1996-01-29,15.412,15.7248,15.412,15.5551,15.5551,6535642
1996-01-30,15.4806,15.9111,15.4345,15.9111,15.9111,5811533
1996-01-31,15.871,15.9338,15.7905,15.8463,15.8463,6879362
1996-02-01,15.8894,15.8894,15.5551,15.5768,15.5768,5301320
1996-02-02,15.5768,16.0964,15.5768,15.8259,15.8259,8533587
1996-02-05,15.6826,16.2023,15.6826,16.1622,16.1622,5840320
1996-02-06,16.1622,16.222,15.9542,16.0337,16.0337,7457854
1996-02-07,15.9749,16.018,15.8259,16.018,16.018,9157804
1996-02-08,16.0337,16.3642,16.0337,16.3015,16.3015,12396274
1996-02-09,16.3229,16.572,16.2661,16.3642,16.3642,12177294
1996-02-12,16.3642,16.4093,16.2436,16.3229,16.3229,10778733
1996-02-13,16.3015,16.4495,16.3015,16.3426,16.3426,15919200
1996-02-14,16.3426,16.3426,16.073,16.1161,16.1161,9334459
1996-02-15,16.0269,16.1092,15.7199,15.7581,15.7581,24920106
1996-02-16,15.7768,15.8169,15.5473,15.5925,15.5925,14962566
1996-02-20,15.4051,15.508,15.2992,15.3472,15.3472,10024146
1996-02-21,15.3668,15.7983,15.3668,15.7199,15.7199,14007047
1996-02-22,15.7336,15.9475,15.7199,15.7581,15.7581,11579601
1996-02-23,15.7983,15.8817,15.4885,15.4885,15.4885,9898847
1996-02-26,15.508,15.7199,15.4885,15.5267,15.5267,9030249
1996-02-27,15.5698,15.7199,15.4257,15.4885,15.4885,8860930
1996-02-28,15.6159,15.9659,15.5473,15.5473,15.5473,9948514
1996-02-29,15.3884,15.8817,15.3884,15.4885,15.4885,10856054
1996-03-01,15.6159,15.9475,15.508,15.9034,15.9034,8091105
1996-03-04,15.9034,16.1739,15.8169,16.0269,16.0269,9135792
1996-03-05,15.9258,16.0092,15.8396,15.9475,15.9475,5108863
1996-03-06,16.0464,16.1946,15.862,15.8817,15.8817,5606090
1996-03-07,15.8817,16.2739,15.862,16.2739,16.2739,9392026
1996-03-08,16.0464,16.067,15.0747,15.7336,15.7336,21125705
1996-03-11,15.6561,15.7983,15.4257,15.7768,15.7768,9053955
1996-03-12,15.6747,15.7199,15.4051,15.5925,15.5925,8526252
1996-03-13,15.6159,15.6356,15.3237,15.3884,15.3884,7572996
1996-03-14,15.5698,15.6747,15.3237,15.3472,15.3472,7482692
1996-03-15,15.3668,15.6747,15.3472,15.5698,15.5698,11326755
1996-03-18,15.7336,15.862,15.5267,15.6356,15.6356,6751242
1996-03-19,15.7336,15.7768,15.2266,15.3237,15.3237,11820034
1996-03-20,15.4257,15.5698,15.3237,15.5267,15.5267,6641181
1996-03-21,15.5267,15.7581,15.4659,15.5925,15.5925,9389765
1996-03-22,15.6561,15.7768,15.4885,15.6561,15.6561,7780126
1996-03-25,15.7768,15.8169,15.508,15.508,15.508,5899010
1996-03-26,15.4885,15.7768,15.4659,15.6747,15.6747,5858377
1996-03-27,15.6973,15.6973,15.4257,15.4257,15.4257,5852165
1996-03-28,15.3884,15.4659,15.2393,15.3668,15.3668,4843605
1996-03-29,15.4659,15.5267,15.2393,15.2766,15.2766,4924870
1996-04-01,15.4257,15.4885,15.3668,15.4502,15.4502,10689560
1996-04-02,15.508,15.7768,15.4051,15.7768,15.7768,7409885
1996-04-03,15.7199,15.7199,15.5473,15.5925,15.5925,4387010
1996-04-04,15.6747,15.6973,15.6159,15.6747,15.6747,4516819
1996-04-08,15.2393,15.3884,14.9668,15.259,15.259,10096381
1996-04-09,15.4051,15.4257,14.9893,15.1158,15.1158,6445906
1996-04-10,15.0747,15.1158,14.5568,14.6225,14.6225,8712497
1996-04-11,14.6666,14.7187,14.1813,14.494,14.494,14698993
1996-04-12,14.5774,14.8687,14.5568,14.6774,14.6774,13483855
1996-04-15,14.7421,14.9471,14.6666,14.8687,14.8687,6704396
1996-04-16,14.8922,15.2031,14.8687,15.0962,15.0962,10812597
1996-04-17,15.1158,15.158,14.9471,15.0119,15.0119,6980946
1996-04-18,15.0334,15.2393,15.0119,15.1815,15.1815,6400754
1996-04-19,15.1815,15.2393,15.0334,15.052,15.052,6390027
1996-04-22,15.1373,15.2266,14.6774,14.9109,14.9109,5998350
1996-04-23,14.9893,15.1373,14.9471,14.9893,14.9893,6739388
1996-04-24,15.0119,15.0119,14.5774,14.8687,14.8687,9546670
1996-04-25,14.8687,15.0962,14.7421,14.9334,14.9334,9119988
1996-04-26,15.0334,15.2266,14.9334,15.0119,15.0119,7114705
1996-04-29,15.0119,15.2766,14.9893,15.2266,15.2266,5129745
1996-04-30,15.2031,15.3472,15.0747,15.3237,15.3237,5638825
1996-05-01,15.2393,15.5267,15.2393,15.3668,15.3668,5430005
1996-05-02,15.259,15.2766,14.8236,14.8236,14.8236,8659442
1996-05-03,14.9893,15.1815,14.6774,14.8236,14.8236,7678536
1996-05-06,14.9109,14.9668,14.697,14.8687,14.8687,5753961
1996-05-07,14.8687,14.9334,14.7421,14.8687,14.8687,5161916
1996-05-08,14.7873,15.2266,14.6442,15.2266,15.2266,6821791
1996-05-09,15.1815,15.2031,14.9893,15.052,15.052,4488036
1996-05-10,15.158,15.259,15.0334,15.1815,15.1815,6529996
1996-05-13,15.2266,15.3472,15.0962,15.3472,15.3472,6134928
1996-05-14,15.3472,15.4502,15.259,15.3237,15.3237,6371407
1996-05-15,15.3668,15.6356,15.3472,15.5473,15.5473,7714656
1996-05-16,15.4885,15.862,15.4885,15.6159,15.6159,9163441
1996-05-17,15.7621,15.8062,15.5925,15.7846,15.7846,7479303
1996-05-20,15.8396,15.9475,15.7199,15.8396,15.8396,5203682
1996-05-21,15.862,15.9475,15.8062,15.9034,15.9034,3748682
1996-05-22,15.8817,16.1533,15.862,16.1288,16.1288,6006812
1996-05-23,16.1533,16.2367,15.9258,16.0523,16.0523,6467351
1996-05-24,16.1092,16.2798,16.073,16.2367,16.2367,4595270
1996-05-28,16.3015,16.3426,15.9659,16.1946,16.1946,5957143
1996-05-29,16.2798,16.2798,15.9034,16.0092,16.0092,6772690
1996-05-30,16.0092,16.3642,15.8817,16.2583,16.2583,6602805
1996-05-31,16.2583,16.3642,16.1533,16.1946,16.1946,6141695
1996-06-03,16.1288,16.2367,16.0964,16.1288,16.1288,4725079
1996-06-04,16.2583,16.3847,16.2367,16.3426,16.3426,4482387
1996-06-05,16.3847,16.5044,16.2798,16.5044,16.5044,4618407
1996-06-06,16.5907,16.5907,16.3426,16.3426,16.3426,5279874
1996-06-07,16.0337,16.4622,16.0092,16.4093,16.4093,6609577
1996-06-10,16.4848,16.5907,16.4299,16.5279,16.5279,4651705
1996-06-11,16.6328,16.6996,16.5495,16.6328,16.6328,8828765
1996-06-12,16.7535,16.8829,16.5044,16.6328,16.6328,6861301
1996-06-13,16.6328,16.6328,16.2583,16.2583,16.2583,7004370
1996-06-14,16.2583,16.3847,16.1288,16.3015,16.3015,4953653
1996-06-17,16.4299,16.4622,16.0523,16.216,16.216,5019131
1996-06-18,16.1288,16.1739,15.8817,15.9258,15.9258,6063535
1996-06-19,15.9659,16.0523,15.9258,15.9659,15.9659,5350143
1996-06-20,16.0092,16.0964,15.8062,15.9258,15.9258,6845492
1996-06-21,16.0092,16.0092,15.8396,16.0092,16.0092,11009852
1996-06-24,16.0092,16.216,15.9258,16.0964,16.0964,5452859
1996-06-25,16.216,16.4299,16.1739,16.4299,16.4299,6011891
1996-06-26,16.3847,16.4299,16.3426,16.4299,16.4299,4730719
1996-06-27,16.3426,16.4622,16.0523,16.3426,16.3426,4754990
1996-06-28,16.4299,16.5495,16.3426,16.4622,16.4622,4158151
1996-07-01,16.5495,16.5495,16.4299,16.5044,16.5044,3401863
1996-07-02,16.5907,16.6328,16.3847,16.5495,16.5495,4689524
1996-07-03,16.5495,16.5495,16.3426,16.4299,16.4299,4186370
1996-07-05,16.216,16.4622,16.0964,16.0964,16.0964,2669851
1996-07-08,16.0523,16.216,15.9258,15.9659,15.9659,5376669
1996-07-09,16.0523,16.0523,15.7199,15.7199,15.7199,4785188
1996-07-10,15.8062,15.9659,15.5473,15.9659,15.9659,5386826
1996-07-11,16.0523,16.216,15.6356,15.9659,15.9659,5057225
1996-07-12,15.9659,15.9659,15.508,15.6973,15.6973,4203015
1996-07-15,15.6356,15.7199,15.1373,15.2992,15.2992,6364355
1996-07-16,15.2178,16.1288,14.6774,16.0523,16.0523,11966492
1996-07-17,16.2583,16.2583,15.8062,15.8062,15.8062,6014994
1996-07-18,16.0092,16.3847,15.8396,16.3426,16.3426,5959685
1996-07-19,16.3426,16.4299,16.216,16.4299,16.4299,5952910
1996-07-22,16.216,16.3426,15.8396,16.2583,16.2583,4379391
1996-07-23,16.3015,16.3015,15.6747,15.7621,15.7621,4017049
1996-07-24,15.4738,16.0523,15.1373,15.8062,15.8062,7157320
1996-07-25,15.9258,15.9659,15.5925,15.7621,15.7621,4811432
1996-07-26,15.9258,16.0092,15.6747,16.0092,16.0092,3634391
1996-07-29,15.9659,16.0092,15.8062,15.8396,15.8396,2770876
1996-07-30,15.9659,16.0523,15.7199,16.0523,16.0523,4477592
1996-07-31,16.0092,16.0964,15.8396,15.8817,15.8817,4273006
1996-08-01,15.8817,16.4299,15.8817,16.3426,16.3426,4846141
1996-08-02,16.4622,16.7211,16.4622,16.5044,16.5044,5013763
1996-08-05,16.677,16.8829,16.6328,16.7535,16.7535,3956654
1996-08-06,16.7535,16.7956,16.6328,16.7956,16.7956,4077162
1996-08-07,16.8417,17.1291,16.677,17.1291,17.1291,5422102
1996-08-08,17.1723,17.1723,16.9232,17.0428,17.0428,3565257
1996-08-09,17.1291,17.1723,16.9683,17.0428,17.0428,3894015
1996-08-12,17.0095,17.5066,16.8829,17.5066,17.5066,5027870
1996-08-13,17.4194,17.6685,17.3439,17.4635,17.4635,5935697
1996-08-14,17.5477,17.6685,17.4635,17.6685,17.6685,6360398
1996-08-15,17.6685,17.7527,17.5477,17.6685,17.6685,4345523
1996-08-16,17.5263,17.5684,17.1908,17.2369,17.2369,5809837
1996-08-19,17.4007,17.6547,17.3625,17.4007,17.4007,3148171
1996-08-20,17.4007,17.4851,17.2369,17.2801,17.2801,3062664
1996-08-21,17.3203,17.4419,17.1526,17.3203,17.3203,2665339
1996-08-22,17.3203,17.4007,17.0252,17.3625,17.3625,3659229
1996-08-23,17.4419,17.4851,16.982,17.0673,17.0673,3743322
1996-08-26,17.0252,17.0252,16.7721,16.8634,16.8634,3838705
1996-08-27,16.8634,17.0252,16.8634,16.982,16.982,2860331
1996-08-28,16.9467,16.9467,16.8192,16.8192,16.8192,2142709
1996-08-29,16.7721,16.8192,16.572,16.6475,16.6475,3533081
1996-08-30,16.6927,16.6927,16.2367,16.4417,16.4417,5093061
1996-09-03,16.2367,16.572,16.1092,16.4004,16.4004,3635527
1996-09-04,16.3162,16.4417,16.2367,16.4004,16.4004,2979416
1996-09-05,16.2739,16.572,16.1533,16.1946,16.1946,3324547
1996-09-06,16.2739,16.6475,16.1533,16.6044,16.6044,3409201
1996-09-09,16.6927,16.7721,16.6044,16.6475,16.6475,3973029
1996-09-10,16.8192,16.8634,16.4417,16.4848,16.4848,5318257
1996-09-11,16.5279,16.6044,16.3573,16.4417,16.4417,4850654
1996-09-12,16.5279,16.6927,16.3162,16.4417,16.4417,4099170
1996-09-13,16.732,16.8634,16.6044,16.6927,16.6927,5557278
1996-09-16,16.8192,16.982,16.732,16.732,16.732,6554265
1996-09-17,16.7721,16.8192,16.572,16.6927,16.6927,3320596
1996-09-18,16.6927,16.732,16.5279,16.572,16.572,2483037
1996-09-19,16.4848,16.8192,16.4004,16.6927,16.6927,2991553
1996-09-20,16.7721,16.8634,16.732,16.8634,16.8634,8913139
1996-09-23,16.8192,16.9467,16.732,16.9467,16.9467,3965127
1996-09-24,16.9467,16.982,16.732,16.8192,16.8192,4878026
1996-09-25,16.8996,16.9467,16.732,16.7721,16.7721,3526314
1996-09-26,16.8996,17.2369,16.7721,17.0252,17.0252,7133613
1996-09-27,17.1908,17.1908,16.982,17.1908,17.1908,3797219
1996-09-30,17.2369,17.2801,17.0252,17.1085,17.1085,3797219
1996-10-01,17.1085,17.1526,16.8996,17.0673,17.0673,3644551
1996-10-02,17.1526,17.1908,17.0673,17.1085,17.1085,3226620
1996-10-03,17.1526,17.1526,16.9467,17.0252,17.0252,2980833
1996-10-04,17.1085,17.4419,17.0673,17.3203,17.3203,4700244
1996-10-07,17.4007,17.4851,17.3203,17.3625,17.3625,3820362
1996-10-08,17.1908,17.4419,17.1526,17.3203,17.3203,4060505
1996-10-09,17.3625,17.3625,16.8634,17.1085,17.1085,4350322
1996-10-10,17.1085,17.1526,16.9467,16.982,16.982,2288886
1996-10-11,17.0252,17.3203,16.982,17.1908,17.1908,2842552
1996-10-14,17.1908,17.6547,17.1908,17.5263,17.5263,3848013
1996-10-15,17.4419,17.5684,17.0252,17.1085,17.1085,5619925
1996-10-16,17.1908,17.1908,16.8996,17.1085,17.1085,5823386
1996-10-17,17.2369,17.5684,17.1908,17.4851,17.4851,5737876
1996-10-18,17.3625,17.4419,17.2801,17.3203,17.3203,10933660
1996-10-21,17.3625,17.3625,16.8634,16.9467,16.9467,8409428
1996-10-22,16.8634,16.8996,16.572,16.6044,16.6044,8660578
1996-10-23,16.6044,16.732,16.4417,16.6044,16.6044,7270481
1996-10-24,16.6475,16.7721,16.1946,16.2367,16.2367,8261834
1996-10-25,16.2367,16.4004,15.7336,15.7768,15.7768,6855658
1996-10-28,16.0269,16.1092,15.862,15.8964,15.8964,8788127
1996-10-29,16.0269,16.3573,15.9836,16.1092,16.1092,7965810
1996-10-30,16.1092,16.1533,15.9836,16.0269,16.0269,6041519
1996-10-31,16.1092,16.4848,16.067,16.4417,16.4417,5563480
1996-11-01,16.6044,16.7721,16.3162,16.4004,16.4004,4623768
1996-11-04,16.5279,16.5279,16.3162,16.3162,16.3162,7294748
1996-11-05,16.3573,16.9467,16.3573,16.6927,16.6927,8302188
1996-11-06,16.8634,17.5684,16.8192,17.5263,17.5263,9493332
1996-11-07,17.4851,17.4851,17.1908,17.1908,17.1908,6639491
1996-11-08,17.2801,17.2801,17.0252,17.1908,17.1908,6038977
1996-11-11,17.1908,17.3203,17.1526,17.1908,17.1908,3917437
1996-11-12,17.1908,17.1908,16.9467,16.982,16.982,6313838
1996-11-13,16.982,17.1908,16.9467,16.982,16.982,4853763
1996-11-14,16.9467,17.0252,16.8192,16.982,16.982,6986877
1996-11-15,17.0878,17.1723,16.9232,17.0095,17.0095,6952164
1996-11-18,17.0095,17.0878,16.9232,16.9683,16.9683,4372613
1996-11-19,17.1291,17.3007,17.0428,17.3007,17.3007,4516534
1996-11-20,17.2565,17.384,17.1291,17.2154,17.2154,6607320
1996-11-21,17.4272,17.5477,17.3007,17.4722,17.4722,5859508
1996-11-22,17.4722,17.6753,17.3439,17.5066,17.5066,4598938
1996-11-25,17.4272,18.0068,17.4272,18.0068,18.0068,6601963
1996-11-26,17.9322,18.096,17.888,17.9715,17.9715,6688591
1996-11-27,18.0529,18.0529,17.9322,17.9322,17.9322,3562716
1996-11-29,17.888,17.9715,17.8038,17.8449,17.8449,1667497
1996-12-02,17.8038,17.8038,17.6753,17.7184,17.7184,3647090
1996-12-03,17.7184,18.0068,17.2565,17.3439,17.3439,4697707
1996-12-04,17.2565,17.5066,17.2154,17.4272,17.4272,6470459
1996-12-05,17.5066,17.592,17.2565,17.3007,17.3007,4998811
1996-12-06,16.7956,17.5477,16.7535,17.3439,17.3439,6397650
1996-12-09,17.4272,17.5477,17.1723,17.5477,17.5477,3462817
1996-12-10,17.4722,17.7597,17.4272,17.592,17.592,3583885
1996-12-11,17.2565,17.5066,17.1291,17.3439,17.3439,5207068
1996-12-12,17.3439,17.3439,16.8829,16.9232,16.9232,5532159
1996-12-13,16.7535,16.8829,16.6261,16.6682,16.6682,8714475
1996-12-16,16.7535,16.8829,16.2494,16.3779,16.3779,7168610
1996-12-17,16.2093,16.4622,16.0886,16.2935,16.2935,10114441
1996-12-18,16.423,16.7535,16.3779,16.4622,16.4622,7439230
1996-12-19,16.7143,17.0428,16.6261,16.9683,16.9683,5324461
1996-12-20,17.5066,17.5066,16.6261,16.7143,16.7143,15011949
1996-12-23,16.7956,16.9683,16.6682,16.7143,16.7143,4881411
1996-12-24,16.7535,16.7956,16.7143,16.7535,16.7535,2038576
1996-12-26,16.6682,17.0095,16.6682,16.7956,16.7956,3729490
1996-12-27,16.8417,17.0878,16.8417,16.9232,16.9232,2507863
1996-12-30,16.9683,17.3439,16.9232,17.1291,17.1291,4083647
1996-12-31,17.1291,17.1908,16.6682,16.6682,16.6682,3599119
1997-01-02,16.7143,16.7535,16.2935,16.6682,16.6682,5914812
1997-01-03,16.7956,16.9683,16.6682,16.8417,16.8417,4224750
1997-01-06,17.0095,17.2154,16.9232,16.9683,16.9683,6577406
1997-01-07,16.9683,17.0095,16.7535,17.0095,17.0095,5369049
1997-01-08,17.1723,17.3439,17.0428,17.1291,17.1291,5779643
1997-01-09,17.2154,17.384,17.1291,17.2565,17.2565,5515222
1997-01-10,17.0095,17.2565,16.9683,17.1291,17.1291,8010959
1997-01-13,17.0878,17.0878,16.7956,16.8417,16.8417,7415528
1997-01-14,16.9683,17.3007,16.9683,17.1723,17.1723,6857343
1997-01-15,17.2565,17.592,17.2154,17.4722,17.4722,9388918
1997-01-16,17.6753,17.8038,17.3007,17.3007,17.3007,7996848
1997-01-17,17.3007,17.4722,17.0878,17.2154,17.2154,13790882
1997-01-20,17.2565,17.3439,17.0428,17.0878,17.0878,7386460
1997-01-21,17.0095,17.9715,17.0095,17.9322,17.9322,13955404
1997-01-22,18.3892,19.4327,18.3078,19.2277,19.2277,18674275
1997-01-23,19.3149,19.3905,18.8089,18.8089,18.8089,8697262
1997-01-24,18.7658,18.854,18.2637,18.4696,18.4696,8649852
1997-01-27,18.5549,18.5549,18.1804,18.3078,18.3078,5328130
1997-01-28,18.5549,18.6805,18.1352,18.2235,18.2235,8047645
1997-01-29,18.2235,18.5108,18.1804,18.4265,18.4265,5072460
1997-01-30,18.6805,19.1001,18.6402,19.057,19.057,7754165
1997-01-31,19.1405,19.6033,19.1001,19.3493,19.3493,7729050
1997-02-03,19.4327,19.4327,19.1001,19.1866,19.1866,4970304
1997-02-04,19.2277,19.7307,19.1405,19.7307,19.7307,5277337
1997-02-05,19.7307,19.9788,18.9727,19.2277,19.2277,6876538
1997-02-06,19.3149,19.7307,19.1405,19.7307,19.7307,6231438
1997-02-07,19.9357,20.0632,19.8073,20.022,20.022,7711836
1997-02-10,20.1063,20.3122,19.9357,19.9788,19.9788,8122146
1997-02-11,20.022,20.1494,19.9788,20.1063,20.1063,5539773
1997-02-12,20.1063,20.3976,20.1063,20.3976,20.3976,9111804
1997-02-13,20.5476,20.8448,20.5476,20.7584,20.7584,9519579
1997-02-14,20.8016,20.8448,20.629,20.629,20.629,7074351
1997-02-18,20.7173,21.092,20.5006,21.092,21.092,6588132
1997-02-19,21.0497,21.092,20.6742,20.7173,20.7173,5139341
1997-02-20,20.374,20.4603,20.0848,20.2544,20.2544,7183003
1997-02-21,20.2122,20.3388,20.1289,20.2544,20.2544,7820483
1997-02-24,20.2122,20.5908,20.1711,20.4201,20.4201,5665354
1997-02-25,20.4201,20.4603,19.9563,20.1711,20.1711,7485232
1997-02-26,20.2122,20.2122,19.4975,19.7474,19.7474,9196464
1997-02-27,19.7474,19.7474,19.3699,19.3699,19.3699,6266993
1997-02-28,19.2424,19.6278,19.0345,19.3277,19.3277,7050932
1997-03-03,19.1639,19.6661,19.0806,19.6278,19.6278,5020258
1997-03-04,19.6278,19.6278,19.2424,19.2845,19.2845,6013014
1997-03-05,19.411,19.9563,19.411,19.9563,19.9563,7589924
1997-03-06,20.0014,20.0014,19.7082,19.8739,19.8739,6368865
1997-03-07,19.9161,20.5006,19.9161,20.374,20.374,7869863
1997-03-10,20.5006,20.629,20.4603,20.5908,20.5908,4641835
1997-03-11,20.5908,20.629,20.4201,20.4603,20.4603,4835704
1997-03-12,20.5908,20.5908,19.7877,20.0426,20.0426,6070868
1997-03-13,20.3388,20.5006,19.4551,19.7474,19.7474,12511408
1997-03-14,19.9161,19.9563,19.3277,19.4551,19.4551,9403593
1997-03-17,19.0806,19.5817,18.9933,19.4551,19.4551,10198819
1997-03-18,19.5406,19.8739,19.2845,19.3699,19.3699,6378743
1997-03-19,19.4975,19.8278,18.6972,19.2845,19.2845,11649586
1997-03-20,19.411,19.4975,18.8668,19.2022,19.2022,6233127
1997-03-21,19.3699,19.411,18.908,19.0345,19.0345,8870525
1997-03-24,19.1639,19.4975,18.9933,19.4551,19.4551,4960718
1997-03-25,19.5817,19.7877,19.2424,19.3277,19.3277,5356065
1997-03-26,19.2022,19.5817,19.0345,19.2022,19.2022,6395107
1997-03-27,19.3277,19.3699,18.2343,18.5305,18.5305,7419760
1997-03-31,18.4912,18.6118,17.7321,17.7764,17.7764,11288377
1997-04-01,17.7764,18.5305,17.69,18.45,18.45,9860753
1997-04-02,18.1931,18.6531,18.0215,18.2764,18.2764,6748139
1997-04-03,18.2764,18.4912,17.7764,18.15,18.15,7064197
1997-04-04,17.6479,18.4912,17.6479,18.3637,18.3637,8542334
1997-04-07,18.6118,18.6531,18.2764,18.3225,18.3225,6741928
1997-04-08,18.3225,18.4049,18.0215,18.3225,18.3225,5757066
1997-04-09,18.45,18.5305,17.946,18.0215,18.0215,6343464
1997-04-10,17.8175,18.45,17.8175,18.2764,18.2764,5751137
1997-04-11,18.0666,18.1068,17.5606,17.5606,17.5606,6058169
1997-04-14,17.5606,17.8175,17.187,17.8175,17.8175,7046131
1997-04-15,18.2343,18.5305,18.1068,18.4912,18.4912,6941163
1997-04-16,18.3637,18.7815,18.1931,18.7815,18.7815,7768556
1997-04-17,18.9521,18.9933,18.5305,18.5696,18.5696,5337161
1997-04-18,18.6531,18.908,18.6118,18.7393,18.7393,6796671
1997-04-21,18.7815,19.2845,18.6118,19.2424,19.2424,7258627
1997-04-22,19.2845,19.9161,19.2424,19.8278,19.8278,11593991
1997-04-23,19.8278,19.8278,19.411,19.4975,19.4975,5952629
1997-04-24,19.7082,19.7877,19.5406,19.5406,19.5406,4730156
1997-04-25,19.4551,19.7082,19.3277,19.5406,19.5406,3570054
1997-04-28,19.4975,20.0426,19.4975,20.0014,20.0014,5436490
1997-04-29,20.1711,20.2544,19.8739,20.1711,20.1711,7698849
1997-04-30,20.1711,20.6742,20.1711,20.5476,20.5476,6355887
1997-05-01,20.374,20.4201,19.7877,20.0426,20.0426,4973407
1997-05-02,20.1711,20.8016,20.1289,20.629,20.629,4893269
1997-05-05,20.8016,21.0065,20.5908,20.9624,20.9624,5900137
1997-05-06,20.7584,20.9213,20.4603,20.6742,20.6742,7598957
1997-05-07,20.5476,20.5908,20.2544,20.2985,20.2985,6317786
1997-05-08,20.1289,20.6742,20.0426,20.1711,20.1711,6349958
1997-05-09,20.4201,20.5908,20.0848,20.5476,20.5476,4168025
1997-05-12,20.7173,20.8448,20.5476,20.8448,20.8448,5332078
1997-05-13,20.8448,20.9624,20.7173,20.9213,20.9213,7482410
1997-05-14,20.9213,21.0497,20.5476,20.5908,20.5908,5709095
1997-05-15,20.5476,20.7584,20.4201,20.7584,20.7584,6973891
1997-05-16,20.6662,20.8301,20.2828,20.327,20.327,7181872
1997-05-19,20.4143,20.7437,20.327,20.6662,20.6662,3267256
1997-05-20,20.2416,20.5408,20.1995,20.5408,20.5408,6147066
1997-05-21,20.4143,20.4535,19.8592,20.0279,20.0279,11380943
1997-05-22,20.1574,20.1995,19.9013,20.0701,20.0701,5687927
1997-05-23,20.2416,20.3682,20.0279,20.1995,20.1995,4548423
1997-05-27,20.1142,20.3682,19.9416,20.1995,20.1995,5361709
1997-05-28,20.2416,20.2416,19.8592,20.0279,20.0279,5124667
1997-05-29,20.0279,20.1995,19.6532,19.8592,19.8592,5804192
1997-05-30,19.8151,20.2828,19.7386,20.2416,20.2416,6432361
1997-06-02,20.327,20.3682,19.8151,20.0279,20.0279,5791778
1997-06-03,19.9877,20.2416,19.9877,20.1574,20.1574,4369513
1997-06-04,20.0701,20.1574,19.9877,20.0279,20.0279,3272900
1997-06-05,20.1142,20.2828,19.9877,19.9877,19.9877,5601295
1997-06-06,20.1142,20.4535,20.1142,20.2828,20.2828,6712018
1997-06-09,20.2828,20.8301,20.2828,20.7849,20.7849,7006912
1997-06-10,20.9566,20.9566,20.7849,20.8703,20.8703,5870791
1997-06-11,20.9134,21.7127,20.9134,21.5439,21.5439,11849097
1997-06-12,21.6744,22.1001,21.5439,22.1001,22.1001,8415068
1997-06-13,22.1001,22.4324,22.1001,22.3863,22.3863,7796773
1997-06-16,22.3863,22.4324,22.2275,22.3462,22.3462,5742958
1997-06-17,22.1854,22.2275,21.802,21.9294,21.9294,7772785
1997-06-18,21.8852,22.1001,21.5871,21.6744,21.6744,5794318
1997-06-19,21.8421,22.2275,21.7588,22.1854,22.1854,6532540
1997-06-20,22.1373,22.3462,22.1001,22.2275,22.2275,10190356
1997-06-23,22.1373,22.2275,21.5439,21.5871,21.5871,4284007
1997-06-24,21.7793,22.3863,21.5439,22.3863,22.3863,8790101
1997-06-25,22.3118,22.4324,21.5871,21.9872,21.9872,7815402
1997-06-26,21.9872,22.1001,21.1281,21.5439,21.5439,8937971
1997-06-27,21.7127,22.0588,21.4223,21.7127,21.7127,5159943
1997-06-30,21.8852,21.8852,21.3411,21.7127,21.7127,7438667
1997-07-01,21.7127,21.8224,21.2743,21.2958,21.2958,6153273
1997-07-02,21.3852,21.437,21.1488,21.4037,21.4037,7677970
1997-07-03,21.7588,21.8224,21.5263,21.6509,21.6509,4725362
1997-07-07,21.8852,22.2275,21.6744,21.8421,21.8421,6736841
1997-07-08,21.9294,22.1373,21.7793,22.1001,22.1001,5336874
1997-07-09,22.1157,22.1373,21.1685,21.4901,21.4901,7168610
1997-07-10,21.4037,21.4223,20.5408,21.0409,21.0409,13604921
1997-07-11,21.0212,21.4037,20.9134,21.2743,21.2743,6618045
1997-07-14,21.4037,21.5646,21.1899,21.238,21.238,5632337
1997-07-15,21.7127,21.7127,20.7664,20.8301,20.8301,10802152
1997-07-16,20.8958,21.1685,20.8526,20.9134,20.9134,8743258
1997-07-17,21.084,21.3852,20.9566,21.0409,21.0409,8122425
1997-07-18,21.084,21.1057,20.3054,20.3054,20.3054,10144634
1997-07-21,20.327,20.7664,20.2416,20.474,20.474,6485413
1997-07-22,20.8526,21.238,20.6153,21.238,21.238,6769867
1997-07-23,21.5646,21.5646,21.1281,21.1281,21.1281,6971635
1997-07-24,21.2116,21.2116,20.4937,20.8703,20.8703,8854725
1997-07-25,20.9134,21.0409,20.4535,20.7664,20.7664,7839951
1997-07-28,20.5849,20.7026,20.4143,20.4339,20.4339,7813421
1997-07-29,20.3476,20.6359,20.2828,20.6026,20.6026,7581457
1997-07-30,20.8526,20.8703,20.7026,20.7849,20.7849,6056476
1997-07-31,20.9998,21.1057,20.7026,20.9566,20.9566,7470271
1997-08-01,20.9134,21.0626,20.474,20.6026,20.6026,6529996
1997-08-04,20.6359,20.7849,20.4535,20.5614,20.5614,5692727
1997-08-05,20.6153,20.8526,20.6153,20.7232,20.7232,4816226
1997-08-06,20.7664,21.084,20.6662,20.9998,20.9998,5289189
1997-08-07,20.9791,21.0626,20.4143,20.474,20.474,8055261
1997-08-08,20.2623,20.327,19.8348,20.0083,20.0083,12352822
1997-08-11,20.0701,20.0916,19.3757,19.6729,19.6729,12434373
1997-08-12,20.1142,20.1357,19.3355,19.419,19.419,8775709
1997-08-13,19.8151,19.8151,19.1001,19.2483,19.2483,14186527
1997-08-14,19.3963,19.924,19.3355,19.9013,19.9013,13005821
1997-08-15,19.62,19.6405,18.9443,18.9874,18.9874,11276527
1997-08-18,19.2992,19.7013,18.959,19.6602,19.6602,10847029
1997-08-19,19.9788,20.0848,19.7229,20.022,20.022,8830739
1997-08-20,20.1927,20.279,19.8739,20.1711,20.1711,7618988
1997-08-21,20.3191,20.3388,19.8739,20.022,20.022,6342904
1997-08-22,19.62,19.9357,19.4679,19.8739,19.8739,7585980
1997-08-25,19.8739,20.1289,19.4679,19.5543,19.5543,5423508
1997-08-26,19.3218,19.62,19.3218,19.361,19.361,6071152
1997-08-27,19.3218,19.7229,19.2992,19.6405,19.6405,7618148
1997-08-28,19.3434,19.5316,19.0884,19.2992,19.2992,9331635
1997-08-29,19.3434,19.3826,19.0512,19.1933,19.1933,6298315
1997-09-02,19.215,19.8073,19.215,19.77,19.77,9422501
1997-09-03,19.7877,19.8966,19.5739,19.62,19.62,7198526
1997-09-04,19.6405,20.022,19.6405,19.8739,19.8739,5683972
1997-09-05,19.9563,20.1711,19.4905,19.6798,19.6798,6919713
1997-09-08,19.8073,19.8966,19.4679,19.4679,19.4679,5682570
1997-09-09,19.4267,19.62,19.2355,19.5316,19.5316,9121962
1997-09-10,19.5316,19.5543,19.007,19.0198,19.0198,7001832
1997-09-11,18.9227,19.3434,18.6678,19.1719,19.1719,10306341
1997-09-12,19.361,19.5543,19.0512,19.4679,19.4679,10080583
1997-09-15,19.5739,19.7013,19.5316,19.5739,19.5739,7382512
1997-09-16,19.8278,19.9357,19.7013,19.8966,19.8966,7060251
1997-09-17,19.9563,19.9563,19.4905,19.5739,19.5739,7468866
1997-09-18,19.7229,20.1063,19.5543,19.5543,19.5543,8245748
1997-09-19,19.3434,19.8966,19.3218,19.8515,19.8515,11588634
1997-09-22,20.0632,20.5006,19.9161,20.4064,20.4064,8283282
1997-09-23,20.3191,20.4064,19.9788,20.0632,20.0632,7690951
1997-09-24,20.0014,20.1711,19.7229,19.8515,19.8515,6933256
1997-09-25,19.7229,19.7474,19.4267,19.4905,19.4905,9732636
1997-09-26,19.8278,19.8278,19.4267,19.5112,19.5112,8715036
1997-09-29,19.4679,19.7474,19.4484,19.6405,19.6405,6817554
1997-09-30,19.7474,19.7474,19.4679,19.5316,19.5316,7845876
1997-10-01,19.6798,19.7013,19.361,19.5954,19.5954,7365858
1997-10-02,19.6405,19.8278,19.5112,19.8278,19.8278,6155527
1997-10-03,20.3623,20.4064,20.1289,20.1927,20.1927,12478960
1997-10-06,20.4486,20.4879,20.2339,20.2544,20.2544,5573363
1997-10-07,20.4662,20.8232,20.2122,20.8232,20.8232,7528405
1997-10-08,20.887,21.035,20.4486,20.6525,20.6525,8621067
1997-10-09,20.4879,20.5682,20.2339,20.4879,20.4879,5191543
1997-10-10,20.4251,20.4486,20.1927,20.3388,20.3388,3841802
1997-10-13,20.5006,20.6525,20.4879,20.5261,20.5261,3032470
1997-10-14,20.6074,20.6742,20.0426,20.4662,20.4662,10047003
1997-10-15,20.3388,20.3388,20.0426,20.1063,20.1063,8082639
1997-10-16,20.1289,20.3388,19.8515,19.9357,19.9357,8097028
1997-10-17,19.8515,19.9563,19.361,19.7474,19.7474,6789619
1997-10-20,19.77,20.0014,19.5112,19.9788,19.9788,6690286
1997-10-21,20.022,20.4486,20.0014,20.2544,20.2544,7384487
1997-10-22,20.4064,20.4662,20.1289,20.2985,20.2985,5500549
1997-10-23,19.8073,20.1289,19.62,19.8073,19.8073,8640251
1997-10-24,20.1289,20.1289,19.361,19.7474,19.7474,8233328
1997-10-27,19.4905,19.5316,18.6255,18.6255,18.6255,9937504
1997-10-28,18.2844,19.6405,17.946,18.959,18.959,16859198
1997-10-29,19.3826,19.6405,19.1482,19.3434,19.3434,10240865
1997-10-30,19.1719,19.4905,19.1286,19.1286,19.1286,8908056
1997-10-31,19.4043,19.5739,19.007,19.4267,19.4267,7157600
1997-11-03,19.7877,20.0632,19.7013,19.9788,19.9788,6291545
1997-11-04,20.1289,20.4251,20.022,20.3623,20.3623,7729050
1997-11-05,20.3623,20.4486,20.3191,20.3829,20.3829,6528022
1997-11-06,20.3191,20.4251,20.279,20.3829,20.3829,6024874
1997-11-07,20.022,20.2544,19.9161,20.2544,20.2544,8503111
1997-11-10,20.3191,20.4486,20.1927,20.2122,20.2122,6383541
1997-11-11,20.3623,20.6966,20.3388,20.5006,20.5006,5267459
1997-11-12,20.3191,20.4064,19.7013,19.77,19.77,6703268
1997-11-13,19.9788,20.3829,19.8739,20.2985,20.2985,7851523
1997-11-14,20.474,21.2626,20.4339,21.1979,21.1979,12270138
1997-11-17,21.4096,21.794,21.3478,21.5577,21.5577,10015394
1997-11-18,21.5577,21.8167,21.3017,21.4096,21.4096,6983490
1997-11-19,21.2626,21.6793,21.242,21.4527,21.4527,5465555
1997-11-20,21.6675,22.0049,21.6244,21.8342,21.8342,7307728
1997-11-21,22.051,22.0932,21.644,22.0725,22.0725,7382790
1997-11-24,21.9823,22.0932,21.644,21.794,21.794,6278284
1997-11-25,21.7519,22.051,21.6675,21.7519,21.7519,6129285
1997-11-26,21.6675,21.7293,21.3017,21.3017,21.3017,6600548
1997-11-28,21.5793,21.6244,21.3919,21.3919,21.3919,2382293
1997-12-01,21.5372,22.0264,21.4527,21.9823,21.9823,6526615
1997-12-02,21.8765,22.0264,21.7519,21.8765,21.8765,6524351
1997-12-03,21.8765,22.0049,21.7293,21.9226,21.9226,6865249
1997-12-04,22.0725,22.2569,21.7519,21.8765,21.8765,9168246
1997-12-05,21.7293,22.2216,21.6862,22.153,22.153,6667145
1997-12-08,22.153,22.2393,21.9823,22.153,22.153,6621997
1997-12-09,22.1098,22.4952,22.051,22.0932,22.0932,8524837
1997-12-10,22.1098,22.4952,22.0049,22.4324,22.4324,8531328
1997-12-11,22.3677,22.3677,22.051,22.153,22.153,7699984
1997-12-12,22.1775,22.2216,21.7293,21.7519,21.7519,5203963
1997-12-15,21.7715,22.2569,21.7715,22.0932,22.0932,4885647
1997-12-16,22.1775,22.2569,22.0264,22.1991,22.1991,4493393
1997-12-17,22.2393,22.5786,22.1991,22.5599,22.5599,6486542
1997-12-18,22.7727,22.7727,22.305,22.7061,22.7061,8494078
1997-12-19,22.4541,22.6855,22.051,22.5158,22.5158,10046154
1997-12-22,22.6011,22.7924,22.2569,22.7503,22.7503,5706267
1997-12-23,22.7503,22.8786,22.4324,22.4541,22.4541,4783489
1997-12-24,22.4952,22.5158,22.0725,22.1098,22.1098,2965875
1997-12-26,22.2393,22.2569,22.0264,22.051,22.051,1748487
1997-12-29,22.1775,22.2393,22.051,22.1991,22.1991,5777666
1997-12-30,22.2569,22.5158,22.1775,22.5158,22.5158,3620564
1997-12-31,22.4324,22.5599,22.3285,22.3863,22.3863,3642010
1998-01-02,22.1098,22.153,21.9647,22.1098,22.1098,6570071
1998-01-05,22.1991,22.2393,21.8999,22.0932,22.0932,7489744
1998-01-06,21.9647,21.9823,21.5372,21.7519,21.7519,7014527
1998-01-07,21.5793,21.9647,21.5793,21.9647,21.9647,5316843
1998-01-08,22.0725,22.3677,21.9421,22.2216,22.2216,8589743
1998-01-09,22.0932,22.408,21.8167,21.9647,21.9647,9762832
1998-01-12,21.6028,22.4952,21.5793,22.408,22.408,10902332
1998-01-13,22.4324,22.6678,22.3285,22.5599,22.5599,8881531
1998-01-14,22.5158,22.7061,22.408,22.6011,22.6011,7036539
1998-01-15,22.4746,22.5599,22.2569,22.3285,22.3285,6297470
1998-01-16,22.4541,23.2817,22.4324,23.0298,23.0298,10359957
1998-01-20,23.0896,23.6014,22.7924,23.5572,23.5572,8477714
1998-01-21,23.3434,23.3885,22.7924,23.1533,23.1533,7909367
1998-01-22,22.9385,23.112,22.6678,22.8561,22.8561,6224103
1998-01-23,22.8335,22.9385,22.6443,22.7276,22.7276,4932208
1998-01-26,22.7503,23.0896,22.6855,22.8335,22.8335,4084495
1998-01-27,22.8139,23.2817,22.7924,22.9209,22.9209,6320324
1998-01-28,23.0482,23.1748,22.6678,22.7276,22.7276,6343753
1998-01-29,22.6443,22.8561,22.4746,22.7276,22.7276,6981232
1998-01-30,22.7503,22.962,22.5599,22.7503,22.7503,5595087
1998-02-02,23.2817,23.5181,23.2817,23.3885,23.3885,6594625
1998-02-03,23.3885,23.6181,23.2169,23.6181,23.6181,6680692
1998-02-04,23.5376,23.5376,23.2817,23.3681,23.3681,5932589
1998-02-05,23.5181,23.6014,23.1964,23.4102,23.4102,5171792
1998-02-06,23.5572,23.7485,23.4935,23.7073,23.7073,4906530
1998-02-09,23.7278,23.7278,23.2612,23.4102,23.4102,5562634
1998-02-10,23.4299,23.7926,23.4299,23.7073,23.7073,5084313
1998-02-11,23.7485,23.7691,23.5181,23.5181,23.5181,4181853
1998-02-12,23.5857,23.7534,23.3524,23.7141,23.7141,4994010
1998-02-13,23.2022,23.6269,23.2022,23.5425,23.5425,4682185
1998-02-17,23.6956,23.7769,23.4386,23.6956,23.6956,5992136
1998-02-18,23.7769,24.0319,23.7534,24.0319,24.0319,6664043
1998-02-19,24.0319,24.0613,23.823,24.0613,24.0613,5169538
1998-02-20,24.0613,24.0613,23.4788,23.8828,23.8828,6670816
1998-02-23,24.0319,24.6134,23.8632,24.5507,24.5507,7888766
1998-02-24,24.4222,25.146,24.2516,24.9352,24.9352,10113598
1998-02-25,25.1028,25.4646,25.0802,25.3156,25.3156,7239726
1998-02-26,25.547,25.6569,25.2097,25.3607,25.3607,6779742
1998-02-27,25.3999,25.7431,25.3794,25.695,25.695,6512223
1998-03-02,25.6372,25.7647,25.3999,25.4882,25.4882,4485495
1998-03-03,25.5274,25.6569,25.294,25.3999,25.3999,6124767
1998-03-04,25.2518,25.294,24.6557,24.994,24.994,5393595
1998-03-05,24.8899,24.9743,24.4654,24.633,24.633,6545237
1998-03-06,24.6791,25.2293,24.633,25.1891,25.1891,6456630
1998-03-09,25.2293,25.3794,25.1028,25.294,25.294,4746248
1998-03-10,25.4205,25.6775,25.4205,25.5696,25.5696,5093346
1998-03-11,25.6569,25.9128,25.6147,25.8912,25.8912,5235571
1998-03-12,25.8451,25.9128,25.7647,25.9128,25.9128,3903605
1998-03-13,25.9128,26.0589,25.5274,25.6147,25.6147,4651993
1998-03-16,25.6569,25.7431,25.3999,25.5274,25.5274,5342238
1998-03-17,25.5921,25.6775,25.443,25.5921,25.5921,4102274
1998-03-18,25.7843,25.7843,25.3794,25.5097,25.5097,4978491
1998-03-19,25.4205,25.5097,25.2097,25.3999,25.3999,4244781
1998-03-20,25.5921,25.8236,25.3607,25.8236,25.8236,7665838
1998-03-23,25.5921,25.6147,25.2715,25.294,25.294,5765248
1998-03-24,25.3607,25.443,25.1233,25.1891,25.1891,4850654
1998-03-25,25.2293,25.2715,24.2299,24.9556,24.9556,7531514
1998-03-26,24.9115,25.0411,24.783,24.783,24.783,4495373
1998-03-27,25.1684,25.1684,24.276,24.38,24.38,5704295
1998-03-30,24.4654,24.7616,24.4016,24.4457,24.4457,4803248
1998-03-31,24.8468,25.146,24.7018,25.0411,25.0411,5547959
1998-04-01,24.994,25.0635,24.6557,25.0174,25.0174,6583332
1998-04-02,25.3794,26.0383,25.3362,25.9961,25.9961,9937787
1998-04-03,26.0795,26.4237,25.7647,26.2522,26.2522,7762630
1998-04-06,26.4237,26.4237,25.8069,25.9746,25.9746,5846246
1998-04-07,25.8236,25.8451,25.443,25.6569,25.6569,5204809
1998-04-08,25.7431,25.7647,25.0635,25.1233,25.1233,4864198
1998-04-09,25.3999,25.547,25.1891,25.3794,25.3794,3308463
1998-04-13,25.3362,25.3362,24.8468,25.146,25.146,4015362
1998-04-14,25.146,25.146,24.5949,24.7409,24.7409,5940777
1998-04-15,24.6791,24.7018,24.0123,24.4016,24.4016,9751543
1998-04-16,24.1172,24.1613,23.8005,23.8632,23.8632,12028574
1998-04-17,24.0123,24.8066,23.9554,24.7409,24.7409,8464732
1998-04-20,24.6557,24.6557,24.1613,24.3368,24.3368,6582769
1998-04-21,23.9044,24.5742,23.8828,24.1172,24.1172,8375274
1998-04-22,24.0838,24.38,24.0319,24.3368,24.3368,5431695
1998-04-23,23.9554,24.5075,23.9044,24.1613,24.1613,6157787
1998-04-24,24.1398,24.2299,23.8407,24.0838,24.0838,5869378
1998-04-27,23.823,24.0123,23.2896,23.6524,23.6524,7442051
1998-04-28,23.7769,23.823,23.2022,23.5239,23.5239,6826588
1998-04-29,23.7769,23.8407,23.4386,23.5857,23.5857,5632900
1998-04-30,23.823,24.5507,23.7318,24.38,24.38,7209527
1998-05-01,24.7222,24.7222,23.9044,23.9348,23.9348,5700623
1998-05-04,24.0123,24.38,24.0123,24.1172,24.1172,4124847
1998-05-05,24.1172,24.181,23.8632,23.9898,23.9898,3858458
1998-05-06,24.1613,24.1613,23.6053,23.6269,23.6269,4250991
1998-05-07,23.6269,23.9348,23.5651,23.7141,23.7141,5196627
1998-05-08,23.7534,24.3575,23.7534,24.2516,24.2516,4934464
1998-05-11,24.4654,24.6791,23.8005,23.9044,23.9044,5811245
1998-05-12,23.8828,24.276,23.8407,24.1613,24.1613,4064459
1998-05-13,24.3575,24.7222,24.2967,24.7018,24.7018,4679365
1998-05-14,24.6134,24.783,24.38,24.6134,24.6134,4869562
1998-05-15,24.5949,24.7018,24.076,24.076,24.076,4685853
1998-05-18,24.38,24.5949,23.9898,24.2898,24.2898,3692810
1998-05-19,24.2898,24.5949,23.9691,24.181,24.181,4046958
1998-05-20,24.2683,24.3928,23.8407,24.3575,24.3575,5608633
1998-05-21,24.4869,24.633,24.1398,24.2683,24.2683,5831003
1998-05-22,24.2683,24.4379,23.9898,24.1172,24.1172,3551141
1998-05-26,24.3575,24.38,23.823,23.9044,23.9044,5031254
1998-05-27,23.6053,23.823,23.3091,23.7534,23.7534,7099470
1998-05-28,23.8407,24.1172,23.8005,23.9505,23.9505,5700348
1998-05-29,24.1613,24.181,23.6269,23.6269,23.6269,4825821
1998-06-01,23.9044,24.1613,23.268,23.5857,23.5857,5934852
1998-06-02,23.7534,23.8828,23.3524,23.417,23.417,5911145
1998-06-03,23.4788,23.6269,23.0298,23.1748,23.1748,5520303
1998-06-04,23.2239,23.9898,22.9385,23.7318,23.7318,5782460
1998-06-05,23.927,24.4654,23.7318,24.4654,24.4654,5592265
1998-06-08,24.4654,24.5271,24.0544,24.2025,24.2025,5492649
1998-06-09,24.3094,24.7222,24.181,24.6557,24.6557,6442804
1998-06-10,24.7018,25.294,24.6791,24.9115,24.9115,8860930
1998-06-11,25.0635,25.1233,24.7409,24.9352,24.9352,5165583
1998-06-12,24.9743,25.0635,24.5742,24.9743,24.9743,5516918
1998-06-15,24.7409,24.9743,24.4153,24.4153,24.4153,4657348
1998-06-16,24.7616,25.0411,24.1398,24.9743,24.9743,5817741
1998-06-17,25.146,25.3999,25.0411,25.3999,25.3999,6924510
1998-06-18,25.4646,25.6569,25.3362,25.6235,25.6235,4343833
1998-06-19,25.7274,25.8981,25.598,25.8765,25.8765,9554003
1998-06-22,25.8118,25.8981,25.5696,25.5696,25.5696,5306117
1998-06-23,25.598,26.1727,25.598,26.1325,26.1325,6979540
1998-06-24,26.1521,26.6403,25.9608,26.6002,26.6002,6289570
1998-06-25,26.5778,26.5778,26.2374,26.3207,26.3207,4469409
1998-06-26,26.3444,26.5551,26.1325,26.3207,26.3207,3036142
1998-06-29,26.4708,26.6403,26.1933,26.3444,26.3444,4064459
1998-06-30,25.6775,25.7912,25.2097,25.3156,25.3156,11434835
1998-07-01,25.2293,25.2293,24.8066,25.0635,25.0635,7556346
1998-07-02,25.3156,25.5097,25.1028,25.2097,25.2097,4495373
1998-07-06,24.633,24.9743,24.4654,24.7616,24.7616,8398976
1998-07-07,24.7018,25.6372,24.7018,25.5097,25.5097,7261173
1998-07-08,25.4882,25.5097,24.7222,24.994,24.994,8590032
1998-07-09,24.9743,25.0635,24.6791,24.783,24.783,6260510
1998-07-10,24.8066,24.8899,24.3094,24.5949,24.5949,8062608
1998-07-13,24.5949,24.6134,24.2232,24.5742,24.5742,6813046
1998-07-14,24.7616,25.5274,24.7409,25.3999,25.3999,8524275
1998-07-15,26.4923,26.4923,25.9383,25.9608,25.9608,9860183
1998-07-16,26.0658,26.4708,25.854,26.4708,26.4708,7422582
1998-07-17,26.4296,26.6403,26.2374,26.5335,26.5335,5605248
1998-07-20,26.6002,26.811,26.1099,26.3845,26.3845,5706267
1998-07-21,26.303,26.3845,25.8981,26.0873,26.0873,7499624
1998-07-22,26.0873,26.7885,25.9824,26.5551,26.5551,8456268
1998-07-23,26.3207,26.7492,25.5696,25.6569,25.6569,5539773
1998-07-24,25.7491,26.2569,25.4205,26.1933,26.1933,6211685
1998-07-27,25.9383,26.4923,25.8765,26.3444,26.3444,5911710
1998-07-28,26.5335,26.7689,25.9608,26.408,26.408,9372839
1998-07-29,26.5551,26.9876,26.4708,26.8405,26.8405,6696218
1998-07-30,26.9465,27.1582,26.7885,27.1582,27.1582,5902115
1998-07-31,27.1582,27.1582,26.1727,26.4296,26.4296,4468562
1998-08-03,26.408,26.4708,25.8765,25.8765,25.8765,4536573
1998-08-04,26.0873,26.2374,25.0802,25.146,25.146,6109528
1998-08-05,25.1684,25.7274,24.8899,25.6372,25.6372,6527176
1998-08-06,25.4205,25.9824,25.3362,25.8314,25.8314,4339597
1998-08-07,25.5696,26.0873,25.3607,25.9824,25.9824,4725928
1998-08-10,25.7491,26.0256,25.3794,25.443,25.443,4317023
1998-08-11,24.7409,25.4205,24.6791,25.3156,25.3156,5904941
1998-08-12,25.4205,26.0041,24.9743,25.6775,25.6775,6157787
1998-08-13,25.6775,26.2138,25.6775,25.9186,25.9186,4330287
1998-08-14,26.0472,26.2374,25.6372,25.7491,25.7491,4864766
1998-08-17,25.6147,26.2569,25.5274,26.2374,26.2374,5941905
1998-08-18,26.2569,26.303,25.8981,26.1521,26.1521,4690367
1998-08-19,26.2374,26.2816,25.9186,26.0658,26.0658,4337626
1998-08-20,25.4205,26.0873,25.4205,25.9186,25.9186,6262196
1998-08-21,25.6569,26.1933,24.8831,26.1325,26.1325,6733185
1998-08-24,26.4296,26.4502,25.9824,26.2816,26.2816,4999094
1998-08-25,26.5414,26.7131,25.7647,26.0873,26.0873,5951498
1998-08-26,25.7491,26.5855,25.7491,26.3845,26.3845,7098623
1998-08-27,26.0256,26.2569,25.2715,25.3794,25.3794,7349214
1998-08-28,25.2293,25.8765,24.8831,25.4646,25.4646,7280072
1998-08-31,25.4882,25.6147,23.6436,23.6867,23.6867,11567187
1998-09-01,23.7278,25.0635,23.3818,24.842,24.842,11144739
1998-09-02,25.0635,25.4646,24.842,24.9508,24.9508,7870147
1998-09-03,24.5879,25.9824,24.4614,25.702,25.702,10442075
1998-09-04,25.9824,26.1521,25.6775,26.1325,26.1325,9567552
1998-09-08,26.6082,27.1808,26.1933,27.0945,27.0945,9978425
1998-09-09,26.6082,27.0092,26.1325,26.303,26.303,8213293
1998-09-10,25.7647,26.2816,25.4882,25.9608,25.9608,7000985
1998-09-11,25.8118,26.4296,25.702,26.2138,26.2138,6439136
1998-09-14,26.6082,27.3789,26.6082,27.1161,27.1161,8003622
1998-09-15,26.9465,27.1161,26.7131,26.7963,26.7963,5523412
1998-09-16,26.7131,26.7335,25.9186,26.3845,26.3845,6846341
1998-09-17,25.7912,26.3648,25.7491,26.1727,26.1727,6002859
1998-09-18,26.3648,26.3845,25.8981,26.3444,26.3444,8281870
1998-09-21,25.7647,27.2651,25.6569,27.222,27.222,7589924
1998-09-22,27.1357,27.1808,26.5414,26.8611,26.8611,6381282
1998-09-23,27.0092,27.2651,26.8405,27.2651,27.2651,9303698
1998-09-24,27.1161,27.2651,26.7758,27.0317,27.0317,6119690
1998-09-25,26.6082,27.1161,26.5639,26.7131,26.7131,5809557
1998-09-28,27.0092,27.5897,26.9669,27.4622,27.4622,8137667
1998-09-29,27.4231,27.5692,26.8817,27.222,27.222,8349877
1998-09-30,27.0534,27.7398,26.8611,26.8611,26.8611,6991954
1998-10-01,26.4708,26.6453,25.7647,26.2138,26.2138,8626144
1998-10-02,25.7491,26.9228,25.1233,26.4708,26.4708,9999874
1998-10-05,26.4296,27.5897,25.9383,27.2651,27.2651,11030170
1998-10-06,27.4622,27.5289,26.668,27.3082,27.3082,9560778
1998-10-07,27.3082,27.3789,26.1727,26.5414,26.5414,10515730
1998-10-08,26.0658,26.2374,24.9262,26.0256,26.0256,12611595
1998-10-09,26.0658,26.0873,25.294,26.0873,26.0873,7578923
1998-10-12,26.511,26.6453,26.2374,26.2374,26.2374,6114045
1998-10-13,26.1933,26.8405,26.0873,26.6894,26.6894,7109630
1998-10-14,26.4708,27.7192,26.408,27.4231,27.4231,9714855
1998-10-15,27.222,28.4047,27.1808,28.3644,28.3644,10064777
1998-10-16,28.3644,28.533,27.6956,28.533,28.533,10370113
1998-10-19,28.3223,28.9166,28.2978,28.4272,28.4272,7499624
1998-10-20,28.7675,28.7675,27.6348,27.8868,27.8868,8591150
1998-10-21,27.8016,28.0575,27.3485,27.7398,27.7398,7236054
1998-10-22,27.7192,28.5998,27.5074,28.533,28.533,5507605
1998-10-23,28.4047,29.0715,28.34,28.7469,28.7469,6557936
1998-10-26,28.7037,28.7263,28.1496,28.1496,28.1496,5323334
1998-10-27,28.4488,28.4488,27.7192,27.9947,27.9947,6132670
1998-10-28,28.1291,28.4488,27.7192,27.7398,27.7398,4599788
1998-10-29,27.7398,28.2978,27.6348,28.2772,28.2772,4143190
1998-10-30,28.4713,28.4713,27.9075,27.9751,27.9751,5908883
1998-11-02,27.9536,28.4047,27.7192,27.9947,27.9947,4785471
1998-11-03,28.2154,28.533,27.826,28.2154,28.2154,4806918
1998-11-04,28.5126,28.7871,27.6741,28.1105,28.1105,5835237
1998-11-05,27.8868,28.2388,27.7192,28.0359,28.0359,5638541
1998-11-06,27.826,28.2388,27.7398,28.1291,28.1291,5108295
1998-11-09,28.3223,28.533,28.0575,28.2154,28.2154,5411944
1998-11-10,28.4047,28.9166,28.34,28.5998,28.5998,5566022
1998-11-11,28.5998,28.6606,28.2575,28.5537,28.5537,3596862
1998-11-12,28.4909,29.1352,28.4909,28.9872,28.9872,4740881
1998-11-13,29.1999,29.2617,28.8753,29.1352,29.1352,3991932
1998-11-16,29.2225,29.4128,28.8753,29.349,29.349,4734107
1998-11-17,29.4128,29.6785,29.05,29.2225,29.2225,5303296
1998-11-18,29.05,29.5853,28.8312,29.5853,29.5853,4826950
1998-11-19,29.6932,30.0326,29.6334,29.8246,29.8246,4835704
1998-11-20,30.1266,30.6375,30.0787,30.6375,30.6375,5431414
1998-11-23,30.6827,30.9004,30.0787,30.2992,30.2992,8053008
1998-11-24,29.656,29.9295,29.3245,29.349,29.349,8478844
1998-11-25,28.9166,28.9431,28.1438,28.5126,28.5126,15291323
1998-11-27,28.4272,28.4713,27.9751,28.3134,28.3134,5161074
1998-11-30,28.5537,28.7263,27.9751,27.9751,27.9751,9022915
1998-12-01,27.9075,28.0575,27.627,27.8868,27.8868,8072479
1998-12-02,27.6054,27.8016,27.475,27.7113,27.7113,7985562
1998-12-03,27.7113,27.93,27.373,27.3927,27.3927,7169457
1998-12-04,28.1438,28.4713,27.7319,28.1438,28.1438,14032729
1998-12-07,28.2301,28.3134,28.081,28.1045,28.1045,8123276
1998-12-08,27.8016,27.826,27.069,27.3927,27.3927,14553097
1998-12-09,27.525,27.6054,27.2445,27.4985,27.4985,8648440
1998-12-10,27.4534,27.4534,27.1504,27.2867,27.2867,6596319
1998-12-11,27.222,27.475,27.069,27.475,27.475,6650214
1998-12-14,27.4534,27.5829,27.1161,27.1504,27.1504,5564612
1998-12-15,27.2867,27.9536,26.8964,27.8016,27.8016,6066915
1998-12-16,28.1438,28.1624,27.4985,27.5829,27.5829,6888952
1998-12-17,27.7113,28.0163,27.525,27.5407,27.5407,4714353
1998-12-18,27.6505,27.6682,27.1808,27.373,27.373,10784657
1998-12-21,26.2522,26.5778,26.2305,26.4629,26.4629,26782876
1998-12-22,26.6002,26.8336,26.4423,26.5061,26.5061,10457031
1998-12-23,26.8533,27.1279,26.811,27.1279,27.1279,6644850
1998-12-24,27.2023,27.4534,27.1504,27.3259,27.3259,2245710
1998-12-28,27.4985,27.826,27.4534,27.7319,27.7319,5289470
1998-12-29,27.8016,28.9431,27.7819,28.8312,28.8312,7573558
1998-12-30,28.7871,29.05,28.6606,28.9166,28.9166,6050835
1998-12-31,28.9872,29.0087,28.6606,28.8753,28.8753,4260304
1999-01-04,28.5537,28.8753,28.2301,28.4713,28.4713,8603574
1999-01-05,28.4488,28.8312,28.0575,28.5763,28.5763,8100134
1999-01-06,28.5763,29.0921,28.3831,28.9166,28.9166,8802518
1999-01-07,28.7037,28.7263,28.2919,28.6399,28.6399,7000985
1999-01-08,28.5763,28.6606,27.8868,28.6606,28.6606,6745031
1999-01-11,28.2517,28.3134,27.4534,27.6054,27.6054,6991105
1999-01-12,27.5613,27.826,27.2651,27.475,27.475,7703933
1999-01-13,26.5061,27.2867,26.5061,26.5061,26.5061,12611307
1999-01-14,27.475,27.475,26.5335,26.8748,26.8748,7869016
1999-01-15,27.2023,27.5829,27.1504,27.5407,27.5407,7369249
1999-01-19,27.5613,27.6878,27.4151,27.6878,27.6878,6309323
1999-01-20,27.6878,28.186,27.475,27.8868,27.8868,6392008
1999-01-21,27.8673,27.9751,27.4348,27.5407,27.5407,4608253
1999-01-22,27.373,27.4985,26.8533,27.023,27.023,9199566
1999-01-25,27.023,27.1161,26.7689,27.1161,27.1161,6415146
1999-01-26,27.222,28.6399,27.2023,28.4047,28.4047,11382062
1999-01-27,28.8979,29.1578,28.5763,28.7871,28.7871,11016621
1999-01-28,28.8753,29.2422,28.533,29.1784,29.1784,8265786
1999-01-29,29.1352,29.7158,28.9431,29.3039,29.3039,9259393
1999-02-01,29.2225,29.2422,28.7037,28.8077,28.8077,5110556
1999-02-02,28.6606,28.6822,28.1045,28.5537,28.5537,6312715
1999-02-03,28.5126,29.2617,28.4713,29.05,29.05,8940230
1999-02-04,29.0323,29.0323,28.4488,28.8753,28.8753,6950469
1999-02-05,29.0921,29.2617,28.6822,28.9166,28.9166,5433390
1999-02-08,28.7469,29.1999,28.5763,28.9166,28.9166,5415042
1999-02-09,28.6822,28.7469,28.335,28.4713,28.4713,4605146
1999-02-10,28.4713,28.8979,28.4272,28.8518,28.8518,5004735
1999-02-11,28.8312,29.506,28.7263,29.2225,29.2225,6856218
1999-02-12,29.2225,29.4187,28.8979,29.2225,29.2225,6382975
1999-02-16,29.6089,29.9128,29.4392,29.9128,29.9128,9232020
1999-02-17,29.8246,29.8864,29.4823,29.6089,29.6089,8819731
1999-02-18,29.5668,29.9589,29.5284,29.8021,29.8021,6909553
1999-02-19,29.851,30.0002,29.6089,29.9128,29.9128,5238393
1999-02-22,30.0002,30.4346,29.9128,30.363,30.363,7053192
1999-02-23,30.2768,30.3395,29.9128,30.1709,30.1709,4596397
1999-02-24,30.0413,30.2768,29.6089,29.6089,29.6089,5083186
1999-02-25,29.2617,29.349,28.7871,29.1578,29.1578,7149702
1999-02-26,29.2225,29.656,28.8312,29.4823,29.4823,5089677
1999-03-01,29.2617,29.5284,29.1166,29.506,29.506,4481541
1999-03-02,29.4598,29.5668,29.1999,29.3784,29.3784,4609096
1999-03-03,29.2843,29.4392,28.8979,29.2422,29.2422,4961273
1999-03-04,29.2617,30.0413,29.1784,30.0207,30.0207,5620198
1999-03-05,30.0413,30.7719,30.0413,30.7298,30.7298,8639977
1999-03-08,30.7298,30.7935,30.1913,30.7504,30.7504,6650778
1999-03-09,30.4964,31.0347,30.2551,30.2551,30.2551,6186852
1999-03-10,30.363,30.363,29.8246,30.214,30.214,4765714
1999-03-11,30.2992,30.7719,30.2551,30.665,30.665,5211301
1999-03-12,30.6906,30.7935,30.3894,30.5827,30.5827,4801836
1999-03-15,31.0347,31.4652,30.9279,31.4024,31.4024,9459473
1999-03-16,31.3211,31.4869,31.1416,31.1623,31.1623,4682185
1999-03-17,31.0985,31.1623,30.8651,31.0563,31.0563,5538365
1999-03-18,30.8651,31.1623,30.7935,31.0142,31.0142,4497346
1999-03-19,31.225,31.6604,31.0985,31.4485,31.4485,10186968
1999-03-22,31.2995,31.8536,31.2466,31.6369,31.6369,5333773
1999-03-23,31.7888,31.9654,31.0798,31.1623,31.1623,8593975
1999-03-24,31.1858,31.3603,30.9514,31.3211,31.3211,6704396
1999-03-25,31.3211,32.0076,31.2995,31.7721,31.7721,6307347
1999-03-26,31.531,31.5928,31.3378,31.531,31.531,4553508
1999-03-29,31.5928,32.438,31.5928,32.438,32.438,6091470
1999-03-30,32.1154,32.1959,32.0282,32.1371,32.1371,5094473
1999-03-31,32.1959,32.4597,32.1556,32.2881,32.2881,6014148
1999-04-01,32.1959,32.5656,32.0282,32.5028,32.5028,5663939
1999-04-05,32.5656,32.7872,32.4821,32.7646,32.7646,4712942
1999-04-06,32.7146,32.8067,32.3773,32.5449,32.5449,4831183
1999-04-07,32.5449,32.8931,32.4165,32.7646,32.7646,4629129
1999-04-08,32.5656,33.5796,32.5656,33.5796,33.5796,6169071
1999-04-09,33.4541,33.8415,33.2344,33.8415,33.8415,4955632
1999-04-12,33.5796,34.4219,33.557,34.4023,34.4023,5553039
1999-04-13,34.1209,34.1798,33.8609,34.0542,34.0542,5910582
1999-04-14,34.0101,34.0316,32.5656,32.692,32.692,5567434
1999-04-15,32.692,32.7646,31.7721,31.8359,31.8359,8536695
1999-04-16,32.1154,32.4165,31.7721,32.1556,32.1556,7722276
1999-04-19,32.1959,32.3773,30.6906,31.1623,31.1623,8954337
1999-04-20,31.225,33.2804,31.2054,33.2402,33.2402,11833014
1999-04-21,33.2402,34.7896,33.2187,34.7896,34.7896,11022832
1999-04-22,34.7896,35.3938,34.3141,35.3938,35.3938,7545624
1999-04-23,35.2241,35.3938,34.9623,35.1368,35.1368,5466970
1999-04-26,35.0682,35.2035,34.3366,34.5926,34.5926,6647394
1999-04-27,34.9407,35.5625,34.6171,35.2035,35.2035,6944262
1999-04-28,35.1172,35.3084,34.1798,34.3601,34.3601,8769784
1999-04-29,34.2553,34.5111,33.9051,34.0777,34.0777,8430871
1999-04-30,34.0777,34.1003,33.3893,33.6658,33.6658,7538851
1999-05-03,33.6442,33.8415,33.2579,33.754,33.754,13673775
1999-05-04,33.6001,33.6227,32.7146,32.8067,32.8067,8977763
1999-05-05,32.849,32.9529,32.0468,32.4597,32.4597,9230897
1999-05-06,32.4597,33.706,32.3312,33.706,33.706,8604980
1999-05-07,33.6865,33.706,32.9784,33.1981,33.1981,4129363
1999-05-10,33.0637,33.1049,32.1154,32.242,32.242,6596882
1999-05-11,32.2635,32.3105,31.9654,32.0468,32.0468,6359831
1999-05-12,32.091,32.849,31.7721,32.692,32.692,7292771
1999-05-13,32.692,33.0196,32.0468,32.8931,32.8931,5346474
1999-05-14,32.4253,32.644,31.9488,32.1605,32.1605,4194264
1999-05-17,31.9076,32.0145,31.6006,31.7801,31.7801,4809454
1999-05-18,31.7801,31.7801,31.2103,31.2995,31.2995,5769485
1999-05-19,31.6438,32.339,31.6438,32.339,32.339,6804291
1999-05-20,32.6224,33.0353,32.4684,32.899,32.899,6493596
1999-05-21,32.899,32.899,31.8623,32.034,32.034,5123540
1999-05-24,32.0536,32.1812,31.171,31.3378,31.3378,4779826
1999-05-25,30.8239,31.4338,30.412,30.412,30.412,7243108
1999-05-26,30.8651,31.5604,30.6071,31.171,31.171,6624536
1999-05-27,31.3211,31.6006,31.0416,31.2535,31.2535,7907111
1999-05-28,31.5183,32.4901,31.4712,32.0743,32.0743,7040211
1999-06-01,32.0145,32.4028,31.8015,32.0743,32.0743,5438467
1999-06-02,31.9271,32.1812,31.6682,31.7507,31.7507,6277435
1999-06-03,32.0145,32.443,31.9488,32.443,32.443,5911710
1999-06-04,32.7274,33.5315,32.2587,33.4865,33.4865,9344905
1999-06-07,33.2461,33.4461,32.9902,33.2265,33.2265,3633833
1999-06-08,32.899,33.0579,32.034,32.1224,32.1224,5851319
1999-06-09,32.2763,32.2763,31.7507,31.8015,31.8015,5141879
1999-06-10,31.3378,31.581,30.9073,30.9916,30.9916,7675145
1999-06-11,31.171,31.8623,31.1485,31.4712,31.4712,5924126
1999-06-14,31.6682,31.8015,31.3603,31.3839,31.3839,4695168
1999-06-15,31.3839,31.728,31.2103,31.4114,31.4114,3246655
1999-06-16,31.7065,31.9076,31.3378,31.4712,31.4712,4857996
1999-06-17,31.2103,31.9929,31.1259,31.8439,31.8439,3713691
1999-06-18,31.8015,32.0145,31.3378,31.4338,31.4338,7006344
1999-06-21,31.4338,31.4338,31.1063,31.1937,31.1937,3323974
1999-06-22,31.2995,31.6438,31.2103,31.4535,31.4535,5913967
1999-06-23,31.2103,31.3603,31.021,31.3378,31.3378,3163972
1999-06-24,31.3378,31.8439,31.3211,31.7065,31.7065,4895807
1999-06-25,31.728,31.9488,31.3211,31.3839,31.3839,4968895
1999-06-28,31.3211,31.7065,31.3211,31.4712,31.4712,3753759
1999-06-29,31.4956,32.5509,31.4712,32.5509,32.5509,5789519
1999-06-30,32.5509,33.9434,32.1438,33.9434,33.9434,7882282
1999-07-01,33.7189,33.7707,33.205,33.7423,33.7423,5341676
1999-07-02,33.7423,33.8766,33.5717,33.7423,33.7423,2718106
1999-07-06,33.4217,34.0463,33.205,33.5492,33.5492,4893544
1999-07-07,33.6364,34.0699,33.5099,33.8963,33.8963,4188622
1999-07-08,33.5492,33.6599,33.1382,33.1382,33.1382,5503093
1999-07-09,33.1618,33.3952,33.0108,33.2638,33.2638,2776239
1999-07-12,33.5315,33.7707,33.4217,33.7423,33.7423,3433188
1999-07-13,33.6138,33.9434,33.2461,33.5099,33.5099,4409870
1999-07-14,33.5099,33.5315,33.0108,33.2893,33.2893,3579645
1999-07-15,33.3098,33.7874,33.0755,33.5099,33.5099,5578158
1999-07-16,33.5315,33.7707,33.1833,33.7707,33.7707,5271405
1999-07-19,33.7707,33.8542,32.8774,33.2265,33.2265,4738901
1999-07-20,33.2461,33.5099,33.0353,33.3952,33.3952,9628789
1999-07-21,33.205,33.7423,32.899,33.7423,33.7423,13252736
1999-07-22,33.8766,34.4563,33.7874,34.0699,34.0699,15089269
1999-07-23,34.1523,34.1798,33.5933,33.8766,33.8766,4701375
1999-07-26,33.7874,33.8542,33.5315,33.6786,33.6786,5221742
1999-07-27,33.9217,33.9217,33.3952,33.5099,33.5099,4417486
1999-07-28,33.2461,33.3334,33.0353,33.1618,33.1618,4217410
1999-07-29,32.5097,32.7077,32.0743,32.2949,32.2949,7199366
1999-07-30,32.3145,32.339,31.5397,31.5397,31.5397,4912734
1999-08-02,31.8439,32.1812,31.6899,31.8439,31.8439,5022796
1999-08-03,32.5097,32.899,32.235,32.6224,32.6224,5707686
1999-08-04,32.5302,32.5509,31.7801,31.8623,31.8623,6512223
1999-08-05,31.8015,31.8242,31.3603,31.4535,31.4535,4888469
1999-08-06,31.3378,32.1812,31.274,31.8439,31.8439,5007554
1999-08-09,31.886,32.3616,31.886,32.235,32.235,5154012
1999-08-10,32.5509,32.5509,31.581,31.9488,31.9488,7007758
1999-08-11,31.9488,32.3145,31.9076,32.034,32.034,5876716
1999-08-12,32.0145,32.9235,31.9929,32.8146,32.8146,7689538
1999-08-13,33.2187,33.8021,33.1462,33.8021,33.8021,8193536
1999-08-16,33.6728,33.8885,33.3893,33.8885,33.8885,6759708
1999-08-17,34.0405,34.1885,33.7797,34.1454,34.1454,5974639
1999-08-18,34.062,34.1454,33.407,33.407,33.407,6206322
1999-08-19,33.3462,33.3462,32.8695,33.2804,33.2804,6411480
1999-08-20,33.2804,34.4288,33.2402,34.368,34.368,7953109
1999-08-23,34.5622,35.2388,34.5367,35.1878,35.1878,10604337
1999-08-24,35.1447,35.9056,34.9751,35.8409,35.8409,8625299
1999-08-25,35.7556,36.7755,35.7556,36.7313,36.7313,8436226
1999-08-26,36.6029,36.6264,35.9753,36.2803,36.2803,6293802
1999-08-27,35.9537,36.0812,35.4731,35.4948,35.4948,6522947
1999-08-30,35.5144,35.7556,35.2388,35.5566,35.5566,5279027
1999-08-31,35.6694,36.2607,35.4507,35.5144,35.5144,6455784
1999-09-01,35.5144,35.585,35.0603,35.2584,35.2584,5220612
1999-09-02,34.6916,34.8397,34.5867,34.7367,34.7367,7006064
1999-09-03,34.9103,35.5566,34.9103,35.2182,35.2182,6435181
1999-09-07,35.278,35.6507,35.2182,35.3662,35.3662,6486542
1999-09-08,35.0603,35.3231,34.7564,34.9103,34.9103,5356631
1999-09-09,34.6916,35.1878,34.6093,35.0182,35.0182,6321462
1999-09-10,35.1044,35.1878,34.5622,34.5622,34.5622,4469409
1999-09-13,34.3915,34.8201,34.3915,34.4945,34.4945,4376283
1999-09-14,34.3209,34.4288,33.9365,34.0169,34.0169,5074436
1999-09-15,34.368,34.473,33.7346,33.754,33.754,6321462
1999-09-16,33.6933,33.8021,33.0814,33.2579,33.2579,7171429
1999-09-17,33.5874,33.5874,33.3462,33.3677,33.3677,8731966
1999-09-20,33.5649,33.7129,33.5012,33.5236,33.5236,4698837
1999-09-21,33.3462,33.3677,32.6097,32.6509,32.6509,7552392
1999-09-22,32.7803,32.7803,32.3233,32.39,32.39,8601031
1999-09-23,32.5656,32.5656,31.6526,31.6526,31.6526,9088102
1999-09-24,31.63,31.7801,31.2613,31.2613,31.2613,9241331
1999-09-27,31.6947,32.1959,31.63,31.9565,31.9565,8340850
1999-09-28,31.9154,32.0203,31.2819,31.7801,31.7801,7671764
1999-09-29,31.9565,32.39,31.8095,31.8496,31.8496,6639209
1999-09-30,31.9154,32.39,31.8928,31.9154,31.9154,8888872
1999-10-01,32.0016,32.7146,32.0016,32.6509,32.6509,9371990
1999-10-04,32.8019,32.9961,32.6725,32.8206,32.8206,5932311
1999-10-05,32.849,32.9784,32.2635,32.7146,32.7146,8505650
1999-10-06,32.692,33.3245,32.6725,32.9166,32.9166,9774397
1999-10-07,33.0196,33.1245,32.7146,32.7362,32.7362,6670816
1999-10-08,33.1049,34.3915,32.9333,34.2994,34.2994,11384326
1999-10-11,34.2179,34.5171,34.062,34.1718,34.1718,5801938
1999-10-12,34.1072,34.1072,33.5012,33.608,33.608,6510525
1999-10-13,33.6295,33.8885,32.9961,33.1049,33.1049,7206990
1999-10-14,33.0196,33.4736,32.6509,32.8695,32.8695,6481460
1999-10-15,32.8206,32.8931,32.3028,32.4076,32.4076,6550879
1999-10-18,32.5891,32.9529,32.3028,32.8206,32.8206,6917456
1999-10-19,33.8482,34.7367,33.7129,34.6485,34.6485,11419882
1999-10-20,34.7367,35.7135,34.5622,35.6076,35.6076,12907898
1999-10-21,35.6076,36.6932,35.3231,36.4087,36.4087,13828698
1999-10-22,36.4705,36.649,36.146,36.3881,36.3881,7293054
1999-10-25,36.1253,36.6029,35.7773,36.5578,36.5578,6628207
1999-10-26,36.4284,36.8402,36.2999,36.5853,36.5853,9990283
1999-10-27,36.5352,36.5352,35.8605,36.2312,36.2312,6676177
1999-10-28,36.5853,36.8187,36.1253,36.1253,36.1253,10055751
1999-10-29,36.4489,36.9737,36.2999,36.3881,36.3881,8699520
1999-11-01,36.5578,37.0609,36.4705,36.4911,36.4911,8048491
1999-11-02,36.5166,36.8402,35.5144,35.6076,35.6076,10416679
1999-11-03,36.1253,36.5166,35.9537,36.2096,36.2096,7051500
1999-11-04,36.4705,36.8187,36.4489,36.5853,36.5853,8982560
1999-11-05,36.8187,37.0609,36.5578,36.649,36.649,9714855
1999-11-08,36.6705,36.7755,36.1038,36.2803,36.2803,6326255
1999-11-09,36.6029,36.6264,35.8822,35.9939,35.9939,5944167
1999-11-10,35.6076,35.9537,35.5144,35.7773,35.7773,7588519
1999-11-11,35.8194,36.1253,35.7341,36.0597,36.0597,3918005
1999-11-12,36.2234,36.3283,35.634,36.139,36.139,4223616
1999-11-15,36.139,36.2008,35.7409,36.0468,36.0468,4547574
1999-11-17,36.8745,37.2236,36.7,36.7902,36.7902,6934103
1999-11-18,36.5284,36.5715,36.0744,36.3509,36.3509,4891010
1999-11-19,36.3509,36.6333,36.139,36.6333,36.6333,4321825
1999-11-22,36.5882,36.8334,36.3509,36.6843,36.6843,4640701
1999-11-23,36.5284,36.5519,36.0468,36.2459,36.2459,5941905
1999-11-24,36.0744,36.5284,36.0744,36.4833,36.4833,5082900
1999-11-26,36.5715,36.5882,35.94,35.94,35.94,1894096
1999-11-29,35.8742,36.6568,35.4584,36.5882,36.5882,5752270
1999-11-30,36.3077,36.4636,36.0744,36.139,36.139,4883390
1999-12-01,35.9596,36.0253,35.2241,35.6978,35.6978,6469609
1999-12-02,35.2457,35.285,34.4807,34.8573,34.8573,9219322
1999-12-03,34.4807,34.6367,33.4785,33.8689,33.8689,17949036
1999-12-06,33.4384,34.112,33.2804,33.7189,33.7189,9518450
1999-12-07,33.762,33.8482,32.4076,32.5215,32.5215,15407862
1999-12-08,32.3233,32.5028,31.4338,31.7721,31.7721,14027930
1999-12-09,32.0389,32.9529,31.9565,32.4821,32.4821,12235707
1999-12-10,33.0892,33.1305,32.4821,32.8695,32.8695,8254214
1999-12-13,32.9529,33.0196,32.0596,32.4597,32.4597,7657929
1999-12-14,32.1371,33.3245,32.0389,32.8067,32.8067,8147542
1999-12-15,32.7872,33.1539,32.5656,32.9705,32.9705,8527100
1999-12-16,33.3245,33.3462,32.5449,32.9529,32.9529,9138894
1999-12-17,33.1138,33.2402,32.1732,33.0432,33.0432,20588968
1999-12-20,32.7146,32.7441,31.4956,32.034,32.034,8989331
1999-12-21,31.9154,31.935,31.3897,31.6947,31.6947,8200036
1999-12-22,31.6526,32.3028,31.63,31.8928,31.8928,8158828
1999-12-23,32.2635,33.3952,32.0389,33.2804,33.2804,8193822
1999-12-27,33.2402,34.0463,32.9961,34.0463,34.0463,5873053
1999-12-28,34.0463,34.0463,32.8695,33.2402,33.2402,4816226
1999-12-29,33.5012,33.5012,32.1371,32.1959,32.1959,4396600
1999-12-30,32.39,32.9166,32.39,32.5656,32.5656,3453786
1999-12-31,32.5656,32.8695,32.438,32.4821,32.4821,1934734
2000-01-03,32.4253,32.644,31.8928,32.1154,32.1154,6550320
2000-01-04,31.735,31.8928,30.922,30.9426,30.9426,11036941
2000-01-05,30.9426,31.63,30.8073,31.2466,31.2466,11611772
2000-01-06,31.4535,32.7146,31.3839,32.2507,32.2507,7557757
2000-01-07,32.7803,33.754,32.6028,33.6227,33.6227,13917597
2000-01-10,33.6865,33.754,32.7588,32.7588,32.7588,6954139
2000-01-11,32.4028,33.0696,32.3842,32.8695,32.8695,8681740
2000-01-12,32.692,33.1138,32.443,32.5586,32.5586,7285157
2000-01-13,32.7146,33.4461,32.4028,32.5155,32.5155,6574024
2000-01-14,32.7146,32.8695,32.339,32.6224,32.6224,7626049
2000-01-18,32.0468,32.4028,31.7143,31.8095,31.8095,6871458
2000-01-19,31.6947,32.0683,31.5604,31.9154,31.9154,7770812
2000-01-20,32.1371,32.1605,31.3603,32.0282,32.0282,6805701
2000-01-21,31.9565,31.9565,31.2054,31.2995,31.2995,12046917
2000-01-24,31.3839,31.4024,29.1009,29.1499,29.1499,15949965
2000-01-25,29.2146,30.2768,29.1009,29.702,29.702,18281743
2000-01-26,30.0326,30.2551,28.9214,29.0794,29.0794,13392145
2000-01-27,29.1705,29.2353,28.0359,28.0359,28.0359,17505426
2000-01-28,28.1713,29.6834,28.1713,29.4314,29.4314,17411450
2000-01-31,29.6834,30.214,28.8391,29.9669,29.9669,12776673
2000-02-01,29.7658,29.7902,29.3921,29.5481,29.5481,8577607
2000-02-02,29.7902,30.057,29.5853,29.7452,29.7452,8171811
2000-02-03,29.6089,29.6089,28.5243,29.0156,29.0156,14444449
2000-02-04,28.9431,29.1235,28.5046,28.592,28.592,9744206
2000-02-07,28.4125,28.5694,28.2154,28.3723,28.3723,8214708
2000-02-08,28.7037,28.9047,28.3046,28.592,28.592,8642794
2000-02-09,28.592,28.592,27.7535,27.8604,27.8604,17527994
2000-02-10,27.7956,27.9947,26.9954,27.1729,27.1729,16007254
2000-02-11,27.1729,27.4231,26.5335,27.069,27.069,14438806
2000-02-14,26.8895,27.3485,26.7963,27.1279,27.1279,10403131
2000-02-15,27.1504,28.0575,27.0876,27.8604,27.8604,13917027
2000-02-16,28.0575,28.1713,27.5976,27.9075,27.9075,13047583
2000-02-17,28.2849,28.3477,27.5289,27.6819,27.6819,8147542
2000-02-18,27.4416,27.5976,26.869,27.069,27.069,11635198
2000-02-22,27.2651,27.6437,26.8179,27.4838,27.4838,10310567
2000-02-23,27.3082,27.3789,26.6002,26.6002,26.6002,11701507
2000-02-24,26.2227,26.313,25.1616,25.7843,25.7843,26121131
2000-02-25,25.3607,25.3794,24.5879,25.1616,25.1616,18655090
2000-02-28,25.1616,25.495,24.4928,25.4293,25.4293,19101517
2000-02-29,25.6068,25.6686,24.9195,25.1616,25.1616,14368257
2000-03-01,25.2518,25.6499,24.8468,25.6499,25.6499,13259231
2000-03-02,25.5157,26.2001,25.3794,25.7559,25.7559,9584765
2000-03-03,25.9608,25.9608,25.2518,25.6902,25.6902,8176048
2000-03-06,25.495,25.495,24.5664,24.6487,24.6487,10767733
2000-03-07,24.6487,24.6487,23.1277,23.9427,23.9427,23318364
2000-03-08,23.6593,25.0753,23.5014,24.8281,24.8281,18112424
2000-03-09,24.8281,25.5157,24.4536,25.3999,25.3999,13637652
2000-03-10,25.3999,25.7843,24.43,24.783,24.783,12306823
2000-03-13,24.3368,25.0027,24.2299,24.4712,24.4712,8130896
2000-03-14,25.0949,26.0873,25.0753,25.4293,25.4293,14592601
2000-03-15,25.2518,27.3259,25.0949,26.8895,26.8895,16960220
2000-03-16,27.93,28.1291,27.5976,27.9075,27.9075,21671188
2000-03-17,27.7319,27.9536,27.3259,27.8182,27.8182,15526670
2000-03-20,27.8604,27.9536,27.4622,27.7319,27.7319,9531430
2000-03-21,27.3082,28.3046,27.3082,28.0575,28.0575,11326755
2000-03-22,28.2635,28.7469,27.8604,28.7469,28.7469,14085782
2000-03-23,28.39,28.6399,27.9536,27.9751,27.9751,14660045
2000-03-24,25.5157,25.8697,24.5418,25.2518,25.2518,54694538
2000-03-27,24.8281,24.9195,23.9819,24.3859,24.3859,31898796
2000-03-28,24.276,25.1616,24.2516,25.1616,25.1616,25927539
2000-03-29,24.4928,25.2018,24.4928,24.8468,24.8468,20735710
2000-03-30,24.6714,25.0254,24.5879,24.7409,24.7409,14586959
2000-03-31,24.8281,24.8674,24.4928,24.5664,24.5664,11306721
2000-04-03,24.6928,25.4293,24.4712,25.2518,25.2518,15671436
2000-04-04,25.5764,26.8179,25.5333,26.8179,26.8179,31075633
2000-04-05,26.5551,27.0876,26.1393,27.0876,27.0876,19816887
2000-04-06,26.9954,27.023,25.9824,26.1805,26.1805,11706877
2000-04-07,26.6403,26.6894,25.8069,25.8912,25.8912,8910318
2000-04-10,26.1599,26.7335,26.1099,26.5551,26.5551,11843175
2000-04-11,26.5551,27.3994,26.4423,27.3485,27.3485,12563054
2000-04-12,27.1504,27.7535,26.5778,26.9111,26.9111,10622114
2000-04-13,26.5778,26.8895,26.1393,26.6403,26.6403,9977581
2000-04-14,26.2639,26.4423,25.3607,25.6314,25.6314,11949844
2000-04-17,26.4423,27.2651,26.4002,27.0876,27.0876,16900955
2000-04-18,27.9751,28.6606,27.7035,28.485,28.485,21157592
2000-04-19,28.485,28.8823,28.1918,28.7469,28.7469,11002226
2000-04-20,28.7037,28.994,28.39,28.5243,28.5243,7951418
2000-04-24,28.485,29.5284,28.485,29.3245,29.3245,10166939
2000-04-25,29.2578,29.5284,28.8823,29.4746,29.4746,7951699
2000-04-26,29.3921,29.3921,28.6606,28.9214,28.9214,7732153
2000-04-27,28.7469,29.1499,28.592,29.0156,29.0156,6711455
2000-04-28,28.9214,29.0156,28.6399,28.8391,28.8391,7265685
2000-05-01,28.7469,29.5284,28.6155,28.9047,28.9047,8211324
2000-05-02,28.7037,29.5668,28.6822,29.4314,29.4314,7276127
2000-05-03,29.4128,29.702,29.0156,29.1009,29.1009,7166349
2000-05-04,29.0156,29.3921,28.7675,29.0381,29.0381,4301782
2000-05-05,29.0794,29.4519,28.9047,29.3716,29.3716,5984234
2000-05-08,29.702,30.6739,29.4128,30.6739,30.6739,12951069
2000-05-09,30.5895,30.922,30.3219,30.412,30.412,11512155
2000-05-10,30.412,30.412,29.7452,29.8795,29.8795,11729451
2000-05-11,30.1846,30.3894,30.007,30.0787,30.0787,6541570
2000-05-12,30.1011,30.1218,29.6089,29.8795,29.8795,5748604
2000-05-15,29.7902,30.412,29.7452,30.1415,30.1415,6317225
2000-05-16,30.2336,30.57,30.1415,30.5179,30.5179,7288261
2000-05-17,30.4346,30.6513,29.9218,30.4346,30.4346,4948578
2000-05-18,30.363,31.1201,30.3395,30.9426,30.9426,8591150
2000-05-19,31.1623,31.4535,30.4728,31.1416,31.1416,9981251
2000-05-22,31.4535,31.4712,29.8795,30.4728,30.4728,8656056
2000-05-23,30.8328,30.9426,30.214,30.5179,30.5179,7916991
2000-05-24,30.767,31.581,30.6071,31.5604,31.5604,11590327
2000-05-25,31.3211,31.4024,30.767,31.3378,31.3378,6388896
2000-05-26,31.4024,31.5183,30.8328,30.922,30.922,4367250
2000-05-30,30.9426,31.2054,30.57,31.2054,31.2054,5946424
2000-05-31,31.2995,31.5604,30.9651,31.4024,31.4024,6195882
2000-06-01,31.3211,31.4024,30.6071,30.767,30.767,7381951
2000-06-02,30.6974,30.6974,28.9431,29.4746,29.4746,13194608
2000-06-05,29.2971,29.9011,28.9725,29.4746,29.4746,7501599
2000-06-06,29.2971,29.7207,29.1235,29.5284,29.5284,4510324
2000-06-07,29.8306,29.9669,29.3716,29.3716,29.3716,5782460
2000-06-08,29.3716,29.7902,29.0794,29.7658,29.7658,5200017
2000-06-09,29.8109,30.6974,29.7452,30.214,30.214,5792340
2000-06-12,30.4346,30.6513,29.702,29.7452,29.7452,5359171
2000-06-13,30.0787,31.0494,30.007,30.8709,30.8709,7614475
2000-06-14,31.3603,31.5397,31.0985,31.4956,31.4956,7746548
2000-06-15,31.581,31.9154,31.3839,31.7801,31.7801,11244921
2000-06-16,31.6006,31.735,31.3603,31.4251,31.4251,10361365
2000-06-19,31.4956,31.6947,31.2466,31.6526,31.6526,5029851
2000-06-20,31.7143,31.735,30.8936,31.072,31.072,6146778
2000-06-21,31.1416,31.735,31.1416,31.5397,31.5397,7208961
2000-06-22,31.4956,31.4956,30.9651,31.072,31.072,5627823
2000-06-23,31.1623,31.5604,31.1201,31.4956,31.4956,5415330
2000-06-26,32.4028,33.5099,32.2881,33.5099,33.5099,22271133
2000-06-27,33.4461,34.4346,33.4217,34.3523,34.3523,20859882
2000-06-28,34.0169,34.4886,33.9571,34.4171,34.4171,12392890
2000-06-29,34.3758,34.8642,34.1307,34.569,34.569,12144843
2000-06-30,34.3758,35.7703,33.8415,35.7488,35.7488,22697818
2000-07-03,35.5281,35.5281,35.0603,35.4584,35.4584,6730640
2000-07-05,35.3732,35.5929,35.0378,35.435,35.435,10306341
2000-07-06,35.0839,35.2182,34.7896,34.9701,34.9701,8169274
2000-07-07,34.9054,35.3938,34.8397,34.9955,34.9955,9168813
2000-07-10,35.3525,35.3938,35.0182,35.1447,35.1447,6132103
2000-07-11,34.8642,35.2388,34.7289,35.1447,35.1447,9568962
2000-07-12,34.8201,34.925,34.3758,34.3964,34.3964,8002773
2000-07-13,34.1945,34.2179,33.3334,33.4217,33.4217,10794824
2000-07-14,32.5381,32.5586,31.935,32.2026,32.2026,17746702
2000-07-17,32.6224,33.6001,32.443,33.0892,33.0892,12421106
2000-07-18,33.1305,33.4865,33.1138,33.3334,33.3334,11689662
2000-07-19,33.2893,33.5796,32.5381,32.692,32.692,7569324
2000-07-20,32.7146,32.7146,32.1371,32.2273,32.2273,8380074
2000-07-21,32.2273,32.7803,31.9154,32.3616,32.3616,10748539
2000-07-24,32.3842,33.4688,32.3842,33.1305,33.1305,8008701
2000-07-25,33.1775,33.2461,32.5381,32.8019,32.8019,8286950
2000-07-26,32.8019,32.8019,31.6761,31.6761,31.6761,10372089
2000-07-27,31.8302,32.6028,31.7801,32.2273,32.2273,9282537
2000-07-28,32.5803,32.8695,32.339,32.8695,32.8695,6825174
2000-07-31,32.8695,32.9529,32.443,32.644,32.644,8933739
2000-08-01,32.443,33.3334,32.4028,33.2638,33.2638,7111041
2000-08-02,33.3098,33.9365,33.0696,33.8609,33.8609,7018482
2000-08-03,33.7797,34.1523,33.7266,34.0169,34.0169,8057525
2000-08-04,33.9051,33.9365,33.4461,33.8816,33.8816,5732229
2000-08-07,34.1945,34.1945,33.6658,33.9777,33.9777,5377510
2000-08-08,33.8609,34.1945,33.5796,33.9051,33.9051,6483437
2000-08-09,33.8816,34.0836,32.8411,33.2638,33.2638,9998465
2000-08-10,33.6001,34.3278,33.4217,34.1718,34.1718,8096747
2000-08-11,34.1945,34.6847,34.062,34.3278,34.3278,6331901
2000-08-14,34.3758,34.5111,33.8816,34.1307,34.1307,4029183
2000-08-15,33.9571,34.1307,33.6227,33.706,33.706,4644931
2000-08-16,33.9777,34.4346,33.9571,34.3278,34.3278,4543347
2000-08-17,34.3758,34.4171,33.8816,34.0169,34.0169,6661221
2000-08-18,34.1523,34.2415,33.5492,33.9365,33.9365,7727637
2000-08-21,34.1523,34.3964,33.9777,34.1523,34.1523,5172924
2000-08-22,34.2179,34.4346,34.0836,34.3964,34.3964,4541083
2000-08-23,34.3758,34.464,33.706,34.1307,34.1307,4845577
2000-08-24,33.706,33.9944,33.6227,33.8816,33.8816,4659893
2000-08-25,33.6658,33.8609,33.3746,33.6001,33.6001,5220612
2000-08-28,33.2638,33.9944,33.1539,33.3539,33.3539,7281772
2000-08-29,33.0892,33.1539,32.6646,32.7362,32.7362,5504788
2000-08-30,32.3842,32.6646,32.1154,32.1154,32.1154,5922720
2000-08-31,32.7803,33.051,32.2507,32.3616,32.3616,6634976
2000-09-01,32.5586,32.7146,32.339,32.6028,32.6028,4289935
2000-09-05,32.6028,32.8931,32.1371,32.8206,32.8206,7475639
2000-09-06,33.0892,33.0892,32.7588,32.8206,32.8206,7921790
2000-09-07,32.8411,33.051,32.6028,32.8931,32.8931,3722722
2000-09-08,32.7362,33.2638,32.7362,33.2461,33.2461,5373567
2000-09-11,33.3334,33.6001,33.3334,33.4461,33.4461,5777954
2000-09-12,33.8415,34.0169,33.5796,34.0169,34.0169,5527357
2000-09-13,34.0169,34.4171,33.9944,34.3523,34.3523,6905601
2000-09-14,34.3278,34.3278,33.7266,33.7797,33.7797,5868536
2000-09-15,33.6001,33.7797,33.4217,33.4461,33.4461,8839485
2000-09-18,32.644,32.9961,32.339,32.4253,32.4253,10783813
2000-09-19,32.3105,32.5586,32.091,32.3105,32.3105,5556991
2000-09-20,32.339,32.644,31.7801,32.0468,32.0468,7700263
2000-09-21,32.0468,33.2638,32.0468,33.1775,33.1775,8253648
2000-09-22,33.6227,33.9944,33.3098,33.754,33.754,7782101
2000-09-25,33.7266,33.9571,33.3746,33.7266,33.7266,5613151
2000-09-26,33.7266,33.9051,32.9333,33.2638,33.2638,6423047
2000-09-27,33.2461,33.6865,32.8931,33.4688,33.4688,6078206
2000-09-28,33.5492,33.9571,32.7146,32.8695,32.8695,8890850
2000-09-29,32.8206,33.5099,32.644,33.0696,33.0696,7423993
2000-10-02,33.1539,33.1775,32.4684,32.8019,32.8019,5936261
2000-10-03,32.7588,33.0196,32.3616,32.5586,32.5586,6204912
2000-10-04,32.3842,32.9961,31.7801,31.7801,31.7801,9665191
2000-10-05,32.2026,32.9961,32.0683,32.7588,32.7588,9132122
2000-10-06,32.7146,33.1305,32.1154,32.4901,32.4901,6593211
2000-10-09,32.4901,32.7362,32.1154,32.1371,32.1371,4111584
2000-10-10,32.5155,33.4461,32.2273,33.3098,33.3098,8612039
2000-10-11,33.5099,33.8816,33.2265,33.8021,33.8021,11121600
2000-10-12,33.7266,34.3072,33.3098,34.1523,34.1523,13091889
2000-10-13,34.1945,34.3072,33.6658,33.7266,33.7266,12847791
2000-10-16,33.7266,34.263,33.5796,34.1307,34.1307,7903729
2000-10-17,33.8021,34.3072,33.5796,34.1718,34.1718,12732937
2000-10-18,33.6227,34.062,33.1138,33.1775,33.1775,9945692
2000-10-19,32.5586,32.9333,31.9859,32.2881,32.2881,15462897
2000-10-20,32.2026,32.644,32.0468,32.339,32.339,8821422
2000-10-23,32.3842,32.8695,32.2273,32.2273,32.2273,10174270
2000-10-24,32.2507,32.5381,31.8928,32.2694,32.2694,8676942
2000-10-25,32.2694,33.4217,32.2273,33.0696,33.0696,10779297
2000-10-26,32.9961,33.401,32.7588,32.7803,32.7803,7011705
2000-10-27,32.7146,33.0196,32.4684,32.644,32.644,5512685
2000-10-30,32.9529,33.2893,32.6646,33.2265,33.2265,6191365
2000-10-31,33.051,33.051,32.2026,32.4253,32.4253,9842410
2000-11-01,32.3842,32.443,31.4024,32.0282,32.0282,13328651
2000-11-02,32.2026,32.2273,31.3839,31.63,31.63,13245682
2000-11-03,31.7584,32.443,31.4251,32.2694,32.2694,8229664
2000-11-06,32.4028,32.7146,32.2026,32.4028,32.4028,8215552
2000-11-07,32.3842,32.692,31.935,32.4253,32.4253,6945680
2000-11-08,32.7146,33.3539,32.7146,32.8931,32.8931,8658035
2000-11-09,32.8931,33.1981,32.0282,32.9333,32.9333,7994877
2000-11-10,32.8695,33.6001,32.692,33.2461,33.2461,8564064
2000-11-13,33.1539,33.5492,32.4684,32.7588,32.7588,8973531
2000-11-14,32.7146,33.3098,32.339,33.3098,33.3098,7540823
2000-11-15,33.1775,33.4461,32.9961,33.4461,33.4461,5905785
2000-11-16,33.4461,33.4688,32.8695,33.1539,33.1539,5068787
2000-11-17,33.4461,33.6442,33.2893,33.6001,33.6001,7466607
2000-11-20,33.6001,34.2415,33.6001,33.9777,33.9777,7771657
2000-11-21,34.0836,34.569,33.8228,34.5308,34.5308,10207005
2000-11-22,33.9051,34.3523,33.7266,34.0836,34.0836,7752755
2000-11-24,34.0836,34.0836,33.1981,33.5796,33.5796,4229828
2000-11-27,33.6865,34.4346,33.3098,34.3964,34.3964,7728484
2000-11-28,34.5926,35.3732,34.4346,35.3732,35.3732,15782058
2000-11-29,35.1956,35.6144,35.1956,35.4113,35.4113,10651745
2000-11-30,35.4113,36.3656,35.2388,35.3231,35.3231,21063062
2000-12-01,35.0603,35.3231,34.1523,34.5308,34.5308,14708870
2000-12-04,33.8609,35.3231,33.8609,35.1731,35.1731,8553904
2000-12-05,35.2388,35.2388,34.5308,35.1447,35.1447,8834972
2000-12-06,34.5308,34.8848,33.754,33.9571,33.9571,11812418
2000-12-07,34.4346,34.6171,33.9777,34.2886,34.2886,7049803
2000-12-08,33.7797,34.3278,33.7797,34.0405,34.0405,8993282
2000-12-11,33.9051,34.263,33.6442,33.7797,33.7797,8231070
2000-12-12,33.754,34.6171,33.7266,34.263,34.263,9206625
2000-12-13,34.6171,35.1956,34.4886,34.8642,34.8642,10632556
2000-12-14,34.8848,35.1231,34.5111,35.0603,35.0603,9878532
2000-12-15,35.0603,35.3231,34.8201,34.8201,34.8201,16355475
2000-12-18,34.8201,35.0378,34.3758,34.8201,34.8201,8289769
2000-12-19,34.8397,35.3006,34.8201,35.0378,35.0378,6354195
2000-12-20,35.1231,35.9253,35.1044,35.5486,35.5486,13547915
2000-12-21,35.4113,36.0096,35.3231,35.6771,35.6771,15379083
2000-12-22,35.8331,36.0321,35.5486,35.8537,35.8537,9849179
2000-12-26,35.8537,36.3215,35.8124,36.1665,36.1665,4949713
2000-12-27,35.8537,36.9893,35.8537,36.3656,36.3656,8394180
2000-12-28,36.4558,37.2502,36.4558,36.9893,36.9893,9371990
2000-12-29,37.0078,37.4061,36.8942,37.0962,37.0962,7001549
2001-01-02,36.7226,36.9677,35.8822,36.0321,36.0321,12494482
2001-01-03,36.3656,36.6097,34.569,34.8848,34.8848,15980724
2001-01-04,34.6435,34.6632,33.6001,34.1307,34.1307,18259730
2001-01-05,34.4171,35.278,33.8228,34.569,34.569,13089912
2001-01-08,34.3278,35.1447,34.263,34.5308,34.5308,7788874
2001-01-09,34.6171,34.9701,34.4171,34.7701,34.7701,8997230
2001-01-10,34.9476,34.9701,33.6865,33.8609,33.8609,10616470
2001-01-11,33.9051,34.062,32.5586,32.644,32.644,11866875
2001-01-12,32.8411,33.4865,32.8411,33.401,33.401,9556261
2001-01-16,33.2638,33.5315,33.051,33.2638,33.2638,8607806
2001-01-17,33.2265,33.2461,32.2273,32.3842,32.3842,11043998
2001-01-18,32.7146,33.5315,32.692,33.1981,33.1981,13178521
2001-01-19,32.8019,33.4461,32.7588,33.2461,33.2461,11126396
2001-01-22,33.6442,33.8816,33.1305,33.3098,33.3098,10408772
2001-01-23,33.3098,33.5099,32.6646,32.7362,32.7362,11975244
2001-01-24,32.3842,32.4028,31.9154,31.9859,31.9859,15609636
2001-01-25,32.0076,32.6028,31.9565,32.4028,32.4028,11152924
2001-01-26,32.7588,33.0196,32.4028,32.4684,32.4684,9366061
2001-01-29,32.6646,32.8411,32.3105,32.3616,32.3616,7338774
2001-01-30,32.4901,32.8411,32.3105,32.3616,32.3616,7087898
2001-01-31,32.8411,32.9784,32.0468,32.8931,32.8931,12127628
2001-02-01,32.8931,33.3098,32.8931,33.1539,33.1539,8766680
2001-02-02,33.3746,33.7797,33.3746,33.6001,33.6001,9206064
2001-02-05,33.6658,33.8228,33.0892,33.1775,33.1775,8002217
2001-02-06,33.1775,33.3334,32.9166,32.9961,32.9961,7271893
2001-02-07,33.2638,33.6658,33.0696,33.5099,33.5099,7666687
2001-02-08,33.4461,33.6658,33.2893,33.4217,33.4217,6635823
2001-02-09,33.754,33.9051,33.5315,33.5492,33.5492,8184227
2001-02-12,34.0836,34.7043,34.0836,34.6435,34.6435,12623446
2001-02-13,34.4346,34.5926,34.0836,34.2179,34.2179,11634914
2001-02-14,34.2179,34.2415,33.5492,33.7797,33.7797,8127506
2001-02-15,33.8228,33.9051,33.1775,33.3746,33.3746,11396738
2001-02-16,33.1305,33.5796,33.051,33.4865,33.4865,11126680
2001-02-20,33.5315,34.0405,33.5315,34.0169,34.0169,7554370
2001-02-21,34.3072,34.6847,34.1523,34.3523,34.3523,7859703
2001-02-22,34.3523,34.5926,33.706,34.1945,34.1945,7848982
2001-02-23,33.7266,33.9571,33.5315,33.8415,33.8415,7828379
2001-02-26,33.8415,34.0169,33.4217,33.9365,33.9365,7171714
2001-02-27,33.9365,34.1718,33.8021,33.9944,33.9944,6245829
2001-02-28,34.062,34.7043,34.062,34.4886,34.4886,9748438
2001-03-01,34.6632,35.2388,34.6632,35.1044,35.1044,14498352
2001-03-02,35.1956,35.3938,34.5111,35.1231,35.1231,9819269
2001-03-05,34.8201,34.9955,34.5111,34.9054,34.9054,6039547
2001-03-06,34.8201,34.8201,34.1718,34.3072,34.3072,8530766
2001-03-07,34.3072,34.3072,33.3746,33.6001,33.6001,9769039
2001-03-08,33.6001,34.7289,33.4688,34.6847,34.6847,11132601
2001-03-09,34.7289,34.8201,33.8228,34.263,34.263,11678371
2001-03-12,34.263,34.3758,33.5099,33.6442,33.6442,9518731
2001-03-13,33.6227,33.6442,32.8206,33.3539,33.3539,14029057
2001-03-14,33.2638,33.2638,32.6224,33.051,33.051,9798386
2001-03-15,33.051,33.0892,32.6028,33.0892,33.0892,10536331
2001-03-16,32.9529,33.3539,32.4253,32.6028,32.6028,15857404
2001-03-19,32.3145,32.7646,32.2096,32.5891,32.5891,8125249
2001-03-20,32.5509,32.7146,32.1371,32.1732,32.1732,9014731
2001-03-21,32.0683,32.091,30.5994,30.9141,30.9141,16752807
2001-03-22,30.5102,31.1858,29.656,31.1142,31.1142,19140179
2001-03-23,31.0632,31.4652,30.7935,31.2613,31.2613,16186723
2001-03-26,31.0073,31.0073,30.1266,30.2551,30.2551,24016796
2001-03-27,29.4128,29.5226,28.5243,29.506,29.506,93188515
2001-03-28,29.5853,30.5954,29.5853,30.5757,30.5757,44856359
2001-03-29,30.5757,31.3947,30.5316,31.3211,31.3211,28190186
2001-03-30,31.5397,31.6075,30.9073,30.9985,30.9985,22082909
2001-04-02,31.0073,31.0416,30.4798,30.9426,30.9426,16187573
2001-04-03,30.7239,31.0798,30.4042,30.5179,30.5179,15639830
2001-04-04,30.5179,30.9985,30.1913,30.7994,30.7994,17419916
2001-04-05,30.7994,31.5397,30.5102,31.4956,31.4956,18974534
2001-04-06,31.4338,32.4253,31.3682,32.034,32.034,20339513
2001-04-09,32.1959,32.3312,31.9565,32.3312,32.3312,14305329
2001-04-10,32.7441,32.7803,32.2096,32.6165,32.6165,23016979
2001-04-11,32.4312,32.6224,32.0076,32.1899,32.1899,21505542
2001-04-12,31.9488,32.39,31.9418,32.235,32.235,15334778
2001-04-16,32.4253,32.9235,32.2587,32.8146,32.8146,8836380
2001-04-17,32.9078,33.5433,32.8931,33.4736,33.4736,14233086
2001-04-18,33.4736,33.4736,32.4901,33.2951,33.2951,18108472
2001-04-19,33.051,33.0579,32.5028,32.9078,32.9078,10401154
2001-04-20,32.5734,32.849,32.2174,32.644,32.644,11984273
2001-04-23,32.7274,32.9902,32.2026,32.5656,32.5656,9102496
2001-04-24,32.7803,32.9235,32.6224,32.7872,32.7872,11029604
2001-04-25,32.7872,33.3746,32.7803,33.3098,33.3098,9162881
2001-04-26,33.2265,33.913,32.8067,33.8609,33.8609,15189163
2001-04-27,33.8609,33.913,33.4541,33.8021,33.8021,12494197
2001-04-30,33.9845,34.269,33.9493,34.1885,34.1885,12223289
2001-05-01,34.2326,34.5867,34.112,34.2994,34.2994,12906767
2001-05-02,34.2994,34.7289,33.9571,34.5495,34.5495,15059071
2001-05-03,34.6298,34.6298,34.0405,34.2886,34.2886,8978330
2001-05-04,34.2925,34.6769,34.2326,34.6435,34.6435,7968630
2001-05-07,34.7965,34.8701,34.5024,34.7632,34.7632,8820298
2001-05-08,34.7632,34.7632,34.3758,34.7142,34.7142,7403112
2001-05-09,34.7142,34.8642,34.3758,34.8201,34.8201,12812230
2001-05-10,34.8201,34.8985,34.4102,34.4563,34.4563,17591775
2001-05-11,34.5543,34.6632,34.368,34.464,34.464,10047279
2001-05-14,34.5367,34.7289,34.5111,34.6563,34.6563,5758479
2001-05-15,34.6563,34.7142,34.1454,34.4023,34.4023,12704714
2001-05-16,34.5495,35.4811,34.3366,35.3595,35.3595,15742266
2001-05-17,35.2927,35.8605,35.0456,35.6771,35.6771,13998581
2001-05-18,36.146,36.146,35.2457,35.791,35.791,16242884
2001-05-21,35.6144,35.7773,35.2035,35.6614,35.6614,10930832
2001-05-22,35.6614,35.7488,34.9955,35.0839,35.0839,9165985
2001-05-23,35.278,35.3525,34.5171,34.6367,34.6367,14349633
2001-05-24,34.8701,34.8701,34.2994,34.5367,34.5367,14888911
2001-05-25,34.6093,34.6367,34.3601,34.464,34.464,6155243
2001-05-29,34.464,34.7632,34.3758,34.5308,34.5308,11975519
2001-05-30,34.6769,34.7632,34.1945,34.4102,34.4102,13132240
2001-05-31,34.6916,34.6975,34.1581,34.3601,34.3601,11589197
2001-06-01,34.3601,34.7965,34.2326,34.7289,34.7289,11242101
2001-06-04,34.7289,35.6507,34.722,35.4878,35.4878,12918338
2001-06-05,35.6076,36.3146,35.6076,36.2165,36.2165,14892296
2001-06-06,36.2165,36.6765,36.146,36.5352,36.5352,14747529
2001-06-07,36.5352,36.6638,36.3783,36.5215,36.5215,12724472
2001-06-08,36.4147,36.499,35.8124,36.1518,36.1518,7687003
2001-06-11,35.8605,36.0253,35.4644,35.9253,35.9253,8847956
2001-06-12,35.8988,36.146,35.7055,36.0744,36.0744,10908826
2001-06-13,35.8252,36.146,35.791,35.94,35.94,8215129
2001-06-14,36.2381,36.294,35.9665,36.0812,36.0812,7429637
2001-06-15,36.0812,37.0305,36.0744,36.8814,36.8814,14665974
2001-06-18,36.499,37.3718,36.4911,36.8745,36.8745,9228913
2001-06-19,37.2355,37.8238,37.0677,37.762,37.762,12561923
2001-06-20,37.9886,38.4151,37.917,37.9955,37.9955,12868531
2001-06-21,37.7757,38.0798,37.3571,37.5757,37.5757,11234901
2001-06-22,36.8539,37.4119,36.5431,37.1276,37.1276,14782516
2001-06-25,36.6765,37.0677,36.5166,36.5715,36.5715,15017306
2001-06-26,36.1802,36.7451,35.784,36.2234,36.2234,12925109
2001-06-27,36.499,36.499,35.8684,35.9322,35.9322,13645556
2001-06-28,35.6507,37.2687,35.6144,36.9941,36.9941,11707861
2001-06-29,36.8598,37.0746,34.8201,35.4046,35.4046,22388248
2001-07-02,35.5085,36.8118,35.5085,36.2803,36.2803,12954034
2001-07-03,36.2861,36.3577,35.9135,36.1724,36.1724,4525281
2001-07-05,35.7977,36.1724,35.791,36.0812,36.0812,6776071
2001-07-06,35.8468,35.8988,35.435,35.7262,35.7262,8095620
2001-07-09,36.146,37.0305,35.5625,36.9423,36.9423,12594378
2001-07-10,36.8187,37.457,36.499,37.2109,37.2109,11939404
2001-07-11,37.562,38.0582,37.2766,37.9091,37.9091,17606727
2001-07-12,37.9091,38.0866,37.2629,37.4502,37.4502,16504051
2001-07-13,37.2766,38.0082,37.2766,37.5963,37.5963,7906832
2001-07-16,37.5963,38.269,37.4346,38.0798,38.0798,9516334
2001-07-17,37.6042,38.9653,36.8539,38.9162,38.9162,17247779
2001-07-18,38.8241,38.9242,38.1288,38.5564,38.5564,17169187
2001-07-19,38.7672,38.9242,38.0994,38.4151,38.4151,13122364
2001-07-20,38.1798,38.9015,37.9955,38.62,38.62,10021179
2001-07-23,38.4426,38.5191,37.8542,37.9886,37.9886,7066734
2001-07-24,37.7757,38.2279,37.302,37.3571,37.3571,10120089
2001-07-25,37.457,37.7395,36.9609,37.3501,37.3501,13019364
2001-07-26,36.9266,37.8797,36.9266,37.6974,37.6974,8461765
2001-07-27,37.7041,37.917,37.3914,37.5688,37.5688,6606473
2001-07-30,37.5757,37.6493,36.9609,37.5071,37.5071,7520930
2001-07-31,37.5071,38.5475,37.314,38.3416,38.3416,11944905
2001-08-01,38.3416,38.3985,37.7041,38.1288,38.1288,9470050
2001-08-02,38.1288,38.269,37.4266,37.6974,37.6974,8140912
2001-08-03,37.7757,38.0925,37.4777,37.9739,37.9739,6724857
2001-08-06,38.0582,38.3092,37.5757,37.818,37.818,8879133
2001-08-07,37.314,38.2641,37.2423,38.2583,38.2583,7645939
2001-08-08,37.7041,38.4073,37.7041,38.0671,38.0671,6101630
2001-08-09,37.9886,38.3092,37.917,38.1748,38.1748,6864683
2001-08-10,38.3416,39.0174,38.2426,38.9937,38.9937,11800846
2001-08-13,38.9937,39.6743,38.9937,39.4762,39.4762,12358321
2001-08-14,39.689,40.4333,39.6518,40.3892,40.3892,16229055
2001-08-15,40.503,40.8226,40.2559,40.398,40.398,15132867
2001-08-16,40.0931,40.1107,38.6838,38.9015,38.9015,16192790
2001-08-17,38.9289,39.0644,37.5963,38.0925,38.0925,18543902
2001-08-20,38.269,38.981,38.269,38.8741,38.8741,12562914
2001-08-21,38.269,38.9359,38.269,38.4838,38.4838,11182552
2001-08-22,38.5397,38.9095,38.22,38.8241,38.8241,9394427
2001-08-23,38.3092,39.0505,38.3014,38.725,38.725,7812721
2001-08-24,38.4907,38.981,38.4691,38.6975,38.6975,8072198
2001-08-27,38.626,38.7956,38.4838,38.5191,38.5191,5515222
2001-08-28,38.421,38.6123,38.0582,38.1798,38.1798,6222971
2001-08-29,38.1798,38.2426,37.661,37.762,37.762,6701298
2001-08-30,37.7699,38.269,37.4266,37.6296,37.6296,8255198
2001-08-31,37.7041,37.7041,37.0677,37.3571,37.3571,9765933
2001-09-04,39.2261,40.2617,38.981,39.7949,39.7949,25726191
2001-09-05,39.2996,40.044,39.1594,39.8587,39.8587,16633441
2001-09-06,40.044,40.5108,39.7949,40.3539,40.3539,20403149
2001-09-07,39.5478,39.8655,38.9095,39.4958,39.4958,12812657
2001-09-10,39.4762,39.8655,39.0174,39.4193,39.4193,9463845
2001-09-17,40.398,40.398,38.8467,39.5615,39.5615,17278540
2001-09-18,38.6604,38.981,37.8238,38.626,38.626,18862075
2001-09-19,38.626,38.6338,36.9266,37.9454,37.9454,16838313
2001-09-20,37.2109,37.7326,37.101,37.101,37.101,13171324
2001-09-21,35.791,38.981,35.5772,37.0226,37.0226,23786381
2001-09-24,38.0239,38.1288,36.6765,37.1413,37.1413,18233487
2001-09-25,37.1413,37.6679,36.8539,37.5198,37.5198,12652228
2001-09-26,37.867,38.3632,37.2766,38.3632,38.3632,12830573
2001-09-27,38.4348,39.0084,38.1082,38.6123,38.6123,14116252
2001-09-28,39.1203,39.2635,38.5564,39.2635,39.2635,14925595
2001-10-01,39.2635,39.2996,38.6604,39.2772,39.2772,11854738
2001-10-02,38.6604,39.0839,38.0994,38.9731,38.9731,13750249
2001-10-03,38.3416,38.5887,37.5963,38.4612,38.4612,15304018
2001-10-04,38.981,39.1594,38.4691,38.5887,38.5887,11532478
2001-10-05,38.6975,39.4762,38.6671,39.329,39.329,9419682
2001-10-08,39.1594,39.7439,39.0174,39.5233,39.5233,7651304
2001-10-09,39.5086,39.5478,39.0644,39.2929,39.2929,5735619
2001-10-10,39.0241,39.8528,38.981,39.7164,39.7164,8883370
2001-10-11,39.0839,39.2839,38.2024,38.9359,38.9359,14954241
2001-10-12,38.626,39.3233,38.4838,39.2261,39.2261,7897519
2001-10-15,39.0839,39.4919,38.88,39.4919,39.4919,6789900
2001-10-16,39.689,40.4676,39.4762,40.2342,40.2342,19932580
2001-10-17,40.7168,41.213,40.398,40.9432,40.9432,17432334
2001-10-18,41.1081,41.3894,40.858,41.1629,41.1629,12535113
2001-10-19,41.1629,41.5297,40.9659,41.4022,41.4022,9896589
2001-10-22,41.2561,41.871,41.2502,41.7916,41.7916,12930754
2001-10-23,41.7975,42.0426,41.4022,41.7101,41.7101,10043190
2001-10-24,41.717,42.2829,41.6356,41.9994,41.9994,12114502
2001-10-25,41.6729,41.871,40.9659,41.7916,41.7916,8598209
2001-10-26,41.6729,41.8063,41.2825,41.5817,41.5817,7734126
2001-10-29,41.213,42.1476,41.1542,41.5042,41.5042,8758216
2001-10-30,41.6807,41.8848,40.8961,40.9992,40.9992,11481397
2001-10-31,40.9992,41.4562,40.7863,41.0424,41.0424,9770447
2001-11-01,40.8079,42.0494,40.7746,41.7248,41.7248,9535802
2001-11-02,41.7248,41.9446,41.5042,41.7975,41.7975,6220994
2001-11-05,41.9005,42.0132,41.1542,41.4473,41.4473,10557917
2001-11-06,41.6238,41.815,41.0688,41.815,41.815,9640357
2001-11-07,41.815,42.4162,41.4611,41.6356,41.6356,10390008
2001-11-08,42.0779,42.3838,41.567,41.815,41.815,10344295
2001-11-09,41.815,42.3681,41.7592,42.2094,42.2094,8089692
2001-11-12,41.8848,42.375,41.717,41.8307,41.8307,6172738
2001-11-13,41.8848,42.375,41.871,42.275,42.275,8006446
2001-11-14,42.275,42.7006,42.0347,42.5731,42.5731,9277736
2001-11-15,42.7006,43.0125,42.2976,42.4162,42.4162,5057928
2001-11-16,42.527,42.6202,42.0828,42.4672,42.4672,8106768
2001-11-19,42.3917,42.5958,41.9926,42.4535,42.4535,8449778
2001-11-20,42.0975,43.1272,41.9926,43.0752,43.0752,10355441
2001-11-21,42.878,43.1959,42.8134,43.1272,43.1272,8662131
2001-11-23,42.8055,43.2106,42.7849,43.2106,43.2106,3503028
2001-11-26,43.2106,43.2106,42.533,42.878,42.878,8735637
2001-11-27,42.527,43.0399,42.4603,42.533,42.533,9708645
2001-11-28,42.527,42.6869,42.4535,42.5183,42.5183,10267820
2001-11-29,41.7101,41.9622,41.1081,41.4473,41.4473,17609410
2001-11-30,41.2678,41.3199,40.7609,41.2825,41.2825,19370312
2001-12-03,40.9796,41.6307,40.9659,41.3267,41.3267,11580028
2001-12-04,40.7521,40.858,40.3618,40.5598,40.5598,17540980
2001-12-05,40.7354,40.7354,40.044,40.1107,40.1107,18431022
2001-12-06,39.7606,40.3264,39.342,39.4576,39.4576,18075036
2001-12-07,39.2772,40.2764,39.2772,40.148,40.148,14861252
2001-12-10,40.044,40.0715,39.3467,39.3467,39.3467,12660977
2001-12-11,39.6184,40.3461,39.5086,39.79,39.79,16050141
2001-12-12,39.689,39.9931,39.5154,39.7244,39.7244,15737752
2001-12-13,39.7312,40.2265,39.5841,39.8528,39.8528,12868667
2001-12-14,40.0793,40.1911,39.8528,39.9038,39.9038,9476826
2001-12-17,40.0793,40.8226,39.9724,40.0058,40.0058,11512300
2001-12-18,40.5393,40.5658,40.142,40.2489,40.2489,10429797
2001-12-19,40.3618,41.1031,40.2696,40.8961,40.8961,9846503
2001-12-20,41.0207,41.6944,40.9138,41.3267,41.3267,11594277
2001-12-21,41.717,42.3681,41.4964,42.3191,42.3191,19459908
2001-12-24,42.3191,42.3437,42.1044,42.1396,42.1396,3419923
2001-12-26,41.8592,42.6506,41.8514,42.2907,42.2907,5638259
2001-12-27,42.0573,42.5888,42.0573,42.5397,42.5397,6406117
2001-12-28,42.5397,42.6289,42.3524,42.4221,42.4221,5714169
2001-12-31,42.3113,42.3995,41.7298,41.8848,41.8848,6995622
2002-01-02,41.7445,42.0269,40.8079,41.6023,41.6023,9777503
2002-01-03,41.6023,41.6238,41.0207,41.5896,41.5896,9046472
2002-01-04,41.5896,41.7445,41.0688,41.2041,41.2041,6742214
2002-01-07,41.0344,41.4611,40.9345,41.0139,41.0139,6322165
2002-01-08,41.1629,41.1766,40.398,40.7442,40.7442,6357717
2002-01-09,40.3618,40.9659,40.2225,40.3353,40.3353,9159209
2002-01-10,40.1627,41.3827,40.1107,41.3032,41.3032,7486502
2002-01-11,41.1629,41.4022,40.9295,41.2678,41.2678,7272175
2002-01-14,41.5896,42.0426,41.4307,41.7592,41.7592,7601493
2002-01-15,41.9072,42.1201,41.5601,41.9357,41.9357,8694435
2002-01-16,42.0573,42.5183,41.815,41.815,41.815,8941499
2002-01-17,42.2251,42.5103,41.97,42.4054,42.4054,7890041
2002-01-18,42.4054,42.5958,42.2545,42.3113,42.3113,12627115
2002-01-22,42.3191,42.4162,41.4768,41.9005,41.9005,13549042
2002-01-23,41.9072,42.0044,41.3777,41.6562,41.6562,10245386
2002-01-24,41.1081,41.2561,40.9208,41.1335,41.1335,9624556
2002-01-25,41.1404,41.2502,40.8226,40.858,40.858,7759950
2002-01-28,40.7609,41.0943,40.6609,40.9716,40.9716,7459410
2002-01-29,41.0344,41.6307,40.2696,40.5255,40.5255,8232765
2002-01-30,40.5393,40.8874,40.3264,40.5393,40.5393,11175076
2002-01-31,40.5471,40.7863,40.2617,40.7609,40.7609,9144823
2002-02-01,40.5805,41.3386,40.5805,40.8226,40.8226,8326319
2002-02-04,40.7863,40.9021,39.689,39.9116,39.9116,10798771
2002-02-05,39.342,39.9391,38.7672,39.337,39.337,17975846
2002-02-06,39.337,40.044,39.337,39.6028,39.6028,10112887
2002-02-07,39.6028,40.4676,39.5478,40.0372,40.0372,9809673
2002-02-08,39.7312,40.4402,39.1594,40.3147,40.3147,9231878
2002-02-11,40.3147,40.9992,40.2225,40.4333,40.4333,6270379
2002-02-12,40.4333,40.6677,40.1107,40.6099,40.6099,6725138
2002-02-13,41.2502,41.7377,41.0688,41.1708,41.1708,10273325
2002-02-14,41.1081,41.1404,40.4333,40.6099,40.6099,10003965
2002-02-15,40.8961,41.1708,40.398,40.5658,40.5658,9508150
2002-02-19,40.7442,40.8226,40.2225,40.3411,40.3411,7073085
2002-02-20,40.7442,41.4611,40.5108,41.1894,41.1894,7609540
2002-02-21,41.2825,41.7798,41.0551,41.1081,41.1081,9923825
2002-02-22,41.1081,42.179,41.0688,42.0975,42.0975,11013236
2002-02-25,42.4946,42.5447,42.0975,42.3113,42.3113,11840491
2002-02-26,42.3113,42.7006,41.9926,42.533,42.533,10960468
2002-02-27,42.679,42.9066,42.4946,42.6869,42.6869,9605084
2002-02-28,42.6947,43.2106,42.6075,43.1615,43.1615,9085560
2002-03-01,43.1615,44.2264,42.9468,44.0157,44.0157,12983948
2002-03-04,44.2962,44.2962,43.8734,43.8852,43.8852,11262133
2002-03-05,43.8852,44.052,43.3105,43.4537,43.4537,10864240
2002-03-06,43.7921,44.4992,43.6578,44.3079,44.3079,10109366
2002-03-07,45.0052,45.4288,44.8482,45.0885,45.0885,15813944
2002-03-08,45.6425,45.7053,44.7198,45.1179,45.1179,14623788
2002-03-11,45.1179,45.6425,44.9424,45.2229,45.2229,10150567
2002-03-12,45.2229,45.2229,44.6266,45.111,45.111,10590508
2002-03-13,45.111,45.367,44.8287,45.2885,45.2885,8748902
2002-03-14,45.2885,45.8495,45.1454,45.6288,45.6288,10629173
2002-03-15,45.924,46.3996,45.6779,45.7848,45.7848,19151185
2002-03-18,45.8573,46.1742,45.572,45.8259,45.8259,11639139
2002-03-19,45.8907,46.5634,45.8573,46.4143,46.4143,9461874
2002-03-20,46.4143,46.4143,45.6004,45.7053,45.7053,10170465
2002-03-21,45.572,46.0535,45.1414,45.924,45.924,9534672
2002-03-22,45.7474,46.3378,45.621,45.9594,45.9594,7878332
2002-03-25,45.9594,46.6997,45.6063,45.6063,45.6063,9175864
2002-03-26,45.7474,46.1682,45.6131,45.8623,45.8623,8513974
2002-03-27,46.0329,46.3996,45.9368,46.1682,46.1682,8956736
2002-03-28,46.1682,46.4223,45.9446,46.0329,46.0329,7908101
2002-04-01,45.5013,46.2751,45.4641,45.7897,45.7897,11549970
2002-04-02,45.6425,46.0937,45.4729,45.6779,45.6779,7362755
2002-04-03,45.8573,45.924,45.214,45.3729,45.3729,9863430
2002-04-04,45.0159,45.5357,44.6668,44.9905,44.9905,11954076
2002-04-05,44.9905,45.167,44.5069,44.6865,44.6865,10170741
2002-04-08,44.5069,45.0316,44.3305,44.9198,44.9198,8605969
2002-04-09,45.1728,45.214,44.5854,44.6521,44.6521,10964275
2002-04-10,44.5854,45.0052,44.5069,44.963,44.963,10226760
2002-04-11,44.8228,45.1414,44.4364,44.4364,44.4364,10530403
2002-04-12,44.4364,44.5473,43.8734,44.4167,44.4167,8201445
2002-04-15,44.7198,44.7934,43.7852,44.052,44.052,9404155
2002-04-16,44.6521,45.3209,43.9549,44.8355,44.8355,14108358
2002-04-17,44.5069,44.9836,43.9853,44.3079,44.3079,14061790
2002-04-18,44.3079,45.7053,44.2264,45.5641,45.5641,11421571
2002-04-19,45.8573,45.8907,45.4288,45.7053,45.7053,9336575
2002-04-22,45.5093,45.6004,44.7002,44.8884,44.8884,10028238
2002-04-23,45.0689,45.3209,44.4442,44.5069,44.5069,9451994
2002-04-24,44.7845,45.9446,44.7394,45.0806,45.0806,9777646
2002-04-25,44.9688,45.6425,44.8609,44.9355,44.9355,9550759
2002-04-26,44.8228,45.67,44.7541,45.0806,45.0806,7673456
2002-04-29,44.8609,45.2885,44.5854,44.5854,44.5854,8950248
2002-04-30,44.5933,45.572,44.5316,45.2611,45.2611,11736218
2002-05-01,45.3366,45.8025,45.269,45.3209,45.3209,10042064
2002-05-02,45.1817,45.5013,45.0404,45.5013,45.5013,7591755
2002-05-03,45.4171,45.4779,44.6865,44.9561,44.9561,8521735
2002-05-06,45.111,45.3091,43.9765,44.0157,44.0157,7925318
2002-05-07,44.0157,44.1519,42.6869,42.8202,42.8202,18091259
2002-05-08,42.936,43.3968,41.9299,43.1615,43.1615,18126965
2002-05-09,43.0546,43.8568,42.9066,43.492,43.492,8453867
2002-05-10,43.3047,44.408,43.3047,43.8363,43.8363,8353267
2002-05-13,43.7774,44.3687,43.5165,43.8273,43.8273,8587206
2002-05-14,43.4125,43.5528,42.6722,43.2606,43.2606,16089231
2002-05-15,42.7221,43.0546,42.527,42.6947,42.6947,13974171
2002-05-16,42.8653,43.1272,42.7006,42.9134,42.9134,10180337
2002-05-17,42.3113,43.6578,42.3113,43.5675,43.5675,9033214
2002-05-20,43.5675,43.5675,42.6653,42.8439,42.8439,9808407
2002-05-21,42.9869,43.3517,42.8919,42.9802,42.9802,7440647
2002-05-22,43.8734,44.3609,43.4302,43.9392,43.9392,13469044
2002-05-23,43.9392,44.2264,43.3047,43.7655,43.7655,12713324
2002-05-24,43.7655,44.0284,43.3968,43.5165,43.5165,7958194
2002-05-28,43.4783,43.6578,43.2684,43.3812,43.3812,7205155
2002-05-29,43.5616,43.693,43.4125,43.4841,43.4841,6888809
2002-05-30,42.9869,43.8273,42.9625,43.492,43.492,10687440
2002-05-31,43.6793,44.0735,43.4646,43.4783,43.4783,7983446
2002-06-03,43.3047,43.7568,42.527,42.5594,42.5594,8876030
2002-06-04,42.172,42.4732,41.6641,42.0975,42.0975,14477043
2002-06-05,41.9446,42.3437,41.6807,42.2475,42.2475,9818141
2002-06-06,42.4221,42.5183,41.3541,41.6356,41.6356,8647454
2002-06-07,41.0344,41.5739,40.9138,41.3267,41.3267,11974387
2002-06-10,41.5042,42.1476,41.213,41.815,41.815,7223072
2002-06-11,41.6356,41.6356,40.3892,40.7442,40.7442,12567004
2002-06-12,40.9992,41.0943,39.8293,40.5658,40.5658,11852769
2002-06-13,40.148,41.3032,40.0793,40.6884,40.6884,9703427
2002-06-14,40.398,40.8433,39.9116,40.2696,40.2696,11986240
2002-06-17,40.2617,40.8511,40.1911,40.7168,40.7168,8170966
2002-06-18,40.398,40.5735,39.79,40.0136,40.0136,13974452
2002-06-19,39.7606,40.3618,39.7361,39.9489,39.9489,13217180
2002-06-20,39.6184,39.8655,38.9289,39.0084,39.0084,14276685
2002-06-21,38.4485,38.8741,37.2109,37.562,37.562,27844495
2002-06-24,37.6356,38.8535,36.9609,38.3632,38.3632,14456871
2002-06-25,38.6514,39.1928,37.5757,37.8033,37.8033,13241731
2002-06-26,36.9266,38.7672,36.8539,38.369,38.369,14436123
2002-06-27,38.369,38.6123,37.7041,38.5632,38.5632,13815860
2002-06-28,38.167,38.5044,37.0305,37.0382,37.0382,21207547
2002-07-01,36.6411,37.0305,35.6575,35.791,35.791,15821565
2002-07-02,36.394,36.8539,35.8252,36.5783,36.5783,18721967
2002-07-03,36.8539,37.6356,36.5352,37.5267,37.5267,13600263
2002-07-05,37.5267,38.8741,37.4119,38.6908,38.6908,6296342
2002-07-08,38.6975,38.8025,37.8797,37.9739,37.9739,13100352
2002-07-09,38.0425,38.269,36.9266,37.2933,37.2933,14012550
2002-07-10,36.9266,36.9266,35.285,35.6507,35.6507,22861209
2002-07-11,34.7965,36.2528,34.7965,36.1303,36.1303,22322359
2002-07-12,36.4147,36.4147,35.0378,35.791,35.791,12704714
2002-07-15,35.0839,35.2182,32.2881,34.7289,34.7289,29026898
2002-07-16,35.0112,36.7451,34.5867,35.5085,35.5085,19331368
2002-07-17,36.6411,37.0677,35.5144,36.3146,36.3146,13827432
2002-07-18,36.0174,36.394,35.1172,35.2457,35.2457,14333689
2002-07-19,29.4128,31.2535,29.3784,29.6638,29.6638,71540465
2002-07-22,29.4823,30.9004,29.3402,30.1415,30.1415,37174575
2002-07-23,30.5473,32.39,30.4042,31.2407,31.2407,28201613
2002-07-24,31.2995,34.5867,31.1858,33.8071,33.8071,30458186
2002-07-25,33.7707,35.3996,33.205,34.5171,34.5171,20286738
2002-07-26,35.0456,35.2241,34.2994,35.1584,35.1584,14994026
2002-07-29,35.435,36.4284,34.6563,36.3283,36.3283,20151427
2002-07-30,35.8252,36.8539,35.5772,36.1038,36.1038,21513023
2002-07-31,36.04,37.562,35.0456,37.562,37.562,23722328
2002-08-01,37.562,37.5688,36.2861,36.4411,36.4411,16098963
2002-08-02,36.9266,37.9091,36.4352,37.0305,37.0305,15352414
2002-08-05,37.2109,37.2109,35.2584,35.5085,35.5085,12920313
2002-08-06,35.9665,37.1344,35.9322,36.2008,36.2008,11162095
2002-08-07,36.499,37.2355,36.1253,37.2188,37.2188,12892799
2002-08-08,37.514,38.8241,36.9941,38.6761,38.6761,13065927
2002-08-09,38.3416,38.9653,37.8464,38.6338,38.6338,9528047
2002-08-12,38.2024,38.9446,37.8464,38.6838,38.6838,7696877
2002-08-13,38.3416,38.9446,37.7757,37.8238,37.8238,8563782
2002-08-14,37.9091,39.337,37.2236,39.337,39.337,11652127
2002-08-15,39.689,40.0372,39.2488,39.6675,39.6675,12167839
2002-08-16,39.6822,39.8783,39.0839,39.2075,39.2075,10991791
2002-08-19,38.9887,39.9558,38.981,39.6184,39.6184,9048032
2002-08-20,39.2635,39.4958,38.5044,38.9095,38.9095,9075400
2002-08-21,39.186,39.6028,37.9532,38.9015,38.9015,11381924
2002-08-22,39.0505,39.9645,38.8025,39.8293,39.8293,8054701
2002-08-23,39.8293,39.9391,38.626,38.8535,38.8535,6678717
2002-08-26,38.9731,39.5615,38.4838,39.485,39.485,6062682
2002-08-27,39.6459,40.044,38.5328,38.8025,38.8025,8370619
2002-08-28,38.626,38.8878,38.269,38.527,38.527,7109205
2002-08-29,38.167,38.7466,38.0239,38.3847,38.3847,6977845
2002-08-30,37.966,38.9289,37.8611,38.4907,38.4907,8347620
2002-09-03,38.1877,38.3769,37.2236,37.3394,37.3394,11709978
2002-09-04,37.7395,38.7398,37.4943,38.5113,38.5113,11372187
2002-09-05,38.5113,38.9566,37.8091,38.5701,38.5701,9467652
2002-09-06,39.0505,39.1143,38.626,38.9242,38.9242,7732858
2002-09-09,38.4485,39.485,38.4151,39.1203,39.1203,9788510
2002-09-10,39.2261,39.337,38.7309,39.2555,39.2555,7385052
2002-09-11,39.8655,39.8655,39.2996,39.3233,39.3233,4951540
2002-09-12,38.626,38.9095,38.0758,38.2494,38.2494,8302895
2002-09-13,37.9532,38.6123,37.8091,38.369,38.369,8246595
2002-09-16,38.369,38.9731,38.0239,38.9095,38.9095,5754810
2002-09-17,38.9095,39.186,37.8385,37.9808,37.9808,9261228
2002-09-18,37.6199,38.7113,37.6042,38.167,38.167,8610487
2002-09-19,37.562,38.0582,36.7137,36.8275,36.8275,10106825
2002-09-20,36.8275,37.3865,36.8187,37.0677,37.0677,20013718
2002-09-23,36.499,37.6356,36.4636,37.457,37.457,8758494
2002-09-24,36.7844,38.3416,36.754,37.9955,37.9955,13657683
2002-09-25,38.4485,38.4838,37.5267,38.0239,38.0239,12170943
2002-09-26,38.4073,39.4419,38.1877,39.3585,39.3585,11766701
2002-09-27,39.186,39.7949,38.8398,39.0505,39.0505,12808845
2002-09-30,38.4485,38.832,38.0582,38.3279,38.3279,13628058
2002-10-01,38.9446,39.9038,38.4838,39.9038,39.9038,15432418
2002-10-02,40.7609,41.7445,40.7609,41.3199,41.3199,20101339
2002-10-03,41.4248,41.8925,40.5735,41.0943,41.0943,13972898
2002-10-04,41.0943,41.1629,40.0372,40.3618,40.3618,12401779
2002-10-07,40.3618,41.2678,40.0528,40.1853,40.1853,11257198
2002-10-08,40.6824,41.7798,40.3147,41.4562,41.4562,12945852
2002-10-09,40.7521,40.9295,39.4497,39.8293,39.8293,19034925
2002-10-10,39.337,40.4402,38.6975,40.2559,40.2559,14643115
2002-10-11,40.4176,40.5735,39.1987,40.1853,40.1853,15645188
2002-10-14,40.1911,41.0344,40.1911,40.9873,40.9873,12023640
2002-10-15,41.7101,42.3681,40.7098,42.2094,42.2094,22572525
2002-10-16,42.0269,42.3838,41.3541,41.7445,41.7445,11896228
2002-10-17,42.172,42.6653,41.8514,42.6653,42.6653,10879902
2002-10-18,42.0975,42.527,41.9563,42.0641,42.0641,11354129
2002-10-21,42.172,43.4459,42.1044,43.3105,43.3105,12915652
2002-10-22,43.0909,43.3105,41.2502,42.3995,42.3995,18314757
2002-10-23,41.6876,41.8848,40.2225,41.0688,41.0688,17622673
2002-10-24,41.0688,41.6503,40.1853,40.9021,40.9021,10554812
2002-10-25,40.909,41.213,40.4608,40.9345,40.9345,8803507
2002-10-28,41.0943,41.2208,40.3264,40.5892,40.5892,6529439
2002-10-29,40.4128,40.6677,39.59,39.8655,39.8655,10749666
2002-10-30,40.2,40.8511,40.0872,40.6099,40.6099,9794435
2002-10-31,40.6403,41.815,40.6323,41.6356,41.6356,13988422
2002-11-01,41.3386,41.815,40.7227,41.5229,41.5229,9293679
2002-11-04,42.172,42.2408,41.3698,41.6111,41.6111,8212022
2002-11-05,41.619,42.527,41.619,42.4456,42.4456,7736383
2002-11-06,42.4535,43.4125,41.8848,42.7144,42.7144,13820658
2002-11-07,42.7221,42.8055,42.1044,42.4456,42.4456,7573983
2002-11-08,42.5958,43.1889,42.4869,42.7144,42.7144,9954863
2002-11-11,42.7144,43.2263,42.179,42.527,42.527,10839546
2002-11-12,42.6653,42.9555,42.3113,42.5397,42.5397,8976207
2002-11-13,42.527,42.8987,41.815,42.4732,42.4732,10131235
2002-11-14,42.7849,43.0674,42.527,42.8516,42.8516,6591095
2002-11-15,42.7006,42.7928,42.3838,42.6289,42.6289,9397531
2002-11-18,42.4535,42.6653,41.871,41.871,41.871,9386100
2002-11-19,41.815,41.9926,41.4022,41.6729,41.6729,10588676
2002-11-20,41.5297,42.527,41.362,42.527,42.527,7514296
2002-11-21,42.527,42.7378,41.8651,42.1553,42.1553,10821201
2002-11-22,42.1553,42.4378,41.4562,41.4964,41.4964,12358742
2002-11-25,41.2208,41.8778,40.9295,41.5601,41.5601,8945734
2002-11-26,40.9345,41.2825,39.9038,39.9793,39.9793,12344777
2002-11-27,40.2911,41.213,40.1853,40.9208,40.9208,8836805
2002-11-29,40.9208,40.9208,40.0931,40.4128,40.4128,5612446
2002-12-02,40.1058,40.1107,38.4485,39.4762,39.4762,22821274
2002-12-03,39.4762,40.0058,39.337,39.5684,39.5684,11142625
2002-12-04,39.5684,40.449,39.4576,40.2058,40.2058,9714855
2002-12-05,40.3539,40.3539,39.4576,39.5978,39.5978,7723124
2002-12-06,38.981,39.4713,38.8467,39.1741,39.1741,9557670
2002-12-09,39.0388,39.6459,38.9095,39.3752,39.3752,8979738
2002-12-10,39.5841,39.6095,38.981,39.59,39.59,10659081
2002-12-11,39.2635,39.9558,39.2635,39.8096,39.8096,7765169
2002-12-12,39.8165,39.8165,38.9162,39.0174,39.0174,9338693
2002-12-13,39.0241,39.2839,38.5829,38.9162,38.9162,8609783
2002-12-16,38.8163,39.4125,38.5887,39.3899,39.3899,10143369
2002-12-17,38.9446,38.981,38.4485,38.7466,38.7466,9234844
2002-12-18,38.4426,38.6761,37.6827,38.0582,38.0582,11580304
2002-12-19,37.6894,38.3985,37.6894,37.8542,37.8542,7729472
2002-12-20,38.2347,38.9015,38.0925,38.6397,38.6397,14960302
2002-12-23,38.9015,38.9015,38.3092,38.626,38.626,7222364
2002-12-24,38.4485,39.2555,38.4485,38.9095,38.9095,4703209
2002-12-26,38.9496,39.0839,38.0514,38.1748,38.1748,6440399
2002-12-27,38.0925,38.3769,37.562,37.6423,37.6423,6078632
2002-12-30,37.7041,38.3632,37.6356,38.116,38.116,7712115
2002-12-31,38.1288,38.3916,37.7395,38.0671,38.0671,8920899
2003-01-02,38.4485,39.2555,38.167,39.2124,39.2124,9143131
2003-01-03,39.689,40.3539,39.689,40.2617,40.2617,12303995
2003-01-06,40.0872,40.7863,39.944,40.6461,40.6461,8351709
2003-01-07,40.4676,40.4833,39.6184,39.7312,39.7312,9129582
2003-01-08,39.7312,39.9489,39.2996,39.4958,39.4958,7828659
2003-01-09,39.9489,40.4676,39.6341,40.2911,40.2911,8395168
2003-01-10,40.2911,40.5735,39.9234,40.5393,40.5393,7328474
2003-01-13,40.5393,40.5393,39.5154,39.7164,39.7164,10694073
2003-01-14,39.4056,40.0225,39.3968,39.944,39.944,7037665
2003-01-15,40.1107,40.1195,38.8878,38.981,38.981,10948050
2003-01-16,39.4762,39.5086,38.3847,38.7525,38.7525,10950591
2003-01-17,38.7613,39.0839,38.6467,38.832,38.832,7941967
2003-01-21,39.1928,39.689,38.1288,38.2641,38.2641,13650776
2003-01-22,38.2641,38.7956,37.867,38.269,38.269,13585732
2003-01-23,38.5887,38.9446,38.4485,38.8398,38.8398,9522113
2003-01-24,38.8467,38.9095,37.6827,37.9955,37.9955,11099734
2003-01-27,37.5963,37.8876,36.6411,36.9814,36.9814,14443179
2003-01-28,37.4189,37.6423,36.6705,37.5895,37.5895,10691678
2003-01-29,37.0305,37.4943,36.7137,37.1344,37.1344,12831002
2003-01-30,37.0462,37.2423,36.5284,36.5284,36.5284,10781978
2003-01-31,36.9266,38.1288,36.6765,37.9955,37.9955,14057275
2003-02-03,37.917,38.167,37.5345,37.8033,37.8033,8260423
2003-02-04,37.2188,37.562,36.5783,37.3914,37.3914,9868372
2003-02-05,37.3914,37.7041,36.902,36.9266,36.9266,8374429
2003-02-06,36.9333,37.0382,36.4147,36.9423,36.9423,8866721
2003-02-07,36.6411,36.9099,36.3783,36.7383,36.7383,8848093
2003-02-10,36.4352,37.5482,36.3077,36.8814,36.8814,11386864
2003-02-11,37.2021,38.0003,36.7,36.8539,36.8539,11311236
2003-02-12,36.7137,36.7137,35.435,35.435,35.435,21648617
2003-02-13,35.428,36.7451,34.7965,36.3656,36.3656,18559990
2003-02-14,36.3656,37.2109,36.2861,36.6765,36.6765,11898620
2003-02-18,37.562,38.2347,37.2766,37.6042,37.6042,10909246
2003-02-19,37.5688,37.661,36.9941,37.257,37.257,6322728
2003-02-20,37.6356,37.7983,36.5715,36.7981,36.7981,7796210
2003-02-21,37.1952,38.1288,36.8942,37.9033,37.9033,9172615
2003-02-24,37.9091,37.9091,37.1413,37.159,37.159,7737229
2003-02-25,36.754,37.457,36.394,37.3914,37.3914,8614435
2003-02-26,37.3914,37.8317,36.7264,36.7264,36.7264,8551369
2003-02-27,36.8461,37.6356,36.7137,37.4061,37.4061,7456023
2003-02-28,37.2295,37.5895,36.9333,37.1737,37.1737,9090501
2003-03-03,37.6747,37.8738,37.0305,37.159,37.159,7978230
2003-03-04,37.1668,37.5267,36.6264,36.6333,36.6333,7672888
2003-03-05,36.5166,37.4943,36.499,37.4266,37.4266,9391602
2003-03-06,37.2766,38.0866,37.0677,37.7757,37.7757,13100070
2003-03-07,37.2423,39.2555,37.2236,39.1928,39.1928,18685989
2003-03-10,38.6604,39.1203,38.2347,38.3632,38.3632,10037266
2003-03-11,38.6338,38.9653,38.2426,38.6123,38.6123,10330888
2003-03-12,38.626,38.8398,38.3338,38.7525,38.7525,12575893
2003-03-13,38.7525,39.4056,38.4348,39.3233,39.3233,13597863
2003-03-14,39.4497,39.6028,38.8398,39.1143,39.1143,10706635
2003-03-17,38.5887,40.044,38.5564,39.9645,39.9645,11600768
2003-03-18,39.9645,40.3353,39.7439,40.2412,40.2412,10101890
2003-03-19,40.2833,40.7168,39.6969,40.6176,40.6176,9634288
2003-03-20,40.5187,40.7521,40.044,40.6737,40.6737,8276651
2003-03-21,41.2364,41.5896,40.6677,41.5817,41.5817,12132562
2003-03-24,40.4676,41.0943,40.148,40.2225,40.2225,10206717
2003-03-25,40.044,40.6824,39.7097,40.4559,40.4559,10786774
2003-03-26,40.4608,40.4755,40.0372,40.1567,40.1567,9369590
2003-03-27,39.689,40.6403,39.4762,40.3686,40.3686,7703933
2003-03-28,39.689,40.8226,39.689,40.6677,40.6677,8052163
2003-03-31,40.2225,41.4248,40.2225,41.0139,41.0139,13419940
2003-04-01,41.0139,41.5297,40.8795,41.4022,41.4022,10993201
2003-04-02,41.2972,41.5896,40.9522,41.3964,41.3964,11922611
2003-04-03,41.0501,41.3827,40.5658,40.7227,40.7227,10464366
2003-04-04,40.7609,41.1081,40.6461,40.9923,40.9923,9465257
2003-04-07,40.9923,41.871,40.5393,40.6323,40.6323,10195151
2003-04-08,40.8079,41.1159,40.5393,40.7521,40.7521,7647636
2003-04-09,40.4128,41.1766,40.4128,40.5805,40.5805,8622761
2003-04-10,40.909,40.909,40.1911,40.5471,40.5471,9330505
2003-04-11,40.909,41.2041,40.6323,40.6677,40.6677,8293020
2003-04-14,40.6737,41.1031,40.5735,40.9522,40.9522,7004793
2003-04-15,40.044,40.5393,39.337,39.6743,39.6743,18555474
2003-04-16,39.6743,39.8293,38.2347,38.5475,38.5475,20968524
2003-04-17,38.626,38.9887,38.626,38.9887,38.9887,10800881
2003-04-21,39.3467,39.6184,39.0084,39.2341,39.2341,7628305
2003-04-22,38.8025,39.9724,38.7809,39.7518,39.7518,10399882
2003-04-23,39.7518,40.398,39.7244,40.2559,40.2559,9135792
2003-04-24,40.6884,41.0139,39.9558,40.7521,40.7521,17361645
2003-04-25,40.7521,40.8648,39.5478,39.8361,39.8361,11804372
2003-04-28,39.9038,40.6323,39.8293,40.4059,40.4059,6153692
2003-04-29,40.2911,40.5471,40.044,40.3205,40.3205,8352985
2003-04-30,39.9303,40.2833,39.8096,39.944,39.944,9803888
2003-05-01,39.944,40.2265,39.342,39.9195,39.9195,8634470
2003-05-02,39.6518,40.2225,39.3674,40.142,40.142,8871939
2003-05-05,39.8714,40.5108,39.8714,40.0136,40.0136,8226140
2003-05-06,40.1911,40.398,39.9724,40.0587,40.0587,9139744
2003-05-07,40.0587,40.7609,40.0058,40.4059,40.4059,10909106
2003-05-08,40.4059,40.4059,39.7244,39.9989,39.9989,6498257
2003-05-09,39.4056,40.0793,39.4056,39.9303,39.9303,8178020
2003-05-12,39.7518,39.8528,39.3674,39.8018,39.8018,11116094
2003-05-13,39.689,39.689,39.0839,39.337,39.337,11289649
2003-05-14,39.5978,39.6184,38.9887,39.2261,39.2261,10591782
2003-05-15,39.329,39.6459,39.1516,39.2929,39.2929,7108363
2003-05-16,39.128,39.8655,39.128,39.7164,39.7164,9188000
2003-05-19,39.4762,39.59,38.269,38.7182,38.7182,19161066
2003-05-20,38.8535,39.0839,37.7983,38.2641,38.2641,14206559
2003-05-21,38.3416,38.5044,37.6894,37.8797,37.8797,14033993
2003-05-22,37.8797,38.2279,37.716,37.8317,37.8317,11799571
2003-05-23,37.7542,37.8385,37.2766,37.6296,37.6296,10386763
2003-05-27,37.3501,37.9886,37.2423,37.8611,37.8611,13119119
2003-05-28,38.0582,38.167,37.7248,38.0317,38.0317,11056834
2003-05-29,38.2062,38.369,37.716,37.8385,37.8385,13204339
2003-05-30,37.9532,38.5564,37.8091,38.5191,38.5191,11550962
2003-06-02,38.5191,38.7309,37.6552,37.716,37.716,13627914
2003-06-03,37.716,38.3416,37.716,38.167,38.167,10689843
2003-06-04,38.2583,38.5829,37.8464,38.3151,38.3151,13068607
2003-06-05,37.2109,37.7395,36.5882,36.8667,36.8667,29987626
2003-06-06,37.7395,37.8611,37.0677,37.3865,37.3865,22284120
2003-06-09,37.2109,37.6493,36.9176,37.3648,37.3648,11312787
2003-06-10,37.4061,37.457,36.7844,37.308,37.308,12508446
2003-06-11,37.5071,37.562,36.9266,37.562,37.562,14693624
2003-06-12,37.7395,38.3916,37.6356,37.7542,37.7542,14803685
2003-06-13,37.8797,38.1288,37.1344,37.2502,37.2502,11256068
2003-06-16,37.562,38.3338,37.4688,38.0582,38.0582,13468901
2003-06-17,38.6604,39.1516,38.527,38.8104,38.8104,15414781
2003-06-18,38.8025,39.1143,38.7113,38.9446,38.9446,12306823
2003-06-19,39.337,39.3831,38.3092,38.5632,38.5632,10469442
2003-06-20,38.8741,38.981,38.5564,38.5887,38.5887,13805983
2003-06-23,38.3416,38.5191,37.4854,37.8091,37.8091,13473416
2003-06-24,37.8091,38.1229,37.2766,37.2766,37.2766,11448382
2003-06-25,37.2109,37.6894,37.1227,37.1904,37.1904,8749747
2003-06-26,37.0078,37.7326,36.9941,37.0677,37.0677,12480089
2003-06-27,36.3215,37.1737,35.9665,36.5284,36.5284,23263196
2003-06-30,36.5783,37.1157,36.5783,36.6411,36.6411,14357676
2003-07-01,36.6411,37.308,36.4911,37.1501,37.1501,12838478
2003-07-02,36.9677,37.6042,36.9609,37.4943,37.4943,11842749
2003-07-03,37.4943,37.7248,37.0962,37.5561,37.5561,8165324
2003-07-07,37.7248,38.0425,37.2766,37.5482,37.5482,12052419
2003-07-08,37.1904,37.562,36.8539,37.1952,37.1952,14855748
2003-07-09,36.9609,36.9609,36.6765,36.7981,36.7981,15036919
2003-07-10,36.4284,36.8539,36.294,36.3215,36.3215,10640175
2003-07-11,36.4636,36.8059,36.3881,36.7667,36.7667,9984915
2003-07-14,37.5002,38.4426,37.5002,37.9886,37.9886,16829140
2003-07-15,38.2347,38.4073,37.2236,37.2423,37.2423,20024866
2003-07-16,37.0677,37.5963,36.9941,37.2766,37.2766,11907230
2003-07-17,37.457,37.4943,36.8667,37.0462,37.0462,9557389
2003-07-18,37.1737,37.3865,36.7451,37.3795,37.3795,10032185
2003-07-21,37.3394,37.3795,36.3215,36.4147,36.4147,10220266
2003-07-22,36.3577,36.8402,36.1851,36.6843,36.6843,8366667
2003-07-23,36.8334,37.1413,36.3077,37.0382,37.0382,9076529
2003-07-24,37.2109,37.3648,36.5578,36.6411,36.6411,8199891
2003-07-25,36.3215,37.0305,36.3215,37.0158,37.0158,7826120
2003-07-28,36.6843,36.8118,36.3509,36.4705,36.4705,10785362
2003-07-29,36.499,36.596,35.8252,35.8822,35.8822,13359410
2003-07-30,36.1106,36.2312,35.8822,36.193,36.193,9898847
2003-07-31,36.5715,37.314,36.3509,36.7059,36.7059,12866977
2003-08-01,36.1106,36.1106,35.5409,35.7409,35.7409,14032164
2003-08-04,35.7409,36.146,35.4203,35.8605,35.8605,10780002
2003-08-05,35.9596,35.9665,35.278,35.278,35.278,9762406
2003-08-06,35.428,35.99,35.2329,35.585,35.585,12805744
2003-08-07,35.4878,36.7608,35.4584,36.7137,36.7137,12521288
2003-08-08,36.8539,37.0305,36.3215,36.6765,36.6765,8257598
2003-08-11,36.499,36.8059,36.4008,36.6264,36.6264,6420647
2003-08-12,36.5715,36.6186,35.634,36.3283,36.3283,12933436
2003-08-13,36.3577,36.4411,35.8742,36.139,36.139,8336049
2003-08-14,36.2165,36.3577,35.9322,36.146,36.146,7277680
2003-08-15,35.9753,36.2803,35.9322,36.1802,36.1802,5119728
2003-08-18,36.1802,36.2096,35.6841,35.7341,35.7341,7615743
2003-08-19,36.0744,36.0744,35.2526,35.4811,35.4811,13354614
2003-08-20,35.435,35.791,35.2702,35.4584,35.4584,9949362
2003-08-21,35.2927,35.5997,34.8701,35.0112,35.0112,13691690
2003-08-22,35.077,35.428,34.7289,35.1104,35.1104,15672280
2003-08-25,35.2329,35.3173,34.9476,35.129,35.129,8122993
2003-08-26,35.129,35.3799,34.7445,35.2035,35.2035,10629877
2003-08-27,35.2035,35.2035,34.8701,34.9103,34.9103,8959981
2003-08-28,34.9103,34.9751,34.7289,34.8279,34.8279,8710523
2003-08-29,34.8279,35.2702,34.7367,35.1368,35.1368,12758616
2003-09-02,35.278,35.5281,35.0182,35.435,35.435,12300050
2003-09-03,35.435,35.6281,35.0682,35.6076,35.6076,14736103
2003-09-04,35.784,36.344,35.5625,36.2312,36.2312,14244093
2003-09-05,36.0518,36.2234,35.6418,35.791,35.791,9149194
2003-09-08,36.1303,36.4833,36.0744,36.3577,36.3577,13020213
2003-09-09,36.3577,36.4558,36.1303,36.3215,36.3215,9875142
2003-09-10,36.3215,37.0834,36.2724,36.8814,36.8814,17968648
2003-09-11,36.8814,37.1737,36.8187,37.0305,37.0305,12439451
2003-09-12,36.8745,36.8814,36.4087,36.5882,36.5882,13682097
2003-09-15,36.1724,37.1344,35.5409,36.0321,36.0321,30781442
2003-09-16,36.0321,36.1851,35.7556,36.04,36.04,15604126
2003-09-17,35.8822,36.0253,35.5085,35.5929,35.5929,12742249
2003-09-18,35.5772,36.0744,35.5625,35.9596,35.9596,11209221
2003-09-19,35.9596,35.9596,35.533,35.6575,35.6575,13728805
2003-09-22,35.5085,35.5703,35.3006,35.5625,35.5625,9351957
2003-09-23,35.6841,35.791,35.3938,35.4507,35.4507,9976737
2003-09-24,35.4507,35.4507,35.0112,35.0456,35.0456,13501634
2003-09-25,35.0535,35.3662,35.0456,35.1044,35.1044,9803326
2003-09-26,35.1044,35.1819,34.7896,34.8573,34.8573,11030592
2003-09-29,34.8573,35.3799,34.8201,35.3378,35.3378,11789555
2003-09-30,35.3378,35.3378,34.925,35.0987,35.0987,12242901
2003-10-01,35.2329,35.6281,35.0112,35.6281,35.6281,12959399
2003-10-02,35.7135,35.7135,35.3996,35.6507,35.6507,9119705
2003-10-03,35.9537,36.1106,35.435,35.5144,35.5144,9709212
2003-10-06,35.5144,35.7488,35.2653,35.5486,35.5486,8096888
2003-10-07,35.5486,35.5929,35.3084,35.5085,35.5085,10053207
2003-10-08,35.4811,35.5085,35.1515,35.278,35.278,9152864
2003-10-09,35.5772,35.5997,34.8573,35.0045,35.0045,15233325
2003-10-10,35.0045,35.0045,34.7759,34.8985,34.8985,9531287
2003-10-13,35.2241,35.3378,35.077,35.285,35.285,7543079
2003-10-14,35.285,36.1303,35.285,36.0959,36.0959,20527595
2003-10-15,36.2165,36.2528,35.6507,35.791,35.791,17609275
2003-10-16,35.791,35.9665,35.6694,35.9253,35.9253,9220169
2003-10-17,36.0468,36.0518,35.6281,35.7262,35.7262,10367148
2003-10-20,35.8605,35.99,35.6908,35.8822,35.8822,7100318
2003-10-21,35.8909,36.1587,35.8331,36.04,36.04,10098080
2003-10-22,35.5772,35.9253,35.2584,35.3732,35.3732,10915177
2003-10-23,35.3996,35.7556,35.3799,35.6507,35.6507,9508849
2003-10-24,35.6507,35.6841,35.1878,35.6841,35.6841,9963613
2003-10-27,35.6841,35.9135,35.278,35.3799,35.3799,7386179
2003-10-28,35.428,35.8252,35.3378,35.8194,35.8194,9666320
2003-10-29,35.791,35.8252,34.0542,35.0682,35.0682,39384588
2003-10-30,35.0682,35.3938,34.9329,35.0682,35.0682,14966513
2003-10-31,35.1515,35.6694,35.1447,35.6694,35.6694,14519376
2003-11-03,35.4948,35.5772,35.2526,35.278,35.278,9687019
2003-11-04,34.9751,35.1956,34.7289,34.8338,34.8338,10846935
2003-11-05,34.6916,35.1878,34.5543,34.8338,34.8338,10461827
2003-11-06,34.7965,34.8985,34.5495,34.8485,34.8485,9739973
2003-11-07,34.7043,35.285,34.5495,34.5926,34.5926,9001605
2003-11-10,34.5867,34.7142,34.2032,34.5367,34.5367,8093364
2003-11-11,34.5415,34.8985,34.4023,34.7818,34.7818,9096710
2003-11-12,35.0378,35.0839,34.8122,35.0839,35.0839,7813000
2003-11-13,35.0839,35.9135,34.9162,35.6771,35.6771,15756798
2003-11-14,35.9203,37.1737,35.8537,36.9423,36.9423,30277021
2003-11-17,36.499,36.8942,36.3783,36.6186,36.6186,9625539
2003-11-18,36.6186,37.4854,36.6186,36.8118,36.8118,14916705
2003-11-19,36.7844,37.2021,36.7844,37.0382,37.0382,9195192
2003-11-20,36.8882,37.0305,36.4147,36.4911,36.4911,8493939
2003-11-21,36.4911,36.499,35.8605,36.0597,36.0597,10977822
2003-11-24,35.5281,36.499,35.5281,36.4833,36.4833,11215430
2003-11-25,36.3077,36.3077,35.7409,35.9253,35.9253,16218044
2003-11-26,35.9253,35.9253,34.8701,35.2241,35.2241,22930205
2003-11-28,34.9054,35.1172,34.8701,34.9407,34.9407,7712825
2003-12-01,35.6507,35.6507,34.9407,35.0839,35.0839,15048207
2003-12-02,35.077,35.077,34.6769,34.6916,34.6916,15869820
2003-12-03,34.6916,35.0456,34.6916,34.8397,34.8397,14204305
2003-12-04,34.9162,35.1172,34.8044,34.9623,34.9623,11166045
2003-12-05,34.9623,35.1878,34.722,34.8397,34.8397,9988023
2003-12-08,34.9818,35.634,34.9407,35.3311,35.3311,15614008
2003-12-09,35.5409,35.6281,35.3662,35.4437,35.4437,15030006
2003-12-10,35.4437,35.6507,35.3662,35.6144,35.6144,11487325
2003-12-11,35.3662,35.6076,35.3662,35.435,35.435,10632700
2003-12-12,34.5779,35.3311,34.5779,35.0045,35.0045,15414072
2003-12-15,35.5085,35.5085,34.9054,35.0535,35.0535,17440518
2003-12-16,34.9623,35.2457,34.8122,35.026,35.026,14894130
2003-12-17,34.9407,35.1044,34.8201,34.9751,34.9751,11061634
2003-12-18,34.8701,35.4113,34.8701,35.4113,35.4113,13348544
2003-12-19,35.5772,35.5772,35.3595,35.5085,35.5085,17049536
2003-12-22,35.4948,35.7773,35.3595,35.7773,35.7773,10890480
2003-12-23,35.5997,35.9822,35.5772,35.8252,35.8252,11427081
2003-12-24,35.8252,35.9596,35.6507,35.9537,35.9537,4209082
2003-12-26,35.8331,35.94,35.791,35.8742,35.8742,1805482
2003-12-29,36.04,36.3215,35.9596,36.3215,36.3215,9297206
2003-12-30,36.3215,36.5853,36.146,36.4087,36.4087,8298381
2003-12-31,36.3509,36.6705,36.294,36.6097,36.6097,7874519
2004-01-02,36.6097,36.9176,36.4284,36.6097,36.6097,9120836
2004-01-05,36.8539,36.9099,36.499,36.8275,36.8275,11877034
2004-01-06,36.649,36.9176,36.5352,36.6638,36.6638,10297307
2004-01-07,36.6029,36.7,36.4705,36.6765,36.6765,10270783
2004-01-08,36.6765,36.8461,36.499,36.8461,36.8461,9463703
2004-01-09,36.7844,36.7844,36.4225,36.4284,36.4284,9066936
2004-01-12,36.4911,37.2109,36.4833,37.1276,37.1276,14756701
2004-01-13,37.1344,37.3865,36.8814,37.0305,37.0305,10445178
2004-01-14,37.0305,37.1413,36.7755,36.8539,36.8539,9045207
2004-01-15,36.902,37.3865,36.6097,36.7383,36.7383,10035429
2004-01-16,36.4911,36.4911,35.7409,35.7556,35.7556,21677819
2004-01-20,36.0017,36.8187,36.0017,36.499,36.499,19786550
2004-01-21,36.5078,37.314,36.499,37.2502,37.2502,15636303
2004-01-22,37.314,37.7111,37.2933,37.5963,37.5963,12548519
2004-01-23,37.7757,37.9532,37.3865,37.562,37.562,13217180
2004-01-26,37.562,37.9955,37.4777,37.917,37.917,11286543
2004-01-27,37.8091,38.0582,37.762,37.762,37.762,12558117
2004-01-28,37.8464,38.0003,37.6423,37.6747,37.6747,11825814
2004-01-29,37.7041,38.3014,37.5826,38.1955,38.1955,10853235
2004-01-30,38.1436,38.2122,37.8091,37.8611,37.8611,9302425
2004-02-02,37.8542,38.1955,37.5963,37.9385,37.9385,9733902
2004-02-03,38.0239,38.2062,37.8542,38.1583,38.1583,7122045
2004-02-04,38.2583,38.8535,38.167,38.6123,38.6123,13307487
2004-02-05,38.6604,38.8741,38.527,38.626,38.626,10071976
2004-02-06,38.62,38.7309,38.322,38.3769,38.3769,9316680
2004-02-09,38.4348,38.4838,38.0003,38.3495,38.3495,8567168
2004-02-10,38.3495,38.7309,38.322,38.5769,38.5769,8012087
2004-02-11,38.4691,38.8662,38.269,38.7309,38.7309,10303514
2004-02-12,38.62,38.9095,38.4907,38.6975,38.6975,8133294
2004-02-13,38.7113,38.88,38.3338,38.4348,38.4348,7047405
2004-02-17,38.6123,38.7182,38.4073,38.5632,38.5632,6795544
2004-02-18,38.3416,38.4279,38.1436,38.1955,38.1955,6667852
2004-02-19,38.269,38.3769,37.9592,37.966,37.966,11573390
2004-02-20,38.0925,38.1229,37.7395,37.7757,37.7757,10176524
2004-02-23,37.9091,37.9091,37.4119,37.5963,37.5963,10459287
2004-02-24,37.9248,38.4975,37.9248,38.3985,38.3985,17310570
2004-02-25,38.2347,38.4975,38.0925,38.3151,38.3151,10280516
2004-02-26,38.0425,38.4769,38.0425,38.2494,38.2494,7002250
2004-02-27,38.269,38.5564,38.2024,38.2062,38.2062,7002961
2004-03-01,38.62,38.62,37.9248,38.0994,38.0994,9718949
2004-03-02,37.9327,38.0582,37.4266,37.4688,37.4688,15111560
2004-03-03,37.3501,37.8464,37.3501,37.716,37.716,9462718
2004-03-04,37.5963,37.716,37.4502,37.5826,37.5826,5584643
2004-03-05,37.4346,37.9385,37.4002,37.6552,37.6552,10076206
2004-03-08,37.867,38.0994,37.5561,37.6356,37.6356,7885101
2004-03-09,37.5895,37.5963,37.2423,37.3305,37.3305,9064820
2004-03-10,37.2854,37.3795,36.6638,36.6932,36.6932,13185719
2004-03-11,36.6029,37.0677,36.146,36.2234,36.2234,13886688
2004-03-12,36.2528,36.3146,35.791,35.94,35.94,14165500
2004-03-15,35.94,36.2165,35.6418,35.8409,35.8409,11114402
2004-03-16,35.9822,36.2999,35.8684,36.2008,36.2008,9301720
2004-03-17,36.3577,36.596,35.8742,36.0597,36.0597,10720598
2004-03-18,36.0881,36.4087,36.0685,36.1303,36.1303,8743679
2004-03-19,36.139,36.2459,35.4437,35.4731,35.4731,14333974
2004-03-22,35.4731,35.4811,34.9054,35.0839,35.0839,13130552
2004-03-23,35.4584,35.4584,34.9751,35.1878,35.1878,9274347
2004-03-24,35.1172,35.428,35.0839,35.1878,35.1878,9660113
2004-03-25,35.3996,35.6223,35.0456,35.5772,35.5772,13834489
2004-03-26,35.791,35.791,35.4731,35.5281,35.5281,8138227
2004-03-29,35.7262,36.0518,35.7212,35.8409,35.8409,9200980
2004-03-30,35.7977,36.04,35.634,35.7341,35.7341,8163630
2004-03-31,35.8252,36.0881,35.6507,35.9478,35.9478,10119803
2004-04-01,36.1802,36.3077,35.6978,35.8057,35.8057,8962382
2004-04-02,35.3662,36.3215,35.3662,36.2724,36.2724,10466342
2004-04-05,36.2724,36.5166,36.0096,36.5166,36.5166,9969962
2004-04-06,36.2165,36.499,36.1851,36.4833,36.4833,7107795
2004-04-07,36.4833,36.6705,36.3509,36.4147,36.4147,8778390
2004-04-08,36.6765,36.7137,35.8124,36.0518,36.0518,11319133
2004-04-12,36.0468,36.3215,36.0096,36.2861,36.2861,7543079
2004-04-13,36.8118,36.9266,36.3881,36.4225,36.4225,15200878
2004-04-14,36.3783,37.2766,36.3283,37.2766,37.2766,13057601
2004-04-15,37.5482,38.8163,37.4688,38.6397,38.6397,27297745
2004-04-16,38.7466,38.7613,38.1288,38.3632,38.3632,16043371
2004-04-19,38.1082,38.3151,37.8385,38.2122,38.2122,10744306
2004-04-20,38.0671,38.116,37.5895,37.6552,37.6552,10677143
2004-04-21,37.5963,38.2347,37.5757,38.0425,38.0425,10809772
2004-04-22,37.867,38.2583,37.7111,38.016,38.016,10060404
2004-04-23,37.9454,38.1748,37.8091,38.0425,38.0425,8360034
2004-04-26,38.0514,38.2583,37.966,38.2024,38.2024,8340990
2004-04-27,38.2024,38.7309,38.1955,38.527,38.527,12021666
2004-04-28,38.4485,38.6044,38.2062,38.4073,38.4073,9236109
2004-04-29,38.3769,38.4544,38.0425,38.3416,38.3416,8769363
2004-04-30,38.3416,38.6604,38.1877,38.2935,38.2935,10380976
2004-05-03,38.4279,38.9731,38.369,38.9289,38.9289,10332014
2004-05-04,38.8241,38.9887,38.5701,38.8398,38.8398,9220593
2004-05-05,38.626,38.7956,38.2857,38.3279,38.3279,9029123
2004-05-06,38.3014,39.0084,38.2857,38.8662,38.8662,12228937
2004-05-07,38.9937,39.6743,38.9496,39.1928,39.1928,15580852
2004-05-10,38.8163,39.6518,38.8163,39.2996,39.2996,16191094
2004-05-11,39.6095,39.9645,38.9162,39.0771,39.0771,11632937
2004-05-12,38.981,39.1741,38.6338,39.1516,39.1516,8181125
2004-05-13,39.1516,39.1594,38.6761,38.9289,38.9289,9339536
2004-05-14,38.6514,38.9653,38.322,38.6397,38.6397,7609396
2004-05-17,38.3985,39.0505,38.3632,38.7672,38.7672,8788551
2004-05-18,38.8878,38.9015,38.6467,38.7182,38.7182,7565090
2004-05-19,38.832,38.8662,38.4691,38.4691,38.4691,8111285
2004-05-20,38.4426,38.832,38.4279,38.6838,38.6838,6431374
2004-05-21,38.7525,39.0084,38.6671,38.9359,38.9359,8770210
2004-05-24,38.9731,39.0388,38.4348,38.4907,38.4907,8808305
2004-05-25,38.3769,39.4762,38.3563,39.2341,39.2341,11497057
2004-05-26,39.1203,39.6341,39.1006,39.3233,39.3233,9289307
2004-05-27,39.4419,39.6028,39.3831,39.54,39.54,7975969
2004-05-28,39.4056,39.5753,38.9242,39.485,39.485,7755148
2004-06-01,39.1437,39.6028,39.0839,39.5233,39.5233,6833216
2004-06-02,39.5615,40.0793,39.5154,39.8293,39.8293,11157724
2004-06-03,39.689,40.3461,39.6675,40.1058,40.1058,12487144
2004-06-04,40.1019,40.2489,39.8852,39.9558,39.9558,7328043
2004-06-07,40.0637,40.2,39.8096,40.2,40.2,6943696
2004-06-08,40.2,40.5952,40.148,40.3765,40.3765,10581759
2004-06-09,40.3686,40.3765,40.1019,40.2265,40.2265,5490678
2004-06-10,40.2225,40.5598,40.1853,40.449,40.449,6214222
2004-06-14,40.2489,40.5334,40.2489,40.4059,40.4059,6006529
2004-06-15,40.2225,40.2911,39.6409,39.8361,39.8361,11728600
2004-06-16,39.7037,39.8234,39.59,39.6028,39.6028,6309748
2004-06-17,39.2839,39.5086,39.1437,39.3674,39.3674,6702845
2004-06-18,39.329,39.3899,38.9937,39.1594,39.1594,11946596
2004-06-21,38.9566,39.4762,38.9496,39.1801,39.1801,6369715
2004-06-22,39.2124,39.337,38.9887,39.2408,39.2408,7387450
2004-06-23,39.337,39.5478,39.0771,39.4341,39.4341,8747066
2004-06-24,39.3968,39.7244,39.3674,39.4713,39.4713,6272498
2004-06-25,39.2635,39.342,38.626,38.626,38.626,11192429
2004-06-28,38.8025,39.0771,38.7525,38.9566,38.9566,9298614
2004-06-29,38.9566,39.689,38.9496,39.5017,39.5017,8744953
2004-06-30,39.5086,39.5615,39.1801,39.4762,39.4762,8638000
2004-07-01,39.2261,39.5233,39.0241,39.3153,39.3153,8779239
2004-07-02,39.1801,39.79,39.0644,39.2261,39.2261,6772690
2004-07-06,39.1006,39.2839,38.9242,38.9446,38.9446,8116782
2004-07-07,38.8241,38.9731,38.5769,38.6467,38.6467,7700970
2004-07-08,38.7113,39.3585,38.6975,38.8104,38.8104,8155585
2004-07-09,38.9095,39.1065,38.8241,38.9731,38.9731,5502245
2004-07-12,38.8741,39.1203,38.6338,38.9015,38.9015,5964479
2004-07-13,39.3674,39.4419,39.0174,39.2488,39.2488,8992013
2004-07-14,39.2555,39.9038,39.2341,39.6341,39.6341,10587122
2004-07-15,39.7244,39.7518,39.1663,39.2261,39.2261,7724958
2004-07-16,39.4958,41.2041,39.337,40.2559,40.2559,32752855
2004-07-19,40.8795,40.8795,39.6272,39.9724,39.9724,12501537
2004-07-20,40.1107,40.1804,39.7606,39.9116,39.9116,9223696
2004-07-21,40.0793,40.1058,39.4762,39.5086,39.5086,8404057
2004-07-22,39.5478,39.9724,39.5086,39.8587,39.8587,9770590
2004-07-23,39.8293,39.8293,39.2488,39.5017,39.5017,7401424
2004-07-26,39.3968,39.4497,38.88,39.2839,39.2839,8304726
2004-07-27,39.2075,39.4958,39.0644,39.4419,39.4419,7172413
2004-07-28,39.3674,39.59,38.8398,39.4645,39.4645,12185194
2004-07-29,39.4341,39.5233,39.1006,39.3153,39.3153,6817982
2004-07-30,39.1203,39.3968,38.9731,39.1741,39.1741,7100318
2004-08-02,38.981,39.4919,38.981,39.3467,39.3467,5842149
2004-08-03,39.2408,39.6743,39.1741,39.2839,39.2839,8373016
2004-08-04,39.1594,39.4419,39.1065,39.3899,39.3899,4851925
2004-08-05,39.4762,39.689,39.0505,39.135,39.135,8649282
2004-08-06,39.135,39.135,38.5564,38.6975,38.6975,8540359
2004-08-09,38.7398,38.9095,38.5966,38.62,38.62,4868156
2004-08-10,38.6123,38.981,38.5328,38.9731,38.9731,5547683
2004-08-11,38.7672,39.79,38.7672,39.689,39.689,8519336
2004-08-12,39.7949,40.2225,39.7606,39.9038,39.9038,10812313
2004-08-13,39.8655,39.9391,39.1594,39.3585,39.3585,8534997
2004-08-16,39.3585,39.8655,39.3527,39.7518,39.7518,6687324
2004-08-17,39.7949,40.0793,39.7244,40.0715,40.0715,9113082
2004-08-18,40.0715,40.4402,40.0587,40.4176,40.4176,6909694
2004-08-19,40.1853,40.4059,40.142,40.2412,40.2412,6271933
2004-08-20,40.1627,40.4833,40.1567,40.4245,40.4245,5374831
2004-08-23,40.4893,40.8296,40.4245,40.4333,40.4333,6585451
2004-08-24,40.7275,40.7521,40.449,40.5187,40.5187,5683557
2004-08-25,40.5598,40.8874,40.5334,40.8648,40.8648,6641181
2004-08-26,40.8648,40.9923,40.7227,40.7697,40.7697,5546266
2004-08-27,40.8226,40.9992,40.8079,40.9021,40.9021,4921773
2004-08-30,40.8363,40.9992,40.7442,40.7815,40.7815,4695168
2004-08-31,40.7609,41.1766,40.7609,41.1766,41.1766,8149655
2004-09-01,41.1081,41.1463,40.6884,40.9579,40.9579,8394608
2004-09-02,40.8795,41.0424,40.7609,40.8961,40.8961,7421453
2004-09-03,40.9659,41.1973,40.9522,40.9992,40.9992,7191046
2004-09-07,41.1404,41.3199,40.8961,41.006,41.006,8051456
2004-09-08,41.2825,41.3777,41.1081,41.2972,41.2972,10249055
2004-09-09,41.2972,41.3326,40.7609,40.7609,40.7609,7222085
2004-09-10,40.6884,40.8511,40.449,40.801,40.801,7220249
2004-09-13,40.9659,41.213,40.6461,41.213,41.213,8261265
2004-09-14,41.1276,41.5896,41.1276,41.3541,41.3541,7669362
2004-09-15,41.2825,41.4689,41.1766,41.2364,41.2364,6199833
2004-09-16,41.2041,41.3777,41.1766,41.1894,41.1894,4655803
2004-09-17,41.362,41.6729,41.3386,41.4768,41.4768,9587301
2004-09-20,40.9295,41.2208,40.9295,41.0501,41.0501,6676035
2004-09-21,41.0501,41.0688,40.6824,41.0344,41.0344,7522622
2004-09-22,40.8079,40.858,40.5334,40.6099,40.6099,6652048
2004-09-23,40.398,40.555,40.0587,40.0872,40.0872,8936555
2004-09-24,40.0058,40.3765,39.8655,40.0793,40.0793,6431799
2004-09-27,39.9391,40.3686,39.9391,40.0637,40.0637,6085548
2004-09-28,40.1714,40.7021,39.8783,40.4676,40.4676,7020034
2004-09-29,40.3461,40.4245,40.1627,40.4176,40.4176,5788387
2004-09-30,40.555,40.7442,39.7518,39.9234,39.9234,11196945
2004-10-01,39.9645,40.398,39.7763,40.398,40.398,8164475
2004-10-04,40.398,40.7168,40.3686,40.5735,40.5735,9764380
2004-10-05,40.6609,40.7863,40.503,40.7227,40.7227,5399384
2004-10-06,40.7521,40.9345,40.5892,40.9295,40.9295,5281427
2004-10-07,40.858,40.8795,39.3674,39.6341,39.6341,14817086
2004-10-08,39.2772,39.6184,39.128,39.2075,39.2075,12643336
2004-10-11,39.1143,39.3066,38.8467,39.2341,39.2341,10237482
2004-10-12,39.337,40.3147,39.2341,40.2696,40.2696,16452974
2004-10-13,40.3411,40.5393,39.9116,40.0528,40.0528,9912108
2004-10-14,40.0372,40.3833,40.0372,40.0587,40.0587,8212733
2004-10-15,40.2058,40.4059,40.044,40.1019,40.1019,10197412
2004-10-18,39.8293,40.7275,39.8293,40.6256,40.6256,9123941
2004-10-19,40.2833,40.6932,40.0225,40.1195,40.1195,7669224
2004-10-20,39.9391,40.7521,39.9234,40.7521,40.7521,8534997
2004-10-21,40.6099,41.0776,40.5255,40.9522,40.9522,9750837
2004-10-22,40.9522,41.1031,40.5658,40.601,40.601,7239861
2004-10-25,40.4676,40.6176,40.3618,40.4559,40.4559,8794336
2004-10-26,40.4059,40.6403,40.1853,40.5598,40.5598,9327118
2004-10-27,40.3892,40.9659,40.3264,40.9432,40.9432,8388398
2004-10-28,40.801,41.1629,40.7442,41.1159,41.1159,7874944
2004-10-29,41.0551,41.4473,41.0424,41.3777,41.3777,9596759
2004-11-01,41.3541,41.7377,41.1766,41.4169,41.4169,9487691
2004-11-02,40.9716,41.815,40.9716,41.1335,41.1335,10502039
2004-11-03,41.9769,42.5103,41.9446,42.1338,42.1338,13222404
2004-11-04,41.9926,42.172,41.6876,41.97,41.97,12870785
2004-11-05,41.9229,42.3437,41.815,41.9446,41.9446,9123658
2004-11-08,42.0269,42.7084,41.9926,42.4114,42.4114,9559367
2004-11-09,42.4114,42.6869,42.1907,42.4054,42.4054,7191182
2004-11-10,42.5026,42.9802,42.4378,42.6075,42.6075,9060868
2004-11-11,42.527,43.1272,42.429,42.9468,42.9468,7940271
2004-11-12,42.9468,43.2312,42.8359,43.2312,43.2312,8635601
2004-11-15,43.2312,43.5803,42.8919,43.3439,43.3439,7515565
2004-11-16,43.3047,43.5087,43.239,43.2537,43.2537,5578576
2004-11-17,43.2537,43.5439,43.0546,43.1615,43.1615,8839343
2004-11-18,43.1615,43.4841,43.1272,43.3175,43.3175,6584606
2004-11-19,43.2478,43.3047,42.8006,42.9066,42.9066,7356697
2004-11-22,42.9134,43.2831,42.9134,43.1409,43.1409,6705383
2004-11-23,43.1194,43.1556,42.7221,42.9271,42.9271,7580898
2004-11-24,42.9987,43.1556,42.8055,42.885,42.885,5645742
2004-11-26,42.7378,43.0831,42.731,42.8439,42.8439,2360425
2004-11-29,42.8713,43.1694,42.4535,42.6653,42.6653,7085640
2004-11-30,42.5958,43.0546,42.527,42.7517,42.7517,12054256
2004-12-01,42.7585,43.439,42.679,43.3655,43.3655,7663721
2004-12-02,43.2174,43.9392,43.1615,43.7655,43.7655,8673275
2004-12-03,43.7568,44.1519,43.592,43.8804,43.8804,8541624
2004-12-06,43.7019,43.9313,43.7019,43.8186,43.8186,4754142
2004-12-07,43.2684,44.5159,42.7712,42.8134,42.8134,16065241
2004-12-08,43.1821,43.5528,43.0909,43.337,43.337,8452737
2004-12-09,43.337,43.5871,43.0546,43.4537,43.4537,10637492
2004-12-10,43.5803,44.3609,42.7006,42.7006,42.7006,12321921
2004-12-13,42.8653,43.1056,42.2408,42.9802,42.9802,12248691
2004-12-14,42.878,43.6361,42.7585,43.5391,43.5391,9955429
2004-12-15,43.2684,43.5008,42.9625,43.1615,43.1615,10341043
2004-12-16,43.7999,45.5298,43.6204,44.9688,44.9688,40503218
2004-12-17,44.7934,45.5357,44.6128,45.062,45.062,25407882
2004-12-20,45.062,45.2885,44.5933,44.7002,44.7002,12213276
2004-12-21,44.707,44.7198,44.3814,44.6128,44.6128,12868667
2004-12-22,44.1519,44.9424,44.1519,44.8609,44.8609,9422501
2004-12-23,44.6865,45.1905,44.6865,45.0748,45.0748,7834591
2004-12-27,45.2022,45.3425,45.0238,45.0238,45.0238,6600122
2004-12-28,45.0238,45.2885,45.0238,45.1905,45.1905,5769485
2004-12-29,45.0748,45.1454,44.8953,45.0238,45.0238,6466648
2004-12-30,45.1454,45.2454,45.0052,45.0404,45.0404,4524719
2004-12-31,45.1454,45.1817,44.8826,44.9482,44.9482,4161815
2005-01-03,44.8953,45.0404,44.4304,44.5777,44.5777,11093239
2005-01-04,44.7198,44.8228,44.3814,44.4364,44.4364,9862165
2005-01-05,44.558,44.7129,44.3609,44.408,44.408,9718949
2005-01-06,44.4726,44.7129,44.4304,44.5393,44.5393,7446430
2005-01-07,44.6355,44.6521,44.3462,44.3756,44.3756,7108222
2005-01-10,44.4569,44.8081,44.3687,44.7198,44.7198,7646509
2005-01-11,44.5473,44.7198,44.3873,44.5629,44.5629,6866235
2005-01-12,44.6128,44.9424,44.3462,44.8756,44.8756,8591579
2005-01-13,44.7541,44.8552,43.8568,43.9186,43.9186,12719532
2005-01-14,44.2598,44.4726,44.0971,44.4364,44.4364,9623147
2005-01-18,44.1048,44.6943,44.1048,44.6737,44.6737,8639265
2005-01-19,44.6737,44.8482,44.402,44.5236,44.5236,6627496
2005-01-20,44.5236,44.6061,44.2264,44.2873,44.2873,7442341
2005-01-21,44.1941,44.3609,43.8363,43.8363,43.8363,9069477
2005-01-24,43.8363,43.8931,43.3733,43.5803,43.5803,8379227
2005-01-25,43.8734,45.2543,43.8734,45.1336,45.1336,15744104
2005-01-26,44.8228,46.0535,44.4648,45.8192,45.8192,17006220
2005-01-27,45.621,45.8192,45.4926,45.5151,45.5151,8973673
2005-01-28,45.6288,45.9299,45.5425,45.7945,45.7945,9832672
2005-01-31,46.0202,46.0407,45.6063,45.8573,45.8573,8704593
2005-02-01,45.7897,46.3643,45.7279,46.3643,46.3643,10356991
2005-02-02,46.2074,46.8115,46.1946,46.7762,46.7762,9972784
2005-02-03,46.6203,46.7762,46.3996,46.5272,46.5272,7086350
2005-02-04,46.3996,46.9468,46.3937,46.9468,46.9468,6845076
2005-02-07,46.9537,47.139,46.684,47.0959,47.0959,6902637
2005-02-08,47.1038,47.2312,46.8752,47.0096,47.0096,9001891
2005-02-09,47.0292,47.1205,46.7536,46.9096,46.9096,6488092
2005-02-10,46.8194,46.9331,46.684,46.8675,46.8675,5648424
2005-02-11,46.7703,47.4057,46.7056,47.2008,47.2008,9290435
2005-02-14,47.2097,47.2097,46.635,46.7762,46.7762,7520220
2005-02-15,46.6507,46.783,46.4507,46.7125,46.7125,6130552
2005-02-16,46.5486,46.684,46.3643,46.5909,46.5909,6501076
2005-02-17,46.5634,46.5634,46.3094,46.3153,46.3153,7554652
2005-02-18,46.379,46.4868,46.2143,46.3702,46.3702,9093180
2005-02-22,46.1014,46.684,46.1014,46.1181,46.1181,11735372
2005-02-23,46.3506,46.4584,46.2143,46.3575,46.3575,6953576
2005-02-24,46.3153,46.7399,46.1251,46.6997,46.6997,6796671
2005-02-25,46.6762,46.9831,46.6693,46.9331,46.9331,9115617
2005-02-28,46.8253,46.9468,46.4948,46.4948,46.4948,9642195
2005-03-01,47.1126,47.4783,47.0655,47.2391,47.2391,11952242
2005-03-02,47.1616,47.5901,46.8595,47.4558,47.4558,9971090
2005-03-03,47.5578,47.5578,47.139,47.3048,47.3048,8172239
2005-03-04,47.6167,48.0118,47.4911,48.0079,48.0079,11718865
2005-03-07,48.1227,48.6767,48.0873,48.5061,48.5061,14668516
2005-03-08,48.2296,48.4787,48.1942,48.3286,48.3286,12045649
2005-03-09,48.2629,48.2707,47.9794,48.0206,48.0206,8995680
2005-03-10,48.103,48.3865,48.0511,48.1942,48.1942,7113721
2005-03-11,48.3728,48.3728,47.8334,47.9099,47.9099,8191707
2005-03-14,47.901,48.0766,47.8334,48.0676,48.0676,7885949
2005-03-15,48.0815,48.0873,47.6705,47.6705,47.6705,7083387
2005-03-16,47.5578,47.8048,47.5205,47.5205,47.5205,7733842
2005-03-17,47.3656,47.744,47.3519,47.4783,47.4783,6216482
2005-03-18,47.4852,47.6628,47.2469,47.6628,47.6628,15013781
2005-03-21,47.6628,47.6628,47.2469,47.3793,47.3793,7307307
2005-03-22,47.2391,47.6471,47.2391,47.3352,47.3352,7157039
2005-03-23,47.3656,48.3354,47.3577,48.3354,48.3354,13496700
2005-03-24,48.3354,48.56,48.1628,48.258,48.258,12546828
2005-03-28,48.3571,48.5472,48.3139,48.4403,48.4403,7255802
2005-03-29,48.0873,48.2776,47.9794,48.1354,48.1354,13289142
2005-03-30,48.1423,48.3728,48.1227,48.2296,48.2296,8994130
2005-03-31,47.751,47.8128,47.4852,47.599,47.599,17716222
2005-04-01,47.7126,47.8048,47.2391,47.3793,47.3793,15591858
2005-04-04,47.4489,48.258,47.3793,48.1805,48.1805,12254192
2005-04-05,48.1805,48.9405,48.0373,48.9092,48.9092,12890682
2005-04-06,48.9748,49.0426,48.6542,48.7669,48.7669,8028174
2005-04-07,48.6208,49.0817,48.5266,49.0738,49.0738,7044440
2005-04-08,49.2308,49.2436,48.6473,48.6473,48.6473,6810784
2005-04-11,48.7611,49.0886,48.6885,48.8248,48.8248,6286605
2005-04-12,48.3923,48.6954,48.0873,48.6473,48.6473,13811063
2005-04-13,48.5119,48.8945,48.5119,48.613,48.613,10153816
2005-04-14,48.6208,49.0886,48.3571,49.0817,49.0817,11401396
2005-04-15,49.1161,49.6054,49.1161,49.1837,49.1837,18423407
2005-04-18,49.1161,49.1219,48.5266,48.9317,48.9317,12931463
2005-04-19,49.5769,49.5769,48.4864,48.9405,48.9405,13247658
2005-04-20,48.9405,49.0062,48.0873,48.2629,48.2629,11144317
2005-04-21,48.4256,48.5266,48.0766,48.3992,48.3992,10917713
2005-04-22,48.4256,48.7474,48.1884,48.5414,48.5414,9908018
2005-04-25,48.9013,49.2583,48.5061,48.5737,48.5737,8440323
2005-04-26,48.4787,48.6816,48.1942,48.2089,48.2089,8295277
2005-04-27,48.0815,48.4787,47.9707,48.4256,48.4256,8586780
2005-04-28,48.2629,48.4326,47.9246,47.956,47.956,9061571
2005-04-29,48.0676,48.6395,48.0452,48.6395,48.6395,9229055
2005-05-02,48.6767,48.7816,48.4403,48.7474,48.7474,6167660
2005-05-03,48.7748,48.7816,48.4198,48.712,48.712,8065565
2005-05-04,48.2992,48.3728,47.9481,48.3511,48.3511,11957600
2005-05-05,48.3728,48.6208,48.1227,48.5552,48.5552,8862346
2005-05-06,48.8101,48.8101,48.2992,48.3443,48.3443,6675750
2005-05-09,48.2629,48.3992,48.0285,48.3139,48.3139,9525787
2005-05-10,48.1942,48.2992,47.8128,48.0011,48.0011,9694255
2005-05-11,48.0676,48.2707,47.6548,48.1561,48.1561,7012837
2005-05-12,47.6628,48.2903,47.6628,47.9481,47.9481,6836604
2005-05-13,47.5901,47.751,47.3048,47.5578,47.5578,8611334
2005-05-16,47.5656,47.9403,47.5578,47.9403,47.9403,5564187
2005-05-17,47.7126,48.1561,47.5333,48.1294,48.1294,7470271
2005-05-18,48.1942,48.2521,47.8255,47.9099,47.9099,11986384
2005-05-19,47.8726,48.0011,47.6785,47.7744,47.7744,11477449
2005-05-20,47.9481,47.9481,47.549,47.6244,47.6244,8745798
2005-05-23,47.6979,47.8932,47.5146,47.6705,47.6705,8054277
2005-05-24,47.6912,47.9745,47.6705,47.9099,47.9099,11786307
2005-05-25,47.9246,47.9794,47.6244,47.8196,47.8196,6932128
2005-05-26,48.1942,48.1942,47.744,47.7824,47.7824,6987859
2005-05-27,47.8402,47.9707,47.7901,47.7901,47.7901,6222409
2005-05-31,47.9707,47.9745,47.5578,47.5578,47.5578,9027850
2005-06-01,47.5578,47.9177,47.5205,47.7059,47.7059,7142649
2005-06-02,47.6628,47.6628,47.393,47.4852,47.4852,9546386
2005-06-03,47.3656,47.4489,47.0292,47.0901,47.0901,9212407
2005-06-06,47.192,47.2851,46.989,47.042,47.042,9945976
2005-06-07,47.2921,47.4401,47.139,47.1567,47.1567,7789578
2005-06-08,47.3793,47.3793,46.9537,47.0292,47.0292,7634653
2005-06-09,47.0028,47.3862,46.8832,47.2921,47.2921,7504840
2005-06-10,46.585,47.2783,46.585,47.1205,47.1205,7405368
2005-06-13,46.9537,47.4489,46.939,47.1126,47.1126,7638181
2005-06-14,47.0655,47.3439,47.0292,47.1841,47.1841,5628521
2005-06-15,47.1616,47.1616,46.7977,47.0223,47.0223,6568520
2005-06-16,46.8969,47.1841,46.8537,46.989,46.989,6261492
2005-06-17,46.3575,47.3048,46.3575,47.1675,47.1675,20598004
2005-06-20,47.0223,47.3439,46.9184,47.1616,47.1616,11665111
2005-06-21,47.0223,47.2724,46.9184,47.1518,47.1518,12265480
2005-06-22,47.2391,47.2538,46.7536,46.7762,46.7762,12616112
2005-06-23,46.6919,46.8468,46.1996,46.3153,46.3153,12613707
2005-06-24,46.0653,46.9831,46.0653,46.4781,46.4781,25963806
2005-06-27,46.436,46.7125,46.4143,46.5272,46.5272,9847488
2005-06-28,45.6622,46.8468,45.6622,46.8253,46.8253,8705021
2005-06-29,46.7399,46.7703,46.3506,46.5634,46.5634,11216561
2005-06-30,46.5065,46.5486,45.7897,46.0653,46.0653,13184589
2005-07-01,45.9368,46.3702,45.9368,46.0329,46.0329,9479785
2005-07-05,45.6425,46.2437,45.6288,45.9594,45.9594,9007816
2005-07-06,45.9995,46.0202,45.4641,45.4641,45.4641,9400211
2005-07-07,45.4288,45.4288,45.0159,45.3013,45.3013,11736925
2005-07-08,45.2885,45.572,45.0238,45.5563,45.5563,11492403
2005-07-11,45.5563,45.9368,45.4356,45.9191,45.9191,9211559
2005-07-12,45.9191,46.0653,45.7897,45.9113,45.9113,7254676
2005-07-13,45.7945,45.9917,45.6063,45.6553,45.6553,9608471
2005-07-14,45.8573,45.9828,45.5847,45.7848,45.7848,9201546
2005-07-15,45.7621,46.1742,45.7621,46.0858,46.0858,9093042
2005-07-18,45.9594,46.1181,45.6779,45.7848,45.7848,8375414
2005-07-19,45.7474,46.1104,45.7132,46.08,46.08,15618522
2005-07-20,45.9741,46.0407,45.6063,46.0407,46.0407,10317907
2005-07-21,45.9741,45.9741,45.3425,45.3425,45.3425,13897982
2005-07-22,45.6425,45.6425,45.3582,45.5847,45.5847,7624923
2005-07-25,45.5357,45.5641,44.8609,44.8884,44.8884,9511532
2005-07-26,44.5393,44.911,44.4167,44.4167,44.4167,17833896
2005-07-27,44.7198,45.9064,44.6668,45.7427,45.7427,15223732
2005-07-28,45.6975,45.9534,45.4435,45.878,45.878,9018396
2005-07-29,45.8416,45.9113,45.3151,45.3288,45.3288,8667912
2005-08-01,45.5357,46.3153,45.5357,45.7132,45.7132,10368138
2005-08-02,45.8112,45.8623,45.4779,45.8025,45.8025,7837408
2005-08-03,45.6288,46.072,45.5769,45.9741,45.9741,7182434
2005-08-04,45.8848,46.0329,45.4435,45.4641,45.4641,5713329
2005-08-05,45.3729,45.4171,45.0316,45.0316,45.0316,7082254
2005-08-08,45.0316,45.1336,44.8158,44.963,44.963,5646449
2005-08-09,45.0885,45.3729,44.9688,45.3729,45.3729,6492187
2005-08-10,45.4729,45.8259,45.1817,45.2543,45.2543,7550418
2005-08-11,45.2543,45.7132,45.1817,45.5769,45.5769,6615082
2005-08-12,45.3807,45.4779,44.9836,45.0463,45.0463,6846904
2005-08-15,44.9482,45.0689,44.6668,44.8953,44.8953,7622943
2005-08-16,44.8756,44.9198,44.5393,44.6521,44.6521,7682059
2005-08-17,44.8081,45.2022,44.7707,45.0052,45.0052,7871134
2005-08-18,44.9688,45.67,44.8756,45.5357,45.5357,13123075
2005-08-19,45.3013,45.4641,45.0463,45.0542,45.0542,8637150
2005-08-22,45.3582,45.4023,44.8756,45.0052,45.0052,7592323
2005-08-23,45.0159,45.062,44.2471,44.4805,44.4805,12570391
2005-08-24,44.4304,44.6061,44.0383,44.1195,44.1195,11182131
2005-08-25,44.3305,44.7934,44.2598,44.3168,44.3168,8667633
2005-08-26,44.1883,44.2334,43.899,43.899,43.899,7345825
2005-08-29,43.7852,44.7316,43.693,44.6589,44.6589,8980582
2005-08-30,44.4167,44.6943,44.1883,44.6521,44.6521,10697319
2005-08-31,44.6521,45.0052,43.9853,44.9277,44.9277,11297549
2005-09-01,44.7787,45.167,44.5697,44.7394,44.7394,8692042
2005-09-02,44.8953,45.062,44.5473,44.5777,44.5777,5827898
2005-09-06,44.8287,45.3729,44.8001,45.2072,45.2072,10404119
2005-09-07,45.3582,45.9917,45.3151,45.924,45.924,11030170
2005-09-08,46.0653,46.0653,45.3209,45.4288,45.4288,9121962
2005-09-09,45.6063,46.0535,45.4288,45.878,45.878,7230270
2005-09-12,45.878,46.0329,45.7357,45.8416,45.8416,8357916
2005-09-13,45.721,45.8573,45.3582,45.3944,45.3944,9411354
2005-09-14,45.6916,45.8623,45.3944,45.572,45.572,10237623
2005-09-15,45.6288,45.7053,45.4729,45.621,45.621,6908422
2005-09-16,45.7701,46.2222,45.6063,46.1946,46.1946,18139374
2005-09-19,46.1996,46.2074,45.7132,45.8192,45.8192,10139140
2005-09-20,45.878,45.924,45.572,45.6425,45.6425,7479587
2005-09-21,45.3209,46.2868,45.2944,45.8573,45.8573,10121781
2005-09-22,45.6848,46.3015,45.6504,45.8416,45.8416,10199807
2005-09-23,45.9995,46.0055,45.2827,45.3493,45.3493,11025936
2005-09-26,45.521,45.6779,45.1905,45.269,45.269,8440323
2005-09-27,45.2885,45.3209,44.7394,44.9688,44.9688,8810132
2005-09-28,44.8424,45.0806,44.7198,44.8001,44.8001,7863657
2005-09-29,44.6128,45.2543,44.5777,45.1817,45.1817,8868407
2005-09-30,45.2885,45.3151,44.6521,44.8482,44.8482,7967078
2005-10-03,44.7787,44.8287,44.3029,44.352,44.352,9632174
2005-10-04,44.5777,44.8482,44.2598,44.6865,44.6865,9803888
2005-10-05,44.5777,44.7845,44.0971,44.1195,44.1195,9407970
2005-10-06,44.3462,44.3609,43.3596,43.6361,43.6361,17935204
2005-10-07,43.7999,43.7999,43.3175,43.4714,43.4714,16487263
2005-10-10,43.4302,44.0588,42.8987,43.5675,43.5675,10825434
2005-10-11,43.6361,43.7156,43.29,43.439,43.439,11007027
2005-10-12,43.5391,44.0157,43.337,43.7999,43.7999,11353280
2005-10-13,43.7999,45.7848,43.7774,45.3729,45.3729,27890348
2005-10-14,45.3807,45.3876,44.9561,45.1454,45.1454,18792512
2005-10-17,45.111,45.111,44.4167,44.6521,44.6521,13001449
2005-10-18,45.0806,45.3582,44.408,44.6266,44.6266,27783544
2005-10-19,44.7198,45.6063,44.4304,45.5847,45.5847,19377504
2005-10-20,45.6425,45.7778,45.2885,45.4779,45.4779,12164736
2005-10-21,45.572,45.7053,45.2748,45.4101,45.4101,19198595
2005-10-24,45.5013,45.7132,44.9688,45.4288,45.4288,12340966
2005-10-25,45.1954,45.3209,44.8355,45.062,45.062,10021741
2005-10-26,44.7934,45.062,44.352,44.5159,44.5159,12890119
2005-10-27,44.2962,44.3079,43.2684,43.5439,43.5439,19892660
2005-10-28,43.9765,44.6442,43.7499,44.6128,44.6128,12573074
2005-10-31,44.5854,44.6521,44.3305,44.3814,44.3814,13991105
2005-11-01,44.2805,44.4648,43.7999,43.8734,43.8734,13958930
2005-11-02,43.8421,44.4364,43.2684,43.4459,43.4459,22185350
2005-11-03,43.4459,43.6204,43.2036,43.3733,43.3733,23668001
2005-11-04,43.3733,43.4646,42.527,43.1488,43.1488,21500885
2005-11-07,42.878,43.644,42.6653,43.5391,43.5391,13776212
2005-11-08,43.1959,43.3733,42.9802,43.0674,43.0674,10432339
2005-11-09,43.1752,43.5165,42.9418,43.2478,43.2478,9962056
2005-11-10,43.2478,43.6578,42.9418,43.5234,43.5234,8646465
2005-11-11,43.4125,43.5087,43.1752,43.1752,43.1752,8328012
2005-11-14,43.2831,43.3175,42.8282,42.885,42.885,11855166
2005-11-15,44.0078,45.0052,43.8363,44.5316,44.5316,53036778
2005-11-16,45.2022,45.2022,44.402,44.8287,44.8287,21402539
2005-11-17,45.0885,45.1179,44.7002,44.8884,44.8884,14951128
2005-11-18,45.1817,45.1954,44.1803,44.3305,44.3305,16502641
2005-11-21,44.3305,44.3305,43.7293,43.9313,43.9313,15476721
2005-11-22,43.7411,43.7999,43.337,43.6636,43.6636,14992471
2005-11-23,43.5528,43.8273,43.4459,43.7077,43.7077,10838980
2005-11-25,44.0157,44.1803,43.9058,44.046,44.046,7187656
2005-11-28,44.4726,44.6128,44.0814,44.2264,44.2264,17917284
2005-11-29,44.5069,44.5159,43.9127,43.9392,43.9392,12241209
2005-11-30,43.9392,44.3873,43.7411,43.7655,43.7655,10842084
2005-12-01,43.8363,43.9853,43.6793,43.7214,43.7214,9806573
2005-12-02,43.6636,43.7999,43.3733,43.3812,43.3812,9185462
2005-12-05,43.6578,43.9392,43.0399,43.2684,43.2684,30626375
2005-12-06,43.4125,43.4125,42.8055,42.8586,42.8586,20900093
2005-12-07,42.8006,42.8439,42.3524,42.5507,42.5507,20271220
2005-12-08,42.5507,43.0546,42.429,42.5801,42.5801,14688551
2005-12-09,42.527,42.7712,42.5103,42.5958,42.5958,11467151
2005-12-12,42.5958,42.7084,42.533,42.6289,42.6289,11232645
2005-12-13,42.6152,42.878,42.5183,42.7006,42.7006,18003075
2005-12-14,42.8055,42.8653,42.5664,42.6035,42.6035,14390549
2005-12-15,42.6289,42.7712,42.527,42.6379,42.6379,9795426
2005-12-16,42.7585,43.4783,42.6575,43.1341,43.1341,18616990
2005-12-19,43.6204,43.9392,43.3047,43.3655,43.3655,15011519
2005-12-20,43.1752,43.3655,42.9987,43.0752,43.0752,9801633
2005-12-21,43.2174,43.3733,43.0193,43.1488,43.1488,8863896
2005-12-22,43.2036,43.4586,42.9194,43.4586,43.4586,7307586
2005-12-23,43.4459,43.592,43.239,43.3105,43.3105,5066959
2005-12-27,43.3175,43.3733,42.7144,42.7378,42.7378,8923583
2005-12-28,42.7378,42.9929,42.7378,42.8202,42.8202,7905845
2005-12-29,42.8987,43.0193,42.5507,42.7006,42.7006,7513591
2005-12-30,42.7006,42.7006,42.5447,42.5958,42.5958,7423571
2006-01-03,43.2831,43.8363,43.2684,43.6793,43.6793,15080658
2006-01-04,43.8931,44.3951,43.7725,44.352,44.352,12794878
2006-01-05,44.3462,44.6128,44.0157,44.1676,44.1676,13896568
2006-01-06,44.1941,44.4648,44.0383,44.3687,44.3687,8351851
2006-01-09,44.3079,44.6589,44.2471,44.6442,44.6442,10023009
2006-01-10,44.3079,44.7198,44.2962,44.7198,44.7198,9392443
2006-01-11,44.6188,44.6442,43.899,44.2962,44.2962,12450601
2006-01-12,44.2962,44.3305,43.7999,44.0892,44.0892,10246931
2006-01-13,43.8734,44.1481,43.5322,43.8097,43.8097,9931300
2006-01-17,43.4537,43.9941,43.3047,43.4302,43.4302,13649787
2006-01-18,43.7655,44.1108,43.4783,44.0735,44.0735,10649205
2006-01-19,44.1519,44.3814,43.7293,44.0588,44.0588,10574847
2006-01-20,43.4047,44.1519,43.0399,43.0909,43.0909,15555170
2006-01-23,43.0546,43.4047,42.9555,43.3655,43.3655,10177372
2006-01-24,42.6575,43.4047,42.0701,42.0701,42.0701,28158441
2006-01-25,43.2312,43.2312,41.1335,41.4611,41.4611,35794361
2006-01-26,41.6356,42.172,41.5042,41.6023,41.6023,22499576
2006-01-27,41.7798,41.9622,41.3541,41.6111,41.6111,16361547
2006-01-30,41.6111,41.6356,41.1335,41.3894,41.3894,16758594
2006-01-31,41.213,41.3453,40.7168,40.7815,40.7815,26091217
2006-02-01,40.8717,41.4022,40.858,41.006,41.006,18905399
2006-02-02,41.3541,41.3777,40.8149,40.858,40.858,14128532
2006-02-03,40.5805,40.7521,40.4128,40.6677,40.6677,15548962
2006-02-06,40.7521,40.7942,40.148,40.2911,40.2911,14982738
2006-02-07,40.398,40.6323,40.1853,40.2559,40.2559,14587663
2006-02-08,40.4333,41.6307,40.3461,41.5297,41.5297,20638918
2006-02-09,41.9229,42.3191,41.3199,41.4964,41.4964,17116836
2006-02-10,41.6023,41.6435,41.2758,41.3827,41.3827,11511033
2006-02-13,41.3777,41.5601,41.1335,41.4611,41.4611,7076755
2006-02-14,41.6023,42.0044,41.6023,41.8514,41.8514,13851702
2006-02-15,41.871,42.0975,41.6023,41.8848,41.8848,11708425
2006-02-16,42.1338,42.1338,41.516,41.7975,41.7975,16781735
2006-02-17,41.9446,42.0044,41.6307,41.8651,41.8651,9557109
2006-02-21,41.9072,42.0426,41.6356,41.9152,41.9152,9156107
2006-02-22,41.822,41.9563,41.6023,41.8367,41.8367,12200997
2006-02-23,41.815,41.8592,41.4248,41.5229,41.5229,13761677
2006-02-24,41.5954,41.5954,40.6932,40.9345,40.9345,14636201
2006-02-27,41.0776,41.4964,40.9873,41.0424,41.0424,9887841
2006-02-28,40.9716,41.0501,40.6932,40.858,40.858,12586193
2006-03-01,40.8363,40.9796,40.7168,40.8648,40.8648,10063367
2006-03-02,40.7521,41.2885,40.7168,40.8874,40.8874,10997857
2006-03-03,40.7863,41.1894,40.7275,40.7275,40.7275,9118296
2006-03-06,40.801,41.1542,40.7609,40.9992,40.9992,10369833
2006-03-07,40.7746,41.3267,40.7746,41.262,41.262,13487949
2006-03-08,41.213,41.7101,40.9873,41.6307,41.6307,10474667
2006-03-09,41.7798,41.7916,41.2825,41.3267,41.3267,12093343
2006-03-10,41.567,41.8435,41.4611,41.8435,41.8435,13033754
2006-03-13,42.0641,42.0779,41.815,41.871,41.871,8775849
2006-03-14,41.9229,42.0975,41.8367,42.02,42.02,11129922
2006-03-15,41.9229,42.4869,41.8848,42.3838,42.3838,12558824
2006-03-16,42.4869,42.6869,42.3113,42.5397,42.5397,15217950
2006-03-17,42.8055,42.8055,42.6289,42.7644,42.7644,16243589
2006-03-20,42.8055,42.9134,42.7378,42.8653,42.8653,8309524
2006-03-21,43.0752,43.1194,42.8134,42.9271,42.9271,11118498
2006-03-22,42.7378,43.3047,42.7378,43.2478,43.2478,9970665
2006-03-23,43.0674,43.1615,42.9625,43.0978,43.0978,9798668
2006-03-24,42.9929,43.0909,42.731,42.8006,42.8006,7294603
2006-03-27,42.5731,42.8055,42.3437,42.4789,42.4789,10440238
2006-03-28,42.3838,42.429,42.179,42.2408,42.2408,10909948
2006-03-29,42.2545,42.3838,42.0641,42.179,42.179,9354916
2006-03-30,41.97,42.275,41.9563,42.0641,42.0641,10843215
2006-03-31,42.1338,42.3329,41.8592,41.97,41.97,13592218
2006-04-03,42.1642,42.3524,41.9005,41.9357,41.9357,13082155
2006-04-04,42.0044,42.0347,41.6356,41.6876,41.6876,13413735
2006-04-05,41.5297,41.7975,41.3267,41.3894,41.3894,12429572
2006-04-06,41.3894,41.6307,41.1816,41.4611,41.4611,9075400
2006-04-07,41.4248,41.619,40.8961,40.9873,40.9873,12662524
2006-04-10,40.9992,41.0424,40.7697,40.9021,40.9021,13133516
2006-04-11,40.9021,41.1228,40.6256,40.9295,40.9295,12860347
2006-04-12,40.9992,41.1031,40.9345,41.0139,41.0139,9465109
2006-04-13,40.9923,41.1081,40.7746,41.0424,41.0424,10356430
2006-04-17,40.8795,40.9796,40.7227,40.858,40.858,12431832
2006-04-18,40.8961,41.2041,40.8717,41.1973,41.1973,17860564
2006-04-19,41.3032,41.3777,40.9992,41.1228,41.1228,12904229
2006-04-20,41.1463,41.4611,41.1228,41.262,41.262,10751074
2006-04-21,41.4611,41.5297,41.1463,41.3698,41.3698,14129803
2006-04-24,41.4689,41.5385,41.2434,41.3386,41.3386,11484364
2006-04-25,41.3326,41.4248,41.1894,41.2561,41.2561,12054398
2006-04-26,41.3777,41.5601,41.3119,41.4885,41.4885,14937164
2006-04-27,41.2502,41.7592,41.2502,41.567,41.567,16302004
2006-04-28,41.567,41.6641,41.4611,41.5385,41.5385,12036053
2006-05-01,41.6111,41.6562,41.4964,41.5229,41.5229,10582185
2006-05-02,41.6503,41.7856,41.5297,41.6023,41.6023,7880446
2006-05-03,41.4807,41.6023,41.2758,41.3541,41.3541,13231714
2006-05-04,41.4169,41.4385,41.2434,41.2885,41.2885,10993771
2006-05-05,41.4611,41.6876,41.3541,41.6023,41.6023,9770306
2006-05-08,41.6023,41.7298,41.567,41.6111,41.6111,8388257
2006-05-09,41.6023,41.6641,41.3326,41.362,41.362,10099207
2006-05-10,41.3894,41.4562,41.2825,41.3326,41.3326,11054577
2006-05-11,41.5739,41.8651,41.5297,41.7033,41.7033,13826159
2006-05-12,41.3894,41.9926,41.3894,41.6944,41.6944,14442474
2006-05-15,41.7916,42.533,41.7033,42.5026,42.5026,15182817
2006-05-16,42.4946,42.8653,42.4162,42.7006,42.7006,11654380
2006-05-17,42.527,43.0831,42.4869,42.6152,42.6152,19059187
2006-05-18,42.7378,42.8653,42.5507,42.6202,42.6202,12007554
2006-05-19,42.6379,42.6947,42.2632,42.4535,42.4535,18203851
2006-05-22,42.2976,42.6653,42.275,42.4221,42.4221,13060280
2006-05-23,42.6289,42.9134,42.5026,42.527,42.527,14520786
2006-05-24,42.6075,43.1821,42.5183,43.0831,43.0831,17998985
2006-05-25,43.1694,43.1694,42.6289,42.8439,42.8439,12134400
2006-05-26,43.1194,43.1556,42.8653,43.0125,43.0125,8747207
2006-05-30,42.8653,42.9134,42.3995,42.4162,42.4162,10987839
2006-05-31,42.6202,42.7221,42.4378,42.679,42.679,11613042
2006-06-01,42.7006,43.0193,42.6722,42.9869,42.9869,7982745
2006-06-02,43.0193,43.239,42.8439,43.0477,43.0477,9398656
2006-06-05,42.7712,42.878,42.5888,42.6152,42.6152,9766641
2006-06-06,42.8359,43.4125,42.7771,43.1889,43.1889,14908942
2006-06-07,43.3175,43.7214,43.239,43.3517,43.3517,13414436
2006-06-08,43.3596,43.7655,43.2606,43.6283,43.6283,17603344
2006-06-09,43.5391,43.7156,43.4586,43.5008,43.5008,12164878
2006-06-12,43.5528,43.7019,43.4714,43.5008,43.5008,9171205
2006-06-13,43.6204,43.7214,43.239,43.2684,43.2684,16848047
2006-06-14,43.4302,43.5008,43.2036,43.4125,43.4125,12613000
2006-06-15,43.337,43.592,43.1752,43.5675,43.5675,12465553
2006-06-16,43.4459,43.7655,43.4459,43.7156,43.7156,16436042
2006-06-19,43.6578,43.7156,43.4586,43.4783,43.4783,14090717
2006-06-20,43.492,43.7293,43.3733,43.6057,43.6057,9728542
2006-06-21,43.5871,43.8734,43.5871,43.7921,43.7921,9874861
2006-06-22,43.4459,43.9392,43.1752,43.3596,43.3596,11074332
2006-06-23,43.2753,43.7568,43.2312,43.4586,43.4586,7060809
2006-06-26,42.2408,42.7084,42.172,42.6722,42.6722,21817650
2006-06-27,42.679,42.7084,42.179,42.2014,42.2014,14619835
2006-06-28,42.1857,42.2251,41.7916,41.9769,41.9769,13391159
2006-06-29,41.9926,42.6289,41.8848,42.4456,42.4456,11980319
2006-06-30,42.6202,42.7712,42.4603,42.4672,42.4672,14507942
2006-07-03,42.6152,42.7928,42.5397,42.6289,42.6289,4659605
2006-07-05,42.3838,42.8202,42.3838,42.5507,42.5507,9247967
2006-07-06,42.6075,43.0125,42.5594,42.8919,42.8919,7904719
2006-07-07,42.9468,43.1409,42.8282,42.9625,42.9625,7509639
2006-07-10,43.1272,43.2263,43.0193,43.1959,43.1959,6671375
2006-07-11,43.1959,43.2263,42.9468,43.0674,43.0674,9946821
2006-07-12,43.0978,43.1959,42.9271,42.9625,42.9625,8702059
2006-07-13,43.0399,43.0625,42.6438,42.7144,42.7144,11299804
2006-07-14,42.7438,43.2753,42.6289,42.8516,42.8516,10619009
2006-07-17,42.9134,43.4459,42.9134,43.1615,43.1615,10277835
2006-07-18,43.0909,43.2478,42.2976,42.9468,42.9468,11673295
2006-07-19,43.1056,43.5803,42.8713,43.4537,43.4537,11136837
2006-07-20,43.3733,43.7499,43.3733,43.492,43.492,7849543
2006-07-21,43.7077,43.9313,43.6361,43.7499,43.7499,12211158
2006-07-24,43.7077,43.9392,43.6793,43.9225,43.9225,10339918
2006-07-25,43.5871,43.9392,43.5803,43.8734,43.8734,8893953
2006-07-26,43.7655,44.046,43.693,43.9765,43.9765,7986412
2006-07-27,44.046,44.3462,43.9765,44.3373,44.3373,10805681
2006-07-28,44.3305,44.6521,44.2598,44.5933,44.5933,10986428
2006-07-31,44.4167,44.5629,44.3168,44.3305,44.3305,9960651
2006-08-01,44.2107,44.5473,44.1481,44.4247,44.4247,6422341
2006-08-02,44.7198,44.7934,44.5629,44.7541,44.7541,10455906
2006-08-03,44.7198,44.8884,44.6796,44.707,44.707,9217910
2006-08-04,44.8287,45.1454,44.7787,45.0238,45.0238,9360700
2006-08-07,44.8287,44.963,44.762,44.8424,44.8424,8826079
2006-08-08,44.9482,45.1523,44.9355,45.0463,45.0463,7355424
2006-08-09,45.1336,45.1591,44.6737,44.8756,44.8756,8621349
2006-08-10,44.9031,45.1817,44.8609,45.0404,45.0404,7605728
2006-08-11,45.0463,45.2072,44.9355,44.9836,44.9836,10587686
2006-08-14,45.3209,45.3582,45.1728,45.2944,45.2944,10402567
2006-08-15,45.3582,45.6975,45.2543,45.6504,45.6504,10148309
2006-08-16,45.6975,45.8907,45.6553,45.7897,45.7897,8051597
2006-08-17,45.8259,45.8416,45.4494,45.521,45.521,11893543
2006-08-18,45.6357,45.7848,45.4641,45.6553,45.6553,10136741
2006-08-21,45.6553,45.7701,45.4926,45.5504,45.5504,10326940
2006-08-22,45.5298,45.6004,45.3807,45.4729,45.4729,11681055
2006-08-23,45.3582,45.4023,45.214,45.2944,45.2944,9232164
2006-08-24,45.572,46.1612,45.5298,46.1251,46.1251,15030991
2006-08-25,45.878,45.9917,45.7897,45.8329,45.8329,7808627
2006-08-28,45.9191,45.9741,45.7474,45.7701,45.7701,8426493
2006-08-29,45.7132,45.8192,45.572,45.7848,45.7848,7465337
2006-08-30,45.87,45.924,45.7848,45.8025,45.8025,6246677
2006-08-31,45.7848,45.8848,45.6553,45.8259,45.8259,6491903
2006-09-01,45.9741,45.9917,45.7701,45.87,45.87,6555539
2006-09-05,45.7848,45.8848,45.5093,45.5769,45.5769,10007214
2006-09-06,45.3582,45.5357,45.3013,45.3013,45.3013,12007131
2006-09-07,45.011,45.1454,44.8287,44.9758,44.9758,10434455
2006-09-08,45.011,45.1817,44.9198,45.0689,45.0689,8338029
2006-09-11,45.111,45.4023,45.0689,45.3876,45.3876,7329041
2006-09-12,45.3288,45.4239,45.167,45.2386,45.2386,9868939
2006-09-13,45.3209,45.3807,45.2022,45.2229,45.2229,8859805
2006-09-14,45.1817,45.2543,44.9482,45.167,45.167,7610385
2006-09-15,45.0748,45.4562,45.0748,45.2072,45.2072,13506292
2006-09-18,45.3209,45.5935,45.2827,45.4729,45.4729,9824629
2006-09-19,45.4729,45.5013,45.3209,45.4866,45.4866,7343712
2006-09-20,45.6425,45.7132,45.4562,45.4926,45.4926,8863896
2006-09-21,45.4779,45.6504,45.3944,45.521,45.521,10411459
2006-09-22,45.3876,45.4356,45.2543,45.3288,45.3288,7834165
2006-09-25,45.5357,45.6004,45.3729,45.4926,45.4926,8110858
2006-09-26,45.6425,45.87,45.6063,45.8329,45.8329,8241090
2006-09-27,45.7427,45.9741,45.7279,45.9368,45.9368,7783650
2006-09-28,45.9828,46.0937,45.9299,45.9995,45.9995,7032451
2006-09-29,45.9995,46.072,45.8192,46.026,46.026,10803143
2006-10-02,46.0653,46.3015,46.026,46.1328,46.1328,8769219
2006-10-03,46.1104,46.5486,46.0476,46.4223,46.4223,9796689
2006-10-04,46.4507,46.6919,46.3301,46.6566,46.6566,8703330
2006-10-05,46.282,46.5182,46.1457,46.1457,46.1457,11285554
2006-10-06,46.072,46.1819,45.9662,46.1104,46.1104,9971090
2006-10-09,45.9995,46.0653,45.8259,45.9741,45.9741,7824854
2006-10-10,45.9534,46.0535,45.8573,46.0407,46.0407,8532177
2006-10-11,45.9917,46.2074,45.924,46.1398,46.1398,6780447
2006-10-12,46.229,46.2751,45.9113,45.9534,45.9534,11035387
2006-10-13,46.1742,46.5909,45.7132,45.7701,45.7701,9023338
2006-10-16,46.1014,46.1251,45.8573,46.0202,46.0202,8955326
2006-10-17,46.5115,47.1312,46.4223,46.8341,46.8341,21497781
2006-10-18,47.2597,48.2992,47.1312,48.2992,48.2992,25178034
2006-10-19,48.1942,48.3511,48.0815,48.2217,48.2217,12146818
2006-10-20,48.4787,48.9984,48.3865,48.6326,48.6326,16987031
2006-10-23,48.4403,49.1925,48.4256,48.9748,48.9748,12528346
2006-10-24,48.6208,48.8042,48.3785,48.7238,48.7238,15314032
2006-10-25,48.7238,48.8669,48.5266,48.7816,48.7816,9719229
2006-10-26,48.7395,48.8248,48.2521,48.7748,48.7748,11494521
2006-10-27,48.6208,48.6473,48.1942,48.3139,48.3139,11085905
2006-10-30,48.4256,48.4473,47.8726,47.9794,47.9794,12927933
2006-10-31,48.0511,48.0511,47.6471,47.7657,47.7657,16729245
2006-11-01,47.751,47.8873,47.3793,47.6117,47.6117,15641665
2006-11-02,47.5901,48.1942,47.549,48.1227,48.1227,14474787
2006-11-03,48.1942,48.4198,48.0206,48.0589,48.0589,9864000
2006-11-06,48.3571,48.5414,47.901,48.4924,48.4924,11310113
2006-11-07,48.3139,48.9239,48.2903,48.6954,48.6954,14942104
2006-11-08,48.2149,48.4051,47.7744,48.1884,48.1884,19903093
2006-11-09,47.8519,48.0079,46.6507,46.8832,46.8832,23386087
2006-11-10,46.7762,46.9978,46.3996,46.9831,46.9831,14269347
2006-11-13,46.9537,47.3283,46.5977,46.7321,46.7321,12393596
2006-11-14,46.3643,47.2921,46.2868,47.1675,47.1675,16036033
2006-11-15,47.1675,47.4852,47.0744,47.1567,47.1567,10863957
2006-11-16,47.1312,47.2312,46.6428,47.1518,47.1518,14629995
2006-11-17,47.2312,47.9099,47.1616,47.6548,47.6548,15681453
2006-11-20,47.8932,47.9099,47.3656,47.4911,47.4911,11142060
2006-11-21,47.4127,47.5274,46.9978,47.2008,47.2008,11637877
2006-11-22,47.139,47.4489,47.1263,47.3215,47.3215,9826461
2006-11-24,47.1312,47.1616,46.6693,46.6693,46.6693,4109328
2006-11-27,46.4223,46.6566,46.2222,46.5272,46.5272,13203775
2006-11-28,46.4584,46.8341,46.428,46.7536,46.7536,11366685
2006-11-29,46.7056,47.0028,46.585,46.9184,46.9184,9564593
2006-11-30,46.9184,47.0822,46.5486,46.7125,46.7125,10877357
2006-12-01,46.7125,46.8194,46.3015,46.7536,46.7536,12604816
2006-12-04,47.0498,47.2851,46.6428,46.9762,46.9762,10985585
2006-12-05,47.0223,47.0351,46.7321,46.8969,46.8969,9085700
2006-12-06,46.9537,46.9537,46.635,46.7977,46.7977,9794150
2006-12-07,46.9537,47.2312,46.7399,46.8194,46.8194,14642268
2006-12-08,46.7056,46.9537,46.5486,46.7399,46.7399,8412664
2006-12-11,46.7488,46.7762,46.3937,46.5634,46.5634,10894857
2006-12-12,46.6203,46.7056,46.2751,46.4781,46.4781,12607352
2006-12-13,46.635,46.7762,46.3643,46.3996,46.3996,12360857
2006-12-14,46.6203,47.2165,46.436,46.9537,46.9537,13060704
2006-12-15,47.0577,47.1753,46.4223,46.9831,46.9831,18057679
2006-12-18,46.9331,47.3734,46.9331,47.2008,47.2008,10557064
2006-12-19,47.2391,47.6628,47.2244,47.399,47.399,14453339
2006-12-20,47.2391,47.4057,47.0165,47.0822,47.0822,13803162
2006-12-21,46.939,47.042,46.6919,46.7762,46.7762,12297507
2006-12-22,46.6203,46.7399,46.3859,46.5272,46.5272,8560823
2006-12-26,46.4948,46.6203,46.4075,46.5182,46.5182,5352825
2006-12-27,46.7321,46.8832,46.6203,46.783,46.783,7268788
2006-12-28,46.6762,47.2008,46.6762,47.0744,47.0744,7627881
2006-12-29,46.8969,47.1753,46.6762,46.789,46.789,8292451
2007-01-03,46.8675,47.5578,46.8537,47.0577,47.0577,17680242
2007-01-04,46.7056,47.9246,46.7056,47.6471,47.6471,15890421
2007-01-05,47.3439,47.6628,47.1312,47.2165,47.2165,11174938
2007-01-08,47.2165,47.3048,46.8115,47.139,47.139,8423109
2007-01-09,47.2008,47.3793,46.8675,46.9615,46.9615,9694960
2007-01-10,47.1675,47.1675,46.8253,46.8832,46.8832,9101928
2007-01-11,47.0577,47.3734,46.9762,47.2921,47.2921,8855713
2007-01-12,47.0959,47.3439,46.989,47.2312,47.2312,8712637
2007-01-16,47.2391,47.3048,46.989,47.1567,47.1567,10900636
2007-01-17,47.2008,47.751,47.0744,47.393,47.393,12651519
2007-01-18,47.1038,48.1884,46.989,47.9884,47.9884,14287691
2007-01-19,48.1942,48.3511,47.8599,48.0206,48.0206,18794489
2007-01-22,48.1942,48.2707,47.6058,47.6117,47.6117,14456165
2007-01-23,47.4783,47.6548,46.8675,47.1312,47.1312,13194182
2007-01-24,47.0655,47.549,46.989,47.4911,47.4911,10607015
2007-01-25,47.3519,47.5146,47.1312,47.2597,47.2597,10645535
2007-01-26,47.2597,47.393,46.7703,46.8253,46.8253,15069375
2007-01-29,46.9537,47.0577,46.7762,46.8832,46.8832,11503272
2007-01-30,46.8832,47.2008,46.8468,47.0498,47.0498,10119384
2007-01-31,47.0498,47.4979,46.8832,47.3439,47.3439,11529799
2007-02-01,47.3439,47.5333,47.1312,47.4911,47.4911,13026838
2007-02-02,47.4852,47.5901,47.1263,47.1841,47.1841,15968613
2007-02-05,47.042,47.2008,46.8468,46.989,46.989,10619292
2007-02-06,47.0498,47.0822,46.6281,46.7762,46.7762,11541932
2007-02-07,46.7762,46.8468,46.5272,46.635,46.635,10998985
2007-02-08,46.635,46.7536,46.4948,46.6066,46.6066,10356709
2007-02-09,46.6762,46.8468,46.4427,46.4948,46.4948,10028657
2007-02-12,46.5771,46.684,46.3222,46.3937,46.3937,8533499
2007-02-13,46.3575,46.436,46.2663,46.3378,46.3378,12111194
2007-02-14,46.4654,46.7056,46.3506,46.6693,46.6693,10236508
2007-02-15,46.5977,46.7252,46.4868,46.6281,46.6281,10371808
2007-02-16,46.5272,46.5909,46.2369,46.428,46.428,18239692
2007-02-20,46.3506,46.6566,46.2516,46.3937,46.3937,13241029
2007-02-21,46.2516,46.3506,46.0407,46.0653,46.0653,16982795
2007-02-22,46.0476,46.1181,45.8192,45.9113,45.9113,18245200
2007-02-23,45.7897,45.7897,45.3493,45.4641,45.4641,16347999
2007-02-26,45.5357,45.7053,45.367,45.572,45.572,14791546
2007-02-27,45.3582,45.5298,44.4511,44.6865,44.6865,26014738
2007-02-28,44.8424,45.1591,44.5236,44.5991,44.5991,23550046
2007-03-01,44.1883,44.5991,43.7655,44.2598,44.2598,20571244
2007-03-02,44.1519,44.2598,43.7499,43.9058,43.9058,19433380
2007-03-05,43.5528,44.1883,43.5528,43.8186,43.8186,22533525
2007-03-06,44.046,44.0971,43.492,43.7293,43.7293,27153331
2007-03-07,43.693,44.3168,43.6518,43.8421,43.8421,19950223
2007-03-08,43.9392,44.1195,43.693,43.7411,43.7411,20699026
2007-03-09,44.0677,44.1609,43.899,44.0383,44.0383,14123027
2007-03-12,44.1195,44.1883,43.5234,43.7921,43.7921,18780380
2007-03-13,43.5165,43.7499,42.9555,43.0674,43.0674,24271337
2007-03-14,43.2263,43.337,42.6035,43.0281,43.0281,22881816
2007-03-15,43.0193,43.0978,42.7712,42.8987,42.8987,14265180
2007-03-16,42.9271,43.1488,42.7006,42.885,42.885,21946190
2007-03-19,42.9869,43.0909,42.7849,43.0399,43.0399,14709656
2007-03-20,42.9929,43.4714,42.9869,43.2831,43.2831,13928104
2007-03-21,43.2831,43.4586,42.8653,43.389,43.389,23005950
2007-03-22,43.389,43.5743,43.0831,43.1341,43.1341,17955362
2007-03-23,43.4125,43.4125,42.7712,42.885,42.885,24942474
2007-03-26,43.0909,43.0909,42.429,42.7006,42.7006,24530554
2007-03-27,42.5958,42.6722,42.5103,42.5447,42.5447,17894393
2007-03-28,42.5447,42.8055,42.429,42.527,42.527,22732896
2007-03-29,42.7928,42.8653,42.5397,42.7644,42.7644,23773756
2007-03-30,42.8282,42.8439,42.4869,42.7084,42.7084,18721320
2007-04-02,42.7084,42.8055,42.5447,42.5958,42.5958,13721495
2007-04-03,42.9134,43.1409,42.7006,42.9802,42.9802,16975153
2007-04-04,43.0281,43.4783,42.9134,43.439,43.439,18319061
2007-04-05,43.4714,43.8734,43.3968,43.6204,43.6204,13587369
2007-04-09,43.6578,43.7655,43.492,43.6793,43.6793,8225320
2007-04-10,43.6126,43.85,43.5616,43.7077,43.7077,12892828
2007-04-11,43.5999,44.1481,43.5871,43.8647,43.8647,20818018
2007-04-12,43.6204,43.9058,43.5871,43.8852,43.8852,13182181
2007-04-13,44.046,44.2107,43.8647,44.1883,44.1883,20524229
2007-04-16,44.2873,44.6668,44.2334,44.6668,44.6668,18902536
2007-04-17,46.282,46.3506,45.6622,45.7474,45.7474,41019818
2007-04-18,45.6779,45.9064,45.4641,45.6622,45.6622,16588812
2007-04-19,45.6622,46.0858,45.572,46.026,46.026,17680791
2007-04-20,46.3859,46.3859,45.9741,46.1535,46.1535,22285808
2007-04-23,46.0653,46.1535,45.8416,45.8907,45.8907,15326458
2007-04-24,46.1742,46.1742,45.6131,45.7053,45.7053,14628264
2007-04-25,45.8907,46.1535,45.7132,45.8416,45.8416,18212570
2007-04-26,45.7053,45.8573,45.4641,45.5298,45.5298,14861874
2007-04-27,45.367,45.7357,45.2543,45.4779,45.4779,13852277
2007-04-30,45.3582,45.621,45.1817,45.5151,45.5151,19637794
2007-05-01,45.7357,46.026,45.5425,45.8259,45.8259,14178965
2007-05-02,45.367,45.924,45.3582,45.6975,45.6975,11254325
2007-05-03,45.7778,45.924,45.4562,45.5847,45.5847,12725913
2007-05-04,45.7544,45.9191,45.4729,45.6975,45.6975,9156040
2007-05-07,45.3493,45.5935,45.0689,45.5425,45.5425,15328891
2007-05-08,45.3151,45.4239,45.0052,45.1454,45.1454,15460666
2007-05-09,45.1032,45.5641,44.8679,45.4356,45.4356,19426039
2007-05-10,45.367,45.367,44.2725,44.2962,44.2962,33261363
2007-05-11,44.1519,44.6737,43.693,44.1342,44.1342,33675820
2007-05-14,44.6521,44.9758,44.3373,44.3756,44.3756,23687719
2007-05-15,43.9313,44.2264,43.7019,43.8097,43.8097,30853327
2007-05-16,44.4942,44.911,44.2334,44.6865,44.6865,24287118
2007-05-17,44.7198,44.7198,44.3168,44.4648,44.4648,18568341
2007-05-18,44.6355,45.0963,44.5069,44.9482,44.9482,18808305
2007-05-21,45.2543,45.3807,44.9198,45.0159,45.0159,15197463
2007-05-22,45.0404,45.2748,44.8609,45.062,45.062,12546980
2007-05-23,45.1954,45.4288,45.1032,45.2229,45.2229,13858679
2007-05-24,45.1905,45.4171,44.9758,44.9905,44.9905,15571964
2007-05-25,45.062,45.062,44.7129,44.7845,44.7845,11980299
2007-05-29,44.7934,44.9031,44.4992,44.6865,44.6865,14193501
2007-05-30,44.6865,44.9031,44.4805,44.8081,44.8081,15311470
2007-05-31,44.6521,45.0404,44.6266,44.8424,44.8424,17156770
2007-06-01,44.8953,45.1954,44.6668,44.9424,44.9424,15272095
2007-06-04,44.6865,45.1247,44.6589,45.0748,45.0748,14236577
2007-06-05,44.9355,45.0404,44.6668,44.8679,44.8679,16072872
2007-06-06,44.7934,44.9561,44.3305,44.5777,44.5777,16271690
2007-06-07,44.3951,44.5777,43.9313,43.9392,43.9392,20102473
2007-06-08,43.9765,44.1883,43.5616,44.0343,44.0343,19674354
2007-06-11,44.5697,44.5697,44.046,44.1342,44.1342,12828876
2007-06-12,44.1195,44.2334,43.7725,43.8186,43.8186,16802140
2007-06-13,43.85,44.1285,43.4586,44.0677,44.0677,20902773
2007-06-14,44.0814,44.3756,44.0677,44.2598,44.2598,12830539
2007-06-15,44.3609,44.7316,44.3462,44.4865,44.4865,23716855
2007-06-18,44.5473,44.5777,44.1048,44.1746,44.1746,11978190
2007-06-19,44.1803,44.4167,44.0814,44.2402,44.2402,16084066
2007-06-20,44.3079,44.5393,43.9313,43.9696,43.9696,15960503
2007-06-21,43.8804,44.1803,43.7921,44.0216,44.0216,14632760
2007-06-22,43.8363,43.9225,43.0399,43.0399,43.0399,31126508
2007-06-25,43.2312,43.592,43.2106,43.3105,43.3105,18297130
2007-06-26,43.4841,43.9127,43.4586,43.693,43.693,19624132
2007-06-27,43.337,43.6057,43.2831,43.5528,43.5528,19976917
2007-06-28,43.5528,43.8273,43.3733,43.5871,43.5871,13426559
2007-06-29,43.644,43.899,43.3812,43.6715,43.6715,16967119
2007-07-02,43.899,43.9392,43.5008,43.8363,43.8363,11417663
2007-07-03,43.9392,44.1402,43.8568,43.9058,43.9058,6654785
2007-07-05,44.0157,44.2402,43.85,44.1402,44.1402,11710672
2007-07-06,44.0157,44.2264,43.9392,44.0343,44.0343,10665425
2007-07-09,44.1941,44.8826,43.9313,44.4511,44.4511,26518463
2007-07-10,44.4511,44.5473,44.0284,44.0814,44.0814,20230800
2007-07-11,44.0814,44.6442,44.046,44.553,44.553,15726465
2007-07-12,44.6865,44.9424,44.3814,44.9031,44.9031,15580491
2007-07-13,44.9836,45.0748,44.6589,44.9561,44.9561,12697804
2007-07-16,44.911,45.2748,44.8482,45.214,45.214,18862673
2007-07-17,44.5629,45.0159,44.1402,44.4648,44.4648,38897974
2007-07-18,44.3029,44.5777,43.9549,44.0814,44.0814,23834814
2007-07-19,44.1883,44.4364,43.9853,44.2177,44.2177,17854214
2007-07-20,44.2177,44.2962,43.7411,43.7921,43.7921,19434649
2007-07-23,43.8647,44.1746,43.8363,43.9392,43.9392,13318777
2007-07-24,43.6361,44.0343,43.5322,43.5675,43.5675,15173362
2007-07-25,43.5743,43.9313,43.3596,43.6057,43.6057,14987679
2007-07-26,43.2537,43.5999,43.0546,43.2036,43.2036,32893053
2007-07-27,43.0546,43.3302,42.325,42.3594,42.3594,32842369
2007-07-30,42.4732,42.8359,42.3594,42.5731,42.5731,19193939
2007-07-31,43.4783,43.7852,42.878,42.878,42.878,30862853
2007-08-01,42.885,43.5165,42.8439,43.2036,43.2036,24887764
2007-08-02,43.0909,43.5743,43.0546,43.2537,43.2537,24117828
2007-08-03,43.5871,43.5871,42.8134,42.9134,42.9134,18179347
2007-08-06,42.7438,44.1941,42.7438,44.1519,44.1519,20837304
2007-08-07,43.7655,44.2264,43.6204,44,44,25357223
2007-08-08,43.9313,44.2873,43.3733,44.2873,44.2873,21785479
2007-08-09,43.9392,44.3687,43.1125,43.1125,43.1125,29207077
2007-08-10,43.0193,43.5322,42.878,43.337,43.337,21957477
2007-08-13,43.4586,43.85,43.3253,43.5528,43.5528,15637149
2007-08-14,43.592,43.899,43.3105,43.3253,43.3253,26150479
2007-08-15,43.29,43.7655,43.0752,43.4459,43.4459,19411233
2007-08-16,43.0909,43.8931,43.0399,43.6793,43.6793,33799524
2007-08-17,44.2873,44.6355,43.4783,43.9549,43.9549,25860236
2007-08-20,43.8273,44.0157,43.6126,43.8186,43.8186,18278356
2007-08-21,43.6361,43.8804,43.5871,43.7077,43.7077,16931721
2007-08-22,43.7293,44.0157,43.6715,43.946,43.946,17085094
2007-08-23,44.046,44.203,43.9186,44.0216,44.0216,12429858
2007-08-24,43.7725,43.9225,43.4783,43.8568,43.8568,12933436
2007-08-27,43.7019,43.8363,43.592,43.6578,43.6578,14756785
2007-08-28,43.6578,43.7156,43.3968,43.4125,43.4125,20867356
2007-08-29,43.4783,43.9313,43.4185,43.8421,43.8421,14359088
2007-08-30,43.4783,43.8804,43.4783,43.6578,43.6578,11624475
2007-08-31,43.9225,43.9941,43.693,43.7921,43.7921,18844719
2007-09-04,43.6793,43.9765,43.6578,43.9225,43.9225,12435641
2007-09-05,43.8363,43.9186,43.5528,43.693,43.693,15921175
2007-09-06,43.7293,43.8734,43.6636,43.7019,43.7019,10898842
2007-09-07,43.592,43.9617,43.4185,43.7156,43.7156,19122895
2007-09-10,43.8363,43.9225,43.6361,43.8273,43.8273,14364310
2007-09-11,43.9225,44.0383,43.7411,43.9765,43.9765,14029071
2007-09-12,43.9392,44.4167,43.9058,44.3029,44.3029,16417258
2007-09-13,44.4247,44.8424,44.3462,44.7256,44.7256,19046773
2007-09-14,44.6442,44.8756,44.558,44.7934,44.7934,13219955
2007-09-17,44.6668,44.8826,44.4364,44.6061,44.6061,15641665
2007-09-18,44.6266,45.3209,44.6061,45.2386,45.2386,17853580
2007-09-19,45.1905,45.9064,45.111,45.7053,45.7053,25335320
2007-09-20,45.7132,46.0653,45.4866,45.9191,45.9191,17031054
2007-09-21,45.9995,46.4654,45.9191,46.1535,46.1535,24886945
2007-09-24,46.0535,46.4584,45.8907,46.2074,46.2074,17293919
2007-09-25,45.924,46.3094,45.8907,46.0476,46.0476,14229506
2007-09-26,46.08,46.5115,45.9662,46.3438,46.3438,17663594
2007-09-27,46.3378,46.5977,46.3153,46.4507,46.4507,10614776
2007-09-28,46.4584,46.5977,46.3094,46.5634,46.5634,12493911
2007-10-01,46.5339,46.9184,46.5339,46.8752,46.8752,17734143
2007-10-02,46.889,47.0165,46.6919,46.8115,46.8115,13709472
2007-10-03,46.684,47.3439,46.6507,46.8468,46.8468,13231856
2007-10-04,46.8468,47.0223,46.7762,46.8537,46.8537,12334473
2007-10-05,46.989,47.0577,46.9184,46.9537,46.9537,13273554
2007-10-08,46.9537,47.042,46.7399,46.789,46.789,7976393
2007-10-09,46.8468,46.9684,46.7321,46.9537,46.9537,10779156
2007-10-10,46.9684,46.989,46.5409,46.6566,46.6566,12010919
2007-10-11,46.7625,46.939,46.6566,46.7399,46.7399,14630348
2007-10-12,46.8969,46.9468,46.6428,46.7321,46.7321,9913202
2007-10-15,46.7399,46.889,46.3575,46.5272,46.5272,12887366
2007-10-16,46.6124,46.7762,45.7897,46.1181,46.1181,20193189
2007-10-17,46.4584,46.4781,45.87,45.9594,45.9594,14389562
2007-10-18,46.2369,46.2947,45.8495,45.9995,45.9995,19001346
2007-10-19,45.7701,46.0653,45.4729,45.521,45.521,21396054
2007-10-22,45.572,45.6357,45.0404,45.6004,45.6004,15736747
2007-10-23,45.6425,45.7848,45.3288,45.7474,45.7474,10903775
2007-10-24,45.5935,45.7279,45.167,45.67,45.67,15681947
2007-10-25,45.6553,45.6779,45.167,45.3209,45.3209,14964111
2007-10-26,45.4866,45.7848,45.2316,45.572,45.572,13448442
2007-10-29,45.6779,46.3937,45.572,46.0535,46.0535,18056835
2007-10-30,45.924,46.2584,45.8907,45.9368,45.9368,10862266
2007-10-31,45.9446,46.2437,45.7848,46.1889,46.1889,14885664
2007-11-01,45.924,46.3378,45.7279,45.8259,45.8259,15741987
2007-11-02,45.878,46.0653,45.6131,45.9113,45.9113,13964013
2007-11-05,45.367,45.9662,45.367,45.7053,45.7053,14296726
2007-11-06,45.7053,45.9917,45.4641,45.7897,45.7897,11033945
2007-11-07,45.4288,45.7357,45.167,45.2944,45.2944,15170179
2007-11-08,45.3366,45.9917,45.3209,45.7778,45.7778,23187008
2007-11-09,45.2543,46.5977,45.2543,46.1819,46.1819,22797550
2007-11-12,46.0653,47.4489,46.0535,46.9978,46.9978,24797482
2007-11-13,47.2921,47.7333,47.1518,47.7059,47.7059,23281829
2007-11-14,47.6244,47.6979,47.3048,47.4057,47.4057,17111574
2007-11-15,47.3135,47.6979,47.1567,47.399,47.399,16214340
2007-11-16,47.6244,48.0373,47.1841,48.0118,48.0118,21355978
2007-11-19,47.8128,48.2011,47.7981,47.901,47.901,27134292
2007-11-20,48.0766,48.1561,47.6244,47.9403,47.9403,21818624
2007-11-21,47.4852,47.9481,47.4401,47.5833,47.5833,21124530
2007-11-23,47.7657,47.7657,46.8969,47.399,47.399,8415983
2007-11-26,47.3048,48.2521,47.0498,47.744,47.744,22543709
2007-11-27,47.8932,48.111,47.6471,48.0011,48.0011,21422719
2007-11-28,48.0815,48.5345,47.5274,48.4403,48.4403,21370515
2007-11-29,48.1884,48.661,47.8795,48.4787,48.4787,15566354
2007-11-30,48.5737,48.7238,47.6244,48.0079,48.0079,23500284
2007-12-03,47.9246,48.2521,47.6979,47.9884,47.9884,13782495
2007-12-04,47.7981,48.3443,47.7657,48.1471,48.1471,11439298
2007-12-05,47.8048,48.3728,47.8048,48.3443,48.3443,13760821
2007-12-06,48.3286,48.455,48.0118,48.4051,48.4051,10729649
2007-12-07,48.5472,48.5472,47.8932,47.9707,47.9707,16860210
2007-12-10,48.0011,48.1942,47.8048,48.0452,48.0452,11732276
2007-12-11,48.0452,48.1717,47.8255,47.8726,47.8726,14436383
2007-12-12,48.1942,48.4787,47.4979,47.9794,47.9794,27188280
2007-12-13,47.8402,48.1942,47.7824,48.103,48.103,10971485
2007-12-14,47.8932,48.1423,47.7597,47.901,47.901,13393088
2007-12-17,47.7901,48.0206,47.6314,47.8726,47.8726,16788697
2007-12-18,48.1227,48.1227,47.6117,47.9884,47.9884,15909324
2007-12-19,47.901,48.0118,47.6314,47.7126,47.7126,12492549
2007-12-20,47.9707,47.9707,47.6471,47.7196,47.7196,15562205
2007-12-21,47.7333,48.3286,47.7333,48.2149,48.2149,27780201
2007-12-24,47.9177,48.4051,47.901,48.103,48.103,3911166
2007-12-26,48.1805,48.1884,47.7393,47.8795,47.8795,8982748
2007-12-27,47.5578,48.1805,47.4911,47.7196,47.7196,10756354
2007-12-28,48.0118,48.1423,47.5058,47.751,47.751,7418552
2007-12-31,47.6912,47.7196,47.1616,47.2724,47.2724,11766081
2008-01-02,47.1675,47.4852,46.5771,46.7125,46.7125,16889992
2008-01-03,46.5977,47.0577,46.3222,46.7252,46.7252,13090336
2008-01-04,46.5771,47.0577,46.5771,46.6625,46.6625,17939726
2008-01-07,46.6066,47.6314,46.5977,47.3862,47.3862,17428149
2008-01-08,47.5205,48.0118,47.2008,47.4401,47.4401,19017721
2008-01-09,47.4783,48.3992,47.4783,48.0511,48.0511,27488906
2008-01-10,47.7901,48.3571,47.7333,48.1294,48.1294,18403900
2008-01-11,47.7274,48.2149,47.7274,48.111,48.111,21929050
2008-01-14,48.3992,48.3992,47.7059,48.1561,48.1561,16454238
2008-01-15,47.9794,48.3139,47.8048,48.0206,48.0206,16290056
2008-01-16,47.7196,48.7953,47.7196,48.4129,48.4129,25835309
2008-01-17,48.455,48.5904,46.7762,48.0766,48.0766,25872386
2008-01-18,48.305,48.305,46.783,46.9831,46.9831,32052565
2008-01-22,45.8329,47.3048,45.7132,46.2584,46.2584,41553085
2008-01-23,46.0653,46.4721,44.0343,45.5013,45.5013,32230116
2008-01-24,45.7427,45.7427,44.8884,45.011,45.011,25516582
2008-01-25,45.0316,45.3493,44.1803,44.2677,44.2677,33547896
2008-01-28,44.408,44.7394,44.2962,44.7002,44.7002,14356540
2008-01-29,44.8884,44.9277,44.5316,44.6266,44.6266,14214027
2008-01-30,44.6266,44.6521,43.9392,44.0588,44.0588,19264412
2008-01-31,43.8421,44.9277,43.7411,44.7473,44.7473,30017262
2008-02-01,44.8953,45.4239,44.4726,44.9031,44.9031,16621315
2008-02-04,44.9198,45.1523,44.6521,44.9836,44.9836,11204536
2008-02-05,45.1591,45.1817,44.5069,44.558,44.558,15972681
2008-02-06,44.7787,44.911,44.4942,44.6865,44.6865,13484526
2008-02-07,44.6865,44.7787,44.2962,44.5159,44.5159,19320795
2008-02-08,44.5473,44.7845,43.899,43.9617,43.9617,18820640
2008-02-11,44.0343,44.0383,43.4841,43.8568,43.8568,15708926
2008-02-12,44.0383,44.7541,43.946,44.6266,44.6266,16115179
2008-02-13,44.3609,45.1817,44.3609,44.9424,44.9424,15789612
2008-02-14,44.8609,45.0963,44.3814,44.4992,44.4992,15328987
2008-02-15,44.4167,44.7198,44.2598,44.5777,44.5777,16809471
2008-02-19,44.8287,45.2386,44.6865,45.1179,45.1179,14663585
2008-02-20,45.1179,45.1523,44.7256,44.8158,44.8158,19433307
2008-02-21,44.9198,45.0542,44.4726,44.6355,44.6355,15640555
2008-02-22,44.4805,44.8482,44.2962,44.7787,44.7787,14309352
2008-02-25,44.8884,45.3151,44.8001,45.2543,45.2543,14080126
2008-02-26,45.1247,45.4101,44.9355,45.1591,45.1591,12950070
2008-02-27,44.8001,45.2543,44.6188,44.6796,44.6796,13502622
2008-02-28,44.7198,44.9973,44.2962,44.4442,44.4442,12056953
2008-02-29,44.4364,44.4726,43.8568,43.9127,43.9127,16477809
2008-03-03,43.9392,44.1519,43.6715,44.1048,44.1048,12474553
2008-03-04,44.0157,44.5069,43.946,44.3951,44.3951,20243737
2008-03-05,44.4805,44.8482,44.3951,44.7394,44.7394,19251778
2008-03-06,44.6128,44.8609,44.3029,44.3873,44.3873,17110436
2008-03-07,43.9853,44.2402,43.5165,43.592,43.592,21073962
2008-03-10,43.7214,43.7568,43.3517,43.4646,43.4646,20077354
2008-03-11,43.7725,44.3168,43.5803,44.255,44.255,20170925
2008-03-12,44.2598,44.7394,44.0383,44.3305,44.3305,18529479
2008-03-13,44.3079,44.963,43.7019,44.5159,44.5159,22308157
2008-03-14,44.911,44.911,44.1195,44.402,44.402,29397563
2008-03-17,43.6872,45.5641,43.6872,45.3876,45.3876,31118336
2008-03-18,45.8848,46.2868,45.6622,46.2868,46.2868,21252781
2008-03-19,46.3438,46.6428,45.9368,45.9828,45.9828,22357956
2008-03-20,46.0476,46.4223,45.9828,46.3378,46.3378,22965465
2008-03-24,46.1819,46.4507,45.8112,45.9917,45.9917,13951782
2008-03-25,46.0202,46.1682,45.6063,45.7474,45.7474,13420992
2008-03-26,45.5093,45.9594,45.5093,45.8573,45.8573,16021285
2008-03-27,45.9368,46.2437,45.7279,45.7945,45.7945,15199307
2008-03-28,45.9534,46.0653,45.4023,45.4866,45.4866,12353279
2008-03-31,45.5641,46.072,45.1591,45.9741,45.9741,18423721
2008-04-01,46.1612,46.7193,45.721,46.684,46.684,15801458
2008-04-02,46.6693,46.7536,46.1742,46.2868,46.2868,13815465
2008-04-03,45.924,46.4781,45.924,46.2584,46.2584,10795565
2008-04-04,46.2369,46.7399,46.0858,46.585,46.585,11400045
2008-04-07,46.5272,46.9468,46.4223,46.8752,46.8752,12560346
2008-04-08,46.7625,47.2097,46.5977,47.0028,47.0028,12502800
2008-04-09,46.9331,47.1312,46.7321,46.9831,46.9831,12120066
2008-04-10,46.9615,47.1753,46.8832,47.0096,47.0096,11671626
2008-04-11,46.9184,47.3048,46.7321,46.7762,46.7762,13029995
2008-04-14,46.7703,47.0744,46.5909,46.5909,46.5909,14569822
2008-04-15,46.5115,46.789,46.0593,46.5272,46.5272,24496210
2008-04-16,46.6281,46.7125,46.1612,46.5634,46.5634,17803498
2008-04-17,46.5182,46.7762,46.4584,46.6066,46.6066,12475072
2008-04-18,46.8253,47.3439,46.7321,47.139,47.139,15155308
2008-04-21,46.9537,47.1675,46.8115,47.0028,47.0028,12664284
2008-04-22,46.8194,47.599,46.6281,47.4783,47.4783,18604548
2008-04-23,47.3048,47.8334,47.3048,47.6705,47.6705,15016940
2008-04-24,47.6314,48.0079,47.4979,47.744,47.744,13563811
2008-04-25,47.8873,47.9794,47.4401,47.7059,47.7059,12955813
2008-04-28,47.6979,47.9628,47.6058,47.7126,47.7126,12799748
2008-04-29,47.6628,47.8334,47.5774,47.6167,47.6167,10874016
2008-04-30,47.8048,47.9628,47.4304,47.6167,47.6167,18368576
2008-05-01,47.5774,48.111,47.4489,48.0589,48.0589,18575533
2008-05-02,47.8471,48.4198,47.8471,48.3785,48.3785,17724991
2008-05-05,48.2217,48.4198,47.9884,48.1227,48.1227,14886346
2008-05-06,47.9794,48.1805,47.7059,47.8932,47.8932,13386770
2008-05-07,47.8255,47.9707,47.4401,47.4911,47.4911,8997995
2008-05-08,47.5058,47.599,47.2724,47.4127,47.4127,13325965
2008-05-09,47.1449,47.4646,47.0223,47.1616,47.1616,12358763
2008-05-12,47.192,47.4057,46.989,47.1567,47.1567,10774842
2008-05-13,47.3048,47.4852,46.989,47.0655,47.0655,13449947
2008-05-14,47.1841,47.5656,47.0655,47.3519,47.3519,12729827
2008-05-15,47.4715,47.4783,47.0165,47.2597,47.2597,11863349
2008-05-16,47.4214,47.4214,46.989,47.2597,47.2597,13777960
2008-05-19,47.2008,47.3352,46.9615,47.2244,47.2244,12343600
2008-05-20,47.0901,47.4401,46.8057,46.8832,46.8832,17795754
2008-05-21,47.0498,47.2724,46.4781,46.585,46.585,15826626
2008-05-22,46.5556,46.5977,46.2143,46.3575,46.3575,13944242
2008-05-23,46.3015,46.4143,45.9662,46.0113,46.0113,12802426
2008-05-27,45.9368,46.3015,45.9299,46.1742,46.1742,11793135
2008-05-28,46.1996,46.2868,45.8112,45.9828,45.9828,20853227
2008-05-29,45.8259,47.2391,45.7427,47.0744,47.0744,18715189
2008-05-30,47.1263,47.5058,47.0292,47.2988,47.2988,15513584
2008-06-02,47.1616,47.4852,46.8832,47.139,47.139,13588977
2008-06-03,47.2097,47.5146,47.0901,47.3135,47.3135,16032853
2008-06-04,47.2724,47.4401,46.9684,47.1616,47.1616,12643788
2008-06-05,47.2469,47.5578,47.1312,47.4558,47.4558,12246999
2008-06-06,47.1841,47.3135,46.5486,46.6066,46.6066,20130594
2008-06-09,46.6919,46.9184,46.2868,46.5115,46.5115,12269611
2008-06-10,46.2143,46.7193,46.2143,46.5065,46.5065,14347619
2008-06-11,46.428,46.6693,46.1457,46.2074,46.2074,14663420
2008-06-12,46.2369,46.6566,46.1819,46.5556,46.5556,13747667
2008-06-13,46.6203,47.0351,46.5909,46.9684,46.9684,12611650
2008-06-16,46.7321,46.889,46.4223,46.6625,46.6625,11266107
2008-06-17,46.8057,46.9537,46.4223,46.4868,46.4868,10305754
2008-06-18,46.2663,46.7536,45.5013,45.67,45.67,18124789
2008-06-19,45.5769,46.0535,45.4562,45.7945,45.7945,12825130
2008-06-20,45.5641,45.7945,45.2748,45.4023,45.4023,23186981
2008-06-23,45.5013,45.6848,45.3209,45.5641,45.5641,12261166
2008-06-24,45.4288,45.9534,45.4288,45.87,45.87,15087217
2008-06-25,45.9446,46.5486,45.87,46.2663,46.2663,14640450
2008-06-26,45.9191,46.3153,45.5425,45.5425,45.5425,17513981
2008-06-27,45.5013,45.8623,44.9355,45.0542,45.0542,26671417
2008-06-30,45.0316,45.7897,44.7198,45.6004,45.6004,17658986
2008-07-01,45.1817,46.0535,45.1728,45.8495,45.8495,23474827
2008-07-02,46.026,46.1457,45.7132,45.8112,45.8112,15108714
2008-07-03,45.6063,46.3222,45.5357,46.1535,46.1535,10887710
2008-07-07,46.1398,46.7321,45.9741,46.2437,46.2437,20468468
2008-07-08,46.1742,46.9762,46.1742,46.9243,46.9243,21837494
2008-07-09,46.8832,47.4852,46.789,46.9037,46.9037,19669951
2008-07-10,46.8194,47.6244,46.8194,47.4401,47.4401,24550853
2008-07-11,46.9978,47.2921,46.7762,46.9615,46.9615,23466599
2008-07-14,47.0959,47.4401,46.8409,47.0655,47.0655,15682512
2008-07-15,47.5578,48.1805,47.3352,47.9794,47.9794,34150315
2008-07-16,48.0285,48.7669,47.8402,48.3286,48.3286,26644279
2008-07-17,48.463,48.5119,47.4852,48.0766,48.0766,20060283
2008-07-18,48.0118,48.3511,47.8726,48.0676,48.0676,18206512
2008-07-21,48.1805,48.1805,47.4852,47.5656,47.5656,15911316
2008-07-22,47.5656,48.3728,47.4979,48.1884,48.1884,21942443
2008-07-23,48.4198,48.4403,47.9246,48.3865,48.3865,14470029
2008-07-24,48.3785,49.0817,47.9932,48.661,48.661,23341893
2008-07-25,48.7669,49.0493,48.5904,48.9239,48.9239,14821567
2008-07-28,48.8385,48.8945,48.4924,48.5345,48.5345,13847577
2008-07-29,48.5826,48.9013,48.4051,48.5345,48.5345,18359867
2008-07-30,48.6885,48.6885,47.9884,48.2521,48.2521,19080691
2008-07-31,48.0511,48.9405,48.0452,48.5266,48.5266,19467104
2008-08-01,48.5472,48.7611,48.1423,48.2629,48.2629,12772471
2008-08-04,48.3217,49.1994,48.1717,48.8856,48.8856,19301495
2008-08-05,49.1219,49.9663,48.9945,49.929,49.929,28471900
2008-08-06,49.8574,50.6655,49.6661,50.3694,50.3694,26426719
2008-08-07,50.0154,50.3899,49.6162,50.0712,50.0712,20009036
2008-08-08,50.1575,50.8018,49.879,50.7096,50.7096,17032071
2008-08-11,50.5125,50.9577,50.3841,50.79,50.79,14436504
2008-08-12,50.6547,50.938,50.5262,50.8165,50.8165,12270917
2008-08-13,50.7959,50.9166,50.3203,50.4625,50.4625,14957089
2008-08-14,50.4625,50.8842,50.0634,50.4536,50.4536,13347017
2008-08-15,50.1928,50.6076,50.1575,50.5527,50.5527,15225483
2008-08-18,50.7508,50.7508,50.1791,50.3841,50.3841,13892890
2008-08-19,50.0712,50.589,50.0712,50.4252,50.4252,12886566
2008-08-20,50.4468,50.7096,50.0311,50.3781,50.3781,14502450
2008-08-21,50.0929,50.7027,49.9741,50.5204,50.5204,11062075
2008-08-22,50.3556,50.8018,50.1928,50.6154,50.6154,10889380
2008-08-25,50.4968,50.5674,50.0007,50.1791,50.1791,11576987
2008-08-26,50.1203,50.334,49.7859,50.1133,50.1133,9086123
2008-08-27,50.1203,50.5968,49.8338,50.4683,50.4683,11851133
2008-08-28,50.6586,50.8096,50.4389,50.6076,50.6076,11496782
2008-08-29,50.4468,50.6027,49.9094,49.9162,49.9162,14629351
2008-09-02,50.3841,51.0999,50.1575,50.8391,50.8391,21337226
2008-09-03,50.7959,50.9577,50.538,50.6812,50.6812,13889935
2008-09-04,50.6655,50.6655,49.8947,49.929,49.929,19296735
2008-09-05,49.8859,50.3694,49.8338,50.0849,50.0849,15164994
2008-09-08,50.4625,51.297,50.1791,51.1862,51.1862,21484668
2008-09-09,50.9637,51.5668,50.5606,50.5606,50.5606,26878988
2008-09-10,50.7812,51.0362,50.334,50.4821,50.4821,17793700
2008-09-11,50.4821,50.7096,49.8418,50.4331,50.4331,22188510
2008-09-12,50.3614,50.938,49.8251,50.0311,50.0311,21363794
2008-09-15,49.5563,50.2418,49.3348,49.3348,49.3348,29582713
2008-09-16,49.3435,49.9663,49.2583,49.4681,49.4681,32536701
2008-09-17,49.4622,50.3203,49.2641,49.2641,49.2641,33967804
2008-09-18,49.7516,50.284,49.0426,50.2712,50.2712,41313147
2008-09-19,50.9224,51.5177,49.0493,49.6054,49.6054,38725706
2008-09-22,49.4897,50.1133,48.4051,48.4864,48.4864,22671197
2008-09-23,48.6767,48.9748,48.2373,48.2992,48.2992,19239103
2008-09-24,48.3728,48.9013,47.8726,48.3286,48.3286,17592413
2008-09-25,48.5826,49.5907,48.5198,49.1563,49.1563,20568492
2008-09-26,48.7395,49.4337,48.7179,49.1837,49.1837,18462255
2008-09-29,48.7669,49.5122,47.4127,47.4127,47.4127,35209511
2008-09-30,47.8402,49.2436,47.7744,49.1043,49.1043,27641499
2008-10-01,48.9543,48.9543,47.6852,48.0452,48.0452,36045520
2008-10-02,48.1628,48.3785,47.9481,48.0452,48.0452,43595533
2008-10-03,48.1942,48.455,46.8468,46.889,46.889,35861852
2008-10-06,46.0937,46.8057,44.1481,45.7132,45.7132,47227777
2008-10-07,46.1457,46.5272,44.0157,44.2873,44.2873,34105613
2008-10-08,43.6872,45.2611,43.3175,44.1941,44.1941,53489371
2008-10-09,44.3951,44.762,40.8079,40.8079,40.8079,47137366
2008-10-10,39.2635,41.815,36.8942,39.5841,39.5841,70654721
2008-10-13,41.4307,44.5069,41.0688,44.4247,44.4247,45906745
2008-10-14,44.6521,47.8255,44.6521,45.3582,45.3582,53733091
2008-10-15,45.5769,45.8966,42.5958,42.9066,42.9066,35361198
2008-10-16,43.0477,45.3425,41.3267,45.0052,45.0052,48817797
2008-10-17,44.6128,46.0653,43.9696,44.402,44.402,35632929
2008-10-20,44.963,45.7357,44.046,45.67,45.67,25446878
2008-10-21,45.1523,45.9995,44.911,45.1179,45.1179,19813487
2008-10-22,44.1342,44.7198,42.7006,43.5322,43.5322,32910575
2008-10-23,43.8273,44.7473,42.6653,44.2598,44.2598,33144051
2008-10-24,41.815,44.2873,41.5601,43.0831,43.0831,32638715
2008-10-27,42.8134,44.4304,42.5958,42.6289,42.6289,29727338
2008-10-28,43.5439,45.7132,42.9271,45.4926,45.4926,38839469
2008-10-29,44.911,44.911,42.5507,43.6057,43.6057,40946618
2008-10-30,44.1883,44.4726,42.2976,42.9271,42.9271,33340088
2008-10-31,43.1194,43.6872,42.4054,43.4714,43.4714,27915973
2008-11-03,43.5803,43.8097,42.9194,43.3439,43.3439,16715600
2008-11-04,43.8186,44.0588,43.4537,43.8647,43.8647,20664252
2008-11-05,43.7655,43.7655,42.3329,42.4162,42.4162,27871357
2008-11-06,42.3329,42.7517,40.7521,41.0501,41.0501,32225475
2008-11-07,41.4307,42.8713,41.3032,42.679,42.679,22922378
2008-11-10,43.2312,43.4125,42.2251,42.533,42.533,18118531
2008-11-11,42.02,42.8055,41.1159,42.2014,42.2014,20307465
2008-11-12,41.6944,42.1966,40.8149,41.0501,41.0501,25940983
2008-11-13,41.3894,44.6589,40.6256,44.5777,44.5777,38525529
2008-11-14,43.5999,44.2962,42.2545,42.5594,42.5594,31095469
2008-11-17,41.6729,43.3047,41.567,42.0044,42.0044,23380679
2008-11-18,41.6562,43.2312,41.4307,43.1556,43.1556,29911306
2008-11-19,42.8359,43.6057,41.1159,41.1894,41.1894,38850147
2008-11-20,41.1081,41.4964,38.981,39.5547,39.5547,43805524
2008-11-21,40.0303,41.4689,38.62,41.3541,41.3541,43382567
2008-11-24,41.97,42.4456,41.0501,41.8925,41.8925,28936949
2008-11-25,42.5183,42.527,40.7227,41.6023,41.6023,30217542
2008-11-26,40.8363,41.4611,40.0587,41.2972,41.2972,26113909
2008-11-28,41.4385,41.6435,40.8433,41.516,41.516,10850264
2008-12-01,40.8648,40.9796,39.135,39.2124,39.2124,26592877
2008-12-02,39.7685,40.398,38.9446,40.2764,40.2764,22689689
2008-12-03,39.7439,41.1159,39.337,40.6256,40.6256,26499505
2008-12-04,40.6932,40.8296,39.3527,39.8165,39.8165,24062147
2008-12-05,39.59,41.3698,39.1594,41.2678,41.2678,23442070
2008-12-08,41.8651,42.3594,40.9295,41.6503,41.6503,23084250
2008-12-09,41.7798,41.815,40.7521,40.9716,40.9716,19442002
2008-12-10,41.6876,41.6876,40.2833,40.9659,40.9659,18527816
2008-12-11,40.6824,41.7033,40.4333,41.2825,41.2825,22509599
2008-12-12,40.5471,40.8511,39.9793,40.5735,40.5735,20811356
2008-12-15,40.9138,41.3827,40.3618,40.9716,40.9716,18283802
2008-12-16,41.4248,42.3437,40.8433,42.2408,42.2408,25277878
2008-12-17,41.8514,42.0897,41.3894,41.6562,41.6562,22057447
2008-12-18,42.2014,42.7006,41.4562,41.8063,41.8063,26540975
2008-12-19,42.2014,42.6289,41.4885,41.7033,41.7033,32636878
2008-12-22,41.9446,42.1966,41.1463,41.7641,41.7641,19975102
2008-12-23,41.9494,42.4789,41.516,41.5896,41.5896,14900504
2008-12-24,41.6729,41.7856,41.2885,41.5042,41.5042,5134759
2008-12-26,41.7033,42.0573,41.2502,41.5042,41.5042,5995255
2008-12-29,41.516,41.7298,40.6403,41.213,41.213,13912281
2008-12-30,41.4473,41.9357,41.2972,41.9357,41.9357,15350384
2008-12-31,41.9446,42.5594,41.8651,42.4054,42.4054,16819432
2009-01-02,42.6152,43.2312,41.8435,42.9869,42.9869,16422102
2009-01-05,42.8202,43.0674,42.0701,42.5594,42.5594,21926447
2009-01-06,42.7585,42.8359,41.7445,42.3044,42.3044,31180650
2009-01-07,41.9837,42.3995,41.6356,41.9072,41.9072,20110393
2009-01-08,42.2829,42.4456,41.5523,41.8307,41.8307,24473823
2009-01-09,41.9152,42.2014,41.4964,41.8514,41.8514,20738927
2009-01-12,41.871,42.1044,41.213,41.3453,41.3453,21514064
2009-01-13,41.5297,41.9005,41.3777,41.7033,41.7033,21889042
2009-01-14,41.4964,41.5229,40.6677,41.0688,41.0688,23574401
2009-01-15,41.1708,41.2502,39.6969,40.8363,40.8363,28760513
2009-01-16,41.1542,41.1542,40.1343,40.7098,40.7098,29267712
2009-01-20,40.0528,41.1276,40.044,40.2225,40.2225,32409319
2009-01-21,40.8149,40.8149,39.0448,39.944,39.944,31469933
2009-01-22,39.9489,40.3765,39.4125,40.3068,40.3068,27014071
2009-01-23,39.7949,39.9645,39.0505,39.3585,39.3585,23567870
2009-01-26,39.8293,40.3618,39.5478,40.0793,40.0793,23065865
2009-01-27,40.2911,40.9208,40.0528,40.7815,40.7815,20830426
2009-01-28,41.2678,41.6356,41.0344,41.5042,41.5042,25530840
2009-01-29,41.2287,41.6503,40.858,41.3032,41.3032,22528927
2009-01-30,41.2364,41.3827,40.5735,40.8874,40.8874,19491106
2009-02-02,40.5735,41.2041,40.3411,40.8874,40.8874,15372994
2009-02-03,41.1542,41.6807,40.5598,41.516,41.516,18561466
2009-02-04,41.6111,41.9072,40.8717,41.0776,41.0776,16128161
2009-02-05,41.0551,41.4885,40.3892,41.1816,41.1816,20822128
2009-02-06,41.2885,41.619,40.9659,41.4689,41.4689,16167861
2009-02-09,41.4307,41.6023,41.0776,41.4611,41.4611,13202411
2009-02-10,41.0943,41.4611,40.1107,40.2058,40.2058,23413262
2009-02-11,40.3147,40.6609,40.0637,40.6323,40.6323,20716275
2009-02-12,40.3411,40.9992,39.7439,40.9522,40.9522,20344003
2009-02-13,40.9021,40.9659,40.2617,40.4676,40.4676,17711388
2009-02-17,39.7361,40.2489,39.4958,39.6743,39.6743,21495553
2009-02-18,39.4762,39.8714,39.2772,39.5684,39.5684,21894090
2009-02-19,39.8714,40.044,39.4272,39.6409,39.6409,17204025
2009-02-20,38.9887,39.3153,38.6604,38.7309,38.7309,34465829
2009-02-23,38.3916,39.0448,37.9739,38.0239,38.0239,28914046
2009-02-24,38.6975,38.8163,38.1583,38.6514,38.6514,26580461
2009-02-25,38.4975,38.8104,37.9808,38.2426,38.2426,29574583
2009-02-26,38.62,38.62,37.0677,37.1668,37.1668,30031852
2009-02-27,36.5646,36.8539,35.3938,35.435,35.435,42138112
2009-03-02,34.7524,35.0339,33.9051,33.965,33.965,39369350
2009-03-03,34.0022,34.3964,33.5492,33.762,33.762,36620387
2009-03-04,33.8609,34.9878,33.5874,34.7965,34.7965,34221579
2009-03-05,34.2415,34.4493,33.6001,33.7874,33.7874,31460681
2009-03-06,33.7346,34.4346,33.3177,33.9944,33.9944,27091886
2009-03-09,33.6364,33.8415,32.7803,33.0284,33.0284,32882644
2009-03-10,33.4736,33.9277,33.2579,33.8609,33.8609,30876965
2009-03-11,34.1718,34.5367,33.7129,33.9493,33.9493,23378854
2009-03-12,33.8228,34.9544,33.5433,34.7289,34.7289,23051238
2009-03-13,35.2113,35.9939,34.9054,35.8909,35.8909,23294621
2009-03-16,36.2381,36.5078,35.8988,35.9537,35.9537,23226317
2009-03-17,35.9322,35.9939,35.0535,35.9478,35.9478,24446034
2009-03-18,35.9253,36.5578,35.6144,35.9056,35.9056,23610285
2009-03-19,36.2607,36.2607,35.077,35.4811,35.4811,26757977
2009-03-20,36.2096,36.8539,36.0685,36.6186,36.6186,38932909
2009-03-23,37.1227,37.7248,36.6186,37.7248,37.7248,26559144
2009-03-24,37.5561,37.9886,37.0746,37.3501,37.3501,24118778
2009-03-25,37.5482,37.7542,36.8598,37.463,37.463,22324462
2009-03-26,37.6199,38.0582,37.0305,37.4943,37.4943,20577283
2009-03-27,37.3444,37.7699,37.2423,37.4413,37.4413,15934948
2009-03-30,37.2355,37.8876,37.1099,37.5688,37.5688,22213109
2009-03-31,37.818,37.917,37.1413,37.2766,37.2766,26127554
2009-04-01,37.0677,37.7041,36.7667,37.5895,37.5895,19362125
2009-04-02,37.7699,38.3632,37.3227,37.5414,37.5414,24577632
2009-04-03,37.562,37.7757,36.6765,36.9609,36.9609,21437141
2009-04-06,36.8745,37.2355,36.6186,36.9941,36.9941,18007798
2009-04-07,36.7755,36.8539,36.344,36.4008,36.4008,18525847
2009-04-08,36.5284,36.7608,36.2861,36.4636,36.4636,15428720
2009-04-09,36.8461,36.8942,36.2165,36.4352,36.4352,21242454
2009-04-13,36.3362,36.5431,36.146,36.2528,36.2528,17015958
2009-04-14,36.8461,37.1825,36.294,36.4087,36.4087,29303572
2009-04-15,36.7059,36.9099,36.394,36.6932,36.6932,16219807
2009-04-16,36.7902,37.0834,36.5352,36.9941,36.9941,17229892
2009-04-17,37.2109,37.8238,37.0305,37.5963,37.5963,24962000
2009-04-20,37.6827,37.9091,37.0962,37.1904,37.1904,21599942
2009-04-21,37.2423,37.4777,36.8539,37.1825,37.1825,17265378
2009-04-22,36.9266,36.9609,36.2234,36.2724,36.2724,18823710
2009-04-23,36.4147,36.5078,35.6575,36.4284,36.4284,20552576
2009-04-24,36.6843,36.7383,35.8909,36.0881,36.0881,20823865
2009-04-27,36.3734,36.649,35.8822,36.0468,36.0468,18420908
2009-04-28,35.99,36.344,35.7262,35.8988,35.8988,17043516
2009-04-29,36.1802,36.2096,35.5222,36.1665,36.1665,26073645
2009-04-30,36.4783,37.2854,36.394,37.1099,37.1099,28173566
2009-05-01,37.2295,37.2687,36.6186,37.2687,37.2687,17625843
2009-05-04,37.2854,38.2024,37.2766,38.0994,38.0994,21327282
2009-05-05,38.0925,38.5564,37.8797,38.527,38.527,18783831
2009-05-06,38.8025,38.8025,37.9739,38.421,38.421,23445486
2009-05-07,38.1877,38.981,37.9454,38.9015,38.9015,21240248
2009-05-08,39.033,39.337,38.7672,38.9653,38.9653,18385635
2009-05-11,38.6671,38.8878,38.269,38.3495,38.3495,18397357
2009-05-12,38.6123,39.1006,38.2024,38.981,38.981,16627768
2009-05-13,38.7672,39.2929,38.6338,39.0839,39.0839,15481577
2009-05-14,39.2075,39.2635,38.8104,38.9937,38.9937,16912263
2009-05-15,38.981,39.2929,38.775,39.2712,39.2712,23126718
2009-05-18,39.5478,39.7763,39.135,39.7244,39.7244,18147550
2009-05-19,39.8361,39.8361,39.4762,39.6095,39.6095,18837055
2009-05-20,39.845,40.0303,39.5478,39.5978,39.5978,19361196
2009-05-21,39.2839,39.3899,38.5887,38.9731,38.9731,17573589
2009-05-22,39.0505,39.2929,38.7182,38.8163,38.8163,10470343
2009-05-26,38.7613,39.2772,38.3563,39.1663,39.1663,16069564
2009-05-27,39.2929,39.337,38.3847,38.4279,38.4279,17609319
2009-05-28,38.4485,38.9242,38.1748,38.6467,38.6467,15366115
2009-05-29,38.6908,39.1801,38.269,39.0918,39.0918,17603449
2009-06-01,39.5086,39.7244,39.1741,39.5321,39.5321,17524126
2009-06-02,39.7244,40.0303,39.4193,39.8361,39.8361,14455048
2009-06-03,39.6028,39.9038,39.4497,39.8018,39.8018,15789909
2009-06-04,39.944,39.9724,39.3153,39.5753,39.5753,17230604
2009-06-05,39.5547,39.8293,39.0771,39.6409,39.6409,14413334
2009-06-08,39.4919,39.79,39.0918,39.4272,39.4272,13933514
2009-06-09,39.7097,39.8655,39.4419,39.4762,39.4762,15748049
2009-06-10,39.7037,39.8655,39.135,39.4497,39.4497,18400717
2009-06-11,39.4419,40.0303,39.4125,39.7244,39.7244,17983370
2009-06-12,39.6028,40.0715,39.4919,39.7312,39.7312,16745248
2009-06-15,39.5753,39.6743,38.6514,38.8025,38.8025,20810088
2009-06-16,38.9887,39.2075,38.6908,38.7113,38.7113,17787661
2009-06-17,38.7525,39.3527,38.6604,39.1203,39.1203,18387074
2009-06-18,39.2408,39.8096,38.9887,39.54,39.54,17033110
2009-06-19,39.9038,40.148,39.6272,39.7518,39.7518,27265718
2009-06-22,39.5978,39.6596,39.2488,39.329,39.329,18648763
2009-06-23,39.3585,39.3968,38.9162,38.9887,38.9887,17490989
2009-06-24,39.1663,39.5684,39.0084,39.3066,39.3066,17556226
2009-06-25,39.1987,39.9989,39.0644,39.8783,39.8783,20034405
2009-06-26,39.8361,40.1107,39.4419,40.1107,40.1107,45640948
2009-06-29,40.1195,40.398,39.7097,40.3686,40.3686,19461162
2009-06-30,40.5598,40.5598,39.8528,40.2559,40.2559,22432691
2009-07-01,40.2696,40.5255,39.9645,40.449,40.449,21613260
2009-07-02,40.2058,40.2058,39.6518,39.6743,39.6743,21282297
2009-07-06,39.7685,40.2265,39.485,40.1273,40.1273,18163392
2009-07-07,40.1195,40.1911,39.7832,39.8528,39.8528,13650367
2009-07-08,40.0058,40.555,39.8528,40.4559,40.4559,21700761
2009-07-09,40.4676,40.5735,39.894,40.1804,40.1804,15949053
2009-07-10,39.9303,40.6677,39.8655,40.3461,40.3461,19276384
2009-07-13,40.3353,41.006,40.2342,40.909,40.909,19085249
2009-07-14,41.1081,41.6111,40.7098,41.2678,41.2678,28784119
2009-07-15,41.4307,41.815,41.262,41.7856,41.7856,18257847
2009-07-16,41.7709,42.3113,41.6876,41.9926,41.9926,16134729
2009-07-17,42.2094,42.2094,41.6307,41.9769,41.9769,15959471
2009-07-20,42.1396,42.1396,41.6307,41.8592,41.8592,12979923
2009-07-21,42.0494,42.4535,41.6876,42.1642,42.1642,15834728
2009-07-22,42.1338,42.4054,41.7798,41.9494,41.9494,13204682
2009-07-23,41.9994,42.7712,41.8848,42.679,42.679,17606903
2009-07-24,42.7084,43.6715,42.679,43.592,43.592,16104075
2009-07-27,43.5803,43.7214,42.9625,43.4243,43.4243,11199824
2009-07-28,43.2537,43.6361,42.9468,43.1752,43.1752,12734708
2009-07-29,43.0477,43.5439,43.0125,43.3439,43.3439,14660794
2009-07-30,43.7019,44.2725,43.5999,43.7921,43.7921,17785571
2009-07-31,43.8186,44.0588,43.0752,43.1556,43.1556,18662337
2009-08-03,43.3439,43.3655,42.8282,43.3047,43.3047,15771560
2009-08-04,43.1488,43.337,42.9987,43.2753,43.2753,12566749
2009-08-05,43.3655,43.3968,42.731,42.8439,42.8439,12099313
2009-08-06,42.9987,42.9987,42.3113,42.4732,42.4732,15288482
2009-08-07,42.4946,42.8282,42.4162,42.4535,42.4535,14074254
2009-08-10,42.5801,43.033,42.2014,43.033,43.033,13395942
2009-08-11,43.0056,43.1752,42.6289,42.679,42.679,11714106
2009-08-12,42.7084,43.2684,42.5447,42.9418,42.9418,11597565
2009-08-13,43.0125,43.0125,42.5594,42.7517,42.7517,11764969
2009-08-14,42.8202,43.0193,42.2702,42.5801,42.5801,12643042
2009-08-17,42.2408,42.6653,42.2328,42.3995,42.3995,18219198
2009-08-18,42.4869,42.4869,42.172,42.3838,42.3838,12420089
2009-08-19,42.3594,42.8713,42.2976,42.7849,42.7849,14756995
2009-08-20,42.9134,43.3655,42.6506,43.1959,43.1959,14005829
2009-08-21,43.2978,43.5322,42.9555,43.2537,43.2537,17769521
2009-08-24,43.3596,43.4302,43.0125,43.4302,43.4302,14762133
2009-08-25,43.2478,43.5803,43.1272,43.3302,43.3302,15249949
2009-08-26,43.4185,43.4783,42.885,42.9712,42.9712,15294746
2009-08-27,42.9271,43.0399,42.4869,42.8713,42.8713,15560062
2009-08-28,43.0546,43.0546,42.5664,42.731,42.731,15366552
2009-08-31,42.5507,42.9418,42.4946,42.8359,42.8359,14356189
2009-09-01,42.7712,43.0546,42.2545,42.4789,42.4789,16750749
2009-09-02,42.2907,42.5397,42.1476,42.3524,42.3524,11540965
2009-09-03,42.4114,42.4114,42.0132,42.3044,42.3044,12152973
2009-09-04,42.325,42.7712,42.2632,42.7517,42.7517,10436793
2009-09-08,43.0674,43.0674,42.5183,42.9271,42.9271,12388070
2009-09-09,43.0752,43.3253,42.9929,43.1752,43.1752,13098319
2009-09-10,43.2606,43.2684,42.8202,42.9929,42.9929,12438780
2009-09-11,43.0193,43.1556,42.6869,42.8202,42.8202,11946390
2009-09-14,42.8202,43.0399,42.6722,42.7644,42.7644,9250902
2009-09-15,42.8987,42.8987,42.3917,42.6289,42.6289,11720823
2009-09-16,42.7438,42.7712,42.3387,42.6575,42.6575,15206016
2009-09-17,42.6653,43.1615,42.6438,43.0674,43.0674,17279753
2009-09-18,43.2606,43.4125,43.0281,43.0752,43.0752,20407682
2009-09-21,42.8439,43.1556,42.8202,42.9987,42.9987,10212409
2009-09-22,43.1409,43.3517,42.7712,43.29,43.29,14100966
2009-09-23,43.3439,43.4302,43.0193,43.0674,43.0674,15768165
2009-09-24,43.1556,43.2312,42.9418,43.033,43.033,13108931
2009-09-25,42.9271,43.2036,42.8713,42.9625,42.9625,11123508
2009-09-28,43.0193,43.6126,42.8439,43.4243,43.4243,12305144
2009-09-29,43.4302,43.5322,43.1488,43.1821,43.1821,10639911
2009-09-30,43.2478,43.2978,42.7585,43.1556,43.1556,15552701
2009-10-01,43.1821,43.1821,42.3594,42.3917,42.3917,17067639
2009-10-02,42.3995,42.6653,42.1122,42.3329,42.3329,12875682
2009-10-05,42.3838,42.4732,42.1279,42.3995,42.3995,10037058
2009-10-06,42.5801,42.9066,42.0573,42.731,42.731,16583599
2009-10-07,42.6438,43.0674,42.4946,43.0281,43.0281,10244773
2009-10-08,43.2831,43.4302,43.1488,43.1889,43.1889,12976658
2009-10-09,43.0978,43.7568,43.0978,43.7568,43.7568,12972105
2009-10-12,43.8647,44.4648,43.85,44.3168,44.3168,17712728
2009-10-13,43.1752,43.5165,42.9712,43.239,43.239,33074475
2009-10-14,43.3812,43.4047,42.6202,42.9134,42.9134,26694712
2009-10-15,42.8282,43.1889,42.731,43.1889,43.1889,19817046
2009-10-16,42.9271,43.0281,42.7006,42.8516,42.8516,19594961
2009-10-19,42.9555,43.5675,42.8202,43.3439,43.3439,16106527
2009-10-20,43.4537,43.6518,42.885,42.9418,42.9418,22149644
2009-10-21,42.9468,43.29,42.7221,42.7438,42.7438,17679335
2009-10-22,42.6289,43.4047,42.5507,43.1889,43.1889,14005993
2009-10-23,43.1341,43.2684,42.6075,42.9066,42.9066,15121507
2009-10-26,43.0125,43.1821,42.4946,42.5888,42.5888,16662442
2009-10-27,42.7378,42.8055,42.4789,42.5397,42.5397,14490044
2009-10-28,42.5397,42.5958,42.172,42.2171,42.2171,19523678
2009-10-29,42.3995,42.5397,42.179,42.4221,42.4221,19745971
2009-10-30,42.3191,42.4378,41.6562,41.8514,41.8514,29583555
2009-11-02,41.9229,42.429,41.7524,42.1642,42.1642,17309304
2009-11-03,42.5507,42.5507,41.6729,41.7641,41.7641,24170747
2009-11-04,41.9072,42.5664,41.7916,42.1857,42.1857,19653031
2009-11-05,42.3917,42.6653,42.2976,42.5103,42.5103,12914998
2009-11-06,42.4789,42.7644,42.2171,42.7378,42.7378,11997746
2009-11-09,42.8202,43.0546,42.731,43.0546,43.0546,16588636
2009-11-10,43.0477,43.5087,42.9468,43.3968,43.3968,16527393
2009-11-11,43.1615,43.2831,42.9869,43.1409,43.1409,15773639
2009-11-12,42.9802,43.5391,42.9625,43.337,43.337,19176639
2009-11-13,43.2978,43.644,43.2606,43.5391,43.5391,13991028
2009-11-16,43.5528,44.1883,43.5234,44.0735,44.0735,19362499
2009-11-17,43.9127,44.255,43.7921,44.0588,44.0588,16115294
2009-11-18,43.9941,44.2873,43.9058,44.1676,44.1676,16242585
2009-11-19,44.1108,44.2873,43.6872,44.2471,44.2471,18756685
2009-11-20,43.8097,44.3814,43.7411,44.1609,44.1609,22997836
2009-11-23,44.2873,44.7198,44.2402,44.4304,44.4304,19560003
2009-11-24,44.5991,44.9355,44.402,44.7787,44.7787,13623762
2009-11-25,44.9198,44.963,44.5991,44.8609,44.8609,10124452
2009-11-27,44.3079,44.7129,43.946,44.5697,44.5697,8580293
2009-11-30,44.4942,44.6355,44.1108,44.5393,44.5393,15259889
2009-12-01,44.6128,45.1179,44.6128,45.011,45.011,17358131
2009-12-02,45.011,45.5298,44.963,45.2748,45.2748,15350279
2009-12-03,45.3944,45.878,45.269,45.4729,45.4729,17536807
2009-12-04,45.8848,46.2663,45.4729,45.6131,45.6131,21137277
2009-12-07,45.6975,45.8966,45.4926,45.621,45.621,12839170
2009-12-08,45.7132,45.8112,45.3091,45.5357,45.5357,15606739
2009-12-09,45.6425,45.6425,45.3807,45.6288,45.6288,12547377
2009-12-10,45.8192,46.0653,45.6357,45.9064,45.9064,12450607
2009-12-11,45.8848,46.1819,45.87,45.9594,45.9594,10150999
2009-12-14,46.2074,46.3575,45.9594,46.0407,46.0407,11437776
2009-12-15,45.878,45.924,45.6779,45.8848,45.8848,15122549
2009-12-16,46.0329,46.1251,45.8907,45.924,45.924,18760240
2009-12-17,45.67,45.9113,45.5093,45.6916,45.6916,14207795
2009-12-18,45.8907,45.8907,45.2944,45.621,45.621,31282003
2009-12-21,45.8112,46.0653,45.521,45.5935,45.5935,15691076
2009-12-22,45.5769,45.9299,45.5769,45.7357,45.7357,10029440
2009-12-23,45.7427,45.9534,45.7427,45.7621,45.7621,8974374
2009-12-24,45.8495,45.9534,45.7279,45.8573,45.8573,3434087
2009-12-28,45.9995,46.0593,45.9064,46.026,46.026,8015562
2009-12-29,46.1328,46.3506,46.0113,46.026,46.026,9393487
2009-12-30,45.9113,46.0858,45.7357,46.0055,46.0055,7904105
2009-12-31,46.1535,46.1535,45.5935,45.6504,45.6504,9774740
2010-01-04,45.8623,46.0593,45.6504,45.8416,45.8416,13380765
2010-01-05,45.7701,45.7945,45.2316,45.3091,45.3091,14978227
2010-01-06,45.2885,45.7427,45.2386,45.6779,45.6779,18540801
2010-01-07,45.5357,45.6063,45.1728,45.3493,45.3493,15332952
2010-01-08,45.3013,45.5425,45.0963,45.5093,45.5093,11113076
2010-01-11,45.8907,45.8907,45.367,45.5151,45.5151,11253389
2010-01-12,45.4494,45.87,45.367,45.7544,45.7544,15229826
2010-01-13,45.7427,46.229,45.7427,46.0476,46.0476,18328210
2010-01-14,46.2074,46.2516,45.8907,46.1398,46.1398,11078558
2010-01-15,46.1682,46.2074,45.3425,45.7544,45.7544,29622925
2010-01-19,45.4562,46.5977,45.4356,46.3153,46.3153,21412478
2010-01-20,46.3996,46.7399,45.6916,46.1742,46.1742,18378402
2010-01-21,46.1181,46.3996,45.214,45.3366,45.3366,20345476
2010-01-22,45.2944,45.4926,44.7129,44.7934,44.7934,19743748
2010-01-25,45.1247,45.1454,44.6865,44.8081,44.8081,14112093
2010-01-26,44.3951,44.6589,44.0971,44.4992,44.4992,22021991
2010-01-27,44.5069,45.1591,44.4364,44.963,44.963,21125281
2010-01-28,45.0542,45.4101,44.6796,45.214,45.214,24102270
2010-01-29,45.5151,45.5504,44.5236,44.553,44.553,25124456
2010-02-01,44.8355,44.8355,44.4865,44.7129,44.7129,14287241
2010-02-02,44.7934,45.4926,44.3873,45.3493,45.3493,19147364
2010-02-03,45.2386,45.269,44.8552,45.0963,45.0963,13041020
2010-02-04,44.9973,45.0885,44.3814,44.3951,44.3951,25912651
2010-02-05,44.4304,45.0748,43.8647,44.3951,44.3951,23653944
2010-02-08,44.2962,44.6355,44.1285,44.203,44.203,14202170
2010-02-09,44.3305,44.9836,44.2725,44.4805,44.4805,16003728
2010-02-10,44.4992,44.7002,44.0892,44.4569,44.4569,14273130
2010-02-11,44.3814,44.8001,44.1285,44.5854,44.5854,11786355
2010-02-12,44.3756,44.6521,44.0216,44.4511,44.4511,17373996
2010-02-16,44.8287,45.1523,44.5236,45.0806,45.0806,14388984
2010-02-17,45.0963,45.6131,45.0806,45.3425,45.3425,13283384
2010-02-18,45.3425,45.8573,45.3209,45.7357,45.7357,11627984
2010-02-19,45.4641,45.6848,45.0885,45.2229,45.2229,20067234
2010-02-22,45.2229,45.4288,44.9277,44.9973,44.9973,13864103
2010-02-23,45.0463,45.2543,44.8158,44.8679,44.8679,17600832
2010-02-24,45.0404,45.2543,44.8287,44.9688,44.9688,12014933
2010-02-25,44.4992,44.8953,44.3079,44.8482,44.8482,14848432
2010-02-26,44.9758,45.0689,44.6521,44.6521,44.6521,13177215
2010-03-01,44.8424,44.9758,44.7707,44.9277,44.9277,12991140
2010-03-02,44.8679,45.1032,44.6668,44.963,44.963,12718428
2010-03-03,45.0689,45.1817,44.8081,44.9355,44.9355,13177327
2010-03-04,45.0238,45.1454,44.911,45.0542,45.0542,11368207
2010-03-05,45.1179,45.4101,45.0404,45.3876,45.3876,14974167
2010-03-08,45.4171,45.6504,45.3729,45.5013,45.5013,13217483
2010-03-09,45.7474,45.7474,45.4239,45.5504,45.5504,12453897
2010-03-10,45.7053,45.7544,45.4641,45.5641,45.5641,11898420
2010-03-11,45.4641,45.5151,45.0748,45.5151,45.5151,14050509
2010-03-12,45.5425,45.5425,45.2543,45.4866,45.4866,11593426
2010-03-15,45.4562,45.7621,45.4101,45.7621,45.7621,10504295
2010-03-16,45.8573,45.87,45.521,45.7357,45.7357,12540694
2010-03-17,45.87,45.8848,45.6975,45.8192,45.8192,11373388
2010-03-18,45.7701,46.1742,45.621,46.1104,46.1104,16567714
2010-03-19,46.2437,46.4143,45.9299,46.1457,46.1457,32618249
2010-03-22,46.1612,46.379,46.0535,46.1398,46.1398,12421955
2010-03-23,46.1946,46.3438,45.9741,46.3222,46.3222,13339206
2010-03-24,46.2868,46.2868,45.8907,45.8907,45.8907,13194288
2010-03-25,46.0937,46.2437,45.7357,45.7621,45.7621,14810682
2010-03-26,45.8416,45.87,45.5935,45.6288,45.6288,13334186
2010-03-29,45.6848,46.0202,45.6425,45.9368,45.9368,10725934
2010-03-30,46.0329,46.0535,45.7544,45.9995,45.9995,11727392
2010-03-31,45.9534,46.2868,45.8573,46.2074,46.2074,16721288
2010-04-01,46.3301,46.6124,46.2369,46.6124,46.6124,14879389
2010-04-05,46.6124,46.6997,46.3378,46.3506,46.3506,12124233
2010-04-06,46.1612,46.379,46.0653,46.2868,46.2868,11591253
2010-04-07,46.2369,46.4143,46.1251,46.2222,46.2222,13255860
2010-04-08,46.1996,46.1996,45.9064,46.0202,46.0202,12616144
2010-04-09,45.9828,46.1889,45.9113,46.1682,46.1682,9821716
2010-04-12,46.1535,46.2143,46.0202,46.1457,46.1457,12264382
2010-04-13,46.1104,46.6693,46.0055,46.5486,46.5486,17553193
2010-04-14,46.3702,46.4948,46.1946,46.4143,46.4143,14585050
2010-04-15,46.2751,46.4507,46.1612,46.428,46.428,12210014
2010-04-16,46.3094,46.5272,45.9917,46.08,46.08,22163642
2010-04-19,46.1104,46.8468,46.1104,46.7977,46.7977,20575712
2010-04-20,46.8752,46.9184,46.585,46.7703,46.7703,16690793
2010-04-21,46.7625,46.7625,46.1181,46.3438,46.3438,18666233
2010-04-22,46.1946,46.2369,45.5935,45.9113,45.9113,27529224
2010-04-23,45.8623,46.0957,45.5906,46.0957,46.0957,16391009
2010-04-26,46.0858,46.2074,45.87,45.8966,45.8966,0
2010-04-27,45.7621,45.9828,45.5093,45.5563,45.5563,16675237
2010-04-28,45.6622,45.9662,45.5357,45.7945,45.7945,17556797
2010-04-29,46.026,46.3094,45.9594,46.072,46.072,11134862
2010-04-30,46.1612,46.3094,45.572,45.572,45.572,20013033
2010-05-03,46.1819,46.5065,45.7427,46.3015,46.3015,21374448
2010-05-04,46.1181,46.2663,45.6504,45.8573,45.8573,20945894
2010-05-05,45.7544,46.2751,45.67,46.1682,46.1682,18478843
2010-05-06,46.0937,46.1398,42.5447,44.9355,44.9355,34265198
2010-05-07,44.8355,45.0748,44.0078,44.8679,44.8679,28879609
2010-05-10,46.0055,46.3222,45.3582,45.8907,45.8907,25868438
2010-05-11,45.521,46.1328,45.4866,45.8329,45.8329,15329449
2010-05-12,45.9594,46.1014,45.7053,45.9995,45.9995,15554700
2010-05-13,45.9534,46.1819,45.721,45.8329,45.8329,17369338
2010-05-14,45.8623,45.9191,44.9424,45.3366,45.3366,17539017
2010-05-17,45.4023,45.5298,44.7934,45.2748,45.2748,14462729
2010-05-18,44.963,45.0463,44.5473,44.6266,44.6266,25952936
2010-05-19,44.4304,44.6188,43.9765,44.0971,44.0971,26484097
2010-05-20,43.8097,43.8273,42.9134,42.9134,42.9134,33817467
2010-05-21,42.3838,43.2036,42.179,43.1488,43.1488,30720469
2010-05-24,42.8919,43.5528,42.6722,42.9271,42.9271,19742802
2010-05-25,42.3191,42.8134,41.9229,42.7712,42.7712,29774560
2010-05-26,43.1125,43.1125,42.275,42.2829,42.2829,26608889
2010-05-27,42.3387,42.4456,41.6111,41.8367,41.8367,42164448
2010-05-28,41.619,41.9005,41.2434,41.3199,41.3199,37793503
2010-06-01,41.1973,42.1044,40.7863,41.6435,41.6435,27499934
2010-06-02,41.8651,42.3329,41.5954,42.3329,42.3329,21931394
2010-06-03,42.4456,42.6289,42.2014,42.3594,42.3594,20097051
2010-06-04,41.7856,41.8367,40.9345,41.1159,41.1159,30555132
2010-06-07,41.262,41.4964,41.1081,41.1081,41.1081,19532365
2010-06-08,41.213,41.6111,41.0139,41.5601,41.5601,21052783
2010-06-09,41.6807,41.7709,41.062,41.2287,41.2287,18546686
2010-06-10,41.7298,41.9072,41.3541,41.4611,41.4611,23943860
2010-06-11,41.213,41.4473,41.062,41.4307,41.4307,20743613
2010-06-14,41.6023,41.8848,41.3777,41.4022,41.4022,14822233
2010-06-15,41.7641,41.9299,41.4964,41.9152,41.9152,15651170
2010-06-16,41.9926,42.2251,41.6562,41.9837,41.9837,12121119
2010-06-17,42.0132,42.1279,41.567,41.9446,41.9446,16515642
2010-06-18,41.9446,42.02,41.7101,41.9446,41.9446,23758221
2010-06-21,42.172,42.3838,41.7592,41.9072,41.9072,16922735
2010-06-22,41.9926,42.5888,41.9005,41.9299,41.9299,19413289
2010-06-23,41.9926,42.1122,41.6111,41.9837,41.9837,17861895
2010-06-24,41.8367,42.4789,41.8367,42.2408,42.2408,25699764
2010-06-25,42.4221,42.429,41.5523,41.6023,41.6023,63281680
2010-06-28,41.822,42.375,41.6807,42.1338,42.1338,22314815
2010-06-29,41.8778,42.1122,41.5896,41.9837,41.9837,28542879
2010-06-30,41.8454,42.2485,41.7719,41.8611,41.8611,22296383
2010-07-01,41.8592,41.9926,41.567,41.8651,41.8651,25350093
2010-07-02,42.1122,42.2328,41.7101,41.871,41.871,14857319
2010-07-06,42.172,42.2408,41.5817,41.871,41.871,21795259
2010-07-07,42.0494,43.0193,41.8367,42.9555,42.9555,24378846
2010-07-08,43.1821,43.7499,42.9802,43.5008,43.5008,22314497
2010-07-09,43.2106,43.2831,42.7928,42.9066,42.9066,17102058
2010-07-12,42.8653,42.9066,42.5664,42.6722,42.6722,15218552
2010-07-13,42.9418,43.2036,42.8359,42.878,42.878,15377188
2010-07-14,42.6379,43.0056,42.5594,42.9625,42.9625,13642004
2010-07-15,42.9625,43.0546,42.4535,42.7084,42.7084,18096475
2010-07-16,42.527,42.6575,41.9926,42.1279,42.1279,24760063
2010-07-19,42.325,42.375,42.0779,42.2171,42.2171,14496496
2010-07-20,41.4964,41.6503,41.1081,41.516,41.516,31413879
2010-07-21,41.6729,41.6729,40.3068,40.4833,40.4833,36202110
2010-07-22,40.7021,40.8363,40.299,40.4128,40.4128,25345438
2010-07-23,40.5952,40.8511,40.398,40.8433,40.8433,21255442
2010-07-26,40.858,41.1159,40.7354,40.9208,40.9208,16613499
2010-07-27,41.0688,41.4169,40.8363,41.1766,41.1766,23926031
2010-07-28,41.2041,41.2825,40.858,40.9873,40.9873,19047252
2010-07-29,41.1766,41.2972,40.9021,40.9873,40.9873,18383613
2010-07-30,40.7815,41.362,40.5892,41.1708,41.1708,18310276
2010-08-02,41.4611,41.7298,41.3964,41.619,41.619,16114013
2010-08-03,41.6356,42.2408,41.6111,42.0641,42.0641,15296502
2010-08-04,42.0779,42.4732,41.9769,42.3387,42.3387,14774801
2010-08-05,42.275,42.4456,42.179,42.3524,42.3524,13547012
2010-08-06,42.1857,42.527,41.9926,42.4946,42.4946,12016913
2010-08-09,42.527,42.7006,42.375,42.5594,42.5594,9397173
2010-08-10,42.1044,42.3917,41.7445,42.1201,42.1201,19097079
2010-08-11,41.7592,41.7798,41.3199,41.4611,41.4611,16097714
2010-08-12,41.2208,41.6111,41.1766,41.4768,41.4768,11626945
2010-08-13,41.4562,41.4562,41.1463,41.213,41.213,12058875
2010-08-16,41.1031,41.1816,40.7275,41.1159,41.1159,12319237
2010-08-17,41.7916,42.1553,41.4611,41.97,41.97,18915108
2010-08-18,42.1476,42.3995,41.8367,42.0641,42.0641,14863657
2010-08-19,41.9446,41.9446,41.3894,41.619,41.619,16810998
2010-08-20,41.6023,41.7524,41.4562,41.6307,41.6307,15923036
2010-08-23,41.7975,42.0641,41.6807,41.7248,41.7248,12055000
2010-08-24,41.4611,41.5954,41.006,41.1159,41.1159,20944286
2010-08-25,41.1081,41.2502,40.9923,41.0943,41.0943,16477989
2010-08-26,41.2502,41.262,40.9522,40.9659,40.9659,18101256
2010-08-27,40.7168,41.0207,40.3892,40.8226,40.8226,16437866
2010-08-30,40.8226,40.9659,40.5805,40.6099,40.6099,13015922
2010-08-31,40.6471,40.7128,40.3951,40.4098,40.4098,20547802
2010-09-01,40.8717,41.362,40.7098,41.3119,41.3119,16287165
2010-09-02,41.4964,41.6641,41.3199,41.5385,41.5385,11400129
2010-09-03,41.7101,41.815,41.4611,41.7641,41.7641,10605681
2010-09-07,41.6807,41.7916,41.5523,41.6023,41.6023,7936791
2010-09-08,41.4022,41.8367,41.4022,41.7101,41.7101,11722768
2010-09-09,42.0897,42.5447,41.9994,42.3995,42.3995,19675488
2010-09-10,42.4789,42.527,42.3594,42.5103,42.5103,11791604
2010-09-13,42.5447,42.7928,42.4672,42.7517,42.7517,15076455
2010-09-14,42.8359,43.2106,42.7006,42.936,42.936,13967038
2010-09-15,42.9987,43.337,42.878,43.2684,43.2684,12821158
2010-09-16,43.2106,43.5087,43.0625,43.439,43.439,14757774
2010-09-17,43.6518,43.7411,43.3253,43.6361,43.6361,17255541
2010-09-20,43.693,44.1048,43.592,44.0078,44.0078,15508643
2010-09-21,43.8931,44.1048,43.7999,43.899,43.899,13282670
2010-09-22,43.9225,44.2962,43.8734,43.9186,43.9186,13192597
2010-09-23,43.6793,43.9392,43.6361,43.8059,43.8059,11816600
2010-09-24,43.9225,44.2264,43.8186,44.0383,44.0383,17805082
2010-09-27,44.0383,44.1676,43.8931,43.9617,43.9617,10829965
2010-09-28,43.9127,44.3687,43.7214,44.2471,44.2471,17119073
2010-09-29,44.0814,44.3305,44.0343,44.1609,44.1609,13531137
2010-09-30,44.2873,44.4374,43.6214,43.9098,43.9098,18010290
2010-10-01,43.9313,44.1195,43.6361,43.7655,43.7655,13763980
2010-10-04,43.6126,43.9225,43.4459,43.7077,43.7077,12280566
2010-10-05,44.0078,44.6061,43.946,44.5069,44.5069,17384042
2010-10-06,44.553,44.8355,44.2962,44.8001,44.8001,15939176
2010-10-07,44.8552,45.0052,44.6521,44.8081,44.8081,13865077
2010-10-08,44.8482,44.9277,44.6737,44.8158,44.8158,9954028
2010-10-11,44.8482,44.8679,44.6796,44.8609,44.8609,8708578
2010-10-12,44.7394,44.963,44.6266,44.8552,44.8552,12270214
2010-10-13,44.9561,45.2072,44.8552,45.062,45.062,14215319
2010-10-14,45.2072,45.214,44.9277,45.1728,45.1728,12180507
2010-10-15,45.3425,45.3582,44.7473,45.0542,45.0542,18683835
2010-10-18,45.1414,45.3425,44.8287,45.2611,45.2611,15258349
2010-10-19,44.5697,45.1247,44.2962,44.8552,44.8552,24318652
2010-10-20,44.8756,45.3807,44.6943,45.0748,45.0748,14366717
2010-10-21,45.2611,45.5151,45.0159,45.3493,45.3493,15594024
2010-10-22,45.4101,45.4435,45.1032,45.2229,45.2229,9512296
2010-10-25,45.367,45.521,45.2543,45.3425,45.3425,10970581
2010-10-26,45.2022,45.3209,45.0806,45.2454,45.2454,10033234
2010-10-27,45.011,45.1414,44.8482,45.0542,45.0542,16775418
2010-10-28,45.3151,45.4356,45.011,45.0463,45.0463,14273407
2010-10-29,45.1081,45.2454,44.8728,45.1708,45.1708,13119529
2010-11-01,45.2748,45.4239,44.8679,45.1414,45.1414,13206605
2010-11-02,45.1601,45.4964,45.1601,45.2768,45.2768,12179606
2010-11-03,45.3493,45.5013,45.0404,45.4926,45.4926,13152857
2010-11-04,45.5847,46.0113,45.5298,45.8966,45.8966,15996689
2010-11-05,45.8907,45.9534,45.4288,45.8192,45.8192,13060092
2010-11-08,45.7427,45.7897,45.4288,45.5935,45.5935,11915669
2010-11-09,45.6916,45.7132,45.4288,45.5769,45.5769,13006218
2010-11-10,45.5298,45.6004,45.0404,45.3209,45.3209,15170399
2010-11-11,45.1454,45.3209,45.062,45.3013,45.3013,12838634
2010-11-12,45.1414,45.4239,45.011,45.1247,45.1247,18224116
2010-11-15,45.4356,45.8495,45.3425,45.4562,45.4562,17855612
2010-11-16,45.3151,45.3209,44.402,44.7473,44.7473,21712900
2010-11-17,44.7394,44.8552,44.5933,44.6943,44.6943,10438276
2010-11-18,44.9836,45.3582,44.8609,45.2386,45.2386,13141854
2010-11-19,45.2827,45.5151,45.111,45.2386,45.2386,18179467
2010-11-22,45.0052,45.2316,44.7129,45.0885,45.0885,15616538
2010-11-23,44.6442,44.8287,44.402,44.558,44.558,20707374
2010-11-24,44.6737,44.9973,44.5991,44.8552,44.8552,13533192
2010-11-26,44.2962,44.3462,44.0383,44.1519,44.1519,6545253
2010-11-29,43.8059,43.946,43.5087,43.8804,43.8804,16813553
2010-11-30,43.5763,43.8107,43.4125,43.6175,43.6175,17754018
2010-12-01,44.0677,44.2805,43.8097,44.2402,44.2402,21504962
2010-12-02,44.2177,44.5629,44.1342,44.3687,44.3687,14289287
2010-12-03,44.3687,44.4865,44.1048,44.3373,44.3373,13923467
2010-12-06,44.1609,44.2805,44.0814,44.0814,44.0814,12606180
2010-12-07,44.3373,44.4648,44.1195,44.1609,44.1609,13406365
2010-12-08,44.0971,44.3373,44.0383,44.2598,44.2598,11106935
2010-12-09,44.2471,44.6188,43.7655,43.9853,43.9853,18197010
2010-12-10,44.0735,44.1746,43.7214,43.8804,43.8804,16134185
2010-12-13,43.8186,43.9186,43.6283,43.8421,43.8421,19290944
2010-12-14,43.9617,44.6061,43.8647,44.4865,44.4865,18850733
2010-12-15,44.5991,44.762,44.255,44.3462,44.3462,16245503
2010-12-16,44.4745,44.5012,43.9656,44.2255,44.2255,15633171
2010-12-17,44.0343,44.3216,43.9225,44.3216,44.3216,22501738
2010-12-20,44.3216,44.402,44.1048,44.2873,44.2873,12539292
2010-12-21,44.4992,44.5069,44.1402,44.1803,44.1803,11143484
2010-12-22,44.1746,44.2264,43.8852,43.9549,43.9549,12450957
2010-12-23,43.9549,44.2677,43.9549,44.1195,44.1195,10200253
2010-12-27,44.0735,44.1108,43.8097,43.8931,43.8931,7244998
2010-12-28,43.9853,44.1519,43.8734,43.9765,43.9765,8948466
2010-12-29,44.0255,44.2559,44.0186,44.0304,44.0304,7010602
2010-12-30,44.0127,44.0725,43.8744,43.9019,43.9019,8117712
2010-12-31,43.8764,44.0078,43.7637,43.8372,43.8372,7014406
2011-01-03,44.3873,44.7787,44.3168,44.5236,44.5236,20892396
2011-01-04,44.7394,44.8953,44.4726,44.8953,44.8953,17358525
2011-01-05,44.9424,45.0316,44.6128,44.8679,44.8679,16685655
2011-01-06,44.9561,45.0238,44.5777,44.8001,44.8001,10731518
2011-01-07,44.7934,44.8287,44.3373,44.3687,44.3687,15640268
2011-01-10,44.1481,44.2264,43.9392,44.052,44.052,13672552
2011-01-11,44.0971,44.1883,43.9392,44.1342,44.1342,10310770
2011-01-12,44.2598,44.5629,44.1676,44.2962,44.2962,11728038
2011-01-13,44.3373,44.6355,44.1883,44.5854,44.5854,13357977
2011-01-14,44.6128,44.6266,44.1195,44.3305,44.3305,15849883
2011-01-18,44.0951,44.3619,43.9431,44.0137,44.0137,19605608
2011-01-19,43.9735,44.3756,43.9431,44.3383,44.3383,13438182
2011-01-20,44.4569,44.7198,44.3216,44.553,44.553,16179070
2011-01-21,44.7473,44.8287,44.2677,44.408,44.408,18246743
2011-01-24,44.3373,44.4511,44.052,44.0971,44.0971,15913394
2011-01-25,43.1752,43.6715,43.0281,43.29,43.29,39482738
2011-01-26,43.3596,43.4125,42.9468,42.9468,42.9468,28589120
2011-01-27,42.9802,43.2606,42.9468,43.0056,43.0056,15830426
2011-01-28,43.1694,43.2312,42.527,42.533,42.533,21553634
2011-01-31,42.6408,42.683,42.3015,42.3584,42.3584,26882566
2011-02-01,42.3113,43.0477,42.3113,42.9712,42.9712,20759502
2011-02-02,42.8516,43.0625,42.7221,42.9625,42.9625,14101543
2011-02-03,42.9958,43.2076,42.9438,43.0938,43.0938,14220878
2011-02-04,43.1861,43.2223,42.9899,43.1154,43.1154,13722214
2011-02-07,43.1488,43.2263,42.9869,43.1409,43.1409,11593970
2011-02-08,43.1409,43.2263,43.0546,43.1889,43.1889,11118882
2011-02-09,43.1821,43.1889,42.9802,43.1488,43.1488,12051789
2011-02-10,42.982,43.2811,42.8212,43.1792,43.1792,12172225
2011-02-11,43.0517,43.3507,42.887,43.0223,43.0223,13562269
2011-02-14,43.0125,43.2174,42.9869,43.0193,43.0193,11472446
2011-02-15,42.9468,43.0193,42.8653,42.9625,42.9625,12094150
2011-02-16,42.9575,43.0517,42.88,42.8937,42.8937,13260940
2011-02-17,42.7849,43.1821,42.7585,43.0831,43.0831,10033034
2011-02-18,43.1537,43.388,42.9154,43.3096,43.3096,17309870
2011-02-22,43.0076,43.2223,42.8457,42.9899,42.9899,15586003
2011-02-23,43.0654,43.2891,42.7859,42.8026,42.8026,17073854
2011-02-24,42.8605,42.88,42.5437,42.7006,42.7006,16602957
2011-02-25,42.8723,42.8723,42.4515,42.6506,42.6506,16556057
2011-02-28,42.8566,43.9421,42.7477,43.9333,43.9333,27599028
2011-03-01,43.8303,43.9813,43.337,43.4116,43.4116,19626128
2011-03-02,43.2664,43.5753,43.1655,43.4841,43.4841,14352266
2011-03-03,43.7107,43.7685,43.4841,43.6578,43.6578,10860832
2011-03-04,43.8303,43.8303,43.1537,43.6656,43.6656,15995901
2011-03-07,43.6882,43.695,43.1233,43.1929,43.1929,13412110
2011-03-08,43.2527,43.6146,43.1537,43.4185,43.4185,12402908
2011-03-09,43.439,43.6656,43.138,43.1929,43.1929,14099225
2011-03-10,43.0076,43.1233,42.476,42.6281,42.6281,20772217
2011-03-11,42.3643,42.8153,42.273,42.6869,42.6869,14614064
2011-03-14,42.5437,42.5437,42.1348,42.2858,42.2858,16484160
2011-03-15,42.0367,42.0788,41.4924,41.821,41.821,22457968
2011-03-16,41.8848,41.8848,41.1228,41.2374,41.2374,23791803
2011-03-17,41.6288,41.7524,41.4032,41.5699,41.5699,17422431
2011-03-18,41.8778,41.971,41.5483,41.8848,41.8848,20112937
2011-03-21,41.9563,42.3063,41.9563,42.072,42.072,14953289
2011-03-22,42.0514,42.3005,41.9779,42.0446,42.0446,14204185
2011-03-23,41.9779,42.1142,41.8357,41.9936,41.9936,13845595
2011-03-24,42.1819,42.2505,42.0004,42.2122,42.2122,12126784
2011-03-25,42.1985,42.2583,41.9446,42.1819,42.1819,11304810
2011-03-28,42.2122,42.4094,42.1819,42.3643,42.3643,11721245
2011-03-29,42.1819,42.4152,42.1416,42.3486,42.3486,12982671
2011-03-30,42.4348,42.7144,42.3643,42.4662,42.4662,14996141
2011-03-31,42.3417,42.6917,42.3417,42.3741,42.3741,13536470
2011-04-01,42.6438,42.6506,42.2368,42.5437,42.5437,13861768
2011-04-04,42.5868,43.035,42.525,43.0154,43.0154,13169391
2011-04-05,42.731,42.88,42.5377,42.7644,42.7644,14768196
2011-04-06,42.7712,42.8379,42.6202,42.6653,42.6653,13998757
2011-04-07,42.7084,42.7378,42.3711,42.5377,42.5377,12921224
2011-04-08,42.7144,42.7517,42.4152,42.525,42.525,10984219
2011-04-11,42.5791,43.0301,42.5487,42.8075,42.8075,13751844
2011-04-12,42.6673,42.9625,42.6673,42.8633,42.8633,12876509
2011-04-13,42.6722,42.8723,42.5574,42.6202,42.6202,14678785
2011-04-14,42.5868,42.9958,42.5437,42.9213,42.9213,14590765
2011-04-15,43.0791,43.5881,42.8937,43.3096,43.3096,26037785
2011-04-18,43.2282,43.7598,42.982,43.236,43.236,28025541
2011-04-19,44.3383,44.9621,44.1932,44.8335,44.8335,36494683
2011-04-20,45.2042,46.1575,45.1827,46.0486,46.0486,37328316
2011-04-21,45.6338,45.9838,45.6053,45.8192,45.8192,16351647
2011-04-25,45.519,45.9113,45.4209,45.8495,45.8495,10106233
2011-04-26,45.8192,46.6997,45.8192,46.4477,46.4477,20319037
2011-04-27,45.3759,46.9126,45.3396,46.8909,46.8909,33234187
2011-04-28,46.7635,47.0116,46.434,46.7556,46.7556,18302968
2011-04-29,46.9056,47.1744,46.7683,47.0018,47.0018,16923169
2011-05-02,47.143,47.4214,47.0625,47.3499,47.3499,21596858
2011-05-03,47.2764,47.5293,47.2048,47.3852,47.3852,18327907
2011-05-04,47.1901,47.4304,46.7498,46.9645,46.9645,18750046
2011-05-05,46.8086,46.9213,46.3398,46.4918,46.4918,20868328
2011-05-06,46.6625,46.8448,46.5703,46.6762,46.6762,16666115
2011-05-09,46.5634,47.0253,46.533,46.9341,46.9341,12588161
2011-05-10,46.9203,47.0547,46.684,47.0253,47.0253,13571608
2011-05-11,47.4304,47.7313,47.0587,47.6097,47.6097,27942635
2011-05-12,47.2302,48.1795,47.0704,48.0492,48.0492,21820434
2011-05-13,47.9765,48.0923,47.1597,47.6431,47.6431,16353576
2011-05-16,47.4911,47.7627,47.3342,47.4646,47.4646,16085583
2011-05-17,47.3656,47.544,47.0969,47.4862,47.4862,15094465
2011-05-18,47.3185,47.5686,47.1527,47.5597,47.5597,12629263
2011-05-19,47.5803,47.5803,47.091,47.4793,47.4793,13553043
2011-05-20,47.3793,47.4342,46.685,46.9822,46.9822,17265772
2011-05-23,46.6203,46.9822,46.5409,46.887,46.887,16815183
2011-05-24,47.0096,47.3656,46.8448,47.0351,47.0351,15402869
2011-05-25,47.3421,47.6215,47.2518,47.4057,47.4057,20614537
2011-05-26,47.3107,47.4489,47.091,47.2577,47.2577,16708535
2011-05-27,47.4568,48.306,47.3185,48.1608,48.1608,22699627
2011-05-31,48.5561,48.5757,48.3237,48.5414,48.5414,22815081
2011-06-01,48.3462,48.5395,47.9413,47.958,47.958,15219869
2011-06-02,47.9266,48.1541,47.8128,47.958,47.958,13283106
2011-06-03,47.4921,47.8657,47.4646,47.6755,47.6755,14362535
2011-06-06,47.5166,47.7657,47.4921,47.6431,47.6431,11626785
2011-06-07,47.6097,47.8128,47.2518,47.2518,47.2518,14468386
2011-06-08,47.2214,47.7735,47.0165,47.7108,47.7108,13871418
2011-06-09,47.8481,48.5316,47.7313,48.1698,48.1698,19439233
2011-06-10,47.9657,48.1,47.6755,47.6755,47.6755,12899130
2011-06-13,47.8402,48.306,47.7981,48.0335,48.0335,11287288
2011-06-14,48.2913,48.5884,48.1461,48.4022,48.4022,15745575
2011-06-15,48.3296,48.3296,47.399,47.7246,47.7246,17410639
2011-06-16,47.393,47.8579,47.2273,47.8362,47.8362,16192492
2011-06-17,48.0639,48.2913,47.7422,47.8196,47.8196,19874622
2011-06-20,47.6676,48.1404,47.6588,47.9765,47.9765,12903986
2011-06-21,47.9824,48.1461,47.7246,47.9657,47.9657,13580349
2011-06-22,47.95,48.0549,47.6431,47.6588,47.6588,11033711
2011-06-23,47.2764,47.4214,46.6625,47.3725,47.3725,22469796
2011-06-24,47.296,47.3264,46.7654,46.9311,46.9311,18275886
2011-06-27,47.0969,47.3264,46.887,47.0665,47.0665,9984226
2011-06-28,47.3107,47.6951,47.1597,47.544,47.544,10685997
2011-06-29,47.7735,48.0335,47.5597,47.8334,47.8334,12784792
2011-06-30,47.9119,48.2639,47.7882,47.9854,47.9854,13510698
2011-07-01,47.958,48.5884,47.8048,48.5463,48.5463,12759209
2011-07-05,48.5395,48.814,48.5101,48.7768,48.7768,13545474
2011-07-06,48.7816,48.8679,48.6012,48.7238,48.7238,9841259
2011-07-07,48.9209,49.0895,48.6208,48.9935,48.9935,11638872
2011-07-08,48.912,49.0426,48.4668,48.7415,48.7415,10893979
2011-07-11,48.2443,48.6277,48.2089,48.5248,48.5248,12332069
2011-07-12,48.259,48.8199,48.2089,48.3521,48.3521,14594621
2011-07-13,48.613,49.0346,48.4835,48.7846,48.7846,12516552
2011-07-14,48.7621,48.9984,48.6689,48.8071,48.8071,13345278
2011-07-15,48.8571,49.0131,48.3227,48.6542,48.6542,14200005
2011-07-18,48.4512,48.5806,48.0041,48.3942,48.3942,14356225
2011-07-19,48.4032,48.4924,47.7206,48.1267,48.1267,18944681
2011-07-20,48.0168,48.259,47.651,47.7814,47.7814,12266489
2011-07-21,47.9344,48.1874,47.7029,47.95,47.95,15797960
2011-07-22,48.108,48.1785,47.9657,48.1267,48.1267,10702276
2011-07-25,47.7578,47.9197,47.6127,47.7892,47.7892,14199134
2011-07-26,47.7343,47.8362,47.5166,47.5529,47.5529,13868885
2011-07-27,47.4342,47.5166,46.989,47.0508,47.0508,17735619
2011-07-28,47.0478,47.3332,46.7282,46.9488,46.9488,13749444
2011-07-29,46.7017,46.8341,46.2604,46.7369,46.7369,23331026
2011-08-01,47.091,47.1273,45.9211,46.4624,46.4624,21944605
2011-08-02,46.2407,46.4163,45.7544,45.7544,45.7544,23710344
2011-08-03,45.7122,45.8259,44.6188,45.7417,45.7417,24482647
2011-08-04,45.166,45.5582,44.5747,44.6041,44.6041,32350738
2011-08-05,44.81,45.7544,44.0363,45.2376,45.2376,33274810
2011-08-08,44.5777,45.1434,44.0363,44.0873,44.0873,44817216
2011-08-09,44.5149,44.9905,42.6162,44.8669,44.8669,50301708
2011-08-10,44.4491,44.6962,43.2891,43.4253,43.4253,45309582
2011-08-11,43.4125,46.3035,43.3733,45.7612,45.7612,46431851
2011-08-12,45.8867,46.1575,45.37,45.7033,45.7033,58668805
2011-08-15,46.0564,46.6124,45.8857,46.5909,46.5909,54548256
2011-08-16,46.0015,46.6762,45.9397,46.4261,46.4261,18211589
2011-08-17,46.5703,46.781,46.025,46.3506,46.3506,15948726
2011-08-18,45.5788,45.8642,44.7326,45.5582,45.5582,32380853
2011-08-19,45.3111,46.0113,45.2611,45.5425,45.5425,26880872
2011-08-22,46.1575,46.2339,45.4485,45.6524,45.6524,18977263
2011-08-23,45.8201,46.8832,45.7474,46.8675,46.8675,20576010
2011-08-24,47.1577,47.393,46.7743,47.2704,47.2704,20126506
2011-08-25,47.242,47.242,46.3084,46.5634,46.5634,18208095
2011-08-26,46.2487,46.9929,45.4856,46.781,46.781,19439497
2011-08-29,47.0959,47.9755,46.9861,47.9314,47.9314,17663742
2011-08-30,47.9,48.0629,47.4411,47.8638,47.8638,15365262
2011-08-31,48.052,48.2011,47.5539,47.8883,47.8883,19998252
2011-09-01,47.7864,48.1334,47.3862,47.545,47.545,15305873
2011-09-02,47.1352,47.2988,46.5095,46.6281,46.6281,18829007
2011-09-06,45.9152,47.1253,45.4856,47.039,47.039,21772126
2011-09-07,47.3332,47.6304,47.0802,47.6157,47.6157,14784506
2011-09-08,47.2754,47.9804,47.1861,47.2704,47.2704,21365730
2011-09-09,46.8595,46.8752,46.0593,46.3153,46.3153,23347857
2011-09-12,45.9221,46.2937,45.3396,46.281,46.281,18471002
2011-09-13,46.5703,46.6134,45.9809,46.2937,46.2937,15925135
2011-09-14,46.5409,46.9184,45.8339,46.38,46.38,18447333
2011-09-15,46.781,47.0322,46.5182,46.8675,46.8675,14571181
2011-09-16,46.9557,47.1195,46.5467,47.0066,47.0066,21554435
2011-09-19,46.6134,46.8595,46.3084,46.6781,46.6781,11706345
2011-09-20,46.8832,47.194,46.4242,46.736,46.736,14935538
2011-09-21,46.7144,47.0126,45.9221,45.9427,45.9427,13781090
2011-09-22,45.2376,45.5582,44.4952,45.065,45.065,26705702
2011-09-23,44.6119,45.0483,44.3943,44.8238,44.8238,15086545
2011-09-26,45.1571,45.7417,45.1297,45.6249,45.6249,14499929
2011-09-27,46.1201,46.8331,45.6387,46.4457,46.4457,17967526
2011-09-28,46.5055,46.9047,45.9505,46.0319,46.0319,12310451
2011-09-29,46.5182,46.7507,45.8642,46.5055,46.5055,12252320
2011-09-30,46.0103,47.1165,45.9574,46.3496,46.3496,20000927
2011-10-03,46.3222,46.7282,45.1571,45.1797,45.1797,23200777
2011-10-04,44.7963,45.3621,44.2697,45.2454,45.2454,24991489
2011-10-05,45.2748,45.4926,44.8315,45.3778,45.3778,21157966
2011-10-06,45.5004,45.726,45.1954,45.7122,45.7122,13139386
2011-10-07,45.9004,46.3722,45.8514,45.9427,45.9427,16961961
2011-10-10,46.4988,46.889,46.3153,46.889,46.889,9761238
2011-10-11,46.7673,46.84,46.4684,46.5467,46.5467,10479970
2011-10-12,46.6713,47.0802,46.4831,46.8174,46.8174,12861277
2011-10-13,46.9047,46.9047,46.2653,46.7439,46.7439,10680266
2011-10-14,47.0635,47.1195,46.7017,47.1028,47.1028,9172946
2011-10-17,46.8675,47.1861,46.3006,46.4242,46.4242,14827964
2011-10-18,46.4026,47.1195,46.1418,46.8832,46.8832,16079111
2011-10-19,46.9488,46.9488,45.2376,45.5867,45.5867,27430379
2011-10-20,45.8201,45.9427,45.3445,45.5093,45.5093,15885755
2011-10-21,45.872,46.4614,45.7701,46.4163,46.4163,18090382
2011-10-24,46.5105,47.1518,46.2858,47.1116,47.1116,17236702
2011-10-25,46.988,47.1744,46.2604,46.3476,46.3476,14169578
2011-10-26,46.7144,47.0126,46.4242,46.9331,46.9331,13640123
2011-10-27,47.296,47.8078,47.0959,47.6705,47.6705,22468649
2011-10-28,47.7864,47.9167,47.3097,47.7403,47.7403,14276786
2011-10-31,47.7882,47.9284,46.8537,46.8595,46.8595,18852592
2011-11-01,46.3408,46.6507,45.9819,46.1291,46.1291,20273109
2011-11-02,46.7144,46.8595,46.1475,46.3153,46.3153,13927795
2011-11-03,46.6281,46.9586,46.3359,46.8253,46.8253,14380933
2011-11-04,46.5752,46.9753,46.1505,46.6634,46.6634,13363057
2011-11-07,46.5409,46.8253,46.0319,46.5771,46.5771,12068852
2011-11-08,46.6438,47.296,46.5409,47.2028,47.2028,10960503
2011-11-09,46.5752,46.6713,45.9221,46.2379,46.2379,15195136
2011-11-10,46.6713,46.885,46.3271,46.6634,46.6634,10312662
2011-11-11,47.0292,47.6638,47.0292,47.4862,47.4862,12481739
2011-11-14,47.2823,47.545,47.0547,47.242,47.242,11370631
2011-11-15,47.2754,47.5166,46.9488,47.296,47.296,14736485
2011-11-16,46.9724,47.4224,46.7958,46.8675,46.8675,11535855
2011-11-17,46.5977,46.9508,46.0673,46.531,46.531,19110890
2011-11-18,46.7154,46.7213,46.2604,46.4664,46.4664,17351431
2011-11-21,46.0476,46.0967,45.7612,45.8025,45.8025,45066989
2011-11-22,45.8112,45.9995,45.6288,45.7769,45.7769,11926775
2011-11-23,45.5474,45.5926,45.115,45.115,45.115,14226330
2011-11-25,45.0326,45.2768,44.8434,45.0052,45.0052,7949121
2011-11-28,45.4503,46.0603,45.3797,45.8112,45.8112,15801954
2011-11-29,46.1438,46.3692,45.879,46.1134,46.1134,12136853
2011-11-30,46.9517,47.5509,46.8595,47.5333,47.5333,20450009
2011-12-01,47.5088,47.7089,47.2607,47.3411,47.3411,13410441
2011-12-02,47.6481,47.6638,46.4968,46.6203,46.6203,21490771
2011-12-05,47.0831,47.191,46.1662,46.5389,46.5389,20798796
2011-12-06,46.7213,46.9586,46.4664,46.635,46.635,14178445
2011-12-07,46.6948,47.6049,46.5457,47.3411,47.3411,15648098
2011-12-08,47.191,47.3411,46.687,46.8478,46.8478,13018606
2011-12-09,47.2479,47.5088,46.9969,47.398,47.398,12019175
2011-12-12,46.9136,47.1537,46.531,46.6507,46.6507,14670034
2011-12-13,47.0675,47.0675,46.3771,46.5389,46.5389,19308298
2011-12-14,46.5526,46.8478,46.2222,46.4066,46.4066,13329856
2011-12-15,46.782,47.0831,46.6948,47.0086,47.0086,13118673
2011-12-16,47.2744,47.2803,46.6772,47.2312,47.2312,26151923
2011-12-19,47.143,47.2165,46.5389,46.6634,46.6634,12218434
2011-12-20,47.0223,47.546,47.0165,47.392,47.392,15368531
2011-12-21,47.6049,47.7403,47.4342,47.7146,47.7146,11533976
2011-12-22,47.8048,47.9363,47.4646,47.8746,47.8746,10078323
2011-12-23,47.9119,48.4806,47.8746,48.464,48.464,8788601
2011-12-27,48.4717,48.7061,48.4041,48.4944,48.4944,6768511
2011-12-28,48.455,48.5021,47.9667,48.0786,48.0786,7987063
2011-12-29,47.9727,48.5021,47.9275,48.3904,48.3904,7673577
2011-12-30,48.1775,48.4256,48.1324,48.1688,48.1688,6752512
2012-01-03,48.1775,48.4806,47.9275,48.3904,48.3904,21941075
2012-01-04,48.2933,48.3904,47.8255,48.0972,48.0972,12583741
2012-01-05,47.9785,48.1864,47.6167,48.0373,48.0373,16183092
2012-01-06,48.0686,48.0833,47.4568,47.6167,47.6167,20911356
2012-01-09,47.7146,47.8118,47.3077,47.6932,47.6932,10802438
2012-01-10,47.8255,48.0373,47.7403,47.8883,47.8883,11540759
2012-01-11,47.8255,48.1394,47.6244,47.8402,47.8402,9236692
2012-01-12,47.9667,48.0462,47.6932,47.9119,47.9119,10078531
2012-01-13,47.7226,47.952,47.2744,47.9363,47.9363,12223936
2012-01-17,48.1275,48.2482,47.3803,47.8334,47.8334,11381401
2012-01-18,47.9363,48.0118,47.7403,47.952,47.952,11021730
2012-01-19,47.8608,47.9275,47.5882,47.8814,47.8814,15928390
2012-01-20,48.0069,48.1451,47.4048,47.9431,47.9431,20034050
2012-01-23,47.9119,47.9854,47.6548,47.7403,47.7403,13784383
2012-01-24,47.2685,48.0786,47.2607,47.7403,47.7403,16761261
2012-01-25,47.9667,47.9667,47.5706,47.904,47.904,14339440
2012-01-26,48.1394,48.3904,47.904,48.259,48.259,17080686
2012-01-27,48.2011,48.3835,48.0833,48.1521,48.1521,14253351
2012-01-30,47.9431,48.2639,47.8402,48.2639,48.2639,10192364
2012-01-31,48.3952,48.4384,48.1561,48.4099,48.4099,18472319
2012-02-01,48.455,48.714,48.2217,48.253,48.253,16712680
2012-02-02,48.4326,48.455,48.0011,48.1775,48.1775,11275847
2012-02-03,48.4227,48.4934,48.1344,48.2178,48.2178,12302166
2012-02-06,48.0686,48.1688,47.7804,47.8814,47.8814,12982179
2012-02-07,47.8255,48.0305,47.755,47.9383,47.9383,12590594
2012-02-08,47.8893,48.0011,47.8118,47.9216,47.9216,9377070
2012-02-09,47.9216,48.0011,47.6107,47.6628,47.6628,14888861
2012-02-10,47.5215,47.5725,47.193,47.4461,47.4461,18998497
2012-02-13,47.6725,47.7089,47.4489,47.5088,47.5088,13154734
2012-02-14,47.5627,47.6401,47.2547,47.4568,47.4568,12223588
2012-02-15,47.4332,47.7079,47.3587,47.4842,47.4842,12284702
2012-02-16,47.4461,47.8618,47.3352,47.6852,47.6852,11156235
2012-02-17,47.9049,47.953,47.6029,47.7363,47.7363,12331136
2012-02-21,47.9127,47.9216,47.5597,47.7717,47.7717,11002565
2012-02-22,47.7717,47.9941,47.6461,47.7403,47.7403,11096380
2012-02-23,47.8823,48.5139,47.6705,47.8196,47.8196,12243856
2012-02-24,48.0088,48.0088,47.5686,47.7637,47.7637,14140889
2012-02-27,47.6147,47.897,47.4371,47.755,47.755,11501790
2012-02-28,47.8755,48.4787,47.7961,48.2982,48.2982,15629245
2012-02-29,48.2962,48.358,47.956,48.2236,48.2236,15505950
2012-03-01,48.2482,48.359,47.897,48.0402,48.0402,11894319
2012-03-02,47.9687,48.0716,47.8481,47.9941,47.9941,8183298
2012-03-05,47.9383,48.1344,47.8255,48.1,48.1,10261178
2012-03-06,47.7637,47.9687,47.5686,47.6852,47.6852,12835198
2012-03-07,47.6225,47.7637,47.5146,47.6461,47.6461,10043889
2012-03-08,48.1561,48.2256,47.9737,48.0539,48.0539,15264320
2012-03-09,48.0472,48.1628,47.8618,47.9737,47.9737,11350596
2012-03-12,47.8618,48.2756,47.8255,48.2403,48.2403,9830671
2012-03-13,48.4787,48.4934,48.1893,48.4099,48.4099,13338615
2012-03-14,48.3217,48.4453,48.1815,48.2256,48.2256,12971665
2012-03-15,48.1167,48.4453,48.0539,48.2178,48.2178,15351149
2012-03-16,48.3139,48.5061,48.0226,48.257,48.257,23895965
2012-03-19,48.1275,48.3668,48.0913,48.3217,48.3217,9880733
2012-03-20,48.1972,48.2619,47.9874,48.1344,48.1344,10472904
2012-03-21,48.1344,48.2178,47.897,47.9874,47.9874,10579568
2012-03-22,47.8755,47.9383,47.7216,47.7637,47.7637,14333424
2012-03-23,47.7804,47.953,47.6999,47.8334,47.8334,10880338
2012-03-26,48.0853,48.359,48.0402,48.2884,48.2884,11476036
2012-03-27,48.4099,48.5375,48.3286,48.462,48.462,14471767
2012-03-28,48.4541,48.6267,48.2982,48.6267,48.6267,13907455
2012-03-29,48.3737,48.5639,48.3139,48.5639,48.5639,12892252
2012-03-30,48.6326,49.0386,48.5963,48.8738,48.8738,15260114
2012-04-02,48.9386,49.1278,48.7728,49.0621,49.0621,11856664
2012-04-03,48.9955,49.0229,48.5375,48.818,48.818,12318869
2012-04-04,48.6198,48.6836,48.4306,48.4541,48.4541,12728894
2012-04-05,48.359,48.4453,48.2335,48.4169,48.4169,10691673
2012-04-09,48.1414,48.3286,48.0786,48.108,48.108,7219473
2012-04-10,48.0226,48.0629,47.544,47.5725,47.5725,17252121
2012-04-11,47.9383,47.9383,47.394,47.5215,47.5215,14080928
2012-04-12,47.4626,47.5343,47.1851,47.5343,47.5343,17708574
2012-04-13,47.3803,47.4264,47.0684,47.0851,47.0851,15150369
2012-04-16,47.2185,47.544,47.1753,47.4097,47.4097,14173923
2012-04-17,47.595,47.6304,46.8841,47.5863,47.5863,24726925
2012-04-18,47.3519,47.3676,46.7733,46.8752,46.8752,27757160
2012-04-19,46.8468,47.0851,46.5055,46.7056,46.7056,20497705
2012-04-20,46.8468,47.4019,46.8331,47.2116,47.2116,19325892
2012-04-23,47.0518,47.193,46.9047,46.9586,46.9586,13660047
2012-04-24,47.0939,47.2704,46.9508,47.2567,47.2567,12176463
2012-04-25,47.394,47.8529,47.3028,47.7403,47.7403,15064251
2012-04-26,47.7303,48.1414,47.6147,47.9794,47.9794,12334211
2012-04-27,48.1275,48.2619,47.9284,48.0472,48.0472,13328148
2012-04-30,48.0539,48.4541,48.0472,48.2403,48.2403,15333805
2012-05-01,48.0963,48.4306,48.0178,48.3286,48.3286,13641357
2012-05-02,48.2884,48.4099,48.0472,48.4099,48.4099,11267943
2012-05-03,48.463,48.5218,48.2393,48.4169,48.4169,14079556
2012-05-04,48.3041,48.3805,47.9755,47.9755,47.9755,13902517
2012-05-07,47.8529,48.1815,47.8048,48.0128,48.0128,11319322
2012-05-08,47.9284,48.1461,47.8334,48.1461,48.1461,16858870
2012-05-09,47.8638,48.0766,47.6107,47.6304,47.6304,14376327
2012-05-10,48.0265,48.0579,47.7146,47.8491,47.8491,10394010
2012-05-11,47.7403,48.1521,47.595,47.6785,47.6785,51044597
2012-05-14,47.4461,47.497,47.0998,47.3744,47.3744,53559061
2012-05-15,47.2018,47.5283,46.988,47.1371,47.1371,11470719
2012-05-16,47.2734,47.3725,47.0184,47.2136,47.2136,13519935
2012-05-17,47.2136,47.4234,47.037,47.0949,47.0949,9292497
2012-05-18,47.3244,47.3568,46.7498,46.9439,46.9439,18598127
2012-05-21,46.8752,47.294,46.8675,47.0312,47.0312,11856749
2012-05-22,46.9822,47.2734,46.9283,47.0704,47.0704,11348560
2012-05-23,46.9822,47.2459,46.5909,46.8841,46.8841,15207163
2012-05-24,47.0537,47.393,46.989,47.2136,47.2136,11623916
2012-05-25,47.0459,47.1253,46.6075,46.7723,46.7723,14980228
2012-05-29,47.0184,47.0871,46.6144,46.8321,46.8321,13487379
2012-05-30,46.6458,46.6899,46.3899,46.5457,46.5457,12582898
2012-05-31,46.6585,47.0459,46.4958,46.7115,46.7115,17775196
2012-06-01,46.4203,46.6213,46.1732,46.224,46.224,16122779
2012-06-04,46.4203,46.7262,46.3084,46.6458,46.6458,12301056
2012-06-05,46.5095,46.6723,46.3899,46.5457,46.5457,12729089
2012-06-06,46.4584,46.989,46.3084,46.989,46.989,30721672
2012-06-07,47.2734,47.2861,46.7723,46.989,46.989,17295468
2012-06-08,46.7939,47.1636,46.637,47.1253,47.1253,15035184
2012-06-11,47.1195,47.1597,46.4721,46.4791,46.4791,16340491
2012-06-12,46.5095,47.3411,46.2634,47.1969,47.1969,35624888
2012-06-13,48.0676,48.4089,47.2734,48.2236,48.2236,131565262
2012-06-14,48.1451,49.1955,48.0963,48.9728,48.9728,45862552
2012-06-15,49.3063,49.4574,49.014,49.3906,49.3906,34738798
2012-06-18,49.2494,49.6741,49.2494,49.6073,49.6073,34415829
2012-06-19,49.6828,50.0976,49.6495,49.9212,49.9212,31561836
2012-06-20,49.9673,50.13,49.7269,50.13,50.13,28407236
2012-06-21,49.7917,50.1076,49.5024,49.6741,49.6741,32805137
2012-06-22,49.8751,50.1076,49.7692,49.8545,49.8545,25355309
2012-06-25,49.5779,49.8545,49.4868,49.7563,49.7563,17491504
2012-06-26,49.8015,49.8996,49.6918,49.6995,49.6995,14835034
2012-06-27,49.6495,50.2811,49.6495,50.0114,50.0114,25135055
2012-06-28,49.9143,50.13,49.7152,50.0859,50.0859,16186201
2012-06-29,50.3556,50.6556,50.2968,50.5488,50.5488,24438686
2012-07-02,50.4459,50.8792,50.3851,50.8792,50.8792,16777484
2012-07-03,50.8488,50.9694,50.6695,50.9096,50.9096,11897970
2012-07-05,50.8194,50.9911,50.7164,50.7164,50.7164,15847829
2012-07-06,50.5145,50.791,50.4017,50.6067,50.6067,13040839
2012-07-09,50.6842,50.8488,50.6017,50.7164,50.7164,16687390
2012-07-10,50.8557,50.9537,50.6842,50.791,50.791,17176352
2012-07-11,50.9009,50.9617,50.6695,50.8037,50.8037,16072748
2012-07-12,50.5949,50.9694,50.4606,50.6615,50.6615,22030904
2012-07-13,50.7214,51.4333,50.6763,51.3344,51.3344,17693348
2012-07-16,51.2294,51.4196,51.148,51.2175,51.2175,17269713
2012-07-17,50.7587,51.7629,50.587,51.6256,51.6256,32347808
2012-07-18,51.4333,51.9726,51.3725,51.9041,51.9041,20875141
2012-07-19,51.8138,52.1512,51.6109,52.0237,52.0237,18042098
2012-07-20,51.8894,51.8962,51.1391,51.3491,51.3491,18664622
2012-07-23,50.9832,51.1097,50.6154,50.9617,50.9617,15732876
2012-07-24,50.9537,51.0695,50.13,50.3928,50.3928,16233469
2012-07-25,50.6341,50.892,50.4222,50.5282,50.5282,13207500
2012-07-26,51.1029,51.6109,51.0362,51.4333,51.4333,22022389
2012-07-27,51.5892,52.1364,51.5471,52.0168,52.0168,18732332
2012-07-30,51.9041,52.1149,51.7472,51.9649,51.9649,11199615
2012-07-31,51.8138,52.0472,51.7021,51.7923,51.7923,13784578
2012-08-01,51.9883,52.1884,51.8138,51.9109,51.9109,15612540
2012-08-02,51.4834,51.6109,50.892,51.2175,51.2175,18091112
2012-08-03,51.6109,51.8668,51.5471,51.7168,51.7168,14566133
2012-08-06,51.7629,51.8825,51.4598,51.5078,51.5078,11658627
2012-08-07,51.4834,51.5805,51.0362,51.096,51.096,15060170
2012-08-08,51.096,51.298,51.044,51.1391,51.1391,8784890
2012-08-09,51.1244,51.3638,51.0038,51.1186,51.1186,10377067
2012-08-10,50.9694,51.4108,50.9694,51.3568,51.3568,10217556
2012-08-13,51.1705,51.2912,51.0038,51.2245,51.2245,9621682
2012-08-14,51.4333,51.4412,51.2519,51.3568,51.3568,10983105
2012-08-15,51.2598,51.5078,51.1029,51.1391,51.1391,12495021
2012-08-16,51.2098,51.2175,50.892,51.0283,51.0283,18067390
2012-08-17,50.9694,51.0116,50.5145,50.7283,50.7283,16037197
2012-08-20,50.7283,50.7587,50.6341,50.6556,50.6556,16900172
2012-08-21,50.6508,51.0695,50.5949,50.7164,50.7164,12636980
2012-08-22,50.6017,50.8273,50.5282,50.692,50.692,11000571
2012-08-23,50.7283,50.841,50.5488,50.6842,50.6842,12112210
2012-08-24,50.7508,51.2215,50.6998,51.0392,51.0392,14963034
2012-08-27,50.9931,51.3127,50.9499,50.9567,50.9567,11603608
2012-08-28,50.8214,51.1137,50.7508,50.9724,50.9724,8941095
2012-08-29,50.7989,51.2146,50.6331,50.8635,50.8635,12727321
2012-08-30,50.7596,50.8939,50.4713,50.744,50.744,12811482
2012-08-31,50.9263,51.2656,50.7076,50.9116,50.9116,13446038
2012-09-04,50.9567,50.9931,50.5645,50.7842,50.7842,11128997
2012-09-05,50.9195,51.2431,50.692,50.791,50.791,12272832
2012-09-06,51.1215,51.5078,51.0312,51.2215,51.2215,17317974
2012-09-07,51.3206,51.3471,50.9784,51.2499,51.2499,11129975
2012-09-10,51.3334,51.6961,51.2146,51.4755,51.4755,15154415
2012-09-11,51.6196,51.7569,51.4755,51.4911,51.4911,11684202
2012-09-12,51.6196,51.6904,51.3628,51.4549,51.4549,10901175
2012-09-13,51.3471,52.2228,51.3411,52.0885,52.0885,17226436
2012-09-14,52.0286,52.0286,51.4029,51.6961,51.6961,17254328
2012-09-17,51.7118,51.8697,51.3411,51.5334,51.5334,15342593
2012-09-18,51.4029,51.8471,51.3961,51.7569,51.7569,10679261
2012-09-19,51.907,52.0374,51.7942,51.7942,51.7942,13127138
2012-09-20,51.652,52.0885,51.5902,52.0197,52.0197,11528773
2012-09-21,52.1345,52.3679,51.9766,52.1414,52.1414,25263645
2012-09-24,52.005,52.2473,51.9521,52.0972,52.0972,12029317
2012-09-25,52.106,52.5778,52.106,52.3375,52.3375,15397537
2012-09-26,52.4739,52.4739,52.0658,52.0972,52.0972,13207376
2012-09-27,52.1639,52.361,52.013,52.106,52.106,10931005
2012-09-28,51.9208,52.1266,51.7188,52.0286,52.0286,13633249
2012-10-01,52.0885,52.4365,52.0374,52.1953,52.1953,12780413
2012-10-02,52.1875,52.3091,51.8256,52.0658,52.0658,13327647
2012-10-03,52.2384,52.3375,51.8913,52.0972,52.0972,11338050
2012-10-04,52.1718,52.4739,52.106,52.3012,52.3012,12446770
2012-10-05,52.4425,52.6572,52.3375,52.5856,52.5856,12489476
2012-10-08,52.5483,52.5856,52.2228,52.4287,52.4287,8536449
2012-10-09,51.8089,52.0728,51.4186,51.652,51.652,20351580
2012-10-10,51.6276,51.7118,51.3274,51.5078,51.5078,14185721
2012-10-11,51.499,51.5668,51.2352,51.3206,51.3206,12589733
2012-10-12,51.4755,51.7255,51.1931,51.3206,51.3206,11503685
2012-10-15,51.4755,52.0885,51.3961,51.7942,51.7942,19694580
2012-10-16,52.3228,52.6974,52.1119,52.514,52.514,18131565
2012-10-17,52.6494,53.7428,52.514,53.6075,53.6075,35128321
2012-10-18,53.5074,54.9205,53.4712,54.7558,54.7558,44490155
2012-10-19,54.4439,54.544,54.1566,54.2547,54.2547,24358369
2012-10-22,54.2027,54.5802,53.8536,54.1948,54.1948,18586694
2012-10-23,53.7349,54.0086,53.2515,53.5211,53.5211,14683265
2012-10-24,53.6005,53.7555,53.3564,53.4094,53.4094,11353270
2012-10-25,53.6142,54.0281,53.6005,53.7144,53.7144,12811102
2012-10-26,53.6075,53.8477,53.2759,53.53,53.53,11874072
2012-10-31,53.6888,53.7947,53.2132,53.4712,53.4712,13179097
2012-11-01,53.683,54.288,53.479,53.984,53.984,14869162
2012-11-02,54.137,54.137,53.479,53.53,53.53,10525039
2012-11-05,53.4996,53.6075,53.2044,53.4496,53.4496,9104934
2012-11-06,53.6075,54.0742,53.5211,53.6142,53.6142,10499629
2012-11-07,53.3721,53.6005,52.6268,53.1083,53.1083,16846622
2012-11-08,52.9631,53.1691,52.5856,52.5856,52.5856,16758104
2012-11-09,52.5208,53.0475,52.4218,52.7543,52.7543,13922345
2012-11-12,52.6905,52.8905,52.3306,52.6091,52.6091,12929381
2012-11-13,52.5208,52.9356,52.3993,52.4807,52.4807,10920028
2012-11-14,52.5709,52.6729,52.1189,52.3012,52.3012,13869456
2012-11-15,52.0885,52.2473,51.8854,52.1502,52.1502,15634775
2012-11-16,51.9992,52.3012,51.7255,52.2384,52.2384,18903151
2012-11-19,52.5061,52.7052,52.1266,52.2865,52.2865,16340422
2012-11-20,52.2924,52.6425,52.2041,52.6003,52.6003,13058469
2012-11-21,52.5709,52.7621,52.4365,52.5425,52.5425,10118769
2012-11-23,52.62,52.9837,52.5208,52.9837,52.9837,7155116
2012-11-26,52.715,52.9366,52.4199,52.6277,52.6277,12977692
2012-11-27,52.563,52.6729,52.3522,52.414,52.414,11504945
2012-11-28,52.3356,52.8454,52.2531,52.7817,52.7817,13106530
2012-11-29,52.9171,52.975,52.5915,52.7229,52.7229,12930515
2012-11-30,52.8534,53.2565,52.6915,53.1132,53.1132,17700893
2012-12-03,53.1671,53.2565,52.8297,53.0524,53.0524,13037286
2012-12-04,52.9994,53.6917,52.9024,53.2104,53.2104,18744939
2012-12-05,53.2662,53.5477,52.9994,53.2956,53.2956,14489385
2012-12-06,53.5791,53.5791,53.1671,53.3554,53.3554,12418453
2012-12-07,53.3495,53.7164,53.2104,53.6623,53.6623,13156470
2012-12-10,53.5153,53.9271,53.5153,53.7742,53.7742,12734992
2012-12-11,54.0252,54.5538,53.8909,54.1566,54.1566,19422848
2012-12-12,54.24,54.3626,53.9595,54.0507,54.0507,15469701
2012-12-13,54.0066,54.0791,53.7908,53.8909,53.8909,11605162
2012-12-14,53.7908,53.9722,53.6917,53.8448,53.8448,13474536
2012-12-17,53.9595,54.2175,53.9114,54.035,54.035,18805897
2012-12-18,54.1282,54.1566,53.7084,54.0438,54.0438,21470593
2012-12-19,54.0124,54.3174,53.7977,53.7977,53.7977,15578064
2012-12-20,53.883,54.0066,53.6917,53.8909,53.8909,15460086
2012-12-21,53.7458,53.8909,53.3623,53.5231,53.5231,29085570
2012-12-24,53.5653,53.6222,53.2749,53.3347,53.3347,6572691
2012-12-26,53.2809,53.5948,53.2269,53.4496,53.4496,10157881
2012-12-27,53.4182,53.6222,53.1671,53.3868,53.3868,14047938
2012-12-28,53.1985,53.3721,52.8768,52.9249,52.9249,12723101
2012-12-31,52.7386,53.4005,52.6915,53.3937,53.3937,16766682
2013-01-02,54.0203,54.0948,53.5477,53.9595,53.9595,16903501
2013-01-03,54.0654,54.0791,53.6623,53.883,53.883,12601078
2013-01-04,54.1566,54.6371,54.0869,54.4989,54.4989,15274578
2013-01-07,54.4616,54.4822,54.2233,54.3841,54.3841,9910409
2013-01-08,54.3174,54.5753,54.2713,54.392,54.392,12906303
2013-01-09,54.5675,54.7264,54.4616,54.6371,54.6371,10073574
2013-01-10,54.694,55.1314,54.646,54.9863,54.9863,15611355
2013-01-11,54.9863,55.2825,54.9656,55.1128,55.1128,10196580
2013-01-14,55.2972,55.4442,55.1235,55.2688,55.2688,9696649
2013-01-15,55.0324,55.1756,54.8391,55.1235,55.1235,10233715
2013-01-16,55.0391,55.4678,55.0324,55.2825,55.2825,11526669
2013-01-17,55.5149,55.6128,55.1235,55.5256,55.5256,13879163
2013-01-18,55.5256,55.7806,55.4442,55.7806,55.7806,17807006
2013-01-22,55.5423,55.7619,55.1589,55.3697,55.3697,15059711
2013-01-23,55.2401,55.5335,55.2,55.4912,55.4912,13332153
2013-01-24,55.5814,55.7806,55.4835,55.6776,55.6776,12300939
2013-01-25,55.7031,56.3111,55.6502,56.3052,56.3052,13681990
2013-01-28,56.3346,56.365,55.9287,56.0748,56.0748,12368321
2013-01-29,56.1139,56.8358,56.0924,56.6808,56.6808,16266145
2013-01-30,56.7083,56.9721,56.3729,56.4366,56.4366,12139174
2013-01-31,56.4278,56.6386,56.1984,56.3052,56.3052,13722674
2013-02-01,56.4709,56.6877,56.4278,56.5013,56.5013,13153991
2013-02-04,56.1229,56.5592,56.0316,56.4504,56.4504,12079140
2013-02-05,56.7602,56.9897,56.724,56.869,56.869,13431543
2013-02-06,56.8015,57.4251,56.7602,57.4251,57.4251,15864526
2013-02-07,56.9897,57.281,56.8827,57.1702,57.1702,12863582
2013-02-08,57.2594,57.5928,56.9231,57.4958,57.4958,10704034
2013-02-11,57.3418,57.5075,57.1632,57.4379,57.4379,7479391
2013-02-12,57.4457,57.7811,57.4457,57.7389,57.7389,9976220
2013-02-13,57.7321,57.7889,57.4075,57.6291,57.6291,10522383
2013-02-14,57.5075,57.9586,57.4163,57.7458,57.7458,12710855
2013-02-15,57.6732,58.0116,57.5164,58.0116,58.0116,13823272
2013-02-19,57.9115,58.6519,57.8595,58.6225,58.6225,12797490
2013-02-20,58.4922,58.6304,58.3008,58.3871,58.3871,10316089
2013-02-21,58.2479,58.6646,58.1793,58.551,58.551,12427154
2013-02-22,58.6529,58.7294,58.3293,58.542,58.542,11166567
2013-02-25,58.7127,58.8599,58.0233,58.0233,58.0233,13810631
2013-02-26,58.2607,58.6137,57.9674,58.1606,58.1606,13992349
2013-02-27,58.1077,58.697,58.0449,58.5951,58.5951,10654570
2013-02-28,58.5283,58.7294,58.4341,58.4341,58.4341,15383070
2013-03-01,58.191,58.9412,58.1449,58.8893,58.8893,12410376
2013-03-04,58.9834,59.3345,58.9137,59.2757,59.2757,16447364
2013-03-05,59.5502,59.6629,59.456,59.6277,59.6277,12242027
2013-03-06,59.6502,59.6905,59.2914,59.4208,59.4208,11117406
2013-03-07,59.5943,59.8581,59.5718,59.6963,59.6963,10414916
2013-03-08,59.7659,60.0563,59.6552,60.0316,60.0316,11142173
2013-03-11,59.8267,60.2877,59.7659,60.2259,60.2259,11471241
2013-03-12,60.272,60.418,60.0473,60.3171,60.3171,11449515
2013-03-13,60.2877,60.4013,60.0406,60.3092,60.3092,10402560
2013-03-14,60.4013,60.7319,60.2631,60.7319,60.7319,13219865
2013-03-15,60.3632,60.8408,60.3632,60.8015,60.8015,23837766
2013-03-18,60.4407,60.8015,60.425,60.5112,60.5112,10427119
2013-03-19,60.6407,60.7241,60.272,60.5476,60.5476,9241715
2013-03-20,60.7947,61.1222,60.7858,61.0006,61.0006,10421158
2013-03-21,60.7446,61.0388,60.4788,60.6632,60.6632,10988060
2013-03-22,60.7378,61.2242,60.6701,61.2242,61.2242,8958679
2013-03-25,61.2928,61.3771,61.0134,61.1781,61.1781,12524889
2013-03-26,61.3693,62.101,61.3095,62.0763,62.0763,16518869
2013-03-27,61.8538,62.4607,61.6301,62.3979,62.3979,13941013
2013-03-28,62.4754,62.6432,62.1528,62.5971,62.5971,14763238
2013-04-01,62.4607,62.9394,62.4059,62.9021,62.9021,9610953
2013-04-02,62.9394,63.4865,62.8785,63.4865,63.4865,13470995
2013-04-03,63.5287,63.6865,62.6265,63.01,63.01,15963186
2013-04-04,63.0923,63.5121,62.8952,63.2747,63.2747,13419619
2013-04-05,62.801,63.0413,62.6687,62.9883,62.9883,11177012
2013-04-08,62.3648,62.4882,61.6605,62.2754,62.2754,20621430
2013-04-09,62.3912,62.7648,62.3735,62.5902,62.5902,11868690
2013-04-10,62.8315,63.1119,62.7579,62.9736,62.9736,9876524
2013-04-11,63.0678,63.6965,63.0178,63.2051,63.2051,12871550
2013-04-12,63.1502,63.5287,63.0923,63.5287,63.5287,9102047
2013-04-15,63.5121,63.7934,62.7325,62.7325,62.7325,16131475
2013-04-16,63.2119,64.1387,63.01,64.0652,64.0652,16437487
2013-04-17,63.972,64.8231,63.9474,64.4172,64.4172,17834633
2013-04-18,64.4996,64.7231,63.7493,63.8671,63.8671,12922011
2013-04-19,64.119,64.932,64.0866,64.8702,64.8702,14050287
2013-04-22,64.9467,65.2075,64.6466,65.1321,65.1321,9103779
2013-04-23,65.2546,65.7862,64.4937,65.6086,65.6086,11698870
2013-04-24,65.8206,65.8283,64.7094,64.7947,64.7947,12349363
2013-04-25,64.9105,65.5999,64.7555,65.4322,65.4322,11317400
2013-04-26,65.494,65.639,65.1164,65.3557,65.3557,8837422
2013-04-29,65.2783,65.9432,65.1928,65.7068,65.7068,10471303
2013-04-30,65.5625,65.798,65.1762,65.44,65.44,15761084
2013-05-01,64.8791,65.3615,64.4005,64.6722,64.6722,16037159
2013-05-02,64.832,65.4233,64.6241,65.3851,65.3851,11292137
2013-05-03,65.6704,66.0264,65.6086,65.8372,65.8372,12004133
2013-05-06,65.8607,65.8607,64.9193,65.0193,65.0193,11482215
2013-05-07,65.1624,65.6988,64.9771,65.6704,65.6704,11805626
2013-05-08,65.6313,65.7235,65.2075,65.6166,65.6166,10477510
2013-05-09,65.6086,65.791,65.2312,65.3782,65.3782,10865207
2013-05-10,65.4851,65.845,65.3998,65.845,65.845,9892438
2013-05-13,65.6911,66.0794,65.5999,65.9165,65.9165,8637014
2013-05-14,65.845,66.862,65.845,66.7737,66.7737,13497413
2013-05-15,66.7512,67.4739,66.7512,67.2906,67.2906,17511617
2013-05-16,67.0493,67.3895,66.8463,67.1424,67.1424,12297600
2013-05-17,67.1581,67.7171,67.114,67.6356,67.6356,14899219
2013-05-20,67.6426,67.7171,67.4209,67.572,67.572,9424148
2013-05-21,67.52,68.0544,67.4062,68.0191,68.0191,13154067
2013-05-22,68.1015,69.0939,67.7171,67.9171,67.9171,18009133
2013-05-23,67.3857,68.0485,67.2993,67.4632,67.4632,18675765
2013-05-24,67.1443,67.3219,66.9022,67.159,67.159,13431406
2013-05-28,67.7161,68.2996,67.5103,67.773,67.773,10833792
2013-05-29,67.3621,67.4248,65.8607,66.2559,66.2559,15347522
2013-05-30,66.3029,66.7649,66.2815,66.5217,66.5217,10084636
2013-05-31,66.2824,66.5246,65.1174,65.1174,65.1174,17200601
2013-06-03,65.1958,65.5292,64.4917,65.5292,65.5292,15215945
2013-06-04,65.5361,65.7783,64.6379,65.0566,65.0566,12890943
2013-06-05,64.9105,65.7538,64.578,64.731,64.731,12719068
2013-06-06,64.6613,65.3361,63.9347,65.3361,65.3361,13795506
2013-06-07,65.7225,65.8951,65.288,65.6822,65.6822,11516740
2013-06-10,65.7626,66.3029,65.5449,65.8607,65.8607,10958477
2013-06-11,65.5685,65.7705,65.0801,65.5117,65.5117,11591774
2013-06-12,65.8951,66.1412,64.7467,64.779,64.779,10875896
2013-06-13,64.6712,65.7225,64.2662,65.6822,65.6822,11082995
2013-06-14,65.5292,66.1245,65.491,65.6822,65.6822,8217852
2013-06-17,66.0411,66.8463,65.7362,66.2383,66.2383,10896414
2013-06-18,66.3304,66.8678,66.2383,66.806,66.806,9351634
2013-06-19,66.861,66.9119,65.5979,65.643,65.643,10714694
2013-06-20,65.1449,65.3272,63.5268,63.9112,63.9112,19615497
2013-06-21,64.2064,65.2262,63.818,64.3594,64.3594,26783694
2013-06-24,64.1417,65.993,64.0582,65.4518,65.4518,19103277
2013-06-25,65.8784,66.2079,65.3979,66.0264,66.0264,14531826
2013-06-26,66.4874,67.5474,66.4805,67.2925,67.2925,15469501
2013-06-27,67.7083,67.9348,66.9022,67.0767,67.0767,11492799
2013-06-28,67.0855,67.5935,66.4128,66.4197,66.4197,15380953
2013-07-01,66.3109,67.7936,66.1412,67.013,67.013,12805532
2013-07-02,67.0267,67.4543,66.6893,66.9698,66.9698,11083458
2013-07-03,67.0855,67.3287,66.6021,67.1316,67.1316,4664921
2013-07-05,67.7495,67.9789,67.2395,67.9711,67.9711,6985345
2013-07-08,68.1447,68.841,68.0485,68.5271,68.5271,15579419
2013-07-09,68.5772,68.9095,68.3536,68.7537,68.7537,12086418
2013-07-10,68.7537,69.2184,68.7017,69.0331,69.0331,9135889
2013-07-11,69.4725,69.5667,68.8477,69.3646,69.3646,11558600
2013-07-12,69.3823,69.6108,69.1419,69.6108,69.6108,9815463
2013-07-15,69.553,70.2482,69.4361,69.9284,69.9284,17251022
2013-07-16,70.4266,70.9042,69.7235,69.9284,69.9284,14753264
2013-07-17,70.0687,70.3717,69.5293,69.7235,69.7235,16592683
2013-07-18,69.8765,70.356,69.6676,69.749,69.749,10767848
2013-07-19,69.8058,71.3789,69.6598,71.3445,71.3445,16167344
2013-07-22,71.2307,71.6024,70.866,71.3847,71.3847,12819747
2013-07-23,71.4701,71.8329,71.2544,71.4925,71.4925,10946669
2013-07-24,71.6691,71.678,70.9748,71.4446,71.4446,8850224
2013-07-25,71.1689,71.7495,70.9748,71.6103,71.6103,9525950
2013-07-26,71.4142,71.8888,70.8974,71.8074,71.8074,11200684
2013-07-29,71.6525,72.2428,71.6397,72.1035,72.1035,10245875
2013-07-30,72.3055,72.6919,71.9555,72.0731,72.0731,11457569
2013-07-31,72.1192,73.0392,72.0869,72.3272,72.3272,14692773
2013-08-01,72.8381,73.0254,72.4899,72.537,72.537,14347827
2013-08-02,72.3743,73.0155,72.2889,73.0155,73.0155,10992148
2013-08-05,72.7537,72.947,72.2751,72.5625,72.5625,9298035
2013-08-06,72.6224,72.6685,72.3272,72.5684,72.5684,8292986
2013-08-07,72.4057,72.738,72.3055,72.4526,72.4526,11713232
2013-08-08,72.9244,73.0008,71.7191,72.2036,72.2036,14336648
2013-08-09,72.2428,72.2428,70.9955,71.4446,71.4446,15688314
2013-08-12,71.2307,71.7652,70.9808,71.1689,71.1689,14236734
2013-08-13,71.0837,72.2124,70.9808,71.9487,71.9487,13056216
2013-08-14,71.777,71.9035,70.0147,70.1608,70.1608,16441343
2013-08-15,69.8686,69.9383,68.9175,69.2744,69.2744,15533965
2013-08-16,68.9479,69.4646,68.6673,69.1342,69.1342,18228529
2013-08-19,69.2097,70.5875,69.1175,69.9696,69.9696,11229888
2013-08-20,70.0442,70.8974,69.4137,69.4137,69.4137,11064471
2013-08-21,69.2097,69.3332,68.5997,68.6938,68.6938,10265091
2013-08-22,68.6595,68.8694,68.1682,68.2741,68.2741,9297430
2013-08-23,68.5301,68.9272,67.9692,68.9066,68.9066,9898475
2013-08-26,68.8664,68.9626,68.1093,68.2192,68.2192,8627864
2013-08-27,67.7838,67.869,66.9973,67.1581,67.1581,12755059
2013-08-28,67.3091,67.7367,66.9346,67.4395,67.4395,11328296
2013-08-29,67.3484,67.9151,67.0188,67.4729,67.4729,7401989
2013-08-30,67.6366,67.6366,66.909,67.3484,67.3484,9586542
2013-09-03,67.7191,68.0437,67.0493,67.3562,67.3562,9739408
2013-09-04,67.3866,67.9946,67.2238,67.7288,67.7288,10857887
2013-09-05,67.8083,67.9388,67.5111,67.8358,67.8358,7257319
2013-09-06,67.9769,68.5222,67.0248,67.9308,67.9308,12879984
2013-09-09,68.1093,68.2741,67.8162,68.2427,68.2427,8755419
2013-09-10,68.6977,69.038,68.4703,68.9988,68.9988,11109761
2013-09-11,69.0782,69.5764,68.7036,69.547,69.547,10390904
2013-09-12,69.6128,69.8098,69.2734,69.3734,69.3734,10186208
2013-09-13,69.4665,69.5627,68.7498,69.0321,69.0321,9929123
2013-09-16,69.7029,69.8098,69.2331,69.3901,69.3901,9726617
2013-09-17,69.4058,69.5392,69.038,69.4147,69.4147,8073215
2013-09-18,69.2959,70.0755,68.8203,70.0755,70.0755,12978649
2013-09-19,70.1815,70.3001,69.9833,70.1981,70.1981,8623841
2013-09-20,70.3001,70.708,69.8922,69.8922,69.8922,18890805
2013-09-23,69.7029,69.953,69.2174,69.4371,69.4371,9464747
2013-09-24,69.3557,69.5216,68.7036,68.7575,68.7575,9988527
2013-09-25,68.9155,68.9527,67.8613,67.869,67.869,9613944
2013-09-26,68.028,68.3546,67.5895,67.8613,67.8613,8212150
2013-09-27,67.676,67.7602,67.371,67.5965,67.5965,7008698
2013-09-30,67.2856,67.7681,67.1443,67.5641,67.5641,10225509
2013-10-01,67.4876,68.1859,67.2317,68.1751,68.1751,8107323
2013-10-02,67.9094,68.0348,67.371,68.0348,68.0348,8190181
2013-10-03,67.9535,68.1192,67.2473,67.4797,67.4797,9920104
2013-10-04,67.668,68.1358,67.4641,68.0485,68.0485,7763460
2013-10-07,67.572,67.7906,67.2532,67.4876,67.4876,7320114
2013-10-08,67.5111,67.6033,66.6933,66.7227,66.7227,11125109
2013-10-09,66.9767,67.2051,66.6394,66.9973,66.9973,10283688
2013-10-10,67.5895,68.4154,67.572,68.4154,68.4154,11096162
2013-10-11,69.0684,69.7392,68.6026,69.7176,69.7176,10841461
2013-10-14,69.2331,70.0579,69.0782,69.9912,69.9912,11799495
2013-10-15,70.4051,71.2818,70.0922,70.0922,70.0922,14154561
2013-10-16,70.4717,71.0573,70.2697,71.0102,71.0102,10412502
2013-10-17,70.8229,71.7034,70.7454,71.6799,71.6799,10995306
2013-10-18,71.5092,71.7436,71.0336,71.4151,71.4151,11653451
2013-10-21,71.4151,71.4151,70.7454,71.0807,71.0807,8905291
2013-10-22,71.3533,72.1437,71.3141,71.9849,71.9849,12374284
2013-10-23,71.7593,72.0398,71.3298,71.7809,71.7809,8278361
2013-10-24,72.2114,72.4752,71.8104,71.9761,71.9761,6741495
2013-10-25,71.7378,71.9163,71.5319,71.774,71.774,7801579
2013-10-28,71.6721,72.3262,71.6417,72.0094,72.0094,8405233
2013-10-29,72.4271,72.6164,72.1575,72.591,72.591,7822979
2013-10-30,72.7017,72.8352,72.2114,72.3183,72.3183,8081293
2013-10-31,72.3653,72.7577,71.9525,72.18,72.18,9974610
2013-11-01,72.0016,72.9341,72.0016,72.7724,72.7724,8777321
2013-11-04,72.8419,72.8733,72.0398,72.5066,72.5066,8804982
2013-11-05,72.1252,72.4448,71.9221,72.3349,72.3349,6873381
2013-11-06,72.5066,72.64,72.2644,72.5145,72.5145,6801826
2013-11-07,72.6321,72.7577,72.2418,72.2418,72.2418,7856139
2013-11-08,72.1947,73.3411,72.1437,73.3009,73.3009,9276376
2013-11-11,73.2617,73.7609,73.2186,73.4902,73.4902,6060274
2013-11-12,73.248,73.3343,72.4831,72.9204,72.9204,9806539
2013-11-13,72.7626,72.8352,71.9525,72.7487,72.7487,11489207
2013-11-14,72.7948,73.3755,72.7948,73.2019,73.2019,9040311
2013-11-15,72.9744,73.5736,72.9116,73.5647,73.5647,9069361
2013-11-18,73.5432,73.7295,73.2686,73.4991,73.4991,10895274
2013-11-19,73.4726,73.9795,73.2617,73.9314,73.9314,8499206
2013-11-20,73.9942,74.409,73.7775,74.16,74.16,9091268
2013-11-21,74.4023,74.6267,74.0815,74.1973,74.1973,8848347
2013-11-22,74.0805,75.0141,74.0805,74.7533,74.7533,8233912
2013-11-25,74.9445,75.3377,74.6218,75.0544,75.0544,8123128
2013-11-26,74.9514,75.2397,74.5366,74.6071,74.6071,9260073
2013-11-27,74.8278,74.8504,74.2541,74.5435,74.5435,5865926
2013-11-29,74.7406,74.9514,74.1109,74.2944,74.2944,5232705
2013-12-02,74.0972,74.2944,73.7501,73.9932,73.9932,7426527
2013-12-03,73.9296,74.211,73.3902,73.7501,73.7501,11550553
2013-12-04,73.5853,73.9708,73.094,73.4844,73.4844,7902070
2013-12-05,73.3215,73.4844,72.7223,72.9675,72.9675,11042349
2013-12-06,73.4617,74.1531,73.3215,74.1188,74.1188,9276318
2013-12-09,74.0089,74.1531,73.5392,74.1188,74.1188,8886659
2013-12-10,74.2286,74.3963,73.7412,73.8805,73.8805,9653722
2013-12-11,74.0884,74.1266,73.0116,73.0763,73.0763,12008032
2013-12-12,72.8656,72.8813,71.476,71.5456,71.5456,15653584
2013-12-13,71.78,72.0938,71.4828,71.6936,71.6936,10077692
2013-12-16,71.7515,72.4556,71.5456,71.7103,71.7103,8438766
2013-12-17,71.6525,71.6789,71.0287,71.1522,71.1522,11204768
2013-12-18,71.3828,72.7223,70.4541,72.7066,72.7066,12349356
2013-12-19,72.5193,72.5193,71.7515,72.1869,72.1869,9353587
2013-12-20,72.1643,72.7938,72.1643,72.2751,72.2751,14338527
2013-12-23,72.6439,72.738,72.0173,72.2281,72.2281,6769169
2013-12-24,72.3468,72.5116,72.0859,72.2526,72.2526,4010193
2013-12-26,72.1967,72.6292,72.0251,72.6292,72.6292,4407945
2013-12-27,72.8087,72.9587,72.3468,72.4792,72.4792,4474345
2013-12-30,72.3291,72.4399,71.9938,72.4399,72.4399,5568210
2013-12-31,72.3369,72.3772,71.5357,71.8839,71.8839,8088635
2014-01-02,71.5279,71.9938,71.4279,71.4426,71.4426,7544497
2014-01-03,71.6466,72.3772,71.6241,72.0859,72.0859,7183297
2014-01-06,72.1516,72.7938,72.1026,72.4635,72.4635,9515163
2014-01-07,73.0205,74.262,72.9822,74.0012,74.0012,14129971
2014-01-08,73.908,74.2453,73.6795,73.8982,73.8982,11591245
2014-01-09,74.5131,74.8572,73.8462,74.3444,74.3444,10133002
2014-01-10,74.2777,74.5435,73.8805,74.3542,74.3542,8537077
2014-01-13,74.0648,74.5513,73.8217,74.1679,74.1679,12225373
2014-01-14,74.2453,74.4787,74.0246,74.3365,74.3365,9642125
2014-01-15,74.2855,74.769,74.1766,74.4033,74.4033,9458749
2014-01-16,74.2453,74.6287,73.958,74.2777,74.2777,10704444
2014-01-17,74.3365,74.6935,74.0727,74.6071,74.6071,17601360
2014-01-21,74.5052,74.6357,72.6909,73.7982,73.7982,20855966
2014-01-22,73.7668,74.2041,73.4118,74.0246,74.0246,11336612
2014-01-23,73.5392,73.6177,72.5272,72.7841,72.7841,11878094
2014-01-24,72.2977,72.6842,71.1151,71.1151,71.1151,13583161
2014-01-27,70.87,71.2327,70.5159,70.5875,70.5875,11075151
2014-01-28,71.0905,71.1071,70.4689,70.715,70.715,10549337
2014-01-29,70.2188,70.408,69.4802,69.7716,69.7716,14230122
2014-01-30,70.3355,70.4619,69.8599,70.2452,70.2452,8761483
2014-01-31,69.8599,70.1197,69.1813,69.4361,69.4361,15542507
2014-02-03,69.6529,69.6794,67.972,68.1054,68.1054,17775301
2014-02-04,68.225,68.5007,67.5641,67.9809,67.9809,14571965
2014-02-05,67.9348,68.8066,67.873,68.5007,68.5007,13605990
2014-02-06,68.7762,69.6617,68.7124,69.6529,69.6529,12789819
2014-02-07,69.7863,70.6659,69.546,70.6659,70.6659,12136542
2014-02-10,70.7778,71.4828,70.4756,71.476,71.476,10295501
2014-02-11,71.4828,72.9675,71.3828,72.9675,72.9675,14756185
2014-02-12,72.9488,72.9822,72.1643,72.535,72.535,9810040
2014-02-13,72.2046,72.6909,71.9761,72.6439,72.6439,7551101
2014-02-14,72.6752,72.9488,72.2281,72.7998,72.7998,7039223
2014-02-18,72.8087,72.8723,72.2751,72.3379,72.3379,8835515
2014-02-19,72.3222,72.7938,71.8672,71.9211,71.9211,9802881
2014-02-20,71.9614,72.7774,71.6623,72.5026,72.5026,10397259
2014-02-21,72.6135,72.9224,72.2889,72.3458,72.3458,9337624
2014-02-24,72.2889,72.7724,72.0143,72.0212,72.0212,10635557
2014-02-25,72.4007,72.6214,71.6642,72.0212,72.0212,8079854
2014-02-26,72.0212,72.3596,71.7535,72.0212,72.0212,8013057
2014-02-27,72.0584,72.2654,71.7388,72.2183,72.2183,8906728
2014-02-28,72.2654,73.2323,71.9809,72.8185,72.8185,12200692
2014-03-03,72.0379,72.7086,71.7996,72.3762,72.3762,9496485
2014-03-04,73.0813,73.8766,72.9224,73.7844,73.7844,11128287
2014-03-05,73.7265,73.7511,73.0254,73.1902,73.1902,8657483
2014-03-06,73.6638,74.0286,73.3765,73.4255,73.4255,9764682
2014-03-07,73.8079,73.8923,73.2676,73.7678,73.7678,8592594
2014-03-10,73.651,73.9011,73.349,73.8697,73.8697,6174703
2014-03-11,74.0757,74.1081,73.5853,73.9011,73.9011,7384365
2014-03-12,73.3765,74.0031,73.2401,73.9894,73.9894,7791952
2014-03-13,74.1855,74.4611,73.501,73.5167,73.5167,9689510
2014-03-14,73.452,73.8619,73.089,73.3667,73.3667,9282768
2014-03-17,73.7422,74.4474,73.6569,74.2502,74.2502,7434524
2014-03-18,74.2257,74.4954,73.8923,74.258,74.258,7453574
2014-03-19,74.2169,74.5896,73.452,73.9815,73.9815,7511360
2014-03-20,73.9266,74.4551,73.4834,74.4023,74.4023,7245623
2014-03-21,74.9141,75.8301,74.208,75.8301,75.8301,30368127
2014-03-24,75.3339,75.4349,74.7326,75.2514,75.2514,17647255
2014-03-25,75.6505,77.2285,75.6505,76.9765,76.9765,17922432
2014-03-26,77.0785,77.8354,76.7145,76.7145,76.7145,14187706
2014-03-27,76.7392,77.2285,76.0919,76.898,76.898,10999152
2014-03-28,77.0785,77.6424,76.645,77.0254,77.0254,11152706
2014-03-31,77.4677,77.9393,77.1598,77.6491,77.6491,9545688
2014-04-01,77.7109,78.0061,76.9696,77.4216,77.4216,8942283
2014-04-02,77.4746,77.7776,76.9696,77.6491,77.6491,10114892
2014-04-03,77.4442,77.7364,77.0951,77.6718,77.6718,6927584
2014-04-04,78.0297,78.5592,77.7198,77.7973,77.7973,13042620
2014-04-07,77.7776,78.5415,77.3333,77.3775,77.3775,14434258
2014-04-08,77.4913,78.0444,77.0725,77.5138,77.5138,12146896
2014-04-09,77.7973,78.2582,77.2951,78.2169,78.2169,11286333
2014-04-10,78.1473,78.2003,76.2987,76.3134,76.3134,12230637
2014-04-11,76.1478,76.8342,75.9262,76.5763,76.5763,11019942
2014-04-14,76.898,76.9608,76.086,76.7881,76.7881,10901689
2014-04-15,77.8217,78.4249,77.507,78.416,78.416,17717118
2014-04-16,78.7092,78.8181,77.5217,78.0591,78.0591,14305250
2014-04-17,78.014,78.77,78.014,78.2258,78.2258,11579681
2014-04-21,78.1541,79.1515,77.9964,79.0505,79.0505,8895150
2014-04-22,79.0505,79.6409,78.8436,79.1947,79.1947,10041847
2014-04-23,79.2407,79.4889,78.9848,79.2241,79.2241,7438543
2014-04-24,79.2407,79.3476,78.6935,79.0172,79.0172,7785177
2014-04-25,79.1192,79.2554,78.5768,78.8838,78.8838,7461135
2014-04-28,79.4889,80.2331,79.1417,80.1057,80.1057,11123706
2014-04-29,80.3371,80.6108,79.8096,79.8654,79.8654,9881611
2014-04-30,79.7085,80.3695,79.5986,80.0645,80.0645,10770178
2014-05-01,79.6566,79.8654,78.9926,79.4673,79.4673,8337336
2014-05-02,79.1848,79.3545,78.163,78.5013,78.5013,11061938
2014-05-05,78.4876,79.1848,78.2906,79.0505,79.0505,6879662
2014-05-06,79.0623,79.0623,78.6583,78.6583,78.6583,7332132
2014-05-07,78.927,79.8831,78.5327,79.7723,79.7723,11032299
2014-05-08,79.5585,79.9135,79.3378,79.4399,79.4399,7171372
2014-05-09,79.4673,80.0351,79.3741,79.7723,79.7723,7200315
2014-05-12,80.0263,80.0263,79.3741,79.4575,79.4575,9408639
2014-05-13,79.7645,80.2254,79.5398,79.8557,79.8557,7821687
2014-05-14,79.8017,79.9212,79.6566,79.735,79.735,5297806
2014-05-15,79.5497,79.7085,79.3741,79.5909,79.5909,8870475
2014-05-16,79.4575,79.7546,79.1574,79.5056,79.5056,8244213
2014-05-19,79.2241,79.785,79.1515,79.5497,79.5497,8851960
2014-05-20,79.685,79.8223,79.0172,79.2476,79.2476,6879954
2014-05-21,79.5193,79.993,79.4673,79.9508,79.9508,6707896
2014-05-22,80.0567,80.4008,79.6624,80.3597,80.3597,6438411
2014-05-23,80.4264,80.5215,80.1302,80.3793,80.3793,6628184
2014-05-27,80.4744,80.6843,79.8173,80.2421,80.2421,5683945
2014-05-28,80.1302,80.3371,79.6938,79.836,79.836,5468385
2014-05-29,80.0439,80.2331,79.7154,80.1989,80.1989,4629701
2014-05-30,80.1537,80.8274,80.0351,80.7628,80.7628,7503782
2014-06-02,80.8274,81.3923,80.4008,81.3217,81.3217,7352381
2014-06-03,81.1186,81.6679,81.0667,81.5531,81.5531,8393886
2014-06-04,81.3697,81.7571,81.1423,81.7355,81.7355,7046071
2014-06-05,81.8082,82.2876,81.5197,82.1719,82.1719,5943361
2014-06-06,82.1916,82.2631,81.858,82.1376,82.1376,5810384
2014-06-09,82.0444,82.1798,81.7355,82.1719,82.1719,4709596
2014-06-10,82.3651,82.8751,81.7992,82.8584,82.8584,7283642
2014-06-11,82.6211,82.8986,82.0964,82.2534,82.2534,7488299
2014-06-12,82.1376,82.1631,81.5972,81.6129,81.6129,7456130
2014-06-13,81.5972,81.711,81.3217,81.6129,81.6129,5404078
2014-06-16,81.6062,81.8974,81.0667,81.5444,81.5444,7092449
2014-06-17,81.2883,81.3472,80.702,81.1334,81.1334,6074944
2014-06-18,81.1186,81.8503,81.0864,81.8336,81.8336,6845719
2014-06-19,81.9308,82.678,81.8336,82.6211,82.6211,6886416
2014-06-20,83.0751,83.9538,82.8348,83.7871,83.7871,15659293
2014-06-23,83.5243,83.6665,83.1319,83.39,83.39,7617152
2014-06-24,83.2938,83.7517,83.2241,83.2565,83.2565,7431370
2014-06-25,82.9584,84.2744,82.9584,84.1832,84.1832,8054206
2014-06-26,84.249,84.3559,83.5938,84.0979,84.0979,6415811
2014-06-27,83.9449,84.0479,83.1409,83.5771,83.5771,8119448
2014-06-30,84.0705,84.3744,83.1997,83.2839,83.2839,8724006
2014-07-01,83.6832,84.3744,83.5771,84.2744,84.2744,6449740
2014-07-02,84.1303,84.3559,83.8018,84.2657,84.2657,4729834
2014-07-03,84.2744,84.5834,83.6596,83.9136,83.9136,5275299
2014-07-07,83.9136,84.956,83.7871,84.7412,84.7412,8817146
2014-07-08,84.55,84.5834,83.9852,84.147,84.147,7874936
2014-07-09,84.3744,84.55,84.147,84.4137,84.4137,7187668
2014-07-10,83.6371,84.3744,83.1997,84.2136,84.2136,6225111
2014-07-11,84.249,84.3823,83.4859,83.6527,83.6527,6864510
2014-07-14,83.8783,83.9636,83.6596,83.8783,83.8783,9781721
2014-07-15,83.7517,83.9449,81.7992,82.218,82.218,17869607
2014-07-16,82.4122,82.5074,81.15,81.3629,81.3629,15009657
2014-07-17,81.0118,81.2639,79.8096,79.8998,79.8998,14103034
2014-07-18,80.1302,81.15,79.8998,81.0403,81.0403,10563744
2014-07-21,80.7402,80.8588,80.4097,80.6108,80.6108,8021780
2014-07-22,81.2236,81.6209,81.0216,81.5611,81.5611,8234045
2014-07-23,81.7659,81.9308,81.1021,81.3394,81.3394,6049672
2014-07-24,81.457,81.7748,81.2001,81.3472,81.3472,6503829
2014-07-25,81.4001,81.506,81.0403,81.2707,81.2707,4964463
2014-07-28,81.1119,81.506,80.9206,81.2707,81.2707,5822784
2014-07-29,81.5444,81.5972,80.9481,81.15,81.15,7611582
2014-07-30,81.4001,81.865,81.0461,81.4228,81.4228,7532242
2014-07-31,80.9039,81.0667,79.6409,79.6693,79.6693,11484833
2014-08-01,79.2554,79.9302,78.6416,79.5193,79.5193,10817639
2014-08-04,79.5909,79.9075,79.0584,79.7252,79.7252,8531327
2014-08-05,79.4673,79.7949,79.2407,79.4575,79.4575,7827843
2014-08-06,79.3378,80.2568,79.278,80.1616,80.1616,9311820
2014-08-07,80.4656,80.548,79.2623,79.5398,79.5398,9319067
2014-08-08,79.7723,80.5126,79.4143,80.4568,80.4568,7058693
2014-08-11,80.8912,81.0216,80.4008,80.5215,80.5215,7169131
2014-08-12,80.3931,80.5714,79.8458,80.0969,80.0969,5751001
2014-08-13,80.5126,81.15,80.5126,80.9883,80.9883,5733430
2014-08-14,81.1119,81.2236,80.7941,81.2001,81.2001,6581049
2014-08-15,81.356,81.5354,80.2331,80.5313,80.5313,8776554
2014-08-18,81.1256,81.7659,80.9981,81.7502,81.7502,7513406
2014-08-19,81.7571,81.9562,81.2001,81.9562,81.9562,7123233
2014-08-20,81.8336,82.2357,81.7502,82.1631,82.1631,6511481
2014-08-21,82.2631,83.1152,82.2631,82.9339,82.9339,10499681
2014-08-22,83.0417,83.3752,82.5074,82.6122,82.6122,6334592
2014-08-25,83.0574,83.1908,82.6044,82.725,82.725,4589894
2014-08-26,82.9162,83.1152,82.678,82.8918,82.8918,4383033
2014-08-27,83.0173,83.1152,82.4583,82.7171,82.7171,5972794
2014-08-28,82.4583,82.6946,82.317,82.4877,82.4877,4349651
2014-08-29,82.6122,83.1506,82.5436,83.1242,83.1242,6598398
2014-09-02,82.7839,83.1075,82.5515,82.827,82.827,5796076
2014-09-03,83.1997,83.4361,82.9663,83.1506,83.1506,5897179
2014-09-04,83.3409,83.4361,83.1506,83.2154,83.2154,7671504
2014-09-05,83.2839,83.6753,82.8113,83.6753,83.6753,7176059
2014-09-08,83.6753,83.8018,83.2065,83.39,83.39,6114903
2014-09-09,83.6596,83.6596,82.9761,83.183,83.183,7495278
2014-09-10,83.5096,84.4225,83.3183,84.1303,84.1303,9242705
2014-09-11,83.9636,84.0568,83.4361,83.7792,83.7792,6034458
2014-09-12,83.7714,83.9852,83.3183,83.8018,83.8018,7399574
2014-09-15,83.8105,84.0705,83.6184,83.9214,83.9214,5647259
2014-09-16,83.7263,84.8864,83.5861,84.8393,84.8393,7588884
2014-09-17,84.8393,85.4561,84.7835,85.0894,85.0894,8270612
2014-09-18,85.0796,86.0651,84.9638,86.023,86.023,8271730
2014-09-19,86.4623,86.8476,86.2387,86.5407,86.5407,16263857
2014-09-22,86.5407,86.7614,86.377,86.4446,86.4446,7225584
2014-09-23,86.3681,86.6358,85.8954,86.1073,86.1073,10117748
2014-09-24,86.3064,87.1517,86.0131,87.0653,87.0653,7352945
2014-09-25,86.9694,86.9869,85.8151,85.8318,85.8318,7102073
2014-09-26,86.1328,86.1328,85.0991,85.8318,85.8318,5574767
2014-09-29,85.2531,85.4738,84.9717,85.3796,85.3796,8212905
2014-09-30,85.3453,85.9121,85.3022,85.4217,85.4217,8512753
2014-10-01,84.9187,85.1659,83.3105,83.5861,83.5861,15307907
2014-10-02,83.3987,83.7714,82.7407,83.2241,83.2241,9441365
2014-10-03,83.532,84.3009,83.4605,84.249,84.249,8555473
2014-10-06,84.6942,84.9374,83.6282,84.0303,84.0303,6259941
2014-10-07,83.7017,83.7017,82.012,82.0523,82.0523,10492404
2014-10-08,82.0866,84.1655,81.7748,84.0705,84.0705,10403334
2014-10-09,83.8429,84.0303,81.5708,81.7992,81.7992,13322569
2014-10-10,82.0219,82.1719,81.1186,81.1186,81.1186,12458965
2014-10-13,81.306,81.306,79.3545,79.431,79.431,12903691
2014-10-14,80.5627,80.8588,76.4036,77.7423,77.7423,25964778
2014-10-15,76.9715,79.1113,76.2125,78.7044,78.7044,27335403
2014-10-16,77.708,78.5337,77.3333,77.5569,77.5569,18187942
2014-10-17,78.166,79.4585,77.9807,79.0946,79.0946,15324391
2014-10-20,79.2015,79.4967,78.7877,79.4967,79.4967,9972645
2014-10-21,80.0027,80.4411,79.6076,80.4264,80.4264,9094424
2014-10-22,81.0216,81.5708,80.5549,81.1186,81.1186,11685413
2014-10-23,81.9474,82.5161,81.6934,82.2534,82.2534,9447004
2014-10-24,82.4877,82.775,81.9051,82.6416,82.6416,7453630
2014-10-27,82.5975,83.54,82.5691,83.4075,83.4075,8790579
2014-10-28,83.7792,83.9783,82.9839,83.9715,83.9715,12912524
2014-10-29,84.1401,84.6,84.0303,84.6,84.6,10217922
2014-10-30,84.2832,85.7984,84.0705,85.7906,85.7906,11316004
2014-10-31,86.427,86.7084,85.9524,86.377,86.377,13481497
2014-11-03,86.4114,86.6555,85.5571,86.1073,86.1073,8838101
2014-11-04,86.4535,87.1261,86.0131,87.0477,87.0477,11666483
2014-11-05,87.3792,87.5626,86.5064,87.1959,87.1959,8693573
2014-11-06,87.29,87.6155,86.9869,87.3448,87.3448,7737062
2014-11-07,87.3361,87.3635,86.4809,86.726,86.726,8301463
2014-11-10,86.6094,87.2821,85.9043,87.1959,87.1959,9450389
2014-11-11,87.2487,87.6793,86.9869,87.2733,87.2733,7772966
2014-11-12,87.082,87.3361,86.8653,87.1351,87.1351,6109434
2014-11-13,87.4488,87.744,86.9517,87.3979,87.3979,6064158
2014-11-14,87.3272,87.388,86.5574,86.6908,86.6908,7051328
2014-11-17,86.5486,87.0997,86.2309,86.7858,86.7858,6529772
2014-11-18,86.726,87.388,86.324,87.2046,87.2046,6747354
2014-11-19,86.9241,87.1869,86.6358,87.1438,87.1438,6511047
2014-11-20,86.9869,87.0045,86.2975,86.7084,86.7084,10095055
2014-11-21,87.6234,87.7028,86.8025,86.9968,86.9968,10434634
2014-11-24,87.0477,87.29,86.0043,86.2044,86.2044,11279333
2014-11-25,86.2897,86.4535,86.0582,86.0582,86.0582,9134593
2014-11-26,86.1171,86.5064,85.9788,86.4721,86.4721,6823399
2014-11-28,86.7948,87.7793,86.577,87.2997,87.2997,7291462
2014-12-01,86.9241,87.7705,86.5917,87.1261,87.1261,6990866
2014-12-02,87.082,87.5459,86.726,87.5292,87.5292,7667293
2014-12-03,87.5537,87.9205,86.8301,86.8909,86.8909,11105081
2014-12-04,87.1772,87.3448,86.6182,86.7614,86.7614,8447366
2014-12-05,86.7437,87.7127,86.4809,87.5292,87.5292,7994232
2014-12-08,87.4488,87.8342,87.2135,87.5381,87.5381,8059450
2014-12-09,87.4764,87.4949,86.2122,87.1351,87.1351,8944166
2014-12-10,86.7948,87.082,85.6278,85.6945,85.6945,11674126
2014-12-11,85.3796,86.5574,84.9805,86.0749,86.0749,8820611
2014-12-12,86.0131,86.1955,84.1999,84.2303,84.2303,10332607
2014-12-15,84.5118,84.7364,83.5861,83.8509,83.8509,15014466
2014-12-16,83.4772,84.857,82.678,82.8829,82.8829,12660718
2014-12-17,83.083,84.2832,82.8348,83.9371,83.9371,12655257
2014-12-18,85.1913,86.1593,84.4853,86.1504,86.1504,14575918
2014-12-19,85.9945,86.6281,85.0894,85.1355,85.1355,23747287
2014-12-22,85.2531,86.1691,85.2344,86.0906,86.0906,10072667
2014-12-23,85.9876,86.2309,83.8185,84.1146,84.1146,12622330
2014-12-24,84.1901,84.956,84.1901,84.3647,84.3647,4240284
2014-12-26,84.7412,85.2531,84.448,84.7364,84.7364,3658605
2014-12-29,84.4049,85.2531,84.3744,84.956,84.956,5298120
2014-12-30,85.0276,85.3375,84.7364,84.9805,84.9805,5419928
2014-12-31,85.1816,85.5914,84.3255,84.347,84.347,7688528
2015-01-02,84.7511,85.1355,83.9852,84.3088,84.3088,7137387
2015-01-05,84.2744,84.4764,83.6282,83.7106,83.7106,10016546
2015-01-06,84.1558,84.6843,83.0251,83.3105,83.3105,9209083
2015-01-07,83.8105,85.362,83.7263,85.1432,85.1432,9833605
2015-01-08,85.5571,85.8954,85.2934,85.8151,85.8151,12305907
2015-01-09,85.8954,85.8954,84.4941,84.6373,84.6373,9130709
2015-01-12,84.9187,85.3542,84.1234,84.3559,84.3559,8478837
2015-01-13,85.0443,85.7749,84.0793,84.503,84.503,12590221
2015-01-14,83.7714,84.2303,83.5016,83.887,83.887,11018816
2015-01-15,83.0506,83.8262,82.2357,82.6692,82.6692,13432821
2015-01-16,82.3249,84.3823,82.2798,83.9214,83.9214,17471367
2015-01-20,82.0523,82.317,80.8676,81.7021,81.7021,25375342
2015-01-21,81.1119,82.3563,80.9804,82.1916,82.1916,14508948
2015-01-22,82.5828,83.743,81.9208,83.6832,83.6832,11203419
2015-01-23,83.0251,83.0506,82.2259,82.4426,82.4426,12553872
2015-01-26,82.1131,82.6299,81.6346,82.472,82.472,11111910
2015-01-27,82.1376,82.8918,81.4051,82.3484,82.3484,12596672
2015-01-28,82.6613,83.0173,81.8159,81.8503,81.8503,10941994
2015-01-29,81.8727,82.6416,81.2001,82.576,82.576,9384327
2015-01-30,81.9308,82.2798,80.7334,80.7686,80.7686,13236095
2015-02-02,81.052,81.3472,80.1586,81.3305,81.3305,11146272
2015-02-03,81.7905,82.725,81.5611,82.6416,82.6416,12401923
2015-02-04,82.375,82.6299,81.4816,81.7571,81.7571,11793966
2015-02-05,81.9208,82.725,81.8336,82.6416,82.6416,8234876
2015-02-06,82.3651,82.6299,81.3305,81.5444,81.5444,11425364
2015-02-09,81.513,81.513,79.9332,80.4803,80.4803,12213833
2015-02-10,80.8137,81.2236,80.1979,80.9393,80.9393,15218898
2015-02-11,81.0304,81.2982,80.6195,80.9657,80.9657,10137201
2015-02-12,81.0589,81.0942,78.3591,79.3996,79.3996,32029501
2015-02-13,79.3996,80.3931,79.3124,80.3518,80.3518,13828043
2015-02-17,80.1665,81.0461,79.9489,81.0118,81.0118,10695588
2015-02-18,81.2236,81.4139,80.1586,80.6255,80.6255,9767209
2015-02-19,80.6195,81.3394,80.344,81.2236,81.2236,12432425
2015-02-20,81.3697,81.5197,80.5009,81.4315,81.4315,12415995
2015-02-23,81.7277,81.8503,81.0589,81.3697,81.3697,8468255
2015-02-24,81.4228,82.0768,81.2236,81.7905,81.7905,8111008
2015-02-25,81.9886,82.2798,81.356,82.2083,82.2083,11922304
2015-02-26,82.3484,83.8018,82.218,83.5096,83.5096,14081619
2015-02-27,83.9312,83.9312,83.2418,83.2654,83.2654,10464921
2015-03-02,83.5861,83.9852,83.4261,83.8352,83.8352,8959929
2015-03-03,83.7263,83.7341,82.6946,83.1242,83.1242,7903587
2015-03-04,82.9339,82.9427,82.1798,82.5603,82.5603,10668541
2015-03-05,82.8986,83.8262,82.8417,83.2742,83.2742,9901401
2015-03-06,82.9162,83.1997,81.1256,81.3148,81.3148,11434570
2015-03-09,81.3148,81.9729,81.0304,81.7571,81.7571,7018872
2015-03-10,81.2138,81.5805,80.8274,80.8431,80.8431,10755086
2015-03-11,80.9481,81.0864,79.7782,79.8586,79.8586,11250510
2015-03-12,80.3822,81.4139,80.2753,81.0864,81.0864,10240709
2015-03-13,81.2069,81.2639,80.1204,80.5823,80.5823,9629927
2015-03-16,81.3148,82.0964,81.0118,82.0866,82.0866,9512596
2015-03-17,81.3148,81.6443,80.7451,81.1334,81.1334,8989351
2015-03-18,81.1334,82.6299,80.5166,82.4191,82.4191,9815341
2015-03-19,82.068,82.8113,81.963,82.5897,82.5897,8449612
2015-03-20,82.7407,83.5861,82.6515,83.1751,83.1751,15307939
2015-03-23,83.2321,83.9371,83.033,83.6449,83.6449,11100065
2015-03-24,83.5243,83.8429,82.7926,82.8113,82.8113,10330333
2015-03-25,82.725,83.2565,81.4983,81.4983,81.4983,10396083
2015-03-26,81.1844,81.8827,80.8676,81.3394,81.3394,12277546
2015-03-27,81.4492,81.9963,81.3472,81.4983,81.4983,7198994
2015-03-30,82.2357,82.7338,81.8424,82.472,82.472,7462213
2015-03-31,82.012,82.4426,81.7021,81.711,81.711,9883737
2015-04-01,81.5972,81.5972,80.0939,80.5352,80.5352,13996007
2015-04-02,80.7666,81.2138,80.3214,80.9294,80.9294,7506537
2015-04-06,80.2331,80.8676,79.634,80.542,80.542,11939346
2015-04-07,80.8588,81.9308,80.7608,81.306,81.306,9726558
2015-04-08,81.0942,81.5895,80.9,81.356,81.356,9054112
2015-04-09,81.6443,82.5603,81.4903,82.3102,82.3102,9940163
2015-04-10,82.3102,82.9584,81.9807,82.8918,82.8918,8355178
2015-04-13,82.4661,82.827,81.6679,81.6679,81.6679,13239210
2015-04-14,82.0768,82.4191,81.3776,81.6443,81.6443,11477044
2015-04-15,81.659,82.2357,81.4903,81.711,81.711,10128807
2015-04-16,81.4315,81.4816,81.0403,81.052,81.052,9018017
2015-04-17,80.7058,81.1021,80.5009,80.8843,80.8843,13646480
2015-04-20,81.4315,81.9375,81.2639,81.3923,81.3923,8210050
2015-04-21,81.7571,82.0297,81.356,81.4669,81.4669,8042762
2015-04-22,81.7355,81.8727,81.1922,81.5708,81.5708,5865620
2015-04-23,81.6266,81.8904,81.15,81.5972,81.5972,9050788
2015-04-24,81.306,82.4583,81.2236,82.1052,82.1052,8084957
2015-04-27,82.1719,82.5161,81.6062,81.6934,81.6934,11220593
2015-04-28,81.5895,81.9963,80.6637,81.8249,81.8249,9214795
2015-04-29,81.6346,81.7198,81.1423,81.5354,81.5354,10989625
2015-04-30,81.2236,81.3472,80.2244,80.5754,80.5754,12521688
2015-05-01,80.9118,81.5354,80.9118,81.3305,81.3305,7702043
2015-05-04,81.4903,81.6679,81.356,81.506,81.506,6811172
2015-05-05,81.3305,81.457,80.646,80.8196,80.8196,10868850
2015-05-06,80.9118,81.1186,80.1361,80.55,80.55,9886389
2015-05-07,80.3627,81.2236,80.339,80.9481,80.9481,7881370
2015-05-08,81.6129,82.576,81.5805,82.4279,82.4279,9244326
2015-05-11,82.3023,82.5691,82.0444,82.0611,82.0611,7016167
2015-05-12,81.9375,82.0768,81.4492,81.6062,81.6062,8498821
2015-05-13,81.7748,82.1445,81.6062,81.6679,81.6679,7173693
2015-05-14,82.012,82.7407,81.9963,82.7103,82.7103,6714777
2015-05-15,82.827,83.1075,82.576,83.0908,83.0908,7415855
2015-05-18,83.1506,84.7412,83.1075,83.994,83.994,12902025
2015-05-19,84.2303,84.5765,83.8596,84.448,84.448,9509620
2015-05-20,84.8099,84.857,83.9136,84.147,84.147,8798578
2015-05-21,84.1745,84.5216,83.7263,83.7948,83.7948,8403717
2015-05-22,83.5861,83.7871,82.8986,82.9162,82.9162,7598622
2015-05-26,82.8201,83.083,82.2945,82.4798,82.4798,9670048
2015-05-27,82.6416,82.9663,82.4661,82.7407,82.7407,11364381
2015-05-28,82.6416,83.2065,82.472,82.7564,82.7564,6966887
2015-05-29,83.083,83.1409,81.6747,81.9308,81.9308,12170820
2015-06-01,82.0376,82.3102,81.5895,81.8503,81.8503,8920100
2015-06-02,81.7502,82.012,81.0795,81.7992,81.7992,10159906
2015-06-03,82.0768,82.1719,81.6836,81.8904,81.8904,6569729
2015-06-04,81.6836,82.2003,81.0461,81.1884,81.1884,9848663
2015-06-05,80.9902,81.0413,80.342,80.6627,80.6627,9236804
2015-06-08,80.6696,80.9814,80.1469,80.1469,80.1469,8622499
2015-06-09,80.5401,80.6225,80.0174,80.3499,80.3499,9587547
2015-06-10,80.5734,81.4492,80.342,80.901,80.901,12252942
2015-06-11,81.0962,81.6512,80.8598,81.1951,81.1951,7547638
2015-06-12,80.901,81.1884,80.2792,80.4656,80.4656,10649972
2015-06-15,79.9743,80.0714,79.3682,79.7664,79.7664,8352138
2015-06-16,79.7732,80.5804,79.4438,80.4754,80.4754,7394013
2015-06-17,80.4901,81.0962,80.3019,80.7735,80.7735,7523817
2015-06-18,80.8843,82.2719,80.7608,82.1131,82.1131,10775007
2015-06-19,81.7198,81.9807,81.6346,81.7021,81.7021,14243518
2015-06-22,82.3102,82.4975,81.8082,81.8904,81.8904,6179466
2015-06-23,81.8974,82.1131,81.3874,81.6346,81.6346,7390503
2015-06-24,81.3805,81.659,81.054,81.2659,81.2659,8866950
2015-06-25,81.4051,81.7992,81.0883,81.0962,81.0962,8043642
2015-06-26,81.3511,81.9208,81.0962,81.5197,81.5197,11050387
2015-06-29,81.1138,81.2835,79.8704,79.9175,79.9175,13629211
2015-06-30,80.5333,80.549,79.6066,79.7389,79.7389,10961048
2015-07-01,80.4264,80.7382,79.8881,80.5637,80.5637,8221601
2015-07-02,80.8775,81.0138,80.4411,80.5401,80.5401,7445716
2015-07-06,79.8704,80.5891,79.0652,80.342,80.342,8332950
2015-07-07,80.6794,80.9814,79.7879,80.9304,80.9304,8705494
2015-07-08,80.5235,80.6627,79.9262,79.991,79.991,8366928
2015-07-09,81.0413,81.4404,80.5078,80.5078,80.5078,8942362
2015-07-10,81.6346,81.7277,81.0697,81.4315,81.4315,8518123
2015-07-13,81.858,82.2083,81.711,82.0376,82.0376,8539020
2015-07-14,81.2089,81.7198,80.6284,81.6346,81.6346,12088509
2015-07-15,81.6209,82.5828,81.513,82.1631,82.1631,9766193
2015-07-16,82.5897,82.9251,82.4494,82.725,82.725,7058385
2015-07-17,82.5436,82.5603,81.7816,81.8827,81.8827,9844141
2015-07-20,82.0964,82.3484,81.8974,82.1219,82.1219,6130938
2015-07-21,82.3102,82.472,81.8727,82.0964,82.0964,7201021
2015-07-22,82.1542,82.4044,81.5972,81.963,81.963,8215735
2015-07-23,82.2259,82.3102,81.8159,81.9807,81.9807,6130938
2015-07-24,81.5972,81.7748,81.0413,81.1206,81.1206,7974097
2015-07-27,80.9745,80.9902,80.1145,80.4097,80.4097,10675030
2015-07-28,80.9039,81.1884,80.5235,81.0138,81.0138,9481623
2015-07-29,81.2089,81.858,81.0413,81.5972,81.5972,9598944
2015-07-30,81.6512,81.8159,81.3109,81.6836,81.6836,6743658
2015-07-31,82.0964,82.6122,81.7816,81.9886,81.9886,7598497
2015-08-03,81.8159,81.9886,81.1884,81.8336,81.8336,7544233
2015-08-04,82.1542,82.2259,81.5267,81.6512,81.6512,7339991
2015-08-05,82.2876,82.6299,82.1052,82.2435,82.2435,5587159
2015-08-06,82.218,82.3102,81.0059,81.054,81.054,8541021
2015-08-07,81.0138,81.054,80.3096,80.8775,80.8775,7367491
2015-08-10,81.4669,81.865,81.3658,81.6443,81.6443,7496563
2015-08-11,81.0413,81.2746,80.8098,81.0059,81.0059,8167609
2015-08-12,80.5078,80.7735,79.6968,80.7608,80.7608,9298162
2015-08-13,80.7833,80.9814,80.3019,80.5734,80.5734,6169808
2015-08-14,80.447,80.8598,80.0714,80.8441,80.8441,6327967
2015-08-17,80.5401,81.7198,80.2293,81.711,81.711,8435739
2015-08-18,81.1951,81.5531,81.0138,81.3011,81.3011,9312095
2015-08-19,81.1452,81.8082,80.8196,81.2502,81.2502,9340819
2015-08-20,80.9403,81.9121,80.8274,80.8274,80.8274,12980809
2015-08-21,80.1508,81.2216,78.7435,78.7809,78.7809,19579205
2015-08-24,75.0876,78.4925,67.4288,76.5244,76.5244,31094771
2015-08-25,78.8907,78.8985,74.5278,74.8004,74.8004,19008624
2015-08-26,76.5949,78.5004,75.3995,78.4131,78.4131,17877039
2015-08-27,79.227,79.4751,77.7864,79.329,79.329,13501844
2015-08-28,79.2045,79.382,77.808,78.4602,78.4602,11159593
2015-08-31,78.2198,78.4602,77.149,77.4795,77.4795,11018040
2015-09-01,76.086,76.5832,75.3995,75.9223,75.9223,17701525
2015-09-02,76.8107,77.0588,76.2586,76.9588,76.9588,13970174
2015-09-03,77.2167,77.5697,76.0615,76.3732,76.3732,10949752
2015-09-04,75.5015,75.7487,74.6689,75.277,75.277,13339186
2015-09-08,76.7449,77.4795,76.2683,77.4462,77.4462,13820618
2015-09-09,78.311,78.4503,75.8722,76.0272,76.0272,8957200
2015-09-10,75.9389,77.0686,75.5339,76.442,76.442,10138881
2015-09-11,76.2105,76.6704,75.68,76.6126,76.6126,8953318
2015-09-14,76.5891,77.4226,76.2683,76.9352,76.9352,9641560
2015-09-15,77.3226,78.1062,76.8284,77.8247,77.8247,8528026
2015-09-16,77.9012,78.1718,77.349,77.9983,77.9983,6829524
2015-09-17,77.9316,79.3005,77.761,78.1875,78.1875,10016790
2015-09-18,77.5619,78.0885,76.8784,76.9921,76.9921,17237679
2015-09-21,77.3863,77.9894,76.1517,76.7773,76.7773,8555826
2015-09-22,76.0615,77.0353,75.7487,76.8685,76.8685,12880076
2015-09-23,76.8431,77.2461,76.3097,76.6637,76.6637,6803894
2015-09-24,76.2763,76.6204,75.6653,76.2399,76.2399,8985082
2015-09-25,76.6126,76.7686,74.8258,75.023,75.023,13093195
2015-09-28,74.774,75.9046,74.1158,75.3289,75.3289,17385242
2015-09-29,76.0459,77.3619,75.7056,76.7048,76.7048,13973330
2015-09-30,77.604,77.8835,76.3311,76.9588,76.9588,13306438
2015-10-01,77.0274,77.3716,75.6505,76.8107,76.8107,11736605
2015-10-02,75.9614,77.4707,75.7133,77.4383,77.4383,10150161
2015-10-05,77.6521,78.1718,77.5619,78.1237,78.1237,11425172
2015-10-06,77.9246,78.0405,76.3244,77.0176,77.0176,10146763
2015-10-07,77.708,78.6632,77.0353,78.3023,78.3023,11482412
2015-10-08,78.0796,78.4847,77.3402,78.3856,78.3856,8600829
2015-10-09,78.4356,79.1113,78.1404,78.6249,78.6249,10016612
2015-10-12,78.3768,79.5291,78.3023,79.1359,79.1359,10863734
2015-10-13,78.164,79.3368,77.7531,78.6916,78.6916,15479723
2015-10-14,78.4925,79.1113,77.5953,77.9316,77.9316,10773473
2015-10-15,78.369,80.2587,78.2022,80.0909,80.0909,11598207
2015-10-16,80.6863,81.0471,80.2979,80.9922,80.9922,11517425
2015-10-19,80.8363,80.9588,80.2234,80.7441,80.7441,10583714
2015-10-20,80.7519,81,80.2234,80.4538,80.4538,7328528
2015-10-21,80.495,80.9745,80.0282,80.4872,80.4872,8603861
2015-10-22,80.6686,82.2876,80.0734,82.0523,82.0523,11993759
2015-10-23,82.3406,83.1653,82.0523,82.7034,82.7034,11133640
2015-10-26,82.4798,82.678,82.0219,82.3945,82.3945,9172018
2015-10-27,82.375,83.183,82.1916,82.5975,82.5975,10774962
2015-10-28,82.8113,82.8348,82.0307,82.8348,82.8348,8801697
2015-10-29,82.827,83.7017,82.5436,83.5771,83.5771,7691101
2015-10-30,83.7017,84.1901,83.2742,83.2938,83.2938,12760841
2015-11-02,83.4174,84.3647,83.1319,84.2303,84.2303,7639218
2015-11-03,83.9538,84.3402,83.3586,84.0568,84.0568,7555841
2015-11-04,84.0038,84.4137,83.8352,84.0401,84.0401,6783324
2015-11-05,84.3009,84.4941,83.6184,84.3647,84.3647,7939514
2015-11-06,83.7341,84.0224,83.1506,84.0224,84.0224,7546025
2015-11-09,83.5938,83.7517,82.8918,83.1319,83.1319,8036978
2015-11-10,83.2654,83.896,83.0006,83.6449,83.6449,6203387
2015-11-11,83.9136,84.3823,83.6832,83.9715,83.9715,7623171
2015-11-12,83.382,83.7714,82.6211,82.6692,82.6692,8392074
2015-11-13,82.472,83.2154,82.2259,82.3406,82.3406,10331502
2015-11-16,82.7564,83.5096,82.472,83.4527,83.4527,6981628
2015-11-17,83.5497,83.8509,83.1653,83.6832,83.6832,6215277
2015-11-18,83.7017,84.7511,83.5243,84.6373,84.6373,8670818
2015-11-19,84.6295,84.6471,84.1401,84.4941,84.4941,6264280
2015-11-20,85.1168,85.3796,84.8717,85.1081,85.1081,9237228
2015-11-23,85.0276,85.5493,84.8638,85.3542,85.3542,8104292
2015-11-24,84.55,85.3719,84.55,84.7412,84.7412,7702201
2015-11-25,84.8471,84.9805,84.6756,84.6756,84.6756,6503810
2015-11-27,84.9374,85.2247,84.5402,85.0139,85.0139,2834083
2015-11-30,85.1081,85.1081,84.0793,84.0793,84.0793,10817123
2015-12-01,84.4853,85.1168,83.9783,85.0079,85.0079,9086096
2015-12-02,85.1257,85.4915,84.704,84.7511,84.7511,7975337
2015-12-03,84.9275,85.0139,83.3105,83.7017,83.7017,14459681
2015-12-04,84.2136,85.5493,84.1146,85.5082,85.5082,9446502
2015-12-07,85.2169,85.9435,85.208,85.8151,85.8151,8745235
2015-12-08,85.5336,85.7483,84.6295,85.054,85.054,9639237
2015-12-09,84.8296,85.8238,84.4392,84.8393,84.8393,9568959
2015-12-10,84.956,85.8238,84.5402,85.2443,85.2443,7801584
2015-12-11,85.0139,85.0139,84.2401,84.448,84.448,9387743
2015-12-14,84.4225,84.9462,83.6929,84.8393,84.8393,12812291
2015-12-15,85.2531,86.9428,85.2531,86.4809,86.4809,11177752
2015-12-16,86.9085,87.6155,85.969,87.4036,87.4036,9848067
2015-12-17,87.3272,87.4126,86.0582,86.0651,86.0651,10524769
2015-12-18,85.6101,85.6101,84.6667,84.6667,84.6667,18020514
2015-12-21,84.9893,85.4825,83.7517,84.3647,84.3647,10020371
2015-12-22,84.6295,85.4464,84.0038,85.3022,85.3022,6720828
2015-12-23,85.6356,86.0906,85.3276,85.9435,85.9435,6660582
2015-12-24,85.6454,86.2975,85.5571,86.1328,86.1328,3065966
2015-12-28,85.6945,85.9288,85.4915,85.7288,85.7288,4892182
2015-12-29,85.8238,86.5319,85.8238,86.3937,86.3937,5093299
2015-12-30,86.4623,86.6642,85.9788,86.1858,86.1858,4632425
2015-12-31,85.8494,86.0494,85.2855,85.3101,85.3101,5529810
2016-01-04,84.4706,84.55,82.5917,83.4527,83.4527,15314589
2016-01-05,83.532,84.249,83.5243,83.7948,83.7948,7787145
2016-01-06,82.8986,83.8509,82.7171,83.3752,83.3752,9311141
2016-01-07,82.474,83.1242,82.1209,82.4053,82.4053,11357259
2016-01-08,82.9506,83.0006,81.2629,81.5197,81.5197,11758767
2016-01-11,81.5905,81.9101,79.7949,81.0334,81.0334,9815107
2016-01-12,81.3786,81.9101,80.7578,81.5905,81.5905,8111362
2016-01-13,81.7944,82.2003,80.4264,80.5764,80.5764,9975535
2016-01-14,80.6392,82.6074,80.5577,82.1298,82.1298,12228647
2016-01-15,80.0371,81.3854,79.9352,80.5577,80.5577,15239760
2016-01-19,81.3325,81.7307,80.4764,80.9745,80.9745,15000397
2016-01-20,79.8183,80.7892,78.5063,79.5203,79.5203,15259935
2016-01-21,79.533,80.2606,78.2983,79.6742,79.6742,13564129
2016-01-22,80.5764,80.6274,79.684,80.349,80.349,10090253
2016-01-25,80.3253,81.1295,79.7645,80.0596,80.0596,11253525
2016-01-26,80.7706,84.1655,80.6696,84.0303,84.0303,20788858
2016-01-27,83.4605,85.8572,83.4605,84.8393,84.8393,23267703
2016-01-28,85.1257,85.5748,84.5834,84.9275,84.9275,15399095
2016-01-29,85.4561,86.9968,85.2344,86.7437,86.7437,18789776
2016-02-01,86.0406,87.0202,85.7288,86.6908,86.6908,11804321
2016-02-02,85.7984,86.5917,85.5493,85.8856,85.8856,12778093
2016-02-03,86.0749,86.6986,84.7197,86.4888,86.4888,12241210
2016-02-04,86.0406,86.4446,85.3188,86.2897,86.2897,12509358
2016-02-05,85.263,85.3542,82.8672,83.5016,83.5016,18687883
2016-02-08,83.3105,85.9612,83.2321,84.7127,84.7127,17247064
2016-02-09,84.1401,84.9021,83.8596,84.6843,84.6843,12092795
2016-02-10,84.7511,85.4738,84.1901,84.4853,84.4853,11839793
2016-02-11,83.4361,84.7284,83.033,84.4647,84.4647,15009646
2016-02-12,84.5579,84.6942,83.6527,84.5579,84.5579,10878779
2016-02-16,85.0139,85.5827,84.4225,84.9717,84.9717,12574793
2016-02-17,85.3375,85.7483,84.8933,85.1257,85.1257,10716337
2016-02-18,85.408,86.9241,85.1257,86.577,86.577,12925985
2016-02-19,86.6555,87.5714,86.4809,87.1174,87.1174,11168785
2016-02-22,87.3635,87.6332,87.0389,87.6332,87.6332,8300725
2016-02-23,87.5459,87.6694,86.9604,87.0653,87.0653,7923260
2016-02-24,86.4446,87.9029,86.1328,87.8077,87.8077,10843378
2016-02-25,87.799,89.0021,87.6509,88.9924,88.9924,9673294
2016-02-26,89.3601,89.4317,88.1853,88.4755,88.4755,10817988
2016-02-29,88.0715,88.8414,87.8763,88.0078,88.0078,12368979
2016-03-01,88.5806,89.6946,88.2049,89.6779,89.6779,9920028
2016-03-02,89.4219,89.8397,89.0365,89.5386,89.5386,11675650
2016-03-03,89.3601,89.5042,88.3539,89.2268,89.2268,8280952
2016-03-04,89.1023,89.4857,88.7316,89.1023,89.1023,8028014
2016-03-07,88.6728,89.4317,88.248,89.2886,89.2886,8336284
2016-03-08,89.111,89.316,88.6344,88.8571,88.8571,9124601
2016-03-09,89.3788,89.5219,88.7492,89.3788,89.3788,9040381
2016-03-10,89.4945,89.9034,88.7316,89.6239,89.6239,12521863
2016-03-11,89.921,90.3348,89.669,90.1084,90.1084,9280584
2016-03-14,90.282,90.5986,89.7495,90.0652,90.0652,8658234
2016-03-15,90.0279,90.6437,89.3062,90.1554,90.1554,10133207
2016-03-16,90.127,90.1731,89.4042,89.8397,89.8397,8445355
2016-03-17,89.8936,90.0103,89.0562,89.2886,89.2886,10246072
2016-03-18,89.4945,90.2162,88.9854,89.921,89.921,17660020
2016-03-21,89.8397,90.1466,89.1365,89.7318,89.7318,9174180
2016-03-22,89.7318,90.0377,89.5503,89.8122,89.8122,9350294
2016-03-23,89.7406,91.0262,89.669,90.7713,90.7713,9792169
2016-03-24,90.5349,90.8428,90.1466,90.6086,90.6086,7512351
2016-03-28,90.6888,91.0909,90.3996,90.5448,90.5448,5664035
2016-03-29,90.5986,91.3921,90.1368,91.2999,91.2999,7898691
2016-03-30,91.5617,91.6352,91.1174,91.1537,91.1537,6273479
2016-03-31,91.0538,91.1537,90.3799,90.5164,90.5164,9763332
2016-04-01,90.3438,91.4273,90.0897,91.3362,91.3362,10810342
2016-04-04,91.0262,91.2645,90.5702,90.8331,90.8331,12748243
2016-04-05,90.5448,91.8922,90.3525,91.1361,91.1361,9489240
2016-04-06,90.9351,91.5881,90.2545,91.5352,91.5352,8163247
2016-04-07,91.1724,91.6902,90.8625,91.4106,91.4106,9347668
2016-04-08,91.4871,91.7088,90.9723,91.2645,91.2645,7533060
2016-04-11,91.3086,91.6902,90.8811,91.1537,91.1537,8157359
2016-04-12,91.1724,92.2148,90.9645,91.6725,91.6725,10050467
2016-04-13,92.0206,92.307,91.441,91.9206,91.9206,6883645
2016-04-14,92.0206,92.2599,91.5617,91.8922,91.8922,5327560
2016-04-15,92.0756,92.3531,91.5881,92.1775,92.1775,12023508
2016-04-18,92.0206,92.9248,91.7362,92.7934,92.7934,9277402
2016-04-19,93.3985,95.3215,93.2592,94.2458,94.2458,12560360
2016-04-20,94.6841,95.5137,94.5674,95.0254,95.0254,9816755
2016-04-21,94.788,95.149,94.3133,95.0156,95.0156,9419081
2016-04-22,94.9018,95.1587,94.3703,94.7968,94.7968,8974485
2016-04-25,94.788,95.0067,94.0869,94.9685,94.9685,7339768
2016-04-26,94.9214,95.0067,94.2194,94.4458,94.4458,6976895
2016-04-27,94.4919,94.693,94.0682,94.3133,94.3133,6884781
2016-04-28,93.7839,94.2752,93.3897,94.0869,94.0869,7933193
2016-04-29,93.7554,93.8771,93.2857,93.7741,93.7741,9293802
2016-05-02,93.8771,94.332,93.6427,94.3046,94.3046,6188904
2016-05-03,94.1633,94.5978,93.8016,94.2555,94.2555,9026375
2016-05-04,93.7368,94.1437,93.4455,93.8771,93.8771,6233643
2016-05-05,93.7741,94.5978,93.7368,94.4164,94.4164,6459223
2016-05-06,94.1723,94.5674,93.9359,94.3046,94.3046,7291949
2016-05-09,94.5115,95.3607,94.2948,95.1391,95.1391,7756579
2016-05-10,95.3607,96.204,95.3019,95.9158,95.9158,9983864
2016-05-11,95.8403,95.9845,95.6275,95.6765,95.6765,7986024
2016-05-12,95.7716,95.9845,94.9969,95.552,95.552,8552322
2016-05-13,95.2823,95.4352,94.8351,95.0067,95.0067,8104791
2016-05-16,94.8636,95.8864,94.788,95.7314,95.7314,7438716
2016-05-17,95.8109,95.8306,94.7214,95.2264,95.2264,11038223
2016-05-18,95.0548,95.3891,94.4164,95.0351,95.0351,9879486
2016-05-19,94.5213,94.5586,93.8594,94.3889,94.3889,9838442
2016-05-20,94.531,95.149,94.1633,94.9116,94.9116,8824613
2016-05-23,95.0254,95.0636,94.3801,94.4919,94.4919,7670152
2016-05-24,94.7968,95.6275,94.7968,94.9488,94.9488,7269600
2016-05-25,95.3607,95.8011,95.0832,95.4941,95.4941,6473396
2016-05-26,95.3019,95.4746,95.0832,95.1303,95.1303,4716290
2016-05-27,95.2362,95.4843,94.9488,95.2539,95.2539,5515829
2016-05-31,95.4167,95.7314,94.6175,94.9488,94.9488,11993568
2016-06-01,94.8449,95.2539,94.4065,95.0351,95.0351,5636943
2016-06-02,95.1009,96.5934,95.093,96.4581,96.4581,8677312
2016-06-03,96.4384,97.2064,96.1482,96.6896,96.6896,8167970
2016-06-06,96.8542,97.732,96.8248,97.528,97.528,7536781
2016-06-07,97.7417,97.9379,97.2544,97.4888,97.4888,7616613
2016-06-08,97.3132,97.6829,97.2259,97.5564,97.5564,6960059
2016-06-09,97.5377,98.7124,97.3907,98.5557,98.5557,8753790
2016-06-10,98.3596,98.7518,98.0359,98.5557,98.5557,7201551
2016-06-13,98.6636,99.115,98.4086,98.4086,98.4086,9389773
2016-06-14,98.1047,98.7124,97.9869,98.6538,98.6538,7554667
2016-06-15,99.115,99.2029,98.0065,98.0752,98.0752,7561377
2016-06-16,97.4593,98.4968,97.0798,98.2615,98.2615,7910861
2016-06-17,98.242,98.2909,96.8935,97.2838,97.2838,12172949
2016-06-20,98.2321,98.6734,98.085,98.1831,98.1831,6628387
2016-06-21,98.5557,98.6832,97.8889,97.8889,97.8889,6518174
2016-06-22,98.1831,98.732,97.9968,98.1144,98.1144,6924419
2016-06-23,98.7222,98.889,98.3008,98.889,98.889,7682319
2016-06-24,96.9406,98.6538,96.8837,97.4104,97.4104,16517456
2016-06-27,96.8837,98.2615,96.8837,98.1929,98.1929,12926649
2016-06-28,98.7024,99.7333,98.1929,99.6041,99.6041,11953846
2016-06-29,100.105,100.616,99.4869,100.536,100.536,9899341
2016-06-30,100.409,102.292,100.399,102.184,102.184,13694420
2016-07-01,102.39,102.39,101.782,102.175,102.175,8369553
2016-07-05,102.243,103.802,102.223,103.027,103.027,11064896
2016-07-06,102.713,103.351,102.39,103.331,103.331,11077108
2016-07-07,103.292,103.468,102.793,103.234,103.234,7191156
2016-07-08,103.605,103.695,102.743,103.488,103.488,7275288
2016-07-11,103.391,103.989,103.144,103.558,103.558,7961717
2016-07-12,103.341,103.772,103.311,103.548,103.548,7615249
2016-07-13,103.371,103.959,103.057,103.605,103.605,6208645
2016-07-14,103.595,104.253,103.538,103.752,103.752,6316660
2016-07-15,104.283,104.734,103.391,103.605,103.605,8537293
2016-07-18,103.605,103.792,103.174,103.715,103.715,7819180
2016-07-19,105.107,105.959,103.9,105.528,105.528,13438557
2016-07-20,106.019,106.186,105.332,105.421,105.421,8705802
2016-07-21,105.489,105.95,105.205,105.43,105.43,6604044
2016-07-22,105.401,105.626,105.008,105.322,105.322,6930873
2016-07-25,105.352,105.411,104.607,105.205,105.205,5792903
2016-07-26,105.322,105.793,105.077,105.43,105.43,6634927
2016-07-27,105.381,105.509,104.764,105.097,105.097,5711090
2016-07-28,105.283,105.302,104.822,104.841,104.841,5128034
2016-07-29,104.764,105.596,104.764,105.509,105.509,8265544
2016-08-01,105.587,105.92,105.381,105.656,105.656,5477437
2016-08-02,105.882,106.077,104.851,105.165,105.165,8494827
2016-08-03,105.302,105.302,104.213,104.41,104.41,6303157
2016-08-04,104.674,104.812,104.166,104.37,104.37,5611269
2016-08-05,104.803,104.803,104.273,104.674,104.674,6107216
2016-08-08,104.489,104.617,103.802,104.176,104.176,6206753
2016-08-09,104.42,104.489,103.89,103.979,103.979,4674942
2016-08-10,104.116,104.293,103.812,103.919,103.919,5126331
2016-08-11,104.361,104.607,104.009,104.283,104.283,4809510
2016-08-12,104.009,104.283,103.577,103.792,103.792,5019442
2016-08-15,103.715,103.842,103.037,103.067,103.067,7678042
2016-08-16,102.88,103.077,101.144,101.37,101.37,13398801
2016-08-17,101.518,102.214,100.978,102.194,102.194,12393919
2016-08-18,102.076,102.272,101.027,101.723,101.723,10356326
2016-08-19,101.713,101.782,101.194,101.723,101.723,9193612
2016-08-22,101.704,101.704,100.87,101.037,101.037,7716989
2016-08-23,101.498,101.762,100.938,101.292,101.292,6606665
2016-08-24,101.321,101.439,100.616,100.674,100.674,7428026
2016-08-25,100.801,101.105,100.37,100.566,100.566,6562771
2016-08-26,100.781,101.556,100.556,100.958,100.958,7643331
2016-08-29,101.174,101.9,100.978,101.723,101.723,5983559
2016-08-30,102.341,102.341,101.144,101.311,101.311,4503533
2016-08-31,101.38,101.448,100.929,101.204,101.204,6712673
2016-09-01,101.086,101.243,100.596,100.997,100.997,5363184
2016-09-02,101.214,101.615,100.831,101.194,101.194,6845948
2016-09-06,101.596,101.772,101.223,101.566,101.566,6226381
2016-09-07,101.645,101.753,101.292,101.439,101.439,5604586
2016-09-08,101.223,101.625,101.037,101.311,101.311,5697508
2016-09-09,100.948,101.057,100.222,100.272,100.272,9379913
2016-09-12,99.8803,101.301,99.5365,101.057,101.057,8536237
2016-09-13,100.439,100.773,99.6339,99.7521,99.7521,9379789
2016-09-14,99.9578,100.37,99.614,99.9678,99.9678,7221819
2016-09-15,99.928,100.86,99.4869,100.616,100.616,6856059
2016-09-16,100.517,101.037,100.184,100.292,100.292,14595602
2016-09-19,100.399,100.634,99.781,99.8008,99.8008,6431749
2016-09-20,100.213,100.282,99.8306,100.027,100.027,6116801
2016-09-21,100.027,100.92,99.781,100.84,100.84,7470978
2016-09-22,101.135,101.645,101.037,101.311,101.311,6296800
2016-09-23,101.262,101.429,100.674,100.763,100.763,5627783
2016-09-26,100.616,100.626,99.7035,99.8992,99.8992,7069873
2016-09-27,100.409,101.115,99.8505,101.115,101.115,6307453
2016-09-28,100.968,101.361,100.763,101.243,101.243,5984827
2016-09-29,100.821,101.154,99.2719,99.457,99.457,7296252
2016-09-30,99.8992,100.606,99.5465,100.184,100.184,9363017
2016-10-03,100.065,100.929,99.5862,100.763,100.763,7189505
2016-10-04,100.781,101.321,100.321,100.763,100.763,6755912
2016-10-05,101.115,101.292,100.586,101.076,101.076,6813527
2016-10-06,100.507,100.791,100.007,100.713,100.713,5244400
2016-10-07,101.067,101.4,100.664,101.135,101.135,5658731
2016-10-10,101.351,101.949,101.204,101.605,101.605,4311999
2016-10-11,101.262,101.458,99.2917,99.781,99.781,7539302
2016-10-12,100.037,100.449,99.6438,100.037,100.037,5525230
2016-10-13,99.6836,100.616,99.467,100.302,100.302,8710389
2016-10-14,100.507,100.753,99.7035,99.7035,99.7035,6649897
2016-10-17,99.6438,100.546,99.6438,100.497,100.497,8196057
2016-10-18,99.5365,100.487,97.6633,97.8889,97.8889,14852739
2016-10-19,98.0163,98.2811,97.0798,97.177,97.177,8722565
2016-10-20,97.3907,98.1242,97.177,97.4201,97.4201,8217317
2016-10-21,96.7856,96.8837,95.8206,96.2237,96.2237,9919533
2016-10-24,96.6307,96.8347,96.2237,96.3698,96.3698,7241553
2016-10-25,96.3993,96.8151,95.906,96.6503,96.6503,6592498
2016-10-26,96.3993,97.7221,96.36,97.1476,97.1476,7580450
2016-10-27,97.5083,98.8396,97.3525,98.1242,98.1242,8900263
2016-10-28,98.2223,98.3008,97.1573,97.8202,97.8202,10391289
2016-10-31,97.7811,98.5557,97.1082,98.3792,98.3792,10084226
2016-11-01,97.323,98.3302,97.2064,97.83,97.83,8951592
2016-11-02,97.9771,98.1732,97.3907,97.4104,97.4104,7771738
2016-11-03,97.4298,97.9183,97.3132,97.5564,97.5564,7342343
2016-11-04,97.5663,98.3302,97.5663,97.6241,97.6241,8442978
2016-11-07,98.2811,98.9877,98.242,98.9285,98.9285,7543310
2016-11-08,98.7814,99.7134,98.7716,99.2818,99.2818,7870345
2016-11-09,101.792,103.881,100.155,102.018,102.018,19123138
2016-11-10,102.419,102.694,100.938,101.38,101.38,14036247
2016-11-11,101.331,101.331,100.184,100.478,100.478,9572556
2016-11-14,100.576,100.91,98.8012,98.889,98.889,11855612
2016-11-15,98.7124,98.9581,98.2223,98.6342,98.6342,8780318
2016-11-16,98.9285,99.0361,98.4674,98.6734,98.6734,7775031
2016-11-17,98.9482,98.9482,98.4968,98.8594,98.8594,6749845
2016-11-18,98.8791,98.9679,98.0458,98.5361,98.5361,8974330
2016-11-21,98.5656,98.7814,98.0359,98.2026,98.2026,6842174
2016-11-22,97.8693,98.2026,95.8687,96.2924,96.2924,13641520
2016-11-23,95.86,96.8542,95.2735,96.564,96.564,9909860
2016-11-25,97.0112,97.5467,96.8151,97.4593,97.4593,4020443
2016-11-28,97.1671,97.4495,96.5443,96.6131,96.6131,10569233
2016-11-29,96.4581,96.8347,95.7815,96.0501,96.0501,9123771
2016-11-30,95.8011,96.0894,95.0636,95.0636,95.0636,13082984
2016-12-01,95.1106,95.2539,94.7968,95.1303,95.1303,9530271
2016-12-02,95.399,96.0991,95.1685,95.6079,95.6079,7217482
2016-12-05,95.9746,95.9943,95.4068,95.5882,95.5882,6383728
2016-12-06,95.85,96.6699,95.504,95.6961,95.6961,7646816
2016-12-07,95.5431,95.5431,93.3514,94.893,94.893,13769374
2016-12-08,94.3801,94.9685,93.8868,94.788,94.788,9104254
2016-12-09,95.149,96.004,94.9783,95.86,95.86,8977702
2016-12-12,96.2531,98.5557,96.1855,98.5361,98.5361,11151012
2016-12-13,98.6439,99.0261,98.2126,98.9581,98.9581,8021074
2016-12-14,99.1633,100.164,97.8595,98.1929,98.1929,10981735
2016-12-15,98.5067,98.9877,98.1047,98.9581,98.9581,7890043
2016-12-16,99.4193,99.4481,98.5851,98.9482,98.9482,13221907
2016-12-19,99.1249,99.624,99.0065,99.0755,99.0755,7385912
2016-12-20,99.0361,99.2818,98.1242,98.7616,98.7616,6692208
2016-12-21,99.2423,99.2423,97.9869,98.4871,98.4871,6917966
2016-12-22,98.2026,98.6439,97.2446,98.5656,98.5656,5389092
2016-12-23,98.5557,99.34,98.4773,99.0163,99.0163,3505139
2016-12-27,98.9581,99.0557,98.5361,98.9778,98.9778,3785747
2016-12-28,98.9482,99.2029,98.242,98.2909,98.2909,3714350
2016-12-29,98.4185,98.9383,98.2126,98.6145,98.6145,3505496
2016-12-30,98.889,99.0459,98.1831,98.3988,98.3988,6448391
2017-01-03,98.8692,99.0557,98.4185,98.9285,98.9285,6970656
2017-01-04,98.6145,99.2621,98.4871,98.7518,98.7518,6825173
2017-01-05,99.0557,99.8992,98.5656,99.8108,99.8108,6720895
2017-01-06,99.624,99.928,98.8495,99.3203,99.3203,6110730
2017-01-09,99.3696,99.5763,98.9581,99.3104,99.3104,6386776
2017-01-10,99.0853,99.928,98.9383,99.2029,99.2029,6221262
2017-01-11,99.1347,99.2818,97.372,97.9771,97.9771,10399052
2017-01-12,97.5848,97.9771,96.8053,97.8889,97.8889,7755174
2017-01-13,98.1536,98.2126,97.732,97.879,97.879,5544718
2017-01-17,97.2936,98.242,97.0798,98.085,98.085,7325097
2017-01-18,98.1536,98.2909,97.7026,97.9575,97.9575,5872069
2017-01-19,97.9477,98.1144,97.2838,97.5182,97.5182,6486712
2017-01-20,97.7811,98.2223,97.4201,97.4789,97.4789,8781598
2017-01-23,97.8005,98.0065,97.177,97.274,97.274,9349418
2017-01-24,96.4287,96.7582,94.9401,95.4352,95.4352,14558079
2017-01-25,95.5785,96.3404,94.5881,96.3404,96.3404,10976284
2017-01-26,95.6471,96.3796,95.3117,95.4941,95.4941,11900951
2017-01-27,95.6471,96.9504,95.552,96.8151,96.8151,10405343
2017-01-30,96.8248,97.0112,96.3894,96.6131,96.6131,8155117
2017-01-31,96.3306,96.8248,96.004,96.7091,96.7091,10203165
2017-02-01,96.0501,96.7768,96.0403,96.6993,96.6993,8291870
2017-02-02,96.36,97.0307,96.3119,96.9818,96.9818,9163500
2017-02-03,96.922,97.0701,96.2237,97.0504,97.0504,8510329
2017-02-06,96.8837,97.0013,96.1855,96.8248,96.8248,7234918
2017-02-07,97.0112,97.0307,96.5443,96.9033,96.9033,6449740
2017-02-08,96.7582,97.0887,96.6307,96.8248,96.8248,6173041
2017-02-09,96.8935,97.9183,96.8248,97.4201,97.4201,6855605
2017-02-10,97.6241,99.0459,97.5467,98.4282,98.4282,7539526
2017-02-13,98.4674,99.1633,98.4086,98.9482,98.9482,6684511
2017-02-14,98.5656,99.4094,98.4968,99.3795,99.3795,6486216
2017-02-15,98.9679,100.312,98.7024,100.065,100.065,7000657
2017-02-16,99.928,101.017,99.928,100.831,100.831,8333851
2017-02-17,100.929,101.537,100.811,101.498,101.498,10175728
2017-02-21,101.115,102.39,101.037,102.175,102.175,10064698
2017-02-22,101.88,102.282,101.851,102.057,102.057,5975200
2017-02-23,102.057,104.096,102.018,103.919,103.919,11683545
2017-02-24,104.46,105.509,103.919,105.499,105.499,12594744
2017-02-27,104.978,105.646,104.978,105.205,105.205,6916995
2017-02-28,104.871,105.421,104.831,105.048,105.048,10336447
2017-03-01,105.283,106.989,105.224,106.47,106.47,10927916
2017-03-02,106.361,106.901,105.763,106.263,106.263,8084475
2017-03-03,106.087,106.538,105.95,106.4,106.4,6497253
2017-03-06,105.753,106.971,105.371,106.343,106.343,7759949
2017-03-07,105.352,106.998,105.195,106.44,106.44,7728975
2017-03-08,106.361,107.205,106.166,106.675,106.675,9201210
2017-03-09,107.108,108.5,106.714,108.274,108.274,9969619
2017-03-10,108.353,108.745,107.92,108.5,108.5,8602551
2017-03-13,108.157,109.127,108.127,108.882,108.882,8265733
2017-03-14,109.039,109.823,108.951,109.225,109.225,8933828
2017-03-15,109.225,110.882,108.823,110.852,110.852,9725118
2017-03-16,110.391,110.648,109.843,110.411,110.411,8853578
2017-03-17,110.401,110.843,109.98,110.088,110.088,15472818
2017-03-20,110.069,110.373,110,110.097,110.097,6779124
2017-03-21,110.334,110.401,109.303,109.392,109.392,8816244
2017-03-22,109.225,109.736,108.5,108.538,108.538,11950116
2017-03-23,108.401,109.186,108.029,108.224,108.224,9894918
2017-03-24,108.186,108.627,107.549,107.863,107.863,7549612
2017-03-27,107.579,108.441,107.569,108.127,108.127,5821489
2017-03-28,108,108.117,107.275,108.029,108.029,6150883
2017-03-29,107.489,107.726,106.901,107.372,107.372,4618877
2017-03-30,107.235,107.823,106.823,107.185,107.185,5481017
2017-03-31,106.685,107.312,106.617,107.078,107.078,6581400
2017-04-03,107.235,107.706,106.823,107.205,107.205,5765915
2017-04-04,107.048,107.255,106.764,107.205,107.205,6233425
2017-04-05,107.225,107.98,106.951,107.292,107.292,6568253
2017-04-06,107.322,107.853,107.038,107.489,107.489,5030569
2017-04-07,107.539,107.853,107.312,107.372,107.372,4205490
2017-04-10,107.332,107.402,106.774,106.881,106.881,5344433
2017-04-11,106.804,107.284,106.557,106.764,106.764,4841136
2017-04-12,107.078,107.853,106.901,107.793,107.793,6463839
2017-04-13,107.549,108.02,107.412,107.44,107.44,6277568
2017-04-17,107.459,108.137,107.382,108.077,108.077,6243125
2017-04-18,105.9,106.057,103.969,104.734,104.734,15687400
2017-04-19,104.95,105.097,104.106,104.342,104.342,8134904
2017-04-20,104.764,104.998,104.323,104.773,104.773,7363635
2017-04-21,104.694,104.891,104.499,104.674,104.674,7003479
2017-04-24,105.312,105.93,104.998,105.656,105.656,6341687
2017-04-25,106.029,106.361,105.753,106.097,106.097,5917845
2017-04-26,106.4,106.804,106.146,106.176,106.176,5841806
2017-04-27,106.214,106.851,106.087,106.361,106.361,4915150
2017-04-28,106.46,106.51,105.872,106.136,106.136,5097292
2017-05-01,106.087,106.391,105.744,106.029,106.029,5300428
2017-05-02,106.176,106.361,105.656,106.333,106.333,5604337
2017-05-03,106.224,106.333,105.783,106.019,106.019,4346427
2017-05-04,106.323,106.557,105.95,106.557,106.557,4366108
2017-05-05,106.41,106.41,105.626,106.176,106.176,4815446
2017-05-08,106.176,106.41,105.763,105.969,105.969,4198276
2017-05-09,105.95,106.136,105.646,105.93,105.93,4376896
2017-05-10,105.656,105.793,105.185,105.578,105.578,4929398
2017-05-11,105.292,105.93,105.145,105.92,105.92,4764394
2017-05-12,105.852,106.675,105.753,106.273,106.273,4764962
2017-05-15,106.951,109.48,106.871,109.166,109.166,11393692
2017-05-16,109.47,110.324,109.225,109.843,109.843,8413071
2017-05-17,108.823,109.95,108.705,108.872,108.872,7538304
2017-05-18,108.715,109.931,108.284,109.147,109.147,7644363
2017-05-19,109.206,109.509,108.695,109.176,109.176,8093001
2017-05-22,108.833,109.736,108.833,109.402,109.402,5651513
2017-05-23,109.451,110.167,109.451,109.617,109.617,4621713
2017-05-24,109.863,110.03,109.432,109.608,109.608,4615441
2017-05-25,109.666,110.421,109.333,110.334,110.334,6115602
2017-05-26,110.097,110.471,109.755,109.833,109.833,4628351
2017-05-30,109.637,110.226,109.206,109.98,109.98,4235771
2017-05-31,110.197,111.461,110.197,110.971,110.971,10194188
2017-06-01,111.029,111.441,110.862,111.441,111.441,6692196
2017-06-02,111.657,112.628,111.48,112.569,112.569,7583104
2017-06-05,112.461,113.099,112.314,112.805,112.805,5351378
2017-06-06,112.658,113.647,112.52,113.206,113.206,6493514
2017-06-07,113.363,113.776,112.981,113.148,113.148,6662808
2017-06-08,113.363,113.717,112.452,112.952,112.952,9314043
2017-06-09,112.814,113.971,112.756,113.814,113.814,6925727
2017-06-12,113.913,114.256,113.423,114.07,114.07,9269081
2017-06-13,114.011,114.854,113.717,114.236,114.236,6626095
2017-06-14,114.658,115.57,114.658,114.893,114.893,8465383
2017-06-15,114.217,115.394,114.06,115.138,115.138,6084391
2017-06-16,115.688,116.482,115.138,116.267,116.267,14270799
2017-06-19,116.08,116.561,115.521,116.011,116.011,8654062
2017-06-20,115.855,116.619,115.855,116.139,116.139,6010629
2017-06-21,116.207,116.903,115.963,116.756,116.756,6749715
2017-06-22,117.189,118.493,117.022,117.747,117.747,8230445
2017-06-23,117.189,118.13,117.07,118.061,118.061,10083852
2017-06-26,118.11,118.424,117.884,118.002,118.002,6363379
2017-06-27,118.12,118.306,116.805,116.825,116.825,7072520
2017-06-28,117.649,117.884,115.57,115.786,115.786,7578407
2017-06-29,115.432,115.698,114.482,114.776,114.776,6642990
2017-06-30,114.834,115.275,114.452,114.462,114.462,6083367
2017-07-03,114.913,115.364,114.786,115.001,115.001,3387179
2017-07-05,115.08,116.002,114.589,115.629,115.629,4972330
2017-07-06,115.599,115.913,114.579,114.668,114.668,4948697
2017-07-07,115.011,115.1,113.961,114.687,114.687,5494343
2017-07-10,114.864,114.981,113.56,113.824,113.824,4645000
2017-07-11,113.746,114.05,112.903,113.56,113.56,4312295
2017-07-12,114.256,114.991,114.031,114.403,114.403,5839557
2017-07-13,114.285,114.393,113.353,114.108,114.108,5113003
2017-07-14,114.217,115.1,114.001,114.736,114.736,5065290
2017-07-17,114.844,115.031,114.011,114.335,114.335,5690008
2017-07-18,113.893,116.786,113.423,116.374,116.374,11848344
2017-07-19,116.688,117.149,116.424,116.982,116.982,6174913
2017-07-20,117.443,118.6,117.345,118.179,118.179,7029278
2017-07-21,117.08,117.953,116.894,117.06,117.06,7827622
2017-07-24,116.805,116.943,114.962,115.11,115.11,9527543
2017-07-25,115.708,115.806,113.756,114.128,114.128,7230337
2017-07-26,113.933,114.413,113.148,113.315,113.315,6218613
2017-07-27,113.226,113.482,112.128,113.206,113.206,6746649
2017-07-28,113.472,114.217,112.932,114.099,114.099,5419810
2017-07-31,114.325,115.57,114.285,114.854,114.854,6287583
2017-08-01,115.247,115.394,114.452,114.658,114.658,4433308
2017-08-02,114.285,114.649,113.795,114.345,114.345,4658926
2017-08-03,114.158,115.432,113.804,115.394,115.394,5000642
2017-08-04,115.796,115.953,114.913,115.257,115.257,3689733
2017-08-07,115.188,115.511,114.658,114.972,114.972,3479234
2017-08-08,114.658,114.913,113.717,114.442,114.442,6372846
2017-08-09,114.923,115.442,114.54,115.295,115.295,7317913
2017-08-10,115.138,115.806,114.54,115.188,115.188,6480032
2017-08-11,115.629,116.394,114.874,115.188,115.188,4935241
2017-08-14,116.119,116.286,114.981,115.511,115.511,3514376
2017-08-15,115.806,115.883,115.267,115.422,115.422,4543701
2017-08-16,116.021,116.786,115.815,116.09,116.09,5165553
2017-08-17,116.1,116.609,115.128,115.138,115.138,6411375
2017-08-18,114.806,115.746,114.55,114.766,114.766,5387110
2017-08-21,114.452,115.639,114.374,115.482,115.482,5240187
2017-08-22,115.325,116.649,115.001,116.581,116.581,4792738
2017-08-23,116.344,116.394,114.786,114.913,114.913,5924502
2017-08-24,114.933,115.178,114.442,114.991,114.991,6238299
2017-08-25,114.874,115.432,114.629,114.668,114.668,4744668
2017-08-28,114.668,115.06,114.501,114.726,114.726,6141504
2017-08-29,114.579,115.345,114.325,115.148,115.148,3764083
2017-08-30,114.953,114.953,113.991,114.148,114.148,6231740
2017-08-31,114.403,115.384,114.285,115.285,115.285,8505885
2017-09-01,115.472,115.521,114.031,114.108,114.108,4387001
2017-09-05,113.824,114.227,112.952,113.128,113.128,5911796
2017-09-06,113.687,114.08,113.383,113.795,113.795,6430602
2017-09-07,113.961,115.404,113.423,115.128,115.128,4363903
2017-09-08,114.953,115.257,113.971,114.06,114.06,5574493
2017-09-11,114.383,116.11,114.099,116.002,116.002,6563211
2017-09-12,116.561,116.6,114.893,115.501,115.501,6280157
2017-09-13,115.531,116.482,114.825,115.345,115.345,5370818
2017-09-14,115.08,117.08,114.943,116.845,116.845,7204832
2017-09-15,117.374,117.992,116.845,117.06,117.06,17809065
2017-09-18,117.05,118.228,116.786,117.924,117.924,6041842
2017-09-19,117.58,118.247,116.982,117.767,117.767,5627965
2017-09-20,116.04,116.933,115.257,116.011,116.011,8661717
2017-09-21,116.09,116.551,114.393,114.726,114.726,6920690
2017-09-22,114.943,115.295,114.295,114.403,114.403,4975084
2017-09-25,114.482,114.736,113.933,114.217,114.217,6910012
2017-09-26,114.511,114.903,113.923,114.031,114.031,5185984
2017-09-27,114.08,114.168,112.716,112.981,112.981,6655374
2017-09-28,113.138,113.432,112.599,112.746,112.746,4584189
2017-09-29,112.844,113.619,112.363,113.216,113.216,6580647
2017-10-02,113.353,114.354,113.226,114.256,114.256,5158038
2017-10-03,114.649,115.305,114.374,115.04,115.04,4479373
2017-10-04,115.305,115.972,115.04,115.708,115.708,4118304
2017-10-05,115.708,116.09,115.275,115.982,115.982,4295778
2017-10-06,115.806,116.04,115.364,116.011,116.011,2835778
2017-10-09,116.11,116.501,115.963,116.217,116.217,4307378
2017-10-10,116.325,116.796,115.736,116.619,116.619,4805282
2017-10-11,117.453,119.395,116.982,119.012,119.012,9494583
2017-10-12,118.728,119.747,118.414,119.169,119.169,6098862
2017-10-13,118.963,119.67,118.728,118.806,118.806,4715561
2017-10-16,118.825,119.542,118.041,118.512,118.512,5878746
2017-10-17,119.865,122.886,119.375,122.612,122.612,13318330
2017-10-18,122.612,123.297,121.974,122.503,122.503,7835447
2017-10-19,122.532,124.513,122.385,123.691,123.691,10542820
2017-10-20,123.985,125.063,123.514,124.004,124.004,6470320
2017-10-23,123.768,125.711,123.758,125.063,125.063,7676943
2017-10-24,124.867,124.867,122.729,123.347,123.347,7502476
2017-10-25,122.926,124.73,122.749,123.965,123.965,7537072
2017-10-26,124.102,125.161,123.12,123.494,123.494,6707340
2017-10-27,122.769,124.259,122.091,123.464,123.464,5903118
2017-10-30,122.896,122.973,121.317,121.925,121.925,6929441
2017-10-31,121.934,122.151,121.033,121.395,121.395,5548912
2017-11-01,121.777,122.425,121.336,121.915,121.915,5749324
2017-11-02,122.013,122.18,121.13,121.875,121.875,4011773
2017-11-03,121.68,122.258,121.297,121.984,121.984,3142939
2017-11-06,121.934,122.336,121.67,121.709,121.709,4846731
2017-11-07,121.984,122.042,120.963,121.719,121.719,4816199
2017-11-08,121.65,123.544,121.434,123.063,123.063,5099408
2017-11-09,122.669,123.15,121.748,122.228,122.228,4038566
2017-11-10,122.023,122.023,120.719,121.523,121.523,4869270
2017-11-13,121.062,121.934,120.542,121.709,121.709,4963421
2017-11-14,121.533,122.17,120.973,121.454,121.454,4683132
2017-11-15,121.248,121.777,120.836,121.12,121.12,4299214
2017-11-16,121.405,121.63,120.748,120.924,120.924,4793499
2017-11-17,120.445,120.915,120.071,120.169,120.169,4738127
2017-11-20,120.316,120.669,119.924,120.101,120.101,4898585
2017-11-21,120.572,121.258,120.355,120.473,120.473,6495926
2017-11-22,120.445,120.502,118.963,119.552,119.552,4498450
2017-11-24,119.727,120.502,119.57,120.179,120.179,2993518
2017-11-27,120.483,121.18,120.463,121.003,121.003,4488965
2017-11-28,121.17,123.13,121.12,122.679,122.679,5766732
2017-11-29,122.846,123.23,121.748,122.493,122.493,6676679
2017-11-30,122.719,122.906,121.327,122.072,122.072,10222127
2017-12-01,122.278,123.13,121.424,122.65,122.65,6832727
2017-12-04,123.22,123.975,121.728,121.807,121.807,6752809
2017-12-05,122.562,123.377,121.964,122.375,122.375,7698517
2017-12-06,122.876,124.386,122.816,123.591,123.591,6060251
2017-12-07,123.534,123.975,122.013,122.669,122.669,5379331
2017-12-08,122.669,123.327,122.484,123.19,123.19,5022604
2017-12-11,122.749,123.681,122.513,123.651,123.651,4974290
2017-12-12,124.475,125.788,124.465,124.945,124.945,9149849
2017-12-13,124.857,125.681,124.612,125.171,125.171,6983182
2017-12-14,125.739,125.838,124.082,124.112,124.112,6088496
2017-12-15,124.847,125.415,124.219,124.827,124.827,14285648
2017-12-18,124.906,126.005,123.885,124.229,124.229,6657634
2017-12-19,124.318,124.749,123.848,124.219,124.219,7502159
2017-12-20,124.632,124.926,123.601,123.671,123.671,6796896
2017-12-21,124.062,124.573,123.553,123.591,123.591,6691861
2017-12-22,123.534,123.838,122.699,122.759,122.759,5325043
2017-12-26,123.063,123.14,122.385,122.729,122.729,3733401
2017-12-27,123.023,123.661,122.826,123.16,123.16,4284131
2017-12-28,123.277,123.534,122.954,123.16,123.16,2836165
2017-12-29,123.524,123.718,122.288,122.425,122.425,5082041
2018-01-02,122.366,122.631,121.533,121.984,121.984,7808985
2018-01-03,122.101,123.257,121.699,123.16,123.16,5984206
2018-01-04,123.053,123.651,122.846,123.15,123.15,5520744
2018-01-05,123.267,124.249,122.906,124.161,124.161,7027431
2018-01-08,124.151,124.426,123.464,124.318,124.318,5854824
2018-01-09,124.739,127.642,124.641,126.299,126.299,10150419
2018-01-10,125.769,126.319,125.572,126.152,126.152,7485656
2018-01-11,126.289,126.946,125.906,126.857,126.857,5663408
2018-01-12,127.034,128.28,126.946,127.72,127.72,6220642
2018-01-16,128.28,129.721,127.926,128.681,128.681,8977215
2018-01-17,129.515,129.956,127.475,128.78,128.78,12120534
2018-01-18,128.75,129.181,127.887,128.74,128.74,6338222
2018-01-19,129.201,129.358,128.28,129.113,129.113,9972210
2018-01-22,128.799,129.789,128.564,129.789,129.789,7920355
2018-01-23,128.77,129.181,124.092,124.259,124.259,19845718
2018-01-24,125.72,125.778,124.229,124.485,124.485,14218184
2018-01-25,124.68,126.74,124.612,126.504,126.504,9047392
2018-01-26,126.583,127.563,126.289,127.338,127.338,8663133
2018-01-29,126.917,126.984,125.749,125.896,125.896,9139763
2018-01-30,125.651,126.005,124.797,124.797,124.797,9460203
2018-01-31,124.916,124.916,121.003,121.072,121.072,14981236
2018-02-01,120.492,123.249,120.022,122.679,122.679,10706846
2018-02-02,121.817,122.983,120.385,120.64,120.64,10566098
2018-02-05,119.67,120.022,107.038,114.236,114.236,22324270
2018-02-06,113.913,116.531,112.158,115.511,115.511,21906445
2018-02-07,115.561,116.885,115.09,115.158,115.158,12004413
2018-02-08,114.697,114.953,110.491,110.725,110.725,13323914
2018-02-09,111.717,114.707,109.912,113.482,113.482,17077358
2018-02-12,113.903,115.06,111.854,114.148,114.148,11372098
2018-02-13,113.206,114.413,112.756,113.864,113.864,7231238
2018-02-14,113.403,113.923,112.491,113.609,113.609,7144019
2018-02-15,113.991,115.021,113.373,114.981,114.981,6385384
2018-02-16,114.736,117.816,114.639,116.668,116.668,9091268
2018-02-20,114.658,116.913,114.658,114.658,114.658,7490415
2018-02-21,114.609,116.031,113.786,113.814,113.814,7496777
2018-02-22,113.991,114.796,113.432,113.814,113.814,6542058
2018-02-23,113.981,115.708,113.923,115.649,115.649,5847768
2018-02-26,116.129,117.63,115.521,116.472,116.472,7579210
2018-02-27,116.6,117.345,116.04,116.09,116.09,8118397
2018-02-28,116.364,116.698,114.511,114.521,114.521,9056727
2018-03-01,113.844,114.726,111.56,112.236,112.236,10687613
2018-03-02,111.902,113.844,111.902,113.589,113.589,7837004
2018-03-05,113.413,114.893,113.021,114.432,114.432,6577459
2018-03-06,114.629,114.806,112.795,113.059,113.059,6290228
2018-03-07,112.402,114.05,112.226,113.795,113.795,7248680
2018-03-08,114.05,116.668,114.05,116.462,116.462,7284632
2018-03-09,116.845,118.012,116.002,118.002,118.002,8571195
2018-03-12,118.002,118.345,116.688,116.933,116.933,5604695
2018-03-13,118.002,119.405,117.678,118.434,118.434,10379481
2018-03-14,119.266,119.66,116.315,116.688,116.688,7678452
2018-03-15,116.865,118.355,116.805,117.326,117.326,6971402
2018-03-16,117.404,118.483,116.492,117.904,117.904,16142010
2018-03-19,117.58,117.698,114.07,114.844,114.844,6823729
2018-03-20,115.325,116.197,114.089,115.678,115.678,7047485
2018-03-21,115.855,117.06,115.227,115.658,115.658,5850446
2018-03-22,115.05,115.247,112.069,112.314,112.314,8573763
2018-03-23,112.55,112.746,110.127,110.284,110.284,9585840
2018-03-26,111.471,112.461,110.391,112.324,112.324,9478950
2018-03-27,112.079,113.834,111.451,112.177,112.177,8834355
2018-03-28,112.55,113.776,112.177,112.373,112.373,7789490
2018-03-29,112.844,113.53,111.824,112.991,112.991,6939940
2018-04-02,112.716,112.756,108.912,109.843,109.843,10112520
2018-04-03,110.363,113.295,109.95,113.177,113.177,9112311
2018-04-04,111.892,115.599,111.451,114.991,114.991,8751784
2018-04-05,114.991,115.668,114.197,115.275,115.275,6375465
2018-04-06,114.825,115.207,111.471,112.942,112.942,7257357
2018-04-09,113.423,115.619,112.599,114.178,114.178,7252162
2018-04-10,114.854,115.432,114.011,114.854,114.854,6875878
2018-04-11,113.874,114.933,113.786,114.285,114.285,5188910
2018-04-12,114.707,115.776,114.501,115.011,115.011,5171168
2018-04-13,115.57,115.874,114.285,115.188,115.188,5378109
2018-04-16,115.864,117.149,115.746,116.178,116.178,7234959
2018-04-17,116.501,116.59,113.58,115.119,115.119,12484784
2018-04-18,114.345,114.54,111.932,112.638,112.638,10641795
2018-04-19,112.55,113.109,111.873,112.471,112.471,6758601
2018-04-20,112.854,113.138,111.266,111.677,111.677,8782251
2018-04-23,111.873,112.255,110.912,111.834,111.834,8507750
2018-04-24,111.932,112.383,110.491,111.284,111.284,7459426
2018-04-25,111.019,111.844,110.461,111.765,111.765,6645270
2018-04-26,111.637,113.951,111.637,112.864,112.864,9312046
2018-04-27,112.648,113.56,112.422,113.109,113.109,4838907
2018-04-30,113.629,113.746,111.53,111.53,111.53,9321500
2018-05-01,111.383,111.657,110.187,111.119,111.119,5809403
2018-05-02,110.696,111.276,108.637,108.882,108.882,8381792
2018-05-03,108.725,109.049,106.951,108.49,108.49,8259403
2018-05-04,108.117,109.794,107.382,109.519,109.519,6949247
2018-05-07,109.47,110.421,108.745,108.961,108.961,7607336
2018-05-08,108.343,108.872,107.312,108.117,108.117,6749857
2018-05-09,108.461,109.382,108.049,108.882,108.882,7721480
2018-05-10,109.539,111.157,109.333,110.53,110.53,5611463
2018-05-11,110.902,112.52,110.892,112.206,112.206,6483164
2018-05-14,112.295,112.53,110.755,111.166,111.166,6919770
2018-05-15,110.715,110.952,109.696,110.314,110.314,6663543
2018-05-16,110.618,111.009,110.216,110.53,110.53,4330062
2018-05-17,110.667,110.755,108.921,109.215,109.215,7341332
2018-05-18,109.147,109.736,108.705,109.559,109.559,6162520
2018-05-21,109.902,110.206,108.745,109.088,109.088,6303989
2018-05-22,109.166,109.559,108.254,108.391,108.391,8134386
2018-05-23,108.353,109.323,108.234,108.833,108.833,5603319
2018-05-24,108.647,108.784,107.205,107.793,107.793,7851957
2018-05-25,107.99,109.078,107.588,107.901,107.901,5172519
2018-05-29,107.058,107.312,105.371,106.067,106.067,11056877
2018-05-30,106.694,108.01,106.176,107.449,107.449,7231405
2018-05-31,107.402,107.706,106.176,106.244,106.244,11637255
2018-06-01,106.941,107.763,106.577,107.706,107.706,6462877
2018-06-04,108.244,108.705,107.499,108.333,108.333,5463225
2018-06-05,108.431,108.842,107.382,107.91,107.91,5769789
2018-06-06,108.353,109.068,107.892,109.068,109.068,7654197
2018-06-07,109.265,109.706,108.617,109.559,109.559,8346290
2018-06-08,109.588,110.912,109.559,110.197,110.197,6988647
2018-06-11,110.373,110.441,108.842,108.941,108.941,6271905
2018-06-12,109.402,109.422,108.333,108.833,108.833,5884556
2018-06-13,109.392,110.226,108.774,108.912,108.912,6570807
2018-06-14,108.99,109.392,108.47,108.745,108.745,5897944
2018-06-15,108.48,109.009,107.696,108.892,108.892,14829882
2018-06-18,108.029,108.215,106.814,107.763,107.763,7640822
2018-06-19,107.205,109.422,107.118,108.862,108.862,9650258
2018-06-20,108.745,108.941,108.077,108.421,108.421,7066444
2018-06-21,108.224,108.598,107.569,107.882,107.882,4972542
2018-06-22,108.097,109.608,108.067,109.118,109.118,11601042
2018-06-25,109.098,109.656,107.94,108.882,108.882,9197820
2018-06-26,108.794,109.166,108.02,108.685,108.685,6187431
2018-06-27,108.5,109.235,107.882,108.029,108.029,6378458
2018-06-28,108.176,108.745,107.529,108.381,108.381,5962992
2018-06-29,108.598,109.422,107.646,107.783,107.783,8700220
2018-07-02,107.783,108.127,106.694,108.01,108.01,6170552
2018-07-03,108.067,109.676,107.706,108.99,108.99,4782188
2018-07-05,109.803,111.157,109.47,111.039,111.039,8239418
2018-07-06,111.196,111.844,110.705,111.697,111.697,8231555
2018-07-09,112.128,112.608,111.57,111.971,111.971,7549313
2018-07-10,112.265,113.275,112.03,113.158,113.158,5713820
2018-07-11,113.177,113.206,111.981,112.148,112.148,5434343
2018-07-12,113.432,113.893,112.952,113.482,113.482,6978417
2018-07-13,111.323,113.256,111.323,111.854,111.854,9289711
2018-07-16,111.922,112.02,110.274,110.765,110.765,8234111
2018-07-17,114.178,115.953,113.315,114.687,114.687,14475536
2018-07-18,114.413,114.639,112.952,113.52,113.52,8051654
2018-07-19,113.285,113.423,111.804,111.864,111.864,6737115
2018-07-20,111.314,112.049,111.157,111.784,111.784,6599554
2018-07-23,111.697,112.54,111.441,112.491,112.491,5213397
2018-07-24,113.021,115.158,112.932,114.913,114.913,8059184
2018-07-25,114.717,114.796,113.383,114.246,114.246,7361272
2018-07-26,115.394,116.581,115.345,115.717,115.717,8601296
2018-07-27,115.462,117.492,115.422,116.865,116.865,7582183
2018-07-30,117.042,117.698,116.6,117.404,117.404,12398294
2018-07-31,117.502,117.845,117.032,117.727,117.727,8554293
2018-08-01,117.6,118.12,117.326,117.845,117.845,6496129
2018-08-02,118.061,118.159,116.462,116.6,116.6,7388725
2018-08-03,116.541,117.904,116.286,117.198,117.198,7315828
2018-08-06,116.933,117.737,116.394,117.266,117.266,6574566
2018-08-07,117.129,117.404,116.649,116.786,116.786,5251136
2018-08-08,116.805,117.06,116.276,116.531,116.531,4189836
2018-08-09,116.855,116.982,116.07,116.561,116.561,4568395
2018-08-10,116.551,116.923,115.698,116.139,116.139,4867747
2018-08-13,116.11,116.286,115.345,115.658,115.658,4253049
2018-08-14,115.197,115.883,114.903,115.04,115.04,5114214
2018-08-15,115.275,116.129,114.531,115.855,115.855,6053385
2018-08-16,116.404,118.051,115.982,117.688,117.688,8849952
2018-08-17,117.659,119.904,117.414,119.473,119.473,7543612
2018-08-20,119.837,121.817,119.032,121.581,121.581,8932703
2018-08-21,121.699,122.081,120.179,120.228,120.228,6565752
2018-08-22,120.425,120.532,119.433,119.58,119.58,5278112
2018-08-23,119.58,120.365,119.129,120.002,120.002,5693475
2018-08-24,120.002,120.934,119.757,120.787,120.787,5414294
2018-08-27,121.16,121.66,119.993,120.659,120.659,4837554
2018-08-28,120.532,120.64,119.718,120.101,120.101,6751649
2018-08-29,120.101,120.679,119.757,120.611,120.611,5198665
2018-08-30,120.463,121.248,120.375,120.689,120.689,5392402
2018-08-31,120.375,120.739,119.777,120.454,120.454,6865688
2018-09-04,120.454,120.502,119.346,119.58,119.58,4928036
2018-09-05,119.385,121.552,119.366,121.474,121.474,6905188
2018-09-06,121.16,122.779,120.886,122.395,122.395,7338435
2018-09-07,122.308,123.13,121.376,122.788,122.788,7129269
2018-09-10,122.983,123.818,122.562,122.689,122.689,5470848
2018-09-11,123.083,124.219,122.699,123.848,123.848,8786098
2018-09-12,124.209,125.161,123.895,124.622,124.622,7568178
2018-09-13,125.083,125.631,124.318,125.083,125.083,7219780
2018-09-14,125.171,125.514,124.396,124.739,124.739,5071240
2018-09-17,124.602,125.554,124.475,125.141,125.141,5921884
2018-09-18,125.435,125.955,125.033,125.691,125.691,5123113
2018-09-19,125.877,126.082,125.22,125.612,125.612,5647253
2018-09-20,125.935,127.112,125.661,126.955,126.955,5612946
2018-09-21,127.151,127.976,126.69,127.779,127.779,14854620
2018-09-24,127.074,127.435,125.397,125.622,125.622,7501657
2018-09-25,125.681,126.053,123.758,123.975,123.975,8926978
2018-09-26,124.249,125.171,123.377,123.544,123.544,7977076
2018-09-27,123.788,124.827,123.013,123.601,123.601,7213465
2018-09-28,123.494,123.895,122.876,123.553,123.553,7423678
2018-10-01,123.631,125.053,123.405,124.916,124.916,5449582
2018-10-02,124.994,125.848,124.877,125.631,125.631,7200768
2018-10-03,125.691,126.328,124.189,124.328,124.328,6051930
2018-10-04,123.885,124.779,122.788,124.622,124.622,5299213
2018-10-05,125.004,125.415,123.895,124.396,124.396,4819037
2018-10-08,124.209,124.906,123.955,124.641,124.641,5786111
2018-10-09,124.072,124.857,123.249,124.485,124.485,5004752
2018-10-10,124.622,125.612,123.17,123.17,123.17,8125040
2018-10-11,123.327,123.995,118.825,119.689,119.689,12975642
2018-10-12,120.179,120.188,118.247,119.708,119.708,7825689
2018-10-15,119.718,120.993,119.414,119.757,119.757,7155499
2018-10-16,120.502,123.397,120.502,122.121,122.121,10727440
2018-10-17,121.837,125.171,121.817,124.71,124.71,9238250
2018-10-18,124.485,125.014,123.15,124.749,124.749,8481238
2018-10-19,123.7,125.171,123.327,124.346,124.346,6625614
2018-10-22,123.945,124.533,123.534,124.014,124.014,5439707
2018-10-23,123.23,124.739,122.916,124.229,124.229,9262425
2018-10-24,123.857,125.278,122.66,122.936,122.936,9258444
2018-10-25,122.926,124.386,120.787,123.808,123.808,10870502
2018-10-26,123.357,124.573,121.023,122.474,122.474,12716437
2018-10-29,122.493,124.396,121.827,122.993,122.993,7585363
2018-10-30,123.347,126.19,122.503,125.867,125.867,10787201
2018-10-31,126.092,126.476,124.857,125.161,125.161,11148091
2018-11-01,125.24,126.583,125.053,125.935,125.935,7731199
2018-11-02,126.946,126.974,124.886,125.798,125.798,8580920
2018-11-05,126.092,127.652,124.298,127.171,127.171,6263945
2018-11-06,126.533,127.73,126.152,127.505,127.505,6484824
2018-11-07,127.946,129.545,127.848,129.427,129.427,8022100
2018-11-08,129.064,130.377,128.78,129.936,129.936,6147343
2018-11-09,129.692,130.339,129.113,129.966,129.966,5975211
2018-11-12,129.642,130.751,129.407,130.22,130.22,7843160
2018-11-13,130.701,131.222,128.24,129.368,129.368,8311564
2018-11-14,129.672,129.946,128.367,129.005,129.005,7193996
2018-11-15,128.23,129.231,127.416,129.221,129.221,7445544
2018-11-16,129.388,131.212,129.26,130.554,130.554,9499038
2018-11-19,130.937,132.741,130.878,132.104,132.104,9745386
2018-11-20,131.888,133.025,130.858,130.956,130.956,9995197
2018-11-21,130.741,130.741,125.896,126.964,126.964,11491255
2018-11-23,126.847,127.642,126.603,127.191,127.191,3807619
2018-11-26,127.789,127.829,126.623,127.231,127.231,8435098
2018-11-27,126.495,129.015,125.701,128.887,128.887,6625134
2018-11-28,129.427,131.878,129.024,131.8,131.8,9346781
2018-11-29,131.055,132.476,130.349,131.25,131.25,7667372
2018-11-30,130.781,132.28,130.584,132.182,132.182,13909577
2018-12-03,131.005,131.947,130.447,131.584,131.584,9807852
2018-12-04,131.683,134.085,131.222,131.417,131.417,10893661
2018-12-06,130.045,131.81,128.505,131.3,131.3,12859418
2018-12-07,130.928,132.604,129.692,130.868,130.868,10494739
2018-12-10,130.829,131.28,128.123,130.701,130.701,7610029
2018-12-11,131.653,133.369,131.192,131.839,131.839,10953559
2018-12-12,132.28,133.624,132.28,132.379,132.379,9855478
2018-12-13,132.241,133.712,132.104,133.055,133.055,6676492
2018-12-14,129.898,130.819,117.149,119.689,119.689,64605735
2018-12-17,115.482,118.443,114.148,116.217,116.217,41040323
2018-12-18,118.835,119.542,116.276,117.355,117.355,27380223
2018-12-19,116.865,118.208,114.354,114.844,114.844,23593208
2018-12-20,114.933,116.786,114.08,115.432,115.432,18456694
2018-12-21,115.011,117.531,114.383,115.295,115.295,21927354
2018-12-24,114.56,115.207,108.872,110.539,110.539,8369479
2018-12-26,111.079,114.08,109.803,114.04,114.04,10282437
2018-12-27,113.266,114.658,110.755,114.658,114.658,11021705
2018-12-28,115.119,115.855,114.07,114.531,114.531,7264222
2018-12-31,115.354,116.6,114.658,116.129,116.129,8233880
2019-01-02,115.315,115.531,113.647,114.962,114.962,8480359
2019-01-03,115.315,115.432,112.814,113.138,113.138,9617137
2019-01-04,114.383,115.766,114.06,115.04,115.04,9814168
2019-01-07,114.854,115.511,114.118,114.285,114.285,9339302
2019-01-08,115.354,117.433,114.943,116.943,116.943,10391521
2019-01-09,116.845,117.189,115.492,116.021,116.021,8226842
2019-01-10,114.913,116.885,114.913,116.747,116.747,6916611
2019-01-11,116.09,116.855,115.472,116.786,116.786,5890131
2019-01-14,115.845,116.05,114.825,115.442,115.442,8194541
2019-01-15,115.639,116.541,114.874,116.433,116.433,5772055
2019-01-16,116.472,116.472,115.11,115.247,115.247,6960762
2019-01-17,114.923,116.571,114.697,116.168,116.168,8480678
2019-01-18,116.894,118.071,116.501,117.61,117.61,11770974
2019-01-22,115.374,116.551,114.285,115.893,115.893,11743368
2019-01-23,115.629,116.374,115.138,115.893,115.893,10298619
2019-01-24,114.295,115.806,112.501,114.295,114.295,11019941
2019-01-25,115.315,115.579,114.442,115.404,115.404,8429550
2019-01-28,115.021,116.227,114.55,116.08,116.08,7698058
2019-01-29,116.04,117.404,115.629,117.276,117.276,7410955
2019-01-30,117.316,118.963,117.247,118.434,118.434,8111197
2019-01-31,118.424,121.66,117.786,119.747,119.747,19221713
2019-02-01,120.62,121.209,120.101,120.787,120.787,10639965
2019-02-04,120.562,120.739,118.982,119.58,119.58,8621897
2019-02-05,120.15,120.483,119.493,119.58,119.58,7167043
2019-02-06,119.747,120.188,119.062,119.689,119.689,5629728
2019-02-07,119.209,119.385,118.355,118.835,118.835,6762074
2019-02-08,118.738,119.218,118.355,119.159,119.159,4930165
2019-02-11,119.071,119.414,118.139,118.787,118.787,5514489
2019-02-12,118.855,120.876,118.855,120.748,120.748,6958727
2019-02-13,120.659,121.454,119.855,121.003,121.003,8780952
2019-02-14,120.876,121.317,119.984,120.876,120.876,4345319
2019-02-15,121.66,122.749,121.483,122.729,122.729,7406230
2019-02-19,122.513,122.729,122.052,122.111,122.111,6596061
2019-02-20,122.366,123.043,122.141,122.699,122.699,6766967
2019-02-21,121.454,122.199,120.836,121.885,121.885,7406722
2019-02-22,121.758,122.973,121.317,122.936,122.936,5804782
2019-02-25,123.514,124.553,123.073,123.387,123.387,7557835
2019-02-26,123.591,124.082,123.249,123.307,123.307,5637404
2019-02-27,122.759,123.424,122.65,123.083,123.083,4832882
2019-02-28,123.16,124.974,122.926,123.778,123.778,11185840
2019-03-01,124.308,125.572,124.122,125.327,125.327,6227661
2019-03-04,125.778,126.289,124.573,125.455,125.455,9248419
2019-03-05,125.739,126.043,125.337,125.711,125.711,7251275
2019-03-06,126.338,126.504,125.563,126.005,126.005,6884871
2019-03-07,125.504,126.034,124.739,125.22,125.22,6734116
2019-03-08,125.093,126.2,123.571,125.063,125.063,7778888
2019-03-11,125.111,125.955,124.583,125.524,125.524,6789380
2019-03-12,125.612,126.827,125.474,126.082,126.082,6130133
2019-03-13,126.456,126.67,125.945,126.289,126.289,7116683
2019-03-14,125.318,125.729,124.954,125.024,125.024,9375958
2019-03-15,125.004,125.24,123.955,124.641,124.641,13161458
2019-03-18,124.69,124.817,123.848,124.259,124.259,8135221
2019-03-19,124.65,125.749,124.533,125.415,125.415,6493606
2019-03-20,125.308,125.484,123.788,124.376,124.376,6044721
2019-03-21,124.112,125.711,124.072,125.102,125.102,6364027
2019-03-22,124.789,125.367,123.985,124.032,124.032,7207026
2019-03-25,124.032,124.122,122.973,123.758,123.758,4967886
2019-03-26,124.052,126.172,124.052,125.534,125.534,5253218
2019-03-27,125.554,126.347,125.073,125.661,125.661,7467620
2019-03-28,125.975,126.328,125.671,125.808,125.808,5080159
2019-03-29,126.181,126.71,125.808,126.623,126.623,7913141
2019-04-01,126.817,127.094,125.691,125.906,125.906,6496803
2019-04-02,125.935,125.935,124.032,124.749,124.749,6091034
2019-04-03,125.18,125.22,123.995,124.259,124.259,6564825
2019-04-04,123.995,124.112,122.425,122.807,122.807,6451970
2019-04-05,123.249,123.728,122.936,123.367,123.367,5254160
2019-04-08,123.249,123.661,122.936,123.327,123.327,4779873
2019-04-09,123.21,123.434,121.915,122.807,122.807,5751590
2019-04-10,123.102,123.317,122.602,122.816,122.816,4629879
2019-04-11,123.17,123.367,121.777,122.484,122.484,4951158
2019-04-12,122.493,123.514,122.062,123.19,123.19,6354861
2019-04-15,123.21,123.915,123.013,123.671,123.671,5939883
2019-04-16,125.298,127.465,124.622,125.024,125.024,11862042
2019-04-17,125.925,126.946,124.71,125.494,125.494,10535192
2019-04-18,126.239,127.044,122.983,124.583,124.583,11574553
2019-04-22,124.102,125.465,123.611,124.857,124.857,5151319
2019-04-23,124.493,127.592,124.336,126.73,126.73,6392026
2019-04-24,126.504,126.946,125.788,126.102,126.102,6266024
2019-04-25,125.494,126.603,124.974,126.504,126.504,5760167
2019-04-26,126.71,127.298,126.21,127.191,127.191,5092863
2019-04-29,127.151,127.221,126.446,126.67,126.67,4719281
2019-04-30,126.994,128.133,125.886,127.896,127.896,6627394
2019-05-01,127.692,128.956,126.583,128.603,128.603,7347826
2019-05-02,128.564,128.78,126.927,127.976,127.976,9753469
2019-05-03,127.986,128.721,127.809,128.652,128.652,5830312
2019-05-06,127.054,128.858,126.76,128.721,128.721,6423374
2019-05-07,127.563,128.063,125.975,126.799,126.799,7292997
2019-05-08,127.004,127.662,126.533,126.623,126.623,5152114
2019-05-09,125.877,126.219,124.68,125.691,125.691,6186393
2019-05-10,125.406,126.152,123.562,125.975,125.975,5267326
2019-05-13,124.867,125.063,123.681,124.289,124.289,6138066
2019-05-14,124.151,124.867,123.857,123.945,123.945,7925271
2019-05-15,124.023,124.553,122.602,124.032,124.032,7097264
2019-05-16,124.475,126.102,124.092,125.19,125.19,7569537
2019-05-17,124.112,125.955,123.985,125.572,125.572,7633678
2019-05-20,125.572,125.886,124.72,125.397,125.397,5266775
2019-05-21,126.034,126.436,125.083,125.121,125.121,5363828
2019-05-22,125.327,125.877,124.543,125.711,125.711,6023722
2019-05-23,125.474,126.68,124.71,126.623,126.623,7673984
2019-05-24,127.241,127.241,126.376,126.633,126.633,6001052
2019-05-28,126.78,128.133,124.954,125.014,125.014,13068423
2019-05-29,123.945,123.945,117.207,119.767,119.767,25488057
2019-05-30,119.865,121.14,119.65,120.492,120.492,8070493
2019-05-31,119.934,120.395,118.228,119.63,119.63,8563831
2019-06-03,119.924,120.777,119.552,119.865,119.865,9247728
2019-06-04,120.953,122.493,120.934,121.974,121.974,7289962
2019-06-05,122.856,123.249,122.091,122.572,122.572,7521793
2019-06-06,123.033,125.563,122.749,124.66,124.66,9994457
2019-06-07,125.504,127.318,125.083,126.366,126.366,7163720
2019-06-10,126.416,126.927,125.514,126.799,126.799,5476200
2019-06-11,127.406,128.289,127.241,127.505,127.505,9023810
2019-06-12,127.956,130.349,127.956,129.231,129.231,10104962
2019-06-13,129.26,129.466,127.877,128.338,128.338,8223757
2019-06-14,128.819,129.054,127.739,127.789,127.789,7179297
2019-06-17,127.701,127.896,126.964,127.191,127.191,6098950
2019-06-18,128.191,128.544,127.515,127.887,127.887,7809219
2019-06-19,127.71,128.583,127.612,128.093,128.093,7009854
2019-06-20,128.838,129.878,128.613,129.702,129.702,8042882
2019-06-21,129.034,129.908,128.623,129.594,129.594,12358660
2019-06-24,129.898,131.075,129.594,130.496,130.496,6462830
2019-06-25,130.662,132.222,130.614,131.564,131.564,8241658
2019-06-26,131.192,131.192,128.377,129.368,129.368,8413785
2019-06-27,129.721,129.976,128.24,128.319,128.319,5737899
2019-06-28,128.358,128.701,126.319,127.034,127.034,14025436
2019-07-01,127.877,127.916,126.523,127.112,127.112,6441338
2019-07-02,126.974,127.73,126.495,127.73,127.73,4935045
2019-07-03,128.613,129.672,128.407,129.632,129.632,3767543
2019-07-05,129.27,129.388,128.024,128.201,128.201,5100834
2019-07-08,127.809,128.681,127.368,128.583,128.583,4471457
2019-07-09,129.034,129.946,128.524,128.985,128.985,4623944
2019-07-10,129.309,129.505,128.299,128.799,128.799,5344179
2019-07-11,128.554,128.799,126.799,127.799,127.799,6378112
2019-07-12,127.809,127.809,120.699,122.493,122.493,19493811
2019-07-15,123.484,124.376,122.631,122.866,122.866,11005736
2019-07-16,121.248,122.062,120.159,120.866,120.866,11199047
2019-07-17,120.856,121.847,119.837,120.268,120.268,9716247
2019-07-18,120.512,120.876,119.65,120.463,120.463,6801672
2019-07-19,120.63,120.767,118.738,118.855,118.855,9144095
2019-07-22,118.551,118.698,116.609,117.326,117.326,13842397
2019-07-23,117.296,118.09,116.885,117.512,117.512,6362996
2019-07-24,117.551,118.365,117.257,118.355,118.355,7497744
2019-07-25,118.61,119.944,118.277,119.6,119.6,9755507
2019-07-26,119.747,119.747,119.012,119.248,119.248,5366483
2019-07-29,119.513,121.581,118.757,121.317,121.317,8586851
2019-07-30,120.836,120.856,119.727,120.473,120.473,6040654
2019-07-31,120.051,120.395,118.728,118.767,118.767,9384162
2019-08-01,118.806,119.258,117.678,118.835,118.835,8629342
2019-08-02,119.375,119.894,118.355,119.561,119.561,7208655
2019-08-05,119.423,119.884,117.669,118.708,118.708,10393727
2019-08-06,118.875,119.689,118.208,119.286,119.286,8640120
2019-08-07,117.806,119.414,116.923,118.757,118.757,7424423
2019-08-08,119.493,120.345,118.777,120.091,120.091,5767557
2019-08-09,120.208,121.091,119.699,120.435,120.435,5128143
2019-08-12,119.924,121.052,119.747,120.288,120.288,6081645
2019-08-13,120.679,122.317,120.395,121.69,121.69,5593566
2019-08-14,120.886,120.895,118.678,118.806,118.806,8482078
2019-08-15,118.718,119.561,117.904,119.062,119.062,7950120
2019-08-16,119.894,120.081,119.11,119.797,119.797,6423561
2019-08-19,120.866,120.924,120.228,120.63,120.63,5435872
2019-08-20,120.365,121.013,118.992,119.119,119.119,8005806
2019-08-21,120.111,120.787,119.366,119.944,119.944,7580402
2019-08-22,120.012,120.512,119.316,119.727,119.727,7908830
2019-08-23,119.561,119.718,115.943,116.501,116.501,17229387
2019-08-26,117.07,117.698,116.374,117.433,117.433,9703320
2019-08-27,119.366,121.66,118.62,119.129,119.129,21967829
2019-08-28,117.492,118.404,116.728,118.257,118.257,10757380
2019-08-29,118.384,118.718,116.551,117.855,117.855,7345666
2019-08-30,117.884,118.62,117.266,117.973,117.973,8021477
2019-09-03,117.61,118.502,117.159,118.306,118.306,6214056
2019-09-04,118.992,119.081,117.698,118.394,118.394,5246851
2019-09-05,119.385,119.385,117.924,118.169,118.169,5173518
2019-09-06,118.404,118.748,117.688,117.825,117.825,7354606
2019-09-09,117.62,117.777,116.335,116.668,116.668,8362671
2019-09-10,116.992,119.042,116.09,119.042,119.042,8966711
2019-09-11,119.366,120.64,118.6,120.532,120.532,6750964
2019-09-12,120.719,121.091,119.542,119.837,119.837,5713234
2019-09-13,120.689,120.915,119.443,120.169,120.169,5843541
2019-09-16,119.57,120.141,118.845,119.032,119.032,5551802
2019-09-17,119.091,119.904,118.63,119.159,119.159,5444265
2019-09-18,119.385,119.954,118.336,119.827,119.827,4843385
2019-09-19,119.119,120.552,118.865,119.57,119.57,5285824
2019-09-20,120.336,121.287,119.727,120.993,120.993,13423654
2019-09-23,120.395,121.336,119.894,121.072,121.072,5900777
2019-09-24,121.376,122.013,120.699,120.895,120.895,7760671
2019-09-25,120.856,120.924,119.689,120.375,120.375,4972808
2019-09-26,120.463,120.669,117.649,118.394,118.394,8385893
2019-09-27,118.198,118.905,116.443,118.188,118.188,6536652
2019-09-30,118.591,119.718,118.522,118.885,118.885,7427692
2019-10-01,119.503,120.188,119.258,119.473,119.473,8386126
2019-10-02,121.994,123.778,120.582,121.287,121.287,13155186
2019-10-03,120.983,121.63,119.493,120.552,120.552,8067929
2019-10-04,120.699,122.876,120.611,122.816,122.816,7879167
2019-10-07,122.308,122.973,121.424,122.375,122.375,5916874
2019-10-08,121.709,122.465,120.846,121.15,121.15,8626316
2019-10-09,120.454,120.611,118.12,118.738,118.738,8547739
2019-10-10,118.473,119.58,118.208,118.581,118.581,5730520
2019-10-11,120.739,121.875,120.208,120.689,120.689,7821845
2019-10-14,120.473,120.719,119.827,120.111,120.111,6368167
2019-10-15,122.219,123.377,121.376,122.072,122.072,10935476
2019-10-16,123.965,125.514,122.954,124.209,124.209,13563537
2019-10-17,124.936,126.338,124.65,125.121,125.121,9372556
2019-10-18,122.503,123.484,117.336,117.336,117.336,28162770
2019-10-21,118.247,119.159,116.776,117.639,117.639,15352089
2019-10-22,118.316,119.934,117.708,118.718,118.718,8298446
2019-10-23,119.149,119.884,118.591,119.385,119.385,7315348
2019-10-24,119.827,119.974,115.864,117.149,117.149,13218012
2019-10-25,117.463,118.62,116.982,117.963,117.963,7560196
2019-10-28,118.208,119.483,118.11,118.698,118.698,8571218
2019-10-29,119.189,119.453,118.149,118.649,118.649,4903882
2019-10-30,122.493,122.699,121.062,122.072,122.072,10477031
2019-10-31,121.64,122.072,120.278,121.327,121.327,8364865
2019-11-01,121.336,122.219,120.502,120.562,120.562,6030735
2019-11-04,121.11,121.248,119.552,119.689,119.689,6682074
2019-11-05,119.924,120.826,119.169,119.827,119.827,6809335
2019-11-06,119.827,120.836,119.189,120.345,120.345,5930880
2019-11-07,121.062,121.64,120.395,120.787,120.787,6392343
2019-11-08,120.659,122.258,120.355,122.219,122.219,5444983
2019-11-11,121.533,121.777,120.689,121.267,121.267,4757042
2019-11-12,121.287,121.366,120.395,120.709,120.709,5690518
2019-11-13,120.415,120.836,120.111,120.63,120.63,6443853
2019-11-14,120.405,120.719,119.6,120.345,120.345,4589573
2019-11-15,120.611,124.032,120.169,124.004,124.004,11421637
2019-11-18,123.347,124.69,121.915,123.895,123.895,10113574
2019-11-19,124.062,124.219,123.337,123.885,123.885,5650346
2019-11-20,124.161,125.278,123.2,124.916,124.916,8271495
2019-11-21,124.916,125.749,124.062,125.377,125.377,6991725
2019-11-22,125.572,127.397,125.435,126.877,126.877,10050762
2019-11-25,126.817,127.368,126.063,126.927,126.927,6605390
2019-11-26,126.279,127.084,125.053,126.927,126.927,11496287
2019-11-27,126.917,127.906,126.66,127.465,127.465,5968878
2019-11-29,127.318,127.926,126.7,127.221,127.221,3543591
2019-12-02,127.435,127.563,126.613,127.102,127.102,5098196
2019-12-03,126.67,127.191,125.995,126.917,126.917,6937610
2019-12-04,128.142,129.289,127.739,128.976,128.976,7843361
2019-12-05,128.946,129.299,127.652,129.142,129.142,5914934
2019-12-06,129.378,131.005,129.054,129.888,129.888,7176695
2019-12-09,129.898,130.3,129.594,130.006,130.006,4604569
2019-12-10,130.29,130.476,129.456,129.525,129.525,5739580
2019-12-11,130.407,131.369,130.133,130.457,130.457,7167031
2019-12-12,130.751,131.447,130.22,130.771,130.771,5417220
2019-12-13,130.564,131.192,129.819,130.809,130.809,4600964
2019-12-16,131.143,132.163,130.918,131.182,131.182,5785376
2019-12-17,132.202,133.291,131.878,132.83,132.83,11589944
2019-12-18,132.987,133.144,132.075,132.496,132.496,8483182
2019-12-19,133.144,134.977,132.878,134.496,134.496,10672197
2019-12-20,135.919,136.791,133.987,135.144,135.144,15706404
2019-12-23,134.85,135.801,134.487,135.497,135.497,7089083
2019-12-24,135.085,135.094,134.408,135.026,135.026,4581179
2019-12-26,135.066,135.261,134.32,134.938,134.938,3264358
2019-12-27,135.271,135.605,134.663,134.86,134.86,3709844
2019-12-30,134.889,135.271,134.202,134.448,134.448,3159934
2019-12-31,134.261,135.094,133.967,134.967,134.967,4793199
2020-01-02,134.967,135.104,134.242,135.066,135.066,6089399
2020-01-03,132.771,134.516,132.31,133.496,133.496,6217957
2020-01-06,133.241,133.418,132.163,133.339,133.339,8355676
2020-01-07,133.251,134.595,130.809,134.154,134.154,7985631
2020-01-08,134.046,135.076,132.967,134.134,134.134,7139132
2020-01-09,134.869,135.114,134.163,134.536,134.536,6606335
2020-01-10,134.86,135.251,134.075,134.222,134.222,5449819
2020-01-13,134.615,134.899,133.908,134.81,134.81,4964728
2020-01-14,134.212,135.664,133.918,135.575,135.575,7607096
2020-01-15,135.458,136.38,135.311,136.036,136.036,5360971
2020-01-16,136.41,137.713,135.271,137.135,137.135,6999287
2020-01-17,137.321,138.253,136.87,138.027,138.027,9817274
2020-01-21,137.478,138.948,137.409,138.116,138.116,10314488
2020-01-22,135.742,138.037,135.085,137.184,137.184,11137395
2020-01-23,136.978,137.655,135.801,137.439,137.439,9372172
2020-01-24,137.478,137.811,136.87,137.252,137.252,9782794
2020-01-27,136.507,138.282,136.026,137.635,137.635,8199693
2020-01-28,137.37,139.322,137.085,138.321,138.321,7929002
2020-01-29,138.273,139.89,137.998,139.292,139.292,6796519
2020-01-30,138.821,139.272,137.919,139.125,139.125,6993024
2020-01-31,138.567,138.801,137.537,137.743,137.743,9350494
2020-02-03,138.253,139.252,138.086,138.948,138.948,6230916
2020-02-04,140.174,141.332,139.9,140.273,140.273,7069756
2020-02-05,140.381,142.528,139.997,142.498,142.498,6462844
2020-02-06,142.715,142.939,141.322,142.067,142.067,6701954
2020-02-07,141.881,141.99,140.224,140.548,140.548,6160543
2020-02-10,140.341,140.567,139.616,140.518,140.518,5226466
2020-02-11,140.919,140.999,140.214,140.635,140.635,4015374
2020-02-12,140.528,140.792,139.646,139.793,139.793,5584263
2020-02-13,138.938,139.763,138.684,138.871,138.871,5922702
2020-02-14,139.312,139.389,138.007,138.91,138.91,6178108
2020-02-18,139.232,139.479,137.929,138.007,138.007,7814847
2020-02-19,138.056,138.577,137.478,137.811,137.811,6608967
2020-02-20,137.507,138.223,136.39,137.292,137.292,8067780
2020-02-21,137.027,139.018,136.517,138.734,138.734,8404742
2020-02-24,136.418,138.753,135.251,135.879,135.879,11371671
2020-02-25,136.026,136.654,133.937,134.693,134.693,11307419
2020-02-26,135.35,136.144,133.702,133.79,133.79,10840306
2020-02-27,132.751,134.8,129.388,129.545,129.545,13495297
2020-02-28,126.043,127.848,121.817,125.22,125.22,21290496
2020-03-02,125.514,130.496,124.789,130.387,130.387,12358609
2020-03-03,130.31,131.28,123.945,126.259,126.259,14672010
2020-03-04,128.201,133.752,127.71,133.605,133.605,11341192
2020-03-05,131.123,132.859,130.22,132.232,132.232,12177071
2020-03-06,128.956,133.172,127.946,132.251,132.251,13143475
2020-03-09,126.946,130.073,125.622,127.054,127.054,14871880
2020-03-10,130.339,132.172,124.994,131.888,131.888,13636371
2020-03-11,128.593,129.201,122.455,122.729,122.729,19080996
2020-03-12,118.531,124.553,115.923,116.786,116.786,23130799
2020-03-13,120.415,125.641,116.07,125.053,125.053,21568228
2020-03-16,115.07,124.553,114.011,118.375,118.375,20272863
2020-03-17,119.718,127.358,119.012,127.191,127.191,20309203
2020-03-18,122.004,126.338,119.837,125.681,125.681,18815816
2020-03-19,125.711,125.711,117.463,118.306,118.306,19848052
2020-03-20,118.12,118.659,110,111.627,111.627,21247111
2020-03-23,108.941,110.391,101.655,103.478,103.478,22353324
2020-03-24,110.588,111.423,106.029,110.981,110.981,18905634
2020-03-25,110.735,115.432,108.676,111.196,111.196,15019523
2020-03-26,112.285,118.355,112.098,117.875,117.875,16182114
2020-03-27,113.275,118.835,112.285,114.687,114.687,13029782
2020-03-30,119.64,124.769,118.718,123.857,123.857,23361504
2020-03-31,125.711,126.376,121.101,122.111,122.111,16909652
2020-04-01,118.905,121.258,116.865,119.924,119.924,13537583
2020-04-02,120.228,124.779,118.443,123.995,123.995,12451204
2020-04-03,123.267,125.514,122.532,124.945,124.945,10815370
2020-04-06,127.583,131.26,126.219,130.153,130.153,16102400
2020-04-07,130.24,132.251,127.829,128.015,128.015,12421794
2020-04-08,128.27,134.212,127.858,133.398,133.398,11553131
2020-04-09,134.104,135.418,130.614,131.516,131.516,11949429
2020-04-13,130.368,131.761,128.348,130.163,130.163,8755695
2020-04-14,135.418,137.282,134.144,135.987,135.987,14860548
2020-04-15,135.536,137.723,133.663,137.498,137.498,12846186
2020-04-16,138.106,140.311,136.36,139.371,139.371,13081846
2020-04-17,141.528,141.823,139.302,141.557,141.557,11726934
2020-04-20,140.548,142.488,139.763,141.233,141.233,13129632
2020-04-21,139.783,141.205,138.34,139.38,139.38,10686422
2020-04-22,142.302,144.322,141.293,142.479,142.479,12369448
2020-04-23,143.637,146.195,143.116,144.813,144.813,11453093
2020-04-24,144.872,145.549,143.059,144.205,144.205,9293604
2020-04-27,144.165,145.323,143.4,143.676,143.676,9583471
2020-04-28,140.852,142.568,140.331,140.979,140.979,9191147
2020-04-29,140.969,141.195,138.891,139.9,139.9,9971329
2020-04-30,138.253,140.077,137.036,139.713,139.713,15925399
2020-05-01,139.322,139.371,136.694,138.086,138.086,7849041
2020-05-04,138.537,138.821,136.968,138.066,138.066,7730320
2020-05-05,138.753,140.401,138.41,139.214,139.214,7047194
2020-05-06,139.684,139.979,137.85,137.89,137.89,6649107
2020-05-07,139.095,139.242,137.008,137.439,137.439,5982694
2020-05-08,138.674,138.91,137.703,138.468,138.468,5060695
2020-05-11,138.243,139.773,137.929,138.841,138.841,6322531
2020-05-12,139.773,139.997,136.909,137.017,137.017,7559377
2020-05-13,136.036,138.704,135.968,137.008,137.008,7485526
2020-05-14,135.389,137.596,134.33,137.478,137.478,7379161
2020-05-15,137.684,140.126,135.644,140.087,140.087,11104486
2020-05-18,141.998,143.039,140.107,140.164,140.164,7936063
2020-05-19,139.773,140.705,138.193,138.772,138.772,6558540
2020-05-20,139.449,140.037,137.145,137.517,137.517,6135623
2020-05-21,138.273,138.273,135.792,136.615,136.615,6966713
2020-05-22,135.555,137.174,135.076,135.37,135.37,6549270
2020-05-26,137.076,137.311,135.301,135.545,135.545,7542563
2020-05-27,135.321,136.183,134.094,135.859,135.859,8478683
2020-05-28,136.909,138.871,136.723,137.802,137.802,6602256
2020-05-29,138.743,140.037,136.262,139.479,139.479,9070811
2020-06-01,138.106,139.095,136.899,138.017,138.017,6551061
2020-06-02,137.89,139.095,137.008,139.008,139.008,6482519
2020-06-03,139.262,139.831,137.321,139.38,139.38,6761043
2020-06-04,137.645,139.115,136.507,137.586,137.586,8713816
2020-06-05,138.478,140.311,137.468,138.116,138.116,10372181
2020-06-08,136.781,138.4,136.654,137.615,137.615,8058071
2020-06-09,139.008,140.017,136.566,136.851,136.851,8795673
2020-06-10,137.468,140.675,137.468,138.586,138.586,10811184
2020-06-11,139.312,139.86,131.977,132.084,132.084,12705496
2020-06-12,133.937,134.742,131.536,133.291,133.291,9265064
2020-06-15,132.202,133.516,130.691,132.447,132.447,9230573
2020-06-16,135.104,136.35,133.869,135.448,135.448,8086876
2020-06-17,135.869,136.35,134.526,135.036,135.036,5439252
2020-06-18,133.633,135.124,133.025,134.468,134.468,5116479
2020-06-19,136.704,136.781,134.32,134.86,134.86,13004992
2020-06-22,134.526,134.703,133.172,134.448,134.448,5637124
2020-06-23,134.772,135.094,133.781,133.957,133.957,6315379
2020-06-24,132.673,133.329,130.073,131.113,131.113,8757286
2020-06-25,131.81,131.81,128.966,130.966,130.966,7914667
2020-06-26,130.829,130.898,128.476,129.221,129.221,13704245
2020-06-29,130.093,130.995,129.378,130.368,130.368,5662898
2020-06-30,130.701,132.222,129.25,131.868,131.868,8252893
2020-07-01,131.918,132.584,131.319,131.633,131.633,6585658
2020-07-02,132.447,132.997,131.584,132.172,132.172,5494862
2020-07-06,133.311,134.8,133.035,134.065,134.065,6565752
2020-07-07,132.584,134.987,132.427,133.947,133.947,5996512
2020-07-08,133.967,134.448,132.859,134.34,134.34,6673663
2020-07-09,133.859,135.418,131.82,133.605,133.605,6120179
2020-07-10,133.85,133.967,132.614,133.486,133.486,4567184
2020-07-13,134.653,137.498,134.349,136.144,136.144,7414245
2020-07-14,136.253,139.135,136.193,138.704,138.704,7942358
2020-07-15,140.391,140.842,138.988,139.018,139.018,9078940
2020-07-16,139.409,140.027,137.537,139.94,139.94,9923429
2020-07-17,140.645,141.185,139.419,140.037,140.037,7939158
2020-07-20,140.871,140.949,139.175,140.273,140.273,6603188
2020-07-21,140.273,142.214,140.184,140.401,140.401,5950737
2020-07-22,140.577,141.028,138.635,140.655,140.655,6303220
2020-07-23,140.852,141.44,139.969,140.283,140.283,7002925
2020-07-24,141.116,141.205,137.86,138.881,138.881,5765357
2020-07-27,138.184,139.636,137.693,138.007,138.007,6052552
2020-07-28,138.213,138.772,137.605,137.664,137.664,5164189
2020-07-29,137.272,138.263,136.958,137.409,137.409,4787675
2020-07-30,138.253,138.292,137.027,137.674,137.674,6316325
2020-07-31,137.517,138.253,134.977,136.674,136.674,8807153
2020-08-03,137.272,138.577,137.036,138.164,138.164,4351059
2020-08-04,137.821,138.046,136.732,138.046,138.046,4438936
2020-08-05,139.793,139.997,138.586,139.145,139.145,5858493
2020-08-06,139.145,139.94,137.37,138.34,138.34,5159581
2020-08-07,138.302,139.38,137.978,139.332,139.332,3876803
2020-08-10,139.586,139.713,138.507,138.801,138.801,4369046
2020-08-11,139.831,139.92,137.252,137.802,137.802,6813217
2020-08-12,138.331,140.881,138.282,140.331,140.331,5607792
2020-08-13,139.282,139.88,138.321,138.782,138.782,5498294
2020-08-14,138.4,140.027,138.37,138.998,138.998,4522160
2020-08-17,139.076,140.871,138.988,139.693,139.693,4593317
2020-08-18,139.95,140.744,139.302,140.734,140.734,4610017
2020-08-19,140.254,142.127,140.007,141.018,141.018,8336031
2020-08-20,140.41,142.127,140.224,141.98,141.98,5198909
2020-08-21,142.322,144.078,141.195,143.233,143.233,7169823
2020-08-24,144.175,144.313,141.91,143.607,143.607,5708241
2020-08-25,144.215,144.47,143.029,143.529,143.529,4093155
2020-08-26,143.343,144.098,142.184,143.754,143.754,8484373
2020-08-27,143.871,144.656,143.372,144.382,144.382,5906883
2020-08-28,144.175,145.068,143.381,145.019,145.019,5716450
2020-08-31,144.402,145.744,143.714,144.803,144.803,6740937
2020-09-01,145.235,145.44,141.646,143.009,143.009,6684312
2020-09-02,142.332,145.686,140.881,145.196,145.196,7290973
2020-09-03,146.138,146.746,139.979,141.155,141.155,9188394
2020-09-04,141.743,142.488,138.871,140.254,140.254,7628099
2020-09-08,141.823,142.431,138.664,138.998,138.998,9277424
2020-09-09,139.831,142.626,139.803,141.302,141.302,7374468
2020-09-10,140.881,141.372,138.292,138.674,138.674,6559893
2020-09-11,138.801,140.204,138.4,139.489,139.489,4168602
2020-09-14,139.803,141.086,139.703,140.027,140.027,4635933
2020-09-15,141.067,142.137,140.194,140.538,140.538,3876757
2020-09-16,141.008,141.636,140.027,140.077,140.077,4580526
2020-09-17,139.733,140.292,137.85,138.91,138.91,5786087
2020-09-18,138.282,141.253,137.998,140.812,140.812,12897773
2020-09-21,139.292,139.626,134.938,136.958,136.958,8024794
2020-09-22,136.566,137.203,135.664,136.115,136.115,5610751
2020-09-23,139.204,139.272,136.271,136.33,136.33,9306659
2020-09-24,136.448,137.105,135.291,136.547,136.547,5948638
2020-09-25,135.929,138.046,135.821,137.488,137.488,5860032
2020-09-28,138.497,139.969,138.203,138.851,138.851,6190558
2020-09-29,139.312,139.616,137.86,138.811,138.811,7173542
2020-09-30,139.175,141.322,138.606,140.528,140.528,8992273
2020-10-01,140.929,141.253,138.243,139.057,139.057,6841716
2020-10-02,138.007,140.087,137.645,138.037,138.037,5811712
2020-10-05,138.763,140.057,138.203,139.91,139.91,5289570
2020-10-06,139.96,140.273,137.674,138.046,138.046,5422483
2020-10-07,138.263,139.91,137.625,139.586,139.586,5936221
2020-10-08,140.174,141.44,139.733,140.538,140.538,4675909
2020-10-09,141.253,142.969,141.058,142.508,142.508,5354577
2020-10-12,143.086,144.549,142.548,143.323,143.323,7705550
2020-10-13,140.635,141.694,139.479,140.037,140.037,11714926
2020-10-14,140.468,140.665,139.115,139.783,139.783,8165219
2020-10-15,139.204,139.596,138.116,138.929,138.929,6334459
2020-10-16,139.312,140.41,138.772,139.783,139.783,6460944
2020-10-19,140.204,140.548,136.046,136.213,136.213,7681803
2020-10-20,136.537,137.576,136.036,136.438,136.438,5643196
2020-10-21,136.036,137.193,135.84,135.859,135.859,5531750
2020-10-22,136.076,137.517,135.772,136.938,136.938,5594157
2020-10-23,137.684,139.195,136.243,137.095,137.095,4401344
2020-10-26,136.32,136.644,134.732,135.899,135.899,7341419
2020-10-27,135.683,136.183,134.899,135.114,135.114,5180773
2020-10-28,133.486,134.016,130.427,130.604,130.604,8926984
2020-10-29,130.26,130.918,128.417,129.495,129.495,7633761
2020-10-30,129.015,129.819,126.152,129.417,129.417,7802577
2020-11-02,131.172,131.202,129.769,130.908,130.908,7509402
2020-11-03,132.153,133.055,130.055,130.721,130.721,6741247
2020-11-04,131.663,134.546,130.918,131.584,131.584,10873666
2020-11-05,132.673,133.869,131.447,131.918,131.918,8492709
2020-11-06,132.526,135.154,131.82,134.271,134.271,6295814
2020-11-09,140.097,140.625,136.781,137.88,137.88,13085932
2020-11-10,138.988,140.401,138.046,139.96,139.96,7825577
2020-11-11,140.802,140.832,138.625,139.509,139.509,6761831
2020-11-12,139.322,140.311,138.517,139.979,139.979,4992310
2020-11-13,140.724,141.97,140.087,141.489,141.489,6247079
2020-11-16,142.459,142.812,141.39,142.391,142.391,6638911
2020-11-17,141.577,142.175,140.753,140.969,140.969,7731577
2020-11-18,140.518,141.352,139.095,139.095,139.095,7056996
2020-11-19,139.038,139.185,137.419,138.881,138.881,8462574
2020-11-20,138.801,139.636,137.929,138.145,138.145,6734005
2020-11-23,138.782,138.782,135.958,136.732,136.732,7699811
2020-11-24,136.861,137.605,136.497,136.732,136.732,11614359
2020-11-25,136.919,137.027,135.782,136.557,136.557,7990583
2020-11-27,137.341,137.498,136.115,136.861,136.861,3218489
2020-11-30,137.085,137.674,135.977,137.517,137.517,16479886
2020-12-01,139.048,141.743,138.635,140.145,140.145,10249145
2020-12-02,140.528,142.294,140.381,140.802,140.802,8149348
2020-12-03,140.705,142.165,140.371,141.616,141.616,7691636
2020-12-04,142.371,142.852,141.871,142.822,142.822,7098858
2020-12-07,141.95,142.488,141.146,141.587,141.587,6978976
2020-12-08,142.568,144.598,142.137,144.048,144.048,8771490
2020-12-09,145.254,145.891,144.284,145.52,145.52,8873462
2020-12-10,145.245,145.401,144.175,144.705,144.705,7778371
2020-12-11,144.028,145.804,143.734,145.373,145.373,6284685
2020-12-14,145.667,145.872,141.606,141.685,141.685,8992931
2020-12-15,142.568,143.283,142.117,143.106,143.106,8011758
2020-12-16,142.755,143.44,142.137,142.254,142.254,8928510
2020-12-17,142.655,146.255,142.538,146,146,10437532
2020-12-18,146.028,147.421,144.165,146.853,146.853,18030721
2020-12-21,144.47,145.804,142.616,145.44,145.44,8304899
2020-12-22,144.852,146.275,144.332,145.146,145.146,4948397
2020-12-23,145.225,145.981,144.362,144.402,144.402,4847487
2020-12-24,144.322,145.46,144.294,144.921,144.921,2225166
2020-12-28,145.734,146.245,144.755,145.607,145.607,4056481
2020-12-29,146.471,147.264,146.176,146.499,146.499,5483711
2020-12-30,147.078,148.638,146.941,148.314,148.314,5694984
2020-12-31,148.785,149.844,147.421,149.57,149.57,5365775
2021-01-04,149.451,149.57,146.489,148.755,148.755,12379309
2021-01-05,148.51,150.894,147.392,150.491,150.491,10102929
2021-01-06,149.451,152.295,148.952,151.923,151.923,8659183
2021-01-07,151.109,153.051,150.501,152.423,152.423,8151080
2021-01-08,152.55,153.12,151.962,152.109,152.109,8657973
2021-01-11,152.59,153.335,150.903,151.472,151.472,7436692
2021-01-12,151.256,151.756,149.53,150.305,150.305,7263104
2021-01-13,150.403,150.599,148.981,150.069,150.069,6989418
2021-01-14,152.492,153.933,151.707,152.679,152.679,10553775
2021-01-15,152.355,153.423,151.216,152.355,152.355,8028666
2021-01-19,153.963,154.973,153.12,154.718,154.718,9529793
2021-01-20,155.11,156.002,153.786,154.325,154.325,7196464
2021-01-21,153.335,154.424,152.129,153.718,153.718,7178492
2021-01-22,154.306,156.964,153.855,155.454,155.454,8561261
2021-01-25,156.836,157.865,155.551,157.758,157.758,10441873
2021-01-26,161.288,165.044,161.004,162.033,162.033,14946337
2021-01-27,160.739,162.454,159.151,159.572,159.572,14948021
2021-01-28,159.866,162.397,159.494,160.778,160.778,9410738
2021-01-29,156.12,157.778,152.59,155.05,155.05,23679264
2021-02-01,157.12,157.12,154.542,154.649,154.649,10491279
2021-02-02,155.287,155.551,153.198,153.267,153.267,12039877
2021-02-03,152.963,153.521,151.668,152.54,152.54,9050363
2021-02-04,153.021,154.051,151.854,153.963,153.963,8162619
2021-02-05,156.689,157.228,155.728,156.306,156.306,9990371
2021-02-08,156.856,157.699,155.748,156.747,156.747,6350009
2021-02-09,157.013,158.336,156.797,158.042,158.042,5833275
2021-02-10,159.582,159.632,157.484,158.543,158.543,6230035
2021-02-11,158.729,159.081,157.385,157.836,157.836,5125224
2021-02-12,156.257,158.581,155.865,158.326,158.326,4643153
2021-02-16,158.326,158.767,156.493,156.894,156.894,5950987
2021-02-17,156.797,157.865,156.219,157.444,157.444,7029234
2021-02-18,156.787,157.935,156.159,157.522,157.522,5462266
2021-02-19,157.385,157.738,154.846,154.913,154.913,8617935
2021-02-22,154.816,155.454,153.305,154.816,154.816,6741204
2021-02-23,154.434,156.072,153.414,153.453,153.453,7364104
2021-02-24,155.317,157.208,153.904,155.493,155.493,10755332
2021-02-25,156.012,156.571,154.933,155.649,155.649,10163103
2021-02-26,154.943,155.326,151.069,151.55,151.55,15075237
2021-03-01,154.404,154.482,152.148,152.365,152.365,11032704
2021-03-02,152.806,153.767,151.687,152.08,152.08,7958074
2021-03-03,151.345,151.972,149.246,149.403,149.403,8887356
2021-03-04,149.177,149.284,144.862,146.392,146.392,11536482
2021-03-05,147.274,149.854,146.451,149.284,149.284,8711701
2021-03-08,150.158,152.374,149.167,150.53,150.53,6845332
2021-03-09,150.049,153.737,150.049,150.815,150.815,7801630
2021-03-10,151.904,152.913,150.491,152.208,152.208,6938275
2021-03-11,152.57,153.619,151.991,152.198,152.198,6593228
2021-03-12,152.325,153.325,152.246,152.629,152.629,5724597
2021-03-15,152.776,153.649,151.59,153.433,153.433,5778090
2021-03-16,153.472,154.629,153.257,154.325,154.325,6659687
2021-03-17,153.816,154.679,152.56,153.757,153.757,6275190
2021-03-18,153.227,154.443,152.982,153.482,153.482,5020839
2021-03-19,153.678,154.453,152.502,153.06,153.06,15570835
2021-03-22,151.403,153.639,151.099,153.502,153.502,7888191
2021-03-23,153.227,154.159,151.952,153.364,153.364,7505778
2021-03-24,153.12,155.394,152.844,154.855,154.855,6660732
2021-03-25,155.355,155.364,153.629,154.913,154.913,6555784
2021-03-26,155.022,157.905,154.335,157.738,157.738,7966816
2021-03-29,156.679,159.739,156.503,158.797,158.797,8924432
2021-03-30,157.826,158.425,157.061,157.816,157.816,7566449
2021-03-31,157.768,158.169,156.571,157.179,157.179,8659302
2021-04-01,155.502,156.689,155.179,155.718,155.718,7559518
2021-04-05,156.513,157.562,155.561,156.306,156.306,7724103
2021-04-06,156.924,157.336,155.885,156.267,156.267,5305712
2021-04-07,156.424,157.111,156.189,156.483,156.483,4818215
2021-04-08,156.846,156.944,155.738,155.855,155.855,5269282
2021-04-09,155.05,155.816,152.806,154.208,154.208,8802354
2021-04-12,154.051,155.022,153.355,154.59,154.59,5252175
2021-04-13,150.021,152.953,149.697,152.512,152.512,19264533
2021-04-14,150.942,153.129,150.668,152.943,152.943,8070409
2021-04-15,153.708,155.307,153.247,153.404,153.404,7867820
2021-04-16,154.296,155.424,153.551,155.16,155.16,9462244
2021-04-19,155.414,155.992,153.825,155.581,155.581,8734594
2021-04-20,153.963,160.464,153.963,159.218,159.218,14691618
2021-04-21,159.111,159.641,158.092,159.328,159.328,6622114
2021-04-22,158.6,159.024,157.434,157.983,157.983,7562929
2021-04-23,157.346,158.817,156.846,158.297,158.297,6308464
2021-04-26,158.012,158.189,156.61,156.954,156.954,6302760
2021-04-27,156.61,156.757,155.384,156.062,156.062,6501285
2021-04-28,155.748,156.082,154.6,154.923,154.923,7787774
2021-04-29,154.846,157.091,154.756,157.032,157.032,6685978
2021-04-30,156.983,157.16,155.434,155.621,155.621,9493245
2021-05-03,156.473,158.111,156.002,158.012,158.012,6895041
2021-05-04,157.64,160.523,157.484,160.454,160.454,10643903
2021-05-05,160.19,160.19,159.542,159.779,159.779,5368814
2021-05-06,159.522,160.553,158.984,160.425,160.425,5782207
2021-05-07,160.964,161.799,160.504,161.161,161.161,5558721
2021-05-10,162.494,164.054,161.847,162.838,162.838,8738732
2021-05-11,163.2,163.416,160.945,161.504,161.504,8592835
2021-05-12,161.191,162.397,160.621,160.867,160.867,7066613
2021-05-13,159.679,163.249,159.679,162.554,162.554,8384712
2021-05-14,164.004,164.132,162.739,162.788,162.788,6062180
2021-05-17,162.955,164.377,162.878,162.945,162.945,5983689
2021-05-18,162.574,163.887,162.132,163.005,163.005,6112664
2021-05-19,162.504,162.73,160.7,162.671,162.671,5786225
2021-05-20,162.534,164.112,162.288,163.613,163.613,5074581
2021-05-21,163.857,165.211,163.416,163.504,163.504,6798344
2021-05-24,164.456,164.897,163.376,164.132,164.132,5398701
2021-05-25,164.24,164.583,163.347,163.681,163.681,7736206
2021-05-26,163.603,163.681,161.946,162.701,162.701,5950792
2021-05-27,162.887,163.76,162.043,162.454,162.454,8432272
2021-05-28,163.132,164.554,162.798,162.878,162.878,6651509
2021-06-01,163.74,163.789,159.151,159.298,159.298,10857258
2021-06-02,159.071,160.444,158.886,159.935,159.935,7072381
2021-06-03,159.641,160.857,159.475,159.788,159.788,6036457
2021-06-04,160.72,161.259,159.632,159.719,159.719,6765264
2021-06-07,159.749,160.053,158.425,158.63,158.63,5572649
2021-06-08,159.051,159.425,155.963,157.228,157.228,8049970
2021-06-09,157.816,159.542,157.493,159.355,159.355,5769897
2021-06-10,159.749,161.268,159.699,160.788,160.788,6716259
2021-06-11,160.778,160.788,158.042,158.747,158.747,7679121
2021-06-14,158.306,159.228,157.728,159.141,159.141,5124280
2021-06-15,159.004,159.622,158.199,158.297,158.297,5261164
2021-06-16,158.591,159.512,157.317,158.239,158.239,7261965
2021-06-17,158.012,159.465,157.336,158.994,158.994,6104874
2021-06-18,157.12,158.012,155.688,155.875,155.875,13501490
2021-06-21,156.64,158.072,156.139,157.669,157.669,6850387
2021-06-22,157.542,157.865,157.13,157.454,157.454,5848035
2021-06-23,157.522,157.522,156.366,156.513,156.513,4669195
2021-06-24,157.12,158.022,156.67,157.208,157.208,4727264
2021-06-25,156.807,158.572,156.757,158.032,158.032,11392867
2021-06-28,158.249,158.847,157.355,157.846,157.846,5823318
2021-06-29,157.826,158.434,157.248,157.856,157.856,3896487
2021-06-30,157.826,158.757,157.503,158.533,158.533,6392489
2021-07-01,158.533,159.759,158.425,159.709,159.709,6567509
2021-07-02,159.769,162.915,159.405,162.621,162.621,9414836
2021-07-06,161.582,162.504,160.7,161.642,161.642,6337187
2021-07-07,161.171,163.112,161.171,163.025,163.025,6539875
2021-07-08,162.347,163.072,161.268,162.711,162.711,5980923
2021-07-09,162.985,163.956,162.868,163.357,163.357,6360463
2021-07-12,163.338,164.73,162.19,163.092,163.092,8147282
2021-07-13,162.611,163.357,162.327,162.887,162.887,4874821
2021-07-14,163.603,164.387,162.681,164.004,164.004,6404107
2021-07-15,162.915,163.504,161.406,162.033,162.033,6917390
2021-07-16,162.003,162.721,161.622,161.769,161.769,6063622
2021-07-19,160.21,161.856,159.091,160.591,160.591,8541801
2021-07-20,160.611,164.377,160.553,162.103,162.103,10290355
2021-07-21,162.915,163.299,161.171,163.102,163.102,7882332
2021-07-22,162.975,164.622,162.297,163.583,163.583,5488653
2021-07-23,164.554,165.7,163.965,165.329,165.329,5211333
2021-07-26,165.358,165.662,164.417,165.397,165.397,4660554
2021-07-27,165.339,166.211,164.24,166.152,166.152,7366702
2021-07-28,166.221,166.859,165.603,165.7,165.7,5975763
2021-07-29,166.231,166.819,164.632,165.7,165.7,4378972
2021-07-30,166.034,166.466,165.368,165.72,165.72,5555983
2021-08-02,165.966,166.328,164.848,165.78,165.78,3867110
2021-08-03,166.221,167.927,165.937,167.819,167.819,6269094
2021-08-04,167.633,168.016,166.74,166.839,166.839,4980691
2021-08-05,167.3,167.3,165.917,167.153,167.153,4459271
2021-08-06,167.378,167.378,165.947,166.593,166.593,4760341
2021-08-09,167.182,167.682,166.417,167.173,167.173,4104772
2021-08-10,166.74,167.545,166.27,167.231,167.231,3822408
2021-08-11,167.682,167.898,167.026,167.26,167.26,4386496
2021-08-12,167.28,168.692,167.054,168.614,168.614,4469723
2021-08-13,168.692,169.653,168.535,169.614,169.614,6112293
2021-08-16,169.908,171.192,169.32,171.144,171.144,4970378
2021-08-17,170.624,172.752,170.624,172.712,172.712,6278325
2021-08-18,172.742,172.742,170.447,170.506,170.506,7413281
2021-08-19,169.977,172.575,169.437,171.85,171.85,5834779
2021-08-20,172.144,173.154,171.369,172.683,172.683,5641179
2021-08-23,172.693,173.223,171.87,171.928,171.928,6674884
2021-08-24,171.339,171.556,169.683,169.791,169.791,5924049
2021-08-25,170.085,170.29,168.339,168.672,168.672,5888374
2021-08-26,168.398,169.133,167.515,167.761,167.761,5197663
2021-08-27,168.721,168.721,167.241,167.398,167.398,7278569
2021-08-30,167.28,168.721,167.27,168.113,168.113,3360341
2021-08-31,167.947,168.908,166.976,167.594,167.594,7341284
2021-09-01,167.368,168.192,166.565,168.192,168.192,5503131
2021-09-02,168.781,169.594,168.358,169.339,169.339,4695429
2021-09-03,169.506,169.624,168.26,169.447,169.447,4232713
2021-09-07,168.791,169.437,166.181,166.819,166.819,7086218
2021-09-08,166.133,167.447,165.623,166.408,166.408,4815551
2021-09-09,165.73,165.995,162.347,162.701,162.701,7349328
2021-09-10,163.162,163.69,161.533,161.632,161.632,6920364
2021-09-13,162.564,162.749,159.856,160.504,160.504,6480506
2021-09-14,161.092,161.219,159.258,159.542,159.542,5433102
2021-09-15,159.729,160.661,159.061,160.13,160.13,8197110
2021-09-16,160.357,161.151,158.944,159.935,159.935,5852476
2021-09-17,159.051,159.641,158.326,159.494,159.494,13864979
2021-09-20,158.259,159.896,156.983,158.572,158.572,7510930
2021-09-21,159.355,160.68,158.994,159.278,159.278,6883436
2021-09-22,160.063,160.651,158.406,158.69,158.69,5843788
2021-09-23,159.151,160.474,158.904,159.602,159.602,4852951
2021-09-24,159.494,160.357,158.65,159.111,159.111,4544783
2021-09-27,158.757,159.111,157.65,157.964,157.964,5966028
2021-09-28,157.895,158.67,156.6,157.611,157.611,7861463
2021-09-29,157.797,159.405,157.581,158.777,158.777,5293175
2021-09-30,159.385,160.112,156.257,156.346,156.346,7204440
2021-10-01,156.376,156.728,153.551,155.345,155.345,8851286
2021-10-04,154.885,155.855,152.639,154.129,154.129,8905473
2021-10-05,154.756,155.963,154.061,154.482,154.482,5298270
2021-10-06,154.766,154.846,152.796,154.806,154.806,7553935
2021-10-07,154.913,157.415,154.913,156.189,156.189,5484362
2021-10-08,156.169,156.453,155.13,155.787,155.787,4486753
2021-10-11,155.718,156.679,154.836,155.13,155.13,4236983
2021-10-12,154.895,155.06,152.315,152.649,152.649,6907068
2021-10-13,152.776,154.973,152.707,154.11,154.11,7129313
2021-10-14,154.609,155.992,154.502,155.003,155.003,4732044
2021-10-15,155.885,156.64,155.287,156.149,156.149,7146685
2021-10-18,155.13,155.748,154.11,155.012,155.012,7711789
2021-10-19,155.758,159.876,155.591,158.63,158.63,10413934
2021-10-20,158.738,159.494,158.052,158.543,158.543,6201256
2021-10-21,159.051,159.141,157.091,158.179,158.179,4673403
2021-10-22,157.856,158.817,157.758,158.483,158.483,4446496
2021-10-25,158.483,159.061,156.552,158.837,158.837,6936979
2021-10-26,159.308,160.73,158.807,160.454,160.454,7168016
2021-10-27,160.386,160.464,158.092,158.503,158.503,7250378
2021-10-28,158.533,159.916,157.13,157.65,157.65,6486019
2021-10-29,157.16,158.042,155.473,157.679,157.679,8808155
2021-11-01,157.954,158.738,154.306,157.816,157.816,6039334
2021-11-02,158.463,161.652,157.778,160.297,160.297,8729460
2021-11-03,159.769,160.474,158.209,159.788,159.788,6939445
2021-11-04,159.659,159.719,157.474,159.346,159.346,8495747
2021-11-05,157.287,159.346,157.013,158.209,158.209,6421010
2021-11-08,158.444,158.924,156.836,157.669,157.669,5763121
2021-11-09,157.415,158.366,156.846,157.317,157.317,6314473
2021-11-10,157.336,159.582,157.16,159.024,159.024,6430500
2021-11-11,158.268,158.572,157.297,157.856,157.856,4254693
2021-11-12,162.083,162.269,159.355,159.739,159.739,19621970
2021-11-15,159.729,160.17,158.003,158.297,158.297,7743549
2021-11-16,157.973,159.101,157.424,157.474,157.474,7845310
2021-11-17,157.669,158.62,156.62,158.072,158.072,5593128
2021-11-18,158.229,159.218,156.944,157.208,157.208,6569505
2021-11-19,157.836,157.983,156.61,157.689,157.689,7880650
2021-11-22,156.904,158.473,155.561,155.611,155.611,7843113
2021-11-23,155.434,156.875,154.718,156.581,156.581,7939016
2021-11-24,156.042,156.513,155.297,156.139,156.139,5368321
2021-11-26,156.493,157.032,154.6,155.12,155.12,8747004
2021-11-29,155.414,156.316,154.365,155.659,155.659,9429953
2021-11-30,154.453,154.933,151.864,151.943,151.943,15375286
2021-12-01,152.864,155.982,152.246,154.031,154.031,10094850
2021-12-02,153.237,155.207,152.737,153.07,153.07,11632541
2021-12-03,153.865,155.581,153.551,155.297,155.297,8980429
2021-12-06,156.091,159.338,155.738,158.767,158.767,9946686
2021-12-07,159.798,160.063,158.249,159.181,159.181,8529620
2021-12-08,159.288,160.357,158.473,160.13,160.13,6379718
2021-12-09,159.973,161.729,159.308,161.652,161.652,8799451
2021-12-10,161.328,162.426,160.434,161.249,161.249,6744923
2021-12-13,160.533,164.868,159.612,164.142,164.142,11435024
2021-12-14,164.024,166.593,162.878,165.927,165.927,10757845
2021-12-15,165.505,166.907,165.083,166.76,166.76,8776944
2021-12-16,166.878,169.065,166.466,168.584,168.584,9235008
2021-12-17,165.299,166.408,163.367,163.926,163.926,17171629
2021-12-20,163.514,164.201,162.288,163.456,163.456,8163527
2021-12-21,163.76,163.799,161.729,162.925,162.925,8163236
2021-12-22,162.778,163.867,161.866,163.632,163.632,4288142
2021-12-23,163.583,164.622,163.072,163.946,163.946,3593445
2021-12-27,164.809,165.505,164.377,165.329,165.329,3802408
2021-12-28,165.446,166.27,165.25,165.986,165.986,3270797
2021-12-29,165.652,167.584,165.563,167.163,167.163,3758181
2021-12-30,167.711,168.447,167.348,167.898,167.898,4342997
2021-12-31,168.113,168.26,166.652,166.692,166.692,4525328
2022-01-03,165.848,167.211,164.769,167.153,167.153,6170754
2022-01-04,166.682,167.878,166.231,166.702,166.702,6925667
2022-01-05,167.594,169.025,167.231,167.809,167.809,7200438
2022-01-06,167.741,168.084,166.427,167.241,167.241,7493474
2022-01-07,167.074,169.839,166.75,169.496,169.496,7169553
2022-01-10,169.242,169.242,167.751,168.662,168.662,7900710
2022-01-11,168.564,168.948,165.75,166.869,166.869,8560217
2022-01-12,165.269,165.73,164.034,165.446,165.446,8329447
2022-01-13,164.671,166.054,164.151,164.436,164.436,6321275
2022-01-14,164.308,164.328,162.868,163.543,163.543,6001482
2022-01-18,162.818,163.426,161.759,162.818,162.818,8021292
2022-01-19,162.915,164.397,162.063,162.317,162.317,6082163
2022-01-20,163.005,163.563,160.71,161.024,161.024,6169239
2022-01-21,161.936,163.69,160.259,160.651,160.651,10827496
2022-01-24,159.798,159.964,154.208,158.797,158.797,14457734
2022-01-25,158.199,164.103,157.444,163.338,163.338,14451212
2022-01-26,163.249,164.887,161.975,164.073,164.073,10224999
2022-01-27,165.054,167.505,164.671,166.221,166.221,9307007
2022-01-28,166.485,167.437,164.965,167.388,167.388,10040257
2022-01-31,167.113,168.202,166.446,167.878,167.878,8266526
2022-02-01,167.338,167.574,165.093,166.505,166.505,8368975
2022-02-02,165.309,168.564,165.309,168.349,168.349,7576795
2022-02-03,167.849,169.173,166.662,168.339,168.339,6404577
2022-02-04,166.623,168.555,165.76,167.241,167.241,6560100
2022-02-07,167.026,167.338,165.662,166.682,166.682,6225037
2022-02-08,166.642,167.643,166.113,167.123,167.123,6461726
2022-02-09,167.662,167.829,166.869,167.103,167.103,5529090
2022-02-10,166.829,166.839,164.965,165.083,165.083,10627421
2022-02-11,164.789,165.79,163.249,163.416,163.416,13470178
2022-02-14,163.416,163.671,159.622,161.357,161.357,9203250
2022-02-15,161.876,163.799,161.759,163.025,163.025,6807091
2022-02-16,162.23,163.543,161.465,162.925,162.925,8705486
2022-02-17,162.925,163.162,160.7,161.936,161.936,6391190
2022-02-18,161.789,162.16,159.788,160.2,160.2,6549880
2022-02-22,160.411,160.573,157.336,158.022,158.022,7004401
2022-02-23,158.386,159.493,157.738,158.102,158.102,8175059
2022-02-24,156.689,157.032,152.707,155.08,155.08,13137598
2022-02-25,156.904,163.755,156.61,162.788,162.788,11564074
2022-02-28,159.719,161.984,159.238,161.386,161.386,9558430
2022-03-01,159.886,161.562,159.266,160.827,160.827,8910224
2022-03-02,161.229,164.387,160.867,162.828,162.828,6927395
2022-03-03,163.476,166.059,163.102,165.221,165.221,7478414
2022-03-04,164.397,166.574,163.623,166.201,166.201,6427010
2022-03-07,165.044,169.771,164.122,168.878,168.878,11893445
2022-03-08,168.712,169.771,165.25,165.456,165.456,11319325
2022-03-09,166.722,166.936,164.642,166.084,166.084,7391209
2022-03-10,165.299,166.859,164.823,166.378,166.378,6293402
2022-03-11,165.857,168.143,165.75,166.074,166.074,5290548
2022-03-14,167.378,170.751,167.054,168.368,168.368,7881938
2022-03-15,169.977,173.105,169.212,172.732,172.732,10762815
2022-03-16,172.065,173.527,169.222,171.144,171.144,9792776
2022-03-17,171.82,173.419,170.83,173.38,173.38,7619629
2022-03-18,173.576,173.576,170.3,171.458,171.458,14081969
2022-03-21,171.281,173.733,170.948,172.428,172.428,7724308
2022-03-22,172.428,172.958,170.546,171.614,171.614,8608657
2022-03-23,171.84,172.144,170.722,170.967,170.967,5358007
2022-03-24,171.614,172.144,170.703,171.85,171.85,5111158
2022-03-25,172.291,174.262,171.83,173.497,173.497,4904867
2022-03-28,173.233,174.731,172.939,174.39,174.39,5714720
2022-03-29,175.164,175.929,173.38,174.301,174.301,6050498
2022-03-30,174.989,176.381,174.243,176.115,176.115,6401398
2022-03-31,176.115,176.723,173.556,173.801,173.801,11717075
2022-04-01,173.625,174.979,172.204,174.742,174.742,6654379
2022-04-04,174.742,174.742,172.124,173.056,173.056,6996119
2022-04-05,173.056,176.175,172.879,174.174,174.174,7592969
2022-04-06,175.92,179.067,175.164,178.705,178.705,10534691
2022-04-07,178.155,179.411,176.743,178.244,178.244,7530872
2022-04-08,177.822,179.642,176.939,178.596,178.596,7285555
2022-04-11,179.46,180.636,176.125,176.361,176.361,6049066
2022-04-12,175.734,177.313,174.752,176.419,176.419,6075065
2022-04-13,176.419,177.341,175.772,177.165,177.165,5754444
2022-04-14,176.518,177.891,176.252,176.419,176.419,6310272
2022-04-18,176.252,176.9,173.321,174.223,174.223,6443309
2022-04-19,177.224,182.343,176.469,179.538,179.538,14664541
2022-04-20,178.713,180.754,178.382,180.333,180.333,8203616
2022-04-21,180.372,181.294,179.027,179.812,179.812,7106896
2022-04-22,178.94,179.607,177.871,178.028,178.028,8161486
2022-04-25,178.813,183.078,178.576,182.411,182.411,11396989
2022-04-26,181.519,182.961,180.618,181.107,181.107,10391043
2022-04-27,180.676,181.244,178.225,178.576,178.576,11309119
2022-04-28,178.723,180.93,178.401,179.911,179.911,9590690
2022-04-29,178.97,179.013,176.713,176.969,176.969,8631081
2022-05-02,176.979,177.901,173.605,175.183,175.183,7286383
2022-05-03,175.34,177.136,174.243,174.841,174.841,6015027
2022-05-04,174.704,177.008,173.723,176.713,176.713,6039994
2022-05-05,175.948,176.233,171.88,173.34,173.34,7229038
2022-05-06,171.752,173.448,171.311,172.958,172.958,6560940
2022-05-09,172.055,175.106,171.212,173.9,173.9,8010178
2022-05-10,174.782,175.714,173.086,173.664,173.664,8348223
2022-05-11,172.556,174.869,172.478,172.722,172.722,6260003
2022-05-12,173.056,174.508,171.329,174.428,174.428,7034658
2022-05-13,175.243,175.43,172.401,173.429,173.429,7884701
2022-05-16,173.429,175.664,172.762,174.635,174.635,5625538
2022-05-17,175.263,176.224,173.173,175.36,175.36,5864586
2022-05-18,175.38,175.9,171.781,172.104,172.104,8778603
2022-05-19,171.339,171.419,169.349,170.575,170.575,7010128
2022-05-20,171.467,173.733,170.683,173.556,173.556,7670517
2022-05-23,175.284,177.583,175.146,177.099,177.099,7133889
2022-05-24,176.912,179.369,176.764,179.033,179.033,6504686
2022-05-25,178.175,179.181,176.724,177.277,177.277,6645684
2022-05-26,178.639,178.639,176.274,177.119,177.119,6988914
2022-05-27,177.415,178.797,175.905,178.727,178.727,5930988
2022-05-31,175.678,177.82,172.727,177.188,177.188,16608093
2022-06-01,176.813,177.484,173.605,175.392,175.392,5243838
2022-06-02,175.422,175.49,172.311,174.839,174.839,8781056
2022-06-03,174.76,176.34,173.852,174.119,174.119,4290149
2022-06-06,174.898,176.172,173.699,174.099,174.099,5457710
2022-06-07,174.672,176.961,174.099,176.014,176.014,5519821
2022-06-08,175.776,177.109,174.494,174.968,174.968,4390361
2022-06-09,174.898,176.32,171.375,171.444,171.444,5583248
2022-06-10,169.924,171.701,168.395,170.299,170.299,6735729
2022-06-13,167.862,170.003,167.861,168.582,168.582,8102719
2022-06-14,168.828,168.878,165.078,165.996,165.996,7210839
2022-06-15,167.427,169.204,166.44,167.772,167.772,7899373
2022-06-16,166.203,167.99,165.227,167.862,167.862,7150011
2022-06-17,168.404,169.954,167.032,167.249,167.249,12651602
2022-06-21,168.187,171.592,167.348,170.753,170.753,8328301
2022-06-22,169.756,175.6,169.45,173.447,173.447,10733462
2022-06-23,174.691,177.47,174.218,177.316,177.316,10358581
2022-06-24,178.421,180.149,177.629,179.912,179.912,9498347
2022-06-27,179.271,180.959,179.133,179.745,179.745,5986936
2022-06-28,179.794,180.583,174.01,174.632,174.632,9399826
2022-06-29,174.908,175.974,174.128,174.682,174.682,7191685
2022-06-30,174.553,175.964,172.747,175.194,175.194,10919690
2022-07-01,175.136,177.376,174.385,177.178,177.178,5571065
2022-07-05,176.497,176.788,172.333,175.816,175.816,5752400
2022-07-06,175.748,177.099,175.096,175.974,175.974,5406152
2022-07-07,175.54,176.784,175.194,176.172,176.172,5801517
2022-07-08,176.004,177.642,175.452,175.954,175.954,3878974
2022-07-11,175.382,176.685,175.204,176.024,176.024,3693630
2022-07-12,175.658,176.122,172.91,173.556,173.556,4771129
2022-07-13,173.369,174.03,172.223,173.151,173.151,5361637
2022-07-14,170.28,173.714,170.049,173.388,173.388,5430388
2022-07-15,175.392,176.182,174.247,175.905,175.905,5766314
2022-07-18,175.422,175.866,171.641,171.957,171.957,7706201
2022-07-19,174.03,174.444,167.664,169.45,169.45,13431653
2022-07-20,169.954,170.299,167.546,168.484,168.484,7554317
2022-07-21,167.832,169.154,167.556,169.076,169.076,5804938
2022-07-22,169.357,170.24,168.828,169.875,169.875,4313297
2022-07-25,169.875,170.719,169.48,170.21,170.21,4495917
2022-07-26,170.309,172.697,170.24,171.415,171.415,4585359
2022-07-27,170.378,171.829,168.898,170.941,170.941,4709938
2022-07-28,171.138,173.793,169.204,171.927,171.927,5585883
2022-07-29,171.523,172.569,170.655,172.243,172.243,6536699
2022-08-01,171.898,172.87,171.278,171.641,171.641,5533570
2022-08-02,172.727,173.201,170.447,170.664,170.664,5870807
2022-08-03,170.299,172.974,169.53,172.313,172.313,5076168
2022-08-04,172.529,172.806,169.362,169.549,169.549,5726250
2022-08-05,169.066,169.292,167.575,168.878,168.878,5304713
2022-08-08,169.066,169.244,167.226,167.98,167.98,4692041
2022-08-09,168.316,168.888,167.516,167.96,167.96,5605649
2022-08-10,168.79,169.006,167.319,168.444,168.444,5677504
2022-08-11,166.321,167.733,164.802,164.959,164.959,9451985
2022-08-12,165.355,165.749,162.996,163.144,163.144,14799959
2022-08-15,163.835,164.575,162.971,163.923,163.923,10205165
2022-08-16,163.696,166.059,163.44,165.385,165.385,7552109
2022-08-17,164.239,166.361,164.239,165.394,165.394,7504482
2022-08-18,165.493,166.105,163.766,164.595,164.595,8421965
2022-08-19,164.921,167.901,164.821,167.101,167.101,8235977
2022-08-22,167.817,167.837,166.098,166.515,166.515,5497808
2022-08-23,165.929,166.694,164.737,165.065,165.065,5602224
2022-08-24,165.492,165.522,164.011,164.518,164.518,5721019
2022-08-25,164.886,166.167,163.644,166.058,166.058,5715315
2022-08-26,166.386,166.426,163.142,163.217,163.217,5703715
2022-08-29,162.422,162.789,160.981,161.955,161.955,5293195
2022-08-30,162.253,162.491,160.991,161.388,161.388,7018263
2022-08-31,162.183,162.501,160.236,160.305,160.305,8798132
2022-09-01,160.454,164.439,160.444,164.28,164.28,7558065
2022-09-02,164.796,165.134,160.971,161.696,161.696,5841164
2022-09-06,162.889,165.149,161.776,162.133,162.133,7442279
2022-09-07,161.865,163.366,161.12,163.018,163.018,4576047
2022-09-08,162.829,164.359,162.034,164.329,164.329,5876085
2022-09-09,163.932,165.134,163.334,164.647,164.647,5537375
2022-09-12,165.045,165.502,164.16,164.578,164.578,6406391
2022-09-13,162.521,163.385,159.779,160.295,160.295,6769776
2022-09-14,161.339,164.3,161.339,163.604,163.604,9617371
2022-09-15,163.395,165.005,163.048,164.021,164.021,7220803
2022-09-16,164.26,166.555,163.693,166.525,166.525,20331935
2022-09-19,165.233,165.363,163.028,165.214,165.214,7428547
2022-09-20,164.16,164.836,163.266,163.912,163.912,7189549
2022-09-21,163.962,165.725,162.193,162.233,162.233,8123291
2022-09-22,162.104,166.088,161.786,165.114,165.114,7448831
2022-09-23,164.677,166.406,163.604,165.651,165.651,9660509
2022-09-26,164.737,165.77,163.326,164.637,164.637,8791839
2022-09-27,165.293,166.595,163.346,163.882,163.882,8742753
2022-09-28,165.179,166.307,164.041,165.293,165.293,8716968
2022-09-29,165.412,166.098,162.839,163.475,163.475,7053514
2022-09-30,163.942,164.677,162.273,162.312,162.312,9043185
2022-10-03,163.236,163.326,160.663,162.153,162.153,8712849
2022-10-04,162.799,164.935,161.875,164.558,164.558,6276358
2022-10-05,163.962,164.975,163.157,164.051,164.051,4568878
2022-10-06,163.733,163.942,160.653,160.872,160.872,5928676
2022-10-07,160.733,161.18,158.149,159.173,159.173,6404623
2022-10-10,159.6,160.246,158.159,159.381,159.381,5349899
2022-10-11,159.342,163.058,159.342,161.686,161.686,6252460
2022-10-12,161.895,163.823,161.453,161.647,161.647,4369765
2022-10-13,159.858,164.925,159.717,164.091,164.091,6506837
2022-10-14,163.385,164.617,162.551,163.405,163.405,5721640
2022-10-17,164.339,166.138,163.952,165.522,165.522,6754159
2022-10-18,164.317,166.098,162.004,164.945,164.945,10953833
2022-10-19,164.935,165.184,162.839,163.634,163.634,10109473
2022-10-20,163.942,164.677,163.276,164.051,164.051,5696416
2022-10-21,163.654,168.284,163.375,167.628,167.628,8542349
2022-10-24,168.721,170.976,168.165,169.883,169.883,6899751
2022-10-25,169.099,170.013,167.439,169.615,169.615,5698493
2022-10-26,170.221,171.463,169.426,171.106,171.106,6163844
2022-10-27,171.245,172.318,170.619,171.205,171.205,5425667
2022-10-28,171.891,174.265,171.487,173.749,173.749,6113138
2022-10-31,173.401,174.037,172.308,172.854,172.854,7860382
2022-11-01,172.944,173.51,169.327,171.98,171.98,7030112
2022-11-02,171.781,172.824,169.198,169.337,169.337,6922807
2022-11-03,168.721,170.37,167.857,169.625,169.625,4851000
2022-11-04,170.46,171.394,168.155,170.38,170.38,5335119
2022-11-07,170.569,172.735,170.341,171.871,171.871,6663782
2022-11-08,172.02,173.57,171.076,172.725,172.725,5181617
2022-11-09,173.152,173.878,171.235,171.344,171.344,6189914
2022-11-10,173.232,173.649,170.937,173.351,173.351,7928361
2022-11-11,171.622,172,165.75,168.165,168.165,11146141
2022-11-14,169.158,172.149,169.158,170.808,170.808,6623969
2022-11-15,171.086,171.891,169.427,171.284,171.284,9411310
2022-11-16,172.526,173.868,172.02,172.348,172.348,5536524
2022-11-17,171.891,173.868,171.871,173.739,173.739,4494670
2022-11-18,173.878,175.507,173.503,175.07,175.07,6598023
2022-11-21,175.89,176.55,174.83,175.97,175.97,5706552
2022-11-22,176.4,177.19,176.33,176.82,176.82,4708028
2022-11-23,176.44,177.4,176.01,177.01,177.01,5389488
2022-11-25,177.38,178.12,176.86,177.24,177.24,3058608
2022-11-28,176.75,177.77,176.56,177.33,177.33,6183178
2022-11-29,177.01,177.26,174.66,176.09,176.09,6700469
2022-11-30,176.37,178.01,174.78,178,178,13288014
2022-12-01,179,179.96,177.77,178.74,178.74,6282567
2022-12-02,177.5,178.96,176.96,178.88,178.88,5824048
2022-12-05,178.36,179.36,178,178.78,178.78,5120648
2022-12-06,179.92,180,175.93,176.1,176.1,7943506
2022-12-07,176.57,177.88,176.23,177.17,177.17,5702579
2022-12-08,176.82,177.47,176.34,177.2,177.2,4798463
2022-12-09,177.12,177.89,175.66,175.74,175.74,4560968
2022-12-12,175.95,177.87,175.6,177.84,177.84,4882385
2022-12-13,179.1,180.2,178.3083,179.21,179.21,9177603
2022-12-14,178.58,181.039,178.58,179.76,179.76,9533583
2022-12-15,179.2,179.84,176.4,177.49,177.49,7602616
2022-12-16,177,177,174.86,175.67,175.67,18841796
2022-12-19,175.35,176.165,174.07,175.48,175.48,5736042
2022-12-20,176,176.44,175.17,175.67,175.67,6174730
2022-12-21,176.27,178.18,175.65,177.68,177.68,5471973
2022-12-22,176.77,177.51,175.34,177.03,177.03,5709312
2022-12-23,176.67,177.52,175.81,177.48,177.48,3683420
2022-12-27,178.11,178.35,176.99,177.43,177.43,3067292
2022-12-28,177.76,178.45,176.65,176.66,176.66,2645619
2022-12-29,177.55,178.3,177.07,177.56,177.56,2828780
2022-12-30,177.49,177.77,175.4,176.65,176.65,4216656
2023-01-03,176.16,178.38,176.01,178.19,178.19,6344864
2023-01-04,178.89,180.19,178.48,180.13,180.13,9788784
2023-01-05,179.02,179.99,178.41,178.8,178.8,6255308
2023-01-06,180.13,180.93,179.39,180.25,180.25,5705960
2023-01-09,179.3,179.76,175.175,175.58,175.58,7925277
2023-01-10,175.7,176.14,174.32,175.16,175.16,5047467
2023-01-11,175.57,175.72,172.11,174.88,174.88,6494755
2023-01-12,174.26,174.706,172.8,174,174,4269394
2023-01-13,173.19,174.01,172.38,173.43,173.43,6088155
2023-01-17,174,174.58,172.09,172.36,172.36,6053302
2023-01-18,171.65,172,169.71,169.76,169.76,7047759
2023-01-19,169.03,171.28,168.71,169.53,169.53,6939514
2023-01-20,170.1,170.11,167.48,168.74,168.74,8620553
2023-01-23,169.1,169.63,167.9474,168.31,168.31,8425412
2023-01-24,175,175,166.01,168.31,168.31,10541842
2023-01-25,167.17,169.51,167.08,169.51,169.51,7099816
2023-01-26,169.55,169.91,168.65,168.89,168.89,6946106
2023-01-27,168.54,168.866,167.77,168.23,168.23,6058104
2023-01-30,167.93,168.54,161.08,162,162,23259077
2023-01-31,161.7,163.43,161.05,163.42,163.42,11612526
2023-02-01,162.99,165.98,162.4,164.92,164.92,9865296
2023-02-02,163,166.22,162.8224,165.54,165.54,10098965
2023-02-03,166.03,166.34,163.89,164.61,164.61,6868540
2023-02-06,164.55,164.8525,163.1,163.36,163.36,7020989
2023-02-07,161.6,163.88,161.42,163.4,163.4,7310756
2023-02-08,163.3,164.56,162.8995,163.61,163.61,6054697
2023-02-09,163.63,164.795,161.07,161.4,161.4,7949544
2023-02-10,161.77,162.79,161.35,162.15,162.15,7028039
2023-02-13,161.33,162.82,161.15,162.75,162.75,6414709
2023-02-14,162.74,162.9699,161.76,162.04,162.04,6316011
2023-02-15,161.95,161.98,159.29,159.37,159.37,12633301
2023-02-16,159.075,159.65,157.92,158.24,158.24,11176958
2023-02-17,157.02,161.11,156.62,160.39,160.39,12401926
2023-02-21,159.65,160.35,157.89,158,158,9423860
2023-02-22,158.5,158.85,157.37,157.78,157.78,9820240
2023-02-23,157.71,158.585,156.67,157.73,157.73,9385092
2023-02-24,156.65,156.85,155.21,155.97,155.97,8689726
2023-02-27,156.45,156.9,155.08,155.63,155.63,7267122
2023-02-28,154.98,155.27,153.04,153.26,153.26,9062342
2023-03-01,153.01,153.24,151.91,152.57,152.57,6766972
2023-03-02,151.75,152.76,151.231,152.45,152.45,8765070
2023-03-03,153.37,154.12,152.84,154.02,154.02,5747158
2023-03-06,154.66,155.73,154.565,155.56,155.56,8148207
2023-03-07,156.09,156.25,153.35,154.09,154.09,7457731
2023-03-08,153.98,154.1955,152.48,152.96,152.96,6230522
2023-03-09,153.46,153.6,150.71,151.24,151.24,7439367
2023-03-10,151.86,153.49,151.1,151.61,151.61,8504316
2023-03-13,152.09,155.91,151.57,153.06,153.06,10799575
2023-03-14,153.28,154.03,151.9,153.92,153.92,8421189
2023-03-15,152.84,154.89,152.5259,154.35,154.35,7757686
2023-03-16,153.45,154.365,152.605,154.03,154.03,7606079
2023-03-17,154.48,154.9499,152.3,152.38,152.38,20540668
2023-03-20,152.47,154.075,152.38,153.89,153.89,7128958
2023-03-21,154,154.13,152.17,153.89,153.89,8376843
2023-03-22,153.85,154.06,151.03,151.05,151.05,7943526
2023-03-23,151.175,151.69,150.11,151.13,151.13,9051510
2023-03-24,151.48,152.76,150.83,152.65,152.65,5696845
2023-03-27,154.28,154.54,153.11,153.3,153.3,6772282
2023-03-28,152.39,153.45,151.725,151.82,151.82,6115293
2023-03-29,152.24,153.38,152.07,153.31,153.31,6012030
2023-03-30,153.58,153.8,152.81,153.43,153.43,4555905
2023-03-31,153.79,155.19,153.24,155,155,9890047
2023-04-03,154.95,157.01,153.94,156.85,156.85,6841888
2023-04-04,156.97,158.97,156.59,158.49,158.49,8314527
2023-04-05,164.37,165.66,162.76,165.61,165.61,16704181
2023-04-06,165.99,167.23,164.8,165.15,165.15,9615407
2023-04-10,164.63,164.84,163.64,164.32,164.32,5353951
2023-04-11,164.42,165.28,164.0401,164.27,164.27,5903824
2023-04-12,163.94,164.84,163.1,163.92,163.92,5764240
2023-04-13,164.18,166.33,163.805,166.11,166.11,5640617
2023-04-14,165.97,166.115,164.06,165.84,165.84,7225127
2023-04-17,165.735,166.24,164.94,165.67,165.67,8046428
2023-04-18,164.25,164.69,159.65,161.01,161.01,14571485
2023-04-19,161.99,162.68,161.17,162.53,162.53,6752006
2023-04-20,162.43,163.82,160.96,163.58,163.58,9498768
2023-04-21,164.44,164.97,161.97,162.69,162.69,7014214
2023-04-24,162.69,163.805,161.87,163.68,163.68,5278892
2023-04-25,164.31,165.35,164.155,165.18,165.18,6263103
2023-04-26,164.09,164.39,162.24,162.62,162.62,5518174
2023-04-27,162.9,163.4067,162.13,163,163,5739700
2023-04-28,162.81,163.76,162.5566,163.7,163.7,6024864
2023-05-01,163.6,164.298,162.24,163.6,163.6,4893426
2023-05-02,164.34,165.48,163.555,165.03,165.03,7541724
2023-05-03,165.55,166.18,162.51,162.87,162.87,5937170
2023-05-04,162.68,162.9,161.25,162.13,162.13,5127992
2023-05-05,162.84,163.13,161.69,162.68,162.68,5194461
2023-05-08,161.99,162.57,161.34,162.31,162.31,4994929
2023-05-09,161.75,162.13,160.79,161.05,161.05,5520642
2023-05-10,161.2,161.97,160.06,161.65,161.65,6756629
2023-05-11,161.83,162.19,159.3901,160.99,160.99,5867620
2023-05-12,161.36,161.56,160.01,160.78,160.78,3904327
2023-05-15,160.8,161.03,158.94,159.55,159.55,5104486
2023-05-16,159.06,160.25,158.53,159.34,159.34,5599505
2023-05-17,159.79,160.055,157.77,158.99,158.99,6840687
2023-05-18,158.66,158.93,157.56,158.48,158.48,5172966
2023-05-19,158.59,159.9344,158.14,158.91,158.91,6527141
2023-05-22,158,159.14,156.78,156.87,156.87,5675927
2023-05-23,157.1,158.27,156.37,156.81,156.81,5793009
2023-05-24,157.08,157.14,155.92,156.66,156.66,5015148
2023-05-25,156.05,156.29,153.72,154.41,154.41,6886056
2023-05-26,154.69,155.275,154.2,154.35,154.35,6845396
2023-05-30,153.97,155.38,153.32,154.37,154.37,5593080
2023-05-31,154.695,155.69,153.85,155.06,155.06,11324588
2023-06-01,154.54,155.04,153.15,154.54,154.54,7901348
2023-06-02,154.72,157.31,154.09,156.97,156.97,7659721
2023-06-05,156.75,158.64,156.75,158.32,158.32,6430453
2023-06-06,159.58,159.61,157.4,158.18,158.18,5073642
2023-06-07,158.1,158.8,157.44,158.52,158.52,6504285
2023-06-08,158.5,160.42,157.82,160.26,160.26,5818952
2023-06-09,160.42,160.725,159.465,160.01,160.01,6264779
2023-06-12,160,160.25,158.73,159.9,159.9,6511261
2023-06-13,159.73,160.84,159.15,160.74,160.74,6066788
2023-06-14,161.6,162.08,160.98,161.56,161.56,6699139
2023-06-15,162.05,163.91,161.43,163.73,163.73,7138314
2023-06-16,164.48,164.99,163.87,164.23,164.23,13426606
2023-06-20,164.26,165.31,163.81,164.13,164.13,7996117
2023-06-21,163.58,164.92,162.69,163.88,163.88,7177549
2023-06-22,163.9,165.72,163.79,165.62,165.62,5486186
2023-06-23,166.11,166.27,165.03,165.48,165.48,9450724
2023-06-26,164.98,164.98,161.33,163.63,163.63,6978804
2023-06-27,163.68,163.88,162.44,163.29,163.29,4927711
2023-06-28,163.2,163.2,161.91,162.96,162.96,6780435
2023-06-29,162.64,164.32,162.23,164.1,164.1,4547514
2023-06-30,164.86,165.94,164.35,165.52,165.52,7580141
2023-07-03,164.34,164.39,162.96,163.35,163.35,4033713
2023-07-05,162.99,163.92,162.73,162.81,162.81,7225523
2023-07-06,162.25,162.37,161,161.6,161.6,6333687
2023-07-07,160.47,161.04,159.2,159.25,159.25,7022226
2023-07-10,159.43,160.3,159,159.51,159.51,5739364
2023-07-11,159.13,160.3,157.6,158.63,158.63,6606956
2023-07-12,158.94,158.94,157.88,158.08,158.08,6940442
2023-07-13,158,159.13,157.41,158.81,158.81,6401743
2023-07-14,159.18,160.225,158.98,159.87,159.87,5362237
2023-07-17,159.75,159.87,158.15,159.07,159.07,5488030
2023-07-18,159.07,160.89,158.19,159.06,159.06,6332509
2023-07-19,157.91,160.41,157.33,158.74,158.74,7522557
2023-07-20,161.94,169.14,161.3,168.38,168.38,21892881
2023-07-21,168.18,170.82,168.18,170.19,170.19,12079999
2023-07-24,171.5,173.82,170.99,171.08,171.08,15155446
2023-07-25,170.45,172.68,169.75,172.39,172.39,13790053
2023-07-26,172,173.85,171.4,172.72,172.72,14288173
2023-07-27,172.18,174.29,172.04,173.69,173.69,12446386
2023-07-28,174,175.36,173.23,174.48,174.48,14138839
2023-07-31,169.69,170.22,166.71,167.53,167.53,22632720
2023-08-01,166.365,169.09,166.06,168.89,168.89,15811545
2023-08-02,168.85,171.24,168.85,169.91,169.91,14599264
2023-08-03,169.95,171.32,169.67,170.64,170.64,17425230
2023-08-04,170.34,172.68,167.89,169.04,169.04,23415053
2023-08-07,169.49,173.34,169.36,173.1,173.1,17736444
2023-08-08,172.99,173.55,171.39,173.18,173.18,27378701
2023-08-09,173,174.25,172.05,173.07,173.07,42974372
2023-08-10,174,175.97,171.64,172.17,172.17,48213840
2023-08-11,172.48,173.95,171.62,173.85,173.85,45905612
2023-08-14,173.52,175.6,171.75,173.44,173.44,64036947
2023-08-15,172.8,174.56,172.14,172.94,172.94,88924923
2023-08-16,172.53,174.73,172.13,172.39,172.39,85594288
2023-08-17,172.86,175.39,172.76,174.01,174.01,70904183
2023-08-18,173.17,173.99,171.31,172.49,172.49,49631742
2023-08-21,169.69,169.85,165.96,167.35,167.35,151319484
2023-08-22,166.86,167.84,165.41,166.02,166.02,56835372
2023-08-23,165.9,166.5,163.47,164.53,164.53,119011431
2023-08-24,164.03,166.67,163.86,165.09,165.09,70755064
2023-08-25,164.3,167.78,164.06,166.25,166.25,18185517
2023-08-28,165,166.21,163.165,164.29,164.29,18457993
2023-08-29,164.87,165.68,162.77,164.31,164.31,12208612
2023-08-30,165.11,165.83,163.68,163.73,163.73,9939097
2023-08-31,163.37,163.57,161.279,161.68,161.68,15332999
2023-09-01,161.42,162.48,160.015,160.48,160.48,8610052
2023-09-05,160.56,161.97,160.28,160.68,160.68,9019777
2023-09-06,159.84,160,157.35,158.01,158.01,9753833
2023-09-07,159.14,161.06,158.98,160.03,160.03,9931811
2023-09-08,159.59,160.68,159.19,160.56,160.56,6958201
2023-09-11,161.06,162.69,160.45,162.66,162.66,6309295
2023-09-12,162.22,163.925,161.53,163.58,163.58,6045756
2023-09-13,163.76,164.95,163,163.99,163.99,7397520
2023-09-14,164.68,165.27,163.44,163.74,163.74,7758552
2023-09-15,163.98,164.82,161.21,161.45,161.45,13392074
2023-09-18,162.12,163.145,160.75,162.47,162.47,5789146
2023-09-19,162.25,162.85,161.38,162.2,162.2,5550851
2023-09-20,162.19,163.5354,161.66,162.91,162.91,3837595
2023-09-21,162.57,163.5,161.59,161.66,161.66,4526772
2023-09-22,161.3,161.4,160.25,160.5,160.5,4977354
2023-09-25,160.07,160.36,158.73,160.26,160.26,6722584
2023-09-26,159.81,160.08,158.86,159.02,159.02,4904860
2023-09-27,158.58,158.76,155.255,157.11,157.11,10210686
2023-09-28,157.5,157.96,156.22,156.88,156.88,7861879
2023-09-29,157.37,157.6,155.35,155.75,155.75,7680711
2023-10-02,155.42,155.42,153.32,155.15,155.15,7259935
2023-10-03,154.68,155.495,153.89,155.34,155.34,5741035
2023-10-04,155.57,155.93,154.57,155.52,155.52,4955308
2023-10-05,156.27,158.0399,156.07,157.14,157.14,5993541
2023-10-06,157.08,158.3,156.59,157.64,157.64,5802226
2023-10-09,157.18,158.88,157.09,158.54,158.54,4414322
2023-10-10,158.38,159.27,157.9,158.36,158.36,5273531
2023-10-11,158.46,159.05,156.04,156.18,156.18,6922907
2023-10-12,155.92,156.5599,155.0663,156.33,156.33,5792419
2023-10-13,156.73,157.36,156.05,156.85,156.85,5360347
2023-10-16,157.82,158.25,156.84,157.53,157.53,6408142
2023-10-17,155.98,158.9499,154.6085,156.09,156.09,12244374
2023-10-18,155.41,155.95,152.05,152.73,152.73,9097348
2023-10-19,151.67,153.1093,150.15,152.32,152.32,7733790
2023-10-20,152.74,153.87,152.33,153,153,7206976
2023-10-23,152.86,153.5,151.21,151.39,151.39,5873981
2023-10-24,150.75,151.96,150.13,151.23,151.23,6155269
2023-10-25,151.24,152.17,150.23,151.57,151.57,5880816
2023-10-26,151.97,151.97,148.88,149,149,7612507
2023-10-27,148.49,148.66,144.95,145.6,145.6,11385751
2023-10-30,146.09,147.24,146,147.03,147.03,8205509
2023-10-31,147.54,148.545,146.6416,148.34,148.34,7577017
2023-11-01,149.19,149.76,148.46,148.69,148.69,5732973
2023-11-02,147.71,150.4,147.54,150.24,150.24,5349097
2023-11-03,151.21,152.27,150.145,151.34,151.34,4926765
2023-11-06,151.78,152.425,151.37,151.7,151.7,4851421
2023-11-07,151.93,152.25,150.68,150.9,150.9,4840590
2023-11-08,151.35,151.83,150.34,150.35,150.35,5460167
2023-11-09,150.5,150.5,147.26,147.42,147.42,6973598
2023-11-10,148.25,148.5,145.64,147.25,147.25,6931611
2023-11-13,147.25,147.9,146.65,147.63,147.63,5889367
2023-11-14,147.64,148.54,146.97,147.66,147.66,6713647
2023-11-15,147.35,149.42,147.27,148.8,148.8,6729120
2023-11-16,149.5,150.17,148.64,150.1,150.1,6875566
2023-11-17,150.55,150.785,149.065,149.79,149.79,7025544
2023-11-20,147.91,150.4,147.54,149.91,149.91,8860472
2023-11-21,150.1,151.29,149.61,151.12,151.12,5916344
2023-11-22,151.63,152.04,150.39,150.82,150.82,4635503
2023-11-24,150.86,152.6794,150.86,152.5,152.5,3351448
2023-11-27,152.29,152.32,150.97,151.28,151.28,6449740
2023-11-28,151.4,151.81,150.84,151.63,151.63,5909044
2023-11-29,151.33,152.2,151.07,152.11,152.11,5190026
2023-11-30,152.26,155.14,151.92,154.66,154.66,12481867
2023-12-01,156.44,158.46,155.47,158.38,158.38,10342901
2023-12-04,158,160.02,158,158.88,158.88,8920279
2023-12-05,158.8,159.63,158.22,158.55,158.55,7268151
2023-12-06,158.52,158.6592,156.17,156.62,156.62,6642891
2023-12-07,156.58,156.58,154.71,155.4,155.4,6532388
2023-12-08,155.42,155.85,153.84,154.42,154.42,6254673
2023-12-11,154.5,155.48,154.35,155.06,155.06,6090360
2023-12-12,155,155.32,153.65,155.07,155.07,5324406
2023-12-13,153.66,155.94,151.77,155.79,155.79,10764575
2023-12-14,156.47,157.16,155.0474,156.87,156.87,9240800
2023-12-15,155.49,156.69,153.76,155.16,155.16,21727754
2023-12-18,155.21,156.44,154.76,155.44,155.44,7231383
2023-12-19,155.3,156.5,154.94,156.46,156.46,6651744
2023-12-20,156.54,156.66,153.11,153.27,153.27,7008313
2023-12-21,153.69,155.13,153.3,154.84,154.84,4598843
2023-12-22,155.25,156.53,155.02,155.46,155.46,3798865
2023-12-26,155,156.35,154.85,156.14,156.14,4170190
2023-12-27,155.5,156.52,155.42,156.35,156.35,5288101
2023-12-28,156,157.24,155.99,156.58,156.58,4377535
2023-12-29,156.51,156.9,155.98,156.74,156.74,4313691
2024-01-02,156.93,161.6393,156.79,159.97,159.97,9622108
2024-01-03,160.64,161.44,159.8,160.97,160.97,8231987
2024-01-04,161.59,161.98,160.42,160.63,160.63,6766641
2024-01-05,160.5,161.34,159.47,161.13,161.13,5602564
2024-01-08,161.1,161.66,159.61,161.53,161.53,6569810
2024-01-09,161.63,163.28,160.595,161.63,161.63,6357014
2024-01-10,161.825,162.62,161.2,161.87,161.87,4945088
2024-01-11,162.07,162.199,160.78,161.15,161.15,4946015
2024-01-12,161.84,162.47,161.69,162.39,162.39,4496942
2024-01-16,161.57,162.25,160.18,160.52,160.52,6923174
2024-01-17,160.25,161.3,159.87,160.43,160.43,5072104
2024-01-18,160,161.37,159.69,161.21,161.21,5368502
2024-01-19,161.15,161.9226,160.28,161.68,161.68,7071320
2024-01-22,162,163.58,161.34,162.47,162.47,6824156
2024-01-23,159.66,160.5075,156.91,159.81,159.81,9149777
2024-01-24,159.75,160.6,158.16,158.96,158.96,7247926
2024-01-25,159,159.62,158.47,159.56,159.56,5478898
2024-01-26,160.43,160.74,159.3601,159.5,159.5,5591930
2024-01-29,159.01,160.0699,158.96,159.36,159.36,6483190
2024-01-30,159.35,159.76,158.13,158.77,158.77,7200538
2024-01-31,160.4,160.62,158.67,158.9,158.9,8257029
2024-02-01,158.16,158.49,157.05,158.36,158.36,8012122
2024-02-02,157.97,158.31,155.94,156.61,156.61,8295916
2024-02-05,156.61,156.89,155.34,155.8,155.8,9121808
2024-02-06,155.83,158.73,155.6,158.06,158.06,9230611
2024-02-07,157.8,159.37,157.69,157.98,157.98,8690294
2024-02-08,157.34,157.34,155.31,156.4,156.4,9754960
2024-02-09,156.27,157.2,155.67,156.76,156.76,6529202
2024-02-12,156.58,158.41,156.35,157.85,157.85,6701508
2024-02-13,157.64,158.45,155.75,156.47,156.47,8621022
2024-02-14,156.35,156.46,154.84,155.74,155.74,9098805
2024-02-15,155.98,158.475,155.89,157.92,157.92,7462529
2024-02-16,156.6,157.255,155.67,156.55,156.55,8540961
2024-02-20,156.56,158.61,156.44,157.86,157.86,9501742
2024-02-21,158.02,158.69,157.1312,158.68,158.68,7473300
2024-02-22,158.98,160.74,157.77,160.45,160.45,8065010
2024-02-23,160.88,162.25,160.16,161.84,161.84,6725963
2024-02-26,161.8,162.01,160.57,160.79,160.79,5465417
2024-02-27,160.34,161.04,159.64,160.98,160.98,5078650
2024-02-28,161,161.61,160.29,161.55,161.55,6071076
2024-02-29,162,162.19,160.94,161.38,161.38,9849270
2024-03-01,161.83,162.57,161.09,162.12,162.12,5670135
2024-03-04,161.32,161.61,158.27,159.84,159.84,8533083
2024-03-05,160.62,161.24,159.2,159.97,159.97,8298182
2024-03-06,159.46,160.93,159.22,159.34,159.34,5773683
2024-03-07,160,160.36,158.24,158.87,158.87,5188726
2024-03-08,158.87,160.39,158.425,159.52,159.52,5283951
2024-03-11,159.49,161.32,158.88,161.23,161.23,4620826
2024-03-12,161.58,163.11,161.13,162.74,162.74,8018736
2024-03-13,162.53,162.68,159.81,161.1,161.1,6260000
2024-03-14,160.94,161.54,158.69,159.21,159.21,6988264
2024-03-15,158.06,159.19,157.1,158.18,158.18,13165500
2024-03-18,158.57,158.69,156.5,156.76,156.76,6602255
2024-03-19,156.67,156.86,155.66,156.21,156.21,7840624
2024-03-20,155.7,156.44,155.21,155.76,155.76,5982304
2024-03-21,155.59,156.95,155.1,155.75,155.75,5915777
2024-03-22,155.69,156.36,155.11,155.23,155.23,7248622
2024-03-25,155.4,155.9836,154.9,155.22,155.22,7498100
2024-03-26,155.61,156.23,154.76,155.77,155.77,6864099
2024-03-27,155.99,158.22,155.44,157.96,157.96,8461600
2024-03-28,158.2,159.14,158.11,158.19,158.19,6181503
2024-04-01,157.72,158.15,156.77,157.78,157.78,4364699
2024-04-02,156.57,157.83,155.95,157.73,157.73,6102497
2024-04-03,157.79,158.05,154.25,154.26,154.26,8098242
2024-04-04,155.31,155.5,152.41,152.5,152.5,6947423
2024-04-05,152.03,153.01,151.61,152.39,152.39,6783020
2024-04-08,151.99,153.035,151.56,151.59,151.59,5935415
2024-04-09,151.55,152.5301,150.94,152.29,152.29,6135556
2024-04-10,151.53,151.82,149.76,150.2,150.2,6809519
2024-04-11,150.8,150.87,148.39,148.79,148.79,8374434
2024-04-12,148.06,149.065,147.15,147.52,147.52,7100178
2024-04-15,148.37,149.49,147.37,147.59,147.59,8502266
2024-04-16,145.01,146.25,143.39,144.45,144.45,12774859
2024-04-17,145,145.41,143.54,144.77,144.77,9378059
2024-04-18,144.98,145.8,143.13,145.74,145.74,9887704
2024-04-19,146.15,148.13,144.55,147.91,147.91,9747587
2024-04-22,148.51,150.27,147.3,149.12,149.12,10118694
2024-04-23,149.86,150.49,148.2,149.56,149.56,10110442
2024-04-24,148.14,148.99,146.86,148.53,148.53,9756259
2024-04-25,149.37,149.58,146.33,146.82,146.82,7642732
2024-04-26,146.7,147.175,145.95,146.14,146.14,6182982
2024-04-29,146.14,147.22,145.985,146.82,146.82,6461588
2024-04-30,146.88,146.88,144.53,144.59,144.59,8817719
2024-05-01,148.735,151.85,147.62,151.18,151.18,14473711
2024-05-02,152.04,152.33,149.14,149.92,149.92,8459796
2024-05-03,149.89,149.89,147.82,149.27,149.27,6532718
2024-05-06,149.87,150.05,147.91,148.58,148.58,5042757
2024-05-07,149.38,149.73,148.45,148.72,148.72,7333730
2024-05-08,149.12,149.73,148.7,148.95,148.95,7735148
2024-05-09,148.98,150.1,148.89,149.85,149.85,6546153
2024-05-10,150,150.09,149.19,149.91,149.91,5710566
2024-05-13,150.04,152,149.705,151.22,151.22,5628467
2024-05-14,151.85,152.21,150.7,151.38,151.38,8254171
2024-05-15,151.82,152.95,151.3,152.67,152.67,5547955
2024-05-16,153,154.38,152.33,154.28,154.28,7590959
2024-05-17,154.86,154.86,153.7129,154.64,154.64,6521794
2024-05-20,153.1,153.39,151.26,151.27,151.27,7742280
2024-05-21,151.78,152.585,150.785,151.24,151.24,5492354
2024-05-22,150.84,154.08,150.32,153.5,153.5,6609788
2024-05-23,152.75,152.84,149.375,149.7,149.7,8000422
2024-05-24,149.53,149.8139,146.76,146.97,146.97,9520576
2024-05-28,146.79,146.79,144.1502,144.38,144.38,10499829
2024-05-29,143.82,145.415,143.71,144.44,144.44,8263810
2024-05-30,144.62,145.61,144.02,145.28,145.28,8491111
2024-05-31,145.57,147.48,145.19,146.67,146.67,14621203
2024-06-03,147.25,148.9,146.77,147.74,147.74,7329241
2024-06-04,147.48,148.31,146.19,147.8,147.8,8876441
2024-06-05,147.97,147.99,145.855,145.97,145.97,5891299
2024-06-06,145.5,147,144.66,146.42,146.42,5016301
2024-06-07,146.68,148.3,146.34,147.08,147.08,5111626
2024-06-10,146.53,147.56,145.6,147.13,147.13,5751309
2024-06-11,146.81,147.16,145.44,146.76,146.76,5661236
2024-06-12,147.06,147.21,144.78,145.41,145.41,6180493
2024-06-13,145.07,146,143.88,145.45,145.45,6840374
2024-06-14,145.14,145.97,144.48,145.54,145.54,4075342
2024-06-17,145.02,146.43,144.74,145.95,145.95,6666583
2024-06-18,145.96,146.39,145.265,145.65,145.65,6156572
2024-06-20,145.27,148.08,145.01,147.78,147.78,8749717
2024-06-21,147.89,149.08,147.37,148.75,148.75,15176869
2024-06-24,149,149.7199,148.17,149.12,149.12,6914671
2024-06-25,149.18,149.2,146.94,147.19,147.19,6620303
2024-06-26,146.2,147.19,145.78,146.87,146.87,5267809
2024-06-27,146.8,147.36,144.84,145.8,145.8,5739246
2024-06-28,146.04,147.07,145.65,146.16,146.16,10495735
2024-07-01,146.07,148.7,145.6201,146.44,146.44,5144443
2024-07-02,146.43,147.15,145.74,146.03,146.03,5491962
2024-07-03,146.2,146.65,144.74,145.69,145.69,3246157
2024-07-05,145.77,146.55,144.5,146.48,146.48,4888535
2024-07-08,146.4,147.22,145.25,145.48,145.48,5260229
2024-07-09,145.67,147.13,145.18,147.05,147.05,5892187
2024-07-10,147.26,149.47,146.68,149.43,149.43,6093187
2024-07-11,149.58,150.58,148.64,149.7,149.7,6352109
2024-07-12,150,150.88,149.24,149.88,149.88,5336394
2024-07-15,150.08,150.25,148.87,149.24,149.24,6711354
2024-07-16,149.69,151.08,149.16,151.01,151.01,6469582
2024-07-17,151.55,157.49,151.415,156.58,156.58,13801429
2024-07-18,155.6,157.07,154.62,155.42,155.42,10166247
2024-07-19,156.51,156.51,154.12,154.69,154.69,7398036
2024-07-22,154.77,155.11,153.59,154.24,154.24,6840609
2024-07-23,153.31,153.5,151.57,152.35,152.35,6261870
2024-07-24,152.76,156.41,152.33,156.28,156.28,7168217
2024-07-25,156.48,160.58,156,159.64,159.64,10019578
2024-07-26,159.75,161.58,159.4724,160.64,160.64,8356878
2024-07-29,159.97,160,158.05,158.56,158.56,5625204
2024-07-30,158.54,161.55,158.36,161.33,161.33,6545677
2024-07-31,159.85,160.35,157.74,157.85,157.85,8293239
2024-08-01,158.48,160.81,157.71,160.76,160.76,7213419
2024-08-02,161.9,164.85,161,164.14,164.14,11280357
2024-08-05,163.795,165.78,160.58,161.25,161.25,12032209
2024-08-06,161.05,161.48,158.94,158.97,158.97,7607144
2024-08-07,158.87,160.615,158.19,158.9,158.9,5993028
2024-08-08,158.57,160.7,158.03,160.22,160.22,5094830
2024-08-09,160.12,160.93,159.34,160.62,160.62,4579186
2024-08-12,160.97,161.7,158.71,159.88,159.88,7605419
2024-08-13,160.27,160.37,156.44,158.39,158.39,9711395
2024-08-14,157.83,159.55,157.4,158.48,158.48,5141249
2024-08-15,158.37,159.495,157.84,159.09,159.09,7237785
2024-08-16,159.14,159.94,158.18,159.39,159.39,5012774
2024-08-19,159.46,160.295,159.13,159.63,159.63,4408517
2024-08-20,160,160.93,159.67,160.16,160.16,7275133
2024-08-21,160.4,161.48,160.31,161.43,161.43,5019375
2024-08-22,162,162.49,160.79,162.35,162.35,6552142
2024-08-23,162.5,164.22,161.695,164.13,164.13,7093429
2024-08-26,164.17,165.71,163.54,164.61,164.61,6870622
2024-08-27,163.5,164.035,162.16,162.95,162.95,4388728
2024-08-28,163,165,162.71,163.92,163.92,5187198
2024-08-29,164.63,164.72,163.36,164.23,164.23,7390125
2024-08-30,164.12,165.98,163.81,165.86,165.86,7971017
2024-09-03,165.24,167.81,164.77,167.16,167.16,6956452
2024-09-04,167.81,168.85,166.04,167.36,167.36,6939132
2024-09-05,167.2,167.37,164.83,164.99,164.99,4600392
2024-09-06,165.18,165.9399,164.12,164.38,164.38,6016884
2024-09-09,164.84,167.405,164.47,166.61,166.61,7538233
2024-09-10,167.5,168.46,166.745,167.38,167.38,6559734
2024-09-11,166.79,166.79,164.09,164.82,164.82,5920165
2024-09-12,164.2,165.1,162.7101,164.64,164.64,4541046
2024-09-13,164.74,165.75,163.82,165.52,165.52,3693548
2024-09-16,166.36,167.25,165.78,166.99,166.99,5187887
2024-09-17,166.24,167.72,165.93,167.07,167.07,5066586
2024-09-18,166.63,168.35,165.74,166.15,166.15,4722765
2024-09-19,166.23,166.37,164.42,164.82,164.82,4956119
2024-09-20,164.3,164.87,163.55,164.16,164.16,11838967
2024-09-23,164.4,164.5,162.72,163.22,163.22,4671645
2024-09-24,162.79,163.49,161.55,162.78,162.78,6041561
2024-09-25,163,163.315,160.36,160.6,160.6,5420011
2024-09-26,160.24,161.54,160.02,161.39,161.39,6122231
2024-09-27,162,163.43,161.34,161.4,161.4,7553905
2024-09-30,161.42,162.18,160.68,162.06,162.06,6010407
2024-10-01,162.43,162.75,161.18,161.99,161.99,4408019
2024-10-02,161.51,162.12,160.65,161.17,161.17,4684472
2024-10-03,160.78,161.44,160.22,160.5,160.5,4791223
2024-10-04,159.63,160.5,158.775,160.29,160.29,5331694
2024-10-07,160.25,160.86,159.22,159.53,159.53,4265971
2024-10-08,159.49,160.245,158.95,159.69,159.69,4766250
2024-10-09,159.92,161.215,159.51,160.65,160.65,6047269
2024-10-10,161.36,161.39,159.995,160.51,160.51,4793889
2024-10-11,162.18,162.66,161.2,161.46,161.46,5253459
2024-10-14,161.4,162.14,160.9,161.6,161.6,5963961
2024-10-15,160,166.75,159,164.1,164.1,10547966
2024-10-16,164,164.99,162.64,164.28,164.28,5982291
2024-10-17,164.26,165,163.63,164.47,164.47,4798238
2024-10-18,164.89,165.2896,163.93,165.12,165.12,5908012
2024-10-21,165.1,165.25,162.31,162.83,162.83,6082736
2024-10-22,162.32,163.73,161.9,163.45,163.45,5680612
2024-10-23,162.82,166,162.42,165.86,165.86,7442026
2024-10-24,165,165.51,163.34,163.67,163.67,5386525
2024-10-25,163.68,163.92,160.61,160.88,160.88,6400449
2024-10-28,161.13,161.97,161,161.6,161.6,4842653
2024-10-29,161.46,162.17,160.06,160.09,160.09,5216879
2024-10-30,159.45,161.28,159.0302,160.61,160.61,5820530
2024-10-31,159.99,160.87,159.46,159.86,159.86,8613860
2024-11-01,160.58,161.06,159.88,160.13,160.13,5256652
2024-11-04,159.92,160.28,158.07,158.24,158.24,4644011
2024-11-05,157.67,158.59,156.35,158.35,158.35,6547074
2024-11-06,159.44,160.85,157.355,157.88,157.88,8926601
2024-11-07,158.47,158.75,156.51,156.73,156.73,7522812
2024-11-08,157,157.08,155.41,155.47,155.47,8926134
2024-11-11,155.62,157.58,154.91,155.04,155.04,7146759
2024-11-12,154.5073,155.04,152.37,152.64,152.64,7181408
2024-11-13,152.495,153.51,151.4245,153.24,153.24,7162233
2024-11-14,153.25,153.5918,150.76,151.87,151.87,7716385
2024-11-15,151.3,154.43,150.9,154,154,11328515
2024-11-18,152.98,155.33,152.33,154.77,154.77,7514177
2024-11-19,153.945,153.99,152.05,153,153,8233678
2024-11-20,153.14,153.25,151.81,153.11,153.11,9061274
2024-11-21,153.6,156.06,152.81,155.5,155.5,10141056
2024-11-22,155.9,157.115,154.11,155.17,155.17,8265961
2024-11-25,155.17,157.035,155.14,155.78,155.78,12256242
2024-11-26,155.185,155.25,153.16,154.52,154.52,5683499
2024-11-27,154.61,156.63,154.6,155.4,155.4,4140444
2024-11-29,154.169,155.67,154.169,155.01,155.01,5687821
2024-12-02,154.86,155,153.9258,154.8,154.8,6946494
2024-12-03,154.45,154.8,152.305,152.36,152.36,8674415
2024-12-04,151.1698,151.56,149.75,150.47,150.47,10333110
2024-12-05,150,150.38,148.95,149.52,149.52,7898098
2024-12-06,149.39,150.05,148.38,149.31,149.31,8389611
2024-12-09,149.29,150.89,148.44,149.6,149.6,8410303
2024-12-10,149.89,150.83,148.33,149.23,149.23,9398671
2024-12-11,148.5,148.5,146.37,146.64,146.64,13446656
2024-12-12,147.14,147.77,146.01,146.24,146.24,6176269
2024-12-13,145.7,146.93,145.04,146.62,146.62,8324900
2024-12-16,146.8,147.25,143.52,143.85,143.85,8732378
2024-12-17,143.84,146.66,143.71,146.41,146.41,10342958
2024-12-18,145.678,146.74,144.67,144.75,144.75,9336094
2024-12-19,144.27,145.22,143.37,143.58,143.58,9516653
2024-12-20,142.7541,145.47,142.75,144.47,144.47,17702755
2024-12-23,144.31,145.33,143.45,145.27,145.27,8720824
2024-12-24,145.01,145.85,144.3325,145.85,145.85,3164071
2024-12-26,145.55,146.37,145.09,145.58,145.58,4656981
2024-12-27,144.8,146.6,144.68,145.05,145.05,5588306
2024-12-30,144.8,144.88,142.95,143.34,143.34,6268692
2024-12-31,143.675,144.67,143.3098,144.62,144.62,5811401
2025-01-02,145.21,145.77,143.78,144.02,144.02,6051330
2025-01-03,144.07,144.575,143.62,144.19,144.19,5879816
2025-01-06,143.755,144.815,142.93,143.66,143.66,7910493
2025-01-07,143.755,147.18,143.59,146.23,146.23,8422010
2025-01-08,145.38,145.59,141.44,142.27,142.27,11175552
2025-01-10,141,143.67,140.68,142.06,142.06,8821541
2025-01-13,142.875,145.07,142.31,144.47,144.47,10376377
2025-01-14,144.605,144.81,142.86,144.75,144.75,8681741
2025-01-15,145.335,146.05,144.26,144.97,144.97,7434562
2025-01-16,144.395,148.07,144.06,147.77,147.77,8964016
2025-01-17,147.375,148.38,146.61,147.03,147.03,10773054
2025-01-21,147.56,148.86,147.05,148.15,148.15,11111747
2025-01-22,143.8,145.47,142.11,145.27,145.27,16834747
2025-01-23,145.44,147.91,144.8144,146.64,146.64,10506361
2025-01-24,146.805,147.631,146.383,146.82,146.82,9887682
2025-01-27,148.245,153.45,148,152.89,152.89,15152314
2025-01-28,152.66,152.97,150.3,150.38,150.38,10320613
2025-01-29,150.5,151.88,150,151.15,151.15,7156421
2025-01-30,151.91,154.14,151.36,152.87,152.87,8910983
2025-01-31,152.64,153.18,152.055,152.15,152.15,8458715
2025-02-03,151.17,152.465,150.78,151.87,151.87,6687487
2025-02-04,151.36,154.18,150.945,153.49,153.49,9645289
2025-02-05,153.72,154.73,153.31,154.69,154.69,8946957
2025-02-06,154.79,154.8402,153.38,153.51,153.51,7418468
2025-02-07,153.6,154.49,152.8,153.12,153.12,6204916
2025-02-10,153.52,154.37,152.29,154.24,154.24,6936561
2025-02-11,154.11,156.39,153.94,156.13,156.13,7554811
2025-02-12,155.3,155.6599,154.27,155.26,155.26,7746014
2025-02-13,155.25,158.13,154.79,157.25,157.25,10705077
2025-02-14,157.325,157.47,156.06,156.15,156.15,6411840
2025-02-18,154.16,155.45,153.24,154.99,154.99,9670657
2025-02-19,155,158.3,154.75,157.89,157.89,7974736
2025-02-20,156.95,159.95,156.95,159.68,159.68,7224030
2025-02-21,159.67,163.51,159.28,162.3,162.3,12546930
2025-02-24,162.13,164.87,162.05,163.74,163.74,10201917
2025-02-25,164.1,166.43,163.94,166.09,166.09,12303697
2025-02-26,165.1,165.13,162.555,163.08,163.08,11396410
2025-02-27,162.46,163.95,161.73,163.73,163.73,8364573
2025-02-28,164.31,165.94,162.7,165.02,165.02,12037415
2025-03-03,164.96,167.33,164.84,167.28,167.28,9191464
2025-03-04,168.08,169.99,165.32,165.42,165.42,11999962
2025-03-05,164.45,166.4618,163.53,165.12,165.12,8745050
2025-03-06,165,165.87,163.51,165.83,165.83,8037888
2025-03-07,165.13,168.46,164.7,166.69,166.69,9637593
2025-03-10,167.3076,169.9,167.05,167.7,167.7,17558982
2025-03-11,167,167.3,165.05,165.86,165.86,9890648
2025-03-12,163.825,164.21,162.23,162.85,162.85,8010692
2025-03-13,163.34,164.54,162.6601,162.99,162.99,5286734
2025-03-14,162,163.15,161.1,162.81,162.81,6235797
2025-03-17,161.85,163.5,161.73,162.84,162.84,6669815
2025-03-18,163.28,164.86,162.965,164.25,164.25,7348974
2025-03-19,163.95,164.36,162.21,162.99,162.99,5936637
2025-03-20,162.56,163.2,161.925,163.02,163.02,7485930
2025-03-21,162.705,164.13,162.48,163.63,163.63,17047106
2025-03-24,162.87,164.39,162.5,163.29,163.29,8046565
2025-03-25,163.55,164.19,160.555,161.02,161.02,7456197
2025-03-26,161.18,162.49,160.64,161.72,161.72,7223773
2025-03-27,162.35,164.065,161.32,163.13,163.13,6752466
2025-03-28,163.59,164.52,162.91,163.71,163.71,5760545
2025-03-31,164.29,166.63,164.23,165.84,165.84,12481400
2025-04-01,160.73,161.81,153.13,153.25,153.25,23303065
2025-04-02,154.015,155.79,153.4501,155.36,155.36,10356920
2025-04-03,158.75,160.645,157.48,159.82,159.82,13249313
2025-04-04,159.155,159.82,152.93,153.24,153.24,16601728
2025-04-07,151.195,152.71,147.4,150.62,150.62,18083040
2025-04-08,153.59,153.59,148,150,150,12018391
2025-04-09,142.245,153.19,141.5,150.97,150.97,18773742
2025-04-10,150.37,151.2,145.13,148.69,148.69,13830474
2025-04-11,148.99,152.35,148.19,151.73,151.73,9943851
2025-04-14,151.585,154.67,151.1658,154.36,154.36,10685338
2025-04-15,155.7,156.3,152.1,153.62,153.62,10847653
2025-04-16,155.25,155.63,152.24,153.91,153.91,7987296
2025-04-17,154.25,159.44,154.16,157.47,157.47,10981067
2025-04-21,157.73,158.23,155.49,156.92,156.92,6285438
2025-04-22,157.54,158.72,156.2601,157.75,157.75,7136321
2025-04-23,156.49,157.1,154.33,155.38,155.38,9099438
2025-04-24,155.895,155.895,153.44,154.93,154.93,8310425
2025-04-25,154.32,154.9,152.45,154.58,154.58,8643927
2025-04-28,155.5,155.81,153.82,155.35,155.35,5815179
2025-04-29,155.35,157.02,154.29,155.91,155.91,5246725
2025-04-30,158.2,158.2,155.021,156.31,156.31,9598156
2025-05-01,155,155.085,153.36,154.46,154.46,7325849
2025-05-02,155.89,156.715,155.04,156.12,156.12,5974539
2025-05-05,156.78,156.795,154.725,155,155,5464496
2025-05-06,154.67,155.9,153.685,154.47,154.47,8644189
2025-05-07,154.795,157.9423,154.5,157.3,157.3,7854106
2025-05-08,155.785,157.03,154.78,155.66,155.66,7606095
2025-05-09,155.5,156.06,153.81,154.22,154.22,6520449
2025-05-12,152.02,155.36,151.18,154.14,154.14,9023782
2025-05-13,151.7,151.7,148.08,148.44,148.44,10549609
2025-05-14,148.665,148.82,146.115,146.36,146.36,10215952
2025-05-15,148,149.65,147.33,149.61,149.61,7945768
2025-05-16,149.61,151.5,149.22,151.33,151.33,8051150
2025-05-19,151.5,152.66,151.05,152.49,152.49,12639948
2025-05-20,152.33,154.0399,152.12,153.66,153.66,7351451
2025-05-21,153.09,154.43,153,153.18,153.18,7032225
2025-05-22,152.645,153.32,151.37,152.61,152.61,7535335
2025-05-23,153,153.48,152.21,152.94,152.94,6727539
2025-05-27,152.59,154.045,151.93,153.25,153.25,6990694
2025-05-28,153.28,153.64,151.93,152.43,152.43,8459310
2025-05-29,151.75,154.04,151.56,153.58,153.58,6810982
2025-05-30,153.85,155.71,153.22,155.21,155.21,15529716
2025-06-02,154.71,155.54,152.3,155.4,155.4,6669669
2025-06-03,154.75,155.66,154.08,154.42,154.42,8209757
2025-06-04,154.9,154.93,153.13,153.22,153.22,6983861
2025-06-05,153.6,154.09,152.64,153.66,153.66,5296258
2025-06-06,154.125,156.03,154,155.03,155.03,5391841
2025-06-09,154.85,155.99,154.45,155.23,155.23,5319232
2025-06-10,155.365,157.44,155.02,156.45,156.45,6791881
2025-06-11,156.355,156.6,154.73,155.26,155.26,6016039
2025-06-12,156.23,156.675,155.17,156.66,156.66,7075511
2025-06-13,155.97,157.67,155.97,157.1,157.1,6587849
2025-06-16,156.3,156.495,154.45,155.22,155.22,7023995
2025-06-17,154.965,155.28,152.105,152.38,152.38,6407098
2025-06-18,152.645,152.645,150.71,150.73,150.73,8325237
2025-06-20,151.26,151.395,149.04,149.79,149.79,22605471
2025-06-23,149.74,151.43,149.74,151.32,151.32,7397853
2025-06-24,151.5,152.72,150.98,152.19,152.19,9544217
2025-06-25,151.345,153.07,150.73,152.28,152.28,7153708
2025-06-26,152.67,153.22,151.53,152.01,152.01,7156903
2025-06-27,152.03,153.33,151.01,152.41,152.41,10010787
2025-06-30,152.16,152.97,151.52,152.75,152.75,9039552
2025-07-01,152.82,157.75,152.81,155.92,155.92,10896676
2025-07-02,156,156.3,155.07,155.56,155.56,5544030
2025-07-03,155.545,156.28,154.88,156.01,156.01,3482521
2025-07-07,156.01,156.35,154.89,155.27,155.27,6270887
2025-07-08,154.4,156.76,154.21,155.79,155.79,6438221
2025-07-09,155.83,156.69,155.065,156.28,156.28,6147685
2025-07-10,156.075,159.24,155.8209,157.69,157.69,6733128
2025-07-11,157.085,157.18,155.18,156.9,156.9,7872172
2025-07-14,156.785,157.47,155.52,156.82,156.82,10185632
2025-07-15,156.36,157.19,154.8,155.17,155.17,6873200
2025-07-16,160.3,166.12,159.8,164.78,164.78,22134769
2025-07-17,163.18,164.7,162.297,162.98,162.98,11295747
2025-07-18,163.93,165.1,163.36,163.7,163.7,9793046
2025-07-21,163.77,164.915,162.78,164.36,164.36,8254003
2025-07-22,164.71,168.055,164.71,167.93,167.93,9287991
2025-07-23,168.55,169.12,166.59,169.1,169.1,10617636
2025-07-24,169.46,169.99,168.88,169.56,169.56,6636918
2025-07-25,169.61,169.88,167.44,168.3,168.3,6255183
2025-07-28,167.85,167.94,165.05,166.22,166.22,8014640
2025-07-29,166.66,168.7817,166.37,168.11,168.11,7663408
2025-07-30,167.695,168.61,166.78,167.26,167.26,6189161
2025-07-31,165.0729,167.07,164.23,164.74,164.74,11036179
2025-08-01,165.475,167.62,164.79,167.33,167.33,8928229
2025-08-04,167,171.19,166.64,171.04,171.04,12679095
2025-08-05,170.017,171.555,169.65,170.74,170.74,7934442
2025-08-06,169.77,172.18,169.68,170.59,170.59,8957240
2025-08-07,171.475,171.62,169.92,171.53,171.53,9315942
2025-08-08,171.02,173.955,170.39,173.33,173.33,7686765
2025-08-11,173.4,174.6,173.05,173.82,173.82,7256778
2025-08-12,173.995,174.755,171.81,172.78,172.78,7917437
2025-08-13,173,174.54,172.695,174.42,174.42,5878666
2025-08-14,174.27,175.7238,172.72,174.72,174.72,8241942
2025-08-15,175.57,177.265,174.96,176.64,176.64,9477559
2025-08-18,176.5,177.57,176.1,176.25,176.25,9284138
2025-08-19,176,178.18,175.976,177.8,177.8,9274182
2025-08-20,178.525,180.61,178,178.84,178.84,9030396
2025-08-21,178.5,180.08,178.16,178.93,178.93,8859552
2025-08-22,180.035,181.16,177.4702,179.29,179.29,9524308
2025-08-25,179.52,180.26,178.29,178.41,178.41,6229149
2025-08-26,176.745,177.16,175.77,176.49,176.49,9145045
2025-08-27,176.94,177.69,176.16,176.79,176.79,5951099
2025-08-28,176.49,176.49,174.63,175.45,175.45,6424695
2025-08-29,175.965,177.405,175.45,177.17,177.17,6942311
2025-09-02,177.47,179.2,176.89,178.06,178.06,9049003
2025-09-03,177.59,178.29,176.53,178,178,7111689
2025-09-04,177.96,178.9,177.55,178.76,178.76,7854833
2025-09-05,177.5,179.505,176.56,178.43,178.43,9733803
2025-09-08,177.47,179.445,176.7,178.13,178.13,8382514
2025-09-09,177.875,178.09,176.45,176.96,176.96,6005703
2025-09-10,176.275,176.605,174.33,175.79,175.79,6891590
2025-09-11,175.73,178.845,175.625,178.5,178.5,5792527
2025-09-12,177.705,178.8,176.72,178.06,178.06,7220473
2025-09-15,177.76,178.99,176.93,177.4,177.4,4768547
2025-09-16,177.615,177.615,175.65,176.46,176.46,7959652
2025-09-17,176.65,178.51,176.585,177.2,177.2,6715188
2025-09-18,176.4,177.02,173.87,174.16,174.16,8200854
2025-09-19,174.63,177.16,173.33,176.19,176.19,25620954
2025-09-22,175.23,176.64,174.12,174.21,174.21,7193868
2025-09-23,174.89,176.97,174.83,176.58,176.58,8350743
2025-09-24,176.17,176.95,175.74,176.69,176.69,6676770
2025-09-25,177.15,178.4,175.91,177.73,177.73,8474975
2025-09-26,178.6,179.91,177.32,179.71,179.71,8634403
2025-09-29,179.825,181.865,179.8,181.62,181.62,8597083
2025-09-30,181.7,185.99,181.07,185.42,185.42,11569019
2025-10-01,185.85,186.56,183.91,186.05,186.05,13063788
2025-10-02,184.38,186.59,184.09,185.98,185.98,7728069
2025-10-03,187.06,189.7825,186.91,188.64,188.64,8675087
2025-10-06,187.5924,189.92,187.37,188.16,188.16,5806089
2025-10-07,183.77,189.23,182.94,188.89,188.89,8776784
2025-10-08,188.87,190.215,188.27,189.69,189.69,5751163
2025-10-09,190,192.1,189.73,191.08,191.08,7484764
2025-10-10,192.01,192.07,189.85,190.72,190.72,9598019
2025-10-13,189.67,191.3,189.28,190.9,190.9,7979476
2025-10-14,192.92,194.4,185.88,190.85,190.85,13613340
2025-10-15,191.48,193.57,189.3,191.17,191.17,9472995
2025-10-16,191.335,193.05,190.43,192.12,192.12,10611760
2025-10-17,192.44,193.6,191.67741,193.22,193.22,7764449
2025-10-20,193.49,194.48,192.3346,193.72,193.72,8034740
2025-10-21,193.01,193.55,191.77,191.88,191.88,6716360
2025-10-22,191.98,193.45,191.775,192.94,192.94,6343472
2025-10-23,192.44,194,191.54,192.47,192.47,8882491
2025-10-24,192.28,192.31,189.42,190.4,190.4,6903379
2025-10-27,190.02,190.8,189.53,190.3,190.3,7125956
2025-10-28,189.3434,189.505,186.62,186.93,186.93,8329457
2025-10-29,186.64,187.1,184.66,186.6,186.6,10551079
2025-10-30,187.08,189.375,186.91,189.05,189.05,7072517
2025-10-31,187.62,189.5,186.76,188.87,188.87,8791666
2025-11-03,188.87,189.03,185.52,186.26,186.26,7542636
2025-11-04,186.83,187.82,185.62,186.86,186.86,7209395
2025-11-05,186.64,187.83,185.4,186,186,5049443
2025-11-06,186.385,187.52,185.372,186.97,186.97,6767417
2025-11-07,187.71,188.35,185.7,186.57,186.57,6959209
2025-11-10,186,188.42,185.12,188.41,188.41,5324077
2025-11-11,189.385,193.92,189.05,193.83,193.83,7465592
2025-11-12,193.48,195.545,193.07,194.39,194.39,8803005
2025-11-13,194.3,196,193.45,195.25,195.25,8631614
2025-11-14,195,197.18,193.55,195.93,195.93,8824847
2025-11-17,196.765,200.275,195.9,199.58,199.58,13256995
2025-11-18,199.01,200.3,198.5344,200,200,12468619
2025-11-19,199.95,203.48,199.38,202.51,202.51,14690837
2025-11-20,202,204.51,201.57,203.07,203.07,10612550
2025-11-21,203.93,206.9399,202.99,203.9,203.9,13189055
2025-11-24,203.1,206.12,203,206.05,206.05,14803873
2025-11-25,205.19,207.72,205.1788,206.67,206.67,10275724
2025-11-26,206.485,207.81,205.9426,207.56,207.56,6728994
2025-11-28,207,207.46,204.63,206.92,206.92,5638279
2025-12-01,206.255,207.7,205.34,205.34,205.34,8473726
2025-12-02,205.24,205.61,203.1,205.42,205.42,8393565
2025-12-03,205.9,207.02,204.99,205.33,205.33,8363292
2025-12-04,204.69,204.86,201.71,202.48,202.48,9049943
2025-12-05,202.98,203.45,200.81,201.93,201.93,7785552
2025-12-08,202.66,203.255,200.99,201.62,201.62,7785708
2025-12-09,203,205.54,199.905,199.96,199.96,7509402
2025-12-10,200.59,206.8,200.1799,206.54,206.54,11599785
2025-12-11,207.9,211.235,207.83,210.01,210.01,9008960
2025-12-12,210.28,212.27,208.9632,211.58,211.58,6922683
2025-12-15,210.345,215.185,209.0057,214.17,214.17,8466964
2025-12-16,214.075,214.73,208.81,209.3,209.3,9949810
2025-12-17,209.385,211.515,208.46,210.33,210.33,8457560
2025-12-18,209.65,211.06,207.756,208.31,208.31,7499852
2025-12-19,207.37,209.24,206.03,206.37,206.37,24803920
2025-12-22,206.03,208.08,205.5,207.32,207.32,8187755
2025-12-23,205.02,206.53,203.28,205.78,205.78,7047346
2025-12-24,205.93,207.94,205.57,207.78,207.78,2376541
2025-12-26,207.85,208.04,206.7101,207.63,207.63,2316730
2025-12-29,207.95,209.47,207.38,207.56,207.56,4348854
2025-12-30,207.475,207.69,206.52,206.91,206.91,3937395
2025-12-31,206.92,207.5,206.37,206.95,206.95,4084013
2026-01-02,206.82,207.385,203.68,207.35,207.35,6325672
2026-01-05,205.935,205.935,200.9101,204.31,204.31,9476975
2026-01-06,204.115,206.705,204.115,204.79,204.79,8107853
2026-01-07,205.355,208.26,205.03,207.49,207.49,7545920
2026-01-08,206.93,208.98,204.97,205.75,205.75,6557776
2026-01-09,206,206.7,204.01,204.39,204.39,6154326
2026-01-12,205.55,209.9,203.85,209.72,209.72,11794339
2026-01-13,209.91,214.39,208.86,213.65,213.65,11379590
2026-01-14,214.5,218.86,214.145,218.55,218.55,11858784
2026-01-15,218.25,219.75,215.9106,219.57,219.57,8492116
2026-01-16,219.01,220.11,218.135,218.66,218.66,10021515
2026-01-20,217.09,218.725,214.5,218.21,218.21,14057136
2026-01-21,210.51,218.675,210.5,218.01,218.01,14762883
2026-01-22,218.55,222.17,218.1,218.49,218.49,13160041
2026-01-23,219.8,221.21,217.8435,220.14,220.14,6951040
2026-01-26,220.5,222.03,220,221.49,221.49,6857093
2026-01-27,221.9,225.5,220.7,224.44,224.44,8154489
2026-01-28,226.4,228.57,226.075,227.72,227.72,9026495
2026-01-29,228.65,230,227.08,227.29,227.29,9645348
2026-01-30,227.52,228.5,225.33,227.25,227.25,11045529
2026-02-02,228.33,231.19,227.25,230.75,230.75,8187529
2026-02-03,231.36,235.2,230.48,233.1,233.1,9346605
2026-02-04,235,235.83,232.94,234.47,234.47,8641449
2026-02-05,235.485,239.58,234.99,237.79,237.79,10267498
2026-02-06,239.14,240.935,237.98,239.99,239.99,8274034
2026-02-09,240.25,240.74,237.04,238.64,238.64,9378548
2026-02-10,239.98,240.5,237.88,238.35,238.35,6723253
2026-02-11,238.52,241.26,237.4,240.86,240.86,6803917
2026-02-12,240.48,246.3499,239.68,244.55,244.55,10254260
2026-02-13,243.96,244.95,242.61,243.45,243.45,13268519
2026-02-17,244.13,244.49,241.87,243.33,243.33,12703029
2026-02-18,243.24,245.065,242.82,244.99,244.99,8129663
2026-02-19,244.7,246.96,244.27,246.91,246.91,7553934
2026-02-20,246.5,246.88,240.28,242.49,242.49,13565791
2026-02-23,243.52,246.81,242.6,245.84,245.84,9622742
2026-02-24,245.345,247.25,244.54,246.28,246.28,7246300
2026-02-25,245,247.25,243.72,245.17,245.17,7698200
2026-02-26,245.43,245.47,242.0201,243.47,243.47,7162687
2026-02-27,244.04,248.94,242.5,248.43,248.43,16414694
2026-03-02,248.29,251.71,246.87,248.56,248.56,9042359
2026-03-03,246.46,247.88,244.36,246.75,246.75,6178734
2026-03-04,245.75,246.57,243.18,245.3,245.3,5767980
2026-03-05,242.5,243,235.93,239.63,239.63,9375412
2026-03-06,238.115,240.79,235.43,240.4,240.4,7179790
2026-03-09,240.87,244.09,240.04,242.59,242.59,7844028
2026-03-10,242.3,245,240.82,243.71,243.71,7214122
2026-03-11,242.87,243.69,241.36,242.99,242.99,6934842
2026-03-12,241.58,244.4,240.3,242.04,242.04,7710152
2026-03-13,244,245.5899,241.5,241.52,241.52,6415539
2026-03-16,243.92,245.055,241.67,243.19,243.19,7571757
2026-03-17,243.58,244.14,237.22,238.11,238.11,7281819
2026-03-18,237.84,239.11,235.4169,237.28,237.28,6811546
2026-03-19,237.865,239.26,236.31,237.6,237.6,7511537
2026-03-20,236.88,238.29,234.5,235.37,235.37,17156623
2026-03-23,237.05,238.31,234.25,235.42,235.42,7313653
2026-03-24,234.14,236,232.2365,235.27,235.27,9046201
2026-03-25,236.995,241.455,235.73,239.93,239.93,6456736
2026-03-26,240,241.6535,238.93,239.24,239.24,5171440
2026-03-27,241.19,242.68,239.1301,240.45,240.45,7617616
2026-03-30,243.49,244.21,240.51,242.49,242.49,7241324
2026-03-31,243.01,245.33,242.65,244.44,244.44,7554152
2026-04-01,245.315,247.2,243.74,244.12,244.12,6314634
2026-04-02,245.11,247.21,241.87,243.04,243.04,6878704
2026-04-06,242.65,243.5193,240.5,240.97,240.97,4442427
2026-04-07,240.78,240.78,236.01,238.41,238.41,6241146
2026-04-08,236.64,241.33,233.9,241.3,241.3,8771117
2026-04-09,241.3,244.2,240.54,241.31,241.31,6216497
2026-04-10,242,242.26,237.91,238.46,238.46,7354528
2026-04-13,237.71,238.39,235.18,237.96,237.96,7663571
2026-04-14,235.01,242.19,233.25,240.1,240.1,10318725
2026-04-15,239.935,240.42,236.75,238.67,238.67,6463456
2026-04-16,237.42,238.14,232.12,234.54,234.54,8668883
2026-04-17,234.36,235.54,232.04,234.18,234.18,8946288
2026-04-20,234.81,235.26,229.53,230.69,230.69,7810471
2026-04-21,229.35,229.69,224.7,226.16,226.16,11681243
2026-04-22,226.18,227.48,223.775,226.1,226.1,9003352
2026-04-23,227.25,231.39,227.03,230.65,230.65,7097642
2026-04-24,229.035,229.99,227.02,227.5,227.5,6067521
2026-04-27,225.77,227.91,224.3543,225.34,225.34,7897807
2026-04-28,227.73,231.03,226.37,227.79,227.79,7179849
2026-04-29,225.52,228.71,224.86,227.35,227.35,7071144
2026-04-30,227.95,231.16,227.81,229.85,229.85,8157165
2026-05-01,229.06,229.77,227.02,227.19,227.19,6863587
2026-05-04,225.51,227.07,223.58,224.2,224.2,8215235
2026-05-05,225.39,226.53,224.9,225.55,225.55,5556720
2026-05-06,225.25,226.34,222.95,224.62,224.62,7982250
2026-05-07,224.78,224.78,220.63,222.51,222.51,7269708
2026-05-08,222.94,223.37,220.9201,221.32,221.32,5550555
2026-05-11,221.32,223.28,220.37,221.43,221.43,6223182
2026-05-12,223,227.65,221.64565,224.26,224.26,8632470
2026-05-13,225.82,230.797,225.4382,230.42,230.42,7464490
2026-05-14,231,231.76,229.16,230.8,230.8,6974439
2026-05-15,230.77,232.135,226.44,226.71,226.71,12166950
2026-05-18,226.71,229.7,225.86,228.92,228.92,10141610
2026-05-19,228.935,230.85,228.04,230,230,9677943
2026-05-20,231.69,232,229.17,229.32,229.32,7353781
2026-05-21,229.315,231.89,227.35,231.73,231.73,5239027
2026-05-22,233,235.495,232.72,234.34,234.34,5464729
2026-05-26,233,233.24,229.08,230.18,230.18,6623641
2026-05-27,229.98,232.89,229.0205,231.29,231.29,5836343
2026-05-28,230.03,231.87,229.73,230.8,230.8,7194961
2026-05-29,231.23,231.5,224.585,225.33,225.33,13901493
2026-06-01,223.2,224.44,220.84,223.51,223.51,8040997
2026-06-02,222.58,225.5,221.17,222.89,222.89,5668958
2026-06-03,222.45,224.93,222,223.59,223.59,6507165
2026-06-04,227.09,228.67,225.9,228.17,228.17,7274807
2026-06-05,230,235.215,229,232.77,232.77,8034922
2026-06-08,232.77,234.95,230.5601,232.16,232.16,7559782
2026-06-09,232.38,237.71,230.41,237,237,8354459
2026-06-10,238.85,240.93,237.05,238.49,238.49,8350790
2026-06-11,240,241.6,238.14,238.33,238.33,7398981
2026-06-12,240,240.91,237.52,240.87,240.87,6459438
2026-06-15,239,239.5,233.5801,235.66,235.66,7731954
2026-06-16,236.37,236.37,231.02,235.18,235.18,7718142
2026-06-17,234.03,235.4299,230.7,234.2,234.2,8548042
2026-06-18,231.78,232.75,227.6,228.39,228.39,18989761
2026-06-22,228.95,231.45,227.5,231.29,231.29,8518348
2026-06-23,235.64,239.8,234.35,239.08,239.08,11802001
2026-06-24,239.89,243.04,238.75,241,241,8139188
2026-06-25,241.27,248.19,240.885,244.88,244.88,10134552
2026-06-26,248.27,255.11,247.87,254.66,254.66,16316770
2026-06-29,253.895,258.58,252.0254,258.51,258.51,8608378
2026-06-30,259,259.9,253.1701,253.97,253.97,8469520
2026-07-01,253.25,254.2,251.075,253.98,253.98,6516504
2026-07-02,255.78,263.1,254,263.04,263.04,8000738
