Date,Open,High,Low,Close,Adj Close,Volume
1970-01-02,1.15116,1.15116,1.14503,1.15116,1.15116,1898333
1970-01-05,1.15116,1.17625,1.15116,1.17625,1.17625,3041474
1970-01-06,1.17625,1.17625,1.15747,1.17012,1.17012,1991447
1970-01-07,1.17012,1.17012,1.1639,1.1639,1.1639,1484532
1970-01-08,1.1639,1.17625,1.15747,1.1639,1.1639,1737983
1970-01-09,1.1639,1.17012,1.1639,1.17012,1.17012,1732813
1970-01-12,1.17012,1.17625,1.1639,1.1639,1.1639,1443144
1970-01-13,1.1639,1.17012,1.15747,1.15747,1.15747,2017301
1970-01-14,1.15747,1.15747,1.15116,1.15747,1.15747,2146616
1970-01-15,1.15747,1.15747,1.14503,1.14503,1.14503,1950065
1970-01-16,1.14503,1.15116,1.14503,1.15116,1.15116,1779361
1970-01-19,1.15116,1.15116,1.14503,1.15116,1.15116,1132794
1970-01-20,1.15116,1.15747,1.14503,1.14503,1.14503,2006959
1970-01-21,1.14503,1.15116,1.14503,1.14503,1.14503,1360388
1970-01-22,1.14503,1.14503,1.13899,1.13899,1.13899,2234549
1970-01-23,1.13899,1.13899,1.12003,1.12003,1.12003,3036301
1970-01-26,1.12003,1.12626,1.12003,1.12626,1.12626,1686260
1970-01-27,1.12003,1.12003,1.10788,1.12003,1.12003,3320789
1970-01-28,1.12003,1.12003,1.08278,1.08278,1.08278,2405247
1970-01-29,1.07024,1.07024,1.05799,1.05799,1.05799,2503526
1970-01-30,1.05799,1.05799,1.04554,1.05167,1.05167,3512178
1970-02-02,1.05167,1.05167,1.04554,1.04554,1.04554,4453589
1970-02-03,1.04554,1.07024,1.03931,1.06421,1.06421,4158748
1970-02-04,1.06421,1.06421,1.05799,1.06421,1.06421,3238033
1970-02-05,1.06421,1.06421,1.05799,1.05799,1.05799,2710429
1970-02-06,1.04554,1.04554,1.03309,1.03309,1.03309,2643183
1970-02-09,1.03309,1.03931,1.02676,1.02676,1.02676,2260416
1970-02-10,1.02676,1.02676,0.983401,0.98962,0.98962,4489796
1970-02-11,0.98962,0.995655,0.97698,0.995655,0.995655,3744946
1970-02-12,0.995655,0.995655,0.958406,0.970756,0.970756,4220820
1970-02-13,0.970756,0.97698,0.958406,0.970756,0.970756,3848392
1970-02-16,0.946054,0.946054,0.933606,0.939636,0.939636,5653626
1970-02-17,0.939636,0.939636,0.927188,0.933606,0.933606,4976014
1970-02-18,0.946054,0.98962,0.946054,0.983401,0.983401,7174362
1970-02-19,0.995655,1.01424,0.995655,0.995655,0.995655,5457062
1970-02-20,0.995655,1.02676,0.98962,1.02676,1.02676,7241616
1970-02-24,1.02676,1.05799,1.02054,1.02054,1.02054,6062259
1970-02-25,1.02054,1.03931,0.98962,1.03931,1.03931,7712309
1970-02-26,1.02676,1.02676,1.00216,1.00839,1.00839,5989841
1970-02-27,1.00839,1.02054,1.00839,1.00839,1.00839,6688141
1970-03-02,1.00839,1.02054,0.995655,0.995655,0.995655,8255433
1970-03-03,0.995655,1.00216,0.983401,0.98962,0.98962,8327848
1970-03-04,0.98962,1.00216,0.98962,0.995655,0.995655,7820933
1970-03-05,0.995655,1.01424,0.995655,1.00839,1.00839,7939907
1970-03-06,1.00216,1.00216,0.98962,0.995655,0.995655,7727826
1970-03-09,0.995655,0.995655,0.983401,0.983401,0.983401,12445219
1970-03-10,0.983401,1.00839,0.97698,1.00216,1.00216,9502019
1970-03-11,1.01424,1.02676,1.01424,1.02054,1.02054,5881221
1970-03-12,1.02054,1.02054,1.00839,1.01424,1.01424,4593247
1970-03-13,1.01424,1.01424,1.00839,1.01424,1.01424,4174271
1970-03-16,1.01424,1.01424,1.00216,1.01424,1.01424,3279411
1970-03-17,1.01424,1.01424,1.00839,1.01424,1.01424,2456971
1970-03-18,1.01424,1.03931,1.01424,1.02676,1.02676,3165616
1970-03-19,1.02676,1.03309,1.02054,1.02676,1.02676,3077688
1970-03-20,1.02676,1.02676,1.02054,1.02676,1.02676,2032821
1970-03-23,1.02676,1.03309,1.02054,1.02676,1.02676,1505219
1970-03-24,1.02676,1.04554,1.02676,1.04554,1.04554,1536253
1970-03-25,1.04554,1.07024,1.04554,1.06421,1.06421,4396688
1970-03-26,1.06421,1.07024,1.06421,1.07024,1.07024,3124238
1970-03-30,1.07024,1.07657,1.06421,1.07657,1.07657,2462145
1970-03-31,1.07024,1.07024,1.06421,1.06421,1.06421,2793192
1970-04-01,1.07024,1.07024,1.07024,1.07024,1.07024,1887987
1970-04-02,1.07024,1.07657,1.06421,1.07024,1.07024,2689741
1970-04-03,1.07024,1.07657,1.06421,1.07657,1.07657,1970751
1970-04-06,1.07024,1.07024,1.06421,1.07024,1.07024,1779361
1970-04-07,1.07024,1.07024,1.04554,1.04554,1.04554,3584594
1970-04-08,1.04554,1.05167,1.03309,1.04554,1.04554,1458670
1970-04-09,1.04554,1.05799,1.04554,1.05167,1.05167,1448321
1970-04-10,1.05167,1.05167,1.04554,1.04554,1.04554,1525914
1970-04-13,1.04554,1.04554,1.03931,1.03931,1.03931,1748335
1970-04-14,1.03931,1.04554,1.02676,1.03931,1.03931,1898333
1970-04-15,1.03931,1.04554,1.03931,1.04554,1.04554,1210390
1970-04-16,1.04554,1.04554,1.02676,1.02676,1.02676,2550086
1970-04-17,1.02676,1.02676,1.00839,1.00839,1.00839,4138061
1970-04-20,1.00839,1.00839,0.995655,1.00216,1.00216,1831098
1970-04-21,1.00839,1.01424,1.00839,1.00839,1.00839,1800059
1970-04-22,1.00839,1.02054,1.00839,1.01424,1.01424,1960409
1970-04-23,1.01424,1.01424,1.00839,1.01424,1.01424,1665569
1970-04-24,1.01424,1.01424,1.00216,1.01424,1.01424,2032821
1970-04-27,1.01424,1.02676,1.00216,1.00216,1.00216,2963889
1970-04-28,1.00216,1.00839,0.98962,0.995655,0.995655,2379381
1970-04-29,0.995655,1.01424,0.995655,1.00839,1.00839,3212169
1970-04-30,1.00839,1.00839,0.995655,0.995655,0.995655,3098373
1970-05-01,0.995655,1.00839,0.995655,1.00839,1.00839,1458670
1970-05-04,1.00839,1.00839,0.98962,1.00216,1.00216,1272454
1970-05-05,1.00216,1.00216,0.98962,1.00216,1.00216,2353522
1970-05-06,1.00216,1.01424,0.995655,1.01424,1.01424,3853571
1970-05-07,1.00839,1.00839,0.995655,0.995655,0.995655,1887987
1970-05-08,0.995655,0.995655,0.98962,0.98962,0.98962,2400072
1970-05-11,0.98962,0.98962,0.97698,0.983401,0.983401,1743158
1970-05-12,0.97698,0.97698,0.970756,0.97698,0.97698,3801844
1970-05-13,0.970756,0.970756,0.958406,0.958406,0.958406,2539733
1970-05-14,0.958406,0.970756,0.958406,0.964435,0.964435,2606972
1970-05-15,0.964435,1.00216,0.964435,0.995655,0.995655,3491487
1970-05-18,0.995655,1.00839,0.98962,1.00839,1.00839,2053514
1970-05-19,1.00216,1.00216,0.983401,0.983401,0.983401,3357003
1970-05-20,0.983401,0.98962,0.97698,0.983401,0.983401,1981099
1970-05-21,0.97698,0.97698,0.970756,0.97698,0.97698,2669054
1970-05-22,0.97698,0.98962,0.970756,0.97698,0.97698,2400072
1970-05-25,0.97698,0.97698,0.951987,0.951987,0.951987,2663873
1970-05-26,0.951987,0.970756,0.951987,0.958406,0.958406,3434589
1970-05-27,0.958406,0.995655,0.958406,0.98962,0.98962,3755291
1970-05-28,0.995655,1.02676,0.995655,1.02676,1.02676,6227783
1970-05-29,1.02676,1.05799,1.01424,1.05799,1.05799,3253551
1970-06-01,1.05799,1.05799,1.03309,1.05799,1.05799,2948367
1970-06-02,1.05799,1.06421,1.03309,1.05799,1.05799,3522521
1970-06-03,1.05799,1.05799,1.04554,1.05799,1.05799,2938018
1970-06-04,1.05799,1.05799,1.03309,1.03309,1.03309,3279411
1970-06-05,1.02676,1.02676,1.00839,1.01424,1.01424,2736295
1970-06-08,1.01424,1.02676,1.00839,1.01424,1.01424,3129408
1970-06-09,1.01424,1.02054,1.01424,1.01424,1.01424,1194867
1970-06-10,1.01424,1.01424,1.00839,1.00839,1.00839,2420763
1970-06-11,1.00839,1.01424,1.00216,1.00839,1.00839,1986270
1970-06-12,1.00839,1.01424,1.00216,1.01424,1.01424,1112104
1970-06-15,1.01424,1.03309,1.00839,1.01424,1.01424,1634531
1970-06-16,1.01424,1.04554,1.01424,1.03931,1.03931,1893161
1970-06-17,1.03931,1.05167,1.03309,1.03931,1.03931,1531078
1970-06-18,1.03931,1.06421,1.03309,1.05167,1.05167,1608672
1970-06-19,1.05167,1.07657,1.05167,1.07024,1.07024,2322483
1970-06-22,1.07024,1.07024,1.05167,1.06421,1.06421,2213862
1970-06-23,1.06421,1.07024,1.05167,1.05167,1.05167,2912161
1970-06-24,1.05167,1.05167,1.03931,1.03931,1.03931,3429419
1970-06-25,1.03931,1.05167,1.03931,1.04554,1.04554,1960409
1970-06-26,1.04554,1.04554,1.02676,1.02676,1.02676,1737983
1970-06-29,1.02676,1.03309,1.01424,1.02054,1.02054,1975920
1970-06-30,1.02054,1.02676,1.01424,1.02054,1.02054,1613840
1970-07-01,1.02054,1.03309,1.00839,1.01424,1.01424,2151790
1970-07-02,1.01424,1.02676,1.01424,1.02054,1.02054,1505219
1970-07-06,1.01424,1.01424,0.98962,0.995655,0.995655,3036301
1970-07-07,0.995655,1.00216,0.983401,0.995655,0.995655,2958707
1970-07-08,0.995655,1.01424,0.98962,1.01424,1.01424,1825917
1970-07-09,1.01424,1.03309,1.01424,1.02054,1.02054,3439765
1970-07-10,1.02054,1.04554,1.02054,1.04554,1.04554,2550086
1970-07-13,1.04554,1.06421,1.04554,1.05167,1.05167,1401768
1970-07-14,1.05167,1.05167,1.04554,1.04554,1.04554,1644880
1970-07-15,1.04554,1.05799,1.03931,1.05799,1.05799,1489703
1970-07-16,1.05799,1.09533,1.05799,1.09533,1.09533,4789804
1970-07-17,1.10146,1.12626,1.10146,1.10788,1.10788,4407038
1970-07-20,1.10788,1.12003,1.10146,1.11381,1.11381,3719076
1970-07-21,1.11381,1.11381,1.10146,1.10788,1.10788,2032821
1970-07-22,1.10146,1.10146,1.07657,1.0891,1.0891,5715695
1970-07-23,1.0891,1.11381,1.0891,1.11381,1.11381,2958707
1970-07-24,1.11381,1.11381,1.10788,1.11381,1.11381,1737983
1970-07-27,1.11381,1.12003,1.11381,1.12003,1.12003,2069034
1970-07-28,1.12003,1.12003,1.11381,1.11381,1.11381,1603498
1970-07-29,1.11381,1.12003,1.10788,1.12003,1.12003,2544909
1970-07-30,1.12003,1.14503,1.12003,1.13899,1.13899,2850089
1970-07-31,1.13899,1.15747,1.13899,1.15116,1.15116,6388131
1970-08-03,1.15116,1.15116,1.12626,1.13258,1.13258,2141443
1970-08-04,1.13258,1.13258,1.12003,1.12626,1.12626,2756979
1970-08-05,1.13258,1.15116,1.13258,1.15116,1.15116,2751806
1970-08-06,1.15116,1.15747,1.13899,1.15116,1.15116,4169100
1970-08-07,1.15747,1.19492,1.15747,1.19492,1.19492,5296720
1970-08-10,1.1887,1.1887,1.15747,1.1639,1.1639,3538041
1970-08-11,1.15747,1.15747,1.14503,1.15747,1.15747,2539733
1970-08-12,1.15747,1.17012,1.15747,1.1639,1.1639,2384558
1970-08-13,1.1639,1.1639,1.14503,1.14503,1.14503,4572558
1970-08-14,1.14503,1.1639,1.14503,1.15747,1.15747,4634626
1970-08-17,1.15747,1.1639,1.15747,1.1639,1.1639,1241420
1970-08-18,1.1639,1.1887,1.1639,1.1887,1.1887,2519044
1970-08-19,1.1887,1.22604,1.1887,1.22604,1.22604,7965765
1970-08-20,1.22604,1.22604,1.20115,1.21349,1.21349,3657008
1970-08-21,1.21953,1.23839,1.21953,1.23839,1.23839,6160542
1970-08-24,1.23839,1.26319,1.23236,1.24451,1.24451,6858836
1970-08-25,1.24451,1.24451,1.21953,1.23839,1.23839,4593247
1970-08-26,1.23839,1.23839,1.22604,1.23236,1.23236,4919116
1970-08-27,1.23236,1.23236,1.21953,1.22604,1.22604,4179442
1970-08-28,1.22604,1.23839,1.22604,1.23236,1.23236,2141443
1970-08-31,1.23236,1.23236,1.21349,1.22604,1.22604,1743158
1970-09-01,1.22604,1.22604,1.21349,1.21349,1.21349,1820752
1970-09-02,1.21349,1.21349,1.20115,1.20115,1.20115,2689741
1970-09-03,1.20727,1.21953,1.20727,1.21953,1.21953,2731120
1970-09-04,1.21953,1.25074,1.21953,1.24451,1.24451,3320789
1970-09-08,1.24451,1.24451,1.21953,1.21953,1.21953,3615627
1970-09-09,1.21953,1.21953,1.18237,1.21349,1.21349,3357003
1970-09-10,1.21349,1.21953,1.20727,1.21349,1.21349,1908680
1970-09-11,1.21349,1.21953,1.20115,1.20727,1.20727,2844916
1970-09-14,1.20727,1.21953,1.19492,1.20727,1.20727,2917332
1970-09-15,1.20727,1.21349,1.1887,1.1887,1.1887,1820752
1970-09-16,1.1887,1.20115,1.18237,1.20115,1.20115,1587976
1970-09-17,1.20727,1.22604,1.20727,1.21953,1.21953,2105241
1970-09-18,1.21953,1.22604,1.20727,1.20727,1.20727,2115581
1970-09-21,1.20727,1.21349,1.18237,1.18237,1.18237,3155268
1970-09-22,1.18237,1.18237,1.1639,1.17625,1.17625,3693216
1970-09-23,1.18237,1.22604,1.18237,1.21349,1.21349,4386343
1970-09-24,1.21349,1.23236,1.21349,1.22604,1.22604,3398380
1970-09-25,1.22604,1.23236,1.21953,1.22604,1.22604,3362173
1970-09-28,1.22604,1.23839,1.22604,1.23839,1.23839,1986270
1970-09-29,1.23839,1.24451,1.22604,1.24451,1.24451,3625975
1970-09-30,1.24451,1.25716,1.23839,1.24451,1.24451,2219036
1970-10-01,1.24451,1.25074,1.23839,1.23839,1.23839,2001789
1970-10-02,1.23839,1.26319,1.23839,1.26319,1.26319,2891466
1970-10-05,1.26319,1.2945,1.26319,1.28828,1.28828,3998399
1970-10-06,1.28828,1.30715,1.28828,1.30715,1.30715,4634626
1970-10-07,1.30715,1.30715,1.28828,1.30715,1.30715,2901816
1970-10-08,1.30715,1.31298,1.2945,1.2945,1.2945,3729425
1970-10-09,1.28828,1.28828,1.25716,1.25716,1.25716,2674221
1970-10-12,1.25074,1.25074,1.23236,1.24451,1.24451,1732813
1970-10-13,1.24451,1.24451,1.22604,1.23839,1.23839,1541427
1970-10-14,1.23839,1.25716,1.23839,1.25716,1.25716,1520734
1970-10-15,1.26319,1.2945,1.26319,1.28828,1.28828,3724252
1970-10-16,1.28828,1.30083,1.28215,1.30083,1.30083,4112192
1970-10-19,1.30083,1.30083,1.2697,1.2697,1.2697,3020782
1970-10-20,1.2697,1.28215,1.26319,1.27593,1.27593,1841438
1970-10-21,1.27593,1.2945,1.27593,1.28215,1.28215,1846610
1970-10-22,1.28215,1.28215,1.27593,1.28215,1.28215,1334522
1970-10-23,1.28828,1.30083,1.28828,1.30083,1.30083,2219036
1970-10-26,1.30083,1.30083,1.28828,1.28828,1.28828,1996613
1970-10-27,1.28828,1.2945,1.27593,1.2945,1.2945,2177654
1970-10-28,1.2945,1.2945,1.28828,1.2945,1.2945,2415594
1970-10-29,1.2945,1.30083,1.2945,1.30083,1.30083,1950065
1970-10-30,1.30083,1.30083,1.28828,1.2945,1.2945,3832875
1970-11-02,1.2945,1.2945,1.28828,1.2945,1.2945,1970751
1970-11-03,1.2945,1.30083,1.2945,1.30083,1.30083,3015609
1970-11-04,1.30083,1.31298,1.2945,1.30715,1.30715,4122539
1970-11-05,1.30715,1.30715,1.28828,1.28828,1.28828,2037995
1970-11-06,1.28828,1.28828,1.27593,1.28215,1.28215,2498351
1970-11-09,1.28215,1.2945,1.27593,1.28215,1.28215,3388036
1970-11-10,1.28215,1.28215,1.27593,1.27593,1.27593,2943191
1970-11-11,1.28215,1.2945,1.28215,1.28828,1.28828,2198343
1970-11-12,1.28215,1.2945,1.28215,1.28215,1.28215,1944890
1970-11-13,1.28215,1.28215,1.26319,1.2697,1.2697,2875950
1970-11-17,1.24451,1.25074,1.24451,1.24451,1.24451,1675911
1970-11-18,1.24451,1.25716,1.23839,1.24451,1.24451,2922503
1970-11-19,1.25074,1.27593,1.25074,1.26319,1.26319,2037995
1970-11-20,1.26319,1.28828,1.25716,1.28215,1.28215,2575941
1970-11-23,1.28828,1.30083,1.28828,1.30083,1.30083,2400072
1970-11-24,1.30083,1.32543,1.30083,1.3193,1.3193,4862218
1970-11-25,1.32543,1.33807,1.32543,1.33176,1.33176,2974234
1970-11-27,1.33176,1.33807,1.3193,1.33807,1.33807,2767327
1970-11-30,1.33807,1.35636,1.33807,1.35032,1.35032,2891466
1970-12-01,1.35032,1.35636,1.33176,1.33807,1.33807,6284682
1970-12-02,1.33807,1.35032,1.30715,1.33807,1.33807,7391611
1970-12-03,1.33807,1.35032,1.33176,1.33807,1.33807,4650146
1970-12-04,1.33807,1.35636,1.33176,1.35636,1.35636,2932849
1970-12-07,1.35636,1.35636,1.34449,1.35032,1.35032,2674221
1970-12-08,1.35032,1.35032,1.33807,1.35032,1.35032,2363872
1970-12-09,1.34449,1.34449,1.32543,1.33176,1.33176,2519044
1970-12-10,1.33176,1.35032,1.33176,1.35032,1.35032,2462145
1970-12-11,1.35032,1.35032,1.34449,1.34449,1.34449,2498351
1970-12-14,1.34449,1.35032,1.33176,1.33807,1.33807,1515564
1970-12-15,1.33807,1.33807,1.30715,1.30715,1.30715,4991536
1970-12-16,1.30083,1.30083,1.25716,1.30083,1.30083,9703751
1970-12-17,1.30083,1.3193,1.30083,1.3193,1.3193,2710429
1970-12-18,1.3193,1.33807,1.31298,1.33176,1.33176,2513868
1970-12-21,1.33176,1.33807,1.32543,1.33176,1.33176,2058687
1970-12-22,1.33176,1.33807,1.32543,1.32543,1.32543,2824229
1970-12-23,1.32543,1.33176,1.3193,1.3193,1.3193,3605283
1970-12-24,1.3193,1.32543,1.31298,1.3193,1.3193,1872469
1970-12-28,1.3193,1.33176,1.3193,1.33176,1.33176,1494871
1970-12-29,1.33176,1.35032,1.32543,1.35032,1.35032,3791501
1970-12-30,1.35032,1.35636,1.35032,1.35636,1.35636,3357003
1970-12-31,1.35636,1.36919,1.35032,1.36919,1.36919,2358692
1971-01-04,1.36919,1.36919,1.34449,1.35032,1.35032,2120751
1971-01-05,1.35032,1.35636,1.34449,1.35032,1.35032,1919025
1971-01-06,1.35032,1.35636,1.33807,1.34449,1.34449,2793192
1971-01-07,1.34449,1.35032,1.33807,1.33807,1.33807,1934544
1971-01-08,1.33807,1.33807,1.3193,1.3193,1.3193,2131100
1971-01-11,1.30715,1.30715,1.27593,1.30083,1.30083,8426124
1971-01-12,1.30083,1.30715,1.28828,1.2945,1.2945,4350140
1971-01-13,1.28828,1.28828,1.25716,1.26319,1.26319,5927766
1971-01-14,1.26319,1.2697,1.24451,1.2697,1.2697,8638198
1971-01-15,1.2697,1.2697,1.25716,1.25716,1.25716,4225993
1971-01-18,1.25716,1.2697,1.25716,1.26319,1.26319,4184616
1971-01-19,1.26319,1.27593,1.26319,1.27593,1.27593,3548384
1971-01-20,1.27593,1.28828,1.27593,1.28215,1.28215,4272548
1971-01-21,1.28215,1.2945,1.27593,1.2945,1.2945,3025959
1971-01-22,1.2945,1.30715,1.2945,1.30715,1.30715,3475972
1971-01-25,1.30715,1.30715,1.2945,1.30083,1.30083,4650146
1971-01-26,1.30083,1.30715,1.2945,1.30083,1.30083,5426035
1971-01-27,1.30083,1.30715,1.2945,1.2945,1.2945,2803535
1971-01-28,1.2945,1.30083,1.28215,1.2945,1.2945,2384558
1971-01-29,1.30083,1.3193,1.30083,1.31298,1.31298,4717396
1971-02-01,1.3193,1.33807,1.3193,1.33807,1.33807,2839745
1971-02-02,1.33807,1.33807,1.3193,1.32543,1.32543,3134584
1971-02-03,1.32543,1.32543,1.31298,1.3193,1.3193,4810494
1971-02-04,1.31298,1.31298,1.30083,1.30715,1.30715,3144930
1971-02-05,1.30715,1.32543,1.30715,1.3193,1.3193,2291451
1971-02-08,1.3193,1.32543,1.31298,1.3193,1.3193,2270757
1971-02-09,1.3193,1.34449,1.3193,1.33807,1.33807,6331232
1971-02-10,1.33807,1.35032,1.33176,1.35032,1.35032,3393207
1971-02-11,1.35032,1.35032,1.33807,1.33807,1.33807,3388036
1971-02-12,1.33807,1.35032,1.33807,1.34449,1.34449,4277721
1971-02-16,1.35636,1.38797,1.35636,1.38797,1.38797,7738167
1971-02-17,1.38797,1.39428,1.37542,1.39428,1.39428,3879431
1971-02-18,1.39428,1.39428,1.38797,1.39428,1.39428,2663873
1971-02-19,1.39428,1.39428,1.38164,1.38797,1.38797,2586288
1971-02-22,1.38797,1.38797,1.37542,1.38164,1.38164,2855262
1971-02-23,1.38164,1.38797,1.37542,1.38797,1.38797,2974234
1971-02-24,1.38797,1.38797,1.38164,1.38797,1.38797,3713907
1971-02-25,1.38797,1.41869,1.38797,1.41276,1.41276,3977713
1971-02-26,1.41276,1.41276,1.36919,1.40031,1.40031,4898430
1971-03-01,1.39428,1.39428,1.38797,1.38797,1.38797,2482834
1971-03-02,1.38797,1.40031,1.38797,1.39428,1.39428,2596630
1971-03-03,1.39428,1.41276,1.39428,1.40654,1.40654,2415594
1971-03-04,1.40654,1.45644,1.40654,1.45021,1.45021,3951847
1971-03-05,1.45021,1.46246,1.45021,1.45644,1.45644,3998399
1971-03-08,1.45644,1.45644,1.45021,1.45021,1.45021,1825917
1971-03-09,1.45021,1.45021,1.42541,1.43153,1.43153,3403551
1971-03-10,1.41276,1.41276,1.40031,1.41276,1.41276,4438071
1971-03-11,1.41276,1.42541,1.40654,1.41869,1.41869,3082851
1971-03-12,1.41869,1.42541,1.41276,1.42541,1.42541,1406936
1971-03-15,1.42541,1.44359,1.41276,1.44359,1.44359,1789711
1971-03-16,1.44359,1.46246,1.43756,1.45021,1.45021,3925983
1971-03-17,1.45021,1.45644,1.41869,1.45021,1.45021,4976014
1971-03-18,1.45021,1.45021,1.43756,1.43756,1.43756,2094893
1971-03-19,1.43756,1.44359,1.42541,1.43153,1.43153,1898333
1971-03-22,1.43153,1.43756,1.42541,1.43153,1.43153,2187999
1971-03-23,1.43153,1.45021,1.43153,1.44359,1.44359,2208689
1971-03-24,1.44359,1.44359,1.43153,1.44359,1.44359,1344868
1971-03-25,1.43756,1.43756,1.42541,1.43153,1.43153,4293234
1971-03-26,1.43153,1.45021,1.43153,1.44359,1.44359,1412113
1971-03-29,1.44359,1.45644,1.44359,1.45021,1.45021,3196656
1971-03-30,1.45021,1.46869,1.45021,1.46869,1.46869,3558734
1971-03-31,1.46869,1.48735,1.46869,1.48735,1.48735,3382869
1971-04-01,1.48735,1.48735,1.47481,1.48151,1.48151,3015609
1971-04-02,1.48151,1.48735,1.47481,1.47481,1.47481,2322483
1971-04-05,1.48151,1.4997,1.48151,1.49358,1.49358,3760464
1971-04-06,1.49358,1.51235,1.49358,1.50593,1.50593,3910465
1971-04-07,1.50593,1.51235,1.4997,1.4997,1.4997,3088031
1971-04-08,1.4997,1.51235,1.4997,1.51235,1.51235,2182828
1971-04-12,1.51235,1.5247,1.51235,1.5247,1.5247,2855262
1971-04-13,1.5247,1.53083,1.5247,1.5247,1.5247,3175961
1971-04-14,1.5247,1.53083,1.50593,1.51235,1.51235,3605283
1971-04-15,1.51235,1.5247,1.51235,1.5247,1.5247,2006959
1971-04-16,1.5247,1.5247,1.50593,1.51235,1.51235,1686260
1971-04-19,1.51235,1.51848,1.51235,1.51235,1.51235,1437976
1971-04-20,1.51235,1.51848,1.4997,1.4997,1.4997,2565594
1971-04-21,1.49358,1.49358,1.48151,1.49358,1.49358,2234549
1971-04-22,1.49358,1.4997,1.48735,1.4997,1.4997,2694913
1971-04-23,1.4997,1.51235,1.48735,1.50593,1.50593,2669054
1971-04-26,1.50593,1.51848,1.50593,1.50593,1.50593,3915644
1971-04-27,1.50593,1.50593,1.48735,1.49358,1.49358,12502116
1971-04-28,1.49358,1.4997,1.48735,1.4997,1.4997,2384558
1971-04-29,1.4997,1.4997,1.49358,1.49358,1.49358,2731120
1971-04-30,1.49358,1.49358,1.48151,1.48151,1.48151,1794885
1971-05-03,1.47481,1.47481,1.45021,1.46246,1.46246,2275933
1971-05-04,1.46246,1.46246,1.45644,1.45644,1.45644,2369039
1971-05-05,1.45644,1.45644,1.44359,1.45644,1.45644,3486315
1971-05-06,1.45644,1.45644,1.44359,1.45021,1.45021,4132889
1971-05-07,1.45021,1.46246,1.45021,1.46246,1.46246,2694913
1971-05-10,1.45644,1.45644,1.45021,1.45644,1.45644,2312137
1971-05-11,1.45644,1.46246,1.45021,1.45644,1.45644,3848392
1971-05-12,1.45644,1.46869,1.45644,1.46869,1.46869,2638017
1971-05-13,1.46869,1.46869,1.46246,1.46246,1.46246,2498351
1971-05-14,1.46246,1.46246,1.45644,1.46246,1.46246,1541427
1971-05-17,1.45644,1.45644,1.45021,1.45021,1.45021,1939714
1971-05-18,1.45021,1.45644,1.44359,1.45021,1.45021,1996613
1971-05-19,1.45021,1.45021,1.45021,1.45021,1.45021,1039691
1971-05-20,1.45021,1.46246,1.44359,1.44359,1.44359,2524220
1971-05-21,1.44359,1.44359,1.43153,1.43756,1.43756,3331140
1971-05-24,1.43756,1.43756,1.42541,1.42541,1.42541,2477669
1971-05-25,1.42541,1.42541,1.41276,1.41869,1.41869,2694913
1971-05-26,1.41869,1.41869,1.40031,1.40654,1.40654,3051818
1971-05-27,1.40031,1.40031,1.38797,1.39428,1.39428,2172481
1971-05-28,1.39428,1.41276,1.38797,1.41276,1.41276,1634531
1971-06-01,1.41276,1.41869,1.40654,1.41276,1.41276,1706946
1971-06-02,1.41276,1.43153,1.41276,1.43153,1.43153,1981099
1971-06-03,1.43153,1.45021,1.43153,1.45021,1.45021,2467319
1971-06-04,1.45021,1.45021,1.43153,1.43153,1.43153,2079370
1971-06-07,1.43756,1.44359,1.43756,1.43756,1.43756,1531078
1971-06-08,1.43756,1.44359,1.43153,1.43153,1.43153,1469016
1971-06-09,1.43153,1.44359,1.43153,1.44359,1.44359,1453493
1971-06-10,1.44359,1.46246,1.44359,1.46246,1.46246,1939714
1971-06-11,1.45644,1.45644,1.44359,1.45021,1.45021,1717293
1971-06-14,1.45021,1.45021,1.43756,1.45021,1.45021,1339696
1971-06-15,1.45021,1.45644,1.43153,1.45021,1.45021,2844916
1971-06-16,1.45021,1.46246,1.45021,1.45644,1.45644,1846610
1971-06-17,1.45644,1.45644,1.45021,1.45021,1.45021,4143231
1971-06-18,1.44359,1.44359,1.41869,1.41869,1.41869,5710524
1971-06-21,1.41276,1.41276,1.39428,1.39428,1.39428,4112192
1971-06-22,1.39428,1.40031,1.38797,1.38797,1.38797,2860432
1971-06-23,1.38797,1.39428,1.38164,1.38797,1.38797,2312137
1971-06-24,1.38797,1.38797,1.38164,1.38797,1.38797,1887987
1971-06-25,1.38797,1.39428,1.38797,1.39428,1.39428,1882820
1971-06-28,1.38797,1.38797,1.38164,1.38797,1.38797,1862122
1971-06-29,1.38797,1.40031,1.38797,1.39428,1.39428,3548384
1971-06-30,1.40031,1.41276,1.40031,1.40654,1.40654,1655225
1971-07-01,1.40654,1.41276,1.40031,1.41276,1.41276,2244897
1971-07-02,1.41276,1.41869,1.40654,1.41869,1.41869,1981099
1971-07-06,1.41869,1.41869,1.40654,1.41276,1.41276,1474185
1971-07-07,1.41276,1.43153,1.41276,1.42541,1.42541,1701777
1971-07-08,1.42541,1.46869,1.42541,1.46246,1.46246,1593150
1971-07-09,1.46246,1.47481,1.46246,1.46246,1.46246,1903507
1971-07-12,1.46246,1.48151,1.46246,1.47481,1.47481,2839745
1971-07-13,1.47481,1.47481,1.45021,1.45021,1.45021,1629359
1971-07-14,1.45021,1.45644,1.44359,1.45644,1.45644,2643183
1971-07-15,1.46246,1.47481,1.46246,1.46246,1.46246,1479354
1971-07-16,1.46246,1.46869,1.45021,1.45644,1.45644,2875950
1971-07-19,1.45644,1.45644,1.44359,1.45644,1.45644,1515564
1971-07-20,1.45644,1.46246,1.45644,1.46246,1.46246,2332832
1971-07-21,1.46246,1.46869,1.46246,1.46869,1.46869,2519044
1971-07-22,1.46869,1.47481,1.46246,1.46869,1.46869,2762155
1971-07-23,1.46869,1.48151,1.46869,1.47481,1.47481,2006959
1971-07-26,1.47481,1.48151,1.46869,1.46869,1.46869,1862122
1971-07-27,1.46869,1.46869,1.45644,1.45644,1.45644,1039691
1971-07-28,1.45644,1.45644,1.43756,1.43756,1.43756,1355214
1971-07-29,1.43153,1.43153,1.41276,1.42541,1.42541,1748335
1971-07-30,1.42541,1.42541,1.41276,1.42541,1.42541,1520734
1971-08-02,1.43153,1.44359,1.43153,1.43153,1.43153,1531078
1971-08-03,1.42541,1.42541,1.40031,1.40654,1.40654,2446628
1971-08-04,1.40654,1.41276,1.38797,1.39428,1.39428,2125928
1971-08-05,1.39428,1.39428,1.37542,1.38164,1.38164,1562118
1971-08-06,1.37542,1.37542,1.36919,1.36919,1.36919,1344868
1971-08-09,1.36919,1.36919,1.35032,1.35636,1.35636,1350045
1971-08-10,1.35636,1.36919,1.35032,1.36317,1.36317,2348346
1971-08-11,1.36919,1.38797,1.36919,1.37542,1.37542,1298316
1971-08-12,1.38164,1.41276,1.38164,1.41276,1.41276,3082851
1971-08-13,1.40654,1.40654,1.36919,1.37542,1.37542,13490079
1971-08-16,1.37542,1.39428,1.30715,1.31298,1.31298,11260701
1971-08-17,1.32543,1.35032,1.32543,1.33176,1.33176,8488196
1971-08-18,1.33176,1.33807,1.31298,1.31298,1.31298,6434679
1971-08-19,1.31298,1.31298,1.2945,1.30715,1.30715,5022566
1971-08-20,1.30715,1.31298,1.30083,1.30083,1.30083,2622485
1971-08-23,1.30083,1.32543,1.30083,1.32543,1.32543,3341485
1971-08-24,1.33176,1.34449,1.33176,1.33807,1.33807,5312237
1971-08-25,1.33807,1.35636,1.33807,1.34449,1.34449,2239724
1971-08-26,1.34449,1.35636,1.33807,1.34449,1.34449,2441457
1971-08-27,1.34449,1.35032,1.3193,1.3193,1.3193,3025959
1971-08-30,1.3193,1.32543,1.31298,1.31298,1.31298,1872469
1971-08-31,1.31298,1.33176,1.31298,1.3193,1.3193,1929367
1971-09-01,1.3193,1.32543,1.3193,1.3193,1.3193,1106928
1971-09-02,1.3193,1.3193,1.30715,1.3193,1.3193,2208689
1971-09-03,1.3193,1.33176,1.3193,1.33176,1.33176,1867300
1971-09-07,1.33176,1.35636,1.33176,1.35636,1.35636,2317314
1971-09-08,1.35636,1.37542,1.35032,1.37542,1.37542,3832875
1971-09-09,1.37542,1.38164,1.36919,1.37542,1.37542,2394905
1971-09-10,1.36919,1.36919,1.35636,1.36919,1.36919,2524220
1971-09-13,1.36919,1.37542,1.36317,1.36317,1.36317,1132794
1971-09-14,1.36317,1.36317,1.34449,1.34449,1.34449,4246679
1971-09-15,1.34449,1.35032,1.33176,1.34449,1.34449,1525914
1971-09-16,1.34449,1.35032,1.33807,1.34449,1.34449,2094893
1971-09-17,1.34449,1.35032,1.33176,1.33807,1.33807,2069034
1971-09-20,1.33807,1.33807,1.33176,1.33176,1.33176,1670738
1971-09-21,1.3193,1.3193,1.31298,1.3193,1.3193,3398380
1971-09-22,1.3193,1.3193,1.2945,1.30083,1.30083,2410421
1971-09-23,1.30083,1.30083,1.2945,1.2945,1.2945,3925983
1971-09-24,1.2945,1.30083,1.28215,1.28215,1.28215,3408732
1971-09-27,1.28215,1.28215,1.25716,1.26319,1.26319,3005264
1971-09-28,1.26319,1.2945,1.26319,1.2945,1.2945,1955232
1971-09-29,1.2945,1.32543,1.2945,1.31298,1.31298,1536253
1971-09-30,1.31298,1.34449,1.31298,1.33807,1.33807,1587976
1971-10-01,1.33807,1.36919,1.33807,1.36317,1.36317,1913854
1971-10-04,1.36317,1.39428,1.36317,1.36317,1.36317,3367346
1971-10-05,1.36317,1.36919,1.35032,1.35636,1.35636,1365559
1971-10-06,1.35636,1.35636,1.33807,1.34449,1.34449,2048342
1971-10-07,1.34449,1.35636,1.33807,1.33807,1.33807,1898333
1971-10-08,1.33176,1.33176,1.31298,1.3193,1.3193,2291451
1971-10-11,1.3193,1.33176,1.31298,1.33176,1.33176,796577
1971-10-12,1.33176,1.33807,1.32543,1.32543,1.32543,2291451
1971-10-13,1.32543,1.33176,1.31298,1.31298,1.31298,2353522
1971-10-14,1.31298,1.31298,1.30083,1.30715,1.30715,1991447
1971-10-15,1.30715,1.3193,1.30715,1.31298,1.31298,3563901
1971-10-18,1.31298,1.3193,1.30715,1.3193,1.3193,1494871
1971-10-19,1.3193,1.33176,1.31298,1.33176,1.33176,2063854
1971-10-20,1.33176,1.33807,1.31298,1.31298,1.31298,2896643
1971-10-21,1.31298,1.31298,1.2945,1.30083,1.30083,4541523
1971-10-22,1.30715,1.33807,1.30715,1.33176,1.33176,2493183
1971-10-25,1.33176,1.33176,1.3193,1.32543,1.32543,1748335
1971-10-26,1.32543,1.33176,1.31298,1.3193,1.3193,2824229
1971-10-27,1.3193,1.3193,1.30715,1.31298,1.31298,2136276
1971-10-28,1.31298,1.31298,1.30715,1.30715,1.30715,3129408
1971-10-29,1.30715,1.31298,1.30083,1.30083,1.30083,4474279
1971-11-01,1.30083,1.30715,1.28215,1.2945,1.2945,1800059
1971-11-02,1.2945,1.31298,1.28828,1.31298,1.31298,2084549
1971-11-03,1.31298,1.33176,1.30715,1.32543,1.32543,3119064
1971-11-04,1.33176,1.33807,1.33176,1.33807,1.33807,2591463
1971-11-05,1.3193,1.3193,1.30715,1.31298,1.31298,1763850
1971-11-08,1.31298,1.31298,1.2945,1.30083,1.30083,1075897
1971-11-09,1.30083,1.30083,1.2945,1.2945,1.2945,1675911
1971-11-10,1.2945,1.30083,1.28215,1.28215,1.28215,1686260
1971-11-11,1.28215,1.28828,1.26319,1.2697,1.2697,3486315
1971-11-12,1.2697,1.27593,1.25074,1.2697,1.2697,3491487
1971-11-15,1.2697,1.27593,1.26319,1.26319,1.26319,1975920
1971-11-16,1.26319,1.27593,1.25716,1.27593,1.27593,2456971
1971-11-17,1.27593,1.27593,1.26319,1.27593,1.27593,2379381
1971-11-18,1.27593,1.2945,1.27593,1.27593,1.27593,2627670
1971-11-19,1.27593,1.2945,1.27593,1.28828,1.28828,2177654
1971-11-22,1.28828,1.2945,1.28215,1.28215,1.28215,2674221
1971-11-23,1.28215,1.28215,1.26319,1.2697,1.2697,8519232
1971-11-24,1.2697,1.27593,1.26319,1.26319,1.26319,1562118
1971-11-26,1.26319,1.27593,1.26319,1.27593,1.27593,3320789
1971-11-29,1.27593,1.2945,1.27593,1.2945,1.2945,3139757
1971-11-30,1.2945,1.2945,1.27593,1.28215,1.28215,8177844
1971-12-01,1.28215,1.2945,1.28215,1.28828,1.28828,5250160
1971-12-02,1.28828,1.30715,1.28828,1.30715,1.30715,4277721
1971-12-03,1.30715,1.33807,1.30083,1.33176,1.33176,2493183
1971-12-06,1.33176,1.34449,1.31298,1.3193,1.3193,2001789
1971-12-07,1.3193,1.3193,1.30715,1.3193,1.3193,2286277
1971-12-08,1.3193,1.3193,1.30715,1.3193,1.3193,2570763
1971-12-09,1.3193,1.32543,1.31298,1.31298,1.31298,2224208
1971-12-10,1.31298,1.32543,1.30715,1.32543,1.32543,4246679
1971-12-13,1.32543,1.33176,1.32543,1.32543,1.32543,2219036
1971-12-14,1.32543,1.34449,1.3193,1.33807,1.33807,2369039
1971-12-15,1.33807,1.36317,1.33807,1.36317,1.36317,2265592
1971-12-16,1.36919,1.39428,1.36919,1.38797,1.38797,3196656
1971-12-17,1.38797,1.38797,1.36317,1.36919,1.36919,2208689
1971-12-20,1.36919,1.38797,1.36919,1.37542,1.37542,3113890
1971-12-21,1.37542,1.37542,1.36317,1.37542,1.37542,2648357
1971-12-22,1.36919,1.36919,1.35032,1.35032,1.35032,3051818
1971-12-23,1.35032,1.35636,1.35032,1.35032,1.35032,1774196
1971-12-27,1.35032,1.36919,1.35032,1.36919,1.36919,2244897
1971-12-28,1.36919,1.37542,1.36919,1.37542,1.37542,1375904
1971-12-29,1.37542,1.38797,1.37542,1.37542,1.37542,2301790
1971-12-30,1.37542,1.38164,1.36919,1.36919,1.36919,1339696
1971-12-31,1.37542,1.37542,1.37542,1.37542,1.37542,1039691
1972-01-03,1.37542,1.37542,1.35636,1.35636,1.35636,1763850
1972-01-04,1.35636,1.38797,1.35636,1.38164,1.38164,2663873
1972-01-05,1.38797,1.41276,1.38797,1.41276,1.41276,3791501
1972-01-06,1.41276,1.43153,1.41276,1.42541,1.42541,3284587
1972-01-07,1.42541,1.42541,1.41869,1.41869,1.41869,2575941
1972-01-10,1.41276,1.41276,1.40031,1.40031,1.40031,2462145
1972-01-11,1.40031,1.40654,1.40031,1.40031,1.40031,1831098
1972-01-12,1.40031,1.40654,1.39428,1.39428,1.39428,3263893
1972-01-13,1.39428,1.40031,1.38797,1.39428,1.39428,2756979
1972-01-14,1.39428,1.40031,1.38797,1.39428,1.39428,2187999
1972-01-17,1.39428,1.40654,1.39428,1.40654,1.40654,1820752
1972-01-18,1.41276,1.42541,1.41276,1.41869,1.41869,2338003
1972-01-19,1.41869,1.43756,1.41276,1.43756,1.43756,3884602
1972-01-20,1.43756,1.45021,1.43153,1.43756,1.43756,2353522
1972-01-21,1.43153,1.43153,1.41276,1.41869,1.41869,2462145
1972-01-24,1.41869,1.42541,1.38164,1.38164,1.38164,5601896
1972-01-25,1.38164,1.39428,1.37542,1.38797,1.38797,3217338
1972-01-26,1.38797,1.39428,1.38164,1.39428,1.39428,2493183
1972-01-27,1.39428,1.41276,1.39428,1.41276,1.41276,1981099
1972-01-28,1.41276,1.41869,1.39428,1.40654,1.40654,2720772
1972-01-31,1.40654,1.41276,1.40031,1.40031,1.40031,1303493
1972-02-01,1.40031,1.40031,1.39428,1.40031,1.40031,1712124
1972-02-02,1.40031,1.41276,1.40031,1.40654,1.40654,2043167
1972-02-03,1.40654,1.42541,1.40654,1.41869,1.41869,2477669
1972-02-04,1.41276,1.41276,1.40654,1.40654,1.40654,1991447
1972-02-07,1.41276,1.41869,1.41276,1.41869,1.41869,3041474
1972-02-08,1.41276,1.41276,1.41276,1.41276,1.41276,2182828
1972-02-09,1.41276,1.41276,1.41276,1.41276,1.41276,1525914
1972-02-10,1.41276,1.42541,1.41276,1.41869,1.41869,1856954
1972-02-11,1.41869,1.42541,1.41276,1.42541,1.42541,1469016
1972-02-14,1.42541,1.43153,1.42541,1.42541,1.42541,1903507
1972-02-15,1.42541,1.43153,1.42541,1.43153,1.43153,1934544
1972-02-16,1.43153,1.44359,1.42541,1.44359,1.44359,3119064
1972-02-17,1.44359,1.44359,1.43153,1.43756,1.43756,2643183
1972-02-18,1.43756,1.43756,1.42541,1.43153,1.43153,2451800
1972-02-22,1.43153,1.43756,1.42541,1.43153,1.43153,1841438
1972-02-23,1.43153,1.43756,1.42541,1.42541,1.42541,2560427
1972-02-24,1.42541,1.43756,1.42541,1.43153,1.43153,2638017
1972-02-25,1.43153,1.45021,1.43153,1.43153,1.43153,2550086
1972-02-28,1.43153,1.43756,1.42541,1.43153,1.43153,2922503
1972-02-29,1.43153,1.43153,1.40031,1.40654,1.40654,4448418
1972-03-01,1.40654,1.41276,1.40031,1.40654,1.40654,3574249
1972-03-02,1.40654,1.40654,1.40031,1.40031,1.40031,1898333
1972-03-03,1.39428,1.39428,1.38164,1.38797,1.38797,5244998
1972-03-06,1.38797,1.39428,1.38797,1.39428,1.39428,2255247
1972-03-07,1.39428,1.40654,1.39428,1.40654,1.40654,5845013
1972-03-08,1.40654,1.43153,1.39428,1.42541,1.42541,3900121
1972-03-09,1.42541,1.44359,1.42541,1.42541,1.42541,2348346
1972-03-10,1.42541,1.42541,1.40654,1.40654,1.40654,4572558
1972-03-13,1.39428,1.39428,1.36919,1.37542,1.37542,6419168
1972-03-14,1.37542,1.40031,1.37542,1.38797,1.38797,4210477
1972-03-15,1.38797,1.39428,1.36919,1.37542,1.37542,3093201
1972-03-16,1.37542,1.38164,1.36919,1.37542,1.37542,3020782
1972-03-17,1.37542,1.38164,1.36919,1.37542,1.37542,2674221
1972-03-20,1.37542,1.37542,1.36919,1.36919,1.36919,3160444
1972-03-21,1.36919,1.36919,1.35636,1.36317,1.36317,2394905
1972-03-22,1.36317,1.36317,1.34449,1.34449,1.34449,2720772
1972-03-23,1.34449,1.36317,1.34449,1.35636,1.35636,5224301
1972-03-24,1.35636,1.35636,1.33176,1.33807,1.33807,4225993
1972-03-27,1.33807,1.33807,1.31298,1.3193,1.3193,2813885
1972-03-28,1.3193,1.32543,1.30083,1.30083,1.30083,9496849
1972-03-29,1.30083,1.30083,1.26319,1.28828,1.28828,6160542
1972-03-30,1.28828,1.31298,1.28215,1.30715,1.30715,3455277
1972-04-03,1.31298,1.33176,1.31298,1.31298,1.31298,2679394
1972-04-04,1.31298,1.33176,1.31298,1.32543,1.32543,2105241
1972-04-05,1.32543,1.33807,1.3193,1.3193,1.3193,2565594
1972-04-06,1.3193,1.32543,1.31298,1.3193,1.3193,3310447
1972-04-07,1.3193,1.3193,1.31298,1.3193,1.3193,3553558
1972-04-10,1.3193,1.3193,1.30715,1.31298,1.31298,2917332
1972-04-11,1.31298,1.33176,1.31298,1.32543,1.32543,3460452
1972-04-12,1.32543,1.33176,1.3193,1.32543,1.32543,2353522
1972-04-13,1.32543,1.32543,1.31298,1.3193,1.3193,3258726
1972-04-14,1.3193,1.33807,1.3193,1.32543,1.32543,2720772
1972-04-17,1.32543,1.33176,1.3193,1.3193,1.3193,4748424
1972-04-18,1.3193,1.3193,1.31298,1.3193,1.3193,2989747
1972-04-19,1.3193,1.3193,1.31298,1.31298,1.31298,1634531
1972-04-20,1.31298,1.31298,1.30715,1.31298,1.31298,2286277
1972-04-21,1.31298,1.32543,1.30715,1.32543,1.32543,2498351
1972-04-24,1.3193,1.3193,1.31298,1.31298,1.31298,2198343
1972-04-25,1.31298,1.31298,1.30715,1.30715,1.30715,2317314
1972-04-26,1.30715,1.31298,1.30083,1.30083,1.30083,2591463
1972-04-27,1.30083,1.30715,1.2945,1.2945,1.2945,1665569
1972-04-28,1.2945,1.30083,1.2945,1.30083,1.30083,2653533
1972-05-01,1.30083,1.30083,1.2945,1.2945,1.2945,1981099
1972-05-02,1.2945,1.31298,1.2945,1.30083,1.30083,2901816
1972-05-03,1.30083,1.32543,1.30083,1.32543,1.32543,2281106
1972-05-04,1.32543,1.33807,1.30715,1.33176,1.33176,1975920
1972-05-05,1.33176,1.33807,1.3193,1.33176,1.33176,1784539
1972-05-08,1.33176,1.33176,1.32543,1.33176,1.33176,2751806
1972-05-09,1.33176,1.33176,1.31298,1.31298,1.31298,4174271
1972-05-10,1.31298,1.32543,1.31298,1.32543,1.32543,2798360
1972-05-11,1.32543,1.33807,1.3193,1.33176,1.33176,3646664
1972-05-12,1.33176,1.33176,1.32543,1.33176,1.33176,2425939
1972-05-15,1.33176,1.33176,1.32543,1.33176,1.33176,1748335
1972-05-16,1.33176,1.33176,1.32543,1.33176,1.33176,2291451
1972-05-17,1.33176,1.33176,1.3193,1.32543,1.32543,3212169
1972-05-18,1.32543,1.33176,1.32543,1.33176,1.33176,2213862
1972-05-19,1.33176,1.35032,1.33176,1.34449,1.34449,3398380
1972-05-22,1.34449,1.36919,1.34449,1.35636,1.35636,2653533
1972-05-23,1.35636,1.35636,1.35032,1.35032,1.35032,1872469
1972-05-24,1.35032,1.38164,1.35032,1.36919,1.36919,3651839
1972-05-25,1.37542,1.40031,1.37542,1.39428,1.39428,4577732
1972-05-26,1.39428,1.41276,1.38797,1.39428,1.39428,3475972
1972-05-30,1.40654,1.42541,1.40654,1.42541,1.42541,3108719
1972-05-31,1.41869,1.41869,1.39428,1.40031,1.40031,2958707
1972-06-01,1.40031,1.40031,1.39428,1.39428,1.39428,2094893
1972-06-02,1.38164,1.38164,1.36919,1.37542,1.37542,3186307
1972-06-05,1.37542,1.37542,1.32543,1.33807,1.33807,2953539
1972-06-06,1.33807,1.33807,1.33176,1.33176,1.33176,2348346
1972-06-07,1.33176,1.33176,1.3193,1.32543,1.32543,1769026
1972-06-08,1.32543,1.33807,1.32543,1.33176,1.33176,1691427
1972-06-09,1.32543,1.32543,1.31298,1.3193,1.3193,2255247
1972-06-12,1.3193,1.33807,1.31298,1.33807,1.33807,5151886
1972-06-13,1.33807,1.35636,1.33807,1.35636,1.35636,2250069
1972-06-14,1.36919,1.39428,1.36919,1.38797,1.38797,3501834
1972-06-15,1.38797,1.39428,1.37542,1.37542,1.37542,2994920
1972-06-16,1.37542,1.38164,1.36919,1.37542,1.37542,1748335
1972-06-19,1.37542,1.38797,1.37542,1.38797,1.38797,2043167
1972-06-20,1.38797,1.39428,1.37542,1.38797,1.38797,2570763
1972-06-21,1.38797,1.40031,1.38797,1.40031,1.40031,6641590
1972-06-22,1.39428,1.39428,1.38797,1.39428,1.39428,2037995
1972-06-23,1.39428,1.39428,1.38164,1.38164,1.38164,2037995
1972-06-26,1.38164,1.38164,1.36919,1.37542,1.37542,1732813
1972-06-27,1.37542,1.37542,1.35636,1.36919,1.36919,2136276
1972-06-28,1.36919,1.36919,1.36317,1.36919,1.36919,1474185
1972-06-29,1.36919,1.38164,1.36317,1.38164,1.38164,1975920
1972-06-30,1.38164,1.38797,1.37542,1.38164,1.38164,2612151
1972-07-03,1.38164,1.38797,1.37542,1.38164,1.38164,1132794
1972-07-05,1.38164,1.39428,1.37542,1.38797,1.38797,1655225
1972-07-06,1.39428,1.40031,1.39428,1.39428,1.39428,4313931
1972-07-07,1.39428,1.39428,1.38797,1.38797,1.38797,1944890
1972-07-10,1.38797,1.39428,1.37542,1.37542,1.37542,1313831
1972-07-11,1.37542,1.38164,1.36317,1.36919,1.36919,1437976
1972-07-12,1.36919,1.38797,1.36919,1.38797,1.38797,4634626
1972-07-13,1.38797,1.39428,1.38164,1.38797,1.38797,2829398
1972-07-14,1.38797,1.40031,1.38164,1.39428,1.39428,2798360
1972-07-17,1.39428,1.40031,1.38797,1.38797,1.38797,2938018
1972-07-18,1.38797,1.40654,1.38164,1.40654,1.40654,2338003
1972-07-19,1.40654,1.41869,1.40031,1.40031,1.40031,3072511
1972-07-20,1.40654,1.41276,1.40654,1.40654,1.40654,2679394
1972-07-21,1.40654,1.43153,1.40654,1.42541,1.42541,2617321
1972-07-24,1.43153,1.45021,1.43153,1.44359,1.44359,5462240
1972-07-25,1.43153,1.43153,1.39428,1.39428,1.39428,11100350
1972-07-26,1.39428,1.39428,1.38797,1.39428,1.39428,2860432
1972-07-27,1.39428,1.41276,1.39428,1.40654,1.40654,2420763
1972-07-28,1.40654,1.41869,1.40654,1.41869,1.41869,1924201
1972-07-31,1.41869,1.42541,1.40654,1.41276,1.41276,4329446
1972-08-01,1.41276,1.41276,1.40031,1.40654,1.40654,1101765
1972-08-02,1.40654,1.42541,1.40654,1.42541,1.42541,3750117
1972-08-03,1.42541,1.43756,1.42541,1.43153,1.43153,2436282
1972-08-04,1.43153,1.43153,1.41869,1.42541,1.42541,3910465
1972-08-07,1.42541,1.43153,1.41276,1.42541,1.42541,3879431
1972-08-08,1.41869,1.41869,1.40654,1.41869,1.41869,3522521
1972-08-09,1.41276,1.41276,1.39428,1.39428,1.39428,1313831
1972-08-10,1.39428,1.40654,1.39428,1.40654,1.40654,1820752
1972-08-11,1.40654,1.45021,1.40654,1.45021,1.45021,4769115
1972-08-14,1.45644,1.46869,1.45644,1.46246,1.46246,5746737
1972-08-15,1.46246,1.46869,1.44359,1.45644,1.45644,6605377
1972-08-16,1.45644,1.46246,1.45021,1.45021,1.45021,4650146
1972-08-17,1.45644,1.46869,1.45644,1.46869,1.46869,4743252
1972-08-18,1.46869,1.48735,1.46869,1.48151,1.48151,4774289
1972-08-21,1.48151,1.48735,1.47481,1.48735,1.48735,3610460
1972-08-22,1.48735,1.51848,1.48735,1.51235,1.51235,6574345
1972-08-23,1.51235,1.51235,1.48735,1.49358,1.49358,6238126
1972-08-24,1.49358,1.49358,1.46246,1.47481,1.47481,3920812
1972-08-25,1.47481,1.47481,1.45644,1.46869,1.46869,3708735
1972-08-28,1.46869,1.47481,1.46246,1.47481,1.47481,1556942
1972-08-29,1.47481,1.47481,1.46246,1.46869,1.46869,3879431
1972-08-30,1.46869,1.49358,1.46869,1.48735,1.48735,2819052
1972-08-31,1.48735,1.51235,1.48735,1.51235,1.51235,3320789
1972-09-01,1.51235,1.5247,1.4997,1.51235,1.51235,3056990
1972-09-05,1.51235,1.51235,1.4997,1.51235,1.51235,1758673
1972-09-06,1.51235,1.51848,1.50593,1.51235,1.51235,3025959
1972-09-07,1.50593,1.50593,1.50593,1.50593,1.50593,2327652
1972-09-08,1.50593,1.51235,1.50593,1.51235,1.51235,1950065
1972-09-11,1.51235,1.51235,1.48151,1.48735,1.48735,2948367
1972-09-12,1.48735,1.48735,1.46869,1.46869,1.46869,2906985
1972-09-13,1.46869,1.49358,1.46869,1.48735,1.48735,2720772
1972-09-14,1.48735,1.48735,1.48151,1.48151,1.48151,1381080
1972-09-15,1.48735,1.49358,1.48735,1.49358,1.49358,2379381
1972-09-18,1.48735,1.48735,1.47481,1.48735,1.48735,1831098
1972-09-19,1.48735,1.49358,1.48151,1.48735,1.48735,2012130
1972-09-20,1.48735,1.49358,1.47481,1.47481,1.47481,2663873
1972-09-21,1.47481,1.47481,1.46246,1.46869,1.46869,2250069
1972-09-22,1.46869,1.46869,1.45021,1.45644,1.45644,1598321
1972-09-25,1.45644,1.46869,1.45644,1.46246,1.46246,3553558
1972-09-26,1.46246,1.47481,1.45644,1.46869,1.46869,2301790
1972-09-27,1.46869,1.48735,1.46246,1.48735,1.48735,1779361
1972-09-28,1.48735,1.4997,1.48151,1.4997,1.4997,5348441
1972-09-29,1.50593,1.51848,1.50593,1.51235,1.51235,4608763
1972-10-02,1.51235,1.5247,1.50593,1.5247,1.5247,3294930
1972-10-03,1.5247,1.54346,1.5247,1.54346,1.54346,6113989
1972-10-04,1.54346,1.56836,1.54346,1.54968,1.54968,6563999
1972-10-05,1.54968,1.55582,1.54346,1.54346,1.54346,2798360
1972-10-06,1.54346,1.54968,1.5247,1.54346,1.54346,4603592
1972-10-09,1.54346,1.55582,1.54346,1.54968,1.54968,2524220
1972-10-10,1.54968,1.56213,1.54968,1.54968,1.54968,3300103
1972-10-11,1.54968,1.55582,1.53714,1.53714,1.53714,3465628
1972-10-12,1.53714,1.54968,1.53083,1.54346,1.54346,3512178
1972-10-13,1.54346,1.54346,1.53083,1.53714,1.53714,1660397
1972-10-16,1.53714,1.53714,1.5247,1.5247,1.5247,2312137
1972-10-17,1.5247,1.54346,1.5247,1.54346,1.54346,2767327
1972-10-18,1.54968,1.56213,1.54968,1.56213,1.56213,3491487
1972-10-19,1.56213,1.56213,1.54968,1.55582,1.55582,2622485
1972-10-20,1.55582,1.56836,1.55582,1.56836,1.56836,4189785
1972-10-23,1.56836,1.57468,1.56213,1.56836,1.56836,2932849
1972-10-24,1.56836,1.57468,1.56213,1.56836,1.56836,2896643
1972-10-25,1.56836,1.58081,1.56836,1.58081,1.58081,2891466
1972-10-26,1.58081,1.58693,1.56836,1.56836,1.56836,5658795
1972-10-27,1.56836,1.56836,1.55582,1.56213,1.56213,1877644
1972-10-30,1.56213,1.56213,1.5247,1.53083,1.53083,2513868
1972-10-31,1.54346,1.55582,1.54346,1.55582,1.55582,1996613
1972-11-01,1.56213,1.58693,1.56213,1.58081,1.58081,6853662
1972-11-02,1.58081,1.58081,1.56836,1.57468,1.57468,3734599
1972-11-03,1.57468,1.58693,1.56836,1.58693,1.58693,4251855
1972-11-06,1.58693,1.59947,1.58693,1.59947,1.59947,5276024
1972-11-08,1.59947,1.6057,1.58693,1.59307,1.59307,4893256
1972-11-09,1.59307,1.59307,1.58693,1.58693,1.58693,3879431
1972-11-10,1.59307,1.59947,1.59307,1.59307,1.59307,3088031
1972-11-13,1.59947,1.61182,1.59947,1.6057,1.6057,4376000
1972-11-14,1.6057,1.61805,1.6057,1.61182,1.61182,3636320
1972-11-15,1.61805,1.63673,1.61805,1.62428,1.62428,5219131
1972-11-16,1.62428,1.63673,1.62428,1.63673,1.63673,4763941
1972-11-17,1.63673,1.63673,1.6306,1.63673,1.63673,2938018
1972-11-20,1.63673,1.63673,1.6057,1.61805,1.61805,3015609
1972-11-21,1.61805,1.6306,1.61805,1.62428,1.62428,3894951
1972-11-22,1.6306,1.6553,1.6306,1.6553,1.6553,5188093
1972-11-24,1.6553,1.66171,1.64918,1.66171,1.66171,5953634
1972-11-27,1.66171,1.66171,1.6306,1.64918,1.64918,3625975
1972-11-28,1.64305,1.64305,1.6306,1.6306,1.6306,3610460
1972-11-29,1.62428,1.62428,1.6057,1.61805,1.61805,3413897
1972-11-30,1.61805,1.62428,1.61182,1.62428,1.62428,3320789
1972-12-01,1.6306,1.64305,1.6306,1.64305,1.64305,5379481
1972-12-04,1.64305,1.64305,1.6306,1.6306,1.6306,2322483
1972-12-05,1.6306,1.63673,1.6306,1.63673,1.63673,2731120
1972-12-06,1.63673,1.64305,1.6306,1.63673,1.63673,3507007
1972-12-07,1.63673,1.64305,1.63673,1.64305,1.64305,2193174
1972-12-08,1.64305,1.64918,1.64305,1.64918,1.64918,1955232
1972-12-11,1.64305,1.64305,1.63673,1.63673,1.63673,2746641
1972-12-12,1.63673,1.64305,1.6306,1.63673,1.63673,3119064
1972-12-13,1.63673,1.64305,1.6306,1.63673,1.63673,2803535
1972-12-14,1.63673,1.63673,1.61805,1.61805,1.61805,4107021
1972-12-15,1.61805,1.62428,1.6057,1.61805,1.61805,2881120
1972-12-18,1.61182,1.61182,1.59307,1.6057,1.6057,2938018
1972-12-19,1.6057,1.6057,1.59307,1.59947,1.59947,2865607
1972-12-20,1.59947,1.6057,1.58081,1.58081,1.58081,3460452
1972-12-21,1.58081,1.58693,1.57468,1.58081,1.58081,3155268
1972-12-22,1.58081,1.6057,1.58081,1.59947,1.59947,1458670
1972-12-26,1.59947,1.61805,1.59947,1.61182,1.61182,962097
1972-12-27,1.61182,1.62428,1.6057,1.61182,1.61182,2638017
1972-12-29,1.61805,1.6306,1.61805,1.6306,1.6306,2441457
1973-01-02,1.6306,1.64305,1.6306,1.63673,1.63673,2431115
1973-01-03,1.64305,1.66794,1.64305,1.66171,1.66171,3067340
1973-01-04,1.66171,1.66794,1.6553,1.66171,1.66171,2777676
1973-01-05,1.66794,1.68019,1.66794,1.67416,1.67416,5710524
1973-01-08,1.67416,1.68019,1.67416,1.68019,1.68019,2539733
1973-01-09,1.68019,1.68019,1.67416,1.68019,1.68019,8436469
1973-01-10,1.68019,1.68652,1.67416,1.68019,1.68019,3486315
1973-01-11,1.68019,1.70529,1.68019,1.69897,1.69897,6755381
1973-01-12,1.69897,1.72396,1.69897,1.71754,1.71754,4707041
1973-01-15,1.71754,1.73641,1.69897,1.69897,1.69897,6491581
1973-01-16,1.69897,1.69897,1.68019,1.69294,1.69294,3993231
1973-01-17,1.69294,1.69897,1.69294,1.69897,1.69897,2570763
1973-01-18,1.70529,1.7298,1.70529,1.71754,1.71754,3325971
1973-01-19,1.71754,1.74886,1.71754,1.74263,1.74263,3201825
1973-01-22,1.74263,1.77376,1.74263,1.74263,1.74263,4913940
1973-01-23,1.74263,1.74886,1.7298,1.7298,1.7298,3341485
1973-01-24,1.7298,1.74263,1.71754,1.7298,1.7298,3455277
1973-01-26,1.7298,1.73641,1.70529,1.73641,1.73641,7381265
1973-01-29,1.73641,1.75498,1.73641,1.74263,1.74263,3310447
1973-01-30,1.74263,1.74886,1.74263,1.74886,1.74886,2839745
1973-01-31,1.74886,1.76763,1.74886,1.76111,1.76111,3724252
1973-02-01,1.76763,1.77376,1.76763,1.76763,1.76763,4717396
1973-02-02,1.76763,1.76763,1.75498,1.76111,1.76111,4815667
1973-02-05,1.75498,1.75498,1.74263,1.74263,1.74263,2798360
1973-02-06,1.74263,1.74263,1.71754,1.71754,1.71754,4758767
1973-02-07,1.71122,1.71122,1.68019,1.68652,1.68652,7164013
1973-02-08,1.68652,1.69897,1.66171,1.69897,1.69897,10262391
1973-02-09,1.71122,1.73641,1.71122,1.73641,1.73641,4169100
1973-02-12,1.73641,1.73641,1.72396,1.7298,1.7298,3238033
1973-02-13,1.7298,1.7298,1.68019,1.69294,1.69294,5772594
1973-02-14,1.69294,1.69294,1.64305,1.64918,1.64918,8312332
1973-02-15,1.64918,1.64918,1.6306,1.63673,1.63673,4732906
1973-02-16,1.63673,1.6553,1.6306,1.6553,1.6553,4107021
1973-02-20,1.6553,1.66794,1.6553,1.66794,1.66794,3874260
1973-02-21,1.66794,1.68019,1.66794,1.66794,1.66794,2467319
1973-02-22,1.66794,1.67416,1.6553,1.66171,1.66171,3351830
1973-02-23,1.66171,1.67416,1.66171,1.66171,1.66171,3532870
1973-02-26,1.66171,1.67416,1.6553,1.66794,1.66794,3413897
1973-02-27,1.66794,1.66794,1.6553,1.6553,1.6553,2736295
1973-02-28,1.6553,1.66794,1.64918,1.66171,1.66171,2255247
1973-03-01,1.66794,1.68019,1.66794,1.66794,1.66794,3155268
1973-03-02,1.66794,1.66794,1.64305,1.66794,1.66794,4903600
1973-03-05,1.66794,1.68019,1.66171,1.67416,1.67416,2291451
1973-03-06,1.67416,1.69897,1.67416,1.69294,1.69294,2684564
1973-03-07,1.66794,1.66794,1.62428,1.66794,1.66794,11446910
1973-03-08,1.66794,1.69294,1.66794,1.68019,1.68019,3538041
1973-03-09,1.68019,1.68019,1.66171,1.66794,1.66794,2896643
1973-03-12,1.66794,1.68652,1.66794,1.68019,1.68019,1970751
1973-03-13,1.68019,1.71122,1.68019,1.71122,1.71122,2694913
1973-03-14,1.71122,1.7298,1.71122,1.72396,1.72396,4169100
1973-03-15,1.72396,1.72396,1.70529,1.70529,1.70529,1965576
1973-03-16,1.70529,1.71122,1.69294,1.69294,1.69294,4484620
1973-03-19,1.68652,1.68652,1.68019,1.68019,1.68019,2250069
1973-03-20,1.68652,1.70529,1.68652,1.70529,1.70529,2006959
1973-03-21,1.70529,1.72396,1.69294,1.69294,1.69294,2979399
1973-03-22,1.68652,1.68652,1.66794,1.67416,1.67416,4293234
1973-03-23,1.67416,1.68019,1.66171,1.67416,1.67416,4520828
1973-03-26,1.67416,1.68652,1.66794,1.68652,1.68652,3853571
1973-03-27,1.69897,1.7298,1.69897,1.72396,1.72396,4748424
1973-03-28,1.72396,1.74263,1.72396,1.73641,1.73641,4479450
1973-03-29,1.74886,1.77376,1.74886,1.77376,1.77376,5534658
1973-03-30,1.77376,1.77376,1.75498,1.75498,1.75498,3879431
1973-04-02,1.75498,1.75498,1.73641,1.75498,1.75498,2798360
1973-04-03,1.75498,1.76111,1.74263,1.76111,1.76111,3853571
1973-04-04,1.76111,1.77376,1.76111,1.76763,1.76763,3538041
1973-04-05,1.76763,1.76763,1.74263,1.75498,1.75498,6119156
1973-04-06,1.75498,1.77376,1.75498,1.76763,1.76763,3863911
1973-04-09,1.77376,1.78601,1.77376,1.78601,1.78601,3196656
1973-04-10,1.80467,1.82335,1.80467,1.81732,1.81732,7220915
1973-04-11,1.82335,1.87956,1.82335,1.87956,1.87956,6113989
1973-04-12,1.87956,1.87956,1.85448,1.86079,1.86079,8907178
1973-04-13,1.85448,1.85448,1.82335,1.82967,1.82967,4722559
1973-04-16,1.82967,1.8358,1.8112,1.81732,1.81732,2994920
1973-04-17,1.81732,1.82335,1.80467,1.82335,1.82335,4717396
1973-04-18,1.82335,1.86079,1.82335,1.86079,1.86079,4432903
1973-04-19,1.86701,1.88569,1.86701,1.87314,1.87314,7039872
1973-04-23,1.87314,1.88569,1.87314,1.87956,1.87956,3346653
1973-04-24,1.89844,1.91682,1.89844,1.90427,1.90427,6770905
1973-04-25,1.90427,1.92313,1.90427,1.91682,1.91682,4634626
1973-04-26,1.91682,1.92313,1.85448,1.85448,1.85448,13578007
1973-04-27,1.84845,1.84845,1.81732,1.81732,1.81732,7034701
1973-04-30,1.81732,1.81732,1.78601,1.79252,1.79252,5669145
1973-05-01,1.79252,1.8112,1.75498,1.77988,1.77988,7629548
1973-05-02,1.79252,1.8112,1.79252,1.80467,1.80467,4582900
1973-05-03,1.80467,1.8358,1.77988,1.8358,1.8358,4500146
1973-05-04,1.85448,1.86701,1.85448,1.85448,1.85448,6046740
1973-05-07,1.85448,1.85448,1.84202,1.85448,1.85448,2736295
1973-05-08,1.85448,1.85448,1.82967,1.82967,1.82967,3088031
1973-05-09,1.82335,1.82335,1.76111,1.76111,1.76111,5239813
1973-05-10,1.76111,1.79875,1.75498,1.76763,1.76763,5074293
1973-05-11,1.76763,1.78601,1.75498,1.76111,1.76111,5053607
1973-05-14,1.74263,1.74263,1.71754,1.71754,1.71754,7096772
1973-05-15,1.71754,1.75498,1.69897,1.74263,1.74263,6926081
1973-05-16,1.74263,1.76111,1.73641,1.74886,1.74886,3620804
1973-05-17,1.75498,1.76763,1.75498,1.76111,1.76111,2410421
1973-05-18,1.75498,1.75498,1.73641,1.75498,1.75498,4857049
1973-05-21,1.75498,1.76111,1.74263,1.74886,1.74886,3915644
1973-05-22,1.74886,1.76111,1.74263,1.74886,1.74886,2989747
1973-05-23,1.74886,1.74886,1.73641,1.74263,1.74263,2606972
1973-05-24,1.74263,1.79252,1.74263,1.79252,1.79252,2379381
1973-05-25,1.79252,1.81732,1.77376,1.79875,1.79875,3600113
1973-05-29,1.79875,1.79875,1.78601,1.79252,1.79252,1474185
1973-05-30,1.77988,1.77988,1.74886,1.74886,1.74886,3175961
1973-05-31,1.74886,1.75498,1.74886,1.74886,1.74886,2213862
1973-06-01,1.74886,1.74886,1.73641,1.73641,1.73641,1722471
1973-06-04,1.73641,1.74886,1.7298,1.73641,1.73641,2043167
1973-06-05,1.73641,1.76763,1.73641,1.76111,1.76111,2234549
1973-06-06,1.76111,1.76763,1.75498,1.76763,1.76763,2084549
1973-06-07,1.76763,1.79875,1.76763,1.79875,1.79875,2141443
1973-06-08,1.81732,1.84845,1.81732,1.82967,1.82967,4313931
1973-06-11,1.82967,1.84202,1.82967,1.82967,1.82967,1727640
1973-06-12,1.82967,1.85448,1.82967,1.85448,1.85448,2177654
1973-06-13,1.85448,1.86079,1.79875,1.79875,1.79875,3977713
1973-06-14,1.79875,1.82967,1.76763,1.78601,1.78601,4717396
1973-06-15,1.78601,1.78601,1.76111,1.77376,1.77376,4127714
1973-06-18,1.77376,1.77376,1.75498,1.76111,1.76111,2891466
1973-06-19,1.76111,1.77376,1.75498,1.76763,1.76763,2384558
1973-06-20,1.77376,1.77988,1.77376,1.77988,1.77988,1567291
1973-06-21,1.77988,1.77988,1.74886,1.74886,1.74886,1458670
1973-06-22,1.76111,1.78601,1.76111,1.76763,1.76763,2493183
1973-06-25,1.76763,1.77988,1.76763,1.77376,1.77376,1753505
1973-06-26,1.77376,1.79252,1.77376,1.79252,1.79252,2151790
1973-06-27,1.79252,1.81732,1.79252,1.81732,1.81732,1500046
1973-06-28,1.81732,1.8358,1.8112,1.8358,1.8358,2669054
1973-06-29,1.8358,1.85448,1.8358,1.8358,1.8358,3253551
1973-07-02,1.8358,1.8358,1.81732,1.82967,1.82967,2529386
1973-07-03,1.82335,1.82335,1.8112,1.8112,1.8112,2736295
1973-07-05,1.8112,1.81732,1.79252,1.8112,1.8112,2777676
1973-07-06,1.8112,1.81732,1.79875,1.79875,1.79875,3165616
1973-07-09,1.79252,1.79252,1.77988,1.79252,1.79252,1944890
1973-07-10,1.79252,1.80467,1.76763,1.77376,1.77376,2860432
1973-07-11,1.77376,1.78601,1.76111,1.77376,1.77376,3925983
1973-07-12,1.77376,1.77376,1.76111,1.76763,1.76763,2741461
1973-07-13,1.76111,1.76111,1.7298,1.7298,1.7298,5363959
1973-07-16,1.7298,1.76111,1.70529,1.74886,1.74886,3884602
1973-07-17,1.74886,1.77988,1.74263,1.74886,1.74886,8426124
1973-07-18,1.73641,1.73641,1.71122,1.72396,1.72396,4096681
1973-07-19,1.71122,1.71122,1.67416,1.69294,1.69294,7562303
1973-07-20,1.69897,1.72396,1.69897,1.71754,1.71754,4298405
1973-07-23,1.7298,1.74886,1.7298,1.73641,1.73641,2793192
1973-07-24,1.73641,1.77376,1.7298,1.77376,1.77376,2601811
1973-07-25,1.77376,1.79252,1.77376,1.77988,1.77988,5131192
1973-07-26,1.77988,1.8358,1.77988,1.80467,1.80467,4401863
1973-07-27,1.80467,1.8112,1.79875,1.8112,1.8112,2482834
1973-07-30,1.8112,1.8112,1.80467,1.8112,1.8112,1846610
1973-07-31,1.8112,1.8112,1.77988,1.77988,1.77988,2410421
1973-08-01,1.77988,1.78601,1.76763,1.76763,1.76763,1872469
1973-08-02,1.74263,1.74263,1.71122,1.7298,1.7298,4174271
1973-08-03,1.7298,1.7298,1.70529,1.70529,1.70529,1717293
1973-08-06,1.70529,1.73641,1.69897,1.7298,1.7298,3879431
1973-08-07,1.73641,1.74886,1.73641,1.74263,1.74263,2819052
1973-08-08,1.74263,1.75498,1.73641,1.74886,1.74886,2105241
1973-08-09,1.74886,1.76763,1.74263,1.75498,1.75498,1505219
1973-08-10,1.75498,1.75498,1.73641,1.74263,1.74263,1748335
1973-08-13,1.74263,1.74886,1.7298,1.74263,1.74263,2260416
1973-08-14,1.73641,1.73641,1.70529,1.70529,1.70529,1334522
1973-08-15,1.70529,1.70529,1.68652,1.69294,1.69294,2508696
1973-08-16,1.69294,1.70529,1.68019,1.68019,1.68019,2756979
1973-08-17,1.68019,1.68652,1.66794,1.68652,1.68652,1639703
1973-08-20,1.68652,1.69897,1.68652,1.69897,1.69897,2260416
1973-08-21,1.68652,1.68652,1.6553,1.6553,1.6553,4055298
1973-08-22,1.6553,1.6553,1.62428,1.63673,1.63673,5477758
1973-08-23,1.64305,1.6553,1.64305,1.64305,1.64305,3160444
1973-08-24,1.64305,1.64918,1.61182,1.61805,1.61805,3579415
1973-08-27,1.61805,1.62428,1.61805,1.62428,1.62428,4200132
1973-08-28,1.62428,1.6553,1.62428,1.63673,1.63673,3098373
1973-08-29,1.64305,1.67416,1.64305,1.66171,1.66171,3077688
1973-08-30,1.66171,1.66171,1.6553,1.6553,1.6553,1862122
1973-08-31,1.6553,1.6553,1.64918,1.6553,1.6553,1494871
1973-09-04,1.64305,1.64305,1.62428,1.6306,1.6306,2653533
1973-09-05,1.6306,1.6306,1.61805,1.62428,1.62428,3191480
1973-09-06,1.62428,1.63673,1.62428,1.63673,1.63673,2203515
1973-09-07,1.63673,1.63673,1.62428,1.63673,1.63673,1619017
1973-09-10,1.63673,1.63673,1.6306,1.6306,1.6306,2193174
1973-09-11,1.62428,1.62428,1.61805,1.61805,1.61805,2488013
1973-09-12,1.61805,1.61805,1.59307,1.59947,1.59947,2938018
1973-09-13,1.59947,1.61182,1.58081,1.58081,1.58081,2705256
1973-09-14,1.58081,1.61182,1.56213,1.61182,1.61182,4231168
1973-09-17,1.61182,1.62428,1.61182,1.61182,1.61182,1862122
1973-09-18,1.61182,1.62428,1.6057,1.61805,1.61805,1696606
1973-09-19,1.61805,1.67416,1.61805,1.67416,1.67416,2979399
1973-09-20,1.67416,1.67416,1.66171,1.67416,1.67416,4872566
1973-09-21,1.67416,1.68652,1.6553,1.68019,1.68019,3848392
1973-09-24,1.68019,1.69897,1.67416,1.69897,1.69897,2394905
1973-09-25,1.69897,1.70529,1.68652,1.70529,1.70529,2503526
1973-09-26,1.70529,1.71122,1.69897,1.70529,1.70529,2756979
1973-09-27,1.70529,1.76763,1.70529,1.75498,1.75498,4743252
1973-09-28,1.74886,1.74886,1.7298,1.7298,1.7298,4686357
1973-10-01,1.7298,1.75498,1.7298,1.75498,1.75498,2379381
1973-10-02,1.75498,1.77988,1.74886,1.77988,1.77988,3398380
1973-10-03,1.77988,1.79252,1.77988,1.79252,1.79252,1639703
1973-10-04,1.79252,1.81732,1.77988,1.77988,1.77988,3160444
1973-10-05,1.77988,1.79252,1.77376,1.79252,1.79252,2275933
1973-10-08,1.76111,1.76111,1.73641,1.74263,1.74263,6336407
1973-10-09,1.71122,1.71122,1.67416,1.68652,1.68652,5798461
1973-10-10,1.68652,1.71754,1.66171,1.67416,1.67416,9584786
1973-10-11,1.68019,1.7298,1.68019,1.7298,1.7298,4655319
1973-10-12,1.7298,1.76111,1.7298,1.74886,1.74886,3703563
1973-10-15,1.7298,1.7298,1.70529,1.71122,1.71122,4732906
1973-10-16,1.71122,1.71122,1.68019,1.70529,1.70529,5286371
1973-10-17,1.70529,1.71754,1.68019,1.68019,1.68019,4541523
1973-10-18,1.68019,1.68019,1.6306,1.6553,1.6553,15533241
1973-10-19,1.66171,1.71754,1.66171,1.68019,1.68019,7246778
1973-10-22,1.7298,1.77376,1.7298,1.73641,1.73641,4339793
1973-10-23,1.73641,1.77988,1.70529,1.76111,1.76111,4303582
1973-10-24,1.76111,1.77988,1.75498,1.77376,1.77376,2477669
1973-10-25,1.77376,1.77988,1.74263,1.76111,1.76111,3594944
1973-10-26,1.76763,1.79252,1.76763,1.77988,1.77988,3134584
1973-10-29,1.77988,1.80467,1.77988,1.79875,1.79875,3031128
1973-10-30,1.79875,1.80467,1.77988,1.77988,1.77988,3077688
1973-10-31,1.77988,1.78601,1.76111,1.76111,1.76111,2679394
1973-11-01,1.76111,1.77988,1.75498,1.76763,1.76763,3134584
1973-11-02,1.75498,1.75498,1.7298,1.7298,1.7298,3894951
1973-11-05,1.7298,1.7298,1.71122,1.71754,1.71754,5244998
1973-11-06,1.71754,1.73641,1.70529,1.70529,1.70529,2829398
1973-11-07,1.70529,1.73641,1.70529,1.73641,1.73641,3807017
1973-11-08,1.74886,1.79252,1.74886,1.74886,1.74886,6108810
1973-11-09,1.74886,1.75498,1.7298,1.7298,1.7298,2120751
1973-11-12,1.7298,1.7298,1.71122,1.72396,1.72396,2219036
1973-11-13,1.72396,1.74263,1.70529,1.74263,1.74263,3119064
1973-11-14,1.74886,1.76763,1.74886,1.75498,1.75498,3750117
1973-11-15,1.75498,1.77376,1.75498,1.76111,1.76111,5493280
1973-11-16,1.76763,1.81732,1.76763,1.79875,1.79875,6351924
1973-11-19,1.79252,1.79252,1.7298,1.7298,1.7298,5069125
1973-11-20,1.71122,1.71122,1.6553,1.6553,1.6553,6382956
1973-11-21,1.6553,1.70529,1.64305,1.64918,1.64918,7748515
1973-11-23,1.6553,1.66171,1.6553,1.66171,1.66171,1774196
1973-11-26,1.6553,1.6553,1.63673,1.63673,1.63673,4758767
1973-11-27,1.63673,1.64918,1.61805,1.62428,1.62428,4794972
1973-11-28,1.63673,1.69294,1.63673,1.69294,1.69294,3791501
1973-11-29,1.69294,1.69897,1.66794,1.68019,1.68019,3677702
1973-11-30,1.68019,1.68019,1.67416,1.67416,1.67416,2022476
1973-12-03,1.66171,1.66171,1.64918,1.64918,1.64918,3108719
1973-12-04,1.64918,1.66171,1.64305,1.6553,1.6553,2958707
1973-12-05,1.6553,1.6553,1.6306,1.63673,1.63673,2648357
1973-12-06,1.63673,1.63673,1.59947,1.63673,1.63673,4251855
1973-12-07,1.63673,1.69294,1.63673,1.69294,1.69294,4541523
1973-12-10,1.69294,1.71122,1.67416,1.69897,1.69897,2829398
1973-12-11,1.70529,1.71122,1.70529,1.71122,1.71122,3134584
1973-12-12,1.68652,1.68652,1.64918,1.66171,1.66171,3325971
1973-12-13,1.66171,1.66794,1.64918,1.6553,1.6553,2519044
1973-12-14,1.66171,1.69294,1.66171,1.68019,1.68019,3072511
1973-12-17,1.68019,1.69294,1.68019,1.69294,1.69294,1427630
1973-12-18,1.69294,1.71754,1.69294,1.71122,1.71122,2901816
1973-12-19,1.71122,1.71754,1.67416,1.69294,1.69294,4107021
1973-12-20,1.69294,1.71122,1.67416,1.67416,1.67416,3719076
1973-12-21,1.67416,1.67416,1.6553,1.66171,1.66171,2669054
1973-12-24,1.6553,1.6553,1.64305,1.64918,1.64918,1231067
1973-12-26,1.67416,1.69897,1.67416,1.69897,1.69897,3744946
1973-12-27,1.70529,1.7298,1.70529,1.7298,1.7298,2844916
1973-12-28,1.73641,1.76763,1.73641,1.76111,1.76111,4955322
1973-12-31,1.75498,1.75498,1.74886,1.75498,1.75498,1370728
1974-01-02,1.75498,1.79875,1.75498,1.79875,1.79875,2989747
1974-01-03,1.8112,1.85448,1.8112,1.8358,1.8358,8224397
1974-01-04,1.8358,1.84845,1.81732,1.82335,1.82335,4717396
1974-01-07,1.82335,1.82335,1.79875,1.80467,1.80467,3062163
1974-01-08,1.80467,1.80467,1.77988,1.78601,1.78601,3465628
1974-01-09,1.76111,1.76111,1.71754,1.71754,1.71754,4774289
1974-01-10,1.70529,1.70529,1.6553,1.67416,1.67416,4577732
1974-01-11,1.67416,1.68019,1.59947,1.61805,1.61805,4670836
1974-01-14,1.61805,1.6306,1.58081,1.58693,1.58693,4794972
1974-01-15,1.59307,1.63673,1.59307,1.62428,1.62428,2839745
1974-01-16,1.63673,1.68019,1.63673,1.67416,1.67416,3755291
1974-01-17,1.68019,1.71122,1.68019,1.68652,1.68652,4469108
1974-01-18,1.68019,1.68019,1.62428,1.62428,1.62428,3269065
1974-01-21,1.61182,1.61182,1.56836,1.61182,1.61182,5917427
1974-01-22,1.61182,1.64305,1.59947,1.6306,1.6306,3434589
1974-01-23,1.6306,1.66171,1.61805,1.6306,1.6306,4836358
1974-01-24,1.62428,1.62428,1.59307,1.62428,1.62428,2638017
1974-01-25,1.62428,1.62428,1.6057,1.6057,1.6057,2120751
1974-01-28,1.6057,1.6057,1.58081,1.58081,1.58081,2306971
1974-01-29,1.58693,1.59947,1.58693,1.59947,1.59947,3088031
1974-01-30,1.62428,1.64305,1.62428,1.63673,1.63673,2994920
1974-01-31,1.63673,1.64305,1.6057,1.61182,1.61182,1981099
1974-02-01,1.61182,1.61182,1.58693,1.59947,1.59947,2658701
1974-02-04,1.58081,1.58081,1.56836,1.56836,1.56836,2327652
1974-02-05,1.56836,1.59307,1.56213,1.56213,1.56213,3320789
1974-02-06,1.56213,1.57468,1.56213,1.56836,1.56836,2808705
1974-02-07,1.56836,1.58693,1.56836,1.58081,1.58081,2875950
1974-02-08,1.58081,1.58693,1.56836,1.58081,1.58081,1350045
1974-02-11,1.58081,1.58081,1.50593,1.51235,1.51235,2451800
1974-02-12,1.50593,1.50593,1.47481,1.49358,1.49358,4225993
1974-02-13,1.49358,1.50593,1.49358,1.49358,1.49358,2410421
1974-02-14,1.49358,1.49358,1.48735,1.49358,1.49358,1360388
1974-02-15,1.49358,1.54968,1.49358,1.53714,1.53714,2239724
1974-02-19,1.53714,1.58081,1.51235,1.51235,1.51235,3351830
1974-02-20,1.51235,1.54346,1.50593,1.53083,1.53083,1639703
1974-02-21,1.53714,1.56213,1.53714,1.55582,1.55582,1841438
1974-02-22,1.57468,1.59947,1.57468,1.58693,1.58693,2555250
1974-02-25,1.58081,1.58081,1.56213,1.58081,1.58081,2037995
1974-02-26,1.58081,1.58081,1.54968,1.57468,1.57468,2974234
1974-02-27,1.57468,1.57468,1.54968,1.55582,1.55582,3300103
1974-02-28,1.55582,1.55582,1.53714,1.55582,1.55582,1758673
1974-03-01,1.55582,1.56213,1.53714,1.55582,1.55582,1758673
1974-03-04,1.55582,1.56836,1.54346,1.56836,1.56836,1396596
1974-03-05,1.58081,1.61805,1.58081,1.61182,1.61182,5700181
1974-03-06,1.61182,1.62428,1.6057,1.61805,1.61805,3413897
1974-03-07,1.61805,1.61805,1.6057,1.6057,1.6057,2477669
1974-03-08,1.6057,1.61805,1.58693,1.61805,1.61805,2410421
1974-03-11,1.61805,1.64918,1.6057,1.64305,1.64305,3155268
1974-03-12,1.64305,1.64305,1.61805,1.64305,1.64305,2348346
1974-03-13,1.64305,1.64305,1.6306,1.63673,1.63673,1898333
1974-03-14,1.63673,1.6553,1.63673,1.6553,1.6553,3129408
1974-03-15,1.6553,1.6553,1.63673,1.64305,1.64305,2120751
1974-03-18,1.63673,1.63673,1.59947,1.59947,1.59947,2519044
1974-03-19,1.58693,1.58693,1.56836,1.56836,1.56836,2860432
1974-03-20,1.56836,1.58081,1.56836,1.57468,1.57468,2420763
1974-03-21,1.57468,1.58081,1.54968,1.54968,1.54968,2932849
1974-03-22,1.54346,1.54346,1.5247,1.53083,1.53083,3538041
1974-03-25,1.53083,1.54346,1.51235,1.53714,1.53714,2596630
1974-03-26,1.53714,1.56213,1.53714,1.54968,1.54968,2291451
1974-03-27,1.54968,1.55582,1.54346,1.54346,1.54346,2265592
1974-03-28,1.54346,1.54346,1.5247,1.53083,1.53083,2420763
1974-03-29,1.53083,1.53083,1.51235,1.51235,1.51235,2477669
1974-04-01,1.51235,1.51235,1.49358,1.49358,1.49358,1913854
1974-04-02,1.49358,1.50593,1.48735,1.49358,1.49358,1919025
1974-04-03,1.49358,1.49358,1.48735,1.49358,1.49358,1686260
1974-04-04,1.49358,1.50593,1.48735,1.50593,1.50593,1944890
1974-04-05,1.4997,1.4997,1.48735,1.49358,1.49358,1505219
1974-04-08,1.49358,1.49358,1.48735,1.49358,1.49358,1200039
1974-04-09,1.49358,1.50593,1.48735,1.50593,1.50593,1675911
1974-04-10,1.50593,1.50593,1.48735,1.48735,1.48735,1453493
1974-04-11,1.48151,1.48151,1.46869,1.46869,1.46869,2037995
1974-04-15,1.46869,1.46869,1.46246,1.46246,1.46246,1489703
1974-04-16,1.46869,1.48151,1.46869,1.48151,1.48151,1887987
1974-04-17,1.48151,1.51235,1.48151,1.51235,1.51235,2601811
1974-04-18,1.51235,1.51848,1.51235,1.51235,1.51235,2094893
1974-04-19,1.50593,1.50593,1.48151,1.48151,1.48151,1934544
1974-04-22,1.48151,1.48735,1.47481,1.47481,1.47481,1225901
1974-04-23,1.47481,1.48735,1.46246,1.46246,1.46246,1887987
1974-04-24,1.46246,1.46869,1.44359,1.45021,1.45021,2384558
1974-04-25,1.45021,1.45021,1.43756,1.44359,1.44359,1887987
1974-04-26,1.44359,1.46246,1.44359,1.46246,1.46246,1800059
1974-04-29,1.45644,1.45644,1.43153,1.43153,1.43153,2498351
1974-04-30,1.43153,1.44359,1.43153,1.43756,1.43756,2488013
1974-05-01,1.43756,1.53714,1.43756,1.48151,1.48151,4743252
1974-05-02,1.48151,1.50593,1.48151,1.48735,1.48735,2441457
1974-05-03,1.48151,1.48151,1.45644,1.46246,1.46246,2115581
1974-05-06,1.45021,1.45021,1.43756,1.45021,1.45021,1044862
1974-05-07,1.45021,1.46869,1.44359,1.45021,1.45021,1650051
1974-05-08,1.45021,1.45644,1.44359,1.45021,1.45021,1225901
1974-05-09,1.45021,1.47481,1.45021,1.46869,1.46869,1670738
1974-05-10,1.46869,1.47481,1.44359,1.44359,1.44359,1722471
1974-05-13,1.44359,1.45021,1.43153,1.43756,1.43756,2187999
1974-05-14,1.43756,1.44359,1.43756,1.43756,1.43756,1536253
1974-05-15,1.42541,1.42541,1.40654,1.41276,1.41276,2819052
1974-05-16,1.40031,1.40031,1.37542,1.38164,1.38164,3507007
1974-05-17,1.36919,1.36919,1.35032,1.35032,1.35032,2653533
1974-05-20,1.35032,1.35636,1.30083,1.31298,1.31298,2425939
1974-05-21,1.31298,1.35032,1.31298,1.35032,1.35032,3217338
1974-05-22,1.35032,1.38164,1.35032,1.35032,1.35032,3325971
1974-05-23,1.35032,1.35032,1.32543,1.32543,1.32543,2922503
1974-05-24,1.33176,1.35636,1.33176,1.35636,1.35636,2508696
1974-05-28,1.35636,1.36317,1.3193,1.3193,1.3193,2798360
1974-05-29,1.3193,1.33176,1.31298,1.3193,1.3193,1551769
1974-05-30,1.3193,1.33176,1.31298,1.33176,1.33176,3072511
1974-05-31,1.33176,1.36317,1.32543,1.35032,1.35032,2627670
1974-06-03,1.35032,1.40031,1.35032,1.40031,1.40031,1805228
1974-06-04,1.40031,1.41869,1.39428,1.40654,1.40654,2963889
1974-06-05,1.40654,1.43756,1.38797,1.41276,1.41276,2017301
1974-06-06,1.41276,1.45644,1.40654,1.45021,1.45021,2534564
1974-06-07,1.45021,1.46869,1.44359,1.45021,1.45021,2012130
1974-06-10,1.45021,1.45644,1.43756,1.45021,1.45021,1737983
1974-06-11,1.45021,1.45644,1.43756,1.43756,1.43756,1432799
1974-06-12,1.43756,1.44359,1.41869,1.43756,1.43756,2182828
1974-06-13,1.43756,1.43756,1.40031,1.40031,1.40031,2115581
1974-06-14,1.39428,1.39428,1.37542,1.38164,1.38164,2467319
1974-06-17,1.36317,1.36317,1.35032,1.35032,1.35032,1887987
1974-06-18,1.35032,1.36919,1.33807,1.35032,1.35032,1800059
1974-06-19,1.35032,1.35636,1.32543,1.33176,1.33176,1670738
1974-06-20,1.33176,1.33807,1.32543,1.33176,1.33176,2089716
1974-06-21,1.32543,1.32543,1.3193,1.3193,1.3193,3905297
1974-06-24,1.3193,1.3193,1.30715,1.30715,1.30715,2125928
1974-06-25,1.31298,1.33807,1.31298,1.33176,1.33176,4463932
1974-06-26,1.33176,1.33176,1.3193,1.3193,1.3193,2219036
1974-06-27,1.3193,1.3193,1.30715,1.31298,1.31298,1437976
1974-06-28,1.31298,1.3193,1.30715,1.30715,1.30715,1375904
1974-07-01,1.30715,1.3193,1.30715,1.31298,1.31298,1763850
1974-07-02,1.31298,1.3193,1.30715,1.30715,1.30715,1960409
1974-07-03,1.30715,1.3193,1.30715,1.31298,1.31298,2700089
1974-07-05,1.31298,1.31298,1.30715,1.31298,1.31298,1427630
1974-07-08,1.30083,1.30083,1.27593,1.27593,1.27593,2332832
1974-07-09,1.27593,1.28828,1.2697,1.27593,1.27593,2074203
1974-07-10,1.27593,1.28215,1.26319,1.26319,1.26319,1562118
1974-07-11,1.26319,1.27593,1.26319,1.2697,1.2697,2043167
1974-07-12,1.27593,1.30715,1.27593,1.30715,1.30715,3010444
1974-07-15,1.30715,1.3193,1.30715,1.31298,1.31298,1396596
1974-07-16,1.31298,1.3193,1.30715,1.31298,1.31298,910369
1974-07-17,1.31298,1.33176,1.30083,1.33176,1.33176,1743158
1974-07-18,1.33176,1.35032,1.33176,1.33176,1.33176,2156958
1974-07-19,1.33176,1.33807,1.31298,1.32543,1.32543,1593150
1974-07-22,1.33807,1.37542,1.33807,1.37542,1.37542,2110409
1974-07-23,1.39428,1.41276,1.39428,1.41276,1.41276,2694913
1974-07-24,1.41276,1.44359,1.40031,1.43153,1.43153,3046642
1974-07-25,1.43153,1.44359,1.43153,1.43153,1.43153,3501834
1974-07-26,1.43153,1.43153,1.40654,1.40654,1.40654,2012130
1974-07-29,1.40654,1.41276,1.40031,1.40654,1.40654,1996613
1974-07-30,1.40654,1.41276,1.39428,1.39428,1.39428,2146616
1974-07-31,1.39428,1.40654,1.39428,1.39428,1.39428,1567291
1974-08-01,1.39428,1.41869,1.39428,1.40654,1.40654,1748335
1974-08-02,1.40654,1.42541,1.40654,1.41869,1.41869,2255247
1974-08-05,1.41869,1.45021,1.41869,1.44359,1.44359,2374211
1974-08-06,1.44359,1.48735,1.43153,1.43153,1.43153,4401863
1974-08-07,1.43153,1.46246,1.42541,1.46246,1.46246,2146616
1974-08-08,1.46246,1.46869,1.42541,1.42541,1.42541,2705256
1974-08-09,1.42541,1.43153,1.41276,1.41276,1.41276,1810402
1974-08-12,1.41276,1.41869,1.40031,1.40031,1.40031,1562118
1974-08-13,1.40031,1.40654,1.38797,1.38797,1.38797,1779361
1974-08-14,1.38797,1.38797,1.36317,1.36317,1.36317,1427630
1974-08-15,1.36317,1.36919,1.33807,1.34449,1.34449,2524220
1974-08-16,1.34449,1.34449,1.3193,1.32543,1.32543,1370728
1974-08-19,1.31298,1.31298,1.28215,1.30083,1.30083,3196656
1974-08-20,1.30083,1.31298,1.2945,1.31298,1.31298,2156958
1974-08-21,1.31298,1.31298,1.27593,1.27593,1.27593,1981099
1974-08-22,1.27593,1.28215,1.26319,1.2697,1.2697,3331140
1974-08-23,1.2697,1.2945,1.2697,1.27593,1.27593,1453493
1974-08-26,1.27593,1.28828,1.26319,1.28215,1.28215,2762155
1974-08-27,1.28215,1.28828,1.2697,1.27593,1.27593,1505219
1974-08-28,1.27593,1.28828,1.2697,1.2697,1.2697,1800059
1974-08-29,1.26319,1.26319,1.23236,1.23236,1.23236,1712124
1974-08-30,1.23839,1.25074,1.23839,1.25074,1.25074,2374211
1974-09-03,1.25074,1.26319,1.20115,1.20115,1.20115,2167314
1974-09-04,1.18237,1.18237,1.13899,1.1639,1.1639,4194963
1974-09-05,1.17012,1.20115,1.17012,1.20115,1.20115,3150101
1974-09-06,1.20115,1.23839,1.20115,1.22604,1.22604,2782842
1974-09-09,1.22604,1.22604,1.18237,1.18237,1.18237,1562118
1974-09-10,1.18237,1.20115,1.17625,1.19492,1.19492,1463839
1974-09-11,1.19492,1.23839,1.19492,1.19492,1.19492,2519044
1974-09-12,1.19492,1.21349,1.1887,1.19492,1.19492,1639703
1974-09-13,1.19492,1.20115,1.1887,1.19492,1.19492,2032821
1974-09-16,1.19492,1.22604,1.19492,1.21953,1.21953,2969055
1974-09-17,1.21953,1.24451,1.21953,1.21953,1.21953,2519044
1974-09-18,1.21953,1.23236,1.20727,1.22604,1.22604,1489703
1974-09-19,1.23839,1.26319,1.23839,1.25716,1.25716,2694913
1974-09-20,1.25716,1.26319,1.21349,1.21349,1.21349,4913940
1974-09-23,1.21349,1.21953,1.18237,1.18237,1.18237,1753505
1974-09-24,1.1639,1.1639,1.15116,1.15116,1.15116,1939714
1974-09-25,1.15116,1.17625,1.13899,1.14503,1.14503,4603592
1974-09-26,1.13899,1.13899,1.10788,1.12003,1.12003,3615627
1974-09-27,1.12003,1.12626,1.10788,1.10788,1.10788,3217338
1974-09-30,1.10146,1.10146,1.0891,1.09533,1.09533,3305275
1974-10-01,1.09533,1.09533,1.07024,1.0891,1.0891,2684564
1974-10-02,1.0891,1.0891,1.03931,1.04554,1.04554,2694913
1974-10-03,1.04554,1.05167,1.02054,1.02054,1.02054,2979399
1974-10-04,1.02054,1.05167,1.02054,1.03931,1.03931,4107021
1974-10-07,1.04554,1.10788,1.04554,1.10788,1.10788,4205305
1974-10-08,1.10788,1.13258,1.0891,1.12626,1.12626,3289760
1974-10-09,1.12626,1.19492,1.09533,1.1887,1.1887,5239813
1974-10-10,1.19492,1.24451,1.19492,1.19492,1.19492,7045048
1974-10-11,1.19492,1.23236,1.17625,1.21953,1.21953,4639799
1974-10-14,1.21953,1.27593,1.21953,1.22604,1.22604,4458761
1974-10-15,1.22604,1.26319,1.20727,1.22604,1.22604,4474279
1974-10-16,1.22604,1.22604,1.20727,1.20727,1.20727,2043167
1974-10-17,1.20727,1.23236,1.19492,1.22604,1.22604,2229383
1974-10-18,1.23839,1.25716,1.23839,1.25074,1.25074,2503526
1974-10-21,1.25074,1.27593,1.24451,1.27593,1.27593,1929367
1974-10-22,1.27593,1.30083,1.27593,1.28215,1.28215,3894951
1974-10-23,1.27593,1.27593,1.23839,1.24451,1.24451,3677702
1974-10-24,1.24451,1.24451,1.21349,1.22604,1.22604,2539733
1974-10-25,1.22604,1.23839,1.21349,1.22604,1.22604,2384558
1974-10-28,1.22604,1.22604,1.20115,1.22604,1.22604,1924201
1974-10-29,1.22604,1.28215,1.22604,1.27593,1.27593,2984574
1974-10-30,1.28215,1.3193,1.28215,1.30083,1.30083,3801844
1974-10-31,1.30083,1.31298,1.2697,1.27593,1.27593,4008745
1974-11-01,1.27593,1.28828,1.26319,1.28215,1.28215,3025959
1974-11-04,1.27593,1.27593,1.24451,1.26319,1.26319,1970751
1974-11-05,1.26319,1.28215,1.25074,1.27593,1.27593,2255247
1974-11-06,1.27593,1.30715,1.27593,1.28215,1.28215,5803627
1974-11-07,1.28215,1.30083,1.27593,1.28215,1.28215,3186307
1974-11-08,1.28215,1.28215,1.2697,1.28215,1.28215,2591463
1974-11-11,1.28215,1.28215,1.2697,1.28215,1.28215,962097
1974-11-12,1.28215,1.28828,1.2697,1.27593,1.27593,1774196
1974-11-13,1.26319,1.26319,1.22604,1.22604,1.22604,3481141
1974-11-14,1.22604,1.24451,1.21953,1.24451,1.24451,3222512
1974-11-15,1.23839,1.23839,1.20727,1.20727,1.20727,2348346
1974-11-18,1.20115,1.20115,1.1639,1.1639,1.1639,2203515
1974-11-19,1.15747,1.15747,1.12626,1.13258,1.13258,2374211
1974-11-20,1.13258,1.13258,1.10146,1.10788,1.10788,3108719
1974-11-21,1.10146,1.10146,1.08278,1.09533,1.09533,4313931
1974-11-22,1.10146,1.12003,1.10146,1.10788,1.10788,2306971
1974-11-25,1.10788,1.12626,1.10146,1.11381,1.11381,2250069
1974-11-26,1.11381,1.14503,1.09533,1.12003,1.12003,3786321
1974-11-27,1.12626,1.18237,1.12626,1.14503,1.14503,3579415
1974-11-29,1.14503,1.17625,1.14503,1.17012,1.17012,1350045
1974-12-02,1.1639,1.1639,1.14503,1.14503,1.14503,1655225
1974-12-03,1.14503,1.15116,1.13899,1.14503,1.14503,1748335
1974-12-04,1.14503,1.15116,1.13899,1.14503,1.14503,1686260
1974-12-05,1.14503,1.1639,1.13258,1.13258,1.13258,3181133
1974-12-06,1.12003,1.12003,1.10146,1.10788,1.10788,3201825
1974-12-09,1.10788,1.11381,1.08278,1.10788,1.10788,3698388
1974-12-10,1.10788,1.13899,1.10146,1.13258,1.13258,3067340
1974-12-11,1.13258,1.17625,1.13258,1.14503,1.14503,5213952
1974-12-12,1.14503,1.15747,1.13899,1.13899,1.13899,5058780
1974-12-13,1.14503,1.17012,1.14503,1.1639,1.1639,3181133
1974-12-16,1.1639,1.1639,1.15116,1.15116,1.15116,4060472
1974-12-17,1.15116,1.18237,1.15116,1.18237,1.18237,4194963
1974-12-18,1.18237,1.19492,1.17625,1.17625,1.17625,3170789
1974-12-19,1.17625,1.17625,1.15116,1.17012,1.17012,4308751
1974-12-20,1.17012,1.17012,1.15116,1.15116,1.15116,2534564
1974-12-23,1.15116,1.15116,1.13899,1.13899,1.13899,2550086
1974-12-24,1.13899,1.1639,1.13899,1.1639,1.1639,1194867
1974-12-26,1.1639,1.18237,1.1639,1.18237,1.18237,1846610
1974-12-27,1.18237,1.1887,1.17012,1.18237,1.18237,1598321
1974-12-30,1.18237,1.18237,1.1639,1.17625,1.17625,2555250
1974-12-31,1.17625,1.20115,1.17625,1.20115,1.20115,1577633
1975-01-02,1.20727,1.23839,1.20727,1.23236,1.23236,2063854
1975-01-03,1.23236,1.26319,1.23236,1.25074,1.25074,2824229
1975-01-06,1.25074,1.26319,1.23236,1.23236,1.23236,4003572
1975-01-07,1.23236,1.25716,1.22604,1.24451,1.24451,2400072
1975-01-08,1.24451,1.25074,1.23839,1.23839,1.23839,2653533
1975-01-09,1.23839,1.25074,1.21953,1.25074,1.25074,2177654
1975-01-10,1.26319,1.28215,1.26319,1.28215,1.28215,5560526
1975-01-13,1.28215,1.30083,1.27593,1.27593,1.27593,2803535
1975-01-14,1.27593,1.28828,1.2697,1.28215,1.28215,2601811
1975-01-15,1.28215,1.28828,1.2697,1.28828,1.28828,2125928
1975-01-16,1.28828,1.28828,1.2697,1.27593,1.27593,2503526
1975-01-17,1.27593,1.27593,1.24451,1.25074,1.25074,1737983
1975-01-20,1.25074,1.26319,1.23839,1.26319,1.26319,1727640
1975-01-21,1.26319,1.27593,1.25074,1.25716,1.25716,2974234
1975-01-22,1.25716,1.2697,1.23839,1.2697,1.2697,1758673
1975-01-23,1.2697,1.2945,1.2697,1.28215,1.28215,4117374
1975-01-24,1.28215,1.30715,1.28215,1.2945,1.2945,4541523
1975-01-27,1.3193,1.35636,1.3193,1.34449,1.34449,7826109
1975-01-28,1.35032,1.36919,1.35032,1.35032,1.35032,8198538
1975-01-29,1.35032,1.38797,1.34449,1.37542,1.37542,4950155
1975-01-30,1.37542,1.39428,1.35032,1.35032,1.35032,6382956
1975-01-31,1.35032,1.36919,1.33807,1.36317,1.36317,3931159
1975-02-03,1.36317,1.38797,1.36317,1.38164,1.38164,3336312
1975-02-04,1.38164,1.41276,1.36317,1.41276,1.41276,5017397
1975-02-05,1.38797,1.38797,1.36317,1.37542,1.37542,4753594
1975-02-06,1.37542,1.38797,1.36317,1.36317,1.36317,6010533
1975-02-07,1.36317,1.36919,1.34449,1.36317,1.36317,2539733
1975-02-10,1.36317,1.36919,1.35032,1.36317,1.36317,2369039
1975-02-11,1.36317,1.36919,1.34449,1.35636,1.35636,2736295
1975-02-12,1.35636,1.35636,1.33176,1.35032,1.35032,7158849
1975-02-13,1.35032,1.37542,1.35032,1.37542,1.37542,7189881
1975-02-14,1.37542,1.37542,1.36317,1.36919,1.36919,3160444
1975-02-18,1.36919,1.39428,1.36919,1.38164,1.38164,3419070
1975-02-19,1.38164,1.40654,1.36919,1.40031,1.40031,2524220
1975-02-20,1.41869,1.45021,1.41869,1.45021,1.45021,3910465
1975-02-21,1.45021,1.45644,1.43756,1.43756,1.43756,3869091
1975-02-24,1.43153,1.43153,1.41869,1.41869,1.41869,2793192
1975-02-25,1.41869,1.42541,1.40654,1.41276,1.41276,3429419
1975-02-26,1.41276,1.43756,1.40654,1.43153,1.43153,3103547
1975-02-27,1.43153,1.45021,1.43153,1.43153,1.43153,2467319
1975-02-28,1.43153,1.45021,1.43153,1.44359,1.44359,1769026
1975-03-03,1.44359,1.45021,1.43756,1.45021,1.45021,3781152
1975-03-04,1.45644,1.48151,1.45644,1.45644,1.45644,3750117
1975-03-05,1.45644,1.46869,1.40031,1.40031,1.40031,3362173
1975-03-06,1.40031,1.41869,1.38797,1.41276,1.41276,2519044
1975-03-07,1.41276,1.42541,1.40031,1.41869,1.41869,2772498
1975-03-10,1.41869,1.43756,1.41869,1.43153,1.43153,2322483
1975-03-11,1.43756,1.45644,1.43756,1.44359,1.44359,2596630
1975-03-12,1.44359,1.44359,1.43153,1.43153,1.43153,2141443
1975-03-13,1.42541,1.42541,1.40654,1.41276,1.41276,1877644
1975-03-14,1.41276,1.44359,1.40654,1.41869,1.41869,3248378
1975-03-17,1.41869,1.41869,1.40654,1.40654,1.40654,2229383
1975-03-18,1.40654,1.40654,1.35636,1.35636,1.35636,3915644
1975-03-19,1.35636,1.35636,1.3193,1.33807,1.33807,5260514
1975-03-20,1.33807,1.38164,1.33807,1.35636,1.35636,2565594
1975-03-21,1.35636,1.36919,1.35032,1.35636,1.35636,1437976
1975-03-24,1.33807,1.33807,1.31298,1.3193,1.3193,4008745
1975-03-25,1.3193,1.34449,1.30083,1.33176,1.33176,3553558
1975-03-26,1.33807,1.37542,1.33807,1.37542,1.37542,2069034
1975-03-27,1.37542,1.39428,1.36919,1.36919,1.36919,1805228
1975-03-31,1.37542,1.38797,1.37542,1.37542,1.37542,1872469
1975-04-01,1.37542,1.39428,1.37542,1.37542,1.37542,5172577
1975-04-02,1.37542,1.38797,1.36317,1.36919,1.36919,1650051
1975-04-03,1.36317,1.36317,1.33176,1.33807,1.33807,1913854
1975-04-04,1.33176,1.33176,1.31298,1.3193,1.3193,2069034
1975-04-07,1.3193,1.32543,1.30715,1.31298,1.31298,3072511
1975-04-08,1.31298,1.33807,1.31298,1.33176,1.33176,1753505
1975-04-09,1.33176,1.37542,1.33176,1.36919,1.36919,2410421
1975-04-10,1.36919,1.38797,1.36919,1.37542,1.37542,2022476
1975-04-11,1.37542,1.39428,1.37542,1.39428,1.39428,1619017
1975-04-14,1.41276,1.43153,1.41276,1.41869,1.41869,2824229
1975-04-15,1.42541,1.46869,1.42541,1.45021,1.45021,3594944
1975-04-16,1.45021,1.45021,1.42541,1.43153,1.43153,2193174
1975-04-17,1.44359,1.46246,1.44359,1.45644,1.45644,3889780
1975-04-18,1.45644,1.46246,1.43153,1.45021,1.45021,3005264
1975-04-21,1.45021,1.45644,1.43756,1.44359,1.44359,1308656
1975-04-22,1.45021,1.46869,1.45021,1.46246,1.46246,2725951
1975-04-23,1.46246,1.46869,1.45021,1.46246,1.46246,2617321
1975-04-24,1.46246,1.48735,1.45644,1.47481,1.47481,2989747
1975-04-25,1.48151,1.49358,1.48151,1.48735,1.48735,3419070
1975-04-28,1.48735,1.49358,1.48735,1.48735,1.48735,1619017
1975-04-29,1.48735,1.49358,1.48151,1.48151,1.48151,1934544
1975-04-30,1.48151,1.50593,1.48151,1.50593,1.50593,2006959
1975-05-01,1.50593,1.56213,1.50593,1.55582,1.55582,3925983
1975-05-02,1.56836,1.58081,1.56836,1.58081,1.58081,3791501
1975-05-05,1.58081,1.61182,1.57468,1.6057,1.6057,3041474
1975-05-06,1.59947,1.59947,1.53083,1.53083,1.53083,4272548
1975-05-07,1.53083,1.54346,1.50593,1.53083,1.53083,4820838
1975-05-08,1.53083,1.53714,1.5247,1.5247,1.5247,2389727
1975-05-09,1.5247,1.54346,1.5247,1.53083,1.53083,3424245
1975-05-12,1.53083,1.54346,1.53083,1.53714,1.53714,1536253
1975-05-13,1.53714,1.56213,1.5247,1.54968,1.54968,2881120
1975-05-14,1.54968,1.56836,1.54346,1.54968,1.54968,3543215
1975-05-15,1.54968,1.57468,1.54346,1.54346,1.54346,3475972
1975-05-16,1.53714,1.53714,1.5247,1.53714,1.53714,1929367
1975-05-19,1.53083,1.53083,1.51235,1.5247,1.5247,2363872
1975-05-20,1.5247,1.53083,1.51235,1.51235,1.51235,2012130
1975-05-21,1.51235,1.51235,1.48735,1.48735,1.48735,2555250
1975-05-22,1.48735,1.51235,1.48735,1.50593,1.50593,1955232
1975-05-23,1.51235,1.5247,1.51235,1.5247,1.5247,1686260
1975-05-27,1.53083,1.54968,1.53083,1.54968,1.54968,1882820
1975-05-28,1.54968,1.58081,1.54968,1.56213,1.56213,2715602
1975-05-29,1.56213,1.59307,1.55582,1.58693,1.58693,2731120
1975-05-30,1.61182,1.63673,1.61182,1.6306,1.6306,5581212
1975-06-02,1.64305,1.66794,1.64305,1.66171,1.66171,6176054
1975-06-03,1.6553,1.6553,1.6306,1.63673,1.63673,3651839
1975-06-04,1.63673,1.64305,1.61182,1.61182,1.61182,3600113
1975-06-05,1.61182,1.6306,1.58693,1.62428,1.62428,4639799
1975-06-06,1.6306,1.64305,1.6306,1.63673,1.63673,3734599
1975-06-09,1.63673,1.64918,1.62428,1.62428,1.62428,3357003
1975-06-10,1.62428,1.64305,1.59947,1.64305,1.64305,3936333
1975-06-11,1.6553,1.67416,1.6553,1.66171,1.66171,3817362
1975-06-12,1.66171,1.68652,1.66171,1.66794,1.66794,4107021
1975-06-13,1.66794,1.69897,1.66794,1.69897,1.69897,3041474
1975-06-16,1.70529,1.71754,1.70529,1.71122,1.71122,5012223
1975-06-17,1.71122,1.71754,1.66794,1.68019,1.68019,5063948
1975-06-18,1.67416,1.67416,1.64305,1.6553,1.6553,3739770
1975-06-19,1.6553,1.69294,1.64305,1.68652,1.68652,4169100
1975-06-20,1.68652,1.70529,1.68652,1.69294,1.69294,3351830
1975-06-23,1.69294,1.69897,1.67416,1.69897,1.69897,2467319
1975-06-24,1.69897,1.71754,1.69897,1.69897,1.69897,3517350
1975-06-25,1.69897,1.70529,1.69294,1.69897,1.69897,2689741
1975-06-26,1.69897,1.71754,1.69897,1.71122,1.71122,2896643
1975-06-27,1.71122,1.71754,1.70529,1.71122,1.71122,3046642
1975-06-30,1.71122,1.72396,1.71122,1.72396,1.72396,2001789
1975-07-01,1.71754,1.71754,1.69897,1.71122,1.71122,5327755
1975-07-02,1.71122,1.71122,1.69897,1.71122,1.71122,1882820
1975-07-03,1.71122,1.71122,1.69897,1.71122,1.71122,8100256
1975-07-07,1.70529,1.70529,1.68652,1.68652,1.68652,1970751
1975-07-08,1.67416,1.67416,1.66794,1.67416,1.67416,2100068
1975-07-09,1.67416,1.68019,1.66171,1.68019,1.68019,4200132
1975-07-10,1.68019,1.69294,1.68019,1.68019,1.68019,2369039
1975-07-11,1.68652,1.71122,1.68652,1.69897,1.69897,3667353
1975-07-14,1.70529,1.71122,1.70529,1.71122,1.71122,3139757
1975-07-15,1.71122,1.71754,1.69897,1.69897,1.69897,3713907
1975-07-16,1.69897,1.71122,1.66794,1.67416,1.67416,4303582
1975-07-17,1.67416,1.67416,1.6553,1.66171,1.66171,2943191
1975-07-18,1.66171,1.66171,1.64918,1.6553,1.6553,2265592
1975-07-21,1.6553,1.66794,1.64305,1.6553,1.6553,2844916
1975-07-22,1.63673,1.63673,1.62428,1.6306,1.6306,3470794
1975-07-23,1.6306,1.63673,1.6306,1.63673,1.63673,2606972
1975-07-24,1.63673,1.64305,1.61805,1.6306,1.6306,2260416
1975-07-25,1.6306,1.63673,1.61805,1.62428,1.62428,2187999
1975-07-28,1.62428,1.63673,1.61805,1.62428,1.62428,1562118
1975-07-29,1.62428,1.64305,1.62428,1.6306,1.6306,2312137
1975-07-30,1.6306,1.63673,1.62428,1.6306,1.6306,2001789
1975-07-31,1.6306,1.64305,1.61805,1.61805,1.61805,2213862
1975-08-01,1.61805,1.63673,1.61182,1.63673,1.63673,1841438
1975-08-04,1.6306,1.6306,1.61182,1.61805,1.61805,1650051
1975-08-05,1.61805,1.6306,1.61805,1.61805,1.61805,1556942
1975-08-06,1.61805,1.61805,1.59947,1.6057,1.6057,2472492
1975-08-07,1.6057,1.61805,1.6057,1.61182,1.61182,1505219
1975-08-08,1.61182,1.61805,1.59947,1.59947,1.59947,1489703
1975-08-11,1.59947,1.59947,1.58693,1.59947,1.59947,3620804
1975-08-12,1.59947,1.63673,1.59947,1.6306,1.6306,2317314
1975-08-13,1.6306,1.63673,1.61805,1.62428,1.62428,1334522
1975-08-14,1.62428,1.62428,1.59947,1.59947,1.59947,3269065
1975-08-15,1.59947,1.6057,1.59947,1.6057,1.6057,1546599
1975-08-18,1.6057,1.61805,1.6057,1.6057,1.6057,1825917
1975-08-19,1.6057,1.61805,1.6057,1.61805,1.61805,1587976
1975-08-20,1.61182,1.61182,1.58081,1.58081,1.58081,3693216
1975-08-21,1.58081,1.59307,1.57468,1.58693,1.58693,3124238
1975-08-22,1.58693,1.59307,1.58081,1.58081,1.58081,1624187
1975-08-25,1.58081,1.59307,1.58081,1.58693,1.58693,1670738
1975-08-26,1.58693,1.59307,1.58081,1.58081,1.58081,1841438
1975-08-27,1.58081,1.58081,1.56836,1.57468,1.57468,3367346
1975-08-28,1.57468,1.6057,1.56836,1.6057,1.6057,4075996
1975-08-29,1.61182,1.62428,1.61182,1.61805,1.61805,1629359
1975-09-02,1.61805,1.6306,1.61182,1.61182,1.61182,1231067
1975-09-03,1.61182,1.61182,1.6057,1.6057,1.6057,2105241
1975-09-04,1.6057,1.61182,1.59947,1.59947,1.59947,1831098
1975-09-05,1.59947,1.61182,1.59947,1.6057,1.6057,1706946
1975-09-08,1.6057,1.61182,1.6057,1.61182,1.61182,1644880
1975-09-09,1.61182,1.6306,1.6057,1.6057,1.6057,2265592
1975-09-10,1.6057,1.61805,1.59307,1.61805,1.61805,1903507
1975-09-11,1.61805,1.61805,1.6057,1.6057,1.6057,1613840
1975-09-12,1.6057,1.61805,1.6057,1.6057,1.6057,1856954
1975-09-15,1.6057,1.6057,1.59947,1.59947,1.59947,1189693
1975-09-16,1.59947,1.61182,1.59947,1.59947,1.59947,1489703
1975-09-17,1.59947,1.6057,1.59947,1.6057,1.6057,1174172
1975-09-18,1.6057,1.63673,1.6057,1.6306,1.6306,2974234
1975-09-19,1.6553,1.67416,1.6553,1.66794,1.66794,4831184
1975-09-22,1.66794,1.67416,1.66171,1.66171,1.66171,1800059
1975-09-23,1.66171,1.70529,1.6553,1.70529,1.70529,2612151
1975-09-24,1.71122,1.7298,1.71122,1.71122,1.71122,4339793
1975-09-25,1.71122,1.71122,1.68019,1.68652,1.68652,2844916
1975-09-26,1.68652,1.69294,1.68019,1.69294,1.69294,2762155
1975-09-29,1.68652,1.68652,1.64305,1.64918,1.64918,1567291
1975-09-30,1.64918,1.6553,1.6306,1.6306,1.6306,1706946
1975-10-01,1.6306,1.64305,1.61805,1.61805,1.61805,1913854
1975-10-02,1.62428,1.64305,1.62428,1.63673,1.63673,2788019
1975-10-03,1.63673,1.68652,1.63673,1.68019,1.68019,2772498
1975-10-06,1.68652,1.69897,1.68652,1.68652,1.68652,2332832
1975-10-07,1.68652,1.69897,1.68019,1.69897,1.69897,2338003
1975-10-08,1.69897,1.72396,1.68652,1.71754,1.71754,2622485
1975-10-09,1.71754,1.73641,1.71754,1.72396,1.72396,3698388
1975-10-10,1.71754,1.71754,1.68652,1.69897,1.69897,2405247
1975-10-13,1.69897,1.71754,1.69294,1.71754,1.71754,2374211
1975-10-14,1.72396,1.74886,1.72396,1.72396,1.72396,5343269
1975-10-15,1.72396,1.7298,1.71754,1.7298,1.7298,2906985
1975-10-16,1.73641,1.74886,1.73641,1.73641,1.73641,5084640
1975-10-17,1.7298,1.7298,1.71122,1.71122,1.71122,2306971
1975-10-20,1.71122,1.71754,1.69897,1.71754,1.71754,2317314
1975-10-21,1.7298,1.74886,1.7298,1.7298,1.7298,3413897
1975-10-22,1.7298,1.73641,1.70529,1.71122,1.71122,3377694
1975-10-23,1.71122,1.7298,1.69897,1.71754,1.71754,3134584
1975-10-24,1.71754,1.71754,1.67416,1.68019,1.68019,6553652
1975-10-27,1.68019,1.68019,1.64305,1.6553,1.6553,4877742
1975-10-28,1.66794,1.69294,1.66794,1.68019,1.68019,5953634
1975-10-29,1.68019,1.68019,1.66794,1.67416,1.67416,2793192
1975-10-30,1.67416,1.68019,1.66794,1.66794,1.66794,2498351
1975-10-31,1.66794,1.68019,1.66171,1.66171,1.66171,1898333
1975-11-03,1.66171,1.66794,1.64918,1.6553,1.6553,1515564
1975-11-04,1.6553,1.66794,1.64305,1.6553,1.6553,2219036
1975-11-05,1.64918,1.64918,1.6306,1.6306,1.6306,3056990
1975-11-06,1.6306,1.63673,1.59947,1.6306,1.6306,3724252
1975-11-07,1.6306,1.63673,1.59947,1.61182,1.61182,2306971
1975-11-10,1.61182,1.61805,1.58693,1.61805,1.61805,2865607
1975-11-11,1.61805,1.6306,1.61805,1.62428,1.62428,3243199
1975-11-12,1.6306,1.64918,1.6306,1.64918,1.64918,3124238
1975-11-13,1.64918,1.67416,1.64305,1.64305,1.64305,5379481
1975-11-14,1.64305,1.64918,1.63673,1.64305,1.64305,2782842
1975-11-17,1.64305,1.64305,1.63673,1.64305,1.64305,3538041
1975-11-18,1.64918,1.66171,1.64918,1.64918,1.64918,4929459
1975-11-19,1.64918,1.64918,1.6306,1.6306,1.6306,2948367
1975-11-20,1.6306,1.63673,1.59947,1.59947,1.59947,3889780
1975-11-21,1.59947,1.59947,1.56836,1.57468,1.57468,6553652
1975-11-24,1.57468,1.58081,1.56213,1.58081,1.58081,3641488
1975-11-25,1.58693,1.6057,1.58693,1.59947,1.59947,3605283
1975-11-26,1.59947,1.61182,1.59947,1.6057,1.6057,3088031
1975-11-28,1.6057,1.61182,1.59947,1.59947,1.59947,2193174
1975-12-01,1.59947,1.6057,1.59307,1.59307,1.59307,2213862
1975-12-02,1.58693,1.58693,1.58081,1.58693,1.58693,3331140
1975-12-03,1.57468,1.57468,1.54968,1.55582,1.55582,4107021
1975-12-04,1.55582,1.56836,1.54968,1.56836,1.56836,2824229
1975-12-05,1.56836,1.57468,1.56213,1.56213,1.56213,2772498
1975-12-08,1.56213,1.57468,1.55582,1.56836,1.56836,2379381
1975-12-09,1.56836,1.58693,1.56213,1.58693,1.58693,4024261
1975-12-10,1.58693,1.6057,1.58081,1.6057,1.6057,2462145
1975-12-11,1.6057,1.61182,1.59947,1.6057,1.6057,1919025
1975-12-12,1.6057,1.6057,1.59947,1.6057,1.6057,2741461
1975-12-15,1.6057,1.61805,1.6057,1.6057,1.6057,2105241
1975-12-16,1.61805,1.63673,1.61805,1.6306,1.6306,3879431
1975-12-17,1.6306,1.64305,1.62428,1.6306,1.6306,3843223
1975-12-18,1.6306,1.63673,1.62428,1.63673,1.63673,2467319
1975-12-19,1.63673,1.63673,1.6306,1.6306,1.6306,2369039
1975-12-22,1.6306,1.6306,1.61805,1.61805,1.61805,2213862
1975-12-23,1.61805,1.61805,1.6057,1.61805,1.61805,4039780
1975-12-24,1.62428,1.63673,1.62428,1.63673,1.63673,1401768
1975-12-26,1.63673,1.64918,1.6306,1.64918,1.64918,1050032
1975-12-29,1.64918,1.66171,1.64305,1.66171,1.66171,1846610
1975-12-30,1.66171,1.67416,1.6553,1.6553,1.6553,2643183
1975-12-31,1.6553,1.6553,1.64918,1.6553,1.6553,1360388
1976-01-02,1.6553,1.68019,1.6553,1.67416,1.67416,1800059
1976-01-05,1.68019,1.71122,1.68019,1.71122,1.71122,2519044
1976-01-06,1.71122,1.71754,1.70529,1.71122,1.71122,3320789
1976-01-07,1.71122,1.7298,1.69897,1.71122,1.71122,6253642
1976-01-08,1.71122,1.71754,1.69897,1.71122,1.71122,4438071
1976-01-09,1.71122,1.72396,1.69897,1.71122,1.71122,9388226
1976-01-12,1.71122,1.71754,1.70529,1.71754,1.71754,3972531
1976-01-13,1.71754,1.7298,1.69897,1.69897,1.69897,6279504
1976-01-14,1.69897,1.69897,1.68652,1.69897,1.69897,4846700
1976-01-15,1.69897,1.70529,1.68652,1.69294,1.69294,4494968
1976-01-16,1.69294,1.69294,1.68019,1.68652,1.68652,3103547
1976-01-19,1.68652,1.72396,1.68652,1.71754,1.71754,4044957
1976-01-20,1.71754,1.72396,1.69897,1.71754,1.71754,4619110
1976-01-21,1.71754,1.71754,1.70529,1.71122,1.71122,5777769
1976-01-22,1.71122,1.71122,1.69294,1.69294,1.69294,3429419
1976-01-23,1.69897,1.71122,1.69897,1.69897,1.69897,2772498
1976-01-26,1.69897,1.72396,1.69897,1.69897,1.69897,5332928
1976-01-27,1.69897,1.71754,1.69897,1.71122,1.71122,6124330
1976-01-28,1.71122,1.72396,1.70529,1.71122,1.71122,4241516
1976-01-29,1.71122,1.71754,1.70529,1.71122,1.71122,4655319
1976-01-30,1.71122,1.71754,1.69294,1.69294,1.69294,5291542
1976-02-02,1.69294,1.71122,1.68652,1.69897,1.69897,3750117
1976-02-03,1.70529,1.71754,1.70529,1.71122,1.71122,6408826
1976-02-04,1.71122,1.71122,1.69294,1.71122,1.71122,8751998
1976-02-05,1.71122,1.7298,1.69897,1.70529,1.70529,6031224
1976-02-06,1.69897,1.69897,1.68652,1.69897,1.69897,6232951
1976-02-09,1.69294,1.69294,1.66171,1.66794,1.66794,5276024
1976-02-10,1.66794,1.67416,1.64305,1.6553,1.6553,6041568
1976-02-11,1.6553,1.66794,1.64305,1.64918,1.64918,4582900
1976-02-12,1.64918,1.6553,1.64305,1.64305,1.64305,5322580
1976-02-13,1.64305,1.64918,1.62428,1.63673,1.63673,5219131
1976-02-17,1.61805,1.61805,1.58693,1.59947,1.59947,5022566
1976-02-18,1.59947,1.6306,1.59307,1.62428,1.62428,5332928
1976-02-19,1.63673,1.6553,1.63673,1.64918,1.64918,4929459
1976-02-20,1.64918,1.66171,1.63673,1.6553,1.6553,4081160
1976-02-23,1.6553,1.67416,1.64305,1.66794,1.66794,3015609
1976-02-24,1.66794,1.68019,1.6553,1.66171,1.66171,3931159
1976-02-25,1.66171,1.66171,1.64305,1.6553,1.6553,3905297
1976-02-26,1.6553,1.66171,1.6306,1.63673,1.63673,6615726
1976-02-27,1.63673,1.63673,1.62428,1.62428,1.62428,3543215
1976-03-01,1.62428,1.64918,1.62428,1.64305,1.64305,4381173
1976-03-02,1.64305,1.6553,1.64305,1.6553,1.6553,5824321
1976-03-03,1.6553,1.66171,1.64305,1.6553,1.6553,3569076
1976-03-04,1.6553,1.66171,1.63673,1.63673,1.63673,2172481
1976-03-05,1.63673,1.6553,1.61182,1.6306,1.6306,3331140
1976-03-08,1.6306,1.63673,1.62428,1.63673,1.63673,3481141
1976-03-09,1.63673,1.64918,1.62428,1.62428,1.62428,3119064
1976-03-10,1.62428,1.64305,1.6057,1.64305,1.64305,4650146
1976-03-11,1.64305,1.66171,1.63673,1.66171,1.66171,3817362
1976-03-12,1.66171,1.66171,1.63673,1.63673,1.63673,3869091
1976-03-15,1.63673,1.63673,1.61805,1.62428,1.62428,3946674
1976-03-16,1.62428,1.64918,1.62428,1.64918,1.64918,3817362
1976-03-17,1.64918,1.66171,1.64305,1.64918,1.64918,3894951
1976-03-18,1.64918,1.66171,1.64305,1.6553,1.6553,5100159
1976-03-19,1.6553,1.66171,1.64918,1.6553,1.6553,2451800
1976-03-22,1.66171,1.67416,1.66171,1.67416,1.67416,3817362
1976-03-23,1.67416,1.71122,1.66794,1.70529,1.70529,5782940
1976-03-24,1.73641,1.75498,1.73641,1.74886,1.74886,9770996
1976-03-25,1.74886,1.77376,1.74886,1.74886,1.74886,8420952
1976-03-26,1.74886,1.76763,1.7298,1.73641,1.73641,5974327
1976-03-29,1.73641,1.73641,1.71754,1.7298,1.7298,4107021
1976-03-30,1.7298,1.73641,1.70529,1.71754,1.71754,4407038
1976-03-31,1.71754,1.74886,1.71754,1.74886,1.74886,4753594
1976-04-01,1.74886,1.76111,1.73641,1.74886,1.74886,7536440
1976-04-02,1.74886,1.74886,1.7298,1.74263,1.74263,4624285
1976-04-05,1.74886,1.77376,1.74886,1.76763,1.76763,8870967
1976-04-06,1.76763,1.77988,1.74263,1.74886,1.74886,5953634
1976-04-07,1.74886,1.74886,1.71122,1.71122,1.71122,4174271
1976-04-08,1.71122,1.71122,1.67416,1.69294,1.69294,5524308
1976-04-09,1.69294,1.69897,1.67416,1.67416,1.67416,2906985
1976-04-12,1.67416,1.68652,1.66794,1.67416,1.67416,2777676
1976-04-13,1.67416,1.71122,1.67416,1.70529,1.70529,3279411
1976-04-14,1.71122,1.74886,1.71122,1.71122,1.71122,5565690
1976-04-15,1.71122,1.7298,1.69897,1.72396,1.72396,3357003
1976-04-19,1.72396,1.74886,1.72396,1.74263,1.74263,3677702
1976-04-20,1.75498,1.77988,1.75498,1.77988,1.77988,6796766
1976-04-21,1.77988,1.79252,1.77376,1.78601,1.78601,5265685
1976-04-22,1.78601,1.78601,1.75498,1.76111,1.76111,6367438
1976-04-23,1.76111,1.76111,1.74263,1.74263,1.74263,9134770
1976-04-26,1.74263,1.74886,1.7298,1.73641,1.73641,4060472
1976-04-27,1.73641,1.76111,1.73641,1.74886,1.74886,3382869
1976-04-28,1.74886,1.77988,1.74886,1.77988,1.77988,5958803
1976-04-29,1.77988,1.78601,1.77376,1.77376,1.77376,5663966
1976-04-30,1.77376,1.77988,1.74886,1.75498,1.75498,5079468
1976-05-03,1.75498,1.75498,1.73641,1.73641,1.73641,3993231
1976-05-04,1.74263,1.77988,1.74263,1.77376,1.77376,4913940
1976-05-05,1.77376,1.79252,1.77376,1.79252,1.79252,5674311
1976-05-06,1.79252,1.81732,1.77988,1.80467,1.80467,5426035
1976-05-07,1.79875,1.84845,1.79875,1.84845,1.84845,7996801
1976-05-10,1.84845,1.84845,1.82335,1.82967,1.82967,6895041
1976-05-11,1.82967,1.84202,1.8112,1.81732,1.81732,5601896
1976-05-12,1.81732,1.8358,1.8112,1.8358,1.8358,5441551
1976-05-13,1.8358,1.84202,1.82335,1.82335,1.82335,3843223
1976-05-14,1.82335,1.82335,1.80467,1.8112,1.8112,2865607
1976-05-17,1.8112,1.81732,1.79875,1.81732,1.81732,3284587
1976-05-18,1.82335,1.84202,1.82335,1.8358,1.8358,5058780
1976-05-19,1.8358,1.86079,1.8358,1.84845,1.84845,6098462
1976-05-20,1.84845,1.89172,1.84845,1.89172,1.89172,11777955
1976-05-21,1.89172,1.89844,1.87314,1.87314,1.87314,11788299
1976-05-24,1.87314,1.87314,1.84202,1.84845,1.84845,6998493
1976-05-25,1.84845,1.85448,1.82335,1.84845,1.84845,7381265
1976-05-26,1.84845,1.86701,1.84202,1.86079,1.86079,7427818
1976-05-27,1.86079,1.86079,1.84845,1.86079,1.86079,3993231
1976-05-28,1.86079,1.88569,1.85448,1.87956,1.87956,5089814
1976-06-01,1.87956,1.89172,1.87314,1.87956,1.87956,3553558
1976-06-02,1.87956,1.90427,1.87314,1.90427,1.90427,7381265
1976-06-03,1.90427,1.92313,1.90427,1.90427,1.90427,9119248
1976-06-04,1.90427,1.91029,1.88569,1.88569,1.88569,3398380
1976-06-07,1.88569,1.88569,1.86701,1.87314,1.87314,4339793
1976-06-08,1.87314,1.89172,1.86701,1.87314,1.87314,7179535
1976-06-09,1.87314,1.88569,1.86701,1.87314,1.87314,3625975
1976-06-10,1.87956,1.90427,1.87956,1.90427,1.90427,5855357
1976-06-11,1.90427,1.94141,1.90427,1.94141,1.94141,7908867
1976-06-14,1.94141,1.95396,1.94141,1.94793,1.94793,5984670
1976-06-15,1.94793,1.94793,1.90427,1.92313,1.92313,4634626
1976-06-16,1.92313,1.92916,1.91029,1.92313,1.92313,5167403
1976-06-17,1.92313,1.96058,1.92313,1.94141,1.94141,5513966
1976-06-18,1.94141,1.96058,1.94141,1.94141,1.94141,5819146
1976-06-21,1.94141,1.95396,1.93558,1.94141,1.94141,3734599
1976-06-22,1.94141,1.94793,1.92916,1.92916,1.92916,3972531
1976-06-23,1.92916,1.92916,1.91682,1.92916,1.92916,4138061
1976-06-24,1.92916,1.94141,1.92916,1.92916,1.92916,2803535
1976-06-25,1.92916,1.93558,1.92916,1.92916,1.92916,2156958
1976-06-28,1.92916,1.96661,1.92313,1.92916,1.92916,2234549
1976-06-29,1.92916,1.94141,1.92916,1.92916,1.92916,3067340
1976-06-30,1.94141,1.94793,1.94141,1.94793,1.94793,2979399
1976-07-01,1.94793,1.96058,1.94141,1.94793,1.94793,6020875
1976-07-02,1.94793,1.95396,1.94141,1.94793,1.94793,2731120
1976-07-06,1.94793,1.96058,1.94793,1.94793,1.94793,3465628
1976-07-07,1.94793,1.95396,1.94141,1.94793,1.94793,3413897
1976-07-08,1.94793,1.96058,1.94141,1.94793,1.94793,4163924
1976-07-09,1.94793,1.95396,1.94141,1.94141,1.94141,8529575
1976-07-12,1.94141,1.95396,1.92916,1.94793,1.94793,4950155
1976-07-13,1.95396,1.97273,1.95396,1.96661,1.96661,8053699
1976-07-14,1.96661,1.96661,1.94793,1.94793,1.94793,5260514
1976-07-15,1.94793,1.94793,1.93558,1.93558,1.93558,4200132
1976-07-16,1.93558,1.95396,1.92916,1.95396,1.95396,4603592
1976-07-19,1.95396,1.96661,1.94141,1.95396,1.95396,2575941
1976-07-20,1.95396,1.95396,1.94141,1.95396,1.95396,2694913
1976-07-21,1.95396,1.97273,1.94793,1.96058,1.96058,2969055
1976-07-22,1.96058,1.98518,1.96058,1.98518,1.98518,2906985
1976-07-23,1.99169,2.01017,1.99169,2.00375,2.00375,4510485
1976-07-26,2.02262,2.02262,1.97273,1.99169,1.99169,4355311
1976-07-27,1.99169,1.99169,1.94141,1.96661,1.96661,5007050
1976-07-28,1.96661,1.96661,1.93558,1.96058,1.96058,6851083
1976-07-29,1.96058,1.96661,1.93558,1.94793,1.94793,3685459
1976-07-30,1.94793,1.98518,1.94141,1.97896,1.97896,4513069
1976-08-02,1.97896,1.99169,1.96661,1.98518,1.98518,3794087
1976-08-03,1.98518,2.00375,1.96661,2.00375,2.00375,4228578
1976-08-04,2.00375,2.0412,2.00375,2.0412,2.0412,5177744
1976-08-05,2.0412,2.04761,2.02262,2.02895,2.02895,4368242
1976-08-06,2.02895,2.02895,1.99169,2.02262,2.02262,3292344
1976-08-09,1.99792,1.99792,1.97896,1.99169,1.99169,2669054
1976-08-10,1.99169,1.99792,1.97896,1.99169,1.99169,3724252
1976-08-11,1.99169,2.00375,1.96058,1.96661,1.96661,4153581
1976-08-12,1.96661,1.98518,1.96058,1.97896,1.97896,2614739
1976-08-13,1.97896,1.97896,1.94141,1.96661,1.96661,2906985
1976-08-16,1.96661,1.96661,1.94141,1.95396,1.95396,3501834
1976-08-17,1.95396,1.97896,1.94793,1.96661,1.96661,4042364
1976-08-18,1.96661,1.97896,1.96661,1.97273,1.97273,2653533
1976-08-19,1.97273,1.97273,1.95396,1.95396,1.95396,4145822
1976-08-20,1.95396,1.96058,1.91682,1.91682,1.91682,2844916
1976-08-23,1.90427,1.90427,1.88569,1.90427,1.90427,3680285
1976-08-24,1.90427,1.91682,1.88569,1.88569,1.88569,3227690
1976-08-25,1.88569,1.91682,1.86079,1.91682,1.91682,3698388
1976-08-26,1.91682,1.94141,1.91029,1.91029,1.91029,2922503
1976-08-27,1.91029,1.92313,1.89172,1.91029,1.91029,3597525
1976-08-30,1.91682,1.94793,1.91682,1.94793,1.94793,1445732
1976-08-31,1.94793,1.97273,1.94793,1.96661,1.96661,2935433
1976-09-01,1.96661,1.99169,1.94793,1.96661,1.96661,8208882
1976-09-02,1.96661,1.99169,1.94793,1.97273,1.97273,4699281
1976-09-03,1.97273,1.98518,1.96661,1.97896,1.97896,1900920
1976-09-07,1.97896,1.99792,1.97273,1.99169,1.99169,2619907
1976-09-08,1.99169,2.02262,1.99169,2.01017,2.01017,4634626
1976-09-09,2.00375,2.00375,1.97273,1.98518,1.98518,3049236
1976-09-10,1.98518,1.99792,1.96661,1.98518,1.98518,4632044
1976-09-13,1.99169,2.02895,1.99169,2.00375,2.00375,3152691
1976-09-14,2.00375,2.02895,1.98518,2.01017,2.01017,2606972
1976-09-15,2.01017,2.02895,1.99792,2.02895,2.02895,2066441
1976-09-16,2.02895,2.05996,2.0163,2.0163,2.0163,4673424
1976-09-17,2.05374,2.08486,2.05374,2.07874,2.07874,5614831
1976-09-20,2.07874,2.09721,2.0659,2.07212,2.07212,4815667
1976-09-21,2.07874,2.11589,2.07874,2.11589,2.11589,6675205
1976-09-22,2.11589,2.11589,2.08486,2.09099,2.09099,5061366
1976-09-23,2.09099,2.10986,2.07874,2.09099,2.09099,6194161
1976-09-24,2.09099,2.09099,2.0659,2.07874,2.07874,3240620
1976-09-27,2.07874,2.09721,2.07874,2.08486,2.08486,2875950
1976-09-28,2.08486,2.10373,2.05996,2.05996,2.05996,3139757
1976-09-29,2.05996,2.09099,2.05374,2.07874,2.07874,3675113
1976-09-30,2.07874,2.08486,2.0659,2.0659,2.0659,2410421
1976-10-01,2.0659,2.07874,2.03497,2.04761,2.04761,3111309
1976-10-04,2.04761,2.0659,2.02895,2.05374,2.05374,1944890
1976-10-05,2.05374,2.05996,2.02895,2.04761,2.04761,3129408
1976-10-06,2.04761,2.04761,2.0163,2.02895,2.02895,4903600
1976-10-07,2.02895,2.04761,2.01017,2.04761,2.04761,5252753
1976-10-08,2.04761,2.04761,2.00375,2.01017,2.01017,4091507
1976-10-11,2.01017,2.0163,1.97896,1.98518,1.98518,1776781
1976-10-12,1.98518,1.98518,1.96058,1.96661,1.96661,2707840
1976-10-13,1.96661,2.01017,1.95396,2.00375,2.00375,3550971
1976-10-14,2.00375,2.0163,1.96661,1.98518,1.98518,3305275
1976-10-15,1.98518,1.99792,1.96661,1.97273,1.97273,6654518
1976-10-18,1.97896,2.00375,1.97896,1.98518,1.98518,2371621
1976-10-19,1.98518,2.00375,1.97273,1.98518,1.98518,3225104
1976-10-20,1.98518,2.00375,1.97273,1.98518,1.98518,2397487
1976-10-21,1.98518,1.99792,1.95396,1.95396,1.95396,3607867
1976-10-22,1.95396,1.97896,1.89172,1.91682,1.91682,4182030
1976-10-25,1.91682,1.91682,1.88569,1.90427,1.90427,3263893
1976-10-26,1.90427,1.94793,1.90427,1.92916,1.92916,3038886
1976-10-27,1.92916,1.94793,1.92916,1.94141,1.94141,2875950
1976-10-28,1.94141,1.96058,1.94141,1.94793,1.94793,2586288
1976-10-29,1.94793,1.96661,1.93558,1.95396,1.95396,7215747
1976-11-01,1.95396,1.97896,1.94793,1.97896,1.97896,4665663
1976-11-03,1.96661,1.96661,1.91029,1.93558,1.93558,6579517
1976-11-04,1.93558,1.96058,1.91682,1.93558,1.93558,4507905
1976-11-05,1.92916,1.92916,1.84845,1.85448,1.85448,4554453
1976-11-08,1.84845,1.84845,1.8112,1.81732,1.81732,3998399
1976-11-09,1.81732,1.82967,1.77376,1.79875,1.79875,6439853
1976-11-10,1.79875,1.81732,1.76111,1.77988,1.77988,5012223
1976-11-11,1.77988,1.81732,1.77376,1.81732,1.81732,3558734
1976-11-12,1.81732,1.81732,1.77988,1.80467,1.80467,3910465
1976-11-15,1.80467,1.82967,1.79252,1.82967,1.82967,3119064
1976-11-16,1.8358,1.87314,1.8358,1.85448,1.85448,6525207
1976-11-17,1.85448,1.88569,1.85448,1.87314,1.87314,3620804
1976-11-18,1.87314,1.89172,1.86701,1.88569,1.88569,3651839
1976-11-19,1.88569,1.89844,1.86701,1.87314,1.87314,3170789
1976-11-22,1.87314,1.89172,1.86701,1.89172,1.89172,3062163
1976-11-23,1.89172,1.89172,1.86079,1.86701,1.86701,3351830
1976-11-24,1.86701,1.91029,1.86701,1.90427,1.90427,5780349
1976-11-26,1.91029,1.93558,1.91029,1.92916,1.92916,2700089
1976-11-29,1.92916,1.92916,1.89172,1.89844,1.89844,2863020
1976-11-30,1.89844,1.91029,1.88569,1.90427,1.90427,2050926
1976-12-01,1.90427,1.94793,1.89172,1.92313,1.92313,2332832
1976-12-02,1.92313,1.94793,1.89172,1.89172,1.89172,5141540
1976-12-03,1.89172,1.91029,1.88569,1.90427,1.90427,3338898
1976-12-06,1.90427,1.92916,1.90427,1.91029,1.91029,3538041
1976-12-07,1.91029,1.91029,1.89172,1.90427,1.90427,5133784
1976-12-08,1.90427,1.92313,1.89844,1.91682,1.91682,4148405
1976-12-09,1.92313,1.94141,1.92313,1.93558,1.93558,7464030
1976-12-10,1.93558,1.96661,1.93558,1.96058,1.96058,5175162
1976-12-13,1.96058,1.97896,1.95396,1.96661,1.96661,5757078
1976-12-14,1.96661,1.97273,1.95396,1.96661,1.96661,4156170
1976-12-15,1.96661,1.97273,1.94793,1.94793,1.94793,4249264
1976-12-16,1.94793,1.96661,1.93558,1.95396,1.95396,4303582
1976-12-17,1.95396,1.96661,1.94793,1.95396,1.95396,5074293
1976-12-20,1.95396,1.96058,1.91682,1.92313,1.92313,5614831
1976-12-21,1.92313,1.93558,1.91029,1.92916,1.92916,4624285
1976-12-22,1.92916,1.94141,1.91682,1.92313,1.92313,3501834
1976-12-23,1.92313,1.94793,1.91682,1.92916,1.92916,6160542
1976-12-27,1.92916,1.96661,1.92916,1.96661,1.96661,5873459
1976-12-28,1.96661,1.99792,1.96661,1.98518,1.98518,3905297
1976-12-29,1.98518,1.99792,1.96661,1.97273,1.97273,2669054
1976-12-30,1.97273,1.99792,1.97273,1.98518,1.98518,2123341
1976-12-31,1.98518,2.00375,1.97896,1.99792,1.99792,1593150
1977-01-03,1.99169,2.0163,1.99169,1.99792,1.99792,3504421
1977-01-04,1.99792,2.01017,1.95396,1.96661,1.96661,2596630
1977-01-05,1.96661,2.00375,1.95396,1.96058,1.96058,2312137
1977-01-06,1.96058,2.00375,1.95396,1.96661,1.96661,3437176
1977-01-07,1.96661,1.97273,1.94793,1.96661,1.96661,4376000
1977-01-10,1.96661,1.99792,1.96661,1.98518,1.98518,3713907
1977-01-11,1.98518,1.99792,1.96661,1.97273,1.97273,3783741
1977-01-12,1.97273,1.97273,1.94793,1.96058,1.96058,6033811
1977-01-13,1.96058,1.97273,1.96058,1.96661,1.96661,3680285
1977-01-14,1.96661,1.96661,1.94141,1.96058,1.96058,5014809
1977-01-17,1.95396,1.95396,1.93558,1.94141,1.94141,3773393
1977-01-18,1.94141,1.94793,1.93558,1.94141,1.94141,2775087
1977-01-19,1.94141,1.95396,1.92916,1.94793,1.94793,4096681
1977-01-20,1.94793,1.96058,1.92916,1.94141,1.94141,4383756
1977-01-21,1.94141,1.94793,1.91029,1.92916,1.92916,5625177
1977-01-24,1.92916,1.94793,1.91682,1.94793,1.94793,3688043
1977-01-25,1.95396,1.98518,1.95396,1.97896,1.97896,4376000
1977-01-26,1.97896,1.98518,1.97273,1.97896,1.97896,2537146
1977-01-27,1.97896,2.00375,1.96661,1.97896,1.97896,4735491
1977-01-28,1.97896,1.98518,1.96661,1.98518,1.98518,4681179
1977-01-31,1.98518,1.99792,1.97896,1.99169,1.99169,4603592
1977-02-01,1.99169,2.02895,1.99169,2.02262,2.02262,4257027
1977-02-02,2.02895,2.05374,2.02895,2.0412,2.0412,5785534
1977-02-03,2.0412,2.04761,2.0163,2.0163,2.0163,3799257
1977-02-04,1.99792,1.99792,1.97273,1.97273,1.97273,4507905
1977-02-07,1.97896,2.00375,1.97896,1.99169,1.99169,3928572
1977-02-08,1.99169,2.00375,1.97273,1.98518,1.98518,5601896
1977-02-09,1.97273,1.97273,1.94141,1.94793,1.94793,4505316
1977-02-10,1.94793,1.94793,1.92916,1.92916,1.92916,3377694
1977-02-11,1.92916,1.94141,1.91029,1.92916,1.92916,3054406
1977-02-14,1.92916,1.95396,1.92313,1.94793,1.94793,3294930
1977-02-15,1.94793,1.94793,1.93558,1.94793,1.94793,5459654
1977-02-16,1.94793,1.96058,1.93558,1.93558,1.93558,6563999
1977-02-17,1.93558,1.94141,1.90427,1.91029,1.91029,3690633
1977-02-18,1.91029,1.92916,1.86701,1.86701,1.86701,6610556
1977-02-22,1.86701,1.88569,1.86701,1.87314,1.87314,2855262
1977-02-23,1.87314,1.89172,1.87314,1.87956,1.87956,2363872
1977-02-24,1.87956,1.89172,1.87314,1.88569,1.88569,2410421
1977-02-25,1.88569,1.89172,1.87314,1.87956,1.87956,2464735
1977-02-28,1.87956,1.89172,1.87314,1.89172,1.89172,2754393
1977-03-01,1.89172,1.93558,1.89172,1.93558,1.93558,3964780
1977-03-02,1.93558,1.94793,1.92313,1.94141,1.94141,3186307
1977-03-03,1.94141,1.94793,1.92916,1.94141,1.94141,3532870
1977-03-04,1.94141,1.94793,1.92916,1.94793,1.94793,3605283
1977-03-07,1.94793,1.94793,1.93558,1.94141,1.94141,3649249
1977-03-08,1.94141,1.95396,1.91029,1.93558,1.93558,3256136
1977-03-09,1.92916,1.92916,1.91682,1.92916,1.92916,4057883
1977-03-10,1.92916,1.94793,1.91029,1.94793,1.94793,5141540
1977-03-11,1.94793,1.96058,1.94141,1.94793,1.94793,3931159
1977-03-14,1.94793,1.95396,1.93558,1.95396,1.95396,2961298
1977-03-15,1.95396,1.97896,1.94793,1.94793,1.94793,3910465
1977-03-16,1.94793,1.95396,1.92916,1.93558,1.93558,2894059
1977-03-17,1.93558,1.93558,1.91029,1.92916,1.92916,2332832
1977-03-18,1.92916,1.92916,1.90427,1.91029,1.91029,2087133
1977-03-21,1.91029,1.91682,1.89844,1.90427,1.90427,2118168
1977-03-22,1.90427,1.91029,1.86701,1.91029,1.91029,3400968
1977-03-23,1.87956,1.87956,1.84845,1.85448,1.85448,4205305
1977-03-24,1.85448,1.87314,1.85448,1.86079,1.86079,5247577
1977-03-25,1.86079,1.87314,1.86079,1.86701,1.86701,2697497
1977-03-28,1.86701,1.88569,1.85448,1.87314,1.87314,5229473
1977-03-29,1.87956,1.90427,1.87956,1.90427,1.90427,3625975
1977-03-30,1.90427,1.90427,1.87314,1.87956,1.87956,3550971
1977-03-31,1.87956,1.89844,1.86701,1.89172,1.89172,1921615
1977-04-01,1.89172,1.89844,1.89172,1.89844,1.89844,2056096
1977-04-04,1.89844,1.89844,1.88569,1.88569,1.88569,2115581
1977-04-05,1.88569,1.89172,1.87314,1.88569,1.88569,3121651
1977-04-06,1.88569,1.89172,1.87314,1.87314,1.87314,1968164
1977-04-07,1.87314,1.89172,1.86079,1.89172,1.89172,2979399
1977-04-11,1.89172,1.91029,1.87956,1.91029,1.91029,4619110
1977-04-12,1.91029,1.95396,1.86701,1.93558,1.93558,4158748
1977-04-13,1.93558,1.94793,1.92313,1.92916,1.92916,3398380
1977-04-14,1.94141,1.97273,1.94141,1.95396,1.95396,3424245
1977-04-15,1.95396,1.97896,1.94141,1.96058,1.96058,5123434
1977-04-18,1.96058,1.96661,1.94793,1.95396,1.95396,2899223
1977-04-19,1.95396,1.96058,1.94141,1.94793,1.94793,7132983
1977-04-20,1.94793,1.96058,1.92313,1.94793,1.94793,5511382
1977-04-21,1.94793,1.96661,1.94793,1.94793,1.94793,3253551
1977-04-22,1.94793,1.94793,1.92916,1.92916,1.92916,2625085
1977-04-25,1.92313,1.92313,1.88569,1.89172,1.89172,2958707
1977-04-26,1.89172,1.91029,1.89172,1.91029,1.91029,3025959
1977-04-27,1.91029,1.92916,1.90427,1.91682,1.91682,2477669
1977-04-28,1.91682,1.93558,1.91682,1.92313,1.92313,2813885
1977-04-29,1.92313,1.92916,1.91029,1.92313,1.92313,2087133
1977-05-02,1.92313,1.94793,1.91682,1.94793,1.94793,2808705
1977-05-03,1.94793,1.96661,1.94793,1.95396,1.95396,2723360
1977-05-04,1.95396,1.96661,1.94793,1.96058,1.96058,2338003
1977-05-05,1.96058,1.97896,1.94793,1.96661,1.96661,2221618
1977-05-06,1.96661,1.96661,1.94141,1.96058,1.96058,3013026
1977-05-09,1.94141,1.94141,1.91682,1.92313,1.92313,2979399
1977-05-10,1.92313,1.93558,1.91682,1.92916,1.92916,4078572
1977-05-11,1.92916,1.92916,1.89844,1.90427,1.90427,2643183
1977-05-12,1.90427,1.91029,1.88569,1.90427,1.90427,3975122
1977-05-13,1.90427,1.92313,1.90427,1.91029,1.91029,2456971
1977-05-16,1.91029,1.93558,1.91029,1.92313,1.92313,1968164
1977-05-17,1.92313,1.92916,1.91029,1.92916,1.92916,1942300
1977-05-18,1.92916,1.95396,1.91682,1.92916,1.92916,3434589
1977-05-19,1.92916,1.95396,1.92916,1.94793,1.94793,3835472
1977-05-20,1.94793,1.95396,1.94141,1.94141,1.94141,2387144
1977-05-23,1.94141,1.95396,1.91029,1.91029,1.91029,2788019
1977-05-24,1.91029,1.92916,1.89844,1.91682,1.91682,3025959
1977-05-25,1.91682,1.91682,1.89172,1.91029,1.91029,2899223
1977-05-26,1.91029,1.91029,1.89172,1.91029,1.91029,2829398
1977-05-27,1.91029,1.91029,1.89844,1.90427,1.90427,2257823
1977-05-31,1.90427,1.91682,1.89844,1.90427,1.90427,2658701
1977-06-01,1.90427,1.91029,1.88569,1.91029,1.91029,2376799
1977-06-02,1.91029,1.91029,1.88569,1.89172,1.89172,3313035
1977-06-03,1.89172,1.91682,1.88569,1.89844,1.89844,3408732
1977-06-06,1.89844,1.90427,1.87314,1.87956,1.87956,3597525
1977-06-07,1.87956,1.89172,1.87314,1.89172,1.89172,4094091
1977-06-08,1.89172,1.91029,1.87314,1.89172,1.89172,3669938
1977-06-09,1.89172,1.90427,1.88569,1.90427,1.90427,3320789
1977-06-10,1.90427,1.90427,1.87956,1.89172,1.89172,5257926
1977-06-13,1.89844,1.91682,1.89844,1.91029,1.91029,4280305
1977-06-14,1.92313,1.95396,1.92313,1.94793,1.94793,5219131
1977-06-15,1.94793,1.96661,1.94793,1.94793,1.94793,2994920
1977-06-16,1.94793,1.96058,1.92916,1.94793,1.94793,4233756
1977-06-17,1.94793,1.94793,1.92916,1.93558,1.93558,2780259
1977-06-20,1.93558,1.94793,1.92916,1.94793,1.94793,2076790
1977-06-21,1.94793,1.96058,1.93558,1.94793,1.94793,4782047
1977-06-22,1.94793,1.96058,1.93558,1.94793,1.94793,3672528
1977-06-23,1.94793,1.94793,1.92916,1.93558,1.93558,5213952
1977-06-24,1.94793,1.96058,1.94793,1.94793,1.94793,2984574
1977-06-27,1.94793,1.96661,1.94793,1.96661,1.96661,3243199
1977-06-28,1.96661,1.98518,1.96058,1.96661,1.96661,3067340
1977-06-29,1.96661,1.97273,1.96058,1.96661,1.96661,3869091
1977-06-30,1.96661,1.99169,1.96661,1.99169,1.99169,3038886
1977-07-01,1.99169,2.00375,1.97896,1.98518,1.98518,2961298
1977-07-05,1.98518,1.98518,1.96661,1.97273,1.97273,3623388
1977-07-06,1.97273,1.98518,1.96661,1.97273,1.97273,2989747
1977-07-07,1.97896,1.99169,1.97896,1.98518,1.98518,2172481
1977-07-08,1.98518,1.99169,1.96661,1.97273,1.97273,1869884
1977-07-11,1.97273,1.97896,1.94141,1.94793,1.94793,4492385
1977-07-12,1.94793,1.96058,1.94141,1.94793,1.94793,3429419
1977-07-13,1.94793,1.97273,1.94793,1.97273,1.97273,2764738
1977-07-15,1.97273,2.00375,1.97273,1.99792,1.99792,4440659
1977-07-18,2.00375,2.03497,2.00375,2.02895,2.02895,2775087
1977-07-19,2.02895,2.04761,2.02895,2.0412,2.0412,2961298
1977-07-20,2.0412,2.07874,2.03497,2.0412,2.0412,5301893
1977-07-21,2.0412,2.0412,2.0163,2.02895,2.02895,3685459
1977-07-22,2.02895,2.0412,2.02262,2.02262,2.02262,3494069
1977-07-25,2.01017,2.01017,1.96661,1.96661,1.96661,7805412
1977-07-26,1.94793,1.94793,1.92313,1.92916,1.92916,7050222
1977-07-27,1.92916,1.92916,1.89172,1.89844,1.89844,6530375
1977-07-28,1.89844,1.92916,1.89172,1.91029,1.91029,3812195
1977-07-29,1.91029,1.92916,1.89172,1.92313,1.92313,3889780
1977-08-01,1.92313,1.92916,1.91029,1.92313,1.92313,3000095
1977-08-02,1.92313,1.92313,1.91029,1.92313,1.92313,2627670
1977-08-03,1.92313,1.92916,1.91029,1.92916,1.92916,2961298
1977-08-04,1.92916,1.94793,1.91682,1.92916,1.92916,2400072
1977-08-05,1.92916,1.94793,1.91682,1.92916,1.92916,2643183
1977-08-08,1.92916,1.93558,1.91682,1.92916,1.92916,1735399
1977-08-09,1.92916,1.92916,1.89172,1.89844,1.89844,4898430
1977-08-10,1.89844,1.91029,1.89172,1.90427,1.90427,2141443
1977-08-11,1.90427,1.91029,1.87314,1.87314,1.87314,5219131
1977-08-12,1.87314,1.89172,1.86079,1.87314,1.87314,2767327
1977-08-15,1.87314,1.89172,1.86701,1.87314,1.87314,3457867
1977-08-16,1.87314,1.87956,1.86079,1.86701,1.86701,4303582
1977-08-17,1.86701,1.86701,1.85448,1.85448,1.85448,3708735
1977-08-18,1.85448,1.86079,1.84845,1.84845,1.84845,3721666
1977-08-19,1.84845,1.84845,1.79252,1.79875,1.79875,8661479
1977-08-22,1.79875,1.8112,1.79875,1.80467,1.80467,6134671
1977-08-23,1.80467,1.8358,1.80467,1.8112,1.8112,8695096
1977-08-24,1.8112,1.81732,1.79875,1.79875,1.79875,3263893
1977-08-25,1.79252,1.79252,1.77376,1.77988,1.77988,4422549
1977-08-26,1.76763,1.76763,1.74886,1.76111,1.76111,6134671
1977-08-29,1.76111,1.79875,1.76111,1.79875,1.79875,3344070
1977-08-30,1.79875,1.81732,1.78601,1.79875,1.79875,3196656
1977-08-31,1.79875,1.80467,1.77376,1.80467,1.80467,2216451
1977-09-01,1.80467,1.81732,1.79875,1.80467,1.80467,2009544
1977-09-02,1.80467,1.82335,1.80467,1.81732,1.81732,5136369
1977-09-06,1.81732,1.8358,1.80467,1.82967,1.82967,4277721
1977-09-07,1.8358,1.85448,1.8358,1.85448,1.85448,4456176
1977-09-08,1.85448,1.86079,1.82967,1.8358,1.8358,5832080
1977-09-09,1.82967,1.82967,1.8112,1.81732,1.81732,6543309
1977-09-12,1.81732,1.81732,1.78601,1.80467,1.80467,7192465
1977-09-13,1.80467,1.81732,1.77988,1.79252,1.79252,3998399
1977-09-14,1.79252,1.79875,1.77988,1.79875,1.79875,3990640
1977-09-15,1.79875,1.81732,1.79252,1.80467,1.80467,3033718
1977-09-16,1.80467,1.8112,1.79875,1.79875,1.79875,3491487
1977-09-19,1.79875,1.81732,1.79875,1.80467,1.80467,4678591
1977-09-20,1.80467,1.82335,1.79875,1.81732,1.81732,4875151
1977-09-21,1.81732,1.82967,1.80467,1.80467,1.80467,3840638
1977-09-22,1.79875,1.79875,1.78601,1.79875,1.79875,4078572
1977-09-23,1.79875,1.79875,1.77988,1.78601,1.78601,3375107
1977-09-26,1.78601,1.79252,1.77376,1.79252,1.79252,3243199
1977-09-27,1.79252,1.79875,1.77376,1.77988,1.77988,4378583
1977-09-28,1.77988,1.79252,1.77376,1.78601,1.78601,2490591
1977-09-29,1.78601,1.79875,1.77988,1.79875,1.79875,3069922
1977-09-30,1.79875,1.8112,1.78601,1.79875,1.79875,4621694
1977-10-03,1.79875,1.80467,1.78601,1.79875,1.79875,3144930
1977-10-04,1.79875,1.81732,1.79875,1.79875,1.79875,4280305
1977-10-05,1.79875,1.79875,1.77988,1.79252,1.79252,4171682
1977-10-06,1.79252,1.80467,1.79252,1.79875,1.79875,2570763
1977-10-07,1.79875,1.80467,1.78601,1.79252,1.79252,2040584
1977-10-10,1.79252,1.79252,1.77988,1.78601,1.78601,1220725
1977-10-11,1.77988,1.77988,1.76111,1.76111,1.76111,3444936
1977-10-12,1.74886,1.74886,1.71754,1.7298,1.7298,5945879
1977-10-13,1.7298,1.74263,1.72396,1.72396,1.72396,4520828
1977-10-14,1.72396,1.74263,1.72396,1.7298,1.7298,4200132
1977-10-17,1.7298,1.74886,1.71122,1.74886,1.74886,2899223
1977-10-18,1.74886,1.76111,1.73641,1.73641,1.73641,3659597
1977-10-19,1.73641,1.74886,1.7298,1.7298,1.7298,3307859
1977-10-20,1.7298,1.74886,1.71754,1.74263,1.74263,2485422
1977-10-21,1.74263,1.74886,1.73641,1.74886,1.74886,2084549
1977-10-24,1.74886,1.74886,1.71122,1.72396,1.72396,2715602
1977-10-25,1.72396,1.72396,1.70529,1.71754,1.71754,3988055
1977-10-26,1.71754,1.7298,1.71122,1.7298,1.7298,3525113
1977-10-27,1.7298,1.74886,1.7298,1.7298,1.7298,3501834
1977-10-28,1.7298,1.74886,1.7298,1.74886,1.74886,1657808
1977-10-31,1.74886,1.76111,1.74886,1.75498,1.75498,1624187
1977-11-01,1.75498,1.75498,1.73641,1.74886,1.74886,2084549
1977-11-02,1.74886,1.75498,1.74263,1.74886,1.74886,2834570
1977-11-03,1.74886,1.76111,1.74886,1.76111,1.76111,5040673
1977-11-04,1.76111,1.76111,1.74263,1.74886,1.74886,3062163
1977-11-07,1.74886,1.75498,1.73641,1.73641,1.73641,3483730
1977-11-08,1.73641,1.74263,1.72396,1.7298,1.7298,1973338
1977-11-09,1.7298,1.7298,1.71122,1.72396,1.72396,1706946
1977-11-10,1.7298,1.76763,1.7298,1.75498,1.75498,5162232
1977-11-11,1.79875,1.81732,1.79875,1.81732,1.81732,3752701
1977-11-14,1.81732,1.82967,1.79875,1.79875,1.79875,2756979
1977-11-15,1.79875,1.81732,1.79252,1.79875,1.79875,2239724
1977-11-16,1.79875,1.8112,1.77988,1.77988,1.77988,3954438
1977-11-17,1.77988,1.78601,1.77376,1.77988,1.77988,3007850
1977-11-18,1.77988,1.78601,1.77376,1.77988,1.77988,3007850
1977-11-21,1.77988,1.77988,1.76111,1.76111,1.76111,3357003
1977-11-22,1.76111,1.77988,1.76111,1.77376,1.77376,2627670
1977-11-23,1.77376,1.77376,1.76111,1.77376,1.77376,3250965
1977-11-25,1.77376,1.77376,1.76111,1.76111,1.76111,1794885
1977-11-28,1.76111,1.76763,1.75498,1.75498,1.75498,3013026
1977-11-29,1.75498,1.75498,1.71754,1.72396,1.72396,6085535
1977-11-30,1.72396,1.73641,1.71122,1.7298,1.7298,3411314
1977-12-01,1.7298,1.74263,1.71122,1.71754,1.71754,5188093
1977-12-02,1.71122,1.71122,1.68652,1.69294,1.69294,5689833
1977-12-05,1.69294,1.70529,1.67416,1.69294,1.69294,3395796
1977-12-06,1.69294,1.69897,1.67416,1.68019,1.68019,5498446
1977-12-07,1.68019,1.69897,1.67416,1.69294,1.69294,3473387
1977-12-08,1.69294,1.7298,1.69294,1.72396,1.72396,3284587
1977-12-09,1.72396,1.74886,1.72396,1.74263,1.74263,3369934
1977-12-12,1.74263,1.76111,1.73641,1.75498,1.75498,5446721
1977-12-13,1.75498,1.75498,1.73641,1.74886,1.74886,4163924
1977-12-14,1.74886,1.74886,1.73641,1.74263,1.74263,3726838
1977-12-15,1.74263,1.74886,1.7298,1.73641,1.73641,4409619
1977-12-16,1.73641,1.74886,1.73641,1.73641,1.73641,2976817
1977-12-19,1.73641,1.74886,1.7298,1.74263,1.74263,3188898
1977-12-20,1.73641,1.73641,1.71122,1.72396,1.72396,6331232
1977-12-21,1.72396,1.7298,1.71122,1.7298,1.7298,9564097
1977-12-22,1.7298,1.74886,1.72396,1.7298,1.7298,5438961
1977-12-23,1.7298,1.74886,1.7298,1.74263,1.74263,4052715
1977-12-27,1.74886,1.77376,1.74886,1.77376,1.77376,3323377
1977-12-28,1.77376,1.77988,1.76111,1.77376,1.77376,4743252
1977-12-29,1.77376,1.77988,1.76111,1.77988,1.77988,3615627
1977-12-30,1.77988,1.79875,1.77988,1.79252,1.79252,2943191
1978-01-03,1.78601,1.78601,1.76111,1.76111,1.76111,4999293
1978-01-04,1.76111,1.76111,1.71122,1.7298,1.7298,14214239
1978-01-05,1.7298,1.74263,1.71122,1.71122,1.71122,4192373
1978-01-06,1.71122,1.7298,1.68652,1.69897,1.69897,6884702
1978-01-09,1.69897,1.69897,1.6553,1.67416,1.67416,6535550
1978-01-10,1.67416,1.68019,1.62428,1.62428,1.62428,5428616
1978-01-11,1.62428,1.64918,1.62428,1.64305,1.64305,5154468
1978-01-12,1.6553,1.68652,1.6553,1.6553,1.6553,5594140
1978-01-13,1.6553,1.66794,1.64918,1.6553,1.6553,3318209
1978-01-16,1.6553,1.6553,1.63673,1.64918,1.64918,4290648
1978-01-17,1.64918,1.64918,1.61805,1.62428,1.62428,8550273
1978-01-18,1.62428,1.63673,1.61805,1.63673,1.63673,4575142
1978-01-19,1.63673,1.64305,1.62428,1.63673,1.63673,4192373
1978-01-20,1.63673,1.63673,1.62428,1.63673,1.63673,1484532
1978-01-23,1.63673,1.63673,1.61805,1.62428,1.62428,3362173
1978-01-24,1.62428,1.63673,1.61805,1.61805,1.61805,3093201
1978-01-25,1.61805,1.63673,1.61805,1.63673,1.63673,3822534
1978-01-26,1.63673,1.63673,1.61805,1.61805,1.61805,6263985
1978-01-27,1.61805,1.6553,1.59947,1.6306,1.6306,5951044
1978-01-30,1.6306,1.68019,1.6306,1.67416,1.67416,3768224
1978-01-31,1.67416,1.70529,1.67416,1.70529,1.70529,3403551
1978-02-01,1.70529,1.73641,1.69294,1.7298,1.7298,6095881
1978-02-02,1.7298,1.75498,1.7298,1.74886,1.74886,5607077
1978-02-03,1.70529,1.70529,1.6553,1.6553,1.6553,5811389
1978-02-06,1.6553,1.67416,1.64918,1.67416,1.67416,1445732
1978-02-07,1.67416,1.69294,1.67416,1.69294,1.69294,2516458
1978-02-08,1.69294,1.7298,1.69294,1.69897,1.69897,4813079
1978-02-09,1.69897,1.71122,1.67416,1.68019,1.68019,2669054
1978-02-10,1.68019,1.71122,1.68019,1.69294,1.69294,2361280
1978-02-13,1.69294,1.69294,1.67416,1.67416,1.67416,2138859
1978-02-14,1.67416,1.67416,1.6553,1.6553,1.6553,2361280
1978-02-15,1.6553,1.66171,1.64305,1.6553,1.6553,2788019
1978-02-16,1.6553,1.6553,1.6306,1.63673,1.63673,3338898
1978-02-17,1.63673,1.6553,1.63673,1.64918,1.64918,3028539
1978-02-21,1.64918,1.66171,1.63673,1.6553,1.6553,3186307
1978-02-22,1.6553,1.67416,1.6553,1.6553,1.6553,3566487
1978-02-23,1.6553,1.67416,1.6553,1.67416,1.67416,3183716
1978-02-24,1.67416,1.68019,1.66794,1.67416,1.67416,4864813
1978-02-27,1.67416,1.68652,1.6553,1.6553,1.6553,3949261
1978-02-28,1.64305,1.64305,1.6306,1.63673,1.63673,6134671
1978-03-01,1.63673,1.64918,1.6306,1.64918,1.64918,3817362
1978-03-02,1.64918,1.6553,1.64305,1.64918,1.64918,3569076
1978-03-03,1.64918,1.6553,1.64305,1.6553,1.6553,3770806
1978-03-06,1.6553,1.6553,1.64305,1.6553,1.6553,2001789
1978-03-07,1.6553,1.6553,1.64305,1.6553,1.6553,3108719
1978-03-08,1.6553,1.6553,1.64918,1.64918,1.64918,2800950
1978-03-09,1.64918,1.6553,1.6306,1.63673,1.63673,4013916
1978-03-10,1.63673,1.67416,1.63673,1.66794,1.66794,6421750
1978-03-13,1.68019,1.69897,1.68019,1.69294,1.69294,5045846
1978-03-14,1.69294,1.69294,1.67416,1.69294,1.69294,3801844
1978-03-15,1.69294,1.69897,1.66794,1.69897,1.69897,4321689
1978-03-16,1.69294,1.69294,1.67416,1.68652,1.68652,4655319
1978-03-17,1.68652,1.72396,1.67416,1.71754,1.71754,3732010
1978-03-20,1.71754,1.7298,1.71754,1.72396,1.72396,3623388
1978-03-21,1.72396,1.72396,1.67416,1.68652,1.68652,5503620
1978-03-22,1.68652,1.69897,1.67416,1.69294,1.69294,3455277
1978-03-23,1.69294,1.69294,1.68019,1.68652,1.68652,2648357
1978-03-27,1.68652,1.68652,1.67416,1.67416,1.67416,2428522
1978-03-28,1.67416,1.68652,1.66171,1.68652,1.68652,2516458
1978-03-29,1.68652,1.71122,1.67416,1.67416,1.67416,2294038
1978-03-30,1.67416,1.68019,1.66794,1.67416,1.67416,2824229
1978-03-31,1.67416,1.67416,1.66171,1.66171,1.66171,4665663
1978-04-03,1.66171,1.66171,1.63673,1.6553,1.6553,4135473
1978-04-04,1.6553,1.66794,1.64918,1.66794,1.66794,3018196
1978-04-05,1.66794,1.69897,1.6553,1.68019,1.68019,2811297
1978-04-06,1.68019,1.69897,1.67416,1.67416,1.67416,3882014
1978-04-07,1.67416,1.68652,1.66794,1.68019,1.68019,5749317
1978-04-10,1.68019,1.69294,1.67416,1.69294,1.69294,4394106
1978-04-11,1.69294,1.69294,1.67416,1.69294,1.69294,4373411
1978-04-12,1.69294,1.69897,1.67416,1.68019,1.68019,5322580
1978-04-13,1.68019,1.69294,1.67416,1.69294,1.69294,4497553
1978-04-14,1.70529,1.74886,1.70529,1.74263,1.74263,6426929
1978-04-17,1.76111,1.78601,1.76111,1.76111,1.76111,9359773
1978-04-18,1.76111,1.76111,1.7298,1.73641,1.73641,7934735
1978-04-19,1.73641,1.75498,1.73641,1.75498,1.75498,4740666
1978-04-20,1.75498,1.77988,1.74886,1.75498,1.75498,6460541
1978-04-21,1.75498,1.76111,1.74263,1.75498,1.75498,4735491
1978-04-24,1.75498,1.77376,1.75498,1.77376,1.77376,4528588
1978-04-25,1.78601,1.8112,1.78601,1.79252,1.79252,8167496
1978-04-26,1.79252,1.79875,1.75498,1.79252,1.79252,7228673
1978-04-27,1.77988,1.77988,1.74886,1.74886,1.74886,5423448
1978-04-28,1.74886,1.75498,1.73641,1.75498,1.75498,5676899
1978-05-01,1.76111,1.78601,1.76111,1.77988,1.77988,4047539
1978-05-02,1.77988,1.78601,1.76763,1.77988,1.77988,4295822
1978-05-03,1.77988,1.79252,1.76763,1.77376,1.77376,5265685
1978-05-04,1.76111,1.76111,1.73641,1.76111,1.76111,5935532
1978-05-05,1.76111,1.81732,1.76111,1.8112,1.8112,11871059
1978-05-08,1.82335,1.85448,1.82335,1.82967,1.82967,6763144
1978-05-09,1.79252,1.79252,1.76111,1.77988,1.77988,10241700
1978-05-10,1.77988,1.78601,1.76763,1.76763,1.76763,3962192
1978-05-11,1.77376,1.78601,1.77376,1.78601,1.78601,3419070
1978-05-12,1.78601,1.81732,1.78601,1.78601,1.78601,4846700
1978-05-15,1.78601,1.79875,1.77988,1.79252,1.79252,3739770
1978-05-16,1.79252,1.79875,1.77988,1.78601,1.78601,6812285
1978-05-17,1.78601,1.79875,1.77988,1.79875,1.79875,4311339
1978-05-18,1.79252,1.79252,1.76763,1.77376,1.77376,4939808
1978-05-19,1.77376,1.77988,1.76111,1.76763,1.76763,3357003
1978-05-22,1.76763,1.79252,1.76763,1.77988,1.77988,3067340
1978-05-23,1.77988,1.77988,1.76111,1.76763,1.76763,4298405
1978-05-24,1.76763,1.76763,1.74886,1.75498,1.75498,3985472
1978-05-25,1.75498,1.76111,1.7298,1.73641,1.73641,4275129
1978-05-26,1.73641,1.74263,1.7298,1.7298,1.7298,2619907
1978-05-30,1.7298,1.75498,1.7298,1.74886,1.74886,2112994
1978-05-31,1.74886,1.76111,1.73641,1.74263,1.74263,3876848
1978-06-01,1.74263,1.74886,1.73641,1.73641,1.73641,4580317
1978-06-02,1.73641,1.74886,1.7298,1.74263,1.74263,3558734
1978-06-05,1.74263,1.76111,1.74263,1.76111,1.76111,4344964
1978-06-06,1.76111,1.77988,1.75498,1.76111,1.76111,4593247
1978-06-07,1.76111,1.76763,1.74263,1.76111,1.76111,4999293
1978-06-08,1.76111,1.76111,1.74886,1.75498,1.75498,4381173
1978-06-09,1.75498,1.76111,1.73641,1.74886,1.74886,4435485
1978-06-12,1.74886,1.75498,1.7298,1.73641,1.73641,7505410
1978-06-13,1.73641,1.75498,1.72396,1.74886,1.74886,4973429
1978-06-14,1.74886,1.77376,1.72396,1.7298,1.7298,10808095
1978-06-15,1.71754,1.71754,1.69294,1.69897,1.69897,5167403
1978-06-16,1.69897,1.69897,1.68019,1.68019,1.68019,4647562
1978-06-19,1.67416,1.67416,1.6553,1.67416,1.67416,3962192
1978-06-20,1.67416,1.67416,1.6553,1.66794,1.66794,5056194
1978-06-21,1.66794,1.66794,1.6553,1.66171,1.66171,4171682
1978-06-22,1.66171,1.66794,1.64305,1.6553,1.6553,4479450
1978-06-23,1.6553,1.66794,1.63673,1.63673,1.63673,3791501
1978-06-26,1.63673,1.64918,1.61182,1.62428,1.62428,5826904
1978-06-27,1.62428,1.63673,1.61182,1.63673,1.63673,5123434
1978-06-28,1.63673,1.63673,1.6306,1.63673,1.63673,3041474
1978-06-29,1.63673,1.64918,1.6306,1.63673,1.63673,5071707
1978-06-30,1.63673,1.63673,1.61805,1.63673,1.63673,3488901
1978-07-03,1.63673,1.66171,1.61805,1.6306,1.6306,1841438
1978-07-05,1.6306,1.6306,1.61182,1.61805,1.61805,4921706
1978-07-06,1.61805,1.6306,1.61805,1.62428,1.62428,5899321
1978-07-07,1.62428,1.6553,1.59947,1.64305,1.64305,4983774
1978-07-10,1.64305,1.6553,1.64305,1.64305,1.64305,3175961
1978-07-11,1.64918,1.69294,1.64918,1.68019,1.68019,6295019
1978-07-12,1.68019,1.70529,1.66171,1.67416,1.67416,7593341
1978-07-13,1.67416,1.67416,1.6553,1.67416,1.67416,3550971
1978-07-14,1.67416,1.69294,1.66794,1.68652,1.68652,5438961
1978-07-17,1.69294,1.71122,1.69294,1.69294,1.69294,4063057
1978-07-18,1.69294,1.69294,1.66171,1.66171,1.66171,5087226
1978-07-19,1.66171,1.68652,1.6553,1.68652,1.68652,3150101
1978-07-20,1.68652,1.71122,1.66794,1.67416,1.67416,14084923
1978-07-21,1.67416,1.68019,1.66794,1.67416,1.67416,3036301
1978-07-24,1.67416,1.67416,1.6553,1.66171,1.66171,3530284
1978-07-25,1.66171,1.68019,1.6553,1.68019,1.68019,6944183
1978-07-26,1.68019,1.70529,1.68019,1.69294,1.69294,6584690
1978-07-27,1.69897,1.7298,1.69897,1.71122,1.71122,6706244
1978-07-28,1.71122,1.7298,1.69897,1.72396,1.72396,3786321
1978-07-31,1.72396,1.73641,1.72396,1.7298,1.7298,5394995
1978-08-01,1.7298,1.74886,1.72396,1.73641,1.73641,5278608
1978-08-02,1.73641,1.8112,1.72396,1.8112,1.8112,8105426
1978-08-03,1.8112,1.82335,1.77988,1.77988,1.77988,10492572
1978-08-04,1.77988,1.80467,1.72396,1.79252,1.79252,6553652
1978-08-07,1.79252,1.8112,1.77988,1.78601,1.78601,4073406
1978-08-08,1.76763,1.76763,1.74886,1.75498,1.75498,4207895
1978-08-09,1.76111,1.77988,1.76111,1.76111,1.76111,7815760
1978-08-10,1.76111,1.76111,1.71754,1.7298,1.7298,5488098
1978-08-11,1.7298,1.74886,1.71122,1.73641,1.73641,6778658
1978-08-14,1.76111,1.77988,1.76111,1.77376,1.77376,4466518
1978-08-15,1.77376,1.77988,1.76111,1.77988,1.77988,3928572
1978-08-16,1.77988,1.80467,1.77988,1.79875,1.79875,5255338
1978-08-17,1.79875,1.81732,1.77988,1.78601,1.78601,5904489
1978-08-18,1.78601,1.79875,1.77988,1.77988,1.77988,4613937
1978-08-21,1.77988,1.80467,1.77988,1.79875,1.79875,3778567
1978-08-22,1.79875,1.81732,1.78601,1.8112,1.8112,5100159
1978-08-23,1.81732,1.8358,1.81732,1.82335,1.82335,8457159
1978-08-24,1.82335,1.84202,1.81732,1.82967,1.82967,7895936
1978-08-25,1.84202,1.87314,1.84202,1.85448,1.85448,8079564
1978-08-28,1.85448,1.85448,1.84202,1.85448,1.85448,4176855
1978-08-29,1.85448,1.85448,1.8358,1.84845,1.84845,4378583
1978-08-30,1.84845,1.86701,1.8358,1.8358,1.8358,4619110
1978-08-31,1.8358,1.85448,1.8358,1.8358,1.8358,2371621
1978-09-01,1.8358,1.87314,1.8358,1.87314,1.87314,5467411
1978-09-05,1.87314,1.89844,1.87314,1.89172,1.89172,6333819
1978-09-06,1.89844,1.93558,1.89844,1.92916,1.92916,7215747
1978-09-07,1.92916,1.92916,1.90427,1.90427,1.90427,3832875
1978-09-08,1.91029,1.92916,1.91029,1.92916,1.92916,3703563
1978-09-11,1.92916,1.96661,1.92313,1.92916,1.92916,7841627
1978-09-12,1.93558,1.96058,1.93558,1.96058,1.96058,5785534
1978-09-13,1.96058,1.97273,1.93558,1.94141,1.94141,7003666
1978-09-14,1.94141,1.94141,1.88569,1.88569,1.88569,4557036
1978-09-15,1.88569,1.88569,1.86701,1.87314,1.87314,4347548
1978-09-18,1.87314,1.89844,1.86079,1.87314,1.87314,4021679
1978-09-19,1.87314,1.88569,1.87314,1.87314,1.87314,3439765
1978-09-20,1.87314,1.89172,1.85448,1.85448,1.85448,5382062
1978-09-21,1.85448,1.87314,1.85448,1.87314,1.87314,4857049
1978-09-22,1.87314,1.88569,1.87314,1.87314,1.87314,3527693
1978-09-25,1.87314,1.89844,1.87314,1.89172,1.89172,2431115
1978-09-26,1.89844,1.93558,1.89844,1.92313,1.92313,8524407
1978-09-27,1.92313,1.93558,1.91029,1.91029,1.91029,8232159
1978-09-28,1.91029,1.92916,1.91029,1.92916,1.92916,3698388
1978-09-29,1.92916,1.94793,1.92916,1.92916,1.92916,8777866
1978-10-02,1.94141,1.95396,1.94141,1.94141,1.94141,4668245
1978-10-03,1.94141,1.95396,1.94141,1.94141,1.94141,3380278
1978-10-04,1.94141,1.94141,1.92313,1.94141,1.94141,4888085
1978-10-05,1.94141,1.95396,1.92916,1.94141,1.94141,3657008
1978-10-06,1.94141,1.96661,1.92916,1.95396,1.95396,5666557
1978-10-09,1.95396,1.99792,1.94793,1.96661,1.96661,3719076
1978-10-10,1.96661,1.96661,1.94793,1.95396,1.95396,3623388
1978-10-11,1.95396,1.97273,1.94793,1.97273,1.97273,4259615
1978-10-12,1.97273,1.97273,1.94793,1.94793,1.94793,6483820
1978-10-13,1.94793,1.96058,1.94793,1.95396,1.95396,2557841
1978-10-16,1.94793,1.94793,1.92313,1.92313,1.92313,3843223
1978-10-17,1.91029,1.91029,1.88569,1.89172,1.89172,4588074
1978-10-18,1.89172,1.89172,1.87314,1.87314,1.87314,4911360
1978-10-19,1.87314,1.89172,1.87314,1.87314,1.87314,3527693
1978-10-20,1.87314,1.87314,1.85448,1.85448,1.85448,10052897
1978-10-23,1.8358,1.8358,1.79875,1.8358,1.8358,7117465
1978-10-24,1.8358,1.85448,1.82967,1.8358,1.8358,5563102
1978-10-25,1.8358,1.85448,1.81732,1.85448,1.85448,3913052
1978-10-26,1.85448,1.85448,1.84202,1.85448,1.85448,4042364
1978-10-27,1.84845,1.84845,1.81732,1.82335,1.82335,6282088
1978-10-30,1.82335,1.8358,1.76763,1.8358,1.8358,5995011
1978-10-31,1.8358,1.8358,1.78601,1.78601,1.78601,5578618
1978-11-01,1.8112,1.85448,1.8112,1.85448,1.85448,7528684
1978-11-02,1.85448,1.86701,1.8358,1.86701,1.86701,6269159
1978-11-03,1.86701,1.96661,1.85448,1.96661,1.96661,8878724
1978-11-06,1.89844,1.89844,1.8358,1.8358,1.8358,6703662
1978-11-07,1.8358,1.8358,1.80467,1.80467,1.80467,3455277
1978-11-08,1.80467,1.8358,1.78601,1.8358,1.8358,4381173
1978-11-09,1.8358,1.87314,1.8358,1.8358,1.8358,5224301
1978-11-10,1.8358,1.87314,1.82967,1.85448,1.85448,3023368
1978-11-13,1.85448,1.85448,1.8112,1.81732,1.81732,3307859
1978-11-14,1.81732,1.82335,1.79875,1.8112,1.8112,3850982
1978-11-15,1.8112,1.82967,1.80467,1.8112,1.8112,2705256
1978-11-16,1.81732,1.84202,1.81732,1.84202,1.84202,3910465
1978-11-17,1.84202,1.87314,1.84202,1.86701,1.86701,3773393
1978-11-20,1.86701,1.87956,1.86701,1.86701,1.86701,10885685
1978-11-21,1.86701,1.87956,1.86079,1.86079,1.86079,3876848
1978-11-22,1.86079,1.87314,1.85448,1.87314,1.87314,2420763
1978-11-24,1.87314,1.88569,1.86701,1.87314,1.87314,2312137
1978-11-27,1.87314,1.87956,1.86701,1.86701,1.86701,2017301
1978-11-28,1.86701,1.87314,1.85448,1.85448,1.85448,5576037
1978-11-29,1.85448,1.85448,1.82335,1.82335,1.82335,5232061
1978-11-30,1.82335,1.8358,1.81732,1.82967,1.82967,3054406
1978-12-01,1.84845,1.86701,1.84845,1.86079,1.86079,4544110
1978-12-04,1.86079,1.87956,1.85448,1.86701,1.86701,4678591
1978-12-05,1.86701,1.87956,1.86079,1.87314,1.87314,3266483
1978-12-06,1.87956,1.89844,1.87956,1.89172,1.89172,4456176
1978-12-07,1.87314,1.87314,1.85448,1.86079,1.86079,5733797
1978-12-08,1.86079,1.86079,1.84845,1.84845,1.84845,3178548
1978-12-11,1.84845,1.86701,1.84845,1.86701,1.86701,6041568
1978-12-12,1.86701,1.86701,1.8358,1.84845,1.84845,3015609
1978-12-13,1.84845,1.86079,1.8358,1.84845,1.84845,2738880
1978-12-14,1.84845,1.85448,1.8358,1.85448,1.85448,2531974
1978-12-15,1.85448,1.85448,1.84202,1.85448,1.85448,4215651
1978-12-18,1.82967,1.82967,1.8112,1.81732,1.81732,4244100
1978-12-19,1.82335,1.86079,1.82335,1.8358,1.8358,4117374
1978-12-20,1.8358,1.8358,1.82335,1.82335,1.82335,4409619
1978-12-21,1.82335,1.8358,1.80467,1.80467,1.80467,5022566
1978-12-22,1.81732,1.8358,1.81732,1.8358,1.8358,5141540
1978-12-26,1.8358,1.8358,1.82335,1.82967,1.82967,3550971
1978-12-27,1.82967,1.8358,1.82335,1.82967,1.82967,4753594
1978-12-28,1.82967,1.84202,1.82335,1.82335,1.82335,5004465
1978-12-29,1.82335,1.84202,1.82335,1.82967,1.82967,2418175
1979-01-02,1.82967,1.8358,1.81732,1.8358,1.8358,4127714
1979-01-03,1.8358,1.85448,1.82967,1.84202,1.84202,3315622
1979-01-04,1.85448,1.87314,1.85448,1.86701,1.86701,7078666
1979-01-05,1.86701,1.88569,1.85448,1.87314,1.87314,6142436
1979-01-08,1.87314,1.87314,1.85448,1.86701,1.86701,3848392
1979-01-09,1.86701,1.88569,1.86079,1.87314,1.87314,4218237
1979-01-10,1.87314,1.87314,1.84202,1.84845,1.84845,3155268
1979-01-11,1.84845,1.84845,1.82335,1.84845,1.84845,3685459
1979-01-12,1.84845,1.86701,1.84202,1.84202,1.84202,3902708
1979-01-15,1.84202,1.85448,1.84202,1.84845,1.84845,3344070
1979-01-16,1.84845,1.85448,1.8358,1.8358,1.8358,3543215
1979-01-17,1.8358,1.85448,1.81732,1.8358,1.8358,4606182
1979-01-18,1.8358,1.84845,1.82335,1.82335,1.82335,3367346
1979-01-19,1.82335,1.84202,1.82335,1.82967,1.82967,2979399
1979-01-22,1.82967,1.8358,1.81732,1.8358,1.8358,3605283
1979-01-23,1.8358,1.85448,1.82967,1.85448,1.85448,4003572
1979-01-24,1.85448,1.85448,1.8358,1.84845,1.84845,3344070
1979-01-25,1.85448,1.88569,1.85448,1.87956,1.87956,4893256
1979-01-26,1.89172,1.91029,1.89172,1.91029,1.91029,6333819
1979-01-29,1.91029,1.92313,1.90427,1.90427,1.90427,3913052
1979-01-30,1.90427,1.92916,1.90427,1.91029,1.91029,4551866
1979-01-31,1.91029,1.92313,1.89172,1.90427,1.90427,8376986
1979-02-01,1.90427,1.91029,1.89172,1.90427,1.90427,6905388
1979-02-02,1.90427,1.91029,1.89172,1.89844,1.89844,5304476
1979-02-05,1.8358,1.8358,1.81732,1.81732,1.81732,5154468
1979-02-06,1.82967,1.85448,1.82967,1.84202,1.84202,4194963
1979-02-07,1.84202,1.85448,1.8358,1.85448,1.85448,5366546
1979-02-08,1.85448,1.86701,1.84845,1.86079,1.86079,4810494
1979-02-09,1.86701,1.89172,1.86701,1.87956,1.87956,5268268
1979-02-12,1.87956,1.87956,1.87314,1.87956,1.87956,5568277
1979-02-13,1.89172,1.91029,1.89172,1.89172,1.89172,4632044
1979-02-14,1.89172,1.91029,1.89172,1.89172,1.89172,4417383
1979-02-15,1.89172,1.89172,1.87956,1.88569,1.88569,2956126
1979-02-16,1.88569,1.90427,1.87956,1.89172,1.89172,5506209
1979-02-20,1.89172,1.90427,1.89172,1.90427,1.90427,3519939
1979-02-21,1.90427,1.91682,1.89844,1.91029,1.91029,5392410
1979-02-22,1.91029,1.91029,1.87956,1.87956,1.87956,7440748
1979-02-23,1.87956,1.87956,1.86701,1.87314,1.87314,3840638
1979-02-26,1.87314,1.87956,1.86701,1.87956,1.87956,3801844
1979-02-27,1.87314,1.87314,1.84845,1.85448,1.85448,4533761
1979-02-28,1.84845,1.84845,1.82967,1.8358,1.8358,3636320
1979-03-01,1.85448,1.85448,1.8358,1.85448,1.85448,4916533
1979-03-02,1.85448,1.86701,1.8358,1.86079,1.86079,4414792
1979-03-05,1.87314,1.89172,1.87314,1.88569,1.88569,4699281
1979-03-06,1.89844,1.91029,1.89844,1.90427,1.90427,4238927
1979-03-07,1.90427,1.94141,1.90427,1.92313,1.92313,5552759
1979-03-08,1.92313,1.94141,1.92313,1.94141,1.94141,6243299
1979-03-09,1.94141,1.96661,1.94141,1.94793,1.94793,9574440
1979-03-12,1.94793,1.95396,1.94141,1.95396,1.95396,5162232
1979-03-13,1.96661,1.99792,1.96661,1.97273,1.97273,15804805
1979-03-14,1.97273,2.00375,1.97273,1.98518,1.98518,7479545
1979-03-15,1.98518,1.99792,1.97273,1.98518,1.98518,6701072
1979-03-16,1.98518,2.0163,1.98518,2.01017,2.01017,9026143
1979-03-19,2.01017,2.0412,1.99169,2.00375,2.00375,12900404
1979-03-20,2.00375,2.0163,1.99169,2.01017,2.01017,13006445
1979-03-21,2.01017,2.01017,1.97273,1.99792,1.99792,10244283
1979-03-22,1.99792,2.01017,1.97273,1.97273,1.97273,5257926
1979-03-23,1.97273,1.97273,1.93558,1.93558,1.93558,7895936
1979-03-26,1.93558,1.95396,1.92916,1.94793,1.94793,4399271
1979-03-27,1.94793,1.96661,1.94141,1.96661,1.96661,4774289
1979-03-28,1.96661,1.97896,1.96058,1.96661,1.96661,7096772
1979-03-29,1.96661,1.97896,1.96058,1.96058,1.96058,3204406
1979-03-30,1.96058,1.96661,1.95396,1.96661,1.96661,3540628
1979-04-02,1.96058,1.96058,1.94141,1.96058,1.96058,4877742
1979-04-03,1.96058,1.98518,1.94793,1.98518,1.98518,4293234
1979-04-04,1.98518,2.00375,1.98518,1.98518,1.98518,5749317
1979-04-05,1.98518,2.01017,1.98518,2.01017,2.01017,4510485
1979-04-06,2.01017,2.0412,2.00375,2.00375,2.00375,5953634
1979-04-09,2.00375,2.00375,1.98518,1.99169,1.99169,3830289
1979-04-10,1.99169,2.0163,1.99169,1.99169,1.99169,4533761
1979-04-11,1.99169,2.01017,1.98518,1.99169,1.99169,7182120
1979-04-12,1.99169,1.99792,1.97896,1.98518,1.98518,3750117
1979-04-16,1.97273,1.97273,1.95396,1.95396,1.95396,5808805
1979-04-17,1.95396,1.96661,1.94793,1.94793,1.94793,3434589
1979-04-18,1.94793,1.96058,1.94793,1.95396,1.95396,3051818
1979-04-19,1.95396,1.96058,1.93558,1.93558,1.93558,3574249
1979-04-20,1.93558,1.94141,1.92916,1.92916,1.92916,3669938
1979-04-23,1.93558,1.96058,1.93558,1.94793,1.94793,3584594
1979-04-24,1.94793,1.98518,1.94793,1.97896,1.97896,6338992
1979-04-25,1.97896,2.00375,1.97896,1.99169,1.99169,3889780
1979-04-26,1.99169,2.00375,1.98518,1.98518,1.98518,4745838
1979-04-27,1.98518,1.98518,1.97273,1.97896,1.97896,3113890
1979-04-30,1.97896,1.99169,1.97896,1.97896,1.97896,3838053
1979-05-01,1.97896,1.98518,1.97896,1.97896,1.97896,2529386
1979-05-02,1.98518,2.01017,1.98518,2.01017,2.01017,3574249
1979-05-03,2.01017,2.02262,2.00375,2.01017,2.01017,4999293
1979-05-04,2.01017,2.0163,1.98518,1.98518,1.98518,3131995
1979-05-07,1.97896,1.97896,1.95396,1.95396,1.95396,3641488
1979-05-08,1.90427,1.90427,1.86079,1.90427,1.90427,5100159
1979-05-09,1.90427,1.91029,1.88569,1.89172,1.89172,3969953
1979-05-10,1.89172,1.89844,1.87956,1.87956,1.87956,3320789
1979-05-11,1.87956,1.87956,1.87314,1.87314,1.87314,3183716
1979-05-14,1.87314,1.87314,1.84845,1.84845,1.84845,6514860
1979-05-15,1.84845,1.85448,1.8358,1.8358,1.8358,5113088
1979-05-16,1.8358,1.84845,1.82967,1.84202,1.84202,3988055
1979-05-17,1.85448,1.89844,1.85448,1.89844,1.89844,4016507
1979-05-18,1.89844,1.97273,1.88569,1.92916,1.92916,6602795
1979-05-21,1.92916,1.94141,1.91682,1.93558,1.93558,4277721
1979-05-22,1.93558,1.94793,1.92916,1.94141,1.94141,6129502
1979-05-23,1.94141,1.94793,1.90427,1.91029,1.91029,5420860
1979-05-24,1.89172,1.89172,1.88569,1.88569,1.88569,3941502
1979-05-25,1.88569,1.89172,1.87314,1.89172,1.89172,3486315
1979-05-29,1.89172,1.90427,1.87956,1.88569,1.88569,3809600
1979-05-30,1.88569,1.89172,1.86079,1.86079,1.86079,3126820
1979-05-31,1.85448,1.85448,1.84202,1.85448,1.85448,5056194
1979-06-01,1.85448,1.86079,1.84202,1.84845,1.84845,3023368
1979-06-04,1.84845,1.87314,1.84845,1.87314,1.87314,4425138
1979-06-05,1.87314,1.91029,1.87314,1.89172,1.89172,3988055
1979-06-06,1.91029,1.94141,1.91029,1.93558,1.93558,6300201
1979-06-07,1.93558,1.96058,1.92916,1.92916,1.92916,6646757
1979-06-08,1.92916,1.94141,1.91029,1.91682,1.91682,6160542
1979-06-11,1.91682,1.92916,1.91682,1.92916,1.92916,7438165
1979-06-12,1.92916,1.94793,1.92916,1.92916,1.92916,6165711
1979-06-13,1.92916,1.92916,1.86079,1.86079,1.86079,8366641
1979-06-14,1.86079,1.90427,1.84202,1.86701,1.86701,5932943
1979-06-15,1.86701,1.89172,1.86701,1.87314,1.87314,3941502
1979-06-18,1.88569,1.90427,1.88569,1.88569,1.88569,5146714
1979-06-19,1.89172,1.91029,1.89172,1.89844,1.89844,5726039
1979-06-20,1.89844,1.91029,1.89172,1.90427,1.90427,5795873
1979-06-21,1.90427,1.92313,1.90427,1.91682,1.91682,3594944
1979-06-22,1.92313,1.93558,1.92313,1.92916,1.92916,3530284
1979-06-25,1.92916,1.92916,1.92313,1.92313,1.92313,4797560
1979-06-26,1.92916,1.94793,1.92916,1.94141,1.94141,4988949
1979-06-27,1.94141,1.96058,1.93558,1.94793,1.94793,3861328
1979-06-28,1.94793,1.98518,1.94141,1.98518,1.98518,7101947
1979-06-29,1.98518,2.00375,1.97896,2.00375,2.00375,7854561
1979-07-02,2.00375,2.00375,1.99792,2.00375,2.00375,7070906
1979-07-03,1.99169,1.99169,1.97273,1.97896,1.97896,6013117
1979-07-05,1.99792,2.01017,1.99792,2.01017,2.01017,8498545
1979-07-06,2.01017,2.02895,2.01017,2.02262,2.02262,7370920
1979-07-09,2.0412,2.05996,2.0412,2.05996,2.05996,6188986
1979-07-10,2.05996,2.07874,2.05996,2.07212,2.07212,7187297
1979-07-11,2.07212,2.07874,2.01017,2.01017,2.01017,8190769
1979-07-12,2.01017,2.01017,1.97896,1.98518,1.98518,4875151
1979-07-13,1.98518,2.00375,1.97896,1.98518,1.98518,8483024
1979-07-16,1.98518,2.00375,1.98518,1.98518,1.98518,4942393
1979-07-17,1.98518,1.99792,1.98518,1.98518,1.98518,3843223
1979-07-18,1.98518,1.98518,1.86079,1.97896,1.97896,6416582
1979-07-19,1.97896,1.99169,1.95396,1.95396,1.95396,6646757
1979-07-20,1.95396,1.96058,1.94141,1.95396,1.95396,5175162
1979-07-23,1.94793,1.94793,1.91682,1.92916,1.92916,6538138
1979-07-24,1.93558,1.96661,1.93558,1.96661,1.96661,2873362
1979-07-25,1.96661,2.03497,1.96058,2.03497,2.03497,9018387
1979-07-26,2.02895,2.02895,2.0163,2.02262,2.02262,4520828
1979-07-27,2.02262,2.04761,2.01017,2.04761,2.04761,5899321
1979-07-30,2.04761,2.04761,2.03497,2.0412,2.0412,2868194
1979-07-31,2.0412,2.0412,2.02262,2.0412,2.0412,4083749
1979-08-01,2.0412,2.0412,2.02262,2.0412,2.0412,4453589
1979-08-02,2.0412,2.04761,2.03497,2.03497,2.03497,5751903
1979-08-03,2.03497,2.03497,2.0163,2.02895,2.02895,10446015
1979-08-06,2.02895,2.0412,2.0163,2.0412,2.0412,6478653
1979-08-07,2.0412,2.0412,2.00375,2.01017,2.01017,6876939
1979-08-08,2.01017,2.0163,1.99792,1.99792,1.99792,8925283
1979-08-09,1.99792,2.00375,1.97896,1.98518,1.98518,8552856
1979-08-10,1.98518,1.98518,1.96661,1.96661,1.96661,8100256
1979-08-13,1.97273,2.01017,1.97273,2.01017,2.01017,5904489
1979-08-14,2.01017,2.0163,1.99792,2.0163,2.0163,7520927
1979-08-15,2.01017,2.01017,1.99792,2.00375,2.00375,3393207
1979-08-16,2.00375,2.01017,1.98518,1.98518,1.98518,5901912
1979-08-17,1.98518,2.01017,1.97896,2.00375,2.00375,4427721
1979-08-20,2.00375,2.0163,2.00375,2.0163,2.0163,3406141
1979-08-21,2.0163,2.02895,2.0163,2.02262,2.02262,3284587
1979-08-22,2.02262,2.0412,2.0163,2.0412,2.0412,5115678
1979-08-23,2.0412,2.05374,2.0412,2.0412,2.0412,9383054
1979-08-24,2.0412,2.05996,2.03497,2.05374,2.05374,4383756
1979-08-27,2.0659,2.11589,2.0659,2.10373,2.10373,9230467
1979-08-28,2.10986,2.11589,2.10986,2.11589,2.11589,4176855
1979-08-29,2.11589,2.11589,2.10986,2.11589,2.11589,5126019
1979-08-30,2.11589,2.1222,2.09721,2.10373,2.10373,3072511
1979-08-31,2.10373,2.11589,2.07874,2.09099,2.09099,4223408
1979-09-04,2.09099,2.09099,2.0412,2.0412,2.0412,6274338
1979-09-05,2.0412,2.0412,2.01017,2.03497,2.03497,7960596
1979-09-06,2.04761,2.0659,2.04761,2.05996,2.05996,4510485
1979-09-07,2.05996,2.1222,2.05996,2.1222,2.1222,5625177
1979-09-10,2.1222,2.13474,2.11589,2.13474,2.13474,7389025
1979-09-11,2.13474,2.14078,2.10373,2.1222,2.1222,7083839
1979-09-12,2.1222,2.12833,2.10373,2.10986,2.10986,4355311
1979-09-13,2.10373,2.10373,2.07874,2.09099,2.09099,4461345
1979-09-14,2.09099,2.13474,2.08486,2.12833,2.12833,7650238
1979-09-17,2.13474,2.15362,2.13474,2.13474,2.13474,4557036
1979-09-18,2.13474,2.13474,2.11589,2.1222,2.1222,3726838
1979-09-19,2.1222,2.13474,2.1222,2.13474,2.13474,3998399
1979-09-20,2.13474,2.22811,2.12833,2.22811,2.22811,7239020
1979-09-21,2.22811,2.24697,2.19076,2.19076,2.19076,7482133
1979-09-24,2.19076,2.20311,2.18453,2.18453,2.18453,4704455
1979-09-25,2.17851,2.17851,2.15964,2.17851,2.17851,5038088
1979-09-26,2.19076,2.22188,2.19076,2.20311,2.20311,4308751
1979-09-27,2.20311,2.20925,2.19076,2.20925,2.20925,4820838
1979-09-28,2.20925,2.22811,2.19076,2.1968,2.1968,6403645
1979-10-01,2.19076,2.19076,2.16558,2.17191,2.17191,4194963
1979-10-02,2.17191,2.17851,2.15362,2.17191,2.17191,4864813
1979-10-03,2.17191,2.17191,2.15362,2.15362,2.15362,5299302
1979-10-04,2.15362,2.15362,2.13474,2.14681,2.14681,5731209
1979-10-05,2.15362,2.24027,2.15362,2.22811,2.22811,11377082
1979-10-08,2.23424,2.28432,2.23424,2.24697,2.24697,9142530
1979-10-09,2.22811,2.22811,2.18453,2.19076,2.19076,6716586
1979-10-10,2.16558,2.16558,2.07874,2.16558,2.16558,12494355
1979-10-11,2.16558,2.17191,2.1222,2.15362,2.15362,6825214
1979-10-12,2.15362,2.17191,2.10986,2.11589,2.11589,6113989
1979-10-15,2.11589,2.11589,2.10373,2.11589,2.11589,4463932
1979-10-16,2.11589,2.13474,2.11589,2.11589,2.11589,5754489
1979-10-17,2.11589,2.15964,2.11589,2.13474,2.13474,6716586
1979-10-18,2.13474,2.17851,2.13474,2.16558,2.16558,5162232
1979-10-19,2.13474,2.15964,2.13474,2.13474,2.13474,4758767
1979-10-22,2.1222,2.1222,2.09721,2.10373,2.10373,7213162
1979-10-23,2.10373,2.10373,2.05374,2.0659,2.0659,7784727
1979-10-24,2.0659,2.09721,2.04761,2.08486,2.08486,6864008
1979-10-25,2.08486,2.10986,2.07212,2.07874,2.07874,3452694
1979-10-26,2.07874,2.09721,2.07212,2.09721,2.09721,6401064
1979-10-29,2.10986,2.12833,2.10986,2.11589,2.11589,6739866
1979-10-30,2.11589,2.17191,2.09721,2.15964,2.15964,4582900
1979-10-31,2.15964,2.17191,2.13474,2.14078,2.14078,6307962
1979-11-01,2.14078,2.17191,2.13474,2.17191,2.17191,5436379
1979-11-02,2.15362,2.15362,2.13474,2.15362,2.15362,3894951
1979-11-05,2.15362,2.15362,2.12833,2.12833,2.12833,4743252
1979-11-06,2.12833,2.13474,2.11589,2.1222,2.1222,2702669
1979-11-07,2.10986,2.10986,2.08486,2.09721,2.09721,4813079
1979-11-08,2.07874,2.09721,2.07874,2.07874,2.07874,4965673
1979-11-09,2.09721,2.11589,2.09721,2.10986,2.10986,2539733
1979-11-12,2.11589,2.19076,2.11589,2.19076,2.19076,3258726
1979-11-13,2.19076,2.1968,2.15362,2.15362,2.15362,3126820
1979-11-14,2.15362,2.15964,2.13474,2.14078,2.14078,6845904
1979-11-15,2.15362,2.1968,2.15362,2.17851,2.17851,5630352
1979-11-16,2.17851,2.18453,2.16558,2.17191,2.17191,3752701
1979-11-19,2.17191,2.18453,2.15964,2.17191,2.17191,5508793
1979-11-20,2.17191,2.18453,2.14681,2.15362,2.15362,5958803
1979-11-21,2.14681,2.14681,2.11589,2.11589,2.11589,9584786
1979-11-23,2.11589,2.13474,2.11589,2.11589,2.11589,2425939
1979-11-26,2.11589,2.15362,2.11589,2.13474,2.13474,7611442
1979-11-27,2.12833,2.12833,2.09721,2.11589,2.11589,11506396
1979-11-28,2.11589,2.15362,2.11589,2.14681,2.14681,3843223
1979-11-29,2.15964,2.17191,2.15964,2.16558,2.16558,3871672
1979-11-30,2.16558,2.17191,2.14681,2.15964,2.15964,4088920
1979-12-03,2.15362,2.15362,2.12833,2.13474,2.13474,4482041
1979-12-04,2.13474,2.15964,2.13474,2.15362,2.15362,5601896
1979-12-05,2.15362,2.17191,2.13474,2.14078,2.14078,5193263
1979-12-06,2.14078,2.15362,2.13474,2.14681,2.14681,4101856
1979-12-07,2.14681,2.15362,2.09099,2.11589,2.11589,12046923
1979-12-10,2.11589,2.11589,2.09721,2.09721,2.09721,10577920
1979-12-11,2.09721,2.11589,2.09721,2.11589,2.11589,6644173
1979-12-12,2.11589,2.11589,2.09721,2.09721,2.09721,7034701
1979-12-13,2.09721,2.10986,2.07874,2.10373,2.10373,7099364
1979-12-14,2.10373,2.10986,2.09721,2.09721,2.09721,10598611
1979-12-17,2.09721,2.12833,2.08486,2.1222,2.1222,14289238
1979-12-18,2.1222,2.13474,2.10986,2.11589,2.11589,12328831
1979-12-19,2.10373,2.10373,2.09099,2.09721,2.09721,8578721
1979-12-20,2.09721,2.09721,2.05996,2.05996,2.05996,7316609
1979-12-21,2.05996,2.0659,2.0412,2.0412,2.0412,9941689
1979-12-24,2.0412,2.05374,2.0412,2.0412,2.0412,2981987
1979-12-26,2.0412,2.0659,2.0412,2.05374,2.05374,5340684
1979-12-27,2.05374,2.05996,2.04761,2.05996,2.05996,4474279
1979-12-28,2.05996,2.05996,2.04761,2.05996,2.05996,5842424
1979-12-31,2.05996,2.05996,2.04761,2.05374,2.05374,3362173
1980-01-02,2.05374,2.05996,1.99792,2.00375,2.00375,10704648
1980-01-03,1.97896,1.97896,1.93558,1.95396,1.95396,11674502
1980-01-04,1.95396,1.98518,1.95396,1.97273,1.97273,7727826
1980-01-07,1.97273,2.00375,1.96058,1.96661,1.96661,13466805
1980-01-08,1.96661,1.98518,1.94793,1.97896,1.97896,13009031
1980-01-09,1.97896,1.99169,1.94793,1.96058,1.96058,14819429
1980-01-10,1.96058,1.96661,1.94141,1.95396,1.95396,12220212
1980-01-11,1.95396,1.96058,1.94141,1.94793,1.94793,11467601
1980-01-14,1.95396,1.97896,1.95396,1.97896,1.97896,16805696
1980-01-15,1.97896,2.03497,1.97273,2.02895,2.02895,10233944
1980-01-16,2.0412,2.09721,2.0412,2.04761,2.04761,13702149
1980-01-17,2.04761,2.07874,2.04761,2.05996,2.05996,9755474
1980-01-18,2.05996,2.07874,2.05996,2.05996,2.05996,6714007
1980-01-21,2.0659,2.09099,2.0659,2.07874,2.07874,9727022
1980-01-22,2.07874,2.09721,2.07874,2.08486,2.08486,10016693
1980-01-23,2.08486,2.16558,2.07212,2.16558,2.16558,9289943
1980-01-24,2.17191,2.20925,2.17191,2.19076,2.19076,10950345
1980-01-25,2.18453,2.18453,2.15964,2.15964,2.15964,8216639
1980-01-28,2.15964,2.24697,2.15964,2.22188,2.22188,8638198
1980-01-29,2.22188,2.24027,2.19076,2.22188,2.22188,10841716
1980-01-30,2.22188,2.26515,2.20925,2.26515,2.26515,9326156
1980-01-31,2.26515,2.35852,2.26515,2.26515,2.26515,18489373
1980-02-01,2.26515,2.35229,2.25894,2.35229,2.35229,11542607
1980-02-04,2.34004,2.34004,2.27138,2.2778,2.2778,15230647
1980-02-05,2.2778,2.28432,2.2528,2.26515,2.26515,8889073
1980-02-06,2.2778,2.33392,2.2778,2.33392,2.33392,9551160
1980-02-07,2.35229,2.40871,2.35229,2.39003,2.39003,20542886
1980-02-08,2.39003,2.47065,2.38342,2.46452,2.46452,12434873
1980-02-11,2.46452,2.50168,2.46452,2.47065,2.47065,16901389
1980-02-12,2.47065,2.47697,2.42728,2.47697,2.47697,9401156
1980-02-13,2.47697,2.51422,2.39003,2.48913,2.48913,10435672
1980-02-14,2.48913,2.52054,2.40871,2.41473,2.41473,11203801
1980-02-15,2.40871,2.40871,2.37107,2.38342,2.38342,7614032
1980-02-19,2.35852,2.35852,2.31514,2.34004,2.34004,8648545
1980-02-20,2.35229,2.40871,2.35229,2.40871,2.40871,13151273
1980-02-21,2.40871,2.47697,2.35229,2.39003,2.39003,11428806
1980-02-22,2.39003,2.47697,2.35852,2.42728,2.42728,10117562
1980-02-25,2.42728,2.43963,2.38342,2.43311,2.43311,8651131
1980-02-26,2.43311,2.47697,2.41473,2.46452,2.46452,9442538
1980-02-27,2.46452,2.52054,2.46452,2.46452,2.46452,14369413
1980-02-28,2.46452,2.4831,2.42728,2.43311,2.43311,8162329
1980-02-29,2.43311,2.44585,2.40871,2.43311,2.43311,4502728
1980-03-03,2.43311,2.44585,2.40209,2.40209,2.40209,7363157
1980-03-04,2.40209,2.42728,2.37748,2.42728,2.42728,7945077
1980-03-05,2.42728,2.48913,2.39626,2.40871,2.40871,13438349
1980-03-06,2.40871,2.41473,2.32739,2.35229,2.35229,8229563
1980-03-07,2.32118,2.32118,2.25894,2.26515,2.26515,13689224
1980-03-10,2.25894,2.25894,2.20925,2.25894,2.25894,19363536
1980-03-11,2.25894,2.28432,2.2528,2.2778,2.2778,10215838
1980-03-12,2.2778,2.29658,2.24697,2.29015,2.29015,7960596
1980-03-13,2.29015,2.3028,2.26515,2.26515,2.26515,7420057
1980-03-14,2.25894,2.25894,2.22811,2.23424,2.23424,9677889
1980-03-17,2.20925,2.20925,2.14681,2.14681,2.14681,7893355
1980-03-18,2.14681,2.20311,2.13474,2.1968,2.1968,13991822
1980-03-19,2.1968,2.21576,2.18453,2.19076,2.19076,9372711
1980-03-20,2.19076,2.20311,2.15362,2.15362,2.15362,11247769
1980-03-21,2.16558,2.21576,2.16558,2.17851,2.17851,7582994
1980-03-24,2.17191,2.17191,2.11589,2.1222,2.1222,7006256
1980-03-25,2.1222,2.12833,2.05996,2.07874,2.07874,12592639
1980-03-26,2.07874,2.12833,2.07874,2.08486,2.08486,8620094
1980-03-27,2.07212,2.07212,2.0163,2.05996,2.05996,11027925
1980-03-28,2.05996,2.13474,2.05996,2.1222,2.1222,7577827
1980-03-31,2.1222,2.15362,2.11589,2.15362,2.15362,5674311
1980-04-01,2.15362,2.15362,2.11589,2.11589,2.11589,10950345
1980-04-02,2.11589,2.12833,2.10373,2.10373,2.10373,6739866
1980-04-03,2.10373,2.11589,2.08486,2.11589,2.11589,8506299
1980-04-07,2.11589,2.11589,2.0659,2.0659,2.0659,6248470
1980-04-08,2.05996,2.05996,2.02895,2.04761,2.04761,10073596
1980-04-09,2.0659,2.14078,2.0659,2.14078,2.14078,6913150
1980-04-10,2.14078,2.15362,2.1222,2.14681,2.14681,6222608
1980-04-11,2.14681,2.15362,2.13474,2.13474,2.13474,6605377
1980-04-14,2.1222,2.1222,2.10986,2.11589,2.11589,5441551
1980-04-15,2.11589,2.15362,2.11589,2.13474,2.13474,4588074
1980-04-16,2.13474,2.17191,2.09721,2.10373,2.10373,13743532
1980-04-17,2.11589,2.14681,2.11589,2.12833,2.12833,7228673
1980-04-18,2.12833,2.13474,2.10373,2.10986,2.10986,4660490
1980-04-21,2.10986,2.13474,2.10986,2.12833,2.12833,4316514
1980-04-22,2.15362,2.20311,2.15362,2.20311,2.20311,11480532
1980-04-23,2.20311,2.22811,2.1968,2.20925,2.20925,7132983
1980-04-24,2.20925,2.22811,2.19076,2.20925,2.20925,13122826
1980-04-25,2.20925,2.22811,2.1968,2.22811,2.22811,4725152
1980-04-28,2.22811,2.26515,2.22188,2.24027,2.24027,9098559
1980-04-29,2.24027,2.2528,2.22811,2.24697,2.24697,5596728
1980-04-30,2.24697,2.26515,2.22811,2.26515,2.26515,10391701
1980-05-01,2.26515,2.28432,2.25894,2.25894,2.25894,11325359
1980-05-02,2.25894,2.25894,2.24027,2.25894,2.25894,6256229
1980-05-05,2.26515,2.29658,2.26515,2.29015,2.29015,9851170
1980-05-06,2.3028,2.32739,2.3028,2.32118,2.32118,10572747
1980-05-07,2.27138,2.27138,2.24697,2.26515,2.26515,10725336
1980-05-08,2.26515,2.2778,2.24697,2.2528,2.2528,10492572
1980-05-09,2.24027,2.24027,2.21576,2.22188,2.22188,6801937
1980-05-12,2.20925,2.20925,2.1968,2.1968,2.1968,8964074
1980-05-13,2.20311,2.24697,2.20311,2.23424,2.23424,7182120
1980-05-14,2.24697,2.28432,2.24697,2.25894,2.25894,6310542
1980-05-15,2.25894,2.26515,2.22811,2.22811,2.22811,6005359
1980-05-16,2.24027,2.25894,2.24027,2.24697,2.24697,6119156
1980-05-19,2.2528,2.33392,2.2528,2.32118,2.32118,7720064
1980-05-20,2.32118,2.33392,2.31514,2.32118,2.32118,5945879
1980-05-21,2.32118,2.32739,2.29658,2.32739,2.32739,6773489
1980-05-22,2.32739,2.37107,2.32739,2.35852,2.35852,9582196
1980-05-23,2.37107,2.40871,2.37107,2.39626,2.39626,11356394
1980-05-27,2.40871,2.43963,2.40871,2.42728,2.42728,7381265
1980-05-28,2.42728,2.43963,2.40871,2.42728,2.42728,10585676
1980-05-29,2.42728,2.42728,2.35229,2.35852,2.35852,9432191
1980-05-30,2.35852,2.38342,2.33392,2.38342,2.38342,8462334
1980-06-02,2.38342,2.40209,2.37107,2.37107,2.37107,5614831
1980-06-03,2.37107,2.38342,2.36494,2.37107,2.37107,4536354
1980-06-04,2.37107,2.44585,2.36494,2.43963,2.43963,7619202
1980-06-05,2.43963,2.4581,2.41473,2.41473,2.41473,6620897
1980-06-06,2.42116,2.43963,2.42116,2.42728,2.42728,3962192
1980-06-09,2.43311,2.45179,2.43311,2.44585,2.44585,7357989
1980-06-10,2.44585,2.52054,2.44585,2.52054,2.52054,15365138
1980-06-11,2.52054,2.57666,2.4831,2.57666,2.57666,8953729
1980-06-12,2.57666,2.57666,2.50168,2.57033,2.57033,11061551
1980-06-13,2.55157,2.55157,2.4831,2.48913,2.48913,7492479
1980-06-16,2.48913,2.52054,2.48913,2.50168,2.50168,5348441
1980-06-17,2.50168,2.52054,2.49575,2.50168,2.50168,6579517
1980-06-18,2.50168,2.59523,2.48913,2.55769,2.55769,8524407
1980-06-19,2.55769,2.57666,2.52054,2.52054,2.52054,7352816
1980-06-20,2.52054,2.53289,2.50168,2.51422,2.51422,6284682
1980-06-23,2.52054,2.56392,2.52054,2.55157,2.55157,5609658
1980-06-24,2.55157,2.55157,2.52054,2.53902,2.53902,4691523
1980-06-25,2.53902,2.57033,2.53902,2.55769,2.55769,7745935
1980-06-26,2.55769,2.60156,2.55769,2.56392,2.56392,9129597
1980-06-27,2.56392,2.57033,2.53902,2.54524,2.54524,5767421
1980-06-30,2.53902,2.53902,2.46452,2.46452,2.46452,8676996
1980-07-01,2.47697,2.50819,2.47697,2.49575,2.49575,7169191
1980-07-02,2.49575,2.51422,2.49575,2.50168,2.50168,7536440
1980-07-03,2.52054,2.57033,2.52054,2.57033,2.57033,5565690
1980-07-07,2.57033,2.57666,2.55769,2.57033,2.57033,6941593
1980-07-08,2.57033,2.57033,2.53902,2.53902,2.53902,6111396
1980-07-09,2.53902,2.58901,2.52686,2.53289,2.53289,5687245
1980-07-10,2.52686,2.52686,2.49575,2.49575,2.49575,8483024
1980-07-11,2.49575,2.53902,2.4831,2.53902,2.53902,5943287
1980-07-14,2.53902,2.61351,2.53902,2.59523,2.59523,4877742
1980-07-15,2.59523,2.61351,2.57666,2.58268,2.58268,5845013
1980-07-16,2.58268,2.60758,2.57666,2.58268,2.58268,8020079
1980-07-17,2.59523,2.6886,2.59523,2.63851,2.63851,7195054
1980-07-18,2.63851,2.63851,2.60156,2.61351,2.61351,8713199
1980-07-21,2.62013,2.68227,2.62013,2.68227,2.68227,7479545
1980-07-22,2.68227,2.70698,2.66992,2.66992,2.66992,7624372
1980-07-23,2.66992,2.6886,2.6636,2.6886,2.6886,5488098
1980-07-24,2.6886,2.6886,2.65115,2.65718,2.65718,9269257
1980-07-25,2.65718,2.65718,2.62646,2.62646,2.62646,5832080
1980-07-28,2.62646,2.6636,2.61351,2.6636,2.6636,5056194
1980-07-29,2.6636,2.6886,2.6636,2.6886,2.6886,5697595
1980-07-30,2.68227,2.68227,2.63238,2.63238,2.63238,11154662
1980-07-31,2.60758,2.60758,2.56392,2.59523,2.59523,17990217
1980-08-01,2.59523,2.63851,2.58268,2.62013,2.62013,13112477
1980-08-04,2.62013,2.62646,2.58901,2.60758,2.60758,13492662
1980-08-05,2.60758,2.62013,2.60156,2.61351,2.61351,8379571
1980-08-06,2.61351,2.63851,2.61351,2.63851,2.63851,7355399
1980-08-07,2.60156,2.60156,2.58268,2.60156,2.60156,12150380
1980-08-08,2.60156,2.62013,2.58901,2.59523,2.59523,6201920
1980-08-11,2.59523,2.63238,2.59523,2.63238,2.63238,9794270
1980-08-12,2.63238,2.63851,2.61351,2.61351,2.61351,5801043
1980-08-13,2.61351,2.63238,2.60758,2.61351,2.61351,6176054
1980-08-14,2.61351,2.6636,2.61351,2.6636,2.6636,5400163
1980-08-15,2.6636,2.6886,2.65115,2.6886,2.6886,9765819
1980-08-18,2.66992,2.66992,2.62013,2.62013,2.62013,9108907
1980-08-19,2.62013,2.63851,2.60758,2.60758,2.60758,4510485
1980-08-20,2.60758,2.64492,2.60758,2.64492,2.64492,4396688
1980-08-21,2.64492,2.66992,2.63851,2.66992,2.66992,4414792
1980-08-22,2.67605,2.70698,2.67605,2.6886,2.6886,6794181
1980-08-25,2.6886,2.6886,2.6636,2.67605,2.67605,4451006
1980-08-26,2.67605,2.70085,2.66992,2.67605,2.67605,4564800
1980-08-27,2.67605,2.67605,2.65115,2.6636,2.6636,6385545
1980-08-28,2.6636,2.6636,2.60758,2.60758,2.60758,5930358
1980-08-29,2.60758,2.61351,2.58901,2.60758,2.60758,4383756
1980-09-02,2.60758,2.65115,2.60758,2.63238,2.63238,5157056
1980-09-03,2.65718,2.68227,2.65718,2.67605,2.67605,5658795
1980-09-04,2.67605,2.72554,2.65718,2.66992,2.66992,8221809
1980-09-05,2.66992,2.68227,2.66992,2.67605,2.67605,5632934
1980-09-08,2.66992,2.66992,2.61351,2.61351,2.61351,6507103
1980-09-09,2.60758,2.60758,2.58268,2.60156,2.60156,7363157
1980-09-10,2.61351,2.67605,2.61351,2.65718,2.65718,13127997
1980-09-11,2.65718,2.66992,2.63238,2.64492,2.64492,5596728
1980-09-12,2.64492,2.65115,2.60758,2.61351,2.61351,3962192
1980-09-15,2.61351,2.62013,2.59523,2.61351,2.61351,5927766
1980-09-16,2.61351,2.62013,2.58901,2.59523,2.59523,6401064
1980-09-17,2.59523,2.60758,2.59523,2.59523,2.59523,5762249
1980-09-18,2.59523,2.60156,2.57666,2.58901,2.58901,9618405
1980-09-19,2.58901,2.59523,2.54524,2.55157,2.55157,9957206
1980-09-22,2.55157,2.57666,2.51422,2.56392,2.56392,10171867
1980-09-23,2.56392,2.60758,2.55769,2.57033,2.57033,12093483
1980-09-24,2.57666,2.6636,2.57666,2.65115,2.65115,8495954
1980-09-25,2.65115,2.6886,2.63238,2.65115,2.65115,8697687
1980-09-26,2.62013,2.62013,2.59523,2.61351,2.61351,7851971
1980-09-29,2.59523,2.59523,2.54524,2.55157,2.55157,7461443
1980-09-30,2.55769,2.61351,2.55769,2.59523,2.59523,5438961
1980-10-01,2.59523,2.67605,2.54524,2.67605,2.67605,13624565
1980-10-02,2.67605,2.74461,2.65718,2.73207,2.73207,13259898
1980-10-03,2.73207,2.74461,2.71952,2.71952,2.71952,7826109
1980-10-06,2.71952,2.80704,2.71952,2.80053,2.80053,8408021
1980-10-07,2.80053,2.80704,2.77563,2.79421,2.79421,5087226
1980-10-08,2.79421,2.81901,2.78186,2.81288,2.81288,5084640
1980-10-09,2.81288,2.85022,2.80053,2.80053,2.80053,7169191
1980-10-10,2.80053,2.82542,2.79421,2.79421,2.79421,5058780
1980-10-13,2.80053,2.87521,2.80053,2.85644,2.85644,3413897
1980-10-14,2.86899,2.88776,2.86899,2.87521,2.87521,5252753
1980-10-15,2.87521,2.96226,2.87521,2.95603,2.95603,8829587
1980-10-16,2.95603,3.00592,2.91255,2.91888,2.91888,9054592
1980-10-17,2.91888,2.925,2.88776,2.925,2.925,7745935
1980-10-20,2.925,2.96857,2.90623,2.96857,2.96857,5211374
1980-10-21,2.96226,2.96226,2.90623,2.93123,2.93123,5674311
1980-10-22,2.93123,2.93755,2.90623,2.91888,2.91888,5265685
1980-10-23,2.91888,2.93755,2.90011,2.90011,2.90011,4590657
1980-10-24,2.90011,2.90623,2.88144,2.90623,2.90623,6191574
1980-10-27,2.90011,2.90011,2.87521,2.87521,2.87521,4419972
1980-10-28,2.87521,2.88776,2.86899,2.88776,2.88776,3719076
1980-10-29,2.88776,2.89389,2.85644,2.85644,2.85644,9695992
1980-10-30,2.85644,2.86276,2.80704,2.81901,2.81901,4482041
1980-10-31,2.81901,2.85022,2.80053,2.83778,2.83778,7422648
1980-11-03,2.83778,2.94358,2.83778,2.93123,2.93123,7898522
1980-11-05,2.98112,3.03713,2.98112,2.98112,2.98112,13327142
1980-11-06,2.98112,2.98112,2.94358,2.95,2.95,5989841
1980-11-07,2.95,2.96226,2.94358,2.94358,2.94358,3512178
1980-11-10,2.96226,2.98112,2.96226,2.98112,2.98112,3271648
1980-11-11,2.99377,3.04366,2.99377,3.02468,3.02468,6044157
1980-11-12,3.02468,3.03713,2.99377,3.02468,3.02468,8695096
1980-11-13,3.02468,3.06194,3.02468,3.06194,3.06194,12207283
1980-11-14,3.06194,3.11163,3.04949,3.08041,3.08041,10802922
1980-11-17,3.08041,3.11163,3.07429,3.11163,3.11163,6970045
1980-11-18,3.11163,3.19274,3.11163,3.17397,3.17397,9972729
1980-11-19,3.17397,3.29835,3.17397,3.23008,3.23008,8700274
1980-11-20,3.23008,3.27978,3.21092,3.26101,3.26101,8126115
1980-11-21,3.26101,3.30458,3.24224,3.26724,3.26724,5366546
1980-11-24,3.24224,3.24224,3.18642,3.22414,3.22414,6287264
1980-11-25,3.22414,3.24224,3.14898,3.19887,3.19887,7360574
1980-11-26,3.20499,3.26101,3.20499,3.23008,3.23008,6610556
1980-11-28,3.23611,3.29223,3.23611,3.27376,3.27376,3447521
1980-12-01,3.27376,3.27376,3.19887,3.20499,3.20499,3623388
1980-12-02,3.20499,3.21092,3.11163,3.14898,3.14898,5816560
1980-12-03,3.14898,3.15539,3.11766,3.1305,3.1305,3437176
1980-12-04,3.1305,3.1305,3.06816,3.06816,3.06816,6051908
1980-12-05,3.04366,3.04366,2.98112,2.98112,2.98112,7758863
1980-12-08,2.96226,2.96226,2.91255,2.925,2.925,9879620
1980-12-09,2.925,2.97479,2.89389,2.95603,2.95603,6995906
1980-12-10,2.95603,3.01215,2.95,2.96857,2.96857,10448601
1980-12-11,2.95603,2.95603,2.86899,2.89389,2.89389,10704648
1980-12-12,2.90623,2.95,2.90623,2.93123,2.93123,7908867
1980-12-15,2.93123,2.97479,2.93123,2.94358,2.94358,3954438
1980-12-16,2.94358,3.05581,2.94358,3.03713,3.03713,6530375
1980-12-17,3.06816,3.14898,3.06816,3.14295,3.14295,6168299
1980-12-18,3.14295,3.19274,3.1054,3.1054,3.1054,9359773
1980-12-19,3.1054,3.1054,3.05581,3.06194,3.06194,11620195
1980-12-22,3.06194,3.07429,3.01847,3.04366,3.04366,5687245
1980-12-23,3.04366,3.05581,2.98112,2.99377,2.99377,7205402
1980-12-24,2.99377,2.99969,2.98112,2.99377,2.99377,2648357
1980-12-26,2.99377,3.01215,2.97479,3.01215,3.01215,2700089
1980-12-29,3.01215,3.01215,2.98715,2.98715,2.98715,2123341
1980-12-30,2.99377,3.01847,2.99377,3.00592,3.00592,1854368
1980-12-31,3.00592,3.03713,2.99377,2.99969,2.99969,2687150
1981-01-02,2.99969,3.02468,2.98715,3.01847,3.01847,2356105
1981-01-05,3.01847,3.04366,3.01847,3.01847,3.01847,6054498
1981-01-06,3.01847,3.05581,2.96857,2.99969,2.99969,5801043
1981-01-07,2.95603,2.95603,2.90623,2.94358,2.94358,10195148
1981-01-08,2.93755,2.93755,2.81288,2.85644,2.85644,12584878
1981-01-09,2.85644,2.88144,2.81901,2.88144,2.88144,7756283
1981-01-12,2.88776,2.93755,2.88776,2.89389,2.89389,13852156
1981-01-13,2.89389,2.95,2.89389,2.95,2.95,5288959
1981-01-14,2.95,2.96857,2.90623,2.91888,2.91888,6390716
1981-01-15,2.91888,2.97479,2.90623,2.97479,2.97479,5966570
1981-01-16,2.97479,2.99377,2.95603,2.98112,2.98112,8252840
1981-01-19,2.98112,2.98112,2.95603,2.96857,2.96857,4052715
1981-01-20,2.96857,2.97479,2.91255,2.91255,2.91255,5213952
1981-01-21,2.90623,2.90623,2.87521,2.89389,2.89389,4081160
1981-01-22,2.89389,2.89389,2.85022,2.86276,2.86276,4339793
1981-01-23,2.85644,2.85644,2.83778,2.83778,2.83778,3522521
1981-01-26,2.83778,2.85022,2.83165,2.83778,2.83778,3695797
1981-01-27,2.83778,2.89389,2.83165,2.89389,2.89389,5596728
1981-01-28,2.89389,2.89389,2.85644,2.85644,2.85644,5984670
1981-01-29,2.85644,2.89389,2.85644,2.88776,2.88776,9168388
1981-01-30,2.88776,2.925,2.87521,2.89389,2.89389,13503002
1981-02-02,2.88144,2.88144,2.81901,2.82542,2.82542,13373697
1981-02-03,2.80704,2.80704,2.76932,2.80704,2.80704,8599406
1981-02-04,2.80704,2.81901,2.78186,2.78186,2.78186,6677796
1981-02-05,2.78186,2.80053,2.78186,2.80053,2.80053,5431204
1981-02-06,2.80053,2.81901,2.77563,2.78186,2.78186,11051206
1981-02-09,2.76309,2.76309,2.72554,2.72554,2.72554,6631241
1981-02-10,2.72554,2.73207,2.70085,2.70698,2.70698,17232437
1981-02-11,2.70698,2.71349,2.65115,2.65115,2.65115,8226982
1981-02-12,2.65718,2.68227,2.65718,2.67605,2.67605,4564800
1981-02-13,2.67605,2.67605,2.64492,2.65718,2.65718,6240711
1981-02-17,2.6636,2.72554,2.6636,2.71952,2.71952,6998493
1981-02-18,2.71952,2.72554,2.70085,2.70698,2.70698,4898430
1981-02-19,2.70085,2.70085,2.64492,2.64492,2.64492,5105330
1981-02-20,2.63238,2.63238,2.61351,2.62646,2.62646,6370028
1981-02-23,2.62646,2.65115,2.60758,2.63238,2.63238,5813978
1981-02-24,2.63238,2.65115,2.62646,2.63238,2.63238,6147605
1981-02-25,2.63238,2.66992,2.59523,2.66992,2.66992,5772594
1981-02-26,2.66992,2.67605,2.63238,2.65115,2.65115,7060564
1981-02-27,2.65115,2.68227,2.63851,2.68227,2.68227,5294134
1981-03-02,2.68227,2.71952,2.6636,2.70698,2.70698,6623480
1981-03-03,2.70698,2.70698,2.66992,2.66992,2.66992,3367346
1981-03-04,2.66992,2.67605,2.65115,2.65115,2.65115,4073406
1981-03-05,2.64492,2.64492,2.58901,2.59523,2.59523,4813079
1981-03-06,2.59523,2.60156,2.53902,2.57033,2.57033,10104627
1981-03-09,2.58268,2.61351,2.58268,2.59523,2.59523,5436379
1981-03-10,2.60758,2.63238,2.60758,2.62013,2.62013,10996897
1981-03-11,2.61351,2.61351,2.58268,2.59523,2.59523,4800151
1981-03-12,2.60156,2.67605,2.60156,2.66992,2.66992,6646757
1981-03-13,2.66992,2.67605,2.61351,2.61351,2.61351,9866687
1981-03-16,2.61351,2.65115,2.60758,2.63238,2.63238,4624285
1981-03-17,2.63238,2.65115,2.59523,2.60156,2.60156,9985661
1981-03-18,2.60156,2.61351,2.57666,2.58901,2.58901,6403645
1981-03-19,2.58268,2.58268,2.52054,2.53289,2.53289,12747810
1981-03-20,2.53902,2.57666,2.53902,2.56392,2.56392,13042651
1981-03-23,2.57666,2.63238,2.57666,2.63238,2.63238,13086615
1981-03-24,2.63238,2.67605,2.61351,2.63238,2.63238,12473669
1981-03-25,2.63238,2.66992,2.63238,2.66992,2.66992,6783834
1981-03-26,2.66992,2.66992,2.61351,2.61351,2.61351,7567478
1981-03-27,2.61351,2.61351,2.57033,2.58901,2.58901,7650238
1981-03-30,2.58901,2.59523,2.57033,2.57033,2.57033,6292433
1981-03-31,2.57033,2.58901,2.53902,2.55769,2.55769,9349425
1981-04-01,2.55769,2.57033,2.54524,2.56392,2.56392,6326061
1981-04-02,2.55769,2.55769,2.53289,2.54524,2.54524,7285568
1981-04-03,2.54524,2.55769,2.53289,2.53902,2.53902,9820132
1981-04-06,2.53902,2.53902,2.50819,2.53902,2.53902,6421750
1981-04-07,2.53902,2.54524,2.52054,2.53902,2.53902,7683861
1981-04-08,2.53902,2.55769,2.53902,2.55769,2.55769,4249264
1981-04-09,2.55157,2.55157,2.49575,2.52686,2.52686,12163312
1981-04-10,2.52686,2.53902,2.50819,2.52054,2.52054,6975219
1981-04-13,2.50819,2.50819,2.48913,2.49575,2.49575,14015094
1981-04-14,2.49575,2.50168,2.4831,2.48913,2.48913,12411600
1981-04-15,2.48913,2.51422,2.48913,2.51422,2.51422,12812468
1981-04-16,2.51422,2.52686,2.50168,2.52054,2.52054,11289150
1981-04-20,2.52054,2.52054,2.48913,2.52054,2.52054,7104527
1981-04-21,2.52054,2.52054,2.49575,2.49575,2.49575,8226982
1981-04-22,2.49575,2.50819,2.4831,2.50168,2.50168,9866687
1981-04-23,2.49575,2.49575,2.46452,2.46452,2.46452,11286560
1981-04-24,2.46452,2.52054,2.46452,2.51422,2.51422,12675400
1981-04-27,2.51422,2.55769,2.51422,2.55157,2.55157,7407129
1981-04-28,2.55157,2.55769,2.51422,2.55157,2.55157,9339085
1981-04-29,2.55157,2.55157,2.52054,2.54524,2.54524,8030426
1981-04-30,2.54524,2.56392,2.53902,2.55157,2.55157,12980578
1981-05-01,2.55157,2.57666,2.54524,2.55769,2.55769,8488196
1981-05-04,2.55157,2.55157,2.52054,2.52054,2.52054,6910563
1981-05-05,2.52054,2.53902,2.50168,2.53902,2.53902,11118450
1981-05-06,2.53902,2.55157,2.52054,2.53289,2.53289,11987446
1981-05-07,2.53289,2.55157,2.52686,2.53902,2.53902,14687527
1981-05-08,2.53902,2.53902,2.52054,2.53289,2.53289,17480718
1981-05-11,2.47697,2.47697,2.40871,2.42116,2.42116,6936426
1981-05-12,2.42116,2.42116,2.40209,2.42116,2.42116,13572839
1981-05-13,2.42116,2.42728,2.37107,2.38342,2.38342,10960687
1981-05-14,2.38342,2.40871,2.37107,2.39626,2.39626,8966661
1981-05-15,2.39626,2.41473,2.39003,2.40209,2.40209,7844211
1981-05-18,2.42116,2.44585,2.42116,2.44585,2.44585,7883005
1981-05-19,2.44585,2.45179,2.39003,2.41473,2.41473,12109000
1981-05-20,2.41473,2.42728,2.40871,2.41473,2.41473,5583795
1981-05-21,2.41473,2.42116,2.39003,2.40209,2.40209,5384652
1981-05-22,2.40209,2.40871,2.38342,2.39626,2.39626,5552759
1981-05-26,2.40871,2.49575,2.40871,2.48913,2.48913,12902992
1981-05-27,2.48913,2.52054,2.47697,2.50819,2.50819,14615112
1981-05-28,2.50819,2.50819,2.42728,2.4581,2.4581,11508981
1981-05-29,2.44585,2.44585,2.40209,2.40871,2.40871,8449401
1981-06-01,2.41473,2.43963,2.41473,2.42728,2.42728,9036489
1981-06-02,2.42728,2.44585,2.40871,2.42116,2.42116,13399551
1981-06-03,2.42116,2.42116,2.38342,2.42116,2.42116,10122731
1981-06-04,2.42116,2.43311,2.42116,2.43311,2.43311,9152875
1981-06-05,2.43963,2.49575,2.43963,2.49575,2.49575,9217533
1981-06-08,2.49575,2.50168,2.4581,2.47065,2.47065,7756283
1981-06-09,2.47065,2.49575,2.45179,2.4831,2.4831,6266572
1981-06-10,2.4831,2.53289,2.47697,2.52054,2.52054,7541619
1981-06-11,2.53289,2.54524,2.53289,2.53902,2.53902,5819146
1981-06-12,2.65115,2.65115,2.47697,2.50168,2.50168,5184212
1981-06-15,2.53289,2.57033,2.53289,2.53902,2.53902,6335110
1981-06-16,2.53902,2.53902,2.50168,2.52054,2.52054,7180832
1981-06-17,2.52054,2.63238,2.50168,2.63238,2.63238,9132183
1981-06-18,2.63238,2.64492,2.57666,2.60758,2.60758,8572252
1981-06-19,2.60758,2.63238,2.57666,2.63238,2.63238,9538228
1981-06-22,2.63238,2.65115,2.61351,2.63238,2.63238,5960099
1981-06-23,2.61351,2.61351,2.55769,2.60758,2.60758,9180031
1981-06-24,2.60758,2.60758,2.57666,2.58901,2.58901,5666557
1981-06-25,2.58901,2.63238,2.58901,2.61351,2.61351,5731209
1981-06-26,2.61351,2.61351,2.57033,2.58901,2.58901,4249264
1981-06-29,2.58901,2.59523,2.55769,2.57033,2.57033,3986759
1981-06-30,2.57033,2.57033,2.53902,2.55157,2.55157,5648451
1981-07-01,2.55157,2.57033,2.52054,2.53902,2.53902,5532070
1981-07-02,2.53902,2.57033,2.47697,2.50168,2.50168,7535150
1981-07-06,2.50168,2.53289,2.46452,2.51422,2.51422,10880508
1981-07-07,2.53289,2.57033,2.53289,2.55769,2.55769,7857144
1981-07-08,2.55769,2.60758,2.53902,2.57666,2.57666,6385545
1981-07-09,2.57666,2.58901,2.53902,2.57666,2.57666,6126917
1981-07-10,2.57666,2.57666,2.55157,2.55769,2.55769,3532870
1981-07-13,2.55769,2.57666,2.55769,2.55769,2.55769,3291055
1981-07-14,2.55769,2.57033,2.53289,2.55769,2.55769,5525601
1981-07-15,2.55769,2.57033,2.53289,2.53289,2.53289,8353708
1981-07-16,2.53289,2.57033,2.53289,2.55769,2.55769,5595434
1981-07-17,2.55769,2.57033,2.53902,2.55157,2.55157,5480345
1981-07-20,2.55157,2.55157,2.51422,2.53289,2.53289,5330341
1981-07-21,2.52054,2.52054,2.4831,2.49575,2.49575,5663966
1981-07-22,2.49575,2.52054,2.4831,2.50168,2.50168,9430901
1981-07-23,2.50168,2.55769,2.49575,2.55157,2.55157,7782142
1981-07-24,2.55157,2.60758,2.55157,2.58901,2.58901,4610057
1981-07-27,2.60758,2.65115,2.60758,2.64492,2.64492,5330341
1981-07-28,2.64492,2.65115,2.60758,2.61351,2.61351,6474768
1981-07-29,2.61351,2.62646,2.59523,2.59523,2.59523,3584594
1981-07-30,2.59523,2.61351,2.58901,2.59523,2.59523,5803627
1981-07-31,2.59523,2.61351,2.58901,2.59523,2.59523,5353616
1981-08-03,2.59523,2.61351,2.58901,2.59523,2.59523,6028634
1981-08-04,2.59523,2.61351,2.58901,2.61351,2.61351,3628561
1981-08-05,2.61351,2.65115,2.61351,2.65115,2.65115,6778658
1981-08-06,2.65115,2.68227,2.64492,2.65115,2.65115,5268268
1981-08-07,2.62646,2.62646,2.59523,2.60758,2.60758,6338992
1981-08-10,2.60758,2.63238,2.59523,2.62646,2.62646,5656207
1981-08-11,2.62646,2.65115,2.62646,2.64492,2.64492,6990735
1981-08-12,2.64492,2.6636,2.61351,2.61351,2.61351,10158942
1981-08-13,2.61351,2.61351,2.59523,2.59523,2.59523,5784228
1981-08-14,2.59523,2.62646,2.59523,2.61351,2.61351,4771699
1981-08-17,2.61351,2.63238,2.58901,2.58901,2.58901,9183911
1981-08-18,2.58901,2.61351,2.53289,2.58901,2.58901,5610948
1981-08-19,2.58901,2.58901,2.53902,2.57666,2.57666,4087633
1981-08-20,2.57666,2.59523,2.57666,2.59523,2.59523,3049236
1981-08-21,2.57666,2.57666,2.53289,2.55157,2.55157,4522124
1981-08-24,2.53289,2.53289,2.46452,2.47697,2.47697,10717586
1981-08-25,2.46452,2.46452,2.42728,2.4581,2.4581,7811880
1981-08-26,2.4581,2.47697,2.44585,2.46452,2.46452,4722559
1981-08-27,2.46452,2.52054,2.44585,2.4581,2.4581,4333326
1981-08-28,2.4581,2.46452,2.42728,2.4581,2.4581,5335519
1981-08-31,2.4581,2.4831,2.40871,2.42116,2.42116,4171682
1981-09-01,2.42116,2.4581,2.42116,2.4581,2.4581,3774684
1981-09-02,2.4581,2.47697,2.43963,2.44585,2.44585,3240620
1981-09-03,2.44585,2.46452,2.42116,2.43963,2.43963,3925983
1981-09-04,2.43963,2.44585,2.39003,2.39003,2.39003,6007946
1981-09-08,2.39003,2.40209,2.33392,2.35229,2.35229,6626071
1981-09-09,2.35229,2.39003,2.30893,2.37107,2.37107,7180832
1981-09-10,2.38342,2.44585,2.38342,2.44585,2.44585,12512458
1981-09-11,2.44585,2.51422,2.42116,2.50168,2.50168,6126917
1981-09-14,2.47697,2.47697,2.44585,2.4581,2.4581,2825518
1981-09-15,2.4581,2.4581,2.37107,2.37107,2.37107,6498048
1981-09-16,2.37107,2.39003,2.35229,2.37107,2.37107,6954526
1981-09-17,2.37107,2.40209,2.35229,2.35229,2.35229,5517847
1981-09-18,2.35229,2.35229,2.30893,2.32118,2.32118,14282779
1981-09-21,2.32118,2.35229,2.30893,2.34627,2.34627,6174762
1981-09-22,2.33392,2.33392,2.3028,2.30893,2.30893,7107117
1981-09-23,2.30893,2.34627,2.2528,2.3028,2.3028,6388131
1981-09-24,2.3028,2.32739,2.23424,2.26515,2.26515,14476745
1981-09-25,2.2528,2.2528,2.21576,2.23424,2.23424,14396572
1981-09-28,2.23424,2.30893,2.20925,2.30893,2.30893,10623175
1981-09-29,2.30893,2.36494,2.29015,2.32739,2.32739,8657597
1981-09-30,2.32739,2.32739,2.3028,2.32118,2.32118,4794972
1981-10-01,2.32118,2.32118,2.23424,2.29015,2.29015,14395280
1981-10-02,2.29015,2.33392,2.28432,2.32118,2.32118,9988246
1981-10-05,2.32118,2.34627,2.27138,2.29015,2.29015,7925683
1981-10-06,2.29015,2.33392,2.2528,2.29015,2.29015,7661880
1981-10-07,2.29015,2.29015,2.26515,2.29015,2.29015,9142530
1981-10-08,2.29015,2.3028,2.24697,2.29015,2.29015,5309648
1981-10-09,2.29015,2.3028,2.26515,2.27138,2.27138,5904489
1981-10-12,2.27138,2.3028,2.26515,2.3028,2.3028,4678591
1981-10-13,2.3028,2.32118,2.27138,2.27138,2.27138,6778658
1981-10-14,2.27138,2.29015,2.23424,2.23424,2.23424,9524004
1981-10-15,2.23424,2.26515,2.23424,2.2528,2.2528,8821830
1981-10-16,2.2528,2.26515,2.23424,2.24697,2.24697,4943692
1981-10-19,2.24697,2.26515,2.24697,2.26515,2.26515,5440259
1981-10-20,2.26515,2.29015,2.2528,2.28432,2.28432,11320177
1981-10-21,2.28432,2.3028,2.26515,2.27138,2.27138,7213162
1981-10-22,2.27138,2.28432,2.24697,2.27138,2.27138,8455870
1981-10-23,2.26515,2.26515,2.23424,2.24697,2.24697,9522715
1981-10-26,2.23424,2.23424,2.1968,2.23424,2.23424,9114083
1981-10-27,2.23424,2.27138,2.23424,2.26515,2.26515,5791992
1981-10-28,2.26515,2.3028,2.2528,2.28432,2.28432,5807508
1981-10-29,2.28432,2.3028,2.24697,2.27138,2.27138,4003572
1981-10-30,2.27138,2.28432,2.24697,2.26515,2.26515,8830877
1981-11-02,2.26515,2.3028,2.2528,2.27138,2.27138,11251644
1981-11-03,2.27138,2.34627,2.26515,2.33392,2.33392,14365538
1981-11-04,2.33392,2.35229,2.32118,2.34627,2.34627,9818839
1981-11-05,2.30893,2.30893,2.26515,2.28432,2.28432,9981781
1981-11-06,2.28432,2.28432,2.24697,2.24697,2.24697,5534658
1981-11-09,2.24697,2.27138,2.24697,2.26515,2.26515,5784228
1981-11-10,2.26515,2.27138,2.24697,2.26515,2.26515,8894246
1981-11-11,2.26515,2.26515,2.22811,2.23424,2.23424,11043445
1981-11-12,2.23424,2.28432,2.23424,2.28432,2.28432,15599192
1981-11-13,2.28432,2.29015,2.26515,2.27138,2.27138,10620590
1981-11-16,2.27138,2.28432,2.24697,2.28432,2.28432,7037289
1981-11-17,2.28432,2.3028,2.27138,2.3028,2.3028,7602393
1981-11-18,2.3028,2.33392,2.3028,2.30893,2.30893,12202104
1981-11-19,2.30893,2.32739,2.29015,2.32118,2.32118,7179535
1981-11-20,2.32739,2.37107,2.32739,2.35229,2.35229,10417566
1981-11-23,2.35229,2.40209,2.35229,2.35229,2.35229,8693806
1981-11-24,2.37107,2.40209,2.37107,2.40209,2.40209,6783834
1981-11-25,2.40209,2.42116,2.39003,2.40871,2.40871,8701567
1981-11-27,2.40871,2.44585,2.40209,2.42116,2.42116,5129900
1981-11-30,2.42116,2.4581,2.42116,2.43963,2.43963,6093297
1981-12-01,2.43963,2.46452,2.42116,2.44585,2.44585,6576934
1981-12-02,2.44585,2.44585,2.40871,2.42116,2.42116,4699281
1981-12-03,2.42116,2.42728,2.40209,2.42728,2.42728,6764435
1981-12-04,2.42728,2.4581,2.42116,2.43963,2.43963,6195452
1981-12-07,2.43963,2.44585,2.40209,2.40871,2.40871,6967459
1981-12-08,2.40209,2.40209,2.34627,2.35229,2.35229,6605377
1981-12-09,2.35229,2.37107,2.33392,2.36494,2.36494,6917026
1981-12-10,2.36494,2.37107,2.34627,2.36494,2.36494,6488998
1981-12-11,2.36494,2.36494,2.32118,2.32739,2.32739,7723948
1981-12-14,2.32739,2.33392,2.3028,2.30893,2.30893,10802922
1981-12-15,2.30893,2.30893,2.28432,2.3028,2.3028,6607967
1981-12-16,2.3028,2.3028,2.28432,2.3028,2.3028,7835163
1981-12-17,2.3028,2.3028,2.28432,2.29015,2.29015,10773184
1981-12-18,2.29015,2.3028,2.27138,2.3028,2.3028,9185197
1981-12-21,2.3028,2.32118,2.28432,2.30893,2.30893,7751101
1981-12-22,2.30893,2.32118,2.29015,2.3028,2.3028,6521324
1981-12-23,2.3028,2.30893,2.29015,2.3028,2.3028,5788106
1981-12-24,2.3028,2.30893,2.24697,2.29015,2.29015,3717788
1981-12-28,2.29015,2.30893,2.28432,2.29015,2.29015,4632044
1981-12-29,2.29015,2.30893,2.28432,2.30893,2.30893,5004465
1981-12-30,2.30893,2.32118,2.29015,2.32118,2.32118,5008346
1981-12-31,2.32118,2.33392,2.30893,2.32739,2.32739,5744147
1982-01-04,2.30893,2.32739,2.29015,2.3028,2.3028,8230862
1982-01-05,2.28432,2.3028,2.2528,2.26515,2.26515,10296008
1982-01-06,2.2528,2.26515,2.23424,2.26515,2.26515,16179819
1982-01-07,2.2528,2.26515,2.24697,2.26515,2.26515,7232551
1982-01-08,2.26515,2.27138,2.24697,2.2528,2.2528,6958411
1982-01-11,2.24697,2.27138,2.21576,2.22811,2.22811,13014196
1982-01-12,2.22811,2.23424,2.20925,2.23424,2.23424,8033007
1982-01-13,2.2528,2.27138,2.22811,2.24697,2.24697,7193755
1982-01-14,2.24697,2.2528,2.23424,2.24697,2.24697,6646757
1982-01-15,2.23424,2.24697,2.22811,2.23424,2.23424,6561414
1982-01-18,2.2528,2.27138,2.22811,2.23424,2.23424,9455468
1982-01-19,2.23424,2.2528,2.21576,2.23424,2.23424,13118942
1982-01-20,2.20925,2.22811,2.19076,2.19076,2.19076,14294417
1982-01-21,2.21576,2.23424,2.1968,2.22811,2.22811,15336696
1982-01-22,2.22811,2.23424,2.21576,2.23424,2.23424,10642575
1982-01-25,2.21576,2.22811,2.20925,2.22811,2.22811,7570064
1982-01-26,2.23424,2.24697,2.21576,2.22811,2.22811,8911059
1982-01-27,2.24697,2.2528,2.22811,2.23424,2.23424,6167000
1982-01-28,2.2528,2.26515,2.23424,2.26515,2.26515,12222799
1982-01-29,2.26515,2.29015,2.23424,2.28432,2.28432,9064937
1982-02-01,2.2528,2.27138,2.23424,2.24697,2.24697,8238622
1982-02-02,2.2528,2.26515,2.24697,2.26515,2.26515,9589961
1982-02-03,2.20925,2.22811,2.17851,2.17851,2.17851,7007544
1982-02-04,2.15964,2.19076,2.13474,2.17191,2.17191,12155549
1982-02-05,2.15964,2.17851,2.14078,2.15964,2.15964,8021373
1982-02-08,2.13474,2.15362,2.11589,2.1222,2.1222,9344258
1982-02-09,2.1222,2.14078,2.10373,2.13474,2.13474,10469293
1982-02-10,2.13474,2.17191,2.09721,2.15964,2.15964,9405039
1982-02-11,2.15964,2.17851,2.14078,2.15362,2.15362,5204902
1982-02-12,2.15964,2.17191,2.14078,2.15362,2.15362,5378185
1982-02-16,2.14078,2.15362,2.1222,2.1222,2.1222,6931252
1982-02-17,2.13474,2.14078,2.11589,2.1222,2.1222,6213556
1982-02-18,2.1222,2.13474,2.11589,2.1222,2.1222,6315714
1982-02-19,2.1222,2.13474,2.10373,2.13474,2.13474,4974725
1982-02-22,2.1222,2.14078,2.09721,2.10373,2.10373,6710129
1982-02-23,2.10373,2.11589,2.08486,2.10373,2.10373,8314914
1982-02-24,2.1222,2.14078,2.09721,2.13474,2.13474,7899817
1982-02-25,2.13474,2.15362,2.11589,2.11589,2.11589,10024453
1982-02-26,2.1222,2.14078,2.10373,2.14078,2.14078,6177347
1982-03-01,2.14078,2.15362,2.1222,2.13474,2.13474,9870569
1982-03-02,2.13474,2.15362,2.11589,2.11589,2.11589,12484011
1982-03-03,2.09721,2.1222,2.0659,2.07874,2.07874,16459137
1982-03-04,2.07874,2.08486,2.05996,2.0659,2.0659,10619298
1982-03-05,2.07874,2.10373,2.0412,2.09721,2.09721,21589036
1982-03-08,2.09721,2.11589,2.0659,2.09721,2.09721,18736364
1982-03-09,2.11589,2.14078,2.07874,2.13474,2.13474,9464517
1982-03-10,2.15362,2.17851,2.1222,2.15964,2.15964,19024735
1982-03-11,2.17851,2.19076,2.15964,2.17851,2.17851,16205688
1982-03-12,2.17191,2.17851,2.15362,2.15964,2.15964,8192069
1982-03-15,2.17851,2.20925,2.14078,2.19076,2.19076,6235539
1982-03-16,2.19076,2.20925,2.15964,2.17191,2.17191,7487299
1982-03-17,2.15964,2.17191,2.15362,2.15964,2.15964,10634815
1982-03-18,2.17191,2.17851,2.15362,2.17191,2.17191,4030730
1982-03-19,2.15362,2.17191,2.13474,2.14078,2.14078,5605781
1982-03-22,2.15362,2.15964,2.14078,2.15362,2.15362,6101052
1982-03-23,2.15362,2.15964,2.14078,2.14078,2.14078,7465321
1982-03-24,2.15362,2.15964,2.14078,2.14078,2.14078,8353708
1982-03-25,2.13474,2.15362,2.11589,2.15362,2.15362,5216542
1982-03-26,2.1222,2.15362,2.08486,2.10373,2.10373,12401254
1982-03-29,2.09721,2.10373,2.07874,2.10373,2.10373,5788106
1982-03-30,2.11589,2.1222,2.09721,2.11589,2.11589,4280305
1982-03-31,2.10373,2.11589,2.08486,2.09721,2.09721,6644173
1982-04-01,2.10373,2.1222,2.08486,2.1222,2.1222,5278608
1982-04-02,2.13474,2.15362,2.11589,2.14078,2.14078,8154565
1982-04-05,2.1222,2.14078,2.10373,2.11589,2.11589,7826109
1982-04-06,2.11589,2.1222,2.10373,2.11589,2.11589,8904584
1982-04-07,2.1222,2.13474,2.10373,2.1222,2.1222,9538228
1982-04-08,2.1222,2.13474,2.11589,2.1222,2.1222,9871856
1982-04-12,2.1222,2.13474,2.10373,2.1222,2.1222,6520032
1982-04-13,2.1222,2.13474,2.11589,2.1222,2.1222,5494569
1982-04-14,2.11589,2.13474,2.09721,2.10373,2.10373,9566675
1982-04-15,2.11589,2.1222,2.09721,2.10373,2.10373,9014511
1982-04-16,2.10373,2.11589,2.08486,2.10373,2.10373,10562401
1982-04-19,2.10373,2.11589,2.08486,2.09721,2.09721,8503717
1982-04-20,2.08486,2.09721,2.07874,2.08486,2.08486,6883406
1982-04-21,2.0659,2.07874,2.04761,2.0659,2.0659,11214151
1982-04-22,2.07874,2.09721,2.05996,2.09721,2.09721,11759846
1982-04-23,2.1222,2.14078,2.10373,2.14078,2.14078,14326742
1982-04-26,2.13474,2.14078,2.11589,2.1222,2.1222,8917521
1982-04-27,2.1222,2.13474,2.10373,2.11589,2.11589,10228770
1982-04-28,2.11589,2.1222,2.10373,2.1222,2.1222,6655809
1982-04-29,2.1222,2.14078,2.10373,2.11589,2.11589,5426035
1982-04-30,2.11589,2.1222,2.09721,2.10373,2.10373,6804520
1982-05-03,2.10373,2.1222,2.07874,2.11589,2.11589,10003759
1982-05-04,2.13474,2.14078,2.11589,2.13474,2.13474,9208474
1982-05-05,2.14078,2.15362,2.13474,2.14078,2.14078,10773184
1982-05-06,2.19076,2.20925,2.15964,2.1968,2.1968,16412581
1982-05-07,2.17851,2.1968,2.15362,2.15964,2.15964,14763830
1982-05-10,2.17191,2.17851,2.15362,2.17191,2.17191,7457554
1982-05-11,2.17851,2.20925,2.15362,2.1968,2.1968,11717172
1982-05-12,2.19076,2.20925,2.17191,2.19076,2.19076,13581889
1982-05-13,2.17851,2.1968,2.15362,2.15964,2.15964,15680663
1982-05-14,2.15964,2.17851,2.14078,2.15964,2.15964,6505809
1982-05-17,2.15362,2.15964,2.13474,2.14078,2.14078,5953634
1982-05-18,2.1222,2.13474,2.11589,2.11589,2.11589,5984670
1982-05-19,2.1222,2.13474,2.10373,2.11589,2.11589,7178242
1982-05-20,2.11589,2.1222,2.10373,2.10373,2.10373,4767822
1982-05-21,2.11589,2.1222,2.09721,2.11589,2.11589,6929963
1982-05-24,2.10373,2.11589,2.09721,2.10373,2.10373,5370427
1982-05-25,2.11589,2.1222,2.09721,2.10373,2.10373,7861022
1982-05-26,2.09721,2.10373,2.07874,2.07874,2.07874,7236438
1982-05-27,2.08486,2.09721,2.0659,2.09721,2.09721,5310942
1982-05-28,2.08486,2.09721,2.07874,2.08486,2.08486,4735491
1982-06-01,2.09721,2.10373,2.08486,2.08486,2.08486,4619110
1982-06-02,2.09721,2.10373,2.08486,2.08486,2.08486,5943287
1982-06-03,2.10373,2.11589,2.08486,2.10373,2.10373,5246284
1982-06-04,2.09721,2.10373,2.07874,2.07874,2.07874,5705350
1982-06-07,2.0659,2.07874,2.05996,2.07874,2.07874,7016598
1982-06-08,2.07874,2.08486,2.0659,2.07874,2.07874,4601008
1982-06-09,2.0659,2.08486,2.04761,2.07874,2.07874,4447124
1982-06-10,2.07874,2.09721,2.05996,2.08486,2.08486,10155052
1982-06-11,2.10373,2.1222,2.08486,2.09721,2.09721,10440843
1982-06-14,2.07874,2.09721,2.05996,2.0659,2.0659,5087226
1982-06-15,2.05996,2.0659,2.0412,2.04761,2.04761,6979100
1982-06-16,2.0412,2.0659,2.01017,2.02262,2.02262,9355900
1982-06-17,2.02262,2.02895,2.00375,2.02262,2.02262,8298105
1982-06-18,2.02262,2.02895,2.00375,2.02895,2.02895,8892951
1982-06-21,2.0412,2.0659,2.01017,2.02895,2.02895,5142833
1982-06-22,2.02895,2.04761,2.01017,2.02895,2.02895,6082950
1982-06-23,2.02895,2.04761,2.01017,2.04761,2.04761,5532070
1982-06-24,2.04761,2.07874,2.02262,2.0412,2.0412,6885994
1982-06-25,2.0412,2.04761,2.02895,2.0412,2.0412,4047539
1982-06-28,2.04761,2.0659,2.02262,2.05996,2.05996,5934239
1982-06-29,2.07874,2.09721,2.04761,2.08486,2.08486,7378676
1982-06-30,2.09721,2.11589,2.0659,2.0659,2.0659,13416376
1982-07-01,2.05996,2.07874,2.02895,2.02895,2.02895,6495464
1982-07-02,2.02262,2.02895,2.01017,2.02262,2.02262,8440352
1982-07-06,2.01017,2.02262,1.99169,2.00375,2.00375,6527789
1982-07-07,2.00375,2.01017,1.98518,2.01017,2.01017,5830785
1982-07-08,1.98518,2.01017,1.95396,1.98518,1.98518,10096866
1982-07-09,2.00375,2.01017,1.98518,2.00375,2.00375,10811977
1982-07-12,1.98518,2.02262,1.94793,1.97273,1.97273,15480225
1982-07-13,1.97273,1.99169,1.96661,1.97273,1.97273,14653907
1982-07-14,1.98518,2.02262,1.94793,1.97273,1.97273,15480225
1982-07-15,1.98518,1.99169,1.96661,1.98518,1.98518,9261494
1982-07-16,1.98518,2.00375,1.96661,2.00375,2.00375,6187693
1982-07-19,2.00375,2.02262,1.98518,1.98518,1.98518,6835562
1982-07-20,1.99169,2.00375,1.97273,1.98518,1.98518,8285170
1982-07-21,1.99169,2.00375,1.97273,1.98518,1.98518,7646361
1982-07-22,1.99169,2.01017,1.97273,2.01017,2.01017,7819641
1982-07-23,2.01017,2.01017,1.95396,1.97273,1.97273,15698770
1982-07-26,1.98518,1.99169,1.97273,1.99169,1.99169,5660095
1982-07-27,1.99169,2.00375,1.97273,1.98518,1.98518,8389915
1982-07-28,1.96661,1.98518,1.94793,1.95396,1.95396,6673913
1982-07-29,1.95396,1.96661,1.93558,1.95396,1.95396,7540322
1982-07-30,1.94793,1.96661,1.91682,1.93558,1.93558,9680473
1982-08-02,1.96661,1.98518,1.93558,1.98518,1.98518,8507592
1982-08-03,1.98518,1.99169,1.96661,1.97273,1.97273,8728724
1982-08-04,1.95396,1.97273,1.93558,1.94793,1.94793,11777955
1982-08-05,1.94793,1.95396,1.92916,1.95396,1.95396,10036086
1982-08-06,1.96661,1.99169,1.93558,1.95396,1.95396,12980578
1982-08-09,1.87956,1.89844,1.85448,1.89844,1.89844,9446418
1982-08-10,1.89172,1.91029,1.87314,1.89172,1.89172,11920199
1982-08-11,1.87956,1.89172,1.87314,1.87956,1.87956,7029527
1982-08-12,1.87956,1.89172,1.86079,1.86079,1.86079,11798648
1982-08-13,1.87314,1.89172,1.85448,1.89172,1.89172,8678288
1982-08-16,1.91029,1.92916,1.87956,1.87956,1.87956,10104627
1982-08-17,1.94793,1.99169,1.89172,1.99169,1.99169,11820629
1982-08-18,2.02895,2.0659,1.99169,2.00375,2.00375,25665029
1982-08-19,2.02895,2.05996,2.00375,2.02262,2.02262,12698673
1982-08-20,2.02895,2.04761,2.00375,2.0412,2.0412,15539705
1982-08-23,2.05996,2.09721,2.02262,2.09721,2.09721,25306832
1982-08-24,2.08486,2.11589,2.04761,2.0659,2.0659,17253127
1982-08-25,2.0659,2.15964,2.0659,2.15964,2.15964,16649226
1982-08-26,2.15362,2.17851,2.1222,2.15964,2.15964,25284848
1982-08-27,2.1222,2.15362,2.09721,2.11589,2.11589,11153368
1982-08-30,2.07874,2.11589,2.0412,2.09721,2.09721,8768807
1982-08-31,2.11589,2.14078,2.08486,2.1222,2.1222,8238622
1982-09-01,2.09721,2.14078,2.04761,2.0659,2.0659,10297306
1982-09-02,2.07874,2.10373,2.04761,2.09721,2.09721,8044649
1982-09-03,2.15964,2.17851,2.13474,2.15362,2.15362,24462405
1982-09-07,2.15362,2.17191,2.1222,2.15362,2.15362,12012011
1982-09-08,2.17191,2.1968,2.13474,2.19076,2.19076,14211652
1982-09-09,2.20925,2.22811,2.19076,2.1968,2.1968,10177045
1982-09-10,2.19076,2.20925,2.15964,2.1968,2.1968,14665544
1982-09-13,2.17851,2.19076,2.15964,2.19076,2.19076,7733000
1982-09-14,2.15964,2.1968,2.1222,2.14078,2.14078,9597715
1982-09-15,2.14078,2.15964,2.11589,2.15362,2.15362,5784228
1982-09-16,2.14078,2.15964,2.1222,2.13474,2.13474,7941191
1982-09-17,2.11589,2.14078,2.08486,2.09721,2.09721,8432592
1982-09-20,2.08486,2.09721,2.0659,2.09721,2.09721,7090310
1982-09-21,2.1222,2.17191,2.07874,2.10373,2.10373,11898214
1982-09-22,2.08486,2.1222,2.0412,2.0659,2.0659,13396971
1982-09-23,2.07874,2.08486,2.05996,2.07874,2.07874,8900713
1982-09-24,2.08486,2.09721,2.0659,2.07874,2.07874,6888577
1982-09-27,2.07874,2.08486,2.0659,2.0659,2.0659,7157550
1982-09-28,2.08486,2.10373,2.0659,2.07874,2.07874,6146313
1982-09-29,2.07874,2.08486,2.05996,2.07874,2.07874,5901912
1982-09-30,2.0659,2.08486,2.04761,2.08486,2.08486,10193852
1982-10-01,2.07874,2.08486,2.05996,2.07874,2.07874,8669235
1982-10-04,2.0659,2.07874,2.05996,2.07874,2.07874,6084242
1982-10-05,2.07874,2.08486,2.05996,2.0659,2.0659,6081654
1982-10-06,2.08486,2.10373,2.0659,2.10373,2.10373,8184307
1982-10-07,2.15362,2.17191,2.13474,2.15964,2.15964,19288537
1982-10-08,2.17851,2.1968,2.15964,2.17851,2.17851,12277107
1982-10-11,2.2528,2.3028,2.20925,2.28432,2.28432,27600867
1982-10-12,2.28432,2.32739,2.26515,2.29015,2.29015,31639353
1982-10-13,2.34627,2.38342,2.3028,2.35229,2.35229,24307229
1982-10-14,2.37107,2.40209,2.33392,2.34627,2.34627,23434351
1982-10-15,2.3028,2.32739,2.27138,2.29015,2.29015,22000256
1982-10-18,2.30893,2.33392,2.28432,2.33392,2.33392,13284466
1982-10-19,2.32118,2.34627,2.28432,2.32118,2.32118,13989233
1982-10-20,2.32739,2.35229,2.3028,2.35229,2.35229,11669328
1982-10-21,2.34627,2.38342,2.30893,2.33392,2.33392,18943268
1982-10-22,2.34627,2.36494,2.32739,2.34627,2.34627,11728814
1982-10-25,2.2528,2.28432,2.21576,2.22811,2.22811,18084626
1982-10-26,2.23424,2.26515,2.20925,2.23424,2.23424,44741484
1982-10-27,2.24697,2.26515,2.21576,2.23424,2.23424,10422740
1982-10-28,2.22811,2.24697,2.1968,2.1968,2.1968,9958502
1982-10-29,2.1968,2.21576,2.17851,2.20925,2.20925,14101737
1982-11-01,2.20925,2.23424,2.17851,2.23424,2.23424,9933934
1982-11-02,2.27138,2.29015,2.24697,2.26515,2.26515,10532662
1982-11-03,2.29015,2.32739,2.2528,2.32118,2.32118,25941760
1982-11-04,2.33392,2.35229,2.32118,2.34627,2.34627,36486060
1982-11-05,2.26515,2.28432,2.23424,2.27138,2.27138,15768595
1982-11-08,2.2528,2.27138,2.22811,2.24697,2.24697,11009826
1982-11-09,2.24697,2.2528,2.22811,2.24697,2.24697,15372897
1982-11-10,2.2528,2.27138,2.22811,2.24697,2.24697,20158818
1982-11-11,2.23424,2.24697,2.21576,2.23424,2.23424,8739067
1982-11-12,2.21576,2.24697,2.17851,2.19076,2.19076,23416254
1982-11-15,2.14078,2.17191,2.11589,2.13474,2.13474,17410885
1982-11-16,2.11589,2.13474,2.08486,2.10373,2.10373,26109876
1982-11-17,2.17191,2.22811,2.11589,2.15964,2.15964,12200807
1982-11-18,2.15964,2.17851,2.13474,2.17191,2.17191,11492166
1982-11-19,2.17191,2.21576,2.1222,2.14078,2.14078,9939107
1982-11-22,2.13474,2.17191,2.08486,2.14078,2.14078,10103331
1982-11-23,2.13474,2.15362,2.10373,2.10373,2.10373,15613420
1982-11-24,2.1222,2.15362,2.08486,2.10373,2.10373,13496547
1982-11-26,2.10373,2.11589,2.09721,2.11589,2.11589,5000588
1982-11-29,2.11589,2.15362,2.07874,2.07874,2.07874,17097952
1982-11-30,2.08486,2.09721,2.0659,2.08486,2.08486,19598893
1982-12-01,2.09721,2.10373,2.07874,2.07874,2.07874,15922478
1982-12-02,2.08486,2.09721,2.0659,2.07874,2.07874,12253833
1982-12-03,2.07874,2.09721,2.05996,2.07874,2.07874,14625461
1982-12-06,2.04761,2.07874,2.02262,2.0659,2.0659,31859188
1982-12-07,2.07874,2.08486,2.05996,2.07874,2.07874,16585863
1982-12-08,2.0659,2.07874,2.05996,2.0659,2.0659,12094779
1982-12-09,2.09721,2.13474,2.04761,2.1222,2.1222,13029718
1982-12-10,2.15964,2.19076,2.1222,2.17851,2.17851,21170062
1982-12-13,2.17851,2.1968,2.15964,2.19076,2.19076,11519325
1982-12-14,2.20925,2.24697,2.15964,2.15964,2.15964,12141328
1982-12-15,2.13474,2.15964,2.10373,2.1222,2.1222,10271438
1982-12-16,2.11589,2.13474,2.09721,2.10373,2.10373,12644366
1982-12-17,2.10373,2.1222,2.08486,2.10373,2.10373,9644265
1982-12-20,2.08486,2.11589,2.05996,2.07874,2.07874,13036179
1982-12-21,2.07874,2.09721,2.04761,2.09721,2.09721,16259992
1982-12-22,2.09721,2.11589,2.0659,2.09721,2.09721,12521511
1982-12-23,2.10373,2.1222,2.07874,2.08486,2.08486,9137356
1982-12-27,2.13474,2.17851,2.07874,2.17191,2.17191,8850278
1982-12-28,2.19076,2.21576,2.15362,2.17191,2.17191,9419258
1982-12-29,2.19076,2.21576,2.15964,2.20925,2.20925,9128305
1982-12-30,2.22811,2.23424,2.20925,2.22811,2.22811,6441150
1982-12-31,2.21576,2.22811,2.1968,2.21576,2.21576,4610057
1983-01-03,2.19076,2.22811,2.15362,2.15964,2.15964,8786910
1983-01-04,2.1968,2.23424,2.15964,2.23424,2.23424,10676198
1983-01-05,2.26515,2.27138,2.24697,2.27138,2.27138,12312030
1983-01-06,2.3028,2.32118,2.27138,2.32118,2.32118,16028518
1983-01-07,2.29015,2.33392,2.23424,2.26515,2.26515,14466404
1983-01-10,2.29015,2.32739,2.24697,2.3028,2.3028,11299495
1983-01-11,2.28432,2.32118,2.24697,2.26515,2.26515,14047418
1983-01-12,2.29015,2.32118,2.26515,2.29015,2.29015,16135847
1983-01-13,2.29015,2.30893,2.27138,2.27138,2.27138,7985167
1983-01-14,2.28432,2.29015,2.27138,2.27138,2.27138,10795166
1983-01-17,2.29015,2.3028,2.27138,2.27138,2.27138,9693405
1983-01-18,2.27138,2.29015,2.2528,2.27138,2.27138,13267657
1983-01-19,2.29015,2.3028,2.27138,2.29015,2.29015,10742145
1983-01-20,2.32739,2.33392,2.30893,2.32118,2.32118,19129482
1983-01-21,2.27138,2.30893,2.23424,2.29015,2.29015,13750001
1983-01-24,2.23424,2.2528,2.20925,2.21576,2.21576,18449288
1983-01-25,2.20925,2.23424,2.17191,2.22811,2.22811,14992711
1983-01-26,2.21576,2.24697,2.19076,2.20925,2.20925,16893630
1983-01-27,2.20925,2.22811,2.19076,2.22811,2.22811,9768409
1983-01-28,2.22811,2.23424,2.20925,2.23424,2.23424,9824012
1983-01-31,2.23424,2.2528,2.20925,2.24697,2.24697,11946064
1983-02-01,2.23424,2.2528,2.21576,2.23424,2.23424,13543093
1983-02-02,2.21576,2.22811,2.1968,2.20925,2.20925,18102722
1983-02-03,2.23424,2.2528,2.20925,2.24697,2.24697,14436660
1983-02-04,2.21576,2.24697,2.17851,2.20925,2.20925,18374283
1983-02-07,2.22811,2.23424,2.20925,2.23424,2.23424,9975316
1983-02-08,2.21576,2.23424,2.1968,2.20925,2.20925,11819333
1983-02-09,2.19076,2.20925,2.17191,2.19076,2.19076,12948251
1983-02-10,2.21576,2.2528,2.17191,2.2528,2.2528,27885354
1983-02-11,2.24697,2.28432,2.20925,2.23424,2.23424,12802123
1983-02-14,2.21576,2.23424,2.1968,2.21576,2.21576,11743038
1983-02-15,2.20925,2.21576,2.1968,2.21576,2.21576,10623175
1983-02-16,2.20925,2.22811,2.19076,2.1968,2.1968,12247365
1983-02-17,2.1968,2.21576,2.17191,2.17851,2.17851,12262885
1983-02-18,2.19076,2.20925,2.17191,2.1968,2.1968,9720566
1983-02-22,2.17851,2.22811,2.1222,2.1222,2.1222,19263960
1983-02-23,2.17191,2.20925,2.1222,2.14078,2.14078,20328224
1983-02-24,2.17191,2.17851,2.15362,2.17851,2.17851,17016485
1983-02-25,2.22811,2.23424,2.21576,2.21576,2.21576,21847668
1983-02-28,2.1968,2.22811,2.17191,2.17851,2.17851,12604275
1983-03-01,2.21576,2.23424,2.19076,2.23424,2.23424,12505991
1983-03-02,2.27138,2.3028,2.23424,2.3028,2.3028,18414374
1983-03-03,2.32118,2.33392,2.29015,2.32118,2.32118,21109283
1983-03-04,2.3028,2.32118,2.27138,2.3028,2.3028,11927961
1983-03-07,2.3028,2.30893,2.29015,2.30893,2.30893,9690817
1983-03-08,2.28432,2.30893,2.2528,2.26515,2.26515,8936922
1983-03-09,2.27138,2.29015,2.24697,2.29015,2.29015,10206786
1983-03-10,2.30893,2.33392,2.28432,2.29015,2.29015,23413664
1983-03-11,2.3028,2.32118,2.28432,2.30893,2.30893,9094684
1983-03-14,2.30893,2.32739,2.28432,2.29015,2.29015,9071408
1983-03-15,2.3028,2.30893,2.28432,2.29015,2.29015,8852862
1983-03-16,2.28432,2.30893,2.2528,2.2528,2.2528,11652521
1983-03-17,2.2528,2.26515,2.23424,2.2528,2.2528,7819641
1983-03-18,2.2528,2.26515,2.23424,2.2528,2.2528,5755782
1983-03-21,2.2528,2.26515,2.23424,2.26515,2.26515,8366641
1983-03-22,2.2528,2.26515,2.21576,2.21576,2.21576,24276194
1983-03-23,2.22811,2.24697,2.21576,2.23424,2.23424,16759146
1983-03-24,2.23424,2.2528,2.22811,2.24697,2.24697,7872659
1983-03-25,2.24697,2.2528,2.21576,2.22811,2.22811,7085135
1983-03-28,2.22811,2.22811,2.1968,2.22811,2.22811,9341673
1983-03-29,2.22811,2.24697,2.21576,2.24697,2.24697,10039969
1983-03-30,2.26515,2.27138,2.24697,2.26515,2.26515,7048928
1983-03-31,2.32118,2.33392,2.2528,2.3028,2.3028,22214920
1983-04-04,2.28432,2.32118,2.24697,2.30893,2.30893,9658496
1983-04-05,2.32118,2.32739,2.24697,2.27138,2.27138,9441245
1983-04-06,2.27138,2.29015,2.24697,2.27138,2.27138,8204998
1983-04-07,2.29015,2.30893,2.28432,2.30893,2.30893,6354511
1983-04-08,2.30893,2.34627,2.3028,2.34627,2.34627,12229258
1983-04-11,2.37107,2.39003,2.36494,2.38342,2.38342,15199616
1983-04-12,2.39003,2.40209,2.37107,2.39003,2.39003,12747810
1983-04-13,2.37107,2.51422,2.37107,2.42728,2.42728,18404023
1983-04-14,2.44585,2.4581,2.39003,2.4581,2.4581,14952624
1983-04-15,2.4581,2.46452,2.40871,2.4581,2.4581,13687931
1983-04-18,2.4581,2.4831,2.43963,2.4831,2.4831,11846495
1983-04-19,2.46452,2.4831,2.44585,2.46452,2.46452,15230647
1983-04-20,2.47697,2.49575,2.4581,2.4831,2.4831,9560212
1983-04-21,2.47697,2.4831,2.43963,2.44585,2.44585,10046432
1983-04-22,2.4581,2.47697,2.44585,2.47697,2.47697,9787808
1983-04-25,2.47697,2.49575,2.4581,2.46452,2.46452,7765327
1983-04-26,2.50168,2.53902,2.4581,2.53902,2.53902,20095455
1983-04-27,2.53289,2.57666,2.4831,2.55157,2.55157,18618684
1983-04-28,2.58901,2.60758,2.55769,2.60758,2.60758,17921687
1983-04-29,2.62646,2.64492,2.59523,2.63238,2.63238,21858009
1983-05-02,2.64492,2.6636,2.61351,2.6636,2.6636,13927158
1983-05-03,2.64492,2.65115,2.60758,2.62646,2.62646,11417167
1983-05-04,2.64492,2.65115,2.62646,2.64492,2.64492,10058071
1983-05-05,2.63238,2.6636,2.59523,2.59523,2.59523,11970639
1983-05-06,2.60758,2.65115,2.55157,2.62646,2.62646,19548458
1983-05-09,2.55769,2.58901,2.55157,2.58901,2.58901,8251553
1983-05-10,2.59523,2.61351,2.57666,2.59523,2.59523,14728914
1983-05-11,2.60758,2.62646,2.55769,2.57666,2.57666,10893448
1983-05-12,2.59523,2.59523,2.53289,2.55157,2.55157,11324057
1983-05-13,2.55157,2.57033,2.53289,2.53902,2.53902,6887287
1983-05-16,2.51422,2.53902,2.4831,2.53902,2.53902,7577827
1983-05-17,2.51422,2.53289,2.49575,2.51422,2.51422,7421352
1983-05-18,2.51422,2.53289,2.4581,2.51422,2.51422,10253343
1983-05-19,2.50168,2.52054,2.46452,2.46452,2.46452,9289943
1983-05-20,2.47697,2.50168,2.4581,2.49575,2.49575,8348535
1983-05-23,2.4831,2.57033,2.46452,2.57033,2.57033,10297306
1983-05-24,2.58901,2.60758,2.55769,2.60758,2.60758,7002378
1983-05-25,2.59523,2.60758,2.55769,2.58901,2.58901,8272244
1983-05-26,2.58901,2.58901,2.4831,2.57033,2.57033,7057982
1983-05-27,2.55157,2.55769,2.53289,2.55157,2.55157,4559623
1983-05-31,2.53289,2.53902,2.51422,2.51422,2.51422,5656207
1983-06-01,2.51422,2.53289,2.4831,2.51422,2.51422,10649038
1983-06-02,2.53289,2.53289,2.47697,2.49575,2.49575,7449802
1983-06-03,2.49575,2.53289,2.4831,2.52054,2.52054,8524407
1983-06-06,2.50168,2.53902,2.49575,2.52054,2.52054,5044557
1983-06-07,2.52054,2.53289,2.46452,2.46452,2.46452,9626163
1983-06-08,2.46452,2.49575,2.44585,2.4581,2.4581,8221809
1983-06-09,2.46452,2.47697,2.44585,2.47697,2.47697,5866993
1983-06-10,2.46452,2.4831,2.44585,2.4831,2.4831,14185790
1983-06-13,2.49575,2.53289,2.4831,2.53289,2.53289,7769209
1983-06-14,2.52054,2.53902,2.50168,2.53902,2.53902,5692417
1983-06-15,2.52054,2.53289,2.49575,2.52054,2.52054,6944183
1983-06-16,2.53289,2.57033,2.50168,2.57033,2.57033,19562687
1983-06-17,2.55769,2.59523,2.49575,2.57666,2.57666,9685648
1983-06-20,2.58901,2.60758,2.57666,2.57666,2.57666,9791682
1983-06-21,2.57033,2.61351,2.55769,2.58901,2.58901,8356300
1983-06-22,2.58901,2.61351,2.55769,2.57033,2.57033,13677585
1983-06-23,2.57666,2.58901,2.53902,2.55157,2.55157,8163620
1983-06-24,2.53902,2.59523,2.52054,2.55157,2.55157,5321287
1983-06-27,2.55157,2.55157,2.51422,2.52054,2.52054,4576432
1983-06-28,2.53902,2.53902,2.49575,2.49575,2.49575,5674311
1983-06-29,2.49575,2.52054,2.49575,2.51422,2.51422,5371716
1983-06-30,2.52054,2.55157,2.51422,2.51422,2.51422,4484620
1983-07-01,2.53289,2.55157,2.52054,2.55157,2.55157,3148803
1983-07-05,2.53289,2.55157,2.52054,2.55157,2.55157,4231168
1983-07-06,2.55769,2.58901,2.55157,2.58901,2.58901,5861822
1983-07-07,2.57666,2.64492,2.55769,2.58901,2.58901,11625366
1983-07-08,2.58901,2.58901,2.55157,2.55157,2.55157,5004465
1983-07-11,2.57033,2.59523,2.55769,2.59523,2.59523,5392410
1983-07-12,2.59523,2.59523,2.53289,2.53289,2.53289,8679580
1983-07-13,2.53289,2.57033,2.53289,2.55769,2.55769,4884199
1983-07-14,2.55769,2.58901,2.55769,2.57666,2.57666,8427417
1983-07-15,2.57033,2.57666,2.53289,2.55157,2.55157,4414792
1983-07-18,2.55157,2.57033,2.53902,2.55769,2.55769,3954438
1983-07-19,2.57033,2.57666,2.55769,2.57033,2.57033,6633832
1983-07-20,2.60758,2.61351,2.57666,2.61351,2.61351,9927461
1983-07-21,2.61351,2.62646,2.58901,2.60758,2.60758,8591651
1983-07-22,2.58901,2.61351,2.55769,2.60758,2.60758,5317407
1983-07-25,2.61351,2.64492,2.59523,2.63238,2.63238,6817455
1983-07-26,2.63238,2.6636,2.50168,2.65115,2.65115,7664467
1983-07-27,2.6636,2.71952,2.65115,2.68227,2.68227,14519418
1983-07-28,2.6886,2.70698,2.66992,2.6886,2.6886,10158942
1983-07-29,2.6886,2.70085,2.63238,2.66992,2.66992,20775654
1983-08-01,2.66992,2.72554,2.6636,2.71952,2.71952,23916701
1983-08-02,2.73809,2.74461,2.64492,2.73809,2.73809,16050508
1983-08-03,2.73809,2.76309,2.72554,2.75677,2.75677,9226582
1983-08-04,2.77563,2.78186,2.71952,2.74461,2.74461,15764722
1983-08-05,2.73809,2.77563,2.72554,2.77563,2.77563,10354208
1983-08-08,2.74461,2.76309,2.73809,2.75677,2.75677,27458624
1983-08-09,2.6636,2.6886,2.63238,2.68227,2.68227,13800434
1983-08-10,2.66992,2.75677,2.65115,2.74461,2.74461,18693688
1983-08-11,2.73809,2.75677,2.71952,2.72554,2.72554,12914630
1983-08-12,2.72554,2.77563,2.6636,2.74461,2.74461,10810683
1983-08-15,2.78186,2.81288,2.75677,2.80053,2.80053,16213438
1983-08-16,2.79421,2.83165,2.77563,2.83165,2.83165,12687035
1983-08-17,2.83165,2.90623,2.83165,2.89389,2.89389,22959772
1983-08-18,2.90623,2.93123,2.83165,2.83778,2.83778,17890648
1983-08-19,2.83165,2.89389,2.81901,2.86899,2.86899,10852064
1983-08-22,2.89389,2.925,2.86899,2.89389,2.89389,10531368
1983-08-23,2.88776,2.89389,2.85022,2.85644,2.85644,8539923
1983-08-24,2.83778,2.86899,2.81288,2.81901,2.81901,10596020
1983-08-25,2.81288,2.83165,2.77563,2.79421,2.79421,10378772
1983-08-26,2.79421,2.81901,2.77563,2.80053,2.80053,7901107
1983-08-29,2.78186,2.80053,2.76309,2.78186,2.78186,5411802
1983-08-30,2.78186,2.83165,2.78186,2.81288,2.81288,5992429
1983-08-31,2.81288,2.85022,2.79421,2.83165,2.83165,6866591
1983-09-01,2.83778,2.83778,2.81288,2.81901,2.81901,6007946
1983-09-02,2.80053,2.81901,2.79421,2.79421,2.79421,7911455
1983-09-06,2.81288,2.85644,2.81288,2.83778,2.83778,6223899
1983-09-07,2.85022,2.87521,2.83165,2.87521,2.87521,8175251
1983-09-08,2.87521,2.88776,2.83778,2.86899,2.86899,9936521
1983-09-09,2.85644,2.925,2.85022,2.91255,2.91255,12215033
1983-09-12,2.91255,2.925,2.83165,2.85644,2.85644,21135147
1983-09-13,2.85022,2.86899,2.83165,2.85644,2.85644,9302875
1983-09-14,2.86899,2.87521,2.85022,2.86899,2.86899,12043046
1983-09-15,2.85022,2.85644,2.83165,2.83165,2.83165,9995999
1983-09-16,2.83165,2.90623,2.81288,2.83165,2.83165,7345053
1983-09-19,2.83778,2.86899,2.83165,2.83778,2.83778,7174362
1983-09-20,2.83778,2.85644,2.81288,2.81288,2.81288,8066635
1983-09-21,2.81901,2.85022,2.75677,2.79421,2.79421,9518828
1983-09-22,2.79421,2.86899,2.77563,2.86899,2.86899,7338591
1983-09-23,2.80053,2.81288,2.77563,2.80053,2.80053,7507997
1983-09-26,2.80053,2.81288,2.77563,2.77563,2.77563,4697992
1983-09-27,2.78186,2.78186,2.75677,2.75677,2.75677,5948460
1983-09-28,2.75677,2.76309,2.74461,2.74461,2.74461,5182921
1983-09-29,2.74461,2.77563,2.74461,2.76309,2.76309,4692819
1983-09-30,2.74461,2.75677,2.71952,2.71952,2.71952,6194161
1983-10-03,2.71952,2.74461,2.70085,2.72554,2.72554,11064140
1983-10-04,2.70698,2.73809,2.70698,2.70698,2.70698,9408920
1983-10-05,2.70698,2.72554,2.6886,2.72554,2.72554,10650338
1983-10-06,2.73809,2.76309,2.71952,2.76309,2.76309,11400355
1983-10-07,2.75677,2.77563,2.73809,2.76309,2.76309,7343766
1983-10-10,2.76309,2.85644,2.75677,2.85022,2.85022,8084735
1983-10-11,2.83165,2.86899,2.81901,2.83165,2.83165,11766317
1983-10-12,2.83165,2.91255,2.83165,2.86899,2.86899,11283974
1983-10-13,2.86899,2.87521,2.83778,2.86899,2.86899,9363655
1983-10-14,2.86899,2.90623,2.85022,2.89389,2.89389,10082644
1983-10-17,2.89389,2.93123,2.85022,2.90623,2.90623,11144314
1983-10-18,2.89389,2.96226,2.89389,2.91255,2.91255,10863704
1983-10-19,2.90623,2.93123,2.89389,2.90623,2.90623,11190868
1983-10-20,2.91255,2.925,2.90623,2.925,2.925,7928268
1983-10-21,2.91255,2.925,2.88776,2.89389,2.89389,9258910
1983-10-24,2.87521,2.93123,2.87521,2.925,2.925,13340069
1983-10-25,2.95,2.95,2.87521,2.91255,2.91255,8854158
1983-10-26,2.90623,2.91255,2.86899,2.87521,2.87521,8086034
1983-10-27,2.85022,2.86899,2.81901,2.85644,2.85644,8529575
1983-10-28,2.85022,2.86899,2.83778,2.85022,2.85022,9180031
1983-10-31,2.83778,2.86899,2.83165,2.85022,2.85022,15070294
1983-11-01,2.85022,2.91255,2.83165,2.90623,2.90623,8108011
1983-11-02,2.90623,2.96226,2.89389,2.93123,2.93123,11952528
1983-11-03,2.93123,2.94358,2.91255,2.91255,2.91255,24806380
1983-11-04,2.85022,2.87521,2.83165,2.85022,2.85022,13117652
1983-11-07,2.83778,2.87521,2.83165,2.85022,2.85022,7297211
1983-11-08,2.83165,2.85022,2.83165,2.83165,2.83165,5892862
1983-11-09,2.83165,2.87521,2.81901,2.87521,2.87521,9858928
1983-11-10,2.88776,2.90623,2.85644,2.88776,2.88776,10905084
1983-11-11,2.87521,2.89389,2.85644,2.87521,2.87521,11739165
1983-11-14,2.86899,2.87521,2.83778,2.83778,2.83778,8445523
1983-11-15,2.83778,2.85022,2.80053,2.80053,2.80053,8621390
1983-11-16,2.80053,2.81901,2.75677,2.75677,2.75677,14105616
1983-11-17,2.76309,2.81288,2.76309,2.81288,2.81288,5760958
1983-11-18,2.81288,2.81901,2.73809,2.74461,2.74461,10636106
1983-11-21,2.73809,2.78186,2.72554,2.76309,2.76309,7902400
1983-11-22,2.75677,2.81901,2.75677,2.79421,2.79421,9624870
1983-11-23,2.80053,2.85644,2.80053,2.83165,2.83165,10839129
1983-11-25,2.81901,2.83165,2.80053,2.81901,2.81901,10142134
1983-11-28,2.81901,2.83165,2.80053,2.83165,2.83165,5277324
1983-11-29,2.81901,2.86899,2.81901,2.86899,2.86899,7167898
1983-11-30,2.83778,2.85022,2.81288,2.81288,2.81288,12521511
1983-12-01,2.81288,2.87521,2.80053,2.85022,2.85022,8336897
1983-12-02,2.83778,2.87521,2.83778,2.85644,2.85644,12517634
1983-12-05,2.85022,2.96226,2.85022,2.88776,2.88776,10841716
1983-12-06,2.87521,2.88776,2.85022,2.85644,2.85644,8997697
1983-12-07,2.85644,2.89389,2.83778,2.83778,2.83778,7942493
1983-12-08,2.83165,2.85022,2.81288,2.83778,2.83778,12129690
1983-12-09,2.83778,2.89389,2.81288,2.89389,2.89389,10232642
1983-12-12,2.85644,2.88776,2.85644,2.88776,2.88776,14828480
1983-12-13,2.87521,2.88776,2.85022,2.85022,2.85022,9314520
1983-12-14,2.83165,2.85022,2.76309,2.81901,2.81901,5762249
1983-12-15,2.81901,2.81901,2.77563,2.77563,2.77563,8414486
1983-12-16,2.77563,2.80053,2.75677,2.80053,2.80053,7513165
1983-12-19,2.79421,2.80053,2.78186,2.79421,2.79421,4763941
1983-12-20,2.76309,2.77563,2.74461,2.74461,2.74461,6719176
1983-12-21,2.74461,2.78186,2.73809,2.76309,2.76309,6355803
1983-12-22,2.76309,2.80053,2.74461,2.78186,2.78186,7068324
1983-12-23,2.76309,2.78186,2.75677,2.76309,2.76309,4255735
1983-12-27,2.75677,2.81288,2.75677,2.80053,2.80053,4403153
1983-12-28,2.80053,2.83778,2.80053,2.83778,2.83778,6318301
1983-12-29,2.81901,2.81901,2.78186,2.78186,2.78186,4458761
1983-12-30,2.76309,2.80053,2.75677,2.78186,2.78186,3685459
1984-01-03,2.77563,2.77563,2.72554,2.72554,2.72554,6667451
1984-01-04,2.72554,2.79421,2.72554,2.76309,2.76309,8525698
1984-01-05,2.76309,2.79421,2.76309,2.78186,2.78186,10205492
1984-01-06,2.76309,2.81901,2.75677,2.78186,2.78186,9556335
1984-01-09,2.76309,2.78186,2.74461,2.75677,2.75677,18970418
1984-01-10,2.74461,2.77563,2.74461,2.76309,2.76309,12922384
1984-01-11,2.75677,2.80053,2.75677,2.79421,2.79421,8723546
1984-01-12,2.78186,2.81901,2.78186,2.81901,2.81901,5856648
1984-01-13,2.81288,2.81901,2.78186,2.79421,2.79421,7449802
1984-01-16,2.80053,2.81288,2.77563,2.79421,2.79421,8984764
1984-01-17,2.77563,2.79421,2.76309,2.78186,2.78186,7722656
1984-01-18,2.78186,2.81901,2.78186,2.80053,2.80053,6168299
1984-01-19,2.80053,2.83778,2.79421,2.83778,2.83778,8060165
1984-01-20,2.83778,2.89389,2.83165,2.83778,2.83778,10096866
1984-01-23,2.83165,2.86899,2.81901,2.85644,2.85644,7275227
1984-01-24,2.85644,2.91255,2.85022,2.88776,2.88776,11455962
1984-01-25,2.88776,2.93123,2.87521,2.90623,2.90623,16514744
1984-01-26,2.91255,2.925,2.88776,2.88776,2.88776,10721461
1984-01-27,2.87521,2.91255,2.86899,2.91255,2.91255,7810586
1984-01-30,2.90623,2.94358,2.90623,2.94358,2.94358,11139136
1984-01-31,2.94358,2.96226,2.91255,2.96226,2.96226,8982180
1984-02-01,2.96226,2.98112,2.95,2.96857,2.96857,11965456
1984-02-02,2.96226,2.96857,2.925,2.94358,2.94358,12667641
1984-02-03,2.94358,2.96857,2.93123,2.93123,2.93123,22251130
1984-02-06,2.79421,2.88776,2.77563,2.81288,2.81288,21970518
1984-02-07,2.79421,2.81901,2.76309,2.77563,2.77563,11776661
1984-02-08,2.79421,2.80053,2.73809,2.74461,2.74461,7712309
1984-02-09,2.70085,2.73809,2.6886,2.70698,2.70698,10083938
1984-02-10,2.71952,2.75677,2.71952,2.73809,2.73809,8201116
1984-02-13,2.75677,2.81288,2.71952,2.73809,2.73809,5652337
1984-02-14,2.74461,2.76309,2.73809,2.74461,2.74461,8409317
1984-02-15,2.75677,2.79421,2.75677,2.76309,2.76309,5779063
1984-02-16,2.76309,2.77563,2.73809,2.74461,2.74461,7571355
1984-02-17,2.73809,2.78186,2.72554,2.77563,2.77563,7544202
1984-02-21,2.78186,2.83778,2.78186,2.81901,2.81901,8863209
1984-02-22,2.81901,2.89389,2.81901,2.85644,2.85644,8607171
1984-02-23,2.83778,2.86899,2.81901,2.83778,2.83778,9601596
1984-02-24,2.83165,2.85644,2.83165,2.85022,2.85022,12429698
1984-02-27,2.85022,2.96226,2.83778,2.94358,2.94358,16099641
1984-02-28,2.94358,2.94358,2.88776,2.90623,2.90623,13021959
1984-02-29,2.89389,2.91255,2.85644,2.86899,2.86899,9371415
1984-03-01,2.88776,2.925,2.86899,2.90623,2.90623,11193456
1984-03-02,2.925,2.95,2.89389,2.91255,2.91255,10678784
1984-03-05,2.86899,2.86899,2.86899,2.86899,2.86899,6505809
1984-03-06,2.86899,2.90623,2.86899,2.86899,2.86899,7417477
1984-03-07,2.85022,2.85644,2.74461,2.83165,2.83165,6498048
1984-03-08,2.81288,2.86899,2.81288,2.85022,2.85022,10583091
1984-03-09,2.85022,2.88776,2.83778,2.87521,2.87521,7522223
1984-03-12,2.88776,2.94358,2.87521,2.94358,2.94358,13771980
1984-03-13,2.925,2.93123,2.88776,2.88776,2.88776,6530375
1984-03-14,2.87521,2.88776,2.83778,2.85022,2.85022,7924385
1984-03-15,2.83778,2.90623,2.83165,2.88776,2.88776,6962286
1984-03-16,2.90623,2.94358,2.83165,2.90623,2.90623,10961985
1984-03-19,2.86899,2.89389,2.85644,2.87521,2.87521,5948460
1984-03-20,2.88776,2.89389,2.85022,2.85644,2.85644,7395491
1984-03-21,2.85022,2.85644,2.81901,2.81901,2.81901,6088120
1984-03-22,2.83165,2.83165,2.76309,2.80053,2.80053,9487792
1984-03-23,2.80053,2.83778,2.77563,2.83165,2.83165,8786910
1984-03-26,2.81901,2.87521,2.81288,2.85644,2.85644,4879033
1984-03-27,2.85644,2.89389,2.85022,2.88776,2.88776,5057487
1984-03-28,2.88776,2.91255,2.88776,2.91255,2.91255,7154963
1984-03-29,2.91255,2.925,2.85022,2.88776,2.88776,5301893
1984-03-30,2.88776,2.90623,2.85022,2.87521,2.87521,6831681
1984-04-02,2.87521,2.89389,2.85022,2.85644,2.85644,6273041
1984-04-03,2.83778,2.86899,2.83778,2.85022,2.85022,6759258
1984-04-04,2.85022,2.89389,2.83778,2.86899,2.86899,4991536
1984-04-05,2.86899,2.88776,2.85022,2.85022,2.85022,11293026
1984-04-06,2.83165,2.88776,2.83165,2.88776,2.88776,7072204
1984-04-09,2.86899,2.90623,2.85644,2.89389,2.89389,6333819
1984-04-10,2.88776,2.93123,2.88776,2.925,2.925,9592545
1984-04-11,2.925,2.96857,2.925,2.96226,2.96226,11885288
1984-04-12,2.96226,3.00592,2.95,2.98112,2.98112,16702248
1984-04-13,2.98112,3.02468,2.96857,2.98715,2.98715,17250544
1984-04-16,2.98715,3.01847,2.96857,3.01847,3.01847,11607263
1984-04-17,3.02468,3.03713,3.00592,3.00592,3.00592,10879218
1984-04-18,2.99969,3.01847,2.98715,3.00592,3.00592,8163620
1984-04-19,2.99969,3.02468,2.98715,3.00592,3.00592,14922880
1984-04-23,3.00592,3.05581,2.99969,3.03713,3.03713,12498233
1984-04-24,3.04366,3.1305,3.01847,3.09919,3.09919,19616992
1984-04-25,3.09919,3.15539,3.09296,3.13653,3.13653,12846095
1984-04-26,3.14898,3.20499,3.13653,3.19274,3.19274,14909954
1984-04-27,3.18642,3.21092,3.16784,3.17397,3.17397,13138344
1984-04-30,3.17397,3.19274,3.16784,3.17397,3.17397,11957699
1984-05-01,3.17397,3.21092,3.16784,3.21092,3.21092,16435856
1984-05-02,3.20499,3.21092,3.18642,3.19274,3.19274,8667941
1984-05-03,3.19274,3.20499,3.17397,3.17397,3.17397,12848674
1984-05-04,3.17397,3.19274,3.16784,3.18642,3.18642,10051608
1984-05-07,3.17397,3.20499,3.16784,3.20499,3.20499,19733378
1984-05-08,3.11766,3.14898,3.11163,3.13653,3.13653,16888463
1984-05-09,3.13653,3.17397,3.11163,3.13653,3.13653,15065132
1984-05-10,3.13653,3.15539,3.11766,3.14898,3.14898,14935810
1984-05-11,3.14898,3.16784,3.13653,3.15539,3.15539,10193852
1984-05-14,3.15539,3.17397,3.14898,3.14898,3.14898,10996897
1984-05-15,3.14898,3.19274,3.14898,3.18642,3.18642,14884089
1984-05-16,3.18642,3.21092,3.11766,3.19274,3.19274,16241892
1984-05-17,3.18642,3.19274,3.16784,3.17397,3.17397,9311934
1984-05-18,3.18642,3.19274,3.15539,3.17397,3.17397,7378676
1984-05-21,3.17397,3.19274,3.15539,3.15539,3.15539,8583893
1984-05-22,3.14898,3.16784,3.13653,3.14898,3.14898,12220212
1984-05-23,3.13653,3.15539,3.11766,3.11766,3.11766,11391306
1984-05-24,3.11163,3.11163,2.96226,2.98112,2.98112,23936092
1984-05-25,2.96857,3.07429,2.96226,3.06194,3.06194,16862595
1984-05-29,3.06194,3.09919,3.06194,3.08041,3.08041,9239515
1984-05-30,3.08041,3.09296,2.99969,3.00592,3.00592,31565646
1984-05-31,2.98715,2.99969,2.95,2.96857,2.96857,12115463
1984-06-01,2.98112,3.03713,2.98112,3.00592,3.00592,11043445
1984-06-04,3.01847,3.04366,2.99969,3.02468,3.02468,11258114
1984-06-05,3.01847,3.01847,2.98112,2.98715,2.98715,14146994
1984-06-06,2.98715,3.01847,2.98112,3.01847,3.01847,18595406
1984-06-07,2.99969,3.01847,2.98715,3.00592,3.00592,37966709
1984-06-08,2.99969,3.03713,2.99969,3.02468,3.02468,6975219
1984-06-11,3.01847,3.03713,2.98715,3.01847,3.01847,18375576
1984-06-12,3.00592,3.00592,2.98112,2.99969,2.99969,10976205
1984-06-13,2.99969,3.01847,2.98715,2.99969,2.99969,7483421
1984-06-14,2.98715,3.00592,2.98112,2.99969,2.99969,8023960
1984-06-15,2.98715,2.98715,2.86899,2.86899,2.86899,23105901
1984-06-18,2.86899,2.94358,2.85022,2.925,2.925,14056471
1984-06-19,2.925,2.98715,2.925,2.96857,2.96857,8274825
1984-06-20,2.95,3.05581,2.94358,3.04366,3.04366,11219315
1984-06-21,3.02468,3.04366,3.00592,3.00592,3.00592,9417966
1984-06-22,3.00592,3.02468,2.98715,2.99969,2.99969,9789100
1984-06-25,2.98715,3.01847,2.98112,2.98112,2.98112,14185790
1984-06-26,2.98112,3.00592,2.96857,2.96857,2.96857,10289545
1984-06-27,2.96857,2.98715,2.96226,2.96226,2.96226,7123927
1984-06-28,2.96857,3.01847,2.96857,2.99969,2.99969,7357989
1984-06-29,3.00592,3.05581,3.00592,3.04366,3.04366,11540021
1984-07-02,3.03713,3.05581,3.00592,3.03713,3.03713,5904489
1984-07-03,3.01847,3.03713,2.98715,3.02468,3.02468,6585981
1984-07-05,3.02468,3.04366,3.02468,3.02468,3.02468,7699378
1984-07-06,3.01847,3.04366,3.01847,3.03713,3.03713,6513566
1984-07-09,3.02468,3.06194,3.01847,3.05581,3.05581,9279603
1984-07-10,3.03713,3.05581,3.01847,3.03713,3.03713,15401345
1984-07-11,3.01847,3.03713,3.00592,3.01847,3.01847,9279603
1984-07-12,3.00592,3.02468,2.99969,3.00592,3.00592,8595528
1984-07-13,3.00592,3.05581,3.00592,3.02468,3.02468,10068422
1984-07-16,3.02468,3.05581,3.00592,3.04366,3.04366,9295116
1984-07-17,3.04366,3.09296,3.04366,3.07429,3.07429,8299400
1984-07-18,3.06194,3.07429,3.04366,3.05581,3.05581,10791287
1984-07-19,3.05581,3.08041,3.04366,3.06194,3.06194,8014903
1984-07-20,3.06194,3.08041,3.04366,3.06194,3.06194,11335700
1984-07-23,3.04366,3.07429,3.03713,3.06194,3.06194,9940396
1984-07-24,3.08041,3.09919,3.06194,3.06194,3.06194,8649847
1984-07-25,3.05581,3.07429,3.05581,3.05581,3.05581,11787010
1984-07-26,3.09296,3.11163,3.08041,3.08041,3.08041,9318393
1984-07-27,3.07429,3.08041,3.01847,3.01847,3.01847,13590948
1984-07-30,2.99969,2.99969,2.91255,2.925,2.925,18414374
1984-07-31,2.88776,2.89389,2.83165,2.85644,2.85644,22177423
1984-08-01,2.85644,2.91255,2.85644,2.89389,2.89389,17677275
1984-08-02,2.88776,2.89389,2.83165,2.83165,2.83165,18466097
1984-08-03,2.86899,2.925,2.83165,2.91255,2.91255,30479409
1984-08-06,2.89389,2.98715,2.87521,2.95,2.95,28462096
1984-08-07,2.85644,2.98715,2.85022,2.95,2.95,18711791
1984-08-08,2.95,3.02468,2.95,2.96857,2.96857,23134348
1984-08-09,2.96857,3.08041,2.96857,3.06194,3.06194,18194541
1984-08-10,3.09296,3.1305,3.07429,3.08041,3.08041,19293703
1984-08-13,3.05581,3.07429,3.01847,3.07429,3.07429,11902096
1984-08-14,3.07429,3.08041,3.03713,3.05581,3.05581,14586662
1984-08-15,3.05581,3.08041,3.05581,3.07429,3.07429,9054592
1984-08-16,3.05581,3.09296,3.05581,3.06194,3.06194,9027438
1984-08-17,3.08041,3.09296,3.07429,3.08041,3.08041,9357186
1984-08-20,3.08041,3.11766,3.08041,3.11163,3.11163,9147700
1984-08-21,3.11163,3.17397,3.09919,3.16784,3.16784,18285057
1984-08-22,3.16784,3.20499,3.15539,3.18642,3.18642,16797942
1984-08-23,3.18642,3.20499,3.16784,3.16784,3.16784,12062444
1984-08-24,3.16784,3.19274,3.16784,3.18642,3.18642,11017587
1984-08-27,3.17397,3.20499,3.15539,3.20499,3.20499,8137754
1984-08-28,3.19274,3.22414,3.14898,3.22414,3.22414,13358173
1984-08-29,3.22414,3.26101,3.21092,3.23008,3.23008,11766317
1984-08-30,3.23008,3.24224,3.21092,3.22414,3.22414,10797756
1984-08-31,3.20499,3.22414,3.18642,3.20499,3.20499,11693902
1984-09-04,3.19274,3.20499,3.18642,3.19274,3.19274,7236438
1984-09-05,3.19274,3.23008,3.19274,3.22414,3.22414,14612526
1984-09-06,3.23008,3.26101,3.22414,3.26101,3.26101,10743441
1984-09-07,3.26101,3.27978,3.24224,3.24224,3.24224,9481330
1984-09-10,3.23008,3.31713,3.23008,3.28571,3.28571,16772076
1984-09-11,3.31713,3.32335,3.28571,3.28571,3.28571,14056471
1984-09-12,3.27978,3.32335,3.27978,3.31713,3.31713,15181516
1984-09-13,3.32335,3.35428,3.31713,3.34212,3.34212,17341062
1984-09-14,3.34212,3.36069,3.31713,3.3359,3.3359,16422930
1984-09-17,3.32335,3.34212,3.31713,3.31713,3.31713,14108202
1984-09-18,3.30458,3.32335,3.29835,3.29835,3.29835,18401445
1984-09-19,3.28571,3.35428,3.27978,3.31713,3.31713,14365538
1984-09-20,3.30458,3.3359,3.29835,3.31713,3.31713,10915427
1984-09-21,3.30458,3.34212,3.24876,3.24876,3.24876,15917309
1984-09-24,3.24876,3.26724,3.17397,3.24876,3.24876,10818444
1984-09-25,3.24876,3.31713,3.24876,3.31713,3.31713,10674899
1984-09-26,3.32335,3.37917,3.30458,3.34212,3.34212,18116943
1984-09-27,3.36069,3.37917,3.35428,3.35428,3.35428,9018387
1984-09-28,3.35428,3.36069,3.3359,3.3359,3.3359,6390716
1984-10-01,3.32335,3.34212,3.31713,3.3359,3.3359,8323964
1984-10-02,3.3359,3.37917,3.3359,3.34212,3.34212,9950738
1984-10-03,3.34212,3.35428,3.31713,3.31713,3.31713,8287763
1984-10-04,3.31713,3.35428,3.31713,3.34212,3.34212,8993814
1984-10-05,3.34212,3.36069,3.3359,3.34212,3.34212,9401156
1984-10-08,3.34212,3.36069,3.34212,3.35428,3.35428,6031224
1984-10-09,3.36069,3.37294,3.34212,3.34212,3.34212,11108106
1984-10-10,3.35428,3.36069,3.3359,3.36069,3.36069,12384438
1984-10-11,3.35428,3.37294,3.35428,3.37294,3.37294,9698580
1984-10-12,3.37294,3.39182,3.35428,3.36069,3.36069,12931442
1984-10-15,3.35428,3.39182,3.35428,3.37294,3.37294,8858040
1984-10-16,3.36069,3.37294,3.3359,3.3359,3.3359,20418741
1984-10-17,3.32335,3.3359,3.15539,3.19274,3.19274,27324129
1984-10-18,3.14898,3.18642,3.08041,3.16784,3.16784,43009970
1984-10-19,3.1305,3.13653,3.05581,3.09296,3.09296,29561269
1984-10-22,3.07429,3.08041,3.05581,3.07429,3.07429,23276592
1984-10-23,3.09296,3.09919,3.08041,3.09296,3.09296,13228861
1984-10-24,3.09296,3.14898,3.09296,3.14898,3.14898,11084827
1984-10-25,3.16784,3.21092,3.14898,3.17397,3.17397,17819522
1984-10-26,3.16784,3.24224,3.15539,3.22414,3.22414,8741659
1984-10-29,3.20499,3.22414,3.18642,3.21092,3.21092,10920604
1984-10-30,3.20499,3.29835,3.20499,3.27978,3.27978,13215930
1984-10-31,3.27978,3.27978,3.26101,3.26101,3.26101,9574440
1984-11-01,3.26724,3.32335,3.26724,3.29835,3.29835,20690299
1984-11-02,3.24224,3.27978,3.24224,3.26101,3.26101,9289943
1984-11-05,3.26101,3.28571,3.26101,3.28571,3.28571,10500329
1984-11-06,3.28571,3.34212,3.28571,3.34212,3.34212,13358173
1984-11-07,3.34212,3.34212,3.29835,3.32335,3.32335,16966054
1984-11-08,3.31713,3.31713,3.28571,3.30458,3.30458,14638397
1984-11-09,3.30458,3.31713,3.24876,3.26101,3.26101,10789999
1984-11-12,3.26101,3.26724,3.23008,3.26101,3.26101,9961090
1984-11-13,3.26101,3.26724,3.22414,3.23008,3.23008,12044338
1984-11-14,3.22414,3.27978,3.22414,3.26101,3.26101,9393400
1984-11-15,3.26101,3.27978,3.21092,3.26724,3.26724,9807199
1984-11-16,3.26724,3.28571,3.23008,3.24224,3.24224,9205894
1984-11-19,3.24224,3.24876,3.22414,3.22414,3.22414,6721763
1984-11-20,3.22414,3.27978,3.21092,3.26724,3.26724,13927158
1984-11-21,3.26101,3.27978,3.24876,3.26724,3.26724,9856347
1984-11-23,3.26724,3.27978,3.26101,3.26724,3.26724,3641488
1984-11-26,3.24224,3.26101,3.21092,3.22414,3.22414,8384745
1984-11-27,3.20499,3.26101,3.19274,3.24224,3.24224,11915027
1984-11-28,3.23008,3.24876,3.18642,3.19274,3.19274,8920107
1984-11-29,3.18642,3.21092,3.18642,3.20499,3.20499,7568771
1984-11-30,3.19274,3.22414,3.19274,3.22414,3.22414,7048928
1984-12-03,3.23008,3.23008,3.21092,3.23008,3.23008,11250351
1984-12-04,3.23008,3.26101,3.22414,3.24224,3.24224,8413197
1984-12-05,3.23008,3.24876,3.21092,3.22414,3.22414,5507493
1984-12-06,3.22414,3.24876,3.22414,3.23008,3.23008,5402757
1984-12-07,3.23008,3.27978,3.23008,3.26101,3.26101,7138154
1984-12-10,3.26101,3.34212,3.24876,3.3359,3.3359,14405623
1984-12-11,3.32335,3.32335,3.27978,3.28571,3.28571,11346045
1984-12-12,3.27978,3.28571,3.23008,3.26724,3.26724,13358173
1984-12-13,3.24876,3.26101,3.21092,3.21092,3.21092,10402050
1984-12-14,3.21092,3.26101,3.21092,3.23008,3.23008,7705850
1984-12-17,3.22414,3.26101,3.16784,3.26101,3.26101,8779150
1984-12-18,3.26101,3.35428,3.22414,3.34212,3.34212,21401530
1984-12-19,3.34212,3.35428,3.24224,3.24224,3.24224,25293898
1984-12-20,3.24224,3.28571,3.23008,3.27978,3.27978,10924478
1984-12-21,3.27978,3.29835,3.24224,3.26724,3.26724,18815249
1984-12-24,3.27978,3.32335,3.26724,3.31713,3.31713,5341975
1984-12-26,3.31713,3.3359,3.30458,3.31713,3.31713,2766033
1984-12-27,3.29835,3.31713,3.28571,3.30458,3.30458,7354105
1984-12-28,3.30458,3.34212,3.29835,3.3359,3.3359,8087320
1984-12-31,3.34212,3.35428,3.3359,3.35428,3.35428,7251954
1985-01-02,3.34212,3.34212,3.31713,3.31713,3.31713,8426124
1985-01-03,3.31713,3.3359,3.30458,3.31713,3.31713,11095169
1985-01-04,3.30458,3.31713,3.28571,3.29835,3.29835,7987752
1985-01-07,3.30458,3.34212,3.30458,3.32335,3.32335,13526288
1985-01-08,3.32335,3.3359,3.31713,3.32335,3.32335,8141636
1985-01-09,3.32335,3.34212,3.30458,3.3359,3.3359,9985661
1985-01-10,3.3359,3.37917,3.3359,3.37294,3.37294,12781433
1985-01-11,3.37294,3.37294,3.3359,3.35428,3.35428,8653715
1985-01-14,3.3359,3.41039,3.32335,3.39823,3.39823,16267752
1985-01-15,3.41039,3.42935,3.31713,3.39823,3.39823,16009120
1985-01-16,3.41671,3.45376,3.41039,3.43518,3.43518,12460732
1985-01-17,3.44782,3.44782,3.41039,3.42935,3.42935,11095169
1985-01-18,3.42935,3.49129,3.42935,3.47254,3.47254,9137356
1985-01-21,3.48507,3.60353,3.47254,3.58427,3.58427,13151273
1985-01-22,3.58427,3.60956,3.55363,3.59068,3.59068,2556546
1985-01-23,3.58427,3.59068,3.54712,3.58427,3.58427,14664253
1985-01-24,3.56598,3.56598,3.29835,3.49724,3.49724,14483210
1985-01-25,3.4665,3.48507,3.42935,3.42935,3.42935,18207468
1985-01-28,3.39182,3.44782,3.35428,3.41039,3.41039,17961766
1985-01-29,3.41671,3.49724,3.39823,3.49129,3.49129,10155052
1985-01-30,3.49129,3.56598,3.48507,3.55363,3.55363,17405722
1985-01-31,3.53487,3.60353,3.53487,3.5724,3.5724,21117035
1985-02-01,3.55363,3.60353,3.53487,3.60353,3.60353,24039547
1985-02-04,3.52845,3.56598,3.52261,3.55363,3.55363,14897020
1985-02-05,3.55363,3.56598,3.48507,3.52261,3.52261,11251644
1985-02-06,3.49724,3.51026,3.44782,3.4665,3.4665,12547375
1985-02-07,3.4665,3.49724,3.4665,3.48507,3.48507,8512767
1985-02-08,3.49129,3.56598,3.48507,3.55363,3.55363,14909954
1985-02-11,3.55363,3.55363,3.51026,3.52261,3.52261,10830080
1985-02-12,3.49724,3.53487,3.48507,3.52845,3.52845,9865391
1985-02-13,3.52845,3.5724,3.51026,3.56598,3.56598,11172755
1985-02-14,3.55363,3.5724,3.54712,3.55363,3.55363,9834358
1985-02-15,3.54712,3.56598,3.52261,3.52845,3.52845,7970938
1985-02-19,3.51026,3.55363,3.51026,3.52261,3.52261,6716586
1985-02-20,3.49129,3.49129,3.43518,3.45376,3.45376,7282990
1985-02-21,3.44782,3.47254,3.44782,3.44782,3.44782,11665452
1985-02-22,3.44782,3.48507,3.44782,3.45376,3.45376,8119651
1985-02-25,3.44782,3.53487,3.43518,3.52261,3.52261,39712451
1985-02-26,3.52261,3.5724,3.51026,3.55363,3.55363,10756373
1985-02-27,3.55363,3.58427,3.53487,3.5724,3.5724,12880999
1985-02-28,3.56598,3.5724,3.52845,3.53487,3.53487,8691218
1985-03-01,3.54712,3.6221,3.52845,3.59068,3.59068,13112477
1985-03-04,3.59068,3.64067,3.59068,3.6221,3.6221,10621885
1985-03-05,3.60956,3.68424,3.60353,3.66547,3.66547,11384844
1985-03-06,3.67792,3.69659,3.60353,3.60353,3.60353,12829283
1985-03-07,3.59068,3.64067,3.58427,3.6221,3.6221,11880116
1985-03-08,3.62803,3.64067,3.59068,3.59068,3.59068,11017587
1985-03-11,3.59068,3.6469,3.5724,3.64067,3.64067,10400762
1985-03-12,3.64067,3.72159,3.60353,3.72159,3.72159,12559017
1985-03-13,3.69659,3.71536,3.66547,3.66547,3.66547,6778658
1985-03-14,3.65945,3.68424,3.6469,3.65945,3.65945,9119248
1985-03-15,3.65945,3.67792,3.59068,3.6221,3.6221,13590948
1985-03-18,3.60956,3.6469,3.60956,3.62803,3.62803,8237328
1985-03-19,3.6221,3.67792,3.60956,3.65945,3.65945,11714589
1985-03-20,3.66547,3.69659,3.65945,3.68424,3.68424,10426622
1985-03-21,3.68424,3.73384,3.68424,3.70301,3.70301,11334413
1985-03-22,3.70301,3.71536,3.67792,3.67792,3.67792,7457554
1985-03-25,3.68424,3.72159,3.66547,3.72159,3.72159,9186490
1985-03-26,3.72159,3.79015,3.72159,3.75903,3.75903,11106812
1985-03-27,3.75903,3.77138,3.72159,3.72159,3.72159,7526093
1985-03-28,3.72159,3.73384,3.70301,3.70301,3.70301,6613136
1985-03-29,3.68424,3.74036,3.68424,3.74036,3.74036,6637711
1985-04-01,3.71536,3.75252,3.71536,3.74036,3.74036,6869186
1985-04-02,3.73384,3.75252,3.69659,3.69659,3.69659,5820440
1985-04-03,3.69659,3.70301,3.68424,3.70301,3.70301,7823520
1985-04-04,3.69659,3.73384,3.68424,3.72159,3.72159,6734687
1985-04-08,3.74036,3.75903,3.72159,3.73384,3.73384,5383357
1985-04-09,3.73384,3.77138,3.73384,3.75903,3.75903,5905785
1985-04-10,3.77751,4.00148,3.77138,3.77751,3.77751,6666157
1985-04-11,3.79015,3.80912,3.77751,3.79015,3.79015,9364953
1985-04-12,3.79628,3.80912,3.77751,3.79628,3.79628,3369934
1985-04-15,3.79015,3.83352,3.79015,3.8273,3.8273,4683771
1985-04-16,3.8273,3.86465,3.81495,3.85239,3.85239,8053699
1985-04-17,3.85239,3.94556,3.85239,3.94556,3.94556,9055890
1985-04-18,3.90831,3.99545,3.90831,3.93953,3.93953,9093389
1985-04-19,3.93953,4.02053,3.92699,4.01412,4.01412,8923984
1985-04-22,4.03279,4.03279,3.92699,3.92699,3.92699,13034894
1985-04-23,3.87077,3.90831,3.86465,3.90237,3.90237,15802218
1985-04-24,3.88974,3.90237,3.86465,3.86465,3.86465,8355002
1985-04-25,3.87077,3.93953,3.87077,3.92699,3.92699,9083042
1985-04-26,3.92066,3.93953,3.85239,3.86465,3.86465,10056783
1985-04-29,3.85239,3.90831,3.83352,3.83352,3.83352,9880917
1985-04-30,3.8273,3.90237,3.80912,3.83352,3.83352,9160634
1985-05-01,3.84617,3.88341,3.83352,3.86465,3.86465,8168790
1985-05-02,3.85239,3.88341,3.84617,3.87077,3.87077,5660095
1985-05-03,3.88341,3.90237,3.85239,3.85239,3.85239,6433398
1985-05-06,3.86465,3.92699,3.85239,3.88974,3.88974,8881315
1985-05-07,3.8273,3.84617,3.80912,3.80912,3.80912,9097271
1985-05-08,3.79015,3.81495,3.71536,3.74036,3.74036,9637804
1985-05-09,3.72159,3.73384,3.66547,3.72159,3.72159,9578316
1985-05-10,3.72159,3.73384,3.70301,3.72159,3.72159,11609848
1985-05-13,3.73384,3.77138,3.72159,3.75903,3.75903,10952933
1985-05-14,3.75903,3.79628,3.72159,3.77138,3.77138,9614529
1985-05-15,3.75252,3.79628,3.75252,3.77751,3.77751,11481829
1985-05-16,3.77138,3.83352,3.77138,3.83352,3.83352,10659383
1985-05-17,3.81495,3.92699,3.80912,3.88341,3.88341,9945574
1985-05-20,3.86465,3.90831,3.86465,3.90237,3.90237,11130086
1985-05-21,3.88974,3.93953,3.88341,3.92699,3.92699,14483210
1985-05-22,3.92066,3.93953,3.90831,3.92699,3.92699,7151086
1985-05-23,3.92066,3.97658,3.88341,3.96413,3.96413,6720470
1985-05-24,3.9581,4.00148,3.9581,4.00148,4.00148,8605874
1985-05-28,3.99545,4.02053,3.96413,3.97658,3.97658,7311434
1985-05-29,3.96413,3.97658,3.94556,3.96413,3.96413,7425234
1985-05-30,3.9581,4.01412,3.9581,3.983,3.983,13138344
1985-05-31,3.983,4.03911,3.97658,4.02053,4.02053,11924076
1985-06-03,4.02053,4.03279,3.88974,3.92066,3.92066,18996287
1985-06-04,3.88974,3.93953,3.87077,3.92699,3.92699,16216028
1985-06-05,3.92699,3.94556,3.85239,3.86465,3.86465,12005553
1985-06-06,3.8273,3.84617,3.79628,3.84617,3.84617,13060753
1985-06-07,3.83352,3.83352,3.71536,3.72159,3.72159,10581795
1985-06-10,3.73384,3.84617,3.73384,3.83352,3.83352,10019273
1985-06-11,3.83352,3.88341,3.81495,3.86465,3.86465,8574834
1985-06-12,3.86465,3.92699,3.80912,3.90237,3.90237,5704060
1985-06-13,3.88974,4.05788,3.86465,3.87077,3.87077,14095275
1985-06-14,3.90237,3.97658,3.88341,3.94556,3.94556,8411902
1985-06-17,3.93953,3.93953,3.86465,3.87077,3.87077,9236931
1985-06-18,3.86465,3.94556,3.86465,3.92066,3.92066,7892059
1985-06-19,3.92066,3.92066,3.85239,3.86465,3.86465,6254940
1985-06-20,3.84617,3.86465,3.81495,3.85239,3.85239,8318795
1985-06-21,3.83352,3.94556,3.83352,3.94556,3.94556,14767701
1985-06-24,3.92066,3.9581,3.90831,3.94556,3.94556,7129101
1985-06-25,3.9581,4.00148,3.88341,3.97658,3.97658,9336500
1985-06-26,3.97658,4.02053,3.97658,3.983,3.983,8400260
1985-06-27,4.01412,4.02053,3.983,4.00148,4.00148,7425234
1985-06-28,4.00148,4.02053,3.983,4.01412,4.01412,7533856
1985-07-01,3.99545,4.01412,3.90831,3.92066,3.92066,6348043
1985-07-02,3.85239,3.92066,3.8273,3.86465,3.86465,13888366
1985-07-03,3.85239,3.88341,3.85239,3.86465,3.86465,7055395
1985-07-05,3.85239,3.94556,3.85239,3.92699,3.92699,15841012
1985-07-08,3.92066,3.92699,3.87077,3.92066,3.92066,32664818
1985-07-09,3.92699,3.983,3.90831,3.9581,3.9581,9058478
1985-07-10,3.94556,3.96413,3.88341,3.9581,3.9581,7800247
1985-07-11,3.9581,3.983,3.90831,3.92066,3.92066,5963981
1985-07-12,3.90237,3.90831,3.86465,3.90237,3.90237,9966257
1985-07-15,3.90237,3.94556,3.88341,3.88974,3.88974,6505809
1985-07-16,3.88341,3.90831,3.86465,3.90237,3.90237,8480436
1985-07-17,3.90237,3.93953,3.90237,3.92699,3.92699,8287763
1985-07-18,3.92066,3.9581,3.90237,3.90831,3.90831,10276618
1985-07-19,3.88974,3.93953,3.88341,3.92699,3.92699,10117562
1985-07-22,3.92699,3.92699,3.88341,3.88974,3.88974,5352321
1985-07-23,3.87077,3.92066,3.81495,3.84617,3.84617,11233546
1985-07-24,3.83352,3.9581,3.83352,3.93953,3.93953,14224586
1985-07-25,3.93953,3.96413,3.86465,3.9581,3.9581,18116943
1985-07-26,3.94556,3.96413,3.93953,3.94556,3.94556,6420457
1985-07-29,3.92699,3.94556,3.87077,3.87077,3.87077,6357093
1985-07-30,3.86465,3.94556,3.86465,3.92699,3.92699,6198039
1985-07-31,3.92066,3.94556,3.90237,3.90831,3.90831,8936922
1985-08-01,3.92066,3.92066,3.86465,3.87077,3.87077,6976511
1985-08-02,3.86465,3.88974,3.85239,3.85239,3.85239,6283388
1985-08-05,3.85239,3.88974,3.84617,3.88341,3.88341,8389915
1985-08-06,3.88974,3.90831,3.81495,3.83352,3.83352,13060753
1985-08-07,3.77138,3.79015,3.75903,3.77138,3.77138,9795567
1985-08-08,3.75903,3.83352,3.75903,3.8273,3.8273,6641590
1985-08-09,3.84617,3.85239,3.81495,3.81495,3.81495,5463534
1985-08-12,3.81495,3.84617,3.80912,3.8273,3.8273,5438961
1985-08-13,3.83352,3.90831,3.81495,3.8273,3.8273,6036397
1985-08-14,3.81495,3.86465,3.81495,3.84617,3.84617,8023960
1985-08-15,3.85239,3.88974,3.84617,3.86465,3.86465,6525207
1985-08-16,3.84617,3.86465,3.77751,3.77751,3.77751,10306359
1985-08-19,3.79015,3.80912,3.79015,3.79628,3.79628,16384135
1985-08-20,3.79015,3.8273,3.79015,3.80912,3.80912,8807601
1985-08-21,3.80912,3.83352,3.80912,3.81495,3.81495,5923894
1985-08-22,3.81495,3.81495,3.75903,3.77751,3.77751,6107517
1985-08-23,3.75903,3.79015,3.75903,3.79015,3.79015,4588074
1985-08-26,3.77751,3.83352,3.77751,3.80912,3.80912,4086336
1985-08-27,3.8273,3.83352,3.81495,3.81495,3.81495,5323875
1985-08-28,3.81495,3.83352,3.80912,3.81495,3.81495,5910962
1985-08-29,3.81495,3.87077,3.81495,3.86465,3.86465,7089016
1985-08-30,3.87077,3.93953,3.86465,3.92699,3.92699,9842117
1985-09-03,3.92699,3.92699,3.88341,3.88341,3.88341,6510978
1985-09-04,3.88341,3.88974,3.86465,3.86465,3.86465,6485116
1985-09-05,3.88341,3.90237,3.87077,3.88341,3.88341,5629057
1985-09-06,3.88341,3.92066,3.88341,3.90831,3.90831,6658403
1985-09-09,3.90831,3.92699,3.88974,3.90237,3.90237,3351830
1985-09-10,3.87077,3.90237,3.86465,3.88974,3.88974,8362759
1985-09-11,3.88341,3.88974,3.86465,3.88341,3.88341,6804520
1985-09-12,3.87077,3.88341,3.84617,3.85239,3.85239,6671334
1985-09-13,3.86465,3.88341,3.80912,3.80912,3.80912,9836946
1985-09-16,3.77751,3.79628,3.77138,3.77751,3.77751,7057982
1985-09-17,3.77751,3.80912,3.69659,3.72159,3.72159,11911148
1985-09-18,3.70301,3.71536,3.68424,3.70301,3.70301,8117063
1985-09-19,3.69659,3.74036,3.67792,3.73384,3.73384,12310728
1985-09-20,3.74036,3.74036,3.70301,3.70301,3.70301,11780542
1985-09-23,3.73384,3.77138,3.73384,3.75252,3.75252,9305467
1985-09-24,3.74036,3.75903,3.70301,3.70301,3.70301,10444731
1985-09-25,3.70301,3.71536,3.6469,3.6469,3.6469,12685746
1985-09-26,3.6221,3.72159,3.60353,3.72159,3.72159,14819429
1985-09-30,3.77751,3.86465,3.75252,3.86465,3.86465,16009120
1985-10-01,3.87077,3.94556,3.87077,3.94556,3.94556,23483494
1985-10-02,3.94556,3.96413,3.90237,3.90831,3.90831,15388408
1985-10-03,3.90237,3.92066,3.88974,3.90237,3.90237,11626657
1985-10-04,3.88341,3.90237,3.84617,3.85239,3.85239,9739956
1985-10-07,3.83352,3.90831,3.79015,3.87077,3.87077,9849875
1985-10-08,3.87077,3.92066,3.86465,3.88974,3.88974,7859732
1985-10-09,3.90831,3.93953,3.90237,3.90831,3.90831,5145419
1985-10-10,3.90831,3.92066,3.87077,3.90831,3.90831,5265685
1985-10-11,3.90237,3.94556,3.88974,3.94556,3.94556,9269257
1985-10-14,3.93953,3.96413,3.93953,3.9581,3.9581,5123434
1985-10-15,3.9581,3.97658,3.90237,3.9581,3.9581,9433491
1985-10-16,3.96413,4.02053,3.96413,4.02053,4.02053,12820230
1985-10-17,4.00148,4.03279,3.983,4.00148,4.00148,12415473
1985-10-18,4.00148,4.01412,3.92066,3.92066,3.92066,12306851
1985-10-21,3.92066,3.96413,3.90237,3.9581,3.9581,6840732
1985-10-22,3.9581,4.01412,3.94556,4.00148,4.00148,6587276
1985-10-23,3.983,4.03911,3.983,4.01412,4.01412,6340285
1985-10-24,4.01412,4.02053,3.96413,3.97658,3.97658,6235539
1985-10-25,3.97658,3.99545,3.97658,3.983,3.983,4379878
1985-10-28,4.00148,4.03279,3.99545,4.03279,4.03279,6468307
1985-10-29,4.03279,4.06985,4.02053,4.03911,4.03911,9498144
1985-10-30,4.05788,4.05788,4.00148,4.02053,4.02053,8590355
1985-10-31,4.05146,4.09484,4.05146,4.09484,4.09484,14224586
1985-11-01,4.05788,4.14482,4.05146,4.13238,4.13238,11201216
1985-11-04,4.12605,4.16349,4.09484,4.12605,4.12605,11780542
1985-11-05,3.983,4.12605,3.96413,3.983,3.983,18336784
1985-11-06,3.983,3.99545,3.88974,3.92066,3.92066,11021471
1985-11-07,3.90831,3.92699,3.88974,3.92699,3.92699,7701970
1985-11-08,3.92699,3.94556,3.92066,3.94556,3.94556,5929067
1985-11-11,3.93953,4.02053,3.92699,4.02053,4.02053,9103734
1985-11-12,4.00148,4.06985,3.983,4.02053,4.02053,10061954
1985-11-13,4.01412,4.02053,3.94556,3.96413,3.96413,7039872
1985-11-14,3.9581,4.03911,3.94556,4.03279,4.03279,10770602
1985-11-15,4.00148,4.02053,3.96413,3.97658,3.97658,11246475
1985-11-18,3.9581,3.97658,3.93953,3.96413,3.96413,7334711
1985-11-19,3.96413,3.97658,3.93953,3.94556,3.94556,7765327
1985-11-20,3.92699,3.96413,3.92699,3.94556,3.94556,5416978
1985-11-21,3.9581,3.97658,3.94556,3.97658,3.97658,6677796
1985-11-22,3.9581,3.96413,3.92699,3.93953,3.93953,4771699
1985-11-25,3.92699,3.983,3.92066,3.93953,3.93953,7495059
1985-11-26,3.93953,3.983,3.93953,3.97658,3.97658,5930358
1985-11-27,3.983,4.03911,3.97658,4.02053,4.02053,7149794
1985-11-29,4.02053,4.03911,3.97658,3.97658,3.97658,3473387
1985-12-02,3.97658,3.97658,3.88974,3.90237,3.90237,7392901
1985-12-03,3.92066,3.93953,3.90237,3.92066,3.92066,5885098
1985-12-04,3.92066,4.05788,3.88974,4.05146,4.05146,15621183
1985-12-05,4.03911,4.06985,4.00148,4.00148,4.00148,10575329
1985-12-06,3.99545,4.02053,3.96413,3.96413,3.96413,13190069
1985-12-09,3.96413,3.96413,3.85239,3.88341,3.88341,18453163
1985-12-10,3.85239,3.85239,3.70301,3.71536,3.71536,46915264
1985-12-11,3.68424,3.75903,3.6469,3.72159,3.72159,35095927
1985-12-12,3.74036,3.84617,3.73384,3.84617,3.84617,36466658
1985-12-13,3.86465,3.93953,3.85239,3.92699,3.92699,16552243
1985-12-16,3.92066,4.05146,3.90831,4.02053,4.02053,16552243
1985-12-17,4.03279,4.06985,3.97658,4.01412,4.01412,16164303
1985-12-18,4.00148,4.05788,3.97658,4.03279,4.03279,31591511
1985-12-19,4.01412,4.05146,4.00148,4.03911,4.03911,12071501
1985-12-20,4.05788,4.09484,4.03911,4.05788,4.05788,20819620
1985-12-23,4.03911,4.03911,3.97658,3.97658,3.97658,7802833
1985-12-24,3.92699,3.94556,3.90831,3.94556,3.94556,6236833
1985-12-26,3.93953,3.983,3.93953,3.97658,3.97658,5063948
1985-12-27,3.97658,4.05146,3.97658,4.01412,4.01412,5687245
1985-12-30,4.01412,4.05788,4.00148,4.05146,4.05146,7486014
1985-12-31,4.05146,4.10757,4.03911,4.10757,4.10757,26548243
1986-01-02,4.09484,4.10757,4.03911,4.05788,4.05788,9520126
1986-01-03,4.05788,4.09484,4.05788,4.09484,4.09484,11339581
1986-01-06,4.09484,4.13238,4.09484,4.12605,4.12605,8495954
1986-01-07,4.13238,4.16349,4.12605,4.16349,4.16349,10162817
1986-01-08,4.16952,4.18217,3.97658,4.00148,4.00148,19009218
1986-01-09,3.94556,4.00148,3.94556,3.983,3.983,14871158
1986-01-10,3.99545,4.05146,3.983,4.02053,4.02053,11498637
1986-01-13,4.00148,4.05146,4.00148,4.05146,4.05146,8916226
1986-01-14,4.06985,4.06985,4.01412,4.05146,4.05146,7828691
1986-01-15,4.03911,4.05788,4.01412,4.01412,4.01412,10161528
1986-01-16,4.01412,4.02053,3.92066,3.92699,3.92699,22384323
1986-01-17,3.90237,3.90831,3.80912,3.88974,3.88974,18944555
1986-01-20,3.87077,3.88341,3.85239,3.87077,3.87077,9322282
1986-01-21,3.86465,3.87077,3.72159,3.74036,3.74036,23535218
1986-01-22,3.73384,3.75903,3.70301,3.71536,3.71536,21686027
1986-01-23,3.71536,3.75252,3.68424,3.74036,3.74036,20276498
1986-01-24,3.74036,3.81495,3.73384,3.79015,3.79015,10921893
1986-01-27,3.77751,3.84617,3.75903,3.81495,3.81495,11511564
1986-01-28,3.81495,3.84617,3.79628,3.80912,3.80912,13836635
1986-01-29,3.80912,3.84617,3.80912,3.81495,3.81495,16164303
1986-01-30,3.80912,3.87077,3.74036,3.79628,3.79628,18918695
1986-01-31,3.79628,3.86465,3.79628,3.85239,3.85239,13836635
1986-02-03,3.85239,3.87077,3.81495,3.85239,3.85239,28112948
1986-02-04,3.65945,3.77138,3.62803,3.65945,3.65945,47018715
1986-02-05,3.65945,3.68424,3.60353,3.62803,3.62803,17754864
1986-02-06,3.66547,3.71536,3.65945,3.68424,3.68424,13190069
1986-02-07,3.68424,3.75903,3.66547,3.72159,3.72159,15647043
1986-02-10,3.73384,3.77751,3.73384,3.73384,3.73384,9990825
1986-02-11,3.74036,3.77751,3.73384,3.75903,3.75903,8477851
1986-02-12,3.75903,3.77138,3.73384,3.75903,3.75903,6459250
1986-02-13,3.75903,3.83352,3.75903,3.8273,3.8273,15259096
1986-02-14,3.8273,3.86465,3.80912,3.86465,3.86465,13190069
1986-02-18,3.85239,3.88974,3.8273,3.87077,3.87077,14871158
1986-02-19,3.84617,3.86465,3.80912,3.80912,3.80912,12383145
1986-02-20,3.81495,3.87077,3.80912,3.86465,3.86465,13215930
1986-02-21,3.87077,3.92699,3.87077,3.92066,3.92066,14871158
1986-02-24,3.90831,3.983,3.90831,3.983,3.983,13578007
1986-02-25,4.02053,4.05788,4.01412,4.05788,4.05788,17716071
1986-02-26,4.05146,4.07617,4.01412,4.02053,4.02053,16034986
1986-02-27,4.03911,4.03911,3.87077,3.90237,3.90237,22371393
1986-02-28,3.90237,3.92066,3.85239,3.88974,3.88974,15647043
1986-03-03,3.88974,3.93953,3.87077,3.93953,3.93953,9099856
1986-03-04,3.92699,3.93953,3.84617,3.86465,3.86465,10839129
1986-03-05,3.86465,3.92066,3.85239,3.90831,3.90831,13319377
1986-03-06,3.90237,3.92066,3.87077,3.88974,3.88974,11915027
1986-03-07,3.87077,3.92066,3.84617,3.88974,3.88974,16552243
1986-03-10,3.88974,3.92066,3.88341,3.90237,3.90237,9657196
1986-03-11,3.983,4.05788,3.9581,4.05788,4.05788,14483210
1986-03-12,4.06985,4.15084,4.05788,4.14482,4.14482,20173046
1986-03-13,4.14482,4.14482,4.02053,4.03279,4.03279,17974704
1986-03-14,4.00148,4.12605,3.97658,4.09484,4.09484,20638577
1986-03-17,4.07617,4.15084,4.05788,4.15084,4.15084,14741841
1986-03-18,4.14482,4.18839,4.1138,4.13238,4.13238,17509172
1986-03-19,4.14482,4.15084,4.09484,4.1138,4.1138,10672313
1986-03-20,4.12605,4.15084,4.1138,4.14482,4.14482,9214942
1986-03-21,4.16349,4.18217,4.07617,4.0888,4.0888,22371393
1986-03-24,4.0888,4.1138,4.03279,4.09484,4.09484,13060753
1986-03-25,4.0888,4.13238,4.03911,4.10757,4.10757,7497651
1986-03-26,4.1138,4.21951,4.10757,4.20064,4.20064,9604179
1986-03-27,4.23848,4.25696,4.16952,4.18839,4.18839,16422930
1986-03-31,4.16952,4.16952,4.1138,4.15084,4.15084,9514950
1986-04-01,4.16952,4.16952,4.09484,4.13238,4.13238,13190069
1986-04-02,4.16349,4.20687,4.14482,4.18839,4.18839,20043733
1986-04-03,4.20687,4.22583,4.15084,4.16349,4.16349,12804711
1986-04-04,4.16952,4.20064,4.0888,4.1138,4.1138,16164303
1986-04-07,4.1138,4.13238,4.03279,4.0888,4.0888,10537831
1986-04-08,4.10757,4.16349,4.0888,4.14482,4.14482,8709325
1986-04-09,4.16349,4.16349,4.0888,4.1138,4.1138,10153763
1986-04-10,4.13238,4.16349,4.10757,4.15084,4.15084,11470189
1986-04-11,4.16349,4.16952,4.10757,4.13238,4.13238,7986458
1986-04-14,4.15084,4.15084,4.1138,4.15084,4.15084,5683368
1986-04-15,4.16349,4.24441,4.15084,4.24441,4.24441,6752801
1986-04-16,4.24441,4.26279,4.20687,4.23848,4.23848,9117955
1986-04-17,4.22583,4.31238,4.20064,4.31238,4.31238,9650735
1986-04-18,4.2942,4.35012,4.23848,4.26279,4.26279,13060753
1986-04-21,4.28165,4.36909,4.25696,4.36909,4.36909,10195148
1986-04-22,4.35624,4.36909,4.25696,4.26279,4.26279,12890061
1986-04-23,4.26279,4.30032,4.23848,4.2942,4.2942,7217035
1986-04-24,4.27572,4.35012,4.27572,4.33767,4.33767,9328739
1986-04-25,4.33767,4.33767,4.22583,4.26279,4.26279,11620195
1986-04-28,4.25696,4.33135,4.22583,4.319,4.319,8975713
1986-04-29,4.33135,4.33767,4.25696,4.28165,4.28165,8902001
1986-04-30,4.28165,4.28165,4.20687,4.21951,4.21951,7559719
1986-05-01,4.16952,4.21951,4.16952,4.21951,4.21951,14353897
1986-05-02,4.23848,4.33767,4.21951,4.319,4.319,13965958
1986-05-05,4.35624,4.43093,4.35624,4.42491,4.42491,11567174
1986-05-06,4.43093,4.44981,4.15084,4.44981,4.44981,16422930
1986-05-07,4.30032,4.40623,4.25696,4.30032,4.30032,25940470
1986-05-08,4.31238,4.36909,4.18839,4.36909,4.36909,10664561
1986-05-09,4.36909,4.38727,4.33767,4.36909,4.36909,9825304
1986-05-12,4.39369,4.48102,4.38727,4.42491,4.42491,12186589
1986-05-13,4.43093,4.44348,4.36909,4.38727,4.38727,11485699
1986-05-14,4.39369,4.42491,4.35012,4.42491,4.42491,8039480
1986-05-15,4.40623,4.41226,4.33767,4.33767,4.33767,7255831
1986-05-16,4.33135,4.33767,4.27572,4.27572,4.27572,8554150
1986-05-19,4.28165,4.33135,4.25696,4.319,4.319,7831278
1986-05-20,4.33767,4.37502,4.26279,4.33135,4.33135,9445126
1986-05-21,4.33767,4.35012,4.319,4.33135,4.33135,5872169
1986-05-22,4.33767,4.38727,4.33135,4.38727,4.38727,10471876
1986-05-23,4.38727,4.43093,4.35624,4.36909,4.36909,7515757
1986-05-27,4.37502,4.42491,4.319,4.40623,4.40623,7673514
1986-05-28,4.41226,4.43093,4.39369,4.40623,4.40623,8049824
1986-05-29,4.39369,4.46225,4.38727,4.42491,4.42491,8620094
1986-05-30,4.41226,4.46837,4.39369,4.46225,4.46225,10832661
1986-06-02,4.46837,4.50572,4.42491,4.44981,4.44981,8343362
1986-06-03,4.44348,4.4994,4.44348,4.4994,4.4994,7608859
1986-06-04,4.4994,4.50572,4.39369,4.44348,4.44348,8234737
1986-06-05,4.44348,4.46837,4.41226,4.46837,4.46837,7229968
1986-06-06,4.46225,4.4994,4.44348,4.48102,4.48102,8413197
1986-06-09,4.46225,4.46225,4.35624,4.36909,4.36909,8989935
1986-06-10,4.35624,4.43093,4.35624,4.39369,4.39369,7447214
1986-06-11,4.41226,4.43093,4.40623,4.41226,4.41226,9657196
1986-06-12,4.42491,4.46225,4.39369,4.44348,4.44348,9352015
1986-06-13,4.46837,4.50572,4.44348,4.4994,4.4994,8975713
1986-06-16,4.48695,4.4994,4.44981,4.48695,4.48695,10089107
1986-06-17,4.48695,4.48695,4.43093,4.46225,4.46225,5471290
1986-06-18,4.44981,4.50572,4.43093,4.50572,4.50572,6595035
1986-06-19,4.48695,4.53684,4.48102,4.50572,4.50572,6958411
1986-06-20,4.50572,4.54296,4.48102,4.54296,4.54296,16810870
1986-06-23,4.53684,4.55541,4.48695,4.50572,4.50572,8409317
1986-06-24,4.51807,4.57429,4.48695,4.54296,4.54296,9658496
1986-06-25,4.55541,4.59277,4.4994,4.54296,4.54296,8541215
1986-06-26,4.55541,4.56174,4.50572,4.5243,4.5243,8117063
1986-06-27,4.53684,4.55541,4.51807,4.55541,4.55541,4597127
1986-06-30,4.55541,4.57429,4.51807,4.53684,4.53684,5241114
1986-07-01,4.51807,4.58051,4.50572,4.56174,4.56174,6804520
1986-07-02,4.56174,4.58051,4.55541,4.57429,4.57429,5286371
1986-07-03,4.56174,4.57429,4.51807,4.5243,4.5243,5416978
1986-07-07,4.5243,4.5243,4.38727,4.44981,4.44981,7567478
1986-07-08,4.41226,4.46837,4.40623,4.46837,4.46837,9443830
1986-07-09,4.48695,4.50572,4.46837,4.48102,4.48102,9124422
1986-07-10,4.48102,4.48102,4.39369,4.43093,4.43093,10998190
1986-07-11,4.43093,4.43093,4.38727,4.40623,4.40623,6465721
1986-07-14,4.38727,4.40623,4.33135,4.33767,4.33767,10381359
1986-07-15,4.30032,4.33135,4.28165,4.2942,4.2942,15647043
1986-07-16,4.30032,4.35624,4.2942,4.35624,4.35624,7992923
1986-07-17,4.35012,4.38727,4.33767,4.38727,4.38727,8217927
1986-07-18,4.37502,4.48695,4.36909,4.46837,4.46837,14224586
1986-07-21,4.46837,4.5243,4.46225,4.4994,4.4994,7482133
1986-07-22,4.48102,4.51807,4.48102,4.48695,4.48695,5927766
1986-07-23,4.4994,4.4994,4.44981,4.44981,4.44981,7590749
1986-07-24,4.46837,4.46837,4.43093,4.44348,4.44348,5634227
1986-07-25,4.44348,4.50572,4.43093,4.46837,4.46837,6644173
1986-07-28,4.46837,4.48102,4.39369,4.40623,4.40623,7725241
1986-07-29,4.39369,4.44348,4.33767,4.42491,4.42491,8426124
1986-07-30,4.43093,4.56174,4.43093,4.55541,4.55541,12716778
1986-07-31,4.54296,4.55541,4.48102,4.5243,4.5243,8499838
1986-08-01,4.50572,4.53684,4.4994,4.50572,4.50572,6216145
1986-08-04,4.48695,4.63652,4.46837,4.59899,4.59899,15517731
1986-08-05,4.76713,4.80447,4.736,4.79183,4.79183,27815524
1986-08-06,4.74855,4.77325,4.74855,4.77325,4.77325,24401630
1986-08-07,4.67367,4.77325,4.64897,4.67367,4.67367,18698864
1986-08-08,4.69244,4.71744,4.63652,4.66763,4.66763,12142623
1986-08-11,4.67367,4.736,4.67367,4.69244,4.69244,8711909
1986-08-12,4.69837,4.71744,4.66763,4.71744,4.71744,10990429
1986-08-13,4.71744,4.7857,4.71131,4.77325,4.77325,10683958
1986-08-14,4.79183,4.80447,4.74855,4.77325,4.77325,9177440
1986-08-15,4.7857,4.87916,4.75478,4.86068,4.86068,24246450
1986-08-18,4.87916,4.93518,4.86671,4.90406,4.90406,11555535
1986-08-19,4.92273,4.92273,4.82295,4.84172,4.84172,10165404
1986-08-20,4.84785,4.91651,4.82295,4.88538,4.88538,11554247
1986-08-21,4.89774,4.90406,4.84172,4.86068,4.86068,8689928
1986-08-22,4.86068,4.89774,4.84785,4.88538,4.88538,6191574
1986-08-25,4.89774,4.90406,4.86671,4.86671,4.86671,8934334
1986-08-26,4.90406,5.06578,4.89774,5.06578,5.06578,15142723
1986-08-27,5.06578,5.19639,5.04741,5.16547,5.16547,16164303
1986-08-28,5.14048,5.17783,5.10946,5.14048,5.14048,15000474
1986-08-29,5.14048,5.19639,5.10946,5.12812,5.12812,12865489
1986-09-02,5.14048,5.16547,5.04741,5.05343,5.05343,16552243
1986-09-03,5.03477,5.15915,5.02844,5.14048,5.14048,14224586
1986-09-04,5.1466,5.29636,5.1466,5.27118,5.27118,21466193
1986-09-05,5.27118,5.30871,5.24007,5.24007,5.24007,15259096
1986-09-08,5.21497,5.24007,5.16547,5.21497,5.21497,11896924
1986-09-09,5.19639,5.20282,5.1466,5.16547,5.16547,13707327
1986-09-10,5.16547,5.23364,5.15915,5.20282,5.20282,13965958
1986-09-11,5.19639,5.20282,4.91651,4.9413,4.9413,24828365
1986-09-12,4.97845,4.99109,4.76713,4.91651,4.91651,29871629
1986-09-15,4.99109,5.06578,4.91651,5.04741,5.04741,17845383
1986-09-16,5.02844,5.02844,4.95988,5.0157,5.0157,10645162
1986-09-17,4.99742,5.04741,4.95375,4.95988,4.95988,11024050
1986-09-18,4.95988,4.99742,4.90406,4.99742,4.99742,11573640
1986-09-19,4.97845,5.02844,4.93518,4.93518,4.93518,17457445
1986-09-22,4.95375,4.97845,4.91651,4.95375,4.95375,11461141
1986-09-23,4.9413,4.97845,4.91651,4.95988,4.95988,8660180
1986-09-24,4.97243,5.00987,4.95375,4.97243,4.97243,8497247
1986-09-25,4.95988,4.95988,4.82947,4.86068,4.86068,11843906
1986-09-26,4.86068,4.90406,4.84172,4.89774,4.89774,7571355
1986-09-29,4.87916,4.9413,4.86671,4.9413,4.9413,11031812
1986-09-30,4.95988,5.06578,4.95988,5.00987,5.00987,15776356
1986-10-01,5.00987,5.09078,4.99742,5.05343,5.05343,12504704
1986-10-02,5.04741,5.07211,5.0157,5.03477,5.03477,6751501
1986-10-03,5.08416,5.09078,5.0157,5.03477,5.03477,11894338
1986-10-06,5.0157,5.05343,4.97845,4.97845,4.97845,5896733
1986-10-07,4.99109,5.02844,4.97845,5.0157,5.0157,9384345
1986-10-08,4.99742,5.08416,4.99109,5.08416,5.08416,10144714
1986-10-09,5.08416,5.10946,4.97845,4.99109,4.99109,7820933
1986-10-10,4.95988,4.97845,4.92273,4.9413,4.9413,5586382
1986-10-13,4.93518,4.97845,4.92273,4.97845,4.97845,3562609
1986-10-14,4.92273,4.93518,4.87916,4.92273,4.92273,10818444
1986-10-15,4.91651,4.99109,4.91651,4.99109,4.99109,8687339
1986-10-16,4.99742,5.10304,4.97845,5.09078,5.09078,11777955
1986-10-17,5.04741,5.09078,5.03477,5.07211,5.07211,12539615
1986-10-20,5.05343,5.19639,4.95375,4.97243,4.97243,7566184
1986-10-21,4.97845,4.99109,4.95375,4.95988,4.95988,9383054
1986-10-22,4.95988,4.99109,4.93518,4.9413,4.9413,5498446
1986-10-23,4.9413,4.97243,4.91651,4.9413,4.9413,9421848
1986-10-24,4.9413,4.97845,4.93518,4.9413,4.9413,6276921
1986-10-27,4.9413,4.97845,4.91651,4.95988,4.95988,6606669
1986-10-28,4.92273,4.97243,4.92273,4.9413,4.9413,6966167
1986-10-29,4.95375,4.97243,4.88538,4.89774,4.89774,9601596
1986-10-30,4.9413,5.06578,4.92273,5.03477,5.03477,15388408
1986-10-31,5.04741,5.10946,5.04741,5.06578,5.06578,13578007
1986-11-03,5.08416,5.18424,4.88538,5.16547,5.16547,13578007
1986-11-04,5.15915,5.21497,5.1466,5.21497,5.21497,15776356
1986-11-05,5.16547,5.18424,5.12812,5.16547,5.16547,19914419
1986-11-06,5.15915,5.19639,5.10946,5.12812,5.12812,20431671
1986-11-07,5.10946,5.15915,5.10304,5.12812,5.12812,12706437
1986-11-10,5.14048,5.17783,5.14048,5.15915,5.15915,9795567
1986-11-11,5.15915,5.21497,5.1466,5.21497,5.21497,9437367
1986-11-12,5.21497,5.22158,5.1466,5.18424,5.18424,11646059
1986-11-13,5.18424,5.18424,5.10946,5.14048,5.14048,11626657
1986-11-14,5.1466,5.18424,5.1218,5.16547,5.16547,10059365
1986-11-17,5.14048,5.16547,5.1218,5.1466,5.1466,11856835
1986-11-18,5.1466,5.15915,5.00987,5.0157,5.0157,11174053
1986-11-19,5.02844,5.05343,4.99109,5.0157,5.0157,8741659
1986-11-20,5.03477,5.10946,4.99109,5.10946,5.10946,10461536
1986-11-21,5.10304,5.22158,5.09078,5.21497,5.21497,20560986
1986-11-24,5.21497,5.22158,5.15915,5.19639,5.19639,12596517
1986-11-25,5.15915,5.17783,5.10946,5.15915,5.15915,11113277
1986-11-26,5.1466,5.17783,5.12812,5.15915,5.15915,7694212
1986-11-28,5.16547,5.16547,5.1218,5.15915,5.15915,3786321
1986-12-01,5.09078,5.1466,5.06578,5.1466,5.1466,9909368
1986-12-02,5.1466,5.25261,5.14048,5.25261,5.25261,17198815
1986-12-03,5.23364,5.24007,5.14048,5.16547,5.16547,21078248
1986-12-04,5.15915,5.18424,5.1218,5.1218,5.1218,12662466
1986-12-05,5.14048,5.20282,5.08416,5.15915,5.15915,11304669
1986-12-08,5.17783,5.25261,5.1466,5.19639,5.19639,14871158
1986-12-09,5.20282,5.21497,5.17783,5.18424,5.18424,10130489
1986-12-10,5.17783,5.25261,5.16547,5.25261,5.25261,12931442
1986-12-11,5.24007,5.2775,5.15915,5.19639,5.19639,15517731
1986-12-12,5.22158,5.32729,5.21497,5.31446,5.31446,21724826
1986-12-15,5.29636,5.38953,5.2775,5.36444,5.36444,17328132
1986-12-16,5.37086,5.42075,5.3519,5.40791,5.40791,19009218
1986-12-17,5.3832,5.40188,5.32729,5.33332,5.33332,12844796
1986-12-18,5.28995,5.36444,5.25261,5.32729,5.32729,17328132
1986-12-19,5.3519,5.43932,5.30871,5.42075,5.42075,37113234
1986-12-22,5.40188,5.46432,5.40188,5.42688,5.42688,22242075
1986-12-23,5.43932,5.49535,5.42075,5.47687,5.47687,30000934
1986-12-24,5.47687,5.52024,5.44536,5.51401,5.51401,12896525
1986-12-26,5.51401,5.51401,5.46432,5.47687,5.47687,3483730
1986-12-29,5.45809,5.47687,5.3832,5.42075,5.42075,18879899
1986-12-30,5.42075,5.42075,5.33332,5.34606,5.34606,9407617
1986-12-31,5.32729,5.3519,5.22158,5.22158,5.22158,11841316
1987-01-02,5.30871,5.37086,5.22158,5.36444,5.36444,5830785
1987-01-05,5.44536,5.51401,5.40791,5.49535,5.49535,14612526
1987-01-06,5.48299,5.51401,5.46432,5.47687,5.47687,12767212
1987-01-07,5.47687,5.50127,5.45809,5.46432,5.46432,8608459
1987-01-08,5.47687,5.47687,5.42075,5.46432,5.46432,15647043
1987-01-09,5.46432,5.51401,5.44536,5.48299,5.48299,10963275
1987-01-12,5.49535,5.62614,5.48299,5.59473,5.59473,17198815
1987-01-13,5.56984,5.62614,5.56984,5.61321,5.61321,13578007
1987-01-14,5.62614,5.70045,5.61321,5.68197,5.68197,12931442
1987-01-15,5.66952,5.73828,5.65104,5.72563,5.72563,14353897
1987-01-16,5.71911,5.8189,5.70686,5.81268,5.81268,25474942
1987-01-19,5.794,5.87501,5.65104,5.85614,5.85614,12392201
1987-01-20,5.85614,5.91838,5.83748,5.8999,5.8999,12312030
1987-01-21,5.86237,5.95554,5.83115,5.83748,5.83748,13448695
1987-01-22,5.81268,5.95554,5.81268,5.95554,5.95554,11889168
1987-01-23,5.95554,6.30447,5.84369,5.8999,5.8999,31164770
1987-01-26,5.91838,6.06143,5.88123,6.00523,6.00523,14353897
1987-01-27,6.00523,6.09878,6.00523,6.08615,6.08615,16810870
1987-01-28,6.1051,6.1051,6.03032,6.09878,6.09878,17198815
1987-01-29,6.11804,6.12387,6.04296,6.1051,6.1051,11351221
1987-01-30,6.1051,6.17346,6.04908,6.16102,6.16102,10524894
1987-02-02,6.1549,6.26703,6.14255,6.236,6.236,12355994
1987-02-03,6.25448,6.29192,6.21704,6.21704,6.21704,12752984
1987-02-04,6.25448,6.25448,6.14255,6.25448,6.25448,13836635
1987-02-05,6.31069,6.32917,6.26703,6.30447,6.30447,14612526
1987-02-06,6.28561,6.32917,6.24845,6.26703,6.26703,9957206
1987-02-09,6.25448,6.27335,6.21704,6.236,6.236,7403243
1987-02-10,6.24845,6.27335,6.17999,6.22939,6.22939,11194746
1987-02-11,6.21091,6.22939,6.1549,6.19827,6.19827,11925376
1987-02-12,6.17999,6.19214,5.99346,6.01194,6.01194,17974704
1987-02-13,6.00523,6.08615,5.93715,6.03032,6.03032,21595501
1987-02-17,6.02438,6.1549,6.00523,6.14255,6.14255,13060753
1987-02-18,6.19214,6.22939,6.11804,6.17999,6.17999,17586762
1987-02-19,6.16102,6.16102,6.03032,6.06143,6.06143,16422930
1987-02-20,6.04908,6.08021,6.01194,6.06143,6.06143,15388408
1987-02-23,6.06143,6.1051,5.93715,5.95554,5.95554,18104016
1987-02-24,5.95554,5.96817,5.83748,5.83748,5.83748,11414580
1987-02-25,5.77552,5.83115,5.74431,5.78145,5.78145,19138531
1987-02-26,5.73828,5.80013,5.68197,5.80013,5.80013,16164303
1987-02-27,5.81268,5.86237,5.80013,5.83748,5.83748,10817146
1987-03-02,5.83115,5.87501,5.81268,5.85614,5.85614,8860624
1987-03-03,5.91838,5.98684,5.89359,5.96817,5.96817,12727120
1987-03-04,5.99346,6.04908,5.96817,6.04908,6.04908,12835746
1987-03-05,6.06786,6.09878,6.03032,6.04908,6.04908,9229168
1987-03-06,6.06143,6.1051,6.03032,6.06786,6.06786,10158942
1987-03-09,6.06786,6.06786,5.99346,6.03032,6.03032,8136458
1987-03-10,6.04908,6.13622,6.02438,6.12387,6.12387,9547286
1987-03-11,6.14255,6.14255,6.08021,6.14255,6.14255,13707327
1987-03-12,6.13622,6.22939,6.12387,6.19827,6.19827,12332717
1987-03-13,6.21091,6.21091,6.14255,6.1549,6.1549,12071501
1987-03-16,6.13622,6.13622,6.08021,6.11804,6.11804,9953329
1987-03-17,6.13622,6.31069,6.13622,6.28561,6.28561,15517731
1987-03-18,6.32917,6.40376,6.32314,6.36039,6.36039,20560986
1987-03-19,6.34785,6.36641,6.29192,6.32314,6.32314,10760251
1987-03-20,6.32917,6.38489,6.30447,6.38489,6.38489,23793848
1987-03-23,6.37886,6.60887,6.36641,6.57181,6.57181,14353897
1987-03-24,6.57181,6.62821,6.53427,6.55305,6.55305,14224586
1987-03-25,6.56587,6.56587,6.47846,6.50967,6.50967,10994305
1987-03-26,6.54613,6.60887,6.53427,6.55305,6.55305,11409410
1987-03-27,6.56587,6.57181,6.45355,6.45998,6.45998,11492166
1987-03-30,6.17999,6.34785,6.17999,6.29192,6.29192,20043733
1987-03-31,6.32917,6.39774,6.31069,6.38489,6.38489,11489587
1987-04-01,6.34785,6.62122,6.32314,6.59077,6.59077,13319377
1987-04-02,6.62122,6.65904,6.53427,6.60887,6.60887,10989137
1987-04-03,6.62821,6.73928,6.57181,6.69716,6.69716,13965958
1987-04-06,6.71486,6.77185,6.59077,6.69716,6.69716,10936115
1987-04-07,6.6781,6.78945,6.58484,6.6392,6.6392,13448695
1987-04-08,6.59077,6.66537,6.53427,6.58484,6.58484,12187884
1987-04-09,6.59077,6.62122,6.52795,6.60887,6.60887,15000474
1987-04-10,6.56587,6.7776,6.55305,6.71486,6.71486,14095275
1987-04-13,6.71486,6.85229,6.66537,6.66537,6.66537,14871158
1987-04-14,6.6781,6.77185,6.49751,6.60419,6.60419,23793848
1987-04-15,6.64552,6.69716,6.52795,6.65904,6.65904,17457445
1987-04-16,6.66537,6.73928,6.55305,6.59077,6.59077,22500703
1987-04-20,6.60887,6.62122,6.45355,6.52795,6.52795,12074087
1987-04-21,6.52795,6.69716,6.4411,6.69716,6.69716,19009218
1987-04-22,6.68433,6.73295,6.51598,6.51598,6.51598,16681557
1987-04-23,6.55305,6.66537,6.47846,6.60887,6.60887,12931442
1987-04-24,6.55305,6.62122,6.42244,6.4411,6.4411,13578007
1987-04-27,6.42244,6.4411,6.27335,6.36641,6.36641,21983450
1987-04-28,6.38489,6.39774,6.28561,6.29192,6.29192,16422930
1987-04-29,6.32917,6.34785,6.29192,6.32917,6.32917,14095275
1987-04-30,6.32314,6.53427,6.32314,6.45355,6.45355,16940183
1987-05-01,6.40376,6.43488,6.34785,6.38489,6.38489,16293614
1987-05-04,6.38489,6.4411,6.36039,6.43488,6.43488,20560986
1987-05-05,6.49138,6.62821,6.45998,6.62821,6.62821,12675400
1987-05-06,6.62122,6.6392,6.55305,6.59077,6.59077,15259096
1987-05-07,6.47213,6.58484,6.45998,6.47213,6.47213,15259096
1987-05-08,6.49138,6.50967,6.37886,6.45355,6.45355,17328132
1987-05-11,6.49751,6.73928,6.45355,6.59077,6.59077,19655789
1987-05-12,6.62821,6.70271,6.60887,6.70271,6.70271,9233046
1987-05-13,6.70271,6.7526,6.66537,6.7209,6.7209,15129782
1987-05-14,6.73928,6.7526,6.66537,6.70271,6.70271,9754188
1987-05-15,6.66537,6.66537,6.45998,6.49138,6.49138,17457445
1987-05-18,6.50967,6.62821,6.47846,6.58484,6.58484,13319377
1987-05-19,6.60419,6.60887,6.34152,6.47846,6.47846,15517731
1987-05-20,6.49138,6.62122,6.47846,6.50967,6.50967,15647043
1987-05-21,6.57181,6.62821,6.47846,6.49751,6.49751,9148996
1987-05-22,6.49138,6.57181,6.42244,6.45998,6.45998,9326156
1987-05-26,6.49751,6.55305,6.45998,6.54613,6.54613,9913239
1987-05-27,6.52795,6.55305,6.49138,6.51598,6.51598,6897630
1987-05-28,6.52795,6.54613,6.45998,6.51598,6.51598,8320087
1987-05-29,6.55305,6.55305,6.45998,6.47846,6.47846,7527389
1987-06-01,6.51598,6.55305,6.49138,6.49751,6.49751,8714501
1987-06-02,6.49138,6.54613,6.45998,6.49751,6.49751,10361967
1987-06-03,6.51598,6.59077,6.50967,6.57181,6.57181,8111890
1987-06-04,6.57181,6.59077,6.54613,6.59077,6.59077,5705350
1987-06-05,6.56587,6.59077,6.49751,6.49751,6.49751,7311434
1987-06-08,6.47846,6.54613,6.45355,6.51598,6.51598,6345455
1987-06-09,6.52795,6.52795,6.45998,6.47213,6.47213,8017494
1987-06-10,6.53427,6.56587,6.49751,6.50967,6.50967,12133565
1987-06-11,6.54613,6.62122,6.52795,6.56587,6.56587,8025253
1987-06-12,6.62821,6.69716,6.60887,6.65904,6.65904,11256819
1987-06-15,6.6781,6.6781,6.62821,6.65904,6.65904,8872268
1987-06-16,6.66537,6.6781,6.6392,6.66537,6.66537,7929559
1987-06-17,6.68433,6.71486,6.65904,6.68433,6.68433,12177533
1987-06-18,6.6781,6.70271,6.66537,6.69716,6.69716,8715788
1987-06-19,6.70271,6.7526,6.68433,6.71486,6.71486,27931908
1987-06-22,6.73928,6.83293,6.7209,6.82739,6.82739,16034986
1987-06-23,6.82739,6.84586,6.75843,6.79656,6.79656,10104627
1987-06-24,6.77185,6.80803,6.73928,6.77185,6.77185,7853263
1987-06-25,6.78945,6.83293,6.77185,6.82739,6.82739,7568771
1987-06-26,6.79656,6.87057,6.79656,6.81445,6.81445,10705939
1987-06-29,6.85229,7.00215,6.85229,6.97618,6.97618,17328132
1987-06-30,6.97618,7.01897,6.9082,6.94496,6.94496,15905669
1987-07-01,6.92093,6.95818,6.86395,6.87057,6.87057,9423142
1987-07-02,6.9082,6.94496,6.90139,6.9082,6.9082,6999791
1987-07-06,6.92668,6.97618,6.88933,6.95818,6.95818,12931442
1987-07-07,6.95818,7.11291,6.95818,7.06399,7.06399,12871957
1987-07-08,7.05749,7.09443,7.02548,7.06399,7.06399,12728418
1987-07-09,7.06399,7.09959,7.00779,7.02548,7.02548,10615415
1987-07-10,7.03891,7.03891,7.00215,7.00779,7.00779,9097271
1987-07-13,7.00779,7.02548,6.94496,6.9829,6.9829,10199021
1987-07-14,6.9829,7.00215,6.93864,7.00215,7.00215,9434778
1987-07-15,6.9829,7.22679,6.97618,7.00215,7.00215,11225788
1987-07-16,7.04494,7.05749,7.00779,7.05749,7.05749,11349925
1987-07-17,7.07654,7.11291,7.01897,7.09959,7.09959,15776356
1987-07-20,7.08335,7.09443,7.04494,7.07654,7.07654,7549373
1987-07-21,7.04494,7.11291,6.95818,7.00215,7.00215,11146900
1987-07-22,7.00215,7.00779,6.86395,6.88282,6.88282,14224586
1987-07-23,6.88933,6.95818,6.88282,6.92668,6.92668,8726137
1987-07-24,6.92093,6.96314,6.92093,6.92093,6.92093,7850672
1987-07-27,6.92093,6.92668,6.84586,6.85229,6.85229,7617910
1987-07-28,6.85229,6.86395,6.75843,6.85229,6.85229,14483210
1987-07-29,6.85229,6.86395,6.7776,6.85229,6.85229,12472372
1987-07-30,6.85229,6.95818,6.85229,6.95818,6.95818,14612526
1987-07-31,6.95818,7.01897,6.94496,7.00779,7.00779,10387828
1987-08-03,7.07654,7.33756,7.07654,7.26336,7.26336,19267842
1987-08-04,7.26336,7.26939,7.18857,7.23292,7.23292,11634415
1987-08-05,7.23292,7.24974,7.16961,7.19286,7.19286,13965958
1987-08-06,7.20647,7.23292,7.15123,7.20647,7.20647,17845383
1987-08-07,7.09959,7.11894,6.95818,7.09959,7.09959,10583091
1987-08-10,7.15123,7.31898,7.13908,7.31898,7.31898,14095275
1987-08-11,7.33756,7.46827,7.28719,7.46827,7.46827,19914419
1987-08-12,7.41185,7.4563,7.33756,7.37441,7.37441,22242075
1987-08-13,7.39319,7.39931,7.11894,7.28097,7.28097,16940183
1987-08-14,7.24274,7.30002,7.20647,7.24274,7.24274,12220212
1987-08-17,7.26336,7.30002,7.23292,7.28719,7.28719,15000474
1987-08-18,7.22679,7.26336,7.19286,7.26336,7.26336,18621271
1987-08-19,7.24274,7.30002,7.23292,7.30002,7.30002,10880508
1987-08-20,7.28719,7.41185,7.28097,7.41185,7.41185,12842209
1987-08-21,7.39319,7.43569,7.37441,7.37441,7.37441,17716071
1987-08-24,7.39931,7.39931,7.28719,7.28719,7.28719,10548173
1987-08-25,7.30002,7.35594,7.28719,7.31898,7.31898,12931442
1987-08-26,7.31898,7.33756,7.26939,7.28719,7.28719,16552243
1987-08-27,7.28097,7.31898,7.05749,7.30002,7.30002,10757663
1987-08-28,7.30002,7.32472,7.28719,7.30002,7.30002,8515347
1987-08-31,7.35594,7.43053,7.34447,7.41897,7.41897,13578007
1987-09-01,7.43569,7.50649,7.23292,7.26336,7.26336,13836635
1987-09-02,7.18857,7.26939,7.13908,7.21317,7.21317,15647043
1987-09-03,7.23292,7.26939,7.17642,7.26939,7.26939,16293614
1987-09-04,7.28097,7.31898,7.22679,7.22679,7.22679,7524805
1987-09-08,7.18857,7.23292,7.15123,7.22679,7.22679,12023653
1987-09-09,7.20647,7.22679,7.15123,7.15123,7.15123,10082644
1987-09-10,7.20647,7.21317,7.07654,7.09443,7.09443,12758157
1987-09-11,7.09443,7.18857,7.09443,7.13168,7.13168,8362759
1987-09-14,7.09959,7.11291,6.9896,7.00215,7.00215,11082244
1987-09-15,6.96314,7.03891,6.87057,6.96314,6.96314,10215838
1987-09-16,6.9082,7.05749,6.81445,6.85229,6.85229,13319377
1987-09-17,6.87057,6.9082,6.7209,6.81445,6.81445,11056378
1987-09-18,6.92668,6.96314,6.85229,6.85229,6.85229,16164303
1987-09-21,6.9082,7.03891,6.85229,6.88933,6.88933,10280494
1987-09-22,6.94496,7.31898,6.88933,7.30002,7.30002,13513357
1987-09-23,7.30002,7.35594,7.13168,7.26336,7.26336,14922880
1987-09-24,7.22679,7.30002,7.11291,7.13168,7.13168,9052007
1987-09-25,7.11291,7.28097,7.07654,7.24274,7.24274,9245984
1987-09-28,7.37441,7.48607,7.33756,7.39319,7.39319,15453069
1987-09-29,7.37441,7.41185,7.26336,7.33756,7.33756,9375294
1987-09-30,7.31898,7.37441,7.20647,7.24274,7.24274,11832267
1987-10-01,7.31898,7.44833,7.30002,7.39319,7.39319,8082146
1987-10-02,7.39319,7.43053,7.30002,7.41185,7.41185,7241616
1987-10-05,7.43053,7.43053,7.28097,7.41185,7.41185,7758863
1987-10-06,7.39319,7.41185,7.11291,7.16961,7.16961,10733095
1987-10-07,7.07654,7.15123,6.96314,7.09443,7.09443,11573640
1987-10-08,7.09443,7.15123,6.96314,7.00215,7.00215,13384040
1987-10-09,7.07654,7.22679,7.03891,7.15123,7.15123,11767609
1987-10-12,7.15123,7.20647,7.05749,7.11291,7.11291,5138306
1987-10-13,7.22679,7.33756,7.16961,7.31898,7.31898,6853662
1987-10-14,7.22679,7.26336,7.00215,7.01897,7.01897,14806500
1987-10-15,6.92668,7.15123,6.9082,6.96314,6.96314,16552243
1987-10-16,6.9829,7.05749,6.47846,6.51598,6.51598,30528544
1987-10-19,5.95554,6.62821,4.59899,4.99109,4.99109,45111327
1987-10-20,5.95554,6.38489,5.40188,5.88123,5.88123,35758665
1987-10-21,6.08615,6.73928,6.08615,6.51598,6.51598,26671093
1987-10-22,6.29192,6.70271,6.19827,6.47846,6.47846,22651354
1987-10-23,6.29192,6.70271,6.27335,6.68433,6.68433,15776356
1987-10-26,6.25448,6.29192,5.95554,6.12387,6.12387,17974704
1987-10-27,6.40376,6.51598,6.14255,6.40376,6.40376,12452973
1987-10-28,6.1051,6.38489,5.99346,6.06786,6.06786,13060753
1987-10-29,6.14255,6.29192,6.04908,6.14255,6.14255,11315013
1987-10-30,6.29192,6.36641,6.16102,6.34785,6.34785,14418552
1987-11-02,6.17999,6.55305,6.14255,6.49751,6.49751,9310632
1987-11-03,6.29192,6.55305,6.1051,6.47846,6.47846,10215838
1987-11-04,6.36641,6.47846,6.32917,6.34785,6.34785,13254727
1987-11-05,6.27335,6.36641,6.16102,6.21704,6.21704,14483210
1987-11-06,6.236,6.32917,6.1051,6.14255,6.14255,8858040
1987-11-09,6.08615,6.17999,5.97449,5.99346,5.99346,8276125
1987-11-10,5.95554,5.99346,5.88123,5.8999,5.8999,10215838
1987-11-11,5.91838,5.95554,5.88123,5.93715,5.93715,8664062
1987-11-12,6.14255,6.17999,6.1051,6.12387,6.12387,8534747
1987-11-13,6.08615,6.14255,6.01194,6.04908,6.04908,6982972
1987-11-16,6.1051,6.16102,6.03032,6.14255,6.14255,7198931
1987-11-17,6.08615,6.14255,5.95554,6.03032,6.03032,7566184
1987-11-18,5.99346,6.17999,5.91838,6.17999,6.17999,9302875
1987-11-19,6.03032,6.14255,5.83115,5.86237,5.86237,10718224
1987-11-20,5.794,5.99346,5.70045,5.99346,5.99346,14362956
1987-11-23,5.95554,5.99346,5.91838,5.91838,5.91838,5960099
1987-11-24,5.97449,6.08615,5.95554,6.01194,6.01194,8056933
1987-11-25,6.01194,6.04908,5.83115,5.83115,5.83115,6556239
1987-11-27,5.83115,5.93715,5.83115,5.83115,5.83115,5701469
1987-11-30,5.663,5.68197,5.36444,5.47687,5.47687,14329977
1987-12-01,5.55126,5.64452,5.47687,5.51401,5.51401,8601345
1987-12-02,5.49535,5.64452,5.3832,5.62614,5.62614,7381914
1987-12-03,5.64452,5.73828,5.36444,5.36444,5.36444,12948251
1987-12-04,5.34606,5.43932,5.25261,5.40188,5.40188,11887874
1987-12-07,5.47687,5.62614,5.43932,5.60748,5.60748,7299795
1987-12-08,5.62614,5.93715,5.5887,5.93715,5.93715,9153520
1987-12-09,5.88123,5.91838,5.77552,5.88123,5.88123,11728814
1987-12-10,5.73828,5.91838,5.663,5.663,5.663,10939998
1987-12-11,5.73828,5.88123,5.73828,5.84369,5.84369,7066388
1987-12-14,5.84369,5.93715,5.77552,5.93715,5.93715,11155309
1987-12-15,5.93715,5.99346,5.75695,5.84369,5.84369,13937506
1987-12-16,5.88123,5.99346,5.86237,5.97449,5.97449,11230312
1987-12-17,5.91838,5.93715,5.77552,5.794,5.794,9139295
1987-12-18,5.83115,6.25448,5.77552,5.95554,5.95554,25992191
1987-12-21,5.95554,5.97449,5.86237,5.88123,5.88123,6463783
1987-12-22,5.88123,5.93715,5.84369,5.93715,5.93715,8375040
1987-12-23,5.95554,6.03032,5.93715,6.01194,6.01194,9309989
1987-12-24,6.03032,6.03032,5.97449,6.01194,6.01194,2855907
1987-12-28,5.8999,5.8999,5.71911,5.75695,5.75695,5949107
1987-12-29,5.77552,5.84369,5.70045,5.71911,5.71911,5426035
1987-12-30,5.75695,5.84369,5.75695,5.794,5.794,8386040
1987-12-31,5.75695,5.794,5.663,5.68197,5.68197,7209277
1988-01-04,5.794,6.04908,5.77552,6.03032,6.03032,9172268
1988-01-05,6.06786,6.16102,6.01194,6.06786,6.06786,14429551
1988-01-06,6.08615,6.1051,6.01194,6.01194,6.01194,8041417
1988-01-07,5.99346,6.17999,5.95554,6.12387,6.12387,11333114
1988-01-08,6.08615,6.12387,5.45809,5.663,5.663,12532505
1988-01-11,5.70045,5.81268,5.49535,5.77552,5.77552,11267161
1988-01-12,5.73828,5.91838,5.62614,5.86237,5.86237,11411348
1988-01-13,5.83115,6.06786,5.75695,5.83115,5.83115,13387921
1988-01-14,5.77552,5.84369,5.71911,5.77552,5.77552,9247916
1988-01-15,5.93715,6.08615,5.91838,6.08615,6.08615,17442572
1988-01-18,6.04908,6.08615,6.01194,6.06786,6.06786,6682324
1988-01-19,5.99346,6.06786,5.91838,5.93715,5.93715,14291824
1988-01-20,5.8999,5.95554,5.71911,5.73828,5.73828,8922697
1988-01-21,5.81268,5.93715,5.70045,5.77552,5.77552,10179625
1988-01-22,5.84369,5.8999,5.77552,5.8999,5.8999,6756675
1988-01-25,5.8999,6.12387,5.794,6.06786,6.06786,10043200
1988-01-26,6.04908,6.06786,5.95554,5.99346,5.99346,6530375
1988-01-27,5.99346,6.08615,5.88123,5.91838,5.91838,7952834
1988-01-28,6.01194,6.14255,5.97449,6.12387,6.12387,8531513
1988-01-29,6.21704,6.25448,6.1051,6.25448,6.25448,10156352
1988-02-01,6.25448,6.27335,6.1051,6.1051,6.1051,7823520
1988-02-02,6.08615,6.19827,6.03032,6.16102,6.16102,6465721
1988-02-03,6.16102,6.236,6.04908,6.12387,6.12387,9854407
1988-02-04,6.12387,6.17999,6.03032,6.1051,6.1051,9192959
1988-02-05,6.03032,6.06786,5.8999,5.93715,5.93715,6659693
1988-02-08,5.86237,5.99346,5.81268,5.95554,5.95554,5134431
1988-02-09,5.99346,6.1051,5.93715,6.1051,6.1051,7330832
1988-02-10,6.1051,6.16102,6.03032,6.14255,6.14255,7823520
1988-02-11,6.1051,6.14255,5.97449,5.99346,5.99346,9864104
1988-02-12,6.03032,6.12387,5.99346,6.03032,6.03032,8049824
1988-02-16,6.1051,6.17999,6.04908,6.17999,6.17999,6393951
1988-02-17,6.16102,6.31069,6.16102,6.27335,6.27335,15272675
1988-02-18,6.29192,6.32917,6.21704,6.25448,6.25448,12682513
1988-02-19,6.25448,6.36641,6.21704,6.36641,6.36641,12706437
1988-02-22,6.36641,6.49751,6.34785,6.45998,6.45998,12008776
1988-02-23,6.40376,6.42244,6.27335,6.38489,6.38489,9310632
1988-02-24,6.38489,6.38489,6.29192,6.29192,6.29192,7694212
1988-02-25,6.31069,6.36641,6.14255,6.19827,6.19827,11589801
1988-02-26,6.19827,6.19827,6.14255,6.14255,6.14255,8298105
1988-02-29,6.17999,6.36641,6.17999,6.34785,6.34785,7758863
1988-03-01,6.32917,6.36641,6.25448,6.34785,6.34785,7500234
1988-03-02,6.38489,6.40376,6.29192,6.34785,6.34785,11214151
1988-03-03,6.36641,6.36641,6.236,6.29192,6.29192,6530375
1988-03-04,6.236,6.29192,6.16102,6.236,6.236,8840576
1988-03-07,6.236,6.29192,6.19827,6.27335,6.27335,6377787
1988-03-08,6.27335,6.32917,6.236,6.32917,6.32917,8860624
1988-03-09,6.32917,6.34785,6.21704,6.236,6.236,11679671
1988-03-10,6.29192,6.31069,6.16102,6.19827,6.19827,11735282
1988-03-11,6.21704,6.27335,6.17999,6.27335,6.27335,9942339
1988-03-14,6.25448,6.29192,6.21704,6.29192,6.29192,7006256
1988-03-15,6.29192,6.34785,6.25448,6.32917,6.32917,6765084
1988-03-16,6.36641,6.51598,6.34785,6.47846,6.47846,8378283
1988-03-17,6.49751,6.59077,6.42244,6.55305,6.55305,12653413
1988-03-18,6.64552,6.64552,6.51598,6.57181,6.57181,25934000
1988-03-21,6.53427,6.62821,6.51598,6.57181,6.57181,6662918
1988-03-22,6.55305,6.62821,6.47846,6.47846,6.47846,8754581
1988-03-23,6.49751,6.62821,6.45998,6.57181,6.57181,7306262
1988-03-24,6.47846,6.53427,6.34785,6.36641,6.36641,8041417
1988-03-25,6.38489,6.42244,6.17999,6.19827,6.19827,8881966
1988-03-28,6.21704,6.40376,6.19827,6.34785,6.34785,6659693
1988-03-29,6.4411,6.4411,6.31069,6.31069,6.31069,8664062
1988-03-30,6.34785,6.34785,6.19827,6.21704,6.21704,8220520
1988-03-31,6.236,6.31069,6.17999,6.25448,6.25448,10098809
1988-04-04,6.21704,6.29192,6.12387,6.14255,6.14255,8616862
1988-04-05,6.16102,6.25448,6.16102,6.25448,6.25448,7632136
1988-04-06,6.25448,6.68433,6.19827,6.55305,6.55305,14216179
1988-04-07,6.53427,6.66537,6.51598,6.62821,6.62821,11406178
1988-04-08,6.60887,6.68433,6.53427,6.64552,6.64552,11806406
1988-04-11,6.70271,6.7209,6.60887,6.66537,6.66537,11470189
1988-04-12,6.64552,6.7776,6.62821,6.75843,6.75843,13091146
1988-04-13,6.7776,6.7776,6.70271,6.7776,6.7776,10019924
1988-04-14,6.66537,6.68433,6.31069,6.40376,6.40376,15635401
1988-04-15,6.34785,6.53427,6.29192,6.49751,6.49751,15974211
1988-04-18,6.49751,6.51598,6.42244,6.45998,6.45998,13274126
1988-04-19,6.47846,6.49751,6.25448,6.27335,6.27335,9558921
1988-04-20,6.236,6.32917,6.21704,6.236,6.236,11108106
1988-04-21,6.27335,6.45998,6.19827,6.36641,6.36641,13030361
1988-04-22,6.38489,6.59077,6.34785,6.55305,6.55305,6046093
1988-04-25,6.59077,6.73928,6.59077,6.66537,6.66537,8828293
1988-04-26,6.66537,6.7209,6.59077,6.70271,6.70271,9921002
1988-04-27,6.66537,6.68433,6.62821,6.66537,6.66537,10315410
1988-04-28,6.66537,6.70271,6.62821,6.70271,6.70271,9362363
1988-04-29,6.70271,6.70271,6.64552,6.68433,6.68433,9219470
1988-05-02,6.68433,6.68433,6.60887,6.64552,6.64552,5944581
1988-05-03,6.66537,6.81445,6.64552,6.7209,6.7209,5336161
1988-05-04,6.70271,6.7209,6.57181,6.59077,6.59077,5685309
1988-05-05,6.57181,6.60887,6.49751,6.53427,6.53427,7112291
1988-05-06,6.55305,6.68433,6.53427,6.57181,6.57181,8023960
1988-05-09,6.47846,6.57181,6.47846,6.49751,6.49751,4686997
1988-05-10,6.51598,6.60887,6.51598,6.57181,6.57181,6359678
1988-05-11,6.53427,6.55305,6.47846,6.49751,6.49751,8450053
1988-05-12,6.51598,6.59077,6.47846,6.55305,6.55305,8968601
1988-05-13,6.60887,6.7209,6.60887,6.70271,6.70271,14557566
1988-05-16,6.7209,6.73928,6.62821,6.70271,6.70271,6167000
1988-05-17,6.70271,6.7209,6.55305,6.55305,6.55305,6651934
1988-05-18,6.55305,6.60887,6.45998,6.51598,6.51598,6429515
1988-05-19,6.47846,6.57181,6.4411,6.57181,6.57181,7306262
1988-05-20,6.62821,6.64552,6.51598,6.57181,6.57181,8009732
1988-05-23,6.55305,6.57181,6.47846,6.53427,6.53427,3373815
1988-05-24,6.53427,6.55305,6.47846,6.53427,6.53427,4341084
1988-05-25,6.55305,6.59077,6.51598,6.55305,6.55305,4973429
1988-05-26,6.53427,6.53427,6.42244,6.49751,6.49751,7765975
1988-05-27,6.47846,6.51598,6.42244,6.45998,6.45998,5656207
1988-05-31,6.45998,6.70271,6.42244,6.70271,6.70271,8996403
1988-06-01,6.62821,6.7776,6.60887,6.7209,6.7209,14569854
1988-06-02,6.62821,6.66537,6.47846,6.57181,6.57181,11642823
1988-06-03,6.59077,6.64552,6.55305,6.59077,6.59077,7370920
1988-06-06,6.60887,6.62821,6.53427,6.59077,6.59077,6789010
1988-06-07,6.60887,6.64552,6.57181,6.59077,6.59077,7694212
1988-06-08,6.62821,7.13168,6.62821,6.81445,6.81445,14487737
1988-06-09,6.7776,6.81445,6.73928,6.75843,6.75843,11185693
1988-06-10,6.79656,6.85229,6.7776,6.83293,6.83293,11247119
1988-06-13,6.85229,6.85229,6.79656,6.83293,6.83293,7144626
1988-06-14,6.9082,7.01897,6.83293,6.96314,6.96314,17287399
1988-06-15,6.94496,6.96314,6.87057,6.94496,6.94496,10418213
1988-06-16,6.9082,6.9082,6.79656,6.85229,6.85229,8968601
1988-06-17,6.85229,6.9829,6.75843,6.9829,6.9829,26596740
1988-06-20,6.94496,6.94496,6.87057,6.88933,6.88933,5180335
1988-06-21,6.88933,6.94496,6.79656,6.92668,6.92668,10807453
1988-06-22,7.00215,7.07654,7.00215,7.05749,7.05749,12317196
1988-06-23,7.00215,7.01897,6.92668,6.94496,6.94496,6920264
1988-06-24,6.92668,6.94496,6.87057,6.87057,6.87057,7964474
1988-06-27,6.85229,6.85229,6.66537,6.66537,6.66537,9774877
1988-06-28,6.66537,6.88933,6.66537,6.88933,6.88933,10987197
1988-06-29,6.87057,6.9082,6.81445,6.81445,6.81445,8106720
1988-06-30,6.70271,6.79656,6.68433,6.75843,6.75843,14004100
1988-07-01,6.7209,6.73928,6.59077,6.64552,6.64552,8281292
1988-07-05,6.64552,6.83293,6.62821,6.83293,6.83293,10094927
1988-07-06,6.81445,6.83293,6.57181,6.64552,6.64552,10023158
1988-07-07,6.64552,6.7209,6.59077,6.66537,6.66537,11335700
1988-07-08,6.64552,6.70271,6.60887,6.64552,6.64552,5819794
1988-07-11,6.68433,6.7209,6.64552,6.68433,6.68433,5297368
1988-07-12,6.66537,6.68433,6.59077,6.62821,6.62821,7471785
1988-07-13,6.62821,6.7209,6.59077,6.7209,6.7209,9073993
1988-07-14,6.7209,6.83293,6.68433,6.79656,6.79656,7024357
1988-07-15,6.7776,6.9829,6.7776,6.94496,6.94496,12634661
1988-07-18,6.94496,6.94496,6.79656,6.88933,6.88933,7180184
1988-07-19,6.85229,6.88933,6.73928,6.79656,6.79656,7765975
1988-07-20,6.83293,6.9082,6.81445,6.87057,6.87057,5810740
1988-07-21,6.83293,6.85229,6.7209,6.7209,6.7209,5234648
1988-07-22,6.7209,6.7776,6.60887,6.62821,6.62821,7169191
1988-07-25,6.64552,6.7776,6.62821,6.75843,6.75843,4907479
1988-07-26,6.73928,6.87057,6.64552,6.81445,6.81445,4932695
1988-07-27,6.83293,6.85229,6.79656,6.79656,6.79656,10780946
1988-07-28,6.83293,6.92668,6.81445,6.87057,6.87057,6108164
1988-07-29,6.9082,7.05749,6.85229,7.05749,7.05749,12797604
1988-08-01,7.01897,7.03891,6.92668,6.96314,6.96314,6961643
1988-08-02,6.9829,7.01897,6.92668,6.9829,6.9829,7323071
1988-08-03,6.96314,7.07654,6.92668,7.05749,7.05749,9298354
1988-08-04,7.07654,7.09443,7.00215,7.01897,7.01897,7420057
1988-08-05,6.9829,7.01897,6.96314,6.9829,6.9829,5768714
1988-08-08,7.03891,7.11291,6.94496,6.9829,6.9829,8419010
1988-08-09,6.88933,6.9082,6.75843,6.83293,6.83293,13355590
1988-08-10,6.81445,6.85229,6.75843,6.7776,6.7776,12432283
1988-08-11,6.81445,6.85229,6.75843,6.83293,6.83293,6232951
1988-08-12,6.83293,6.9082,6.81445,6.9082,6.9082,5824321
1988-08-15,6.9082,6.94496,6.7776,6.81445,6.81445,4923644
1988-08-16,6.7776,6.92668,6.73928,6.7776,6.7776,8642729
1988-08-17,6.81445,6.9082,6.75843,6.87057,6.87057,8548333
1988-08-18,6.9082,6.9082,6.83293,6.83293,6.83293,8783682
1988-08-19,6.87057,6.94496,6.7776,6.81445,6.81445,10469942
1988-08-22,6.79656,6.81445,6.70271,6.7209,6.7209,7400016
1988-08-23,6.75843,6.79656,6.7209,6.73928,6.73928,7179535
1988-08-24,6.7776,6.85229,6.75843,6.85229,6.85229,6607317
1988-08-25,6.81445,6.87057,6.75843,6.81445,6.81445,7836457
1988-08-26,6.83293,6.92668,6.81445,6.88933,6.88933,6719176
1988-08-29,6.88933,6.9829,6.87057,6.96314,6.96314,6799350
1988-08-30,6.96314,6.9829,6.92668,6.94496,6.94496,7357342
1988-08-31,6.9829,6.9829,6.88933,6.92668,6.92668,7555840
1988-09-01,6.88933,6.88933,6.79656,6.83293,6.83293,8537983
1988-09-02,6.9082,6.9829,6.88933,6.9829,6.9829,13720905
1988-09-06,6.96314,7.00215,6.94496,6.94496,6.94496,9191022
1988-09-07,6.96314,6.96314,6.81445,6.81445,6.81445,9669482
1988-09-08,6.81445,6.81445,6.7209,6.79656,6.79656,10350329
1988-09-09,6.79656,6.79656,6.70271,6.7209,6.7209,13179074
1988-09-12,6.68433,6.70271,6.62821,6.68433,6.68433,11318888
1988-09-13,6.68433,6.7209,6.64552,6.68433,6.68433,10373602
1988-09-14,6.7209,6.79656,6.66537,6.73928,6.73928,12936613
1988-09-15,6.70271,6.75843,6.68433,6.70271,6.70271,8451984
1988-09-16,6.7209,6.81445,6.70271,6.81445,6.81445,23878551
1988-09-19,6.73928,6.7776,6.66537,6.70271,6.70271,10405935
1988-09-20,6.66537,6.7209,6.66537,6.7209,6.7209,9948803
1988-09-21,6.7209,6.73928,6.68433,6.70271,6.70271,6244596
1988-09-22,6.66537,6.68433,6.59077,6.62821,6.62821,8321381
1988-09-23,6.59077,6.7209,6.57181,6.68433,6.68433,9616464
1988-09-26,6.68433,6.73928,6.64552,6.66537,6.66537,5239813
1988-09-27,6.68433,6.68433,6.59077,6.59077,6.59077,7786022
1988-09-28,6.60887,6.62821,6.57181,6.62821,6.62821,7824817
1988-09-29,6.62821,6.73928,6.60887,6.73928,6.73928,8682812
1988-09-30,6.70271,6.75843,6.60887,6.66537,6.66537,9311281
1988-10-03,6.62821,6.64552,6.55305,6.60887,6.60887,10538474
1988-10-04,6.60887,6.60887,6.55305,6.55305,6.55305,7940552
1988-10-05,6.55305,6.60887,6.55305,6.59077,6.59077,8534747
1988-10-06,6.57181,6.60887,6.57181,6.60887,6.60887,7083195
1988-10-07,6.64552,6.92668,6.60887,6.7776,6.7776,10626413
1988-10-10,6.7776,6.81445,6.73928,6.7776,6.7776,4367592
1988-10-11,6.73928,6.79656,6.45998,6.79656,6.79656,6930607
1988-10-12,6.73928,6.75843,6.66537,6.70271,6.70271,7676105
1988-10-13,6.68433,6.73928,6.66537,6.70271,6.70271,5171928
1988-10-14,6.73928,6.81445,6.64552,6.7209,6.7209,8258663
1988-10-17,6.70271,6.75843,6.68433,6.7209,6.7209,8207585
1988-10-18,6.70271,6.73928,6.66537,6.7209,6.7209,8754581
1988-10-19,6.75843,6.75843,6.49751,6.64552,6.64552,8690577
1988-10-20,6.64552,6.79656,6.62821,6.7776,6.7776,11552300
1988-10-21,6.75843,6.88933,6.75843,6.87057,6.87057,13837936
1988-10-24,6.83293,6.96314,6.75843,6.7776,6.7776,6531021
1988-10-25,6.75843,6.79656,6.73928,6.7776,6.7776,3544506
1988-10-26,6.79656,6.79656,6.70271,6.73928,6.73928,5667850
1988-10-27,6.7209,6.73928,6.59077,6.60887,6.60887,6010533
1988-10-28,6.66537,6.7209,6.66537,6.66537,6.66537,6209033
1988-10-31,6.62821,6.70271,6.60887,6.66537,6.66537,4973429
1988-11-01,6.64552,6.75843,6.62821,6.70271,6.70271,6063549
1988-11-02,6.68433,6.75843,6.66537,6.7209,6.7209,6279504
1988-11-03,6.75843,6.75843,6.62821,6.64552,6.64552,5003179
1988-11-04,6.60887,6.70271,6.59077,6.64552,6.64552,10263687
1988-11-07,6.55305,6.59077,6.51598,6.53427,6.53427,6102346
1988-11-08,6.57181,6.62821,6.57181,6.59077,6.59077,6027994
1988-11-09,6.57181,6.60887,6.51598,6.59077,6.59077,8969243
1988-11-10,6.55305,6.64552,6.55305,6.57181,6.57181,6468952
1988-11-11,6.53427,6.57181,6.36641,6.36641,6.36641,10678784
1988-11-14,6.42244,6.45998,6.36641,6.38489,6.38489,9410207
1988-11-15,6.40376,6.40376,6.36641,6.38489,6.38489,6202561
1988-11-16,6.32917,6.34785,6.01194,6.1051,6.1051,14865339
1988-11-17,6.17999,6.21704,6.14255,6.17999,6.17999,8144223
1988-11-18,6.19827,6.29192,6.17999,6.27335,6.27335,10296653
1988-11-21,6.25448,6.59077,6.14255,6.27335,6.27335,8638198
1988-11-22,6.27335,6.38489,6.27335,6.34785,6.34785,10652918
1988-11-23,6.34785,6.36641,6.236,6.25448,6.25448,3817362
1988-11-25,6.25448,6.32917,6.21704,6.25448,6.25448,5107919
1988-11-28,6.25448,6.34785,6.25448,6.32917,6.32917,6748271
1988-11-29,6.32917,6.42244,6.32917,6.40376,6.40376,6265926
1988-11-30,6.38489,6.45998,6.34785,6.4411,6.4411,5665907
1988-12-01,6.42244,6.45998,6.40376,6.40376,6.40376,8442286
1988-12-02,6.34785,6.38489,6.29192,6.31069,6.31069,8621390
1988-12-05,6.34785,6.4411,6.32917,6.38489,6.38489,8795966
1988-12-06,6.40376,6.60887,6.40376,6.60887,6.60887,8107365
1988-12-07,6.59077,6.64552,6.57181,6.60887,6.60887,8913642
1988-12-08,6.57181,6.59077,6.55305,6.59077,6.59077,8108011
1988-12-09,6.59077,6.66537,6.57181,6.64552,6.64552,5914196
1988-12-12,6.64552,6.7209,6.62821,6.64552,6.64552,6960996
1988-12-13,6.64552,6.79656,6.62821,6.79656,6.79656,9349425
1988-12-14,6.73928,6.75843,6.64552,6.70271,6.70271,6662274
1988-12-15,6.70271,6.7209,6.64552,6.70271,6.70271,7976758
1988-12-16,6.73928,6.7776,6.7209,6.7776,6.7776,20262921
1988-12-19,6.73928,6.87057,6.73928,6.87057,6.87057,8405436
1988-12-20,6.9082,6.92668,6.7776,6.7776,6.7776,10881157
1988-12-21,6.75843,6.81445,6.68433,6.75843,6.75843,7780848
1988-12-22,6.75843,6.88933,6.70271,6.70271,6.70271,4788517
1988-12-23,6.7209,6.7776,6.70271,6.70271,6.70271,1952647
1988-12-27,6.70271,6.7776,6.70271,6.70271,6.70271,4074050
1988-12-28,6.7209,6.73928,6.70271,6.7209,6.7209,5537890
1988-12-29,6.70271,6.7209,6.64552,6.66537,6.66537,7740114
1988-12-30,6.66537,6.66537,6.51598,6.55305,6.55305,4524061
1989-01-03,6.47846,6.49751,6.42244,6.4411,6.4411,13095671
1989-01-04,6.45998,6.59077,6.4411,6.55305,6.55305,8966014
1989-01-05,6.57181,6.66537,6.55305,6.60887,6.60887,8971185
1989-01-06,6.59077,6.70271,6.59077,6.62821,6.62821,7546783
1989-01-09,6.62821,6.66537,6.59077,6.60887,6.60887,7685801
1989-01-10,6.62821,6.64552,6.51598,6.55305,6.55305,6300201
1989-01-11,6.55305,6.62821,6.51598,6.62821,6.62821,8976364
1989-01-12,6.64552,6.70271,6.62821,6.62821,6.62821,8453279
1989-01-13,6.64552,6.66537,6.59077,6.62821,6.62821,5581212
1989-01-16,6.64552,6.68433,6.62821,6.66537,6.66537,3746884
1989-01-17,6.66537,6.68433,6.62821,6.66537,6.66537,5813978
1989-01-18,6.66537,6.73928,6.62821,6.7209,6.7209,9035842
1989-01-19,6.70271,6.7209,6.66537,6.70271,6.70271,6616372
1989-01-20,6.68433,6.70271,6.66537,6.70271,6.70271,8698339
1989-01-23,6.70271,6.75843,6.66537,6.66537,6.66537,6929312
1989-01-24,6.68433,6.7776,6.66537,6.73928,6.73928,7087076
1989-01-25,6.73928,6.73928,6.66537,6.70271,6.70271,7762096
1989-01-26,6.70271,6.83293,6.66537,6.79656,6.79656,8162329
1989-01-27,6.83293,6.88933,6.75843,6.83293,6.83293,11587861
1989-01-30,6.85229,6.88933,6.81445,6.85229,6.85229,6894394
1989-01-31,6.87057,6.9082,6.81445,6.9082,6.9082,6686200
1989-02-01,6.85229,6.9082,6.83293,6.85229,6.85229,6699776
1989-02-02,6.85229,6.88933,6.81445,6.83293,6.83293,7416179
1989-02-03,6.81445,6.88933,6.81445,6.85229,6.85229,5604487
1989-02-06,6.70271,6.7776,6.70271,6.7209,6.7209,5269561
1989-02-07,6.70271,6.83293,6.70271,6.79656,6.79656,10228770
1989-02-08,6.81445,6.81445,6.70271,6.73928,6.73928,6313127
1989-02-09,6.70271,6.81445,6.64552,6.75843,6.75843,8583243
1989-02-10,6.70271,6.73928,6.60887,6.62821,6.62821,6095234
1989-02-13,6.60887,6.70271,6.59077,6.68433,6.68433,5084640
1989-02-14,6.7209,6.75843,6.55305,6.59077,6.59077,9953329
1989-02-15,6.59077,6.70271,6.57181,6.70271,6.70271,7494417
1989-02-16,6.70271,6.7209,6.60887,6.68433,6.68433,7517693
1989-02-17,6.66537,6.70271,6.62821,6.66537,6.66537,9564741
1989-02-21,6.64552,6.68433,6.60887,6.62821,6.62821,7082548
1989-02-22,6.62821,6.66537,6.53427,6.53427,6.53427,8684754
1989-02-23,6.53427,6.60887,6.51598,6.59077,6.59077,6463783
1989-02-24,6.59077,6.60887,6.45998,6.45998,6.45998,7901760
1989-02-27,6.47846,6.55305,6.45998,6.51598,6.51598,5192617
1989-02-28,6.51598,6.57181,6.51598,6.53427,6.53427,6706244
1989-03-01,6.55305,6.57181,6.4411,6.47846,6.47846,8051115
1989-03-02,6.49751,6.59077,6.47846,6.57181,6.57181,11172755
1989-03-03,6.55305,6.60887,6.53427,6.59077,6.59077,8239913
1989-03-06,6.59077,6.7776,6.59077,6.7776,6.7776,9805916
1989-03-07,6.7209,6.75843,6.66537,6.68433,6.68433,7678686
1989-03-08,6.68433,6.7209,6.64552,6.66537,6.66537,5678839
1989-03-09,6.68433,6.7209,6.66537,6.70271,6.70271,6421750
1989-03-10,6.68433,6.70271,6.60887,6.62821,6.62821,6323470
1989-03-13,6.60887,6.7209,6.60887,6.68433,6.68433,8645958
1989-03-14,6.7209,6.73928,6.66537,6.70271,6.70271,7367685
1989-03-15,6.7209,6.79656,6.68433,6.7776,6.7776,10508088
1989-03-16,6.81445,6.87057,6.79656,6.87057,6.87057,13659480
1989-03-17,6.70271,6.73928,6.62821,6.7209,6.7209,20688365
1989-03-20,6.70271,6.70271,6.59077,6.62821,6.62821,8267711
1989-03-21,6.66537,6.68433,6.60887,6.64552,6.64552,4812437
1989-03-22,6.66537,6.68433,6.64552,6.68433,6.68433,4072110
1989-03-23,6.70271,6.70271,6.60887,6.62821,6.62821,5753200
1989-03-27,6.55305,6.64552,6.53427,6.62821,6.62821,8916226
1989-03-28,6.64552,6.66537,6.57181,6.57181,6.57181,7257126
1989-03-29,6.55305,6.59077,6.47846,6.49751,6.49751,9377238
1989-03-30,6.4411,6.51598,6.42244,6.47846,6.47846,9644265
1989-03-31,6.47846,6.55305,6.38489,6.53427,6.53427,9044900
1989-04-03,6.49751,6.51598,6.42244,6.4411,6.4411,12688331
1989-04-04,6.40376,6.4411,6.36641,6.4411,6.4411,11746922
1989-04-05,6.42244,6.51598,6.40376,6.47846,6.47846,9756125
1989-04-06,6.45998,6.47846,6.40376,6.40376,6.40376,11326005
1989-04-07,6.34785,6.4411,6.32917,6.36641,6.36641,11859420
1989-04-10,6.29192,6.38489,6.25448,6.25448,6.25448,21265755
1989-04-11,6.25448,6.27335,6.17999,6.21704,6.21704,21797232
1989-04-12,6.21704,6.29192,6.19827,6.25448,6.25448,17825341
1989-04-13,6.27335,6.32917,6.236,6.25448,6.25448,13669827
1989-04-14,6.29192,6.31069,6.21704,6.25448,6.25448,14404977
1989-04-17,6.25448,6.27335,6.236,6.27335,6.27335,10327694
1989-04-18,6.31069,6.47846,6.31069,6.4411,6.4411,15361904
1989-04-19,6.42244,6.49751,6.40376,6.47846,6.47846,12032060
1989-04-20,6.47846,6.55305,6.40376,6.53427,6.53427,8379571
1989-04-21,6.53427,6.68433,6.51598,6.64552,6.64552,20301066
1989-04-24,6.64552,6.68433,6.62821,6.62821,6.62821,8479789
1989-04-25,6.64552,6.66537,6.53427,6.53427,6.53427,11068664
1989-04-26,6.51598,6.53427,6.40376,6.42244,6.42244,8493370
1989-04-27,6.42244,6.49751,6.38489,6.4411,6.4411,12405783
1989-04-28,6.40376,6.4411,6.40376,6.42244,6.42244,8748116
1989-05-01,6.38489,6.38489,6.32917,6.38489,6.38489,6660986
1989-05-02,6.38489,6.42244,6.32917,6.32917,6.32917,7876536
1989-05-03,6.29192,6.36641,6.236,6.32917,6.32917,11573640
1989-05-04,6.31069,6.34785,6.29192,6.31069,6.31069,6097820
1989-05-05,6.34785,6.42244,6.27335,6.29192,6.29192,10431143
1989-05-08,6.29192,6.32917,6.27335,6.31069,6.31069,9256971
1989-05-09,6.25448,6.29192,6.21704,6.27335,6.27335,11463076
1989-05-10,6.27335,6.29192,6.25448,6.27335,6.27335,9263433
1989-05-11,6.27335,6.29192,6.25448,6.25448,6.25448,8011675
1989-05-12,6.32917,6.4411,6.32917,6.42244,6.42244,11266512
1989-05-15,6.4411,6.45998,6.36641,6.40376,6.40376,8968601
1989-05-16,6.38489,6.4411,6.36641,6.38489,6.38489,10062601
1989-05-17,6.38489,6.40376,6.32917,6.38489,6.38489,8113183
1989-05-18,6.36641,6.45998,6.36641,6.4411,6.4411,8983467
1989-05-19,6.47846,6.55305,6.45998,6.53427,6.53427,20153005
1989-05-22,6.57181,6.59077,6.53427,6.59077,6.59077,7890761
1989-05-23,6.57181,6.59077,6.47846,6.49751,6.49751,10673612
1989-05-24,6.49751,6.57181,6.49751,6.53427,6.53427,7338591
1989-05-25,6.49751,6.55305,6.49751,6.49751,6.49751,5702116
1989-05-26,6.49751,6.53427,6.49751,6.51598,6.51598,5206843
1989-05-30,6.53427,6.53427,6.38489,6.38489,6.38489,5770655
1989-05-31,6.40376,6.47846,6.38489,6.42244,6.42244,5632290
1989-06-01,6.42244,6.47846,6.40376,6.42244,6.42244,6218083
1989-06-02,6.4411,6.51598,6.42244,6.49751,6.49751,6843317
1989-06-05,6.51598,6.53427,6.45998,6.47846,6.47846,6900212
1989-06-06,6.53427,6.55305,6.49751,6.55305,6.55305,9835008
1989-06-07,6.57181,6.62821,6.57181,6.59077,6.59077,9562156
1989-06-08,6.55305,6.57181,6.49751,6.51598,6.51598,12792425
1989-06-09,6.51598,6.55305,6.49751,6.53427,6.53427,6946767
1989-06-12,6.51598,6.59077,6.49751,6.59077,6.59077,7314021
1989-06-13,6.57181,6.68433,6.57181,6.60887,6.60887,11174053
1989-06-14,6.60887,6.62821,6.55305,6.62821,6.62821,6831681
1989-06-15,6.60887,6.60887,6.49751,6.51598,6.51598,6959056
1989-06-16,6.49751,6.57181,6.49751,6.57181,6.57181,24785044
1989-06-19,6.55305,6.64552,6.55305,6.62821,6.62821,7061855
1989-06-20,6.62821,6.66537,6.57181,6.66537,6.66537,5625824
1989-06-21,6.66537,6.68433,6.60887,6.64552,6.64552,7118754
1989-06-22,6.64552,6.66537,6.55305,6.55305,6.55305,6344162
1989-06-23,6.62821,6.64552,6.59077,6.64552,6.64552,5885098
1989-06-26,6.64552,6.75843,6.62821,6.73928,6.73928,11599502
1989-06-27,6.7776,6.85229,6.75843,6.81445,6.81445,12041107
1989-06-28,6.7776,6.7776,6.66537,6.7209,6.7209,5963981
1989-06-29,6.68433,6.70271,6.62821,6.62821,6.62821,5171928
1989-06-30,6.62821,6.64552,6.51598,6.55305,6.55305,8235388
1989-07-03,6.59077,6.59077,6.53427,6.55305,6.55305,1885403
1989-07-05,6.55305,6.60887,6.49751,6.57181,6.57181,5751903
1989-07-06,6.57181,6.59077,6.51598,6.55305,6.55305,7451741
1989-07-07,6.57181,6.60887,6.53427,6.59077,6.59077,5185511
1989-07-10,6.60887,6.64552,6.59077,6.60887,6.60887,5327113
1989-07-11,6.60887,6.68433,6.59077,6.60887,6.60887,6088120
1989-07-12,6.62821,6.70271,6.62821,6.70271,6.70271,5416334
1989-07-13,6.68433,6.7209,6.66537,6.70271,6.70271,5841782
1989-07-14,6.70271,6.83293,6.66537,6.79656,6.79656,13603232
1989-07-17,6.7776,6.81445,6.75843,6.79656,6.79656,5813978
1989-07-18,6.75843,6.7776,6.70271,6.73928,6.73928,5798461
1989-07-19,6.7776,6.87057,6.7776,6.87057,6.87057,9178731
1989-07-20,6.88933,6.9082,6.81445,6.81445,6.81445,9822720
1989-07-21,6.81445,6.96314,6.81445,6.96314,6.96314,14487094
1989-07-24,6.9082,6.92668,6.70271,6.7209,6.7209,12140679
1989-07-25,6.68433,6.70271,6.53427,6.55305,6.55305,12804711
1989-07-26,6.51598,6.64552,6.47846,6.62821,6.62821,14280191
1989-07-27,6.62821,6.73928,6.60887,6.70271,6.70271,8203703
1989-07-28,6.70271,6.73928,6.66537,6.68433,6.68433,7500234
1989-07-31,6.64552,6.83293,6.62821,6.81445,6.81445,6953237
1989-08-01,6.83293,6.88933,6.66537,6.68433,6.68433,11487642
1989-08-02,6.66537,6.70271,6.60887,6.66537,6.66537,6728872
1989-08-03,6.62821,6.68433,6.57181,6.66537,6.66537,5371072
1989-08-04,6.64552,6.7776,6.62821,6.75843,6.75843,7384499
1989-08-07,6.75843,6.87057,6.73928,6.85229,6.85229,12946312
1989-08-08,6.7776,6.7776,6.62821,6.68433,6.68433,10085230
1989-08-09,6.66537,6.73928,6.57181,6.57181,6.57181,9015153
1989-08-10,6.51598,6.66537,6.49751,6.59077,6.59077,8609103
1989-08-11,6.64552,6.70271,6.47846,6.49751,6.49751,10782238
1989-08-14,6.51598,6.64552,6.49751,6.59077,6.59077,7672223
1989-08-15,6.62821,6.7209,6.62821,6.7209,6.7209,7722008
1989-08-16,6.70271,6.70271,6.59077,6.60887,6.60887,8322026
1989-08-17,6.55305,6.57181,6.47846,6.51598,6.51598,9345552
1989-08-18,6.49751,6.57181,6.47846,6.51598,6.51598,13113126
1989-08-21,6.47846,6.53427,6.4411,6.4411,6.4411,9939752
1989-08-22,6.45998,6.49751,6.42244,6.47846,6.47846,8449401
1989-08-23,6.45998,6.55305,6.45998,6.53427,6.53427,8054992
1989-08-24,6.53427,6.62821,6.42244,6.59077,6.59077,10676198
1989-08-25,6.57181,6.62821,6.51598,6.53427,6.53427,5579268
1989-08-28,6.49751,6.55305,6.49751,6.55305,6.55305,7171127
1989-08-29,6.53427,6.55305,6.51598,6.51598,6.51598,8828944
1989-08-30,6.49751,6.57181,6.47846,6.53427,6.53427,11185693
1989-08-31,6.53427,6.55305,6.49751,6.51598,6.51598,4250562
1989-09-01,6.51598,6.57181,6.51598,6.55305,6.55305,9655258
1989-09-05,6.55305,6.59077,6.51598,6.53427,6.53427,7343114
1989-09-06,6.51598,6.55305,6.49751,6.53427,6.53427,8971829
1989-09-07,6.55305,6.66537,6.53427,6.59077,6.59077,12167190
1989-09-08,6.59077,6.64552,6.57181,6.60887,6.60887,11006596
1989-09-11,6.59077,6.66537,6.57181,6.64552,6.64552,8210172
1989-09-12,6.64552,6.75843,6.64552,6.75843,6.75843,9508487
1989-09-13,6.75843,6.79656,6.62821,6.62821,6.62821,15091638
1989-09-14,6.64552,6.66537,6.62821,6.64552,6.64552,7442043
1989-09-15,6.68433,6.70271,6.60887,6.68433,6.68433,22034531
1989-09-18,6.70271,6.75843,6.66537,6.75843,6.75843,7524156
1989-09-19,6.73928,6.7776,6.70271,6.7209,6.7209,5475817
1989-09-20,6.70271,6.73928,6.70271,6.70271,6.70271,4849289
1989-09-21,6.7209,6.75843,6.70271,6.70271,6.70271,5204254
1989-09-22,6.70271,6.75843,6.70271,6.75843,6.75843,5900618
1989-09-25,6.7209,6.7209,6.66537,6.66537,6.66537,5391767
1989-09-26,6.66537,6.7209,6.60887,6.62821,6.62821,8109953
1989-09-27,6.60887,6.70271,6.60887,6.64552,6.64552,6176054
1989-09-28,6.66537,6.68433,6.60887,6.64552,6.64552,6824566
1989-09-29,6.66537,6.68433,6.60887,6.66537,6.66537,5485519
1989-10-02,6.66537,6.73928,6.64552,6.7209,6.7209,5982086
1989-10-03,6.7209,6.75843,6.66537,6.73928,6.73928,8720315
1989-10-04,6.73928,6.75843,6.64552,6.68433,6.68433,8218578
1989-10-05,6.70271,6.70271,6.62821,6.66537,6.66537,4238283
1989-10-06,6.66537,6.7776,6.64552,6.75843,6.75843,11171468
1989-10-09,6.75843,6.81445,6.66537,6.79656,6.79656,5551468
1989-10-10,6.79656,6.87057,6.79656,6.81445,6.81445,9380467
1989-10-11,6.79656,6.9082,6.75843,6.87057,6.87057,10396874
1989-10-12,6.88933,6.92668,6.83293,6.9082,6.9082,9004160
1989-10-13,6.88933,6.9829,6.55305,6.59077,6.59077,18241737
1989-10-16,6.47846,6.75843,6.4411,6.75843,6.75843,28007558
1989-10-17,6.73928,6.79656,6.60887,6.7776,6.7776,9305467
1989-10-18,6.75843,6.83293,6.7209,6.79656,6.79656,5637461
1989-10-19,6.79656,6.85229,6.7776,6.81445,6.81445,6814871
1989-10-20,6.81445,6.87057,6.70271,6.87057,6.87057,10861115
1989-10-23,6.85229,6.88933,6.7776,6.81445,6.81445,4664370
1989-10-24,6.81445,6.83293,6.64552,6.7776,6.7776,10504213
1989-10-25,6.7209,6.81445,6.7209,6.7776,6.7776,4973429
1989-10-26,6.75843,6.75843,6.64552,6.68433,6.68433,7548078
1989-10-27,6.66537,6.81445,6.64552,6.81445,6.81445,8458459
1989-10-30,6.81445,6.85229,6.70271,6.7209,6.7209,5493919
1989-10-31,6.79656,6.88933,6.79656,6.85229,6.85229,8251553
1989-11-01,6.87057,6.88933,6.7776,6.81445,6.81445,6903446
1989-11-02,6.81445,6.88933,6.7776,6.85229,6.85229,5132483
1989-11-03,6.83293,6.9082,6.83293,6.85229,6.85229,4600362
1989-11-06,6.83293,6.88933,6.79656,6.87057,6.87057,6170882
1989-11-07,6.7209,6.85229,6.7209,6.83293,6.83293,7834514
1989-11-08,6.81445,6.88933,6.81445,6.85229,6.85229,6988149
1989-11-09,6.83293,6.83293,6.70271,6.7209,6.7209,5929712
1989-11-10,6.73928,6.75843,6.70271,6.7209,6.7209,2995565
1989-11-13,6.73928,6.83293,6.70271,6.81445,6.81445,3781799
1989-11-14,6.81445,6.87057,6.81445,6.83293,6.83293,4615232
1989-11-15,6.85229,6.87057,6.7776,6.81445,6.81445,4943040
1989-11-16,6.83293,6.83293,6.75843,6.7776,6.7776,2977464
1989-11-17,6.79656,6.9082,6.7776,6.88933,6.88933,7092895
1989-11-20,6.88933,6.9082,6.7776,6.81445,6.81445,4419322
1989-11-21,6.81445,6.83293,6.75843,6.81445,6.81445,6263338
1989-11-22,6.85229,6.88933,6.81445,6.83293,6.83293,4417383
1989-11-24,6.85229,6.88933,6.83293,6.83293,6.83293,2433051
1989-11-27,6.85229,6.9829,6.83293,6.9829,6.9829,8933038
1989-11-28,7.00215,7.16961,6.96314,7.13168,7.13168,16236069
1989-11-29,7.09443,7.11291,6.96314,7.00215,7.00215,8306514
1989-11-30,7.01897,7.09443,7.00215,7.03891,7.03891,4600362
1989-12-01,7.05749,7.28097,7.03891,7.20647,7.20647,10745378
1989-12-04,7.22679,7.24274,7.13168,7.16961,7.16961,9108907
1989-12-05,7.16961,7.20647,7.09443,7.13168,7.13168,5665907
1989-12-06,7.11291,7.16961,7.09443,7.16961,7.16961,4627513
1989-12-07,7.15123,7.33756,7.15123,7.24274,7.24274,8494012
1989-12-08,7.26336,7.33756,7.22679,7.30002,7.30002,6667451
1989-12-11,7.28097,7.41185,7.28097,7.41185,7.41185,5515906
1989-12-12,7.44833,7.69321,7.43053,7.63524,7.63524,18124709
1989-12-13,7.67366,7.69321,7.5239,7.56104,7.56104,11503810
1989-12-14,7.5239,7.54276,7.35594,7.39319,7.39319,10489335
1989-12-15,7.43053,7.46827,7.28097,7.46827,7.46827,21375023
1989-12-18,7.46827,7.59907,7.41185,7.48607,7.48607,7498940
1989-12-19,7.44833,7.56104,7.41185,7.48607,7.48607,9589313
1989-12-20,7.50649,7.56104,7.48607,7.54276,7.54276,6329293
1989-12-21,7.56104,7.58001,7.5239,7.58001,7.58001,5145419
1989-12-22,7.58001,7.58001,7.50649,7.54276,7.54276,2368391
1989-12-26,7.50649,7.54276,7.44833,7.46827,7.46827,6132732
1989-12-27,7.48607,7.54276,7.44833,7.5239,7.5239,5906432
1989-12-28,7.5239,7.5239,7.43053,7.46827,7.46827,5522371
1989-12-29,7.46827,7.50649,7.44833,7.44833,7.44833,4277721
1990-01-02,7.43053,7.5239,7.33756,7.44833,7.44833,8609103
1990-01-03,7.43053,7.44833,7.31898,7.37441,7.37441,8050472
1990-01-04,7.35594,7.39319,7.22679,7.30002,7.30002,9719918
1990-01-05,7.30002,7.33756,7.20647,7.26336,7.26336,6231017
1990-01-08,7.26336,7.41185,7.24274,7.37441,7.37441,6953887
1990-01-09,7.37441,7.39319,7.22679,7.22679,7.22679,5634227
1990-01-10,7.22679,7.28097,7.18857,7.26336,7.26336,7310141
1990-01-11,7.31898,7.35594,7.28097,7.30002,7.30002,4926233
1990-01-12,7.18857,7.24274,7.09443,7.11291,7.11291,7361869
1990-01-15,7.09443,7.22679,7.05749,7.20647,7.20647,5969152
1990-01-16,7.11291,7.18857,7.07654,7.16961,7.16961,7851322
1990-01-17,7.18857,7.20647,7.00215,7.05749,7.05749,6644822
1990-01-18,7.00215,7.15123,7.00215,7.15123,7.15123,8827005
1990-01-19,7.16961,7.28097,7.15123,7.24274,7.24274,12133565
1990-01-22,7.24274,7.30002,6.9829,7.00215,7.00215,6906681
1990-01-23,7.01897,7.16961,6.9829,7.01897,7.01897,8257373
1990-01-24,6.88933,7.05749,6.85229,7.00215,7.00215,7907574
1990-01-25,7.03891,7.05749,6.79656,6.85229,6.85229,8441648
1990-01-26,6.85229,6.9829,6.81445,6.96314,6.96314,8443584
1990-01-29,7.00215,7.05749,6.83293,7.00215,7.00215,8375040
1990-01-30,7.00215,7.05749,6.9082,7.00215,7.00215,8753943
1990-01-31,7.00215,7.03891,6.96314,7.00215,7.00215,8691869
1990-02-01,7.03891,7.05749,7.00215,7.00215,7.00215,4692819
1990-02-02,7.01897,7.13168,7.00215,7.13168,7.13168,6864008
1990-02-05,7.15123,7.20647,7.13168,7.15123,7.15123,9505254
1990-02-06,7.05749,7.07654,6.88933,7.03891,7.03891,7661232
1990-02-07,7.00215,7.15123,6.96314,7.15123,7.15123,6641590
1990-02-08,7.18857,7.30002,7.11291,7.16961,7.16961,9105027
1990-02-09,7.18857,7.24274,7.11291,7.18857,7.18857,5457062
1990-02-12,7.16961,7.16961,7.01897,7.01897,7.01897,4327505
1990-02-13,7.03891,7.07654,6.94496,7.03891,7.03891,5736387
1990-02-14,7.07654,7.09443,6.96314,7.00215,7.00215,4557036
1990-02-15,7.00215,7.22679,6.9829,7.22679,7.22679,6521971
1990-02-16,7.24274,7.31898,7.15123,7.15123,7.15123,11544542
1990-02-20,7.07654,7.09443,7.00215,7.05749,7.05749,6555594
1990-02-21,6.92668,7.13168,6.92668,7.09443,7.09443,6877589
1990-02-22,7.11291,7.16961,7.01897,7.01897,7.01897,8066635
1990-02-23,7.00215,7.11291,6.9829,7.01897,7.01897,6530375
1990-02-26,7.01897,7.20647,7.01897,7.18857,7.18857,7564244
1990-02-27,7.16961,7.22679,7.11291,7.20647,7.20647,7436225
1990-02-28,6.9082,7.11291,6.9082,7.00215,7.00215,16194688
1990-03-01,6.96314,7.01897,6.92668,6.92668,6.92668,9048770
1990-03-02,6.92668,7.01897,6.92668,6.96314,6.96314,9118603
1990-03-05,6.96314,7.00215,6.88933,6.88933,6.88933,7321134
1990-03-06,6.88933,7.03891,6.88933,7.01897,7.01897,8292287
1990-03-07,7.01897,7.01897,6.9082,6.92668,6.92668,7767273
1990-03-08,6.92668,6.9829,6.92668,6.96314,6.96314,5193263
1990-03-09,6.96314,6.9829,6.9082,6.9082,6.9082,6304077
1990-03-12,6.88933,6.92668,6.87057,6.92668,6.92668,4609411
1990-03-13,6.88933,6.88933,6.7776,6.79656,6.79656,9025498
1990-03-14,6.83293,6.9829,6.81445,6.92668,6.92668,9428963
1990-03-15,6.92668,7.01897,6.92668,6.9829,6.9829,4815019
1990-03-16,7.07654,7.11291,7.01897,7.07654,7.07654,15464063
1990-03-19,7.03891,7.09443,7.00215,7.07654,7.07654,4822781
1990-03-20,7.03891,7.03891,6.92668,6.96314,6.96314,8390562
1990-03-21,6.96314,6.96314,6.88933,6.88933,6.88933,4049481
1990-03-22,6.85229,6.9082,6.79656,6.85229,6.85229,5750611
1990-03-23,6.94496,7.00215,6.87057,6.87057,6.87057,6024760
1990-03-26,6.92668,6.9829,6.81445,6.81445,6.81445,4619758
1990-03-27,6.85229,6.96314,6.81445,6.94496,6.94496,5740908
1990-03-28,6.92668,6.94496,6.88933,6.88933,6.88933,4063705
1990-03-29,6.87057,6.9082,6.81445,6.87057,6.87057,5373019
1990-03-30,6.87057,6.96314,6.81445,6.88933,6.88933,5868928
1990-04-02,6.83293,6.88933,6.81445,6.88933,6.88933,5421501
1990-04-03,6.92668,7.03891,6.92668,7.01897,7.01897,7250011
1990-04-04,7.01897,7.01897,6.9082,6.92668,6.92668,5048433
1990-04-05,6.94496,6.9829,6.88933,6.88933,6.88933,4946273
1990-04-06,6.87057,6.92668,6.85229,6.87057,6.87057,4330740
1990-04-09,6.85229,6.92668,6.83293,6.85229,6.85229,5081408
1990-04-10,6.85229,6.88933,6.81445,6.85229,6.85229,7129752
1990-04-11,6.81445,6.85229,6.7776,6.79656,6.79656,7105827
1990-04-12,6.79656,6.87057,6.7776,6.81445,6.81445,6261403
1990-04-16,6.79656,6.87057,6.76475,6.79656,6.79656,7522867
1990-04-17,6.7776,6.85229,6.76475,6.81445,6.81445,5712464
1990-04-18,6.83293,6.83293,6.76475,6.7776,6.7776,6208386
1990-04-19,6.74637,6.87057,6.74637,6.85229,6.85229,7147205
1990-04-20,6.83293,6.92668,6.7776,6.9082,6.9082,11524498
1990-04-23,6.88933,6.9082,6.79656,6.81445,6.81445,4829896
1990-04-24,6.81445,6.83293,6.72809,6.74637,6.74637,4370821
1990-04-25,6.7776,6.79656,6.72809,6.74637,6.74637,4211769
1990-04-26,6.76475,6.79656,6.72809,6.79656,6.79656,4236985
1990-04-27,6.79656,6.81445,6.69036,6.70845,6.70845,7087076
1990-04-30,6.72809,6.7776,6.70845,6.74637,6.74637,5209427
1990-05-01,6.7776,6.7776,6.70845,6.72809,6.72809,5028390
1990-05-02,6.74637,6.85229,6.72809,6.83293,6.83293,6018287
1990-05-03,6.85229,6.9082,6.85229,6.9082,6.9082,6311830
1990-05-04,6.94496,6.94496,6.88933,6.92668,6.92668,4275778
1990-05-07,6.88933,6.92668,6.87057,6.92668,6.92668,9491030
1990-05-08,6.83293,6.85229,6.7776,6.81445,6.81445,5483574
1990-05-09,6.81445,6.87057,6.7776,6.85229,6.85229,6203856
1990-05-10,6.88933,6.9829,6.88933,6.94496,6.94496,6543309
1990-05-11,6.96314,7.15123,6.88933,7.13168,7.13168,11931192
1990-05-14,7.16961,7.24274,7.09443,7.15123,7.15123,12520866
1990-05-15,7.11291,7.13168,7.03891,7.07654,7.07654,10010872
1990-05-16,7.07654,7.18857,7.03891,7.13168,7.13168,9463226
1990-05-17,7.15123,7.22679,7.11291,7.13168,7.13168,7753692
1990-05-18,7.11291,7.16961,7.03891,7.11291,7.11291,12653413
1990-05-21,7.11291,7.18857,7.07654,7.13168,7.13168,5905138
1990-05-22,7.20647,7.20647,7.03891,7.13168,7.13168,9487792
1990-05-23,7.09443,7.11291,7.03891,7.05749,7.05749,7114230
1990-05-24,7.07654,7.07654,7.01897,7.01897,7.01897,2689741
1990-05-25,7.00215,7.03891,6.9082,6.92668,6.92668,4867393
1990-05-29,6.92668,7.09443,6.92668,7.09443,7.09443,5484223
1990-05-30,7.11291,7.15123,7.07654,7.11291,7.11291,7282342
1990-05-31,7.11291,7.16961,7.09443,7.15123,7.15123,7426524
1990-06-01,7.16961,7.18857,7.05749,7.11291,7.11291,7113589
1990-06-04,7.13168,7.22679,7.09443,7.18857,7.18857,6256874
1990-06-05,7.18857,7.20647,7.15123,7.18857,7.18857,9581548
1990-06-06,7.13168,7.16961,7.09443,7.13168,7.13168,8294870
1990-06-07,7.15123,7.18857,7.05749,7.09443,7.09443,7178890
1990-06-08,7.05749,7.07654,6.96314,7.00215,7.00215,5446076
1990-06-11,7.00215,7.15123,7.00215,7.13168,7.13168,5567631
1990-06-12,7.16961,7.33756,7.15123,7.28097,7.28097,8744884
1990-06-13,7.28097,7.28097,7.13168,7.16961,7.16961,10003759
1990-06-14,7.13168,7.16961,7.11291,7.16961,7.16961,5462884
1990-06-15,7.09443,7.16961,7.09443,7.13168,7.13168,19503203
1990-06-18,7.15123,7.15123,7.05749,7.07654,7.07654,5892206
1990-06-19,7.03891,7.09443,7.01897,7.05749,7.05749,4652728
1990-06-20,7.07654,7.13168,7.01897,7.13168,7.13168,4963086
1990-06-21,7.13168,7.24274,7.09443,7.24274,7.24274,5614191
1990-06-22,7.22679,7.30002,7.11291,7.13168,7.13168,7906925
1990-06-25,7.16961,7.16961,7.03891,7.03891,7.03891,9177440
1990-06-26,7.05749,7.05749,6.9829,7.00215,7.00215,7669638
1990-06-27,7.00215,7.15123,7.00215,7.15123,7.15123,8063402
1990-06-28,7.15123,7.18857,7.11291,7.18857,7.18857,3575544
1990-06-29,7.18857,7.20647,7.13168,7.13168,7.13168,5612241
1990-07-02,7.09443,7.11291,7.03891,7.11291,7.11291,3183073
1990-07-03,7.11291,7.13168,7.03891,7.05749,7.05749,3991288
1990-07-05,7.03891,7.03891,6.96314,6.96314,6.96314,6169590
1990-07-06,6.96314,7.11291,6.96314,7.11291,7.11291,5253395
1990-07-09,7.09443,7.11291,7.01897,7.05749,7.05749,2593404
1990-07-10,7.03891,7.05749,6.96314,6.96314,6.96314,4512429
1990-07-11,6.9829,7.13168,6.9829,7.13168,7.13168,6534255
1990-07-12,7.16961,7.33756,7.15123,7.33756,7.33756,10180925
1990-07-13,7.33756,7.43053,7.24274,7.26336,7.26336,13641376
1990-07-16,7.30002,7.31898,7.22679,7.26336,7.26336,6225844
1990-07-17,7.26336,7.26336,7.13168,7.24274,7.24274,8266422
1990-07-18,7.20647,7.24274,7.16961,7.22679,7.22679,4419322
1990-07-19,7.22679,7.44833,7.20647,7.44833,7.44833,9872507
1990-07-20,7.44833,7.44833,7.22679,7.24274,7.24274,16492114
1990-07-23,7.24274,7.35594,7.11291,7.13168,7.13168,13969187
1990-07-24,7.22679,7.46827,7.22679,7.44833,7.44833,15890801
1990-07-25,7.44833,7.46827,7.37441,7.39319,7.39319,9311934
1990-07-26,7.41185,7.41185,7.20647,7.28097,7.28097,7584293
1990-07-27,7.30002,7.50649,7.28097,7.33756,7.33756,8224397
1990-07-30,7.33756,7.56104,7.31898,7.56104,7.56104,10329632
1990-07-31,7.58001,7.74913,7.56104,7.7289,7.7289,14596365
1990-08-01,7.74913,7.85358,7.70955,7.7679,7.7679,13276064
1990-08-02,8.18811,8.18811,7.8914,7.92797,7.92797,25989610
1990-08-03,8.02191,8.18811,7.91143,7.91143,7.91143,21100231
1990-08-06,8.07803,8.20941,7.92797,8.07803,8.07803,22465791
1990-08-07,7.85358,7.94625,7.81837,7.94625,7.94625,14634508
1990-08-08,7.81837,7.81837,7.6191,7.70955,7.70955,12814414
1990-08-09,7.67366,7.7679,7.63524,7.7289,7.7289,8137107
1990-08-10,7.69321,7.80359,7.67366,7.69321,7.69321,8577423
1990-08-13,7.6191,7.80359,7.58001,7.80359,7.80359,5932301
1990-08-14,7.7679,7.81837,7.74913,7.78472,7.78472,6067432
1990-08-15,7.78472,7.80359,7.7289,7.74913,7.74913,4522770
1990-08-16,7.78472,7.83637,7.69321,7.70955,7.70955,7539025
1990-08-17,7.70955,7.85358,7.65373,7.7679,7.7679,16095765
1990-08-20,7.80359,7.8914,7.78472,7.85358,7.85358,5985315
1990-08-21,7.8914,7.92797,7.70955,7.7289,7.7289,10070363
1990-08-22,7.7679,7.78472,7.65373,7.65373,7.65373,7125867
1990-08-23,7.56104,7.59907,7.37441,7.39319,7.39319,8750063
1990-08-24,7.43053,7.44833,7.22679,7.28097,7.28097,12271288
1990-08-27,7.35594,7.41185,7.28097,7.39319,7.39319,6547186
1990-08-28,7.39319,7.48607,7.37441,7.46827,7.46827,8592943
1990-08-29,7.44833,7.50649,7.33756,7.43053,7.43053,4915886
1990-08-30,7.43053,7.43053,7.26336,7.28097,7.28097,5791343
1990-08-31,7.30002,7.44833,7.28097,7.44833,7.44833,5581857
1990-09-04,7.44833,7.48607,7.43053,7.46827,7.46827,7128453
1990-09-05,7.46827,7.59907,7.43053,7.58001,7.58001,8589062
1990-09-06,7.59907,7.65373,7.48607,7.50649,7.50649,11400355
1990-09-07,7.48607,7.58001,7.44833,7.58001,7.58001,5624526
1990-09-10,7.6191,7.6191,7.50649,7.50649,7.50649,6311190
1990-09-11,7.54276,7.59907,7.5239,7.58001,7.58001,3915644
1990-09-12,7.65373,7.69321,7.54276,7.65373,7.65373,8387975
1990-09-13,7.63524,7.67366,7.54276,7.56104,7.56104,7969646
1990-09-14,7.58001,7.65373,7.56104,7.65373,7.65373,5866347
1990-09-17,7.65373,7.7289,7.56104,7.69321,7.69321,7672867
1990-09-18,7.69321,7.69321,7.58001,7.63524,7.63524,7268759
1990-09-19,7.59907,7.65373,7.54276,7.63524,7.63524,5740908
1990-09-20,7.6191,7.6191,7.54276,7.6191,7.6191,11259407
1990-09-21,7.6191,7.67366,7.5239,7.63524,7.63524,16946008
1990-09-24,7.63524,7.63524,7.5239,7.5239,7.5239,5312881
1990-09-25,7.56104,7.58001,7.48607,7.5239,7.5239,5488748
1990-09-26,7.48607,7.48607,7.33756,7.43053,7.43053,8306514
1990-09-27,7.44833,7.48607,7.30002,7.41185,7.41185,7499588
1990-09-28,7.33756,7.35594,7.26336,7.30002,7.30002,8280004
1990-10-01,7.31898,7.43053,7.24274,7.39319,7.39319,8015553
1990-10-02,7.37441,7.43053,7.31898,7.37441,7.37441,7321134
1990-10-03,7.39319,7.50649,7.37441,7.39319,7.39319,5007699
1990-10-04,7.41185,7.50649,7.35594,7.50649,7.50649,5482934
1990-10-05,7.43053,7.5239,7.35594,7.43053,7.43053,5044557
1990-10-08,7.48607,7.5239,7.44833,7.50649,7.50649,2480898
1990-10-09,7.46827,7.5239,7.41185,7.41185,7.41185,4507905
1990-10-10,7.43053,7.44833,7.24274,7.26336,7.26336,8001331
1990-10-11,7.28097,7.28097,7.09443,7.16961,7.16961,8457816
1990-10-12,7.20647,7.35594,7.15123,7.22679,7.22679,8654363
1990-10-15,7.26336,7.41185,7.16961,7.33756,7.33756,10186742
1990-10-16,7.37441,7.39319,7.22679,7.24274,7.24274,6319598
1990-10-17,7.26336,7.35594,7.20647,7.22679,7.22679,6338992
1990-10-18,7.24274,7.26336,7.16961,7.22679,7.22679,8236035
1990-10-19,7.26336,7.46827,7.22679,7.43053,7.43053,16512158
1990-10-22,7.41185,7.44833,7.39319,7.39319,7.39319,6809693
1990-10-23,7.35594,7.35594,7.20647,7.22679,7.22679,7438812
1990-10-24,7.16961,7.30002,7.15123,7.22679,7.22679,4419322
1990-10-25,7.22679,7.26336,7.09443,7.11291,7.11291,7701318
1990-10-26,7.05749,7.11291,7.03891,7.03891,7.03891,7798303
1990-10-29,7.05749,7.16961,7.03891,7.09443,7.09443,6036397
1990-10-30,7.11291,7.28097,7.11291,7.28097,7.28097,5096280
1990-10-31,7.30002,7.35594,7.24274,7.30002,7.30002,5711172
1990-11-01,7.35594,7.43053,7.26336,7.41185,7.41185,6446320
1990-11-02,7.39319,7.46827,7.37441,7.39319,7.39319,9487792
1990-11-05,7.33756,7.33756,7.24274,7.30002,7.30002,5801043
1990-11-06,7.33756,7.41185,7.30002,7.33756,7.33756,6669392
1990-11-07,7.33756,7.33756,7.18857,7.18857,7.18857,5588966
1990-11-08,7.20647,7.39319,7.20647,7.33756,7.33756,6682969
1990-11-09,7.43053,7.54276,7.39319,7.50649,7.50649,6931896
1990-11-12,7.5239,7.56104,7.43053,7.48607,7.48607,7754985
1990-11-13,7.44833,7.46827,7.43053,7.44833,7.44833,5518490
1990-11-14,7.43053,7.54276,7.41185,7.48607,7.48607,5600607
1990-11-15,7.48607,7.50649,7.43053,7.44833,7.44833,7214450
1990-11-16,7.46827,7.56104,7.44833,7.50649,7.50649,12844796
1990-11-19,7.5239,7.54276,7.50649,7.54276,7.54276,7327599
1990-11-20,7.54276,7.56104,7.48607,7.54276,7.54276,6606669
1990-11-21,7.54276,7.56104,7.48607,7.56104,7.56104,6353859
1990-11-23,7.56104,7.6191,7.5239,7.6191,7.6191,3770157
1990-11-26,7.59907,7.6191,7.5239,7.59907,7.59907,5682076
1990-11-27,7.59907,7.6191,7.44833,7.50649,7.50649,5985315
1990-11-28,7.50649,7.5239,7.44833,7.50649,7.50649,4395400
1990-11-29,7.46827,7.50649,7.43053,7.48607,7.48607,5160934
1990-11-30,7.46827,7.65373,7.46827,7.54276,7.54276,8060165
1990-12-03,7.56104,7.59907,7.50649,7.56104,7.56104,5755137
1990-12-04,7.56104,7.56104,7.44833,7.50649,7.50649,6084242
1990-12-05,7.50649,7.5239,7.46827,7.48607,7.48607,3748178
1990-12-06,7.44833,7.44833,7.35594,7.39319,7.39319,10592143
1990-12-07,7.37441,7.41185,7.33756,7.33756,7.33756,6518088
1990-12-10,7.35594,7.43053,7.33756,7.39319,7.39319,4833769
1990-12-11,7.46827,7.48607,7.41185,7.41185,7.41185,6290491
1990-12-12,7.41185,7.54276,7.37441,7.50649,7.50649,10702707
1990-12-13,7.46827,7.54276,7.44833,7.5239,7.5239,5459007
1990-12-14,7.48607,7.58001,7.46827,7.56104,7.56104,6538138
1990-12-17,7.56104,7.6191,7.54276,7.59907,7.59907,5261801
1990-12-18,7.56104,7.6191,7.54276,7.59907,7.59907,7171127
1990-12-19,7.59907,7.59907,7.46827,7.5239,7.5239,4660490
1990-12-20,7.48607,7.5239,7.48607,7.50649,7.50649,4182674
1990-12-21,7.59907,7.59907,7.50649,7.56104,7.56104,19469576
1990-12-24,7.54276,7.65373,7.5239,7.63524,7.63524,3023368
1990-12-26,7.6191,7.81837,7.6191,7.70955,7.70955,5182269
1990-12-27,7.70955,7.7679,7.63524,7.63524,7.63524,4609411
1990-12-28,7.67366,7.69321,7.6191,7.69321,7.69321,3362820
1990-12-31,7.67366,7.70955,7.63524,7.70955,7.70955,2862374
1991-01-02,7.70955,7.7289,7.56104,7.56104,7.56104,7400016
1991-01-03,7.56104,7.6191,7.50649,7.59907,7.59907,5585090
1991-01-04,7.58001,7.69321,7.58001,7.67366,7.67366,6593746
1991-01-07,7.6191,7.67366,7.58001,7.58001,7.58001,4374058
1991-01-08,7.58001,7.63524,7.5239,7.56104,7.56104,5691774
1991-01-09,7.58001,7.70955,7.43053,7.43053,7.43053,8312332
1991-01-10,7.48607,7.5239,7.44833,7.50649,7.50649,5386590
1991-01-11,7.46827,7.50649,7.41185,7.43053,7.43053,5373019
1991-01-14,7.39319,7.44833,7.39319,7.44833,7.44833,6348686
1991-01-15,7.44833,7.44833,7.39319,7.43053,7.43053,4946273
1991-01-16,7.44833,7.46827,7.41185,7.41185,7.41185,5111796
1991-01-17,7.44833,7.59907,7.41185,7.58001,7.58001,8287110
1991-01-18,7.56104,7.7289,7.56104,7.69321,7.69321,22600924
1991-01-21,7.63524,7.65373,7.58001,7.63524,7.63524,7291399
1991-01-22,7.6191,7.63524,7.54276,7.58001,7.58001,5844365
1991-01-23,7.58001,7.74913,7.58001,7.74913,7.74913,4827306
1991-01-24,7.7289,7.81837,7.7289,7.74913,7.74913,5717634
1991-01-25,7.81837,7.87243,7.7289,7.83637,7.83637,8731954
1991-01-28,7.83637,7.8914,7.78472,7.81837,7.81837,4341732
1991-01-29,7.78472,7.78472,7.7289,7.74913,7.74913,4036547
1991-01-30,7.7289,7.7679,7.63524,7.70955,7.70955,8262545
1991-01-31,7.70955,7.70955,7.56104,7.69321,7.69321,7873953
1991-02-01,7.63524,7.63524,7.50649,7.5239,7.5239,8642081
1991-02-04,7.56104,7.65373,7.54276,7.63524,7.63524,15661914
1991-02-05,7.5239,7.56104,7.46827,7.54276,7.54276,7658641
1991-02-06,7.5239,7.87243,7.50649,7.87243,7.87243,16116454
1991-02-07,8.00441,8.1711,7.92797,8.00441,8.00441,17710898
1991-02-08,8.00441,8.02191,7.83637,7.91143,7.91143,10830726
1991-02-11,7.98506,8.15329,7.94625,8.11324,8.11324,8120300
1991-02-12,8.07803,8.20941,7.94625,7.94625,7.94625,12073441
1991-02-13,7.96619,8.1711,7.96619,8.15329,8.15329,8006504
1991-02-14,8.1711,8.24617,7.94625,8.00441,8.00441,10552702
1991-02-15,7.96619,8.13366,7.91143,7.94625,7.94625,15795106
1991-02-19,7.8914,7.98506,7.85358,7.96619,7.96619,8255433
1991-02-20,7.92797,8.00441,7.85358,7.98506,7.98506,6581456
1991-02-21,7.98506,8.11324,7.94625,8.02191,8.02191,5651039
1991-02-22,7.96619,8.11324,7.96619,8.00441,8.00441,7371564
1991-02-25,8.07803,8.09719,8.00441,8.02191,8.02191,5438961
1991-02-26,7.96619,8.07803,7.94625,8.00441,8.00441,7322426
1991-02-27,8.03884,8.33818,8.03884,8.3018,8.3018,13664004
1991-02-28,8.3018,8.32164,8.18811,8.20941,8.20941,8578070
1991-03-01,8.1711,8.3018,8.11324,8.3018,8.3018,7348940
1991-03-04,8.33818,8.33818,8.13366,8.13366,8.13366,5742856
1991-03-05,8.15329,8.26445,8.11324,8.1711,8.1711,6293080
1991-03-06,8.22721,8.24617,8.13366,8.1711,8.1711,7288804
1991-03-07,8.15329,8.32164,8.15329,8.22721,8.22721,5427326
1991-03-08,8.24617,8.35821,8.15329,8.24617,8.24617,7276520
1991-03-11,8.28274,8.35821,8.18811,8.26445,8.26445,4968906
1991-03-12,8.3018,8.39361,8.28274,8.37727,8.37727,7607565
1991-03-13,8.41335,8.56905,8.39361,8.5319,8.5319,8541865
1991-03-14,8.56905,8.60707,8.41335,8.49027,8.49027,9280243
1991-03-15,8.55037,8.55037,8.45225,8.5141,8.5141,21331056
1991-03-18,8.46994,8.49027,8.32164,8.39361,8.39361,6894394
1991-03-19,8.32164,8.46994,8.32164,8.39361,8.39361,7187297
1991-03-20,8.39361,8.56905,8.39361,8.5141,8.5141,6898280
1991-03-21,8.5885,8.64441,8.5319,8.5319,8.5319,6612493
1991-03-22,8.5141,8.62458,8.49027,8.62458,8.62458,5170632
1991-03-25,8.60707,8.82988,8.60707,8.81247,8.81247,5824321
1991-03-26,8.79311,8.91935,8.79311,8.86323,8.86323,6959056
1991-03-27,8.84933,8.84933,8.68147,8.7014,8.7014,6306663
1991-03-28,8.71871,8.79311,8.71871,8.71871,8.71871,5207487
1991-04-01,8.7014,8.73865,8.56905,8.56905,8.56905,6930607
1991-04-02,8.60707,8.79311,8.5885,8.77376,8.77376,5793926
1991-04-03,8.77376,8.79311,8.62458,8.62458,8.62458,5442198
1991-04-04,8.62458,8.71871,8.56905,8.56905,8.56905,5813333
1991-04-05,8.62458,8.68147,8.45225,8.55037,8.55037,8536695
1991-04-08,8.55037,8.60707,8.46994,8.5885,8.5885,5213952
1991-04-09,8.5319,8.7014,8.49027,8.49027,8.49027,8287110
1991-04-10,8.55037,8.5885,8.41335,8.5141,8.5141,6953887
1991-04-11,8.55037,8.75636,8.5319,8.68147,8.68147,4659199
1991-04-12,8.75636,8.91935,8.68147,8.8997,8.8997,6944183
1991-04-15,8.91935,9.03147,8.86323,8.86323,8.86323,7499588
1991-04-16,8.82988,8.95484,8.75636,8.95484,8.95484,6880169
1991-04-17,8.95484,9.01192,8.8997,8.95484,8.95484,10575329
1991-04-18,8.8997,8.97351,8.87967,8.91935,8.91935,5947166
1991-04-19,8.87967,9.03147,8.87967,8.95484,8.95484,12514405
1991-04-22,8.8997,8.99229,8.8997,8.95484,8.95484,8119651
1991-04-23,9.04771,9.08379,9.01192,9.0695,9.0695,5027742
1991-04-24,9.0695,9.14429,8.99229,9.0695,9.0695,6942888
1991-04-25,8.93607,8.93607,8.75636,8.81247,8.81247,8926574
1991-04-26,8.77376,8.91935,8.75636,8.86323,8.86323,7562303
1991-04-29,8.84933,8.97351,8.79311,8.81247,8.81247,6867244
1991-04-30,8.81247,8.95484,8.66172,8.86323,8.86323,9244691
1991-05-01,8.8997,9.04771,8.84933,8.99229,8.99229,7500234
1991-05-02,9.04771,9.04771,8.81247,8.87967,8.87967,6309898
1991-05-03,8.79311,8.86323,8.66172,8.82988,8.82988,7187938
1991-05-06,8.82988,8.86323,8.75636,8.77376,8.77376,10066484
1991-05-07,8.68147,8.71871,8.55037,8.5885,8.5885,7868780
1991-05-08,8.55037,8.7014,8.5319,8.68147,8.68147,8631734
1991-05-09,8.7014,8.8997,8.68147,8.87967,8.87967,8657597
1991-05-10,8.87967,8.87967,8.62458,8.62458,8.62458,6770905
1991-05-13,8.66172,8.66172,8.5141,8.56905,8.56905,6666157
1991-05-14,8.55037,8.56905,8.35821,8.37727,8.37727,8805017
1991-05-15,8.37727,8.41335,8.32164,8.39361,8.39361,10665851
1991-05-16,8.43289,8.5885,8.35821,8.5885,8.5885,6670038
1991-05-17,8.56905,8.71871,8.5319,8.64441,8.64441,14483859
1991-05-20,8.71871,8.75636,8.64441,8.68147,8.68147,4663075
1991-05-21,8.7014,8.82988,8.68147,8.79311,8.79311,7751749
1991-05-22,8.79311,8.81247,8.7014,8.79311,8.79311,8481730
1991-05-23,8.79311,8.81247,8.68147,8.75636,8.75636,8264486
1991-05-24,8.73865,8.79311,8.71871,8.73865,8.73865,3282646
1991-05-28,8.71871,8.73865,8.66172,8.73865,8.73865,5362664
1991-05-29,8.7014,8.75636,8.66172,8.75636,8.75636,5634227
1991-05-30,8.7014,8.73865,8.68147,8.71871,8.71871,9138648
1991-05-31,8.7014,8.73865,8.60707,8.68147,8.68147,8848335
1991-06-03,8.68147,8.77376,8.41335,8.77376,8.77376,5519786
1991-06-04,8.71871,8.77376,8.68147,8.71871,8.71871,4053361
1991-06-05,8.71871,8.73865,8.62458,8.62458,8.62458,4880326
1991-06-06,8.62458,8.7014,8.62458,8.68147,8.68147,5555345
1991-06-07,8.62458,8.68147,8.56905,8.56905,8.56905,5583153
1991-06-10,8.5885,8.68147,8.56905,8.64441,8.64441,6195452
1991-06-11,8.66172,8.73865,8.62458,8.71871,8.71871,6362915
1991-06-12,8.7014,8.7014,8.5885,8.5885,8.5885,6204501
1991-06-13,8.60707,8.66172,8.5885,8.62458,8.62458,6357093
1991-06-14,8.62458,8.7014,8.62458,8.68147,8.68147,6318301
1991-06-17,8.66172,8.68147,8.56905,8.56905,8.56905,4452294
1991-06-18,8.55037,8.60707,8.46994,8.49027,8.49027,5447368
1991-06-19,8.43289,8.49027,8.37727,8.49027,8.49027,5757721
1991-06-20,8.45225,8.66172,8.45225,8.66172,8.66172,6844610
1991-06-21,8.64441,8.73865,8.64441,8.71871,8.71871,15995544
1991-06-24,8.68147,8.75636,8.64441,8.66172,8.66172,5288314
1991-06-25,8.7014,8.75636,8.66172,8.71871,8.71871,4709630
1991-06-26,8.71871,8.86323,8.71871,8.82988,8.82988,6210968
1991-06-27,8.86323,8.8997,8.75636,8.79311,8.79311,7490535
1991-06-28,8.73865,8.77376,8.64441,8.66172,8.66172,6707536
1991-07-01,8.7014,8.91935,8.7014,8.91935,8.91935,6893750
1991-07-02,8.8997,8.8997,8.73865,8.75636,8.75636,7923737
1991-07-03,8.71871,8.71871,8.49027,8.55037,8.55037,5604487
1991-07-05,8.49027,8.66172,8.49027,8.56905,8.56905,3236740
1991-07-08,8.5319,8.71871,8.46994,8.71871,8.71871,6777364
1991-07-09,8.71871,8.71871,8.55037,8.5885,8.5885,4150983
1991-07-10,8.60707,8.7014,8.5319,8.55037,8.55037,7361222
1991-07-11,8.60707,8.64441,8.56905,8.62458,8.62458,5005115
1991-07-12,8.68147,8.81247,8.60707,8.75636,8.75636,6190922
1991-07-15,8.75636,8.84933,8.73865,8.81247,8.81247,4524061
1991-07-16,8.81247,8.81247,8.73865,8.79311,8.79311,5841130
1991-07-17,8.82988,8.93607,8.82988,8.91935,8.91935,7023066
1991-07-18,8.91935,8.95484,8.87967,8.91935,8.91935,9857635
1991-07-19,8.91935,8.91935,8.82988,8.87967,8.87967,11119739
1991-07-22,8.87967,8.91935,8.82988,8.86323,8.86323,4308110
1991-07-23,8.86323,8.8997,8.7014,8.71871,8.71871,4866100
1991-07-24,8.73865,8.79311,8.7014,8.77376,8.77376,5139600
1991-07-25,8.79311,8.82988,8.75636,8.81247,8.81247,4052715
1991-07-26,8.79311,8.79311,8.73865,8.75636,8.75636,3969953
1991-07-29,8.75636,8.82988,8.75636,8.82988,8.82988,5557286
1991-07-30,8.86323,8.87967,8.82988,8.86323,8.86323,4432250
1991-07-31,8.84933,8.84933,8.79311,8.84933,8.84933,3653130
1991-08-01,8.86323,8.86323,8.79311,8.84933,8.84933,5751254
1991-08-02,8.86323,8.87967,8.73865,8.75636,8.75636,4772350
1991-08-05,8.75636,8.79311,8.7014,8.7014,8.7014,4813728
1991-08-06,8.7014,8.91935,8.7014,8.8997,8.8997,10438256
1991-08-07,8.79311,8.81247,8.73865,8.77376,8.77376,5203607
1991-08-08,8.73865,8.77376,8.64441,8.66172,8.66172,5036150
1991-08-09,8.66172,8.68147,8.56905,8.56905,8.56905,4519536
1991-08-12,8.55037,8.60707,8.5319,8.5885,8.5885,3741712
1991-08-13,8.60707,8.68147,8.56905,8.62458,8.62458,7670925
1991-08-14,8.66172,8.66172,8.49027,8.5319,8.5319,7001081
1991-08-15,8.5141,8.62458,8.5141,8.56905,8.56905,6499989
1991-08-16,8.60707,8.66172,8.5319,8.56905,8.56905,14054537
1991-08-19,8.45225,8.64441,8.43289,8.5885,8.5885,6996556
1991-08-20,8.60707,8.62458,8.49027,8.56905,8.56905,7609506
1991-08-21,8.56905,8.7014,8.49027,8.68147,8.68147,6854306
1991-08-22,8.7014,8.73865,8.64441,8.71871,8.71871,4723858
1991-08-23,8.68147,8.81247,8.68147,8.79311,8.79311,6276272
1991-08-26,8.79311,8.82988,8.71871,8.71871,8.71871,3643434
1991-08-27,8.71871,8.73865,8.64441,8.73865,8.73865,3962192
1991-08-28,8.71871,8.86323,8.71871,8.86323,8.86323,5393055
1991-08-29,8.84933,8.84933,8.73865,8.77376,8.77376,6200623
1991-08-30,8.77376,8.77376,8.66172,8.68147,8.68147,3974474
1991-09-03,8.68147,8.7014,8.64441,8.64441,8.64441,6724348
1991-09-04,8.64441,8.66172,8.56905,8.62458,8.62458,4284829
1991-09-05,8.62458,8.77376,8.62458,8.75636,8.75636,7813180
1991-09-06,8.77376,8.82988,8.7014,8.79311,8.79311,5762249
1991-09-09,8.79311,8.81247,8.75636,8.77376,8.77376,3997105
1991-09-10,8.79311,8.79311,8.71871,8.73865,8.73865,5071707
1991-09-11,8.79311,8.81247,8.71871,8.77376,8.77376,5934239
1991-09-12,8.79311,8.81247,8.73865,8.77376,8.77376,4917831
1991-09-13,8.79311,8.79311,8.66172,8.7014,8.7014,5127961
1991-09-16,8.7014,8.87967,8.68147,8.87967,8.87967,6975219
1991-09-17,8.86323,8.91935,8.82988,8.84933,8.84933,4956622
1991-09-18,8.81247,8.82988,8.79311,8.82988,8.82988,4246679
1991-09-19,8.81247,8.8997,8.81247,8.84933,8.84933,4813728
1991-09-20,8.87967,8.87967,8.79311,8.79311,8.79311,12760099
1991-09-23,8.75636,8.82988,8.71871,8.73865,8.73865,4372123
1991-09-24,8.77376,8.87967,8.75636,8.86323,8.86323,4490442
1991-09-25,8.8997,8.91935,8.81247,8.84933,8.84933,5333570
1991-09-26,8.81247,8.84933,8.75636,8.75636,8.75636,3524464
1991-09-27,8.77376,8.84933,8.71871,8.75636,8.75636,4994772
1991-09-30,8.81247,8.91935,8.75636,8.86323,8.86323,6716586
1991-10-01,8.8997,8.99229,8.8997,8.97351,8.97351,7440105
1991-10-02,8.99229,9.0695,8.93607,8.97351,8.97351,8585828
1991-10-03,8.95484,8.99229,8.86323,8.86323,8.86323,8003266
1991-10-04,8.86323,8.91935,8.81247,8.81247,8.81247,5641339
1991-10-07,8.81247,8.87967,8.79311,8.82988,8.82988,4936577
1991-10-08,8.82988,8.97351,8.81247,8.95484,8.95484,6385545
1991-10-09,8.97351,9.03147,8.73865,8.84933,8.84933,7096772
1991-10-10,8.87967,8.99229,8.84933,8.97351,8.97351,4917181
1991-10-11,8.97351,8.97351,8.87967,8.95484,8.95484,4304227
1991-10-14,8.93607,9.0695,8.93607,9.0695,9.0695,5713107
1991-10-15,9.0695,9.12357,9.01192,9.0695,9.0695,7495711
1991-10-16,9.04771,9.04771,8.99229,9.01192,9.01192,5439613
1991-10-17,9.01192,9.08379,8.99229,9.08379,9.08379,5954925
1991-10-18,9.10558,9.15965,9.08379,9.15965,9.15965,12347587
1991-10-21,9.15965,9.17988,9.10558,9.12357,9.12357,4012626
1991-10-22,9.14429,9.21829,9.04771,9.10558,9.10558,6479299
1991-10-23,9.14429,9.14429,9.04771,9.0695,9.0695,4083749
1991-10-24,9.03147,9.08379,8.95484,9.01192,9.01192,6020227
1991-10-25,9.01192,9.03147,8.93607,9.03147,9.03147,6511630
1991-10-28,9.04771,9.19719,9.03147,9.19719,9.19719,5854064
1991-10-29,9.19719,9.21829,9.0695,9.17988,9.17988,6299551
1991-10-30,9.19719,9.21829,9.01192,9.10558,9.10558,6247177
1991-10-31,9.0695,9.12357,9.0695,9.08379,9.08379,3394500
1991-11-01,9.10558,9.10558,8.95484,9.01192,9.01192,7351520
1991-11-04,8.99229,9.19719,8.97351,9.17988,9.17988,6874356
1991-11-05,9.0695,9.12357,9.01192,9.04771,9.04771,4290007
1991-11-06,9.03147,9.12357,9.03147,9.10558,9.10558,4717396
1991-11-07,9.08379,9.12357,8.99229,9.03147,9.03147,4928815
1991-11-08,9.0695,9.08379,8.95484,8.95484,8.95484,3757228
1991-11-11,9.01192,9.01192,8.95484,8.97351,8.97351,3476617
1991-11-12,9.03147,9.0695,8.97351,8.97351,8.97351,6408826
1991-11-13,8.91935,8.99229,8.91935,8.97351,8.97351,4174917
1991-11-14,9.01192,9.01192,8.8997,8.8997,8.8997,4676652
1991-11-15,8.8997,8.93607,8.5319,8.5319,8.5319,12090894
1991-11-18,8.60707,8.7014,8.5141,8.68147,8.68147,10708522
1991-11-19,8.64441,8.84933,8.5885,8.79311,8.79311,11209618
1991-11-20,8.81247,8.84933,8.7014,8.7014,8.7014,6229071
1991-11-21,8.66172,8.79311,8.64441,8.75636,8.75636,5514611
1991-11-22,8.73865,8.73865,8.60707,8.60707,8.60707,8223751
1991-11-25,8.62458,8.68147,8.56905,8.66172,8.66172,6067432
1991-11-26,8.68147,8.79311,8.66172,8.68147,8.68147,10334804
1991-11-27,8.68147,8.73865,8.64441,8.7014,8.7014,4156170
1991-11-29,8.71871,8.77376,8.64441,8.73865,8.73865,1886052
1991-12-02,8.64441,8.86323,8.64441,8.84933,8.84933,5680782
1991-12-03,8.84933,8.86323,8.71871,8.71871,8.71871,4141296
1991-12-04,8.71871,8.73865,8.60707,8.62458,8.62458,5155763
1991-12-05,8.64441,8.64441,8.49027,8.5141,8.5141,7275227
1991-12-06,8.45225,8.66172,8.45225,8.5141,8.5141,8459747
1991-12-09,8.5319,8.56905,8.32164,8.35821,8.35821,5865704
1991-12-10,8.33818,8.43289,8.33818,8.39361,8.39361,7703905
1991-12-11,8.43289,8.5319,8.37727,8.45225,8.45225,8223751
1991-12-12,8.5319,8.64441,8.5141,8.5885,8.5885,6538138
1991-12-13,8.62458,8.68147,8.60707,8.64441,8.64441,5303832
1991-12-16,8.64441,8.7014,8.62458,8.62458,8.62458,3829644
1991-12-17,8.7014,8.71871,8.64441,8.64441,8.64441,5120201
1991-12-18,8.66172,8.68147,8.60707,8.68147,8.68147,6920907
1991-12-19,8.66172,8.75636,8.64441,8.75636,8.75636,6827801
1991-12-20,8.93607,8.93607,8.79311,8.81247,8.81247,23210638
1991-12-23,8.77376,8.79311,8.68147,8.71871,8.71871,6000835
1991-12-24,8.73865,8.75636,8.5319,8.56905,8.56905,4667603
1991-12-26,8.5885,8.64441,8.5319,8.55037,8.55037,5215251
1991-12-27,8.56905,8.75636,8.56905,8.68147,8.68147,5420860
1991-12-30,8.71871,8.77376,8.62458,8.71871,8.71871,11938954
1991-12-31,8.79311,9.08379,8.79311,9.0695,9.0695,13155152
1992-01-02,8.97351,9.03147,8.86323,8.93607,8.93607,10391055
1992-01-03,8.91935,9.03147,8.8997,8.95484,8.95484,9119898
1992-01-06,8.95484,8.99229,8.86323,8.87967,8.87967,6343514
1992-01-07,8.84933,8.91935,8.68147,8.82988,8.82988,9264079
1992-01-08,8.79311,8.84933,8.71871,8.71871,8.71871,8792734
1992-01-09,8.73865,8.77376,8.60707,8.66172,8.66172,9447064
1992-01-10,8.66172,8.81247,8.64441,8.75636,8.75636,8668588
1992-01-13,8.73865,8.86323,8.73865,8.82988,8.82988,7678052
1992-01-14,8.84933,8.99229,8.81247,8.97351,8.97351,7548078
1992-01-15,8.97351,8.97351,8.81247,8.86323,8.86323,7811880
1992-01-16,8.82988,8.84933,8.73865,8.81247,8.81247,6043504
1992-01-17,8.84933,8.91935,8.81247,8.91935,8.91935,15017285
1992-01-20,8.91935,8.97351,8.8997,8.93607,8.93607,5888330
1992-01-21,8.95484,9.10558,8.93607,9.0695,9.0695,7607565
1992-01-22,9.04771,9.0695,8.77376,8.86323,8.86323,10030919
1992-01-23,8.81247,8.84933,8.75636,8.79311,8.79311,618771
1992-01-24,8.79311,9.01192,8.77376,8.97351,8.97351,6637711
1992-01-27,8.97351,9.01192,8.95484,9.01192,9.01192,5762896
1992-01-28,9.03147,9.12357,8.99229,8.99229,8.99229,7094189
1992-01-29,8.93607,8.99229,8.79311,8.84933,8.84933,8139049
1992-01-30,8.86323,8.86323,8.75636,8.79311,8.79311,6467658
1992-01-31,8.82988,8.82988,8.68147,8.68147,8.68147,7442689
1992-02-03,8.68147,8.82988,8.68147,8.81247,8.81247,6674564
1992-02-04,8.79311,8.87967,8.77376,8.86323,8.86323,10109152
1992-02-05,8.68147,8.71871,8.60707,8.64441,8.64441,7926975
1992-02-06,8.64441,8.73865,8.60707,8.73865,8.73865,7617262
1992-02-07,8.73865,8.81247,8.55037,8.71871,8.71871,9979837
1992-02-10,8.79311,8.81247,8.66172,8.7014,8.7014,6528437
1992-02-11,8.71871,8.71871,8.64441,8.66172,8.66172,6509040
1992-02-12,8.68147,8.77376,8.66172,8.75636,8.75636,6074542
1992-02-13,8.75636,8.81247,8.62458,8.68147,8.68147,9020974
1992-02-14,8.64441,8.71871,8.62458,8.68147,8.68147,5116966
1992-02-18,8.62458,8.62458,8.41335,8.5141,8.5141,7096772
1992-02-19,8.46994,8.60707,8.46994,8.5319,8.5319,6144376
1992-02-20,8.56905,8.68147,8.5141,8.64441,8.64441,8860624
1992-02-21,8.60707,8.66172,8.56905,8.62458,8.62458,10867580
1992-02-24,8.64441,8.66172,8.55037,8.5885,8.5885,4219530
1992-02-25,8.5885,8.60707,8.49027,8.5319,8.5319,5176455
1992-02-26,8.5141,8.62458,8.5141,8.5885,8.5885,4617169
1992-02-27,8.55037,8.55037,8.49027,8.5319,8.5319,3453984
1992-02-28,8.55037,8.5885,8.46994,8.5141,8.5141,5065886
1992-03-02,8.49027,8.5141,8.32164,8.33818,8.33818,6449548
1992-03-03,8.32164,8.33818,8.20941,8.28274,8.28274,10247517
1992-03-04,8.26445,8.33818,8.18811,8.18811,8.18811,7552605
1992-03-05,8.1711,8.32164,8.1711,8.28274,8.28274,7192465
1992-03-06,8.28274,8.41335,8.20941,8.28274,8.28274,12098007
1992-03-09,8.26445,8.28274,8.18811,8.26445,8.26445,4339144
1992-03-10,8.26445,8.35821,8.24617,8.24617,8.24617,5479053
1992-03-11,8.24617,8.28274,8.1711,8.24617,8.24617,6361622
1992-03-12,8.24617,8.43289,8.24617,8.41335,8.41335,5938764
1992-03-13,8.5141,8.55037,8.41335,8.5141,8.5141,5559226
1992-03-16,8.46994,8.49027,8.41335,8.46994,8.46994,3967371
1992-03-17,8.49027,8.5141,8.41335,8.46994,8.46994,4374058
1992-03-18,8.41335,8.41335,8.28274,8.3018,8.3018,5686599
1992-03-19,8.3018,8.3018,8.22721,8.24617,8.24617,4981189
1992-03-20,8.22721,8.22721,8.00441,8.15329,8.15329,18542392
1992-03-23,8.1711,8.26445,8.13366,8.22721,8.22721,5142189
1992-03-24,8.18811,8.26445,8.18811,8.20941,8.20941,4864160
1992-03-25,8.13366,8.20941,8.09719,8.18811,8.18811,6620897
1992-03-26,8.22721,8.3018,8.18811,8.3018,8.3018,5192617
1992-03-27,8.28274,8.32164,8.20941,8.20941,8.20941,3981588
1992-03-30,8.20941,8.22721,8.13366,8.18811,8.18811,4193667
1992-03-31,8.20941,8.26445,8.13366,8.15329,8.15329,5315470
1992-04-01,8.11324,8.22721,8.09719,8.20941,8.20941,5354266
1992-04-02,8.20941,8.22721,8.07803,8.15329,8.15329,5973678
1992-04-03,8.13366,8.33818,8.11324,8.32164,8.32164,7299147
1992-04-06,8.39361,8.64441,8.39361,8.60707,8.60707,11110045
1992-04-07,8.62458,8.66172,8.43289,8.43289,8.43289,7043107
1992-04-08,8.45225,8.62458,8.43289,8.5319,8.5319,8468148
1992-04-09,8.55037,8.5885,8.45225,8.5319,8.5319,8504361
1992-04-10,8.5885,8.62458,8.55037,8.5885,8.5885,4418023
1992-04-13,8.60707,8.60707,8.43289,8.43289,8.43289,4224053
1992-04-14,8.46994,8.68147,8.45225,8.5885,8.5885,7515104
1992-04-15,8.66172,8.79311,8.56905,8.79311,8.79311,8762339
1992-04-16,8.73865,8.77376,8.64441,8.75636,8.75636,14426956
1992-04-20,8.73865,8.82988,8.62458,8.73865,8.73865,7421999
1992-04-21,8.73865,8.84933,8.73865,8.81247,8.81247,4881618
1992-04-22,8.75636,8.77376,8.64441,8.64441,8.64441,5727331
1992-04-23,8.64441,8.84933,8.60707,8.82988,8.82988,7449157
1992-04-24,8.81247,8.8997,8.75636,8.77376,8.77376,7563600
1992-04-27,8.73865,8.84933,8.71871,8.75636,8.75636,8687339
1992-04-28,8.75636,8.87967,8.7014,8.82988,8.82988,5254689
1992-04-29,8.84933,8.84933,8.75636,8.82988,8.82988,5653626
1992-04-30,8.87967,8.95484,8.84933,8.93607,8.93607,9791682
1992-05-01,8.95484,8.97351,8.81247,8.82988,8.82988,6299551
1992-05-04,8.86323,8.95484,8.84933,8.93607,8.93607,5365254
1992-05-05,8.91935,8.93607,8.87967,8.91935,8.91935,6201920
1992-05-06,8.93607,8.97351,8.82988,8.84933,8.84933,8378927
1992-05-07,8.7014,8.79311,8.7014,8.73865,8.73865,6154716
1992-05-08,8.77376,8.77376,8.73865,8.77376,8.77376,3884602
1992-05-11,8.79311,8.87967,8.79311,8.86323,8.86323,3904645
1992-05-12,8.86323,8.8997,8.75636,8.77376,8.77376,5980796
1992-05-13,8.77376,8.87967,8.75636,8.86323,8.86323,7623086
1992-05-14,8.86323,8.93607,8.81247,8.93607,8.93607,6426274
1992-05-15,8.8997,8.93607,8.81247,8.82988,8.82988,13819183
1992-05-18,8.8997,8.91935,8.86323,8.8997,8.8997,5038737
1992-05-19,8.93607,8.97351,8.87967,8.93607,8.93607,9274426
1992-05-20,8.91935,8.93607,8.82988,8.82988,8.82988,5404699
1992-05-21,8.82988,8.8997,8.77376,8.87967,8.87967,6692665
1992-05-22,8.87967,9.01192,8.87967,9.01192,9.01192,7503466
1992-05-26,9.14429,9.57141,9.12357,9.5325,9.5325,23936092
1992-05-27,9.46054,9.46054,9.15965,9.19719,9.19719,15127194
1992-05-28,9.25437,9.25437,9.17988,9.2356,9.2356,10967154
1992-05-29,9.2356,9.2356,9.01192,9.03147,9.03147,9545988
1992-06-01,9.04771,9.15965,9.04771,9.14429,9.14429,7198284
1992-06-02,9.15965,9.19719,9.10558,9.14429,9.14429,5585090
1992-06-03,9.15965,9.38663,9.14429,9.36524,9.36524,10130489
1992-06-04,9.38663,9.42262,9.32926,9.38663,9.38663,7255184
1992-06-05,9.40316,9.40316,9.2923,9.34578,9.34578,5599963
1992-06-08,9.32926,9.36524,9.27188,9.30981,9.30981,3987406
1992-06-09,9.32926,9.46054,9.21829,9.46054,9.46054,5811389
1992-06-10,9.44012,9.47902,9.34578,9.36524,9.36524,8004557
1992-06-11,9.38663,9.44012,9.32926,9.42262,9.42262,5517847
1992-06-12,9.44012,9.44012,9.21829,9.21829,9.21829,4750365
1992-06-15,9.2356,9.30981,9.19719,9.25437,9.25437,5744147
1992-06-16,9.27188,9.27188,9.2356,9.25437,9.25437,4468459
1992-06-17,9.21829,9.2923,9.17988,9.25437,9.25437,6381019
1992-06-18,9.25437,9.27188,9.14429,9.14429,9.14429,6709473
1992-06-19,9.15965,9.30981,9.14429,9.2923,9.2923,17659816
1992-06-22,9.30981,9.30981,9.10558,9.2356,9.2356,5714404
1992-06-23,9.21829,9.21829,9.10558,9.14429,9.14429,4866751
1992-06-24,9.12357,9.2356,9.12357,9.15965,9.15965,3722962
1992-06-25,9.19719,9.19719,9.08379,9.14429,9.14429,3951847
1992-06-26,9.08379,9.17988,9.0695,9.15965,9.15965,5088519
1992-06-29,9.15965,9.27188,9.14429,9.27188,9.27188,4946923
1992-06-30,9.27188,9.27188,9.14429,9.21829,9.21829,954987
1992-07-01,9.21829,9.25437,9.17988,9.19719,9.19719,7379970
1992-07-02,9.17988,9.2923,9.14429,9.21829,9.21829,6143081
1992-07-06,9.2356,9.32926,9.15965,9.25437,9.25437,6582105
1992-07-07,9.27188,9.30981,9.15965,9.19719,9.19719,6798057
1992-07-08,9.12357,9.21829,9.10558,9.19719,9.19719,7705850
1992-07-09,9.17988,9.19719,9.14429,9.17988,9.17988,3926630
1992-07-10,9.21829,9.25437,9.15965,9.15965,9.15965,3153330
1992-07-13,9.17988,9.19719,9.08379,9.10558,9.10558,4264791
1992-07-14,9.08379,9.27188,9.08379,9.2356,9.2356,6995260
1992-07-15,9.21829,9.25437,9.10558,9.14429,9.14429,7003666
1992-07-16,9.14429,9.30981,9.12357,9.30981,9.30981,7517047
1992-07-17,9.27188,9.32926,9.2356,9.25437,9.25437,10340628
1992-07-20,9.19719,9.2923,9.19719,9.25437,9.25437,4107674
1992-07-21,9.25437,9.2923,9.19719,9.19719,9.19719,3772745
1992-07-22,9.17988,9.25437,9.14429,9.2356,9.2356,5636820
1992-07-23,9.2356,9.40316,9.19719,9.38663,9.38663,4999943
1992-07-24,9.34578,9.36524,9.25437,9.2923,9.2923,3369288
1992-07-27,9.25437,9.27188,9.2356,9.2356,9.2356,2928971
1992-07-28,9.25437,9.30981,9.21829,9.25437,9.25437,6750213
1992-07-29,9.25437,9.25437,9.19719,9.2356,9.2356,7771795
1992-07-30,9.25437,9.47902,9.25437,9.44012,9.44012,8906529
1992-07-31,9.42262,9.4975,9.38663,9.46054,9.46054,5233353
1992-08-03,9.44012,9.62879,9.42262,9.57141,9.57141,6091353
1992-08-04,9.60933,9.7027,9.59086,9.68519,9.68519,7522223
1992-08-05,9.62879,9.66477,9.51696,9.5325,9.5325,7438812
1992-08-06,9.4975,9.57141,9.46054,9.51696,9.51696,8161028
1992-08-07,9.40316,9.57141,9.40316,9.46054,9.46054,9335848
1992-08-10,9.44012,9.59086,9.44012,9.59086,9.59086,5005115
1992-08-11,9.60933,9.62879,9.5325,9.59086,9.59086,5610301
1992-08-12,9.59086,9.60933,9.42262,9.44012,9.44012,5703411
1992-08-13,9.44012,9.57141,9.42262,9.55488,9.55488,11306603
1992-08-14,9.59086,9.60933,9.4975,9.5325,9.5325,3470150
1992-08-17,9.4975,9.60933,9.47902,9.47902,9.47902,3788910
1992-08-18,9.44012,9.59086,9.44012,9.59086,9.59086,4314572
1992-08-19,9.60933,9.7027,9.55488,9.66477,9.66477,5541122
1992-08-20,9.64338,9.74063,9.62879,9.74063,9.74063,4800795
1992-08-21,9.74063,9.75715,9.40316,9.42262,9.42262,12690271
1992-08-24,9.36524,9.57141,9.34578,9.57141,9.57141,6487705
1992-08-25,9.57141,9.57141,9.46054,9.4975,9.4975,3892367
1992-08-26,9.4975,9.55488,9.44012,9.5325,9.5325,4624931
1992-08-27,9.55488,9.57141,9.44012,9.47902,9.47902,6486417
1992-08-28,9.46054,9.57141,9.44012,9.55488,9.55488,4841532
1992-08-31,9.59086,9.62879,9.57141,9.57141,9.57141,4353371
1992-09-01,9.55488,9.60933,9.55488,9.59086,9.59086,4491088
1992-09-02,9.59086,9.62879,9.5325,9.57141,9.57141,4699281
1992-09-03,9.55488,9.55488,9.2356,9.27188,9.27188,11145612
1992-09-04,9.27188,9.32926,9.27188,9.30981,9.30981,6227783
1992-09-08,9.2923,9.32926,9.27188,9.30981,9.30981,5287023
1992-09-09,9.34578,9.40316,9.30981,9.34578,9.34578,6558827
1992-09-10,9.36524,9.40316,9.2923,9.36524,9.36524,8310388
1992-09-11,9.36524,9.38663,9.32926,9.36524,9.36524,5541768
1992-09-14,9.46054,9.46054,9.32926,9.34578,9.34578,5810740
1992-09-15,9.34578,9.42262,9.27188,9.2923,9.2923,6296319
1992-09-16,9.25437,9.46054,9.25437,9.40316,9.40316,6739866
1992-09-17,9.46054,9.47902,9.34578,9.40316,9.40316,5261801
1992-09-18,9.42262,9.5325,9.40316,9.5325,9.5325,12748460
1992-09-21,9.51696,9.57141,9.4975,9.55488,9.55488,3694508
1992-09-22,9.5325,9.55488,9.44012,9.47902,9.47902,4139356
1992-09-23,9.47902,9.59086,9.47902,9.55488,9.55488,5210724
1992-09-24,9.57141,9.60933,9.4975,9.4975,9.4975,4162633
1992-09-25,9.4975,9.5325,9.42262,9.46054,9.46054,3770157
1992-09-28,9.42262,9.64338,9.42262,9.62879,9.62879,5581857
1992-09-29,9.60933,9.60933,9.4975,9.51696,9.51696,3322086
1992-09-30,9.51696,9.57141,9.4975,9.51696,9.51696,4110255
1992-10-01,9.55488,9.55488,9.44012,9.4975,9.4975,4841532
1992-10-02,9.47902,9.51696,9.42262,9.42262,9.42262,3231567
1992-10-05,9.42262,9.44012,9.27188,9.30981,9.30981,8600700
1992-10-06,9.34578,9.36524,9.21829,9.25437,9.25437,6875000
1992-10-07,9.2923,9.32926,9.15965,9.21829,9.21829,4907479
1992-10-08,9.2356,9.38663,9.21829,9.36524,9.36524,6379080
1992-10-09,9.30981,9.30981,9.14429,9.17988,9.17988,6463129
1992-10-12,9.19719,9.2356,9.12357,9.15965,9.15965,4367592
1992-10-13,9.15965,9.19719,9.0695,9.19719,9.19719,5629057
1992-10-14,9.19719,9.32926,9.15965,9.25437,9.25437,5469357
1992-10-15,9.2356,9.40316,9.2356,9.34578,9.34578,6068076
1992-10-16,9.40316,9.42262,9.2923,9.40316,9.40316,8246378
1992-10-19,9.38663,9.4975,9.38663,9.42262,9.42262,4772998
1992-10-20,9.44012,9.44012,9.27188,9.32926,9.32926,4802088
1992-10-21,9.32926,9.34578,9.2356,9.32926,9.32926,3397091
1992-10-22,9.30981,9.36524,9.21829,9.2356,9.2356,3508948
1992-10-23,9.2356,9.2923,9.21829,9.2356,9.2356,3347302
1992-10-26,9.25437,9.25437,9.15965,9.21829,9.21829,3481141
1992-10-27,9.2356,9.34578,9.21829,9.34578,9.34578,3608526
1992-10-28,9.30981,9.34578,9.2356,9.30981,9.30981,3988699
1992-10-29,9.2923,9.32926,9.21829,9.25437,9.25437,5250160
1992-10-30,9.21829,9.25437,9.08379,9.12357,9.12357,4378583
1992-11-02,9.14429,9.14429,8.97351,8.97351,8.97351,7753045
1992-11-03,8.95484,9.03147,8.84933,8.86323,8.86323,10028977
1992-11-04,8.84933,8.93607,8.82988,8.91935,8.91935,9580257
1992-11-05,8.77376,8.82988,8.75636,8.82988,8.82988,7445276
1992-11-06,8.82988,8.82988,8.66172,8.68147,8.68147,6697196
1992-11-09,8.7014,8.75636,8.66172,8.71871,8.71871,8889073
1992-11-10,8.77376,8.79311,8.7014,8.77376,8.77376,7129752
1992-11-11,8.75636,8.81247,8.71871,8.71871,8.71871,5819794
1992-11-12,8.77376,8.81247,8.71871,8.75636,8.75636,6140498
1992-11-13,8.75636,8.82988,8.73865,8.82988,8.82988,4820838
1992-11-16,8.82988,8.84933,8.77376,8.77376,8.77376,2558487
1992-11-17,8.77376,8.81247,8.73865,8.75636,8.75636,2632839
1992-11-18,8.79311,8.95484,8.77376,8.93607,8.93607,5814624
1992-11-19,8.93607,8.99229,8.8997,8.93607,8.93607,4398629
1992-11-20,9.08379,9.08379,9.03147,9.04771,9.04771,9432841
1992-11-23,9.01192,9.03147,8.87967,8.8997,8.8997,4257027
1992-11-24,8.8997,8.99229,8.87967,8.87967,8.87967,7890761
1992-11-25,8.93607,8.95484,8.86323,8.91935,8.91935,5144126
1992-11-27,8.87967,8.91935,8.82988,8.86323,8.86323,2347056
1992-11-30,8.87967,8.8997,8.82988,8.86323,8.86323,5587676
1992-12-01,8.86323,8.86323,8.75636,8.79311,8.79311,6864657
1992-12-02,8.77376,8.79311,8.68147,8.71871,8.71871,5332280
1992-12-03,8.7014,8.79311,8.68147,8.75636,8.75636,4718038
1992-12-04,8.75636,8.91935,8.75636,8.91935,8.91935,5350379
1992-12-07,8.91935,8.95484,8.8997,8.93607,8.93607,6406880
1992-12-08,8.93607,8.99229,8.93607,8.99229,8.99229,5135721
1992-12-09,8.99229,9.03147,8.93607,9.03147,9.03147,5865704
1992-12-10,9.01192,9.12357,8.99229,9.12357,9.12357,5217835
1992-12-11,9.10558,9.10558,9.0695,9.0695,9.0695,3131344
1992-12-14,9.03147,9.10558,9.01192,9.01192,9.01192,5102096
1992-12-15,9.01192,9.15965,8.99229,9.10558,9.10558,6752801
1992-12-16,9.12357,9.15965,9.0695,9.10558,9.10558,5761607
1992-12-17,9.12357,9.2356,9.12357,9.2356,9.2356,7535150
1992-12-18,9.27188,9.36524,9.2356,9.36524,9.36524,22968825
1992-12-21,9.32926,9.36524,9.2923,9.36524,9.36524,7353461
1992-12-22,9.36524,9.36524,9.12357,9.2923,9.2923,7860373
1992-12-23,9.2923,9.36524,9.21829,9.21829,9.21829,5955576
1992-12-24,9.21829,9.27188,9.19719,9.25437,9.25437,1468370
1992-12-28,9.2356,9.30981,9.21829,9.30981,9.30981,3850335
1992-12-29,9.27188,9.34578,9.12357,9.17988,9.17988,5212014
1992-12-30,9.15965,9.19719,9.08379,9.14429,9.14429,4445185
1992-12-31,9.12357,9.21829,9.08379,9.10558,9.10558,5054253
1993-01-04,9.12357,9.19719,9.12357,9.14429,9.14429,6123685
1993-01-05,9.14429,9.25437,9.12357,9.2356,9.2356,4745192
1993-01-06,9.21829,9.27188,9.17988,9.19719,9.19719,4853167
1993-01-07,9.19719,9.2923,9.15965,9.17988,9.17988,6639647
1993-01-08,9.10558,9.10558,8.95484,9.03147,9.03147,8204349
1993-01-11,8.99229,9.08379,8.99229,9.01192,9.01192,5616771
1993-01-12,9.03147,9.03147,8.8997,8.93607,8.93607,6909269
1993-01-13,8.93607,9.04771,8.93607,8.97351,8.97351,9397276
1993-01-14,9.03147,9.04771,8.8997,8.99229,8.99229,6163772
1993-01-15,8.99229,8.99229,8.91935,8.95484,8.95484,14024144
1993-01-18,8.93607,8.93607,8.79311,8.84933,8.84933,8049176
1993-01-19,8.82988,8.84933,8.73865,8.77376,8.77376,7090310
1993-01-20,8.77376,8.79311,8.7014,8.71871,8.71871,9027438
1993-01-21,8.68147,8.7014,8.60707,8.66172,8.66172,8309100
1993-01-22,8.66172,8.73865,8.62458,8.66172,8.66172,8261247
1993-01-25,8.7014,9.03147,8.7014,9.03147,9.03147,14035783
1993-01-26,9.0695,9.19719,9.03147,9.12357,9.12357,12567422
1993-01-27,9.08379,9.08379,8.99229,9.01192,9.01192,5526899
1993-01-28,8.99229,9.17988,8.97351,9.17988,9.17988,7110998
1993-01-29,9.12357,9.12357,9.03147,9.10558,9.10558,7063154
1993-02-01,9.14429,9.15965,9.10558,9.15965,9.15965,5150591
1993-02-02,9.17988,9.2923,9.14429,9.27188,9.27188,5430558
1993-02-03,9.2356,9.34578,9.17988,9.30981,9.30981,9213004
1993-02-04,9.19719,9.4975,9.15965,9.2356,9.2356,7486654
1993-02-05,9.2356,9.2356,9.14429,9.21829,9.21829,7476314
1993-02-08,9.19719,9.38663,9.19719,9.36524,9.36524,11280745
1993-02-09,9.30981,9.32926,9.2923,9.30981,9.30981,5307704
1993-02-10,9.25437,9.2923,9.21829,9.2923,9.2923,5793926
1993-02-11,9.2923,9.34578,9.25437,9.2923,9.2923,6078425
1993-02-12,9.2356,9.32926,9.17988,9.19719,9.19719,5565048
1993-02-16,9.14429,9.30981,9.14429,9.25437,9.25437,10832661
1993-02-17,9.2356,9.27188,9.19719,9.19719,9.19719,8864503
1993-02-18,9.2356,9.27188,9.04771,9.21829,9.21829,10081352
1993-02-19,9.25437,9.57141,9.21829,9.57141,9.57141,15045081
1993-02-22,9.5325,9.66477,9.4975,9.60933,9.60933,11927314
1993-02-23,9.60933,9.60933,9.42262,9.46054,9.46054,10261097
1993-02-24,9.46054,9.4975,9.42262,9.46054,9.46054,5956218
1993-02-25,9.46054,9.47902,9.38663,9.47902,9.47902,6512919
1993-02-26,9.46054,9.4975,9.38663,9.47902,9.47902,8399610
1993-03-01,9.46054,9.55488,9.44012,9.51696,9.51696,4717396
1993-03-02,9.4975,9.60933,9.4975,9.60933,9.60933,7404537
1993-03-03,9.62879,9.64338,9.47902,9.5325,9.5325,6933191
1993-03-04,9.55488,9.62879,9.4975,9.59086,9.59086,6844610
1993-03-05,9.59086,9.64338,9.40316,9.42262,9.42262,7937322
1993-03-08,9.44012,9.60933,9.42262,9.60933,9.60933,7455617
1993-03-09,9.60933,9.60933,9.51696,9.55488,9.55488,6506449
1993-03-10,9.57141,9.57141,9.47902,9.51696,9.51696,4429017
1993-03-11,9.4975,9.51696,9.42262,9.44012,9.44012,4321039
1993-03-12,9.40316,9.40316,9.2356,9.32926,9.32926,8588416
1993-03-15,9.36524,9.42262,9.36524,9.42262,9.42262,4078572
1993-03-16,9.40316,9.59086,9.38663,9.5325,9.5325,5025157
1993-03-17,9.51696,9.60933,9.4975,9.55488,9.55488,5031622
1993-03-18,9.57141,9.7027,9.55488,9.66477,9.66477,7079966
1993-03-19,9.66477,9.66477,9.57141,9.62879,9.62879,17162609
1993-03-22,9.60933,9.72118,9.60933,9.66477,9.66477,8956959
1993-03-23,9.66477,9.66477,9.59086,9.62879,9.62879,629761
1993-03-24,9.59086,9.75715,9.59086,9.68519,9.68519,6708182
1993-03-25,9.66477,9.79509,9.64338,9.77661,9.77661,6687495
1993-03-26,9.75715,9.77661,9.72118,9.72118,9.72118,5741558
1993-03-29,9.72118,9.86997,9.68519,9.86997,9.86997,6528437
1993-03-30,9.81453,9.9381,9.79509,9.90308,9.90308,6828448
1993-03-31,9.88943,9.9186,9.81453,9.85052,9.85052,9377882
1993-04-01,9.85052,9.85052,9.72118,9.75715,9.75715,6519387
1993-04-02,9.72118,9.9381,9.68519,9.85052,9.85052,8856102
1993-04-05,9.86997,10.0313,9.86997,9.97698,9.97698,8272244
1993-04-06,9.9381,10.1247,9.9186,10.0674,10.0674,7502819
1993-04-07,10.0674,10.1656,10.0489,10.1656,10.1656,8998343
1993-04-08,10.1082,10.1802,10.0674,10.1247,10.1247,8056933
1993-04-12,10.1424,10.257,10.1424,10.2366,10.2366,7092252
1993-04-13,10.2366,10.2366,10.0489,10.1987,10.1987,6858187
1993-04-14,10.1802,10.257,10.1424,10.22,10.22,5095637
1993-04-15,10.22,10.22,10.0908,10.1247,10.1247,5993724
1993-04-16,10.1247,10.2716,10.1082,10.2716,10.2716,12370856
1993-04-19,10.2366,10.257,10.0674,10.1082,10.1082,7319194
1993-04-20,10.0313,10.0908,9.90308,9.9186,9.9186,7198931
1993-04-21,9.9186,9.99444,9.83401,9.86997,9.86997,7072204
1993-04-22,9.86997,9.97698,9.75715,9.81453,9.81453,8477203
1993-04-23,9.7027,9.75715,9.57141,9.57141,9.57141,10376833
1993-04-26,9.5325,9.62879,9.51696,9.59086,9.59086,12340473
1993-04-27,9.62879,9.77661,9.60933,9.74063,9.74063,8087320
1993-04-28,9.68519,9.86997,9.66477,9.79509,9.79509,6705600
1993-04-29,9.79509,9.85052,9.66477,9.83401,9.83401,5105983
1993-04-30,9.88943,9.97698,9.83401,9.83401,9.83401,6930607
1993-05-03,9.88943,9.88943,9.68519,9.86997,9.86997,7044402
1993-05-04,9.85052,9.90308,9.75715,9.75715,9.75715,7494417
1993-05-05,9.72118,9.75715,9.66477,9.66477,9.66477,7459500
1993-05-06,9.68519,9.77661,9.68519,9.74063,9.74063,9322924
1993-05-07,9.66477,9.7027,9.55488,9.55488,9.55488,3989993
1993-05-10,9.57141,9.60933,9.47902,9.47902,9.47902,5755137
1993-05-11,9.4975,9.51696,9.44012,9.4975,9.4975,6488998
1993-05-12,9.4975,9.62879,9.47902,9.55488,9.55488,7248721
1993-05-13,9.55488,9.62879,9.42262,9.46054,9.46054,9447713
1993-05-14,9.51696,9.5325,9.46054,9.4975,9.4975,5673670
1993-05-17,9.4975,9.59086,9.44012,9.59086,9.59086,4839592
1993-05-18,9.60933,9.60933,9.46054,9.57141,9.57141,6023470
1993-05-19,9.5325,9.62879,9.4975,9.62879,9.62879,7413596
1993-05-20,9.62879,9.74063,9.55488,9.72118,9.72118,7231910
1993-05-21,9.7027,9.79509,9.60933,9.64338,9.64338,13186186
1993-05-24,9.66477,9.7027,9.62879,9.68519,9.68519,5898027
1993-05-25,9.68519,9.74063,9.60933,9.68519,9.68519,5001883
1993-05-26,9.68519,9.68519,9.5325,9.62879,9.62879,7598513
1993-05-27,9.66477,9.77661,9.62879,9.66477,9.66477,7156908
1993-05-28,9.59086,9.75715,9.55488,9.75715,9.75715,6949356
1993-06-01,9.74063,9.79509,9.7027,9.7027,9.7027,5634227
1993-06-02,9.68519,9.7027,9.62879,9.66477,9.66477,5057487
1993-06-03,9.60933,9.68519,9.59086,9.68519,9.68519,4389579
1993-06-04,9.60933,9.72118,9.60933,9.72118,9.72118,10985263
1993-06-07,9.72118,9.75715,9.68519,9.74063,9.74063,6556239
1993-06-08,9.74063,9.9186,9.74063,9.86997,9.86997,10232642
1993-06-09,9.88943,10.0313,9.88943,10.0313,10.0313,8541215
1993-06-10,9.97698,10.0139,9.90308,9.97698,9.97698,7666403
1993-06-11,9.95655,9.95655,9.66477,9.72118,9.72118,8536695
1993-06-14,9.72118,9.77661,9.64338,9.75715,9.75715,6798704
1993-06-15,9.74063,9.77661,9.64338,9.64338,9.64338,8521169
1993-06-16,9.66477,9.90308,9.64338,9.86997,9.86997,7600454
1993-06-17,9.90308,9.99444,9.86997,9.99444,9.99444,7305618
1993-06-18,9.95655,9.95655,9.79509,9.79509,9.79509,18625799
1993-06-21,9.83401,9.85052,9.72118,9.75715,9.75715,8453924
1993-06-22,9.75715,9.85052,9.74063,9.85052,9.85052,4769115
1993-06-23,9.79509,9.79509,9.68519,9.72118,9.72118,8746822
1993-06-24,9.7027,9.81453,9.7027,9.75715,9.75715,6617017
1993-06-25,9.75715,9.81453,9.7027,9.74063,9.74063,4199484
1993-06-28,9.75715,9.86997,9.74063,9.85052,9.85052,4601008
1993-06-29,9.85052,9.85052,9.72118,9.72118,9.72118,4167804
1993-06-30,9.74063,9.85052,9.66477,9.85052,9.85052,6166358
1993-07-01,9.85052,9.86997,9.7027,9.7027,9.7027,7300440
1993-07-02,9.66477,9.7027,9.59086,9.62879,9.62879,5888330
1993-07-06,9.62879,9.66477,9.51696,9.5325,9.5325,5581212
1993-07-07,9.55488,9.60933,9.5325,9.57141,9.57141,5857296
1993-07-08,9.59086,9.60933,9.55488,9.59086,9.59086,6238126
1993-07-09,9.57141,9.57141,9.4975,9.51696,9.51696,5446076
1993-07-12,9.57141,9.62879,9.57141,9.60933,9.60933,3969307
1993-07-13,9.55488,9.64338,9.55488,9.64338,9.64338,5457713
1993-07-14,9.64338,9.68519,9.60933,9.62879,9.62879,5382716
1993-07-15,9.64338,9.64338,9.5325,9.57141,9.57141,6923492
1993-07-16,9.59086,9.62879,9.44012,9.46054,9.46054,11838730
1993-07-19,9.47902,9.64338,9.46054,9.64338,9.64338,5575389
1993-07-20,9.64338,9.64338,9.47902,9.55488,9.55488,7217684
1993-07-21,9.5325,9.64338,9.51696,9.55488,9.55488,5191974
1993-07-22,9.55488,9.57141,9.47902,9.55488,9.55488,3965418
1993-07-23,9.55488,9.72118,9.55488,9.7027,9.7027,8151979
1993-07-26,9.7027,9.77661,9.7027,9.77661,9.77661,4805323
1993-07-27,9.83401,9.9186,9.77661,9.9186,9.9186,5885098
1993-07-28,9.86997,9.9381,9.86997,9.90308,9.90308,7743995
1993-07-29,9.9186,9.9381,9.83401,9.85052,9.85052,5625177
1993-07-30,9.86997,9.86997,9.72118,9.77661,9.77661,5249517
1993-08-02,9.79509,9.85052,9.77661,9.83401,9.83401,5171276
1993-08-03,9.83401,9.85052,9.68519,9.7027,9.7027,4942393
1993-08-04,9.74063,9.74063,9.60933,9.60933,9.60933,4094743
1993-08-05,9.62879,9.66477,9.4975,9.5325,9.5325,6704953
1993-08-06,9.57141,9.66477,9.55488,9.64338,9.64338,6202561
1993-08-09,9.55488,9.66477,9.51696,9.62879,9.62879,5704060
1993-08-10,9.66477,9.66477,9.60933,9.66477,9.66477,4703809
1993-08-11,9.68519,9.7027,9.57141,9.59086,9.59086,4858343
1993-08-12,9.62879,9.64338,9.4975,9.62879,9.62879,7257126
1993-08-13,9.68519,9.72118,9.62879,9.66477,9.66477,5472587
1993-08-16,9.66477,9.7027,9.62879,9.64338,9.64338,4354661
1993-08-17,9.62879,9.62879,9.4975,9.4975,9.4975,6620897
1993-08-18,9.5325,9.57141,9.51696,9.55488,9.55488,7050222
1993-08-19,9.55488,9.64338,9.4975,9.60933,9.60933,6647406
1993-08-20,9.60933,9.68519,9.5325,9.64338,9.64338,11156602
1993-08-23,9.66477,9.75715,9.62879,9.62879,9.62879,6556239
1993-08-24,9.64338,9.72118,9.64338,9.7027,9.7027,6154071
1993-08-25,9.72118,9.90308,9.72118,9.81453,9.81453,9139941
1993-08-26,9.81453,9.9381,9.77661,9.86997,9.86997,8025253
1993-08-27,9.83401,9.86997,9.72118,9.74063,9.74063,5049083
1993-08-30,9.75715,9.79509,9.7027,9.7027,9.7027,3697101
1993-08-31,9.72118,9.75715,9.62879,9.74063,9.74063,5860527
1993-09-01,9.7027,9.79509,9.68519,9.7027,9.7027,781058
1993-09-02,9.72118,9.74063,9.59086,9.59086,9.59086,8314272
1993-09-03,9.60933,9.75715,9.59086,9.75715,9.75715,5488098
1993-09-07,9.74063,9.79509,9.66477,9.68519,9.68519,3926630
1993-09-08,9.68519,9.77661,9.66477,9.75715,9.75715,8607815
1993-09-09,9.74063,9.79509,9.64338,9.66477,9.66477,6779956
1993-09-10,9.66477,9.77661,9.62879,9.77661,9.77661,5202324
1993-09-13,9.75715,9.79509,9.68519,9.74063,9.74063,5376892
1993-09-14,9.72118,9.81453,9.7027,9.75715,9.75715,5155120
1993-09-15,9.72118,9.90308,9.68519,9.85052,9.85052,7650238
1993-09-16,9.81453,9.83401,9.7027,9.75715,9.75715,5777118
1993-09-17,9.64338,9.7027,9.64338,9.68519,9.68519,25277082
1993-09-20,9.72118,9.75715,9.57141,9.64338,9.64338,4529877
1993-09-21,9.68519,9.77661,9.66477,9.7027,9.7027,5757078
1993-09-22,9.74063,9.74063,9.62879,9.66477,9.66477,5600607
1993-09-23,9.66477,9.7027,9.60933,9.60933,9.60933,4365654
1993-09-24,9.62879,9.77661,9.59086,9.75715,9.75715,6160542
1993-09-27,9.75715,9.85052,9.74063,9.75715,9.75715,5232061
1993-09-28,9.75715,9.79509,9.7027,9.77661,9.77661,4662430
1993-09-29,9.79509,9.9381,9.75715,9.9186,9.9186,8548333
1993-09-30,9.90308,9.90308,9.72118,9.75715,9.75715,10401401
1993-10-01,9.75715,9.88943,9.7027,9.86997,9.86997,10176397
1993-10-04,9.85052,9.86997,9.75715,9.77661,9.77661,5850828
1993-10-05,9.79509,9.83401,9.74063,9.79509,9.79509,6591800
1993-10-06,9.79509,9.83401,9.72118,9.75715,9.75715,6918321
1993-10-07,9.75715,9.81453,9.72118,9.75715,9.75715,4331382
1993-10-08,9.77661,9.79509,9.62879,9.74063,9.74063,5232706
1993-10-11,9.75715,9.77661,9.66477,9.68519,9.68519,2998806
1993-10-12,9.72118,9.75715,9.7027,9.7027,9.7027,3254840
1993-10-13,9.66477,9.68519,9.60933,9.60933,9.60933,4299704
1993-10-14,9.62879,9.66477,9.5325,9.64338,9.64338,7405834
1993-10-15,9.68519,9.75715,9.59086,9.72118,9.72118,10032859
1993-10-18,9.68519,9.74063,9.64338,9.64338,9.64338,6604734
1993-10-19,9.60933,9.7027,9.57141,9.66477,9.66477,7684504
1993-10-20,9.66477,9.68519,9.62879,9.68519,9.68519,3787610
1993-10-21,9.66477,9.68519,9.62879,9.62879,9.62879,4419972
1993-10-22,9.64338,9.72118,9.59086,9.62879,9.62879,7940552
1993-10-25,9.62879,9.77661,9.59086,9.77661,9.77661,5786819
1993-10-26,9.74063,9.81453,9.74063,9.79509,9.79509,4961789
1993-10-27,9.79509,9.81453,9.75715,9.77661,9.77661,3738475
1993-10-28,9.81453,9.88943,9.79509,9.81453,9.81453,7286863
1993-10-29,9.79509,9.81453,9.72118,9.74063,9.74063,5040022
1993-11-01,9.7027,9.75715,9.64338,9.7027,9.7027,4159394
1993-11-02,9.7027,9.7027,9.62879,9.68519,9.68519,6465073
1993-11-03,9.7027,9.7027,9.5325,9.62879,9.62879,7429115
1993-11-04,9.62879,9.72118,9.62879,9.62879,9.62879,8349183
1993-11-05,9.55488,9.64338,9.51696,9.57141,9.57141,7050868
1993-11-08,9.60933,9.60933,9.5325,9.5325,9.5325,3679640
1993-11-09,9.59086,9.59086,9.47902,9.51696,9.51696,5085931
1993-11-10,9.51696,9.60933,9.51696,9.57141,9.57141,4138061
1993-11-11,9.57141,9.59086,9.44012,9.4975,9.4975,4995416
1993-11-12,9.47902,9.5325,9.44012,9.44012,9.44012,6648054
1993-11-15,9.47902,9.47902,9.30981,9.34578,9.34578,7008838
1993-11-16,9.38663,9.38663,9.2923,9.34578,9.34578,7003666
1993-11-17,9.32926,9.55488,9.27188,9.4975,9.4975,9992129
1993-11-18,9.47902,9.60933,9.36524,9.60933,9.60933,7654123
1993-11-19,9.57141,9.57141,9.51696,9.57141,9.57141,11611784
1993-11-22,9.5325,9.57141,9.46054,9.57141,9.57141,5548875
1993-11-23,9.57141,9.59086,9.4975,9.51696,9.51696,4525355
1993-11-24,9.55488,9.57141,9.36524,9.42262,9.42262,5228179
1993-11-26,9.08379,9.21829,9.08379,9.19719,9.19719,6717236
1993-11-29,9.12357,9.2923,9.08379,9.21829,9.21829,11315661
1993-11-30,9.2356,9.42262,9.21829,9.34578,9.34578,9947514
1993-12-01,9.36524,9.38663,9.2356,9.2356,9.2356,8420305
1993-12-02,9.2923,9.36524,9.27188,9.27188,9.27188,6001480
1993-12-03,9.30981,9.38663,9.27188,9.32926,9.32926,5548236
1993-12-06,9.2923,9.34578,9.15965,9.34578,9.34578,5501036
1993-12-07,9.32926,9.40316,9.30981,9.32926,9.32926,6223899
1993-12-08,9.30981,9.30981,9.19719,9.27188,9.27188,6490286
1993-12-09,9.36524,9.36524,9.27188,9.27188,9.27188,6935782
1993-12-10,9.2923,9.40316,9.27188,9.36524,9.36524,8442934
1993-12-13,9.36524,9.40316,9.34578,9.36524,9.36524,5432497
1993-12-14,9.40316,9.47902,9.36524,9.38663,9.38663,7024357
1993-12-15,9.46054,9.51696,9.40316,9.40316,9.40316,8477203
1993-12-16,9.44012,9.4975,9.40316,9.46054,9.46054,6686848
1993-12-17,9.46054,9.5325,9.44012,9.5325,9.5325,14707574
1993-12-20,9.4975,9.5325,9.46054,9.4975,9.4975,5651039
1993-12-21,9.51696,9.55488,9.40316,9.40316,9.40316,6197391
1993-12-22,9.42262,9.44012,9.32926,9.38663,9.38663,9546632
1993-12-23,9.38663,9.47902,9.38663,9.38663,9.38663,6573047
1993-12-27,9.4975,9.57141,9.47902,9.57141,9.57141,6327348
1993-12-28,9.57141,9.57141,9.4975,9.5325,9.5325,4652083
1993-12-29,9.40316,9.47902,9.34578,9.47902,9.47902,6196740
1993-12-30,9.47902,9.55488,9.44012,9.47902,9.47902,5076228
1993-12-31,9.46054,9.55488,9.38663,9.40316,9.40316,5172577
1994-01-03,9.42262,9.5325,9.40316,9.4975,9.4975,10513912
1994-01-04,9.47902,9.59086,9.47902,9.57141,9.57141,7575883
1994-01-05,9.59086,9.64338,9.57141,9.62879,9.62879,10844950
1994-01-06,9.66477,9.66477,9.57141,9.57141,9.57141,8526351
1994-01-07,9.59086,9.59086,9.46054,9.4975,9.4975,6829096
1994-01-10,9.4975,9.62879,9.47902,9.62879,9.62879,7217684
1994-01-11,9.60933,9.66477,9.57141,9.60933,9.60933,8894888
1994-01-12,9.64338,9.66477,9.62879,9.66477,9.66477,6851083
1994-01-13,9.68519,9.81453,9.68519,9.77661,9.77661,12727766
1994-01-14,9.75715,9.79509,9.60933,9.64338,9.64338,10810039
1994-01-17,9.62879,9.72118,9.62879,9.68519,9.68519,4845412
1994-01-18,9.72118,9.75715,9.66477,9.66477,9.66477,6329293
1994-01-19,9.7027,9.75715,9.7027,9.75715,9.75715,5619353
1994-01-20,9.75715,9.88943,9.75715,9.88943,9.88943,7326308
1994-01-21,9.81453,9.88943,9.81453,9.85052,9.85052,12566127
1994-01-24,9.83401,9.88943,9.79509,9.85052,9.85052,5764192
1994-01-25,9.83401,9.9186,9.81453,9.86997,9.86997,7443982
1994-01-26,9.88943,9.9381,9.81453,9.85052,9.85052,7094189
1994-01-27,9.86997,9.88943,9.77661,9.77661,9.77661,7398076
1994-01-28,9.85052,9.85052,9.75715,9.79509,9.79509,7186648
1994-01-31,9.81453,9.90308,9.77661,9.90308,9.90308,6534255
1994-02-01,9.90308,9.90308,9.81453,9.86997,9.86997,6967459
1994-02-02,9.90308,10.0139,9.90308,9.99444,9.99444,7705199
1994-02-03,10.0139,10.0313,9.9186,9.97698,9.97698,10254635
1994-02-04,9.85052,9.88943,9.75715,9.75715,9.75715,6342870
1994-02-07,9.74063,9.88943,9.7027,9.74063,9.74063,6979100
1994-02-08,9.77661,9.77661,9.7027,9.74063,9.74063,4461991
1994-02-09,9.7027,9.85052,9.7027,9.83401,9.83401,6267219
1994-02-10,9.81453,9.85052,9.79509,9.81453,9.81453,6557537
1994-02-11,9.81453,9.9186,9.81453,9.90308,9.90308,5161584
1994-02-14,9.86997,9.9381,9.83401,9.86997,9.86997,6141138
1994-02-15,9.88943,9.95655,9.86997,9.9186,9.9186,7402599
1994-02-16,9.9381,9.99444,9.9186,9.9381,9.9381,6117861
1994-02-17,9.95655,10.0139,9.88943,9.9381,9.9381,7533856
1994-02-18,9.9381,9.97698,9.85052,9.85052,9.85052,9531114
1994-02-22,9.88943,9.9186,9.86997,9.9186,9.9186,4484620
1994-02-23,9.90308,9.9381,9.86997,9.90308,9.90308,5003823
1994-02-24,9.86997,9.88943,9.72118,9.72118,9.72118,6234893
1994-02-25,9.74063,9.75715,9.7027,9.75715,9.75715,7866842
1994-02-28,9.74063,9.77661,9.66477,9.66477,9.66477,6112688
1994-03-01,9.62879,9.66477,9.59086,9.66477,9.66477,6668744
1994-03-02,9.62879,9.83401,9.60933,9.81453,9.81453,9225932
1994-03-03,9.83401,9.88943,9.79509,9.85052,9.85052,7834514
1994-03-04,9.83401,9.83401,9.7027,9.72118,9.72118,4434189
1994-03-07,9.7027,9.74063,9.66477,9.72118,9.72118,5079468
1994-03-08,9.74063,9.79509,9.72118,9.74063,9.74063,5362023
1994-03-09,9.74063,9.77661,9.7027,9.75715,9.75715,5156409
1994-03-10,9.75715,9.75715,9.62879,9.66477,9.66477,5242408
1994-03-11,9.64338,9.72118,9.59086,9.72118,9.72118,7603683
1994-03-14,9.7027,9.72118,9.66477,9.72118,9.72118,3900121
1994-03-15,9.68519,9.7027,9.62879,9.64338,9.64338,6168939
1994-03-16,9.62879,9.72118,9.57141,9.66477,9.66477,7431053
1994-03-17,9.68519,9.79509,9.64338,9.77661,9.77661,9391459
1994-03-18,9.77661,9.83401,9.74063,9.81453,9.81453,24605945
1994-03-21,9.79509,9.81453,9.74063,9.75715,9.75715,5124727
1994-03-22,9.75715,9.85052,9.74063,9.77661,9.77661,4833769
1994-03-23,9.77661,9.79509,9.74063,9.74063,9.74063,3991930
1994-03-24,9.75715,9.83401,9.7027,9.75715,9.75715,7787964
1994-03-25,9.72118,9.83401,9.7027,9.75715,9.75715,5831428
1994-03-28,9.7027,9.74063,9.62879,9.68519,9.68519,6952591
1994-03-29,9.64338,9.74063,9.59086,9.68519,9.68519,6682969
1994-03-30,9.60933,9.68519,9.46054,9.46054,9.46054,9487792
1994-03-31,9.47902,9.4975,9.15965,9.36524,9.36524,12522153
1994-04-04,9.17988,9.25437,8.99229,9.08379,9.08379,15830020
1994-04-05,9.15965,9.15965,9.04771,9.10558,9.10558,19481861
1994-04-06,9.10558,9.15965,9.04771,9.10558,9.10558,13036179
1994-04-07,9.10558,9.15965,9.03147,9.12357,9.12357,9974018
1994-04-08,9.12357,9.19719,9.04771,9.08379,9.08379,12500825
1994-04-11,9.08379,9.17988,9.04771,9.17988,9.17988,6279504
1994-04-12,9.17988,9.21829,9.15965,9.17988,9.17988,5924538
1994-04-13,9.19719,9.19719,9.0695,9.19719,9.19719,5585735
1994-04-14,9.19719,9.36524,9.17988,9.36524,9.36524,9592545
1994-04-15,9.30981,9.44012,9.27188,9.38663,9.38663,11825156
1994-04-18,9.38663,9.46054,9.19719,9.27188,9.27188,7239666
1994-04-19,9.30981,9.44012,9.2923,9.40316,9.40316,6471535
1994-04-20,9.34578,9.40316,9.30981,9.38663,9.38663,7518339
1994-04-21,9.40316,9.44012,9.30981,9.30981,9.30981,5636820
1994-04-22,9.32926,9.42262,9.25437,9.40316,9.40316,7977405
1994-04-25,9.34578,9.47902,9.30981,9.47902,9.47902,6609900
1994-04-26,9.44012,9.46054,9.34578,9.36524,9.36524,5953634
1994-04-28,9.38663,9.38663,9.19719,9.21829,9.21829,7833866
1994-04-29,9.19719,9.38663,9.19719,9.36524,9.36524,8640783
1994-05-02,9.36524,9.36524,9.15965,9.15965,9.15965,6352570
1994-05-03,9.17988,9.19719,9.04771,9.12357,9.12357,7767273
1994-05-04,9.10558,9.10558,9.03147,9.03147,9.03147,6419168
1994-05-05,9.04771,9.08379,8.99229,9.04771,9.04771,9408269
1994-05-06,9.08379,9.34578,9.08379,9.34578,9.34578,13579953
1994-05-09,9.19719,9.2923,9.10558,9.14429,9.14429,4776228
1994-05-10,9.15965,9.2923,9.12357,9.25437,9.25437,6488998
1994-05-11,9.25437,9.27188,9.0695,9.14429,9.14429,4316514
1994-05-12,9.14429,9.25437,9.10558,9.2356,9.2356,5572159
1994-05-13,9.2356,9.30981,9.14429,9.2356,9.2356,5197143
1994-05-16,9.2356,9.2356,9.14429,9.15965,9.15965,4707691
1994-05-17,9.17988,9.2356,9.12357,9.21829,9.21829,5271500
1994-05-18,9.2356,9.2356,9.15965,9.19719,9.19719,5671083
1994-05-19,9.17988,9.32926,9.17988,9.27188,9.27188,5432497
1994-05-20,9.27188,9.2923,9.17988,9.25437,9.25437,15563638
1994-05-23,9.19719,9.21829,9.10558,9.19719,9.19719,8278709
1994-05-24,9.19719,9.19719,9.14429,9.14429,9.14429,4724505
1994-05-25,9.14429,9.17988,9.10558,9.15965,9.15965,5863115
1994-05-26,9.17988,9.19719,9.12357,9.14429,9.14429,4376000
1994-05-27,9.12357,9.15965,9.10558,9.12357,9.12357,3269065
1994-05-31,9.10558,9.14429,9.08379,9.10558,9.10558,4273843
1994-06-01,9.08379,9.08379,8.99229,9.04771,9.04771,5738329
1994-06-02,9.04771,9.0695,9.01192,9.0695,9.0695,6799999
1994-06-03,9.04771,9.15965,9.01192,9.14429,9.14429,6479299
1994-06-06,9.19719,9.21829,9.08379,9.10558,9.10558,6073900
1994-06-07,9.04771,9.19719,9.04771,9.17988,9.17988,6304725
1994-06-08,9.17988,9.17988,9.12357,9.14429,9.14429,5565048
1994-06-09,9.19719,9.2356,9.15965,9.19719,9.19719,7023066
1994-06-10,9.19719,9.2923,9.17988,9.25437,9.25437,4412852
1994-06-13,9.25437,9.27188,8.77376,8.87967,8.87967,22712778
1994-06-14,8.87967,8.93607,8.75636,8.77376,8.77376,32015657
1994-06-15,8.73865,8.75636,8.49027,8.49027,8.49027,27979760
1994-06-16,8.5319,8.77376,8.5141,8.77376,8.77376,27504522
1994-06-17,8.77376,8.81247,8.68147,8.75636,8.75636,32278812
1994-06-20,8.71871,8.75636,8.68147,8.73865,8.73865,7135570
1994-06-21,8.7014,8.71871,8.5885,8.64441,8.64441,11426865
1994-06-22,8.64441,8.73865,8.62458,8.68147,8.68147,8183011
1994-06-23,8.71871,8.75636,8.66172,8.66172,8.66172,7144626
1994-06-24,8.7014,8.7014,8.5319,8.5319,8.5319,6858836
1994-06-27,8.5141,8.5319,8.49027,8.5141,8.5141,6386197
1994-06-28,8.5141,8.56905,8.35821,8.43289,8.43289,11230955
1994-06-29,8.45225,8.49027,8.39361,8.41335,8.41335,8204349
1994-06-30,8.41335,8.46994,8.39361,8.45225,8.45225,8806960
1994-07-01,8.5141,8.5141,8.43289,8.5141,8.5141,6179286
1994-07-05,8.46994,8.55037,8.45225,8.46994,8.46994,5288314
1994-07-06,8.45225,8.49027,8.43289,8.45225,8.45225,4445835
1994-07-07,8.45225,8.55037,8.41335,8.55037,8.55037,5772594
1994-07-08,8.5141,8.66172,8.5141,8.62458,8.62458,8146160
1994-07-11,8.64441,8.71871,8.5885,8.71871,8.71871,5517847
1994-07-12,8.71871,8.71871,8.64441,8.7014,8.7014,6628656
1994-07-13,8.73865,8.75636,8.62458,8.66172,8.66172,4719975
1994-07-14,8.71871,8.71871,8.5885,8.62458,8.62458,5507493
1994-07-15,8.60707,8.64441,8.5319,8.64441,8.64441,13032949
1994-07-18,8.64441,8.68147,8.60707,8.68147,8.68147,7160784
1994-07-19,8.68147,8.71871,8.62458,8.71871,8.71871,6201267
1994-07-20,8.68147,8.73865,8.68147,8.71871,8.71871,5171276
1994-07-21,8.73865,8.73865,8.68147,8.7014,8.7014,4608122
1994-07-22,8.7014,8.73865,8.5885,8.62458,8.62458,6599560
1994-07-25,8.5885,8.7014,8.5319,8.68147,8.68147,6070665
1994-07-26,8.68147,8.71871,8.64441,8.68147,8.68147,6037038
1994-07-27,8.68147,8.75636,8.66172,8.71871,8.71871,5243049
1994-07-28,8.7014,8.81247,8.7014,8.79311,8.79311,4467809
1994-07-29,8.79311,8.91935,8.77376,8.86323,8.86323,5406632
1994-08-01,8.86323,8.95484,8.82988,8.95484,8.95484,6432096
1994-08-02,8.95484,8.97351,8.82988,8.82988,8.82988,4509837
1994-08-03,8.82988,8.84933,8.79311,8.82988,8.82988,3936978
1994-08-04,8.81247,8.91935,8.81247,8.84933,8.84933,4513720
1994-08-05,8.81247,8.87967,8.75636,8.81247,8.81247,5851476
1994-08-08,8.82988,8.91935,8.79311,8.91935,8.91935,6116573
1994-08-09,8.79311,8.81247,8.7014,8.73865,8.73865,6629304
1994-08-10,8.75636,8.84933,8.7014,8.79311,8.79311,4557689
1994-08-11,8.73865,8.77376,8.64441,8.66172,8.66172,5111796
1994-08-12,9.01192,9.0695,8.91935,8.97351,8.97351,16841261
1994-08-15,8.99229,8.99229,8.8997,8.91935,8.91935,8280004
1994-08-16,8.91935,8.95484,8.82988,8.84933,8.84933,5898027
1994-08-17,8.87967,8.91935,8.84933,8.87967,8.87967,8085386
1994-08-18,8.86323,8.95484,8.81247,8.84933,8.84933,7332773
1994-08-19,8.84933,8.91935,8.79311,8.86323,8.86323,11076427
1994-08-22,8.86323,8.8997,8.82988,8.82988,8.82988,3544506
1994-08-23,8.81247,8.82988,8.77376,8.79311,8.79311,4720618
1994-08-24,8.79311,8.93607,8.77376,8.91935,8.91935,6956469
1994-08-25,8.87967,8.91935,8.79311,8.81247,8.81247,4876443
1994-08-26,8.84933,8.91935,8.79311,8.8997,8.8997,6095881
1994-08-29,8.95484,8.99229,8.87967,8.8997,8.8997,5918070
1994-08-30,8.8997,8.93607,8.84933,8.87967,8.87967,4599705
1994-08-31,8.84933,8.87967,8.79311,8.86323,8.86323,7575883
1994-09-01,8.86323,8.8997,8.79311,8.86323,8.86323,6771547
1994-09-02,8.8997,8.91935,8.82988,8.86323,8.86323,4134823
1994-09-06,8.84933,8.91935,8.82988,8.87967,8.87967,4667603
1994-09-07,8.87967,8.97351,8.86323,8.93607,8.93607,6852370
1994-09-08,8.97351,9.01192,8.8997,8.93607,8.93607,7974822
1994-09-09,8.84933,8.93607,8.81247,8.84933,8.84933,7812528
1994-09-12,8.84933,8.84933,8.77376,8.77376,8.77376,4095387
1994-09-13,8.81247,8.82988,8.73865,8.79311,8.79311,6744393
1994-09-14,8.77376,8.86323,8.73865,8.75636,8.75636,4423198
1994-09-15,8.75636,8.86323,8.66172,8.86323,8.86323,9370126
1994-09-16,8.77376,8.97351,8.7014,8.97351,8.97351,21378904
1994-09-19,8.93607,9.03147,8.86323,8.86323,8.86323,17247958
1994-09-20,8.86323,8.86323,8.71871,8.73865,8.73865,10078119
1994-09-21,8.71871,8.73865,8.60707,8.68147,8.68147,9037139
1994-09-22,8.7014,8.7014,8.60707,8.62458,8.62458,7033412
1994-09-23,8.64441,8.66172,8.5885,8.62458,8.62458,7428467
1994-09-26,8.64441,8.66172,8.62458,8.66172,8.66172,5623883
1994-09-27,8.66172,8.66172,8.55037,8.56905,8.56905,7547432
1994-09-28,8.5885,8.64441,8.56905,8.64441,8.64441,6426929
1994-09-29,8.62458,8.64441,8.5885,8.62458,8.62458,5100807
1994-09-30,8.62458,8.62458,8.56905,8.56905,8.56905,4945625
1994-10-03,8.5885,8.60707,8.49027,8.60707,8.60707,8424833
1994-10-04,8.5885,8.5885,8.45225,8.46994,8.46994,7721369
1994-10-05,8.43289,8.49027,8.37727,8.46994,8.46994,7259060
1994-10-06,8.43289,8.5319,8.39361,8.5141,8.5141,6263985
1994-10-07,8.49027,8.81247,8.49027,8.73865,8.73865,12417420
1994-10-10,8.73865,8.79311,8.7014,8.73865,8.73865,5758369
1994-10-11,8.73865,8.82988,8.71871,8.79311,8.79311,5598023
1994-10-12,8.79311,8.81247,8.73865,8.73865,8.73865,3790854
1994-10-13,8.81247,8.8997,8.79311,8.87967,8.87967,7803478
1994-10-14,8.87967,8.93607,8.84933,8.93607,8.93607,5638104
1994-10-17,8.93607,8.99229,8.8997,8.91935,8.91935,9002871
1994-10-18,8.91935,8.91935,8.87967,8.8997,8.8997,6388773
1994-10-19,8.86323,8.8997,8.84933,8.86323,8.86323,7246778
1994-10-20,8.86323,8.93607,8.81247,8.91935,8.91935,11455962
1994-10-21,8.8997,8.91935,8.86323,8.91935,8.91935,12331422
1994-10-24,8.91935,9.03147,8.81247,8.86323,8.86323,6906044
1994-10-25,8.84933,9.12357,8.82988,8.99229,8.99229,11960288
1994-10-26,9.01192,9.14429,8.97351,9.12357,9.12357,13161613
1994-10-27,9.10558,9.25437,9.10558,9.25437,9.25437,9657196
1994-10-28,9.2356,9.38663,9.2356,9.32926,9.32926,11202505
1994-10-31,9.36524,9.42262,9.34578,9.36524,9.36524,6273690
1994-11-01,9.27188,9.2923,9.14429,9.19719,9.19719,8097017
1994-11-02,9.19719,9.2923,9.17988,9.2356,9.2356,6609900
1994-11-03,9.2356,9.32926,9.2356,9.32926,9.32926,6279504
1994-11-04,9.30981,9.34578,9.14429,9.15965,9.15965,6116573
1994-11-07,9.08379,9.12357,9.04771,9.10558,9.10558,7525452
1994-11-08,9.10558,9.10558,9.01192,9.04771,9.04771,6849786
1994-11-09,9.08379,9.10558,8.91935,8.97351,8.97351,7889470
1994-11-10,8.99229,9.01192,8.84933,8.86323,8.86323,7236438
1994-11-11,8.86323,8.87967,8.82988,8.84933,8.84933,3560026
1994-11-14,8.87967,8.91935,8.86323,8.8997,8.8997,4032673
1994-11-15,8.91935,8.99229,8.81247,8.91935,8.91935,7015306
1994-11-16,8.97351,9.03147,8.95484,9.03147,9.03147,6009238
1994-11-17,9.04771,9.12357,9.01192,9.0695,9.0695,10021865
1994-11-18,9.04771,9.08379,9.01192,9.03147,9.03147,15330224
1994-11-21,9.0695,9.12357,8.97351,8.99229,8.99229,6815519
1994-11-22,8.97351,9.17988,8.93607,9.01192,9.01192,8988646
1994-11-23,8.95484,9.01192,8.8997,9.01192,9.01192,9910015
1994-11-25,9.01192,9.0695,9.01192,9.04771,9.04771,2928319
1994-11-28,9.04771,9.08379,8.97351,9.04771,9.04771,5053607
1994-11-29,9.01192,9.04771,8.97351,9.01192,9.01192,5480345
1994-11-30,9.08379,9.08379,8.93607,8.99229,8.99229,5737682
1994-12-01,8.95484,8.95484,8.81247,8.84933,8.84933,5364607
1994-12-02,8.86323,9.01192,8.84933,8.99229,8.99229,6227134
1994-12-05,8.99229,9.01192,8.86323,8.8997,8.8997,6087475
1994-12-06,8.86323,8.97351,8.86323,8.95484,8.95484,10133725
1994-12-07,8.91935,9.04771,8.91935,9.04771,9.04771,8232802
1994-12-08,9.03147,9.17988,9.03147,9.0695,9.0695,7628904
1994-12-09,9.10558,9.17988,9.03147,9.17988,9.17988,7192465
1994-12-12,9.14429,9.2356,9.14429,9.2356,9.2356,7800894
1994-12-13,9.2356,9.2356,9.08379,9.08379,9.08379,6251059
1994-12-14,9.0695,9.10558,9.04771,9.08379,9.08379,6971340
1994-12-15,9.08379,9.14429,9.01192,9.03147,9.03147,7522223
1994-12-16,9.10558,9.19719,9.0695,9.19719,9.19719,29314928
1994-12-19,9.15965,9.19719,9.14429,9.15965,9.15965,6432743
1994-12-20,9.14429,9.17988,9.10558,9.12357,9.12357,5728629
1994-12-21,9.12357,9.19719,9.10558,9.15965,9.15965,7804771
1994-12-22,9.15965,9.21829,9.14429,9.17988,9.17988,6744393
1994-12-23,9.17988,9.21829,9.15965,9.15965,9.15965,4910713
1994-12-27,9.17988,9.25437,9.17988,9.19719,9.19719,4324269
1994-12-28,9.17988,9.19719,9.10558,9.19719,9.19719,3876848
1994-12-29,9.17988,9.19719,9.10558,9.14429,9.14429,3444286
1994-12-30,9.12357,9.17988,9.04771,9.04771,9.04771,4619110
1995-01-03,9.01192,9.08379,9.01192,9.03147,9.03147,8111239
1995-01-04,9.04771,9.08379,9.01192,9.0695,9.0695,6673267
1995-01-05,9.04771,9.14429,9.04771,9.08379,9.08379,6398477
1995-01-06,9.08379,9.12357,9.0695,9.08379,9.08379,4390870
1995-01-09,9.03147,9.0695,9.01192,9.01192,9.01192,4163924
1995-01-10,9.04771,9.12357,9.03147,9.04771,9.04771,6524555
1995-01-11,9.12357,9.12357,8.95484,8.99229,8.99229,5651687
1995-01-12,8.97351,8.99229,8.97351,8.99229,8.99229,4224707
1995-01-13,9.03147,9.0695,8.99229,9.0695,9.0695,4547988
1995-01-16,9.0695,9.08379,9.03147,9.04771,9.04771,4664370
1995-01-17,9.03147,9.15965,9.01192,9.14429,9.14429,7284927
1995-01-18,9.12357,9.27188,9.12357,9.25437,9.25437,6582748
1995-01-19,9.21829,9.2923,9.21829,9.25437,9.25437,5479053
1995-01-20,9.2356,9.40316,9.21829,9.34578,9.34578,15084526
1995-01-23,9.30981,9.5325,9.30981,9.4975,9.4975,9399216
1995-01-24,9.42262,9.44012,9.30981,9.30981,9.30981,7862315
1995-01-25,9.30981,9.40316,9.27188,9.34578,9.34578,7242896
1995-01-26,9.32926,9.44012,9.32926,9.40316,9.40316,5518490
1995-01-27,9.40316,9.44012,9.2923,9.30981,9.30981,5566982
1995-01-30,9.27188,9.30981,9.19719,9.30981,9.30981,5318700
1995-01-31,9.30981,9.36524,9.27188,9.30981,9.30981,7295913
1995-02-01,9.32926,9.32926,9.19719,9.25437,9.25437,6048034
1995-02-02,9.2356,9.25437,9.14429,9.19719,9.19719,6399773
1995-02-03,9.2356,9.36524,9.21829,9.34578,9.34578,7718133
1995-02-06,9.2356,9.2923,9.19719,9.25437,9.25437,5235938
1995-02-07,9.25437,9.2923,9.21829,9.27188,9.27188,6116573
1995-02-08,9.2923,9.36524,9.27188,9.30981,9.30981,4681829
1995-02-09,9.32926,9.32926,9.19719,9.19719,9.19719,8494659
1995-02-10,9.19719,9.25437,9.17988,9.21829,9.21829,6078425
1995-02-13,9.21829,9.32926,9.19719,9.30981,9.30981,4639155
1995-02-14,9.34578,9.36524,9.2923,9.36524,9.36524,5947166
1995-02-15,9.38663,9.4975,9.36524,9.44012,9.44012,8097666
1995-02-16,9.44012,9.55488,9.40316,9.5325,9.5325,10116266
1995-02-17,9.5325,9.5325,9.44012,9.44012,9.44012,18681403
1995-02-21,9.46054,9.59086,9.42262,9.5325,9.5325,12392846
1995-02-22,9.55488,9.57141,9.51696,9.55488,9.55488,7235789
1995-02-23,9.55488,9.55488,9.47902,9.4975,9.4975,9356543
1995-02-24,9.4975,9.4975,9.40316,9.44012,9.44012,7698084
1995-02-27,9.42262,9.51696,9.40316,9.47902,9.47902,5000588
1995-02-28,9.47902,9.5325,9.46054,9.51696,9.51696,7236438
1995-03-01,9.51696,9.55488,9.44012,9.47123,9.47123,5005761
1995-03-02,9.47902,9.4975,9.40316,9.44012,9.44012,5767421
1995-03-03,9.44012,9.44012,9.34578,9.42262,9.42262,6589219
1995-03-06,9.46054,9.57141,9.46054,9.5325,9.5325,8032362
1995-03-07,9.5325,9.60933,9.44012,9.5325,9.5325,8388624
1995-03-08,9.5325,9.66477,9.4975,9.64338,9.64338,11183109
1995-03-09,9.66477,9.66477,9.60933,9.60933,9.60933,6496110
1995-03-10,9.64338,9.72118,9.62879,9.68519,9.68519,7312725
1995-03-13,9.68519,9.68519,9.64338,9.66477,9.66477,4379235
1995-03-14,9.7027,9.74063,9.64338,9.64338,9.64338,8412547
1995-03-15,9.64338,9.66477,9.59086,9.60933,9.60933,7928914
1995-03-16,9.60933,9.72118,9.60933,9.72118,9.72118,8925283
1995-03-17,9.72118,9.74063,9.68519,9.72118,9.72118,18985296
1995-03-20,9.74063,9.77661,9.66477,9.7027,9.7027,6473475
1995-03-21,9.64338,9.7027,9.60933,9.60933,9.60933,5369780
1995-03-22,9.64338,9.79509,9.62879,9.77661,9.77661,10451839
1995-03-23,9.75715,9.79509,9.62879,9.75715,9.75715,6348686
1995-03-24,9.75715,9.83401,9.75715,9.81453,9.81453,6865946
1995-03-27,9.88943,9.9186,9.85052,9.88943,9.88943,5091753
1995-03-28,9.85052,9.86997,9.79509,9.83401,9.83401,5311591
1995-03-29,9.79509,9.90308,9.77661,9.88943,9.88943,8959545
1995-03-30,9.88943,9.88943,9.83401,9.85052,9.85052,6739219
1995-03-31,9.83401,9.97698,9.77661,9.9186,9.9186,10114973
1995-04-03,9.90308,9.9186,9.83401,9.86997,9.86997,8697035
1995-04-04,9.86997,10.0139,9.86997,10.0139,10.0139,11074490
1995-04-05,10.0139,10.1424,9.97698,10.1247,10.1247,13977597
1995-04-06,10.1247,10.1247,9.9186,9.9381,9.9381,8737128
1995-04-07,9.9381,9.95655,9.85052,9.95655,9.95655,6803874
1995-04-10,9.9186,9.95655,9.90308,9.95655,9.95655,5460946
1995-04-11,9.95655,9.99444,9.9186,9.9381,9.9381,5024506
1995-04-12,9.9381,9.95655,9.90308,9.95655,9.95655,4738077
1995-04-13,9.95655,10.0313,9.95655,9.99444,9.99444,7376095
1995-04-17,10.0674,10.1082,10.0139,10.0139,10.0139,7537731
1995-04-18,10.0489,10.1424,10.0139,10.1247,10.1247,9595770
1995-04-19,10.1424,10.2366,10.1082,10.1987,10.1987,9272487
1995-04-20,10.1802,10.4283,10.1802,10.3941,10.3941,11834857
1995-04-21,10.3941,10.4126,10.257,10.3145,10.3145,19871098
1995-04-24,10.3145,10.4126,10.294,10.3688,10.3688,10594080
1995-04-25,10.3688,10.4671,10.3688,10.4283,10.4283,13943323
1995-04-26,10.4283,10.4283,10.3329,10.3941,10.3941,7138154
1995-04-27,10.3688,10.3941,10.294,10.3688,10.3688,8443584
1995-04-28,10.3688,10.3941,10.257,10.3465,10.3465,7535793
1995-05-01,10.3941,10.5799,10.3941,10.5615,10.5615,12949545
1995-05-02,10.5225,10.5994,10.5225,10.5615,10.5615,7114875
1995-05-03,10.5615,10.5615,10.4126,10.5419,10.5419,8589706
1995-05-04,10.5419,10.6353,10.4671,10.5799,10.5799,10195148
1995-05-05,10.6168,10.6168,10.503,10.5799,10.5799,7231910
1995-05-08,10.5799,10.7102,10.5225,10.5994,10.5994,6198039
1995-05-09,10.5419,10.5615,10.3688,10.4126,10.4126,8556736
1995-05-10,10.4487,10.4895,10.3329,10.4671,10.4671,11146255
1995-05-11,10.4895,10.5225,10.3688,10.4126,10.4126,9453524
1995-05-12,10.3941,10.4283,10.3465,10.4126,10.4126,6300201
1995-05-15,10.4283,10.503,10.4126,10.503,10.503,5807508
1995-05-16,10.503,10.6353,10.4671,10.6168,10.6168,6862714
1995-05-17,10.6168,10.6168,10.5419,10.6168,10.6168,6823920
1995-05-18,10.5615,10.6168,10.4895,10.5225,10.5225,7720064
1995-05-19,10.4283,10.4895,10.3941,10.4283,10.4283,17201404
1995-05-22,10.4487,10.4487,10.3941,10.4126,10.4126,6084890
1995-05-23,10.4487,10.5799,10.4126,10.5799,10.5799,8241205
1995-05-24,10.5799,10.6927,10.5615,10.6538,10.6538,7862962
1995-05-25,10.6353,10.6927,10.6168,10.6353,10.6353,7738167
1995-05-26,10.6168,10.6353,10.3688,10.3941,10.3941,9551804
1995-05-30,10.4126,10.4671,10.3329,10.4671,10.4671,7303030
1995-05-31,10.4487,10.6353,10.4126,10.6353,10.6353,9375294
1995-06-01,10.6168,10.6733,10.5419,10.6168,10.6168,8552205
1995-06-02,10.5419,10.6538,10.4895,10.5225,10.5225,9887376
1995-06-05,10.503,10.5994,10.4671,10.5799,10.5799,6518088
1995-06-06,10.5615,10.6538,10.5419,10.5419,10.5419,9615176
1995-06-07,10.5615,10.5799,10.503,10.5799,10.5799,7050868
1995-06-08,10.5419,10.6353,10.5419,10.5994,10.5994,5204254
1995-06-09,10.5419,10.5799,10.4895,10.5225,10.5225,7403243
1995-06-12,10.503,10.5419,10.4671,10.4895,10.4895,8219870
1995-06-13,10.5419,10.5419,10.4671,10.503,10.503,6484463
1995-06-14,10.503,10.5225,10.4283,10.5225,10.5225,8105426
1995-06-15,10.503,10.6538,10.4895,10.6353,10.6353,8768807
1995-06-16,10.6538,10.7657,10.6353,10.7501,10.7501,22116642
1995-06-19,10.7657,10.7657,10.6538,10.6733,10.6733,6223253
1995-06-20,10.6353,10.6353,10.4283,10.4487,10.4487,8194006
1995-06-21,10.4283,10.4283,10.2366,10.3145,10.3145,11587861
1995-06-22,10.2716,10.294,10.1987,10.2716,10.2716,12846737
1995-06-23,10.2716,10.4283,10.2716,10.3941,10.3941,7540967
1995-06-26,10.4671,10.4895,10.3941,10.4487,10.4487,6739866
1995-06-27,10.4487,10.6353,10.4487,10.5225,10.5225,8054992
1995-06-28,10.5615,10.7501,10.5615,10.7501,10.7501,9882206
1995-06-29,10.7501,10.7657,10.6353,10.7277,10.7277,11577517
1995-06-30,10.7501,10.7852,10.5225,10.5225,10.5225,9489735
1995-07-03,10.5225,10.5799,10.5225,10.5615,10.5615,3050525
1995-07-05,10.5994,10.5994,10.5225,10.5419,10.5419,7379321
1995-07-06,10.5799,10.7657,10.5615,10.7657,10.7657,7722656
1995-07-07,10.7657,10.8231,10.6353,10.6733,10.6733,10079411
1995-07-10,10.6927,10.7102,10.5419,10.5615,10.5615,6517446
1995-07-11,10.5615,10.6733,10.5615,10.6353,10.6353,7046983
1995-07-12,10.6353,10.7277,10.5799,10.7102,10.7102,7825461
1995-07-13,10.6927,10.7852,10.6733,10.7102,10.7102,5698242
1995-07-14,10.6538,10.7277,10.6353,10.6733,10.6733,5302538
1995-07-17,10.6733,10.7852,10.6168,10.7657,10.7657,7208631
1995-07-18,10.7657,10.7657,10.6733,10.6927,10.6927,8094431
1995-07-19,10.7102,10.861,10.6733,10.7852,10.7852,9898372
1995-07-20,10.861,11.0039,10.8055,10.897,10.897,13270886
1995-07-21,10.9154,10.9466,10.7852,10.9154,10.9154,19547813
1995-07-24,10.9154,10.9865,10.8385,10.8385,10.8385,5753847
1995-07-25,10.861,10.8785,10.7852,10.7852,10.7852,7150441
1995-07-26,10.7852,10.897,10.7501,10.861,10.861,7681924
1995-07-27,10.8785,10.9349,10.7501,10.8385,10.8385,5919369
1995-07-28,10.8055,10.8055,10.6538,10.7102,10.7102,7849385
1995-07-31,10.6927,10.8055,10.6168,10.8055,10.8055,7372860
1995-08-01,10.7852,10.7852,10.5799,10.6353,10.6353,7976109
1995-08-02,10.6927,10.7852,10.5615,10.6168,10.6168,7278458
1995-08-03,10.5994,10.6353,10.5225,10.6353,10.6353,5786177
1995-08-04,10.6733,10.6733,10.5225,10.5225,10.5225,4868037
1995-08-07,10.5799,10.5799,10.4671,10.503,10.503,6529085
1995-08-08,10.5225,10.5225,10.4283,10.4895,10.4895,7658641
1995-08-09,10.503,10.5615,10.4895,10.5615,10.5615,6742451
1995-08-10,10.4487,10.503,10.3941,10.4283,10.4283,6256229
1995-08-11,10.4671,10.4671,10.257,10.3329,10.3329,6000835
1995-08-14,10.3329,10.4283,10.3145,10.4126,10.4126,4857049
1995-08-15,10.3688,10.3941,10.2716,10.3688,10.3688,5660095
1995-08-16,10.3329,10.3465,10.22,10.3145,10.3145,6624776
1995-08-17,10.294,10.3145,10.1987,10.22,10.22,9395982
1995-08-18,10.2366,10.294,10.1656,10.257,10.257,15203491
1995-08-21,10.3145,10.3465,10.2366,10.2366,10.2366,8348535
1995-08-22,10.2366,10.2366,10.1424,10.22,10.22,6851083
1995-08-23,10.2366,10.2716,10.1802,10.1802,10.1802,5804923
1995-08-24,10.1802,10.257,10.1424,10.22,10.22,6397829
1995-08-25,10.22,10.4126,10.1987,10.3465,10.3465,10673612
1995-08-28,10.3465,10.4487,10.22,10.257,10.257,7555188
1995-08-29,10.2366,10.294,10.1656,10.2366,10.2366,6981039
1995-08-30,10.257,10.294,10.1802,10.22,10.22,5411802
1995-08-31,10.22,10.257,10.1802,10.2366,10.2366,6018287
1995-09-01,10.22,10.4126,10.22,10.3941,10.3941,7759511
1995-09-05,10.4283,10.5225,10.4283,10.4895,10.4895,7885593
1995-09-06,10.4126,10.4895,10.3941,10.4671,10.4671,7317255
1995-09-07,10.4895,10.6538,10.4671,10.6353,10.6353,8764934
1995-09-08,10.6538,10.6733,10.5799,10.6168,10.6168,7092895
1995-09-11,10.6353,10.6733,10.6168,10.6538,10.6538,4460703
1995-09-12,10.6927,10.8385,10.6353,10.8231,10.8231,12389613
1995-09-13,10.861,10.9466,10.5994,10.9349,10.9349,9827894
1995-09-14,10.9466,11.0584,10.9154,11.0039,11.0039,11180523
1995-09-15,11.0215,11.0399,10.9349,10.966,10.966,20697413
1995-09-18,10.8785,10.897,10.7501,10.8231,10.8231,6809693
1995-09-19,10.8231,10.9154,10.8055,10.9154,10.9154,6439205
1995-09-20,10.8785,10.9154,10.8385,10.8785,10.8785,5804277
1995-09-21,10.897,10.897,10.8231,10.8231,10.8231,5407278
1995-09-22,10.7852,10.8231,10.7501,10.7852,10.7852,6395889
1995-09-25,10.8055,10.9349,10.7852,10.8385,10.8385,4790450
1995-09-26,10.861,10.897,10.6168,10.6927,10.6927,11318242
1995-09-27,10.6353,10.7501,10.6353,10.7277,10.7277,7908867
1995-09-28,10.7277,10.8231,10.7277,10.8055,10.8055,5699532
1995-09-29,10.8231,10.8231,10.7277,10.7657,10.7657,5316765
1995-10-02,10.7501,10.7501,10.6353,10.6927,10.6927,6002773
1995-10-03,10.6927,10.7852,10.6733,10.7852,10.7852,5425386
1995-10-04,10.7657,10.9865,10.7657,10.9466,10.9466,7206047
1995-10-05,10.9466,11.0584,10.8785,10.9154,10.9154,7618557
1995-10-06,10.9154,11.0039,10.897,10.966,10.966,4563503
1995-10-09,10.9349,10.9865,10.8385,10.9466,10.9466,4251212
1995-10-10,10.8785,11.0399,10.861,10.9865,10.9865,7303674
1995-10-11,10.9466,10.966,10.897,10.9154,10.9154,5536596
1995-10-12,10.9466,10.9865,10.861,10.8785,10.8785,5074945
1995-10-13,10.9349,11.1517,10.897,11.1323,11.1323,8748760
1995-10-16,11.1323,11.1323,11.0768,11.0973,11.0973,5190679
1995-10-17,11.0973,11.2062,11.0973,11.1323,11.1323,9544043
1995-10-18,11.0973,11.1741,11.0768,11.1323,11.1323,6544599
1995-10-19,11.1323,11.1886,11.1147,11.1886,11.1886,7061855
1995-10-20,11.1741,11.3384,11.1517,11.2811,11.2811,13896123
1995-10-23,11.248,11.2626,11.1741,11.1741,11.1741,6589860
1995-10-24,11.1886,11.2811,11.1323,11.2811,11.2811,8060818
1995-10-25,11.2811,11.4318,11.2626,11.3969,11.3969,10235884
1995-10-26,11.357,11.3754,11.0973,11.1741,11.1741,11333114
1995-10-27,11.1323,11.1517,10.9865,11.1147,11.1147,6520032
1995-10-30,11.1323,11.357,11.1323,11.3228,11.3228,5940704
1995-10-31,11.3228,11.4503,11.2811,11.3754,11.3754,8981530
1995-11-01,11.3754,11.4892,11.357,11.4318,11.4318,5340684
1995-11-02,11.4318,11.4717,11.1886,11.2062,11.2062,6847196
1995-11-03,11.2811,11.3384,11.2062,11.3384,11.3384,4959855
1995-11-06,11.3025,11.3969,11.1886,11.2285,11.2285,6868533
1995-11-07,11.1886,11.1886,11.1147,11.1147,11.1147,6369374
1995-11-08,11.1323,11.4503,11.1323,11.4143,11.4143,9666899
1995-11-09,11.3384,11.357,11.2062,11.3025,11.3025,6915730
1995-11-10,11.248,11.2811,11.1741,11.248,11.248,3157211
1995-11-13,11.248,11.4143,11.248,11.3754,11.3754,5060073
1995-11-14,11.357,11.4503,11.3384,11.4318,11.4318,6141138
1995-11-15,11.4318,11.5826,11.4318,11.5826,11.5826,5967859
1995-11-16,11.565,11.6536,11.565,11.5981,11.5981,8110595
1995-11-17,11.5981,11.8412,11.5826,11.8237,11.8237,14939043
1995-11-20,11.8237,11.8237,11.7304,11.8237,11.8237,5925832
1995-11-21,11.7868,11.9365,11.7868,11.882,11.882,10027037
1995-11-22,11.8616,11.8986,11.7109,11.7304,11.7304,11221899
1995-11-24,11.6953,11.7109,11.638,11.7109,11.7109,1738634
1995-11-27,11.6953,11.8412,11.674,11.7868,11.7868,5681426
1995-11-28,11.7304,11.8063,11.6953,11.7868,11.7868,6719176
1995-11-29,11.7868,11.8237,11.6953,11.7304,11.7304,3803139
1995-11-30,11.6953,11.7304,11.5241,11.5241,11.5241,7648299
1995-12-01,11.5067,11.5981,11.4892,11.5826,11.5826,11213496
1995-12-04,11.5826,11.7109,11.565,11.7109,11.7109,10498391
1995-12-05,11.6953,11.8986,11.674,11.882,11.882,7242896
1995-12-06,11.9181,12.0407,11.9181,11.9939,11.9939,9062352
1995-12-07,11.9939,12.0999,11.9715,12.029,12.029,7668345
1995-12-08,12.0804,12.1904,12.023,12.1749,12.1749,6982972
1995-12-11,12.1535,12.6085,12.1535,12.5326,12.5326,10054841
1995-12-12,12.4199,12.7184,12.3839,12.59,12.59,13255373
1995-12-13,12.59,12.8137,12.5716,12.7759,12.7759,14797450
1995-12-14,12.7603,12.7943,12.347,12.3645,12.3645,15476993
1995-12-15,12.3294,12.347,12.0999,12.2487,12.2487,33699978
1995-12-18,12.0804,12.0804,11.956,12.023,12.023,9887376
1995-12-19,11.9939,12.2487,11.956,12.2098,12.2098,10451839
1995-12-20,12.2663,12.347,11.9715,11.9715,11.9715,8714501
1995-12-21,12.0056,12.1535,11.9715,12.0611,12.0611,10711111
1995-12-22,12.1155,12.2283,12.0999,12.1155,12.1155,5255338
1995-12-26,12.1904,12.2098,12.134,12.134,12.134,3389332
1995-12-27,12.134,12.2283,12.0999,12.2098,12.2098,4768468
1995-12-28,12.1535,12.4199,12.1535,12.347,12.347,8521820
1995-12-29,12.3839,12.4053,11.9365,12.0804,12.0804,17855087
1996-01-02,11.956,12.023,11.9365,12.0056,12.0056,11084188
1996-01-03,12.0407,12.0804,11.9715,12.0407,12.0407,9271840
1996-01-04,12.0804,12.2283,12.0407,12.1155,12.1155,14690762
1996-01-05,12.0804,12.4578,12.0804,12.4199,12.4199,13083378
1996-01-08,12.4053,12.5716,12.4053,12.5716,12.5716,4058531
1996-01-09,12.6261,12.6668,12.2896,12.3294,12.3294,9163866
1996-01-10,12.2098,12.2896,11.956,11.956,11.956,10433085
1996-01-11,12.023,12.1155,11.9715,12.023,12.023,9905477
1996-01-12,12.0611,12.0804,11.7868,11.8616,11.8616,8294228
1996-01-15,11.8412,11.8986,11.6953,11.7304,11.7304,6900212
1996-01-16,11.8063,11.8986,11.7702,11.8986,11.8986,6723052
1996-01-17,11.8986,12.0407,11.882,11.956,11.956,8163620
1996-01-18,11.9715,12.0804,11.8986,12.0611,12.0611,9286071
1996-01-19,12.023,12.1749,12.023,12.0804,12.0804,13461629
1996-01-22,12.1155,12.1155,11.7868,11.8616,11.8616,9344258
1996-01-23,11.8063,11.8237,11.565,11.6205,11.6205,12428409
1996-01-24,11.6536,11.7109,11.5826,11.5981,11.5981,12941135
1996-01-25,11.6205,11.7498,11.565,11.7304,11.7304,12080551
1996-01-26,11.7498,11.882,11.7304,11.882,11.882,8058224
1996-01-29,11.882,11.9715,11.7498,11.8063,11.8063,6950646
1996-01-30,11.8237,11.8237,11.5826,11.7109,11.7109,9667547
1996-01-31,11.7702,11.956,11.7109,11.956,11.956,8715142
1996-02-01,11.956,12.0804,11.9181,12.0804,12.0804,10896674
1996-02-02,12.1155,12.2283,11.9939,12.023,12.023,7910804
1996-02-05,11.9939,12.1155,11.956,12.023,12.023,5852773
1996-02-06,12.023,12.2098,12.0056,12.1155,12.1155,11105518
1996-02-07,12.0804,12.1535,12.0611,12.134,12.134,10762191
1996-02-08,12.0611,12.3294,12.0056,12.31,12.31,15612772
1996-02-09,12.31,12.5142,12.2663,12.31,12.31,12283569
1996-02-12,12.3645,12.5326,12.3645,12.4199,12.4199,12633372
1996-02-13,12.4199,12.6085,12.3839,12.4199,12.4199,12668930
1996-02-14,12.4053,12.4199,12.2663,12.31,12.31,8380866
1996-02-15,12.2663,12.4578,12.2663,12.3294,12.3294,8129350
1996-02-16,12.2896,12.2896,12.0999,12.134,12.134,15729802
1996-02-20,12.0999,12.2283,11.9365,12.0407,12.0407,6748271
1996-02-21,12.0611,12.1904,12.0611,12.1904,12.1904,7035993
1996-02-22,12.2487,12.5142,12.1749,12.4404,12.4404,9588014
1996-02-23,12.5326,12.5326,11.9939,12.2487,12.2487,11852956
1996-02-26,12.2487,12.3294,11.956,11.9715,11.9715,9078515
1996-02-27,11.9365,11.9365,11.7304,11.8237,11.8237,14819429
1996-02-28,11.882,11.9365,11.638,11.6536,11.6536,8021373
1996-02-29,11.6953,11.882,11.6953,11.8412,11.8412,12705791
1996-03-01,11.8616,11.9181,11.565,11.882,11.882,11508981
1996-03-04,11.8616,11.8986,11.7498,11.8237,11.8237,8413197
1996-03-05,11.8063,12.0407,11.8063,12.0407,12.0407,9092739
1996-03-06,12.0611,12.4053,12.0407,12.2487,12.2487,12156198
1996-03-07,12.2283,12.3294,12.1749,12.3294,12.3294,9608058
1996-03-08,12.2098,12.2896,11.7702,11.8063,11.8063,9414737
1996-03-11,11.7702,11.8616,11.7109,11.8412,11.8412,9455468
1996-03-12,11.7868,11.956,11.6536,11.882,11.882,13007090
1996-03-13,11.8986,11.9365,11.7702,11.9181,11.9181,11596915
1996-03-14,11.9181,12.1749,11.8986,12.0611,12.0611,11974514
1996-03-15,12.0407,12.0407,11.7498,11.7702,11.7702,20619188
1996-03-18,11.882,12.134,11.8237,12.134,12.134,9910015
1996-03-19,12.1904,12.347,12.1535,12.347,12.347,14304115
1996-03-20,12.347,12.347,11.9715,11.9939,11.9939,10526839
1996-03-21,12.0056,12.1155,11.9365,11.9939,11.9939,9541461
1996-03-22,12.0407,12.1904,12.0056,12.1155,12.1155,11941538
1996-03-25,12.2098,12.4578,12.1904,12.4578,12.4578,10482221
1996-03-26,12.4404,12.8137,12.4199,12.8137,12.8137,17211744
1996-03-27,12.7759,12.7759,12.3645,12.5326,12.5326,15326349
1996-03-28,12.4792,12.59,12.4578,12.4792,12.4792,10741496
1996-03-29,12.59,12.6085,12.0999,12.134,12.134,20326284
1996-04-01,12.2283,12.3645,12.1904,12.3645,12.3645,9718625
1996-04-02,12.3645,12.5142,12.2663,12.4792,12.4792,9033258
1996-04-03,12.4792,12.5142,12.4053,12.4987,12.4987,7909514
1996-04-04,12.4792,12.7603,12.4404,12.7184,12.7184,11806406
1996-04-08,12.4792,12.4987,12.3839,12.4199,12.4199,13460333
1996-04-09,12.4578,12.553,12.4199,12.4199,12.4199,12187237
1996-04-10,12.4404,12.4792,12.2283,12.2663,12.2663,11488936
1996-04-11,12.1749,12.3294,11.8986,12.2663,12.2663,14455409
1996-04-12,12.3294,12.3645,12.0999,12.1904,12.1904,7345053
1996-04-15,12.2663,12.4578,12.1749,12.4578,12.4578,8401558
1996-04-16,12.4578,12.5716,12.3839,12.4578,12.4578,10056783
1996-04-17,12.4987,12.4987,12.31,12.4404,12.4404,7552605
1996-04-18,12.4199,12.4199,12.0611,12.1904,12.1904,13096315
1996-04-19,12.1904,12.3294,12.1749,12.2098,12.2098,12262233
1996-04-22,12.347,12.4053,12.134,12.2098,12.2098,11115868
1996-04-23,12.2896,12.6085,12.2663,12.6085,12.6085,9529179
1996-04-24,12.6261,12.701,12.4792,12.553,12.553,12096716
1996-04-25,12.5142,12.6085,12.3839,12.59,12.59,9349425
1996-04-26,12.59,12.6455,12.4987,12.5716,12.5716,9649442
1996-04-29,12.553,12.8137,12.553,12.7943,12.7943,9176146
1996-04-30,12.701,12.7184,12.553,12.6668,12.6668,12385733
1996-05-01,12.6085,12.6261,12.4199,12.4578,12.4578,6203210
1996-05-02,12.3645,12.553,12.31,12.31,12.31,14188376
1996-05-03,12.4053,12.4053,12.2283,12.2663,12.2663,8274180
1996-05-06,12.2896,12.3839,12.2663,12.31,12.31,10322522
1996-05-07,12.3294,12.3294,12.2487,12.2663,12.2663,9801380
1996-05-08,12.2098,12.4792,12.2098,12.4578,12.4578,12852561
1996-05-09,12.347,12.4199,12.2896,12.3645,12.3645,9091445
1996-05-10,12.4404,12.4987,12.3645,12.4404,12.4404,7110355
1996-05-13,12.4578,12.6085,12.4053,12.59,12.59,9595770
1996-05-14,12.6085,12.7184,12.59,12.6261,12.6261,13015495
1996-05-15,12.6085,12.7398,12.5716,12.6085,12.6085,8697687
1996-05-16,12.59,12.6085,12.4578,12.4987,12.4987,8605231
1996-05-17,12.553,12.6668,12.4987,12.6261,12.6261,13454521
1996-05-20,12.6455,13.1435,12.6261,13.0014,13.0014,20944406
1996-05-21,13.0384,13.0715,12.7603,12.8352,12.8352,15127194
1996-05-22,12.8137,13.0879,12.8137,13.0715,13.0715,13754525
1996-05-23,13.05,13.2173,13.019,13.0879,13.0879,9899014
1996-05-24,13.0879,13.1249,12.8877,12.9625,12.9625,6792883
1996-05-28,13.0014,13.0014,12.8137,12.8701,12.8701,6111396
1996-05-29,12.8137,12.8497,12.6835,12.6835,12.6835,6038337
1996-05-30,12.6835,12.944,12.6261,12.9071,12.9071,9723796
1996-05-31,12.9071,12.9071,12.6261,12.6261,12.6261,9927461
1996-06-03,12.59,12.6261,12.5142,12.5142,12.5142,8940800
1996-06-04,12.6261,12.701,12.59,12.6455,12.6455,8415777
1996-06-05,12.6455,12.6668,12.59,12.6455,12.6455,6532965
1996-06-06,12.6835,12.701,12.4987,12.5716,12.5716,7096127
1996-06-07,12.4987,12.8137,12.4792,12.7943,12.7943,9507195
1996-06-10,12.7603,12.7943,12.6835,12.7184,12.7184,5420860
1996-06-11,12.7603,12.8497,12.6261,12.6668,12.6668,7948957
1996-06-12,12.6668,12.701,12.5326,12.5326,12.5326,5346501
1996-06-13,12.553,12.59,12.4404,12.5142,12.5142,6666157
1996-06-14,12.4987,12.5142,12.4199,12.4404,12.4404,6228427
1996-06-17,12.4792,12.6455,12.4199,12.59,12.59,10039321
1996-06-18,12.5142,12.5716,12.4792,12.5716,12.5716,7895292
1996-06-19,12.59,12.7184,12.5326,12.6455,12.6455,6618953
1996-06-20,12.701,12.7943,12.6835,12.7603,12.7603,10197090
1996-06-21,12.7943,12.8497,12.7759,12.8497,12.8497,24979666
1996-06-24,12.8497,12.9625,12.8137,12.8137,12.8137,9523364
1996-06-25,12.8701,12.9255,12.8497,12.8701,12.8701,7504114
1996-06-26,12.8877,13.019,12.8701,12.9625,12.9625,10847538
1996-06-27,12.9255,13.0384,12.8497,13.0384,13.0384,11458548
1996-06-28,13.0014,13.0384,12.9255,12.944,12.944,8722256
1996-07-01,12.9625,13.0014,12.8877,13.0014,13.0014,8198538
1996-07-02,13.0384,13.2008,12.9819,13.2008,13.2008,9607411
1996-07-03,13.1639,13.3301,13.1435,13.2962,13.2962,11681615
1996-07-05,13.1639,13.1804,13.0879,13.1065,13.1065,4626869
1996-07-08,13.0715,13.2377,13.0715,13.1065,13.1065,10707876
1996-07-09,13.1804,13.2173,13.1065,13.1804,13.1804,8531513
1996-07-10,13.2008,13.2543,13.1435,13.2377,13.2377,9195542
1996-07-11,13.2962,13.404,13.2377,13.3116,13.3116,13847632
1996-07-12,13.3301,13.4244,13.2543,13.3622,13.3622,11600795
1996-07-15,13.37,13.3875,13.0715,13.1639,13.1639,10287604
1996-07-16,13.1065,13.1249,12.5326,12.8701,12.8701,15841012
1996-07-17,12.944,12.9819,12.6455,12.6835,12.6835,11461786
1996-07-18,12.701,12.8497,12.6835,12.7759,12.7759,12334654
1996-07-19,12.7943,12.8352,12.6085,12.7184,12.7184,12345647
1996-07-22,12.6835,12.8137,12.6085,12.7184,12.7184,12228615
1996-07-23,12.7398,12.7603,12.553,12.6085,12.6085,9039717
1996-07-24,12.4792,12.6085,12.3839,12.4578,12.4578,12130341
1996-07-25,12.4578,12.4987,12.3645,12.4987,12.4987,8486906
1996-07-26,12.4987,12.553,12.3839,12.4053,12.4053,6950646
1996-07-29,12.3294,12.3839,12.2663,12.31,12.31,5733797
1996-07-30,12.31,12.3294,12.1155,12.1749,12.1749,10872104
1996-07-31,12.2098,12.2663,12.134,12.2487,12.2487,16124862
1996-08-01,12.2419,12.4578,12.2419,12.4199,12.4199,11363499
1996-08-02,12.5142,12.6455,12.4053,12.6261,12.6261,10430498
1996-08-05,12.6261,12.6668,12.5142,12.553,12.553,5965918
1996-08-06,12.553,12.553,12.4578,12.5142,12.5142,6289847
1996-08-07,12.4792,12.4792,12.2896,12.3645,12.3645,9183911
1996-08-08,12.2663,12.347,12.2487,12.31,12.31,14282779
1996-08-09,12.2098,12.2098,11.9939,12.0056,12.0056,12736824
1996-08-12,11.9939,12.1535,11.9939,12.1535,12.1535,15534538
1996-08-13,12.134,12.1749,12.0056,12.1155,12.1155,13872849
1996-08-14,12.0804,12.0804,11.9715,12.0407,12.0407,9009336
1996-08-15,12.0407,12.0804,11.9939,12.023,12.023,9166455
1996-08-16,12.0611,12.31,12.0407,12.2663,12.2663,17433523
1996-08-19,12.347,12.4792,12.3294,12.4404,12.4404,13807547
1996-08-20,12.4404,12.5716,12.4199,12.4792,12.4792,10338689
1996-08-21,12.4792,12.4792,12.3294,12.347,12.347,9783278
1996-08-22,12.347,12.5142,12.31,12.4578,12.4578,10064536
1996-08-23,12.3645,12.4053,12.1904,12.2896,12.2896,9690817
1996-08-26,12.2663,12.2663,12.0804,12.1535,12.1535,9281540
1996-08-27,12.1749,12.2896,12.0999,12.2896,12.2896,10054841
1996-08-28,12.1904,12.1904,12.134,12.1749,12.1749,4269965
1996-08-29,12.0999,12.1155,11.9181,11.9181,11.9181,10341272
1996-08-30,11.956,12.134,11.956,12.134,12.134,10559169
1996-09-03,12.3645,12.4792,12.3294,12.4792,12.4792,13681462
1996-09-04,12.4053,12.5326,12.3839,12.4987,12.4987,14684297
1996-09-05,12.4199,12.5326,12.3645,12.3839,12.3839,7983223
1996-09-06,12.4199,12.5716,12.4053,12.5142,12.5142,8737128
1996-09-09,12.59,12.59,12.4404,12.553,12.553,6836204
1996-09-10,12.59,12.59,12.3839,12.4199,12.4199,7545492
1996-09-11,12.4404,12.701,12.4404,12.6455,12.6455,13441583
1996-09-12,12.6261,12.6835,12.553,12.6668,12.6668,10010227
1996-09-13,12.6668,12.7603,12.59,12.59,12.59,9719918
1996-09-16,12.6085,12.701,12.4404,12.6835,12.6835,9783278
1996-09-17,12.6668,12.7184,12.5716,12.6835,12.6835,7595919
1996-09-18,12.7184,12.8352,12.7184,12.7759,12.7759,8970541
1996-09-19,12.7759,12.8701,12.7603,12.7943,12.7943,7352816
1996-09-20,12.8352,12.9819,12.8137,12.944,12.944,20379949
1996-09-23,12.9255,12.9255,12.7759,12.9071,12.9071,6121097
1996-09-24,12.8877,13.0014,12.7943,12.8497,12.8497,9252444
1996-09-25,12.8497,12.8877,12.6668,12.6835,12.6835,6951942
1996-09-26,12.6668,12.6835,12.4987,12.5142,12.5142,10341272
1996-09-27,12.5142,12.553,12.3839,12.4199,12.4199,8150683
1996-09-30,12.4792,12.4987,12.4053,12.4053,12.4053,8601345
1996-10-01,12.4053,12.7184,12.347,12.701,12.701,9410850
1996-10-02,12.7398,12.8352,12.6835,12.7759,12.7759,7296561
1996-10-03,12.7603,12.8352,12.701,12.8137,12.8137,4944338
1996-10-04,12.8701,13.0879,12.8701,13.0879,13.0879,10361967
1996-10-07,13.1249,13.2173,13.0384,13.0879,13.0879,9327445
1996-10-08,13.0879,13.2008,13.0014,13.0384,13.0384,7945077
1996-10-09,13.0384,13.0384,12.7184,12.8352,12.8352,12654708
1996-10-10,12.8352,12.8352,12.7398,12.7943,12.7943,9263433
1996-10-11,12.8137,12.9071,12.7943,12.8701,12.8701,8536695
1996-10-14,12.8701,13.1065,12.8701,13.05,13.05,12434873
1996-10-15,13.0715,13.1435,12.9071,12.9819,12.9819,10337390
1996-10-16,12.9819,13.05,12.8877,13.019,13.019,8518582
1996-10-17,13.0014,13.1639,12.9819,13.1249,13.1249,8850278
1996-10-18,13.1435,13.3301,13.0014,13.3116,13.3116,13019369
1996-10-21,13.3116,13.48,13.1435,13.2543,13.2543,14110140
1996-10-22,13.2737,13.2737,13.05,13.1065,13.1065,10697534
1996-10-23,13.0715,13.2173,13.0014,13.2008,13.2008,6656459
1996-10-24,13.1804,13.1804,12.9819,13.0014,13.0014,5507493
1996-10-25,13.0014,13.2173,12.9819,13.1804,13.1804,8731954
1996-10-28,13.2737,13.48,13.1435,13.1435,13.1435,8754581
1996-10-29,13.2173,13.404,13.0715,13.3486,13.3486,10042558
1996-10-30,13.404,13.404,13.2543,13.2737,13.2737,7678052
1996-10-31,13.2962,13.2962,13.0879,13.2008,13.2008,11015645
1996-11-01,13.2173,13.2737,13.0715,13.1435,13.1435,8135811
1996-11-04,13.1435,13.2377,13.1065,13.1804,13.1804,6769605
1996-11-05,13.2543,13.2737,13.0879,13.1435,13.1435,9041013
1996-11-06,13.1804,13.2008,13.0715,13.2008,13.2008,14565970
1996-11-07,13.0715,13.2377,13.0715,13.1804,13.1804,11209618
1996-11-08,13.2543,13.3116,13.1435,13.3116,13.3116,10131782
1996-11-11,13.3301,13.4244,13.3301,13.404,13.404,6826505
1996-11-12,13.4244,13.4439,13.2377,13.2543,13.2543,6593095
1996-11-13,13.2173,13.5169,13.2173,13.4439,13.4439,9341023
1996-11-14,13.37,13.5548,13.37,13.4244,13.4244,7778910
1996-11-15,13.4633,13.4984,13.3486,13.4439,13.4439,13113778
1996-11-18,13.4633,13.6851,13.4244,13.5918,13.5918,7112291
1996-11-19,13.6317,13.722,13.6102,13.7036,13.7036,6603442
1996-11-20,13.6102,13.6657,13.5548,13.5918,13.5918,7131688
1996-11-21,13.6102,13.6461,13.5169,13.5373,13.5373,6259465
1996-11-22,13.6102,13.8339,13.5918,13.8339,13.8339,7103887
1996-11-25,13.9078,14.2073,13.8932,14.1276,14.1276,10645806
1996-11-26,14.146,14.2473,14.1276,14.1276,14.1276,15015985
1996-11-27,14.1276,14.146,13.8932,13.9662,13.9662,11142378
1996-11-29,13.9846,14.1071,13.9846,14.0605,14.0605,3441054
1996-12-02,14.0216,14.1276,13.9273,14.1276,14.1276,6278858
1996-12-03,14.1276,14.2473,14.0742,14.0742,14.0742,10335449
1996-12-04,14.0897,14.0897,13.8738,13.9846,13.9846,10346443
1996-12-05,14.0031,14.2073,14.0031,14.146,14.146,8431945
1996-12-06,14.0216,14.146,14.0216,14.1276,14.1276,9856347
1996-12-09,14.2278,14.2278,13.9662,14.146,14.146,9161925
1996-12-10,14.0897,14.1276,14.0031,14.0031,14.0031,7056689
1996-12-11,13.9467,14.1276,13.9273,14.0742,14.0742,13345892
1996-12-12,14.146,14.2278,13.9846,14.0742,14.0742,14340965
1996-12-13,14.0031,14.1071,13.8932,14.1071,14.1071,11726870
1996-12-16,14.146,14.3746,14.0371,14.0742,14.0742,14973963
1996-12-17,14.0031,14.4486,14.0031,14.3746,14.3746,10078767
1996-12-18,14.3377,14.5078,14.2473,14.4903,14.4903,9924874
1996-12-19,14.7325,14.8414,14.6936,14.8414,14.8414,11433981
1996-12-20,15.0846,15.0846,14.8064,14.8414,14.8414,27276935
1996-12-23,14.859,15.065,14.7851,14.9348,14.9348,8709972
1996-12-24,14.9728,14.9941,14.8414,14.9348,14.9348,3477260
1996-12-26,14.9348,14.9728,14.8812,14.9348,14.9348,6887929
1996-12-27,14.9348,14.9562,14.859,14.8812,14.8812,4181382
1996-12-30,14.8999,15.0476,14.7851,14.8064,14.8064,6785775
1996-12-31,14.8064,14.859,14.5983,14.5983,14.5983,10188675
1997-01-02,14.6372,14.6752,14.3746,14.6566,14.6566,14944218
1997-01-03,14.7325,14.9163,14.6752,14.6936,14.6936,11397770
1997-01-06,14.7481,14.9163,14.7325,14.8999,14.8999,11479883
1997-01-07,14.8414,14.9348,14.7481,14.9348,14.9348,14892498
1997-01-08,15.0097,15.0301,14.7111,14.8249,14.8249,11186344
1997-01-09,14.7851,15.3783,14.7851,15.3237,15.3237,17501408
1997-01-10,15.209,15.7887,15.1731,15.7537,15.7537,17868018
1997-01-13,15.7887,15.8081,15.2284,15.3607,15.3607,15127840
1997-01-14,15.4152,15.6009,15.3607,15.4346,15.4346,11474067
1997-01-15,15.2684,15.7138,15.2684,15.4931,15.4931,14914472
1997-01-16,15.527,15.6213,15.283,15.3783,15.3783,11084827
1997-01-17,15.3607,15.4531,15.2684,15.3237,15.3237,16153955
1997-01-20,15.3403,15.4152,15.1352,15.2684,15.2684,8120300
1997-01-21,15.1731,15.527,15.104,15.4346,15.4346,12278403
1997-01-22,15.4152,15.8635,15.2684,15.7887,15.7887,15145951
1997-01-23,15.9189,15.9374,15.2684,15.3237,15.3237,12189820
1997-01-24,15.3053,15.3053,14.9348,14.9348,14.9348,15317291
1997-01-27,15.0301,15.4531,14.9941,15.3783,15.3783,16538663
1997-01-28,15.5825,15.5825,14.9562,14.9728,14.9728,12619145
1997-01-29,14.9728,15.4152,14.859,15.3783,15.3783,14818784
1997-01-30,15.4152,15.5474,15.246,15.5046,15.5046,11760496
1997-01-31,15.5649,15.6213,15.3053,15.4346,15.4346,12399960
1997-02-03,15.4346,15.4346,15.1731,15.2284,15.2284,8079564
1997-02-04,15.283,15.3958,15.209,15.3958,15.3958,6944829
1997-02-05,15.4931,15.6787,15.283,15.3237,15.3237,11819980
1997-02-06,15.1731,15.209,14.9562,15.1731,15.1731,10956161
1997-02-07,15.1925,15.3403,14.9163,15.0476,15.0476,10264978
1997-02-10,15.104,15.209,14.9163,14.9163,14.9163,11551652
1997-02-11,14.9728,15.1352,14.9163,15.1352,15.1352,12141981
1997-02-12,15.1731,15.3958,15.1536,15.3403,15.3403,10343209
1997-02-13,15.4531,15.5474,15.3958,15.4931,15.4931,10052254
1997-02-14,15.4531,15.6009,15.3958,15.4697,15.4697,8532811
1997-02-18,15.5825,15.5825,15.2684,15.5046,15.5046,9827244
1997-02-19,15.5046,15.6213,15.3607,15.3783,15.3783,9708279
1997-02-20,15.3053,15.5649,15.3053,15.3607,15.3607,8741006
1997-02-21,15.3403,15.527,15.3237,15.4531,15.4531,12657297
1997-02-24,15.4531,15.4931,15.2684,15.283,15.283,9189083
1997-02-25,15.283,15.4697,15.1235,15.4152,15.4152,12902992
1997-02-26,15.3783,15.4346,15.0476,15.209,15.209,13808836
1997-02-27,15.2284,15.246,14.8812,14.8812,14.8812,10449250
1997-02-28,14.8999,15.1235,14.8812,14.9348,14.9348,13473268
1997-03-03,14.7481,14.9163,14.7325,14.7851,14.7851,11404239
1997-03-04,14.7694,15.0476,14.7694,14.8999,14.8999,10215838
1997-03-05,14.9941,15.1235,14.9728,15.0846,15.0846,7760805
1997-03-06,15.1925,15.3607,15.0301,15.0301,15.0301,15447902
1997-03-07,15.0846,15.1352,14.9348,14.9562,14.9562,9411502
1997-03-10,15.0846,15.3607,15.0301,15.3403,15.3403,11373202
1997-03-11,15.4346,15.4531,15.209,15.3053,15.3053,10960687
1997-03-12,15.1925,15.2284,14.9728,15.1235,15.1235,11458548
1997-03-13,15.0301,15.065,14.8812,14.8999,14.8999,8140990
1997-03-14,14.9562,15.2284,14.9163,15.065,15.065,7970938
1997-03-17,15.0476,15.1731,14.9348,15.0301,15.0301,12449099
1997-03-18,15.0476,15.1235,14.9562,15.0846,15.0846,10639344
1997-03-19,15.065,15.2684,15.0097,15.0846,15.0846,12468498
1997-03-20,15.104,15.1352,14.9348,15.065,15.065,7284278
1997-03-21,15.1731,15.4346,15.1352,15.4152,15.4152,16453961
1997-03-24,15.4152,15.5649,15.3053,15.5649,15.5649,10499680
1997-03-25,15.6398,15.9307,15.6009,15.7537,15.7537,16943414
1997-03-26,15.9568,16.4237,15.9015,16.2943,16.2943,20742677
1997-03-27,16.2729,16.5745,15.8276,16.1095,16.1095,22090780
1997-03-31,16.0124,16.2,15.9189,16.058,16.058,19525179
1997-04-01,15.9374,16.0124,15.6213,15.9189,15.9189,14583431
1997-04-02,15.8081,15.8276,15.5825,15.6009,15.6009,14295055
1997-04-03,15.5474,15.5649,15.0097,15.2284,15.2284,19091977
1997-04-04,15.0476,15.2684,14.9562,15.1731,15.1731,19398449
1997-04-07,15.1352,15.6565,15.1235,15.6398,15.6398,15030858
1997-04-08,15.5825,15.6009,15.4346,15.4931,15.4931,11783122
1997-04-09,15.4931,15.6213,15.4152,15.4346,15.4346,9602888
1997-04-10,15.4697,15.527,15.3053,15.4152,15.4152,9712802
1997-04-11,15.3783,15.3958,14.9941,15.0846,15.0846,11130736
1997-04-14,15.0476,15.4531,14.859,15.4152,15.4152,9676916
1997-04-15,15.4931,15.5649,15.2284,15.5649,15.5649,9519482
1997-04-16,15.5649,15.6787,15.1925,15.5649,15.5649,10947434
1997-04-17,15.4931,15.527,15.2684,15.3403,15.3403,10284693
1997-04-18,15.3403,15.9374,15.3403,15.9374,15.9374,13566053
1997-04-21,16.3108,16.4237,15.6787,15.9015,15.9015,11910825
1997-04-22,16.1319,16.5745,15.9374,16.4607,16.4607,12294889
1997-04-23,16.4986,16.6863,16.2729,16.3488,16.3488,9731552
1997-04-24,16.4607,16.5346,16.1688,16.1688,16.1688,9621638
1997-04-25,16.1688,16.237,15.6787,15.7138,15.7138,9142856
1997-04-28,15.6398,16.1319,15.6009,16.058,16.058,8852862
1997-04-29,16.6094,16.6094,16.3108,16.5745,16.5745,11614699
1997-04-30,16.5745,16.9819,16.4986,16.872,16.872,12382500
1997-05-01,16.6094,16.7593,16.3488,16.6473,16.6473,9198782
1997-05-02,16.6863,16.872,16.2729,16.7962,16.7962,11863625
1997-05-05,16.872,17.4623,16.7193,17.4263,17.4263,14169623
1997-05-06,17.4623,17.688,17.2766,17.4623,17.4623,14231372
1997-05-07,17.4623,17.5732,17.2017,17.2766,17.2766,11857483
1997-05-08,17.2017,17.7229,17.0607,17.2766,17.2766,13749033
1997-05-09,17.2766,17.3884,16.6863,17.2017,17.2017,13402791
1997-05-12,17.2766,17.7229,17.2766,17.6111,17.6111,11194746
1997-05-13,17.688,17.7628,17.5732,17.7628,17.7628,10054194
1997-05-14,17.9117,17.9535,17.649,17.8367,17.8367,9085952
1997-05-15,17.7229,17.7978,17.3515,17.5391,17.5391,8922048
1997-05-16,17.4623,17.6111,17.3135,17.3135,17.3135,15719460
1997-05-19,17.3515,17.6111,17.2766,17.6111,17.6111,8484318
1997-05-20,17.3515,17.649,17.0976,17.6111,17.6111,9722506
1997-05-21,17.688,17.7978,17.4263,17.7229,17.7229,11787010
1997-05-22,17.8367,17.9117,17.3884,17.4263,17.4263,10693007
1997-05-23,17.5732,17.8727,17.4993,17.8367,17.8367,6853990
1997-05-27,17.649,17.9535,17.4993,17.7628,17.7628,9467751
1997-05-28,17.649,17.7628,17.3515,17.4993,17.4993,8502744
1997-05-29,17.5732,17.688,17.4263,17.4993,17.4993,7913396
1997-05-30,17.3135,17.7628,17.2387,17.649,17.649,13207197
1997-06-02,17.7229,17.9924,17.5391,17.8727,17.8727,10926741
1997-06-03,17.7229,18.2151,17.5732,17.8367,17.8367,12662466
1997-06-04,17.688,18.0283,17.5732,17.8727,17.8727,8116092
1997-06-05,17.8727,17.9117,17.5732,17.9117,17.9117,11308226
1997-06-06,17.8727,18.4708,17.8367,18.2481,18.2481,12413534
1997-06-09,18.2481,18.358,18.1033,18.3211,18.3211,9888994
1997-06-10,18.2481,18.5058,18.1033,18.1791,18.1791,10151181
1997-06-11,18.2841,18.6206,18.2841,18.4708,18.4708,11209945
1997-06-12,18.6206,19.0699,18.5058,18.9571,18.9571,12164601
1997-06-13,18.9931,19.1029,18.7314,18.9931,18.9931,12278403
1997-06-16,19.03,19.3995,19.03,19.1779,19.1779,8669878
1997-06-17,19.1029,19.2187,18.8831,18.9571,18.9571,8658891
1997-06-18,18.9172,18.9931,18.8103,18.8831,18.8831,8609427
1997-06-19,18.8423,18.9931,18.6206,18.7314,18.7314,9739956
1997-06-20,18.6945,18.9571,18.6546,18.9172,18.9172,19747283
1997-06-23,18.9571,19.03,18.358,18.3979,18.3979,8960195
1997-06-24,18.4708,18.6206,18.0283,18.6206,18.6206,12578414
1997-06-25,18.5448,18.5836,17.7628,18.1586,18.1586,14297321
1997-06-26,18.1586,18.5836,18.1033,18.2335,18.2335,11462749
1997-06-27,18.358,18.6206,18.0108,18.0108,18.0108,7621148
1997-06-30,18.3979,18.4319,17.8183,18.2481,18.2481,12098007
1997-07-01,18.3211,18.8609,18.2481,18.8423,18.8423,8890040
1997-07-02,18.9931,18.9931,18.5058,18.8103,18.8103,10353883
1997-07-03,19.1029,19.3431,19.0864,19.2537,19.2537,7349905
1997-07-07,19.3597,19.5464,18.7879,18.8609,18.8609,10626413
1997-07-08,18.8609,18.9376,18.6945,18.9376,18.9376,6467980
1997-07-09,18.9376,18.9376,18.1217,18.4533,18.4533,13075306
1997-07-10,18.7314,18.7704,18.1217,18.4135,18.4135,9751275
1997-07-11,18.4533,18.6206,18.3415,18.3979,18.3979,6939982
1997-07-14,18.3045,18.3415,17.8727,18.1033,18.1033,9942666
1997-07-15,18.1033,18.5651,17.8727,18.5448,18.5448,12705139
1997-07-16,18.6002,18.9172,18.5836,18.6945,18.6945,11407467
1997-07-17,18.8423,18.9172,18.6206,18.7314,18.7314,10066806
1997-07-18,18.7518,18.7879,17.9924,18.0108,18.0108,13313559
1997-07-21,18.4708,18.5448,18.0477,18.2657,18.2657,11164356
1997-07-22,18.6206,18.8248,18.5448,18.7314,18.7314,12337236
1997-07-23,18.7704,18.8103,18.2335,18.3045,18.3045,10624148
1997-07-24,18.3415,18.4708,18.0477,18.4708,18.4708,11795738
1997-07-25,18.5058,18.7704,18.4319,18.7149,18.7149,10536217
1997-07-28,18.7704,19.0504,18.7704,18.8831,18.8831,7965446
1997-07-29,18.8248,18.8423,18.5836,18.6945,18.6945,6396535
1997-07-30,18.8831,19.0864,18.8103,19.0504,19.0504,8806629
1997-07-31,19.0699,19.4151,18.9931,19.1438,19.1438,9851813
1997-08-01,19.1438,19.2916,18.4922,18.9571,18.9571,10290195
1997-08-04,18.9172,19.1779,18.8831,19.0699,19.0699,6872417
1997-08-05,19.0699,19.0699,18.7879,18.9376,18.9376,5852123
1997-08-06,18.8831,19.491,18.8831,19.3236,19.3236,9637152
1997-08-07,19.2916,19.3597,19.0699,19.1029,19.1029,7423298
1997-08-08,18.8103,18.8103,18.2841,18.4708,18.4708,13524994
1997-08-11,18.5281,18.9764,18.4533,18.7314,18.7314,12916892
1997-08-12,18.7704,18.9026,18.5058,18.6206,18.6206,6714007
1997-08-13,18.5651,18.7518,17.8727,18.1033,18.1033,11038923
1997-08-14,18.3211,18.3784,17.8562,17.9924,17.9924,11275896
1997-08-15,17.8367,17.9924,17.5732,17.5732,17.5732,13921987
1997-08-18,17.6306,18.5651,17.4623,18.5281,18.5281,12531856
1997-08-19,18.5448,18.5836,18.1421,18.5448,18.5448,10124671
1997-08-20,18.5281,18.9376,18.4533,18.8831,18.8831,8784651
1997-08-21,18.9571,18.9571,18.3211,18.5651,18.5651,10629322
1997-08-22,18.2481,18.7314,18.0867,18.6945,18.6945,10682011
1997-08-25,18.7518,18.9172,18.4135,18.5651,18.5651,7863281
1997-08-26,18.5836,18.7149,18.2151,18.3979,18.3979,7553900
1997-08-27,18.3211,18.9026,18.1586,18.8423,18.8423,10144393
1997-08-28,18.7879,18.8248,18.2151,18.4319,18.4319,10688808
1997-08-29,18.1946,18.5281,18.1946,18.2335,18.2335,8382482
1997-09-02,18.2657,19.0699,18.2657,19.0699,19.0699,12330127
1997-09-03,19.0699,19.2187,18.7314,19.1029,19.1029,9129920
1997-09-04,19.03,19.2916,18.8423,19.1438,19.1438,8569020
1997-09-05,19.275,19.3597,18.7879,19.0699,19.0699,7778910
1997-09-08,19.2187,19.3431,19.0504,19.1438,19.1438,8076004
1997-09-09,19.1438,19.3431,18.9026,19.2187,19.2187,7644746
1997-09-10,18.9931,19.1612,18.7149,18.7518,18.7518,6801287
1997-09-11,18.6409,18.7149,18.2335,18.5058,18.5058,10343541
1997-09-12,18.5448,18.7879,18.2657,18.7879,18.7879,8072130
1997-09-15,18.6546,18.9571,18.6546,18.6945,18.6945,6124330
1997-09-16,18.8103,19.4151,18.8103,19.2537,19.2537,10018639
1997-09-17,19.3431,19.5104,19.1779,19.2537,19.2537,9986630
1997-09-18,19.1992,20.0375,19.1992,19.6591,19.6591,14043221
1997-09-19,19.6591,19.6591,19.3597,19.6048,19.6048,15574625
1997-09-22,19.6407,19.6787,18.8423,19.1273,19.1273,11415556
1997-09-23,19.1029,19.4355,19.03,19.3995,19.3995,8497894
1997-09-24,19.4151,19.5863,19.1029,19.1273,19.1273,8136458
1997-09-25,19.1992,19.5104,19.0116,19.03,19.03,11352510
1997-09-26,19.0699,19.1612,18.9172,19.1438,19.1438,9291563
1997-09-29,18.9931,19.3995,18.9376,19.3052,19.3052,7177918
1997-09-30,19.1779,19.4355,19.03,19.0864,19.0864,8437765
1997-10-01,19.1438,19.5863,19.1029,19.4531,19.4531,7960596
1997-10-02,19.3597,19.4355,19.1612,19.3431,19.3431,8443906
1997-10-03,19.5464,19.7886,19.1029,19.4151,19.4151,11444001
1997-10-06,19.809,19.9276,19.5863,19.8897,19.8897,8164265
1997-10-07,19.8528,19.9276,19.6787,19.9091,19.9091,8205970
1997-10-08,19.6981,19.809,19.1779,19.4355,19.4355,11927314
1997-10-09,19.2371,19.4531,19.2371,19.3052,19.3052,8774951
1997-10-10,19.1992,19.3052,18.9571,19.2371,19.2371,10511326
1997-10-13,19.3236,19.3995,19.1779,19.2371,19.2371,5156737
1997-10-14,19.3431,19.3782,18.9376,19.2371,19.2371,9207833
1997-10-15,19.1438,19.4151,19.1438,19.3052,19.3052,7417152
1997-10-16,19.4355,19.5309,18.8831,19.0699,19.0699,8818920
1997-10-17,18.8831,19.1992,18.7879,18.9571,18.9571,11122977
1997-10-20,18.9376,19.3995,18.7879,19.3597,19.3597,10007631
1997-10-21,19.4151,19.4531,19.1779,19.3995,19.3995,9249853
1997-10-22,19.4355,19.4531,19.2537,19.3236,19.3236,6357418
1997-10-23,19.03,19.2916,18.6409,18.8103,18.8103,11339257
1997-10-24,19.03,19.0504,18.3784,18.6546,18.6546,13906147
1997-10-27,18.6945,19.0116,17.2387,17.2766,17.2766,14601539
1997-10-28,17.0228,18.3211,16.3108,18.3045,18.3045,26414729
1997-10-29,18.2481,18.2481,17.7229,17.9709,17.9709,15255222
1997-10-30,17.7978,18.358,17.7229,18.0867,18.0867,12904611
1997-10-31,18.2481,18.4319,17.7045,18.3045,18.3045,9903863
1997-11-03,18.5058,18.9172,18.4319,18.5448,18.5448,11106167
1997-11-04,18.4708,18.7149,18.3211,18.6409,18.6409,8882928
1997-11-05,18.6409,18.7314,18.2841,18.4319,18.4319,8858366
1997-11-06,18.3784,18.4708,18.0477,18.2481,18.2481,9349108
1997-11-07,17.8727,18.0477,17.5567,17.9117,17.9117,9980484
1997-11-10,18.2151,18.2481,17.649,17.7784,17.7784,8796615
1997-11-11,17.8727,18.0867,17.7434,17.8183,17.8183,7242256
1997-11-12,17.5197,17.7784,17.4623,17.5391,17.5391,8572252
1997-11-13,17.7229,17.8923,17.5956,17.8367,17.8367,9415385
1997-11-14,17.9709,18.3045,17.7628,18.1586,18.1586,7560686
1997-11-17,18.3979,18.6546,18.2335,18.4533,18.4533,9425403
1997-11-18,18.5281,18.7314,18.4708,18.5281,18.5281,9287360
1997-11-19,18.4708,18.6002,18.2841,18.4922,18.4922,9650411
1997-11-20,18.4922,18.9026,18.3211,18.6789,18.6789,10311854
1997-11-21,18.7704,19.1029,18.6206,19.0504,19.0504,12377006
1997-11-24,18.8831,19.0116,18.6002,18.7314,18.7314,8716759
1997-11-25,18.7518,18.8103,17.9924,18.2151,18.2151,13743210
1997-11-26,18.1586,18.4533,18.1421,18.2335,18.2335,6961643
1997-11-28,18.2657,18.3211,18.1586,18.1791,18.1791,2726917
1997-12-01,18.1791,18.3979,17.8727,18.3415,18.3415,9730906
1997-12-02,18.2657,18.5448,18.1946,18.2335,18.2335,10073913
1997-12-03,18.1946,18.8248,18.1946,18.6002,18.6002,10564015
1997-12-04,18.7518,18.8423,18.5058,18.5651,18.5651,8958905
1997-12-05,18.6002,19.2916,18.6002,19.0699,19.0699,13760346
1997-12-08,19.1029,19.1438,18.7149,18.8248,18.8248,10525542
1997-12-09,18.8423,18.9026,18.5058,18.5836,18.5836,8544121
1997-12-10,18.5651,18.8248,18.4922,18.6945,18.6945,7297859
1997-12-11,18.7518,18.9571,18.4708,18.5836,18.5836,9122487
1997-12-12,18.5836,18.6002,18.3415,18.4708,18.4708,8441967
1997-12-15,18.5058,18.8423,18.5058,18.7149,18.7149,7940227
1997-12-16,18.8248,19.03,18.7704,18.9376,18.9376,7761131
1997-12-17,18.9931,19.03,18.6002,18.6945,18.6945,7458205
1997-12-18,18.6206,18.8423,18.358,18.3784,18.3784,9418291
1997-12-19,18.1217,18.2335,17.649,17.9535,17.9535,18543040
1997-12-22,17.9535,18.2657,17.8183,17.9709,17.9709,8644991
1997-12-23,18.0477,18.2841,17.7434,17.9311,17.9311,8199499
1997-12-24,18.0108,18.1946,17.8562,17.9117,17.9117,4741954
1997-12-26,17.9709,18.1946,17.9709,18.0867,18.0867,2917332
1997-12-29,18.1033,18.4533,18.0477,18.3415,18.3415,7342144
1997-12-30,18.5836,18.6206,18.2151,18.5651,18.5651,9114725
1997-12-31,18.358,18.3979,18.1033,18.2335,18.2335,11228697
1998-01-02,18.1946,18.4922,18.1586,18.4319,18.4319,9144472
1998-01-05,18.4708,18.5281,17.9709,18.2335,18.2335,14108853
1998-01-06,17.9117,18.0477,17.4623,17.5732,17.5732,14562743
1998-01-07,17.5956,18.1586,17.5391,18.1421,18.1421,18853389
1998-01-08,18.0663,18.1791,17.7229,17.7434,17.7434,10276618
1998-01-09,17.7434,17.7784,17.1521,17.3135,17.3135,13029395
1998-01-12,16.907,17.5732,16.872,17.4993,17.4993,13517236
1998-01-13,17.7229,17.9117,17.5732,17.8923,17.8923,14413702
1998-01-14,17.9311,18.1791,17.7978,18.1217,18.1217,10304742
1998-01-15,18.0477,18.3045,17.649,17.7229,17.7229,13911966
1998-01-16,17.9709,18.3415,17.8727,18.1217,18.1217,13651715
1998-01-20,18.0867,18.2481,17.9709,18.1421,18.1421,10261097
1998-01-21,18.3211,18.4533,18.0283,18.1946,18.1946,10751525
1998-01-22,17.9535,17.9535,17.5732,17.7434,17.7434,9198453
1998-01-23,17.7434,17.8562,17.333,17.5956,17.5956,9346201
1998-01-26,17.5956,18.0108,17.5956,17.9535,17.9535,9485858
1998-01-27,17.9924,18.1791,17.9311,17.9924,17.9924,9106320
1998-01-28,17.9311,18.0283,17.5732,17.6306,17.6306,13394707
1998-01-29,17.7978,18.1421,17.6685,18.1033,18.1033,12704172
1998-01-30,18.0477,18.0663,17.6111,17.6685,17.6685,11788299
1998-02-02,18.1033,18.1217,17.9311,18.0283,18.0283,14109168
1998-02-03,17.9535,18.2481,17.9311,18.1217,18.1217,10094927
1998-02-04,18.0477,18.4708,18.0477,18.3415,18.3415,9391774
1998-02-05,18.4708,18.6002,18.2841,18.4533,18.4533,11257465
1998-02-06,18.3211,18.5448,18.3211,18.4708,18.4708,7884298
1998-02-09,18.4708,18.5281,18.2481,18.4708,18.4708,7718456
1998-02-10,18.4708,18.5281,18.3415,18.4922,18.4922,8670528
1998-02-11,18.5058,18.7518,18.4319,18.6789,18.6789,10096549
1998-02-12,18.6546,18.9026,18.4319,18.7879,18.7879,9086598
1998-02-13,18.7314,18.8831,18.6546,18.8103,18.8103,7415212
1998-02-17,18.8423,18.8423,18.4533,18.5058,18.5058,9846324
1998-02-18,18.5651,19.0864,18.5448,19.0116,19.0116,13365611
1998-02-19,19.03,19.0699,18.8609,18.9571,18.9571,9872507
1998-02-20,18.9376,19.1992,18.8248,19.1612,19.1612,12387350
1998-02-23,18.9026,18.9026,18.3979,18.6206,18.6206,12439399
1998-02-24,18.6789,18.8248,18.5448,18.6945,18.6945,10523603
1998-02-25,18.7518,18.8103,18.5448,18.7149,18.7149,6427572
1998-02-26,18.7149,18.9172,18.6546,18.7879,18.7879,6723380
1998-02-27,18.7518,19.0864,18.7149,18.9931,18.9931,9003512
1998-03-02,19.03,19.1029,18.7879,18.9172,18.9172,7882035
1998-03-03,18.9172,19.1612,18.8831,19.1438,19.1438,11084827
1998-03-04,19.1438,19.1992,18.8423,18.9026,18.9026,11387420
1998-03-05,18.7314,18.9026,18.6409,18.7518,18.7518,11165976
1998-03-06,18.7518,18.7518,18.5281,18.6945,18.6945,11081595
1998-03-09,18.7518,18.7518,18.5281,18.6206,18.6206,9999886
1998-03-10,18.7314,18.9376,18.6945,18.9026,18.9026,9159983
1998-03-11,19.0699,19.1273,18.8831,19.0504,19.0504,9118603
1998-03-12,18.9764,19.0699,18.8248,19.03,19.03,7739143
1998-03-13,19.0504,19.1779,18.9931,19.1612,19.1612,7235789
1998-03-16,19.1612,19.1992,19.0504,19.1273,19.1273,6593746
1998-03-17,19.0699,19.0699,18.5058,18.7518,18.7518,13296103
1998-03-18,18.8248,19.275,18.7518,19.2537,19.2537,12408682
1998-03-19,19.275,19.3597,19.1779,19.3052,19.3052,10680723
1998-03-20,19.3597,20.1873,19.3052,20.0035,20.0035,22624849
1998-03-23,20.835,20.8564,20.1873,20.2621,20.2621,19307929
1998-03-24,20.4431,20.482,20.2446,20.3711,20.3711,11047331
1998-03-25,20.4663,20.6103,20.0959,20.1873,20.1873,9402448
1998-03-26,20.1697,20.5597,20.1328,20.3186,20.3186,9492964
1998-03-27,20.3896,20.4247,19.9451,20.1513,20.1513,7964146
1998-03-30,20.1873,20.3497,19.8692,20.2446,20.2446,7454002
1998-03-31,20.4042,20.4042,20.019,20.1513,20.1513,8826034
1998-04-01,20.1873,20.5597,20.0765,20.5384,20.5384,10576295
1998-04-02,20.4663,20.835,20.4663,20.8165,20.8165,9048770
1998-04-03,20.8165,20.835,20.482,20.6103,20.6103,7272959
1998-04-06,20.6493,20.7824,20.3896,20.3896,20.3896,8013937
1998-04-07,20.3896,20.4975,20.0035,20.1873,20.1873,7735910
1998-04-08,20.2057,20.2446,19.4735,19.6981,19.6981,10489656
1998-04-09,19.6981,19.9831,19.6981,19.8897,19.8897,6342545
1998-04-13,19.9831,20.2446,19.809,20.1697,20.1697,11426543
1998-04-14,20.0959,20.1513,19.8528,20.019,20.019,7388062
1998-04-15,20.2262,20.5384,20.0375,20.4663,20.4663,10824584
1998-04-16,20.5179,21.153,20.4042,20.9497,20.9497,21569316
1998-04-17,21.1355,21.5566,20.9818,21.4642,21.4642,13843426
1998-04-20,21.7521,21.8259,21.4642,21.7288,21.7288,14856928
1998-04-21,21.8259,21.8805,21.5566,21.8443,21.8443,10647099
1998-04-22,21.9164,21.9562,21.6509,21.7288,21.7288,10922864
1998-04-23,21.6509,22.0477,21.6509,21.9748,21.9748,11154012
1998-04-24,22.0311,22.2548,21.8999,21.8999,21.8999,11012413
1998-04-27,21.7715,22.2364,21.7715,22.1429,22.1429,14223937
1998-04-28,22.2004,22.2004,21.7074,21.8648,21.8648,13330372
1998-04-29,21.8648,21.9398,21.7288,21.7288,21.7288,9754188
1998-04-30,21.7521,21.8805,21.539,21.7715,21.7715,8904907
1998-05-01,22.0477,22.6019,21.9923,22.529,22.529,11298845
1998-05-04,22.64,22.64,22.1771,22.2753,22.2753,9405039
1998-05-05,22.0866,22.3512,21.8999,22.0477,22.0477,7649595
1998-05-06,22.0672,22.3861,22.0672,22.1771,22.1771,9762593
1998-05-07,22.105,22.1255,21.7521,21.8259,21.8259,7263265
1998-05-08,21.8046,22.1771,21.539,21.8046,21.8046,9545988
1998-05-11,21.5964,21.8443,21.5021,21.7288,21.7288,9145114
1998-05-12,21.7521,22.0477,21.7288,21.9923,21.9923,9915177
1998-05-13,21.9398,22.2004,21.8648,21.9398,21.9398,11585600
1998-05-14,21.9164,22.0127,21.7288,21.9398,21.9398,10857234
1998-05-15,21.9748,22.2753,21.9562,21.9562,21.9562,12423234
1998-05-18,21.9562,22.0311,21.5566,21.614,21.614,9335210
1998-05-19,21.6315,21.7288,21.3397,21.539,21.539,8300043
1998-05-20,21.4798,21.614,21.08,21.2279,21.2279,8891334
1998-05-21,21.1733,21.3223,20.7971,20.9672,20.9672,11001420
1998-05-22,21.0976,21.0976,20.9089,21.0227,21.0227,5653298
1998-05-26,21.0976,21.0976,20.7221,20.7221,20.7221,6930283
1998-05-27,20.7425,21.08,20.5597,20.9672,20.9672,10329632
1998-05-28,21.0062,21.19,20.8564,21.1355,21.1355,8219547
1998-05-29,21.1355,21.2279,20.835,21.0062,21.0062,11327300
1998-06-01,21.0062,21.0586,20.8165,21.0401,21.0401,7648299
1998-06-02,21.153,21.1733,20.7221,20.835,20.835,8604899
1998-06-03,20.6657,20.9497,20.5597,20.5597,20.5597,7216066
1998-06-04,20.5724,21.0062,20.5724,20.9497,20.9497,12201455
1998-06-05,21.0227,21.4068,20.9497,21.3893,21.3893,11468249
1998-06-08,21.3893,21.3893,21.1355,21.2095,21.2095,7629227
1998-06-09,21.08,21.1355,20.7221,20.835,20.835,8759434
1998-06-10,20.7611,21.0062,20.4431,20.4975,20.4975,10041266
1998-06-11,20.7824,20.7824,20.0765,20.2835,20.2835,13782327
1998-06-12,20.3186,20.7221,20.1873,20.6493,20.6493,9704401
1998-06-15,20.5597,20.5928,20.3021,20.4042,20.4042,9448356
1998-06-16,20.4042,20.835,20.2262,20.7221,20.7221,9951387
1998-06-17,20.9672,21.3018,20.835,21.153,21.153,12822491
1998-06-18,21.08,21.1355,20.8165,21.08,21.08,7849385
1998-06-19,21.153,21.2843,20.8749,20.8749,20.8749,13198145
1998-06-22,20.8749,21.3223,20.8749,21.0401,21.0401,9123451
1998-06-23,21.19,21.4068,21.1733,21.3893,21.3893,11484088
1998-06-24,21.4476,21.5751,21.3223,21.5751,21.5751,13124439
1998-06-25,21.5751,21.7715,21.4476,21.5964,21.5964,10309587
1998-06-26,21.6713,21.7521,21.3397,21.5235,21.5235,6617341
1998-06-29,21.5021,21.539,21.3018,21.3018,21.3018,7282342
1998-06-30,21.5235,21.7521,21.2279,21.2648,21.2648,12441018
1998-07-01,21.4642,21.7288,21.3223,21.7288,21.7288,9577026
1998-07-02,21.539,21.9923,21.5235,21.7074,21.7074,8381835
1998-07-06,21.6509,21.8805,21.6315,21.8443,21.8443,5950075
1998-07-07,21.7715,21.8648,21.6509,21.6713,21.6713,7438812
1998-07-08,21.6713,21.8805,21.6713,21.8046,21.8046,6357418
1998-07-09,21.5751,21.6879,21.0976,21.3709,21.3709,7336974
1998-07-10,21.3018,21.5566,21.19,21.3601,21.3601,5660095
1998-07-13,21.3018,21.3223,20.8749,21.0062,21.0062,8238945
1998-07-14,20.9283,21.5235,20.9283,21.4642,21.4642,8580335
1998-07-15,21.3893,21.5235,21.2483,21.3397,21.3397,8076330
1998-07-16,21.3018,21.3223,20.8914,21.2648,21.2648,5744469
1998-07-17,21.3223,21.5751,21.153,21.5566,21.5566,8494985
1998-07-20,21.5235,21.5566,20.8749,21.0227,21.0227,7172425
1998-07-21,21.0227,21.2843,20.8564,20.9089,20.9089,8167173
1998-07-22,20.9818,21.4476,20.8564,21.3893,21.3893,10637403
1998-07-23,21.3018,21.4068,20.8165,20.8914,20.8914,8457482
1998-07-24,20.7971,21.0976,20.7425,20.9672,20.9672,7182120
1998-07-27,20.8564,21.3018,20.7971,21.2843,21.2843,8816979
1998-07-28,21.08,21.1733,20.3186,20.7425,20.7425,11392603
1998-07-29,20.7611,21.08,20.6493,21.0586,21.0586,10710461
1998-07-30,21.1355,21.5235,21.08,21.4798,21.4798,10452479
1998-07-31,21.4476,21.4476,20.7425,20.9283,20.9283,10558193
1998-08-03,20.7425,20.7425,20.2835,20.4042,20.4042,7946694
1998-08-04,20.482,20.6103,19.9646,20.0035,20.0035,13200410
1998-08-05,20.0035,20.0035,19.0699,19.7137,19.7137,14048714
1998-08-06,19.6407,19.6591,19.0699,19.3431,19.3431,9999559
1998-08-07,19.3782,20.1513,19.2371,19.9451,19.9451,15982939
1998-08-10,19.9091,20.4247,19.7739,20.1513,20.1513,13685341
1998-08-11,20.0579,20.4042,19.6048,20.2621,20.2621,15094547
1998-08-12,20.1328,20.3497,19.6981,19.9831,19.9831,10567569
1998-08-13,20.0035,20.3302,19.9451,20.3186,20.3186,11388399
1998-08-14,20.3186,20.6103,20.2446,20.3711,20.3711,12102212
1998-08-17,20.2262,20.835,20.2057,20.7425,20.7425,10874367
1998-08-18,20.5597,20.9818,20.482,20.9089,20.9089,10694624
1998-08-19,20.8749,21.0976,20.8165,21.08,21.08,7985167
1998-08-20,21.0976,21.4642,20.8914,21.2483,21.2483,10635465
1998-08-21,21.153,21.2648,20.7221,21.1151,21.1151,13786533
1998-08-24,21.3018,21.3397,20.8564,21.0227,21.0227,10972332
1998-08-25,21.0976,21.3601,20.8564,20.9672,20.9672,9427343
1998-08-26,20.7221,21.1151,20.7046,20.9672,20.9672,9437039
1998-08-27,20.7046,21.0401,20.6327,20.6327,20.6327,16351807
1998-08-28,20.6327,20.7971,20.0579,20.1328,20.1328,14659401
1998-08-31,20.2446,20.5928,19.3597,19.491,19.491,20218628
1998-09-01,19.2187,19.8528,18.5058,19.7739,19.7739,19776049
1998-09-02,19.7331,19.8692,18.9172,19.0699,19.0699,14019948
1998-09-03,18.8831,19.2187,18.4708,19.0504,19.0504,17216276
1998-09-04,19.2187,19.809,18.8831,19.6787,19.6787,17711547
1998-09-08,20.0035,20.1697,19.5863,20.0959,20.0959,12780466
1998-09-09,20.0959,20.6327,19.9831,20.4663,20.4663,12116111
1998-09-10,20.3711,21.0586,20.0765,20.7611,20.7611,19194463
1998-09-11,20.7971,21.1355,20.4431,21.0227,21.0227,13275093
1998-09-14,21.0976,21.2843,20.9283,21.0062,21.0062,9784252
1998-09-15,20.8749,21.3223,20.8749,21.2279,21.2279,8025573
1998-09-16,21.153,21.1733,20.4663,20.7971,20.7971,10490306
1998-09-17,20.5724,20.6657,20.3711,20.4247,20.4247,7975790
1998-09-18,20.2621,20.3186,19.7886,20.3021,20.3021,18919016
1998-09-21,20.0035,20.4247,19.9091,20.3186,20.3186,8520201
1998-09-22,20.3896,20.3896,19.809,19.9831,19.9831,10483193
1998-09-23,20.1124,20.9672,20.0959,20.9497,20.9497,13459690
1998-09-24,20.7425,21.0227,20.4975,20.6657,20.6657,11352831
1998-09-25,20.4975,20.8165,20.3497,20.3711,20.3711,8804046
1998-09-28,20.3896,20.5597,20.1124,20.2835,20.2835,8880018
1998-09-29,20.4247,21.2279,20.1513,21.2279,21.2279,15623440
1998-09-30,21.153,21.19,20.6657,21.0401,21.0401,18247551
1998-10-01,20.9089,21.3709,20.8749,21.0227,21.0227,20539329
1998-10-02,21.0401,21.9164,21.0401,21.7521,21.7521,17092454
1998-10-05,21.614,22.4154,21.614,22.3093,22.3093,23535218
1998-10-06,22.4154,22.6019,22.2188,22.565,22.565,19999440
1998-10-07,22.565,22.6019,21.8259,22.0672,22.0672,17890648
1998-10-08,21.8259,21.8259,21.153,21.3601,21.3601,15805132
1998-10-09,21.4798,21.5964,20.9283,21.08,21.08,11659308
1998-10-12,21.4798,21.5021,21.1151,21.3893,21.3893,8258663
1998-10-13,21.5751,22.0127,21.3709,21.7521,21.7521,10490306
1998-10-14,21.9398,22.1624,21.8443,22.0477,22.0477,11900155
1998-10-15,22.0672,22.6234,21.9164,22.529,22.529,14254650
1998-10-16,22.6974,22.8082,22.4911,22.7333,22.7333,16874881
1998-10-19,22.7158,22.8636,22.1624,22.3093,22.3093,11266512
1998-10-20,22.3278,22.922,22.3093,22.8082,22.8082,11368352
1998-10-21,22.8491,22.922,22.4911,22.5086,22.5086,10973938
1998-10-22,22.4367,22.4532,21.1355,21.3709,21.3709,15442725
1998-10-23,21.4068,21.4068,21.0062,21.2279,21.2279,9762265
1998-10-26,21.2648,21.5021,21.1733,21.2095,21.2095,12992870
1998-10-27,21.3893,21.5964,20.6882,20.7221,20.7221,12080230
1998-10-28,20.7611,21.153,20.7221,20.9818,20.9818,8635612
1998-10-29,21.0227,21.6879,20.9672,21.6509,21.6509,9192315
1998-10-30,21.8805,21.8999,21.2279,21.3397,21.3397,9122487
1998-11-02,21.2648,21.7288,21.2648,21.4642,21.4642,9563772
1998-11-03,21.6315,22.0127,21.3397,21.7521,21.7521,6756675
1998-11-04,21.8259,22.0311,21.3893,21.4476,21.4476,7926003
1998-11-05,21.4282,21.7074,21.0401,21.7074,21.7074,9787159
1998-11-06,21.6315,21.9398,21.5566,21.8999,21.8999,8587768
1998-11-09,21.7288,21.789,21.2279,21.4476,21.4476,6290822
1998-11-10,21.4068,21.5235,20.8914,20.8914,20.8914,10723075
1998-11-11,21.19,21.2648,20.7824,20.9283,20.9283,10580825
1998-11-12,21.1151,21.8648,21.0976,21.6879,21.6879,14543989
1998-11-13,21.8443,21.9923,21.153,21.7074,21.7074,10976205
1998-11-16,21.5751,21.6315,21.153,21.2843,21.2843,7678686
1998-11-17,21.2095,21.5751,21.0062,21.0227,21.0227,8202412
1998-11-18,20.9672,21.153,20.7971,21.0586,21.0586,10705939
1998-11-19,21.0586,21.1355,20.7221,20.8165,20.8165,10215193
1998-11-20,21.0062,21.4798,20.8914,21.4476,21.4476,16016556
1998-11-23,21.5021,21.5964,21.1355,21.4642,21.4642,10390087
1998-11-24,21.4476,21.8443,21.4068,21.6509,21.6509,9036166
1998-11-25,21.4068,21.8443,21.2843,21.6509,21.6509,8298432
1998-11-27,22.3093,23.0329,22.1255,22.1624,22.1624,16760764
1998-11-30,22.1255,22.565,21.8805,22.3512,22.3512,22946515
1998-12-01,21.5964,21.6315,21.153,21.3397,21.3397,44620580
1998-12-02,21.3223,21.5964,21.1151,21.2279,21.2279,24099679
1998-12-03,21.153,21.153,20.8749,21.0227,21.0227,19233900
1998-12-04,21.2095,21.3018,20.9283,21.3018,21.3018,14814581
1998-12-07,21.3018,21.8046,21.2843,21.7521,21.7521,11877210
1998-12-08,21.6713,21.8999,21.5566,21.8046,21.8046,13373047
1998-12-09,21.7288,22.0477,21.7288,22.0311,22.0311,12386054
1998-12-10,22.0477,22.105,21.9164,21.9748,21.9748,10977822
1998-12-11,21.9923,22.2753,21.9164,22.2364,22.2364,11271688
1998-12-14,22.2004,22.3278,21.9398,22.1771,22.1771,11367378
1998-12-15,22.2753,22.2937,21.9398,22.0477,22.0477,11454344
1998-12-16,22.2188,22.565,22.0866,22.5086,22.5086,16826068
1998-12-17,22.3657,22.4532,22.0127,22.3093,22.3093,12791777
1998-12-18,22.2753,22.6974,22.2004,22.6234,22.6234,20889451
1998-12-21,22.6234,22.8491,22.2753,22.2937,22.2937,11844873
1998-12-22,22.2188,22.4911,22.2004,22.3278,22.3278,11183756
1998-12-23,22.3512,22.4367,22.2004,22.3657,22.3657,9021620
1998-12-24,22.3861,22.4367,22.2004,22.2364,22.2364,2805154
1998-12-28,22.2004,22.2753,22.0477,22.2004,22.2004,8084735
1998-12-29,22.1771,22.565,22.0311,22.529,22.529,9321633
1998-12-30,22.4532,22.6234,22.2004,22.2364,22.2364,11530966
1998-12-31,22.1255,22.1624,21.7715,21.789,21.789,9696316
1999-01-04,21.6713,22.0866,21.5235,21.6315,21.6315,14311226
1999-01-05,21.5964,21.7288,21.3601,21.4476,21.4476,10753786
1999-01-06,21.789,22.5816,21.6509,22.3093,22.3093,16108700
1999-01-07,22.1771,22.3278,21.9748,22.2753,22.2753,11989389
1999-01-08,22.1255,22.2548,21.7288,22.1429,22.1429,10253665
1999-01-11,21.6713,21.8999,21.0976,21.2279,21.2279,18515237
1999-01-12,21.2483,21.5566,21.0062,21.08,21.08,13866382
1999-01-13,20.8564,21.4068,20.7824,21.0062,21.0062,13461305
1999-01-14,20.9283,21.1355,20.7221,20.7824,20.7824,13592560
1999-01-15,20.9818,21.19,20.7971,21.1733,21.1733,11518037
1999-01-19,21.153,21.2483,21.0401,21.1733,21.1733,10353238
1999-01-20,21.1733,21.3223,21.0586,21.153,21.153,15862349
1999-01-21,21.153,21.3893,21.0976,21.19,21.19,13996342
1999-01-22,21.1733,21.3601,21.0976,21.2648,21.2648,13898392
1999-01-25,21.2483,21.5021,21.0401,21.4476,21.4476,10980410
1999-01-26,21.3709,21.5964,21.2648,21.5235,21.5235,11664156
1999-01-27,21.5235,21.5964,21.08,21.153,21.153,11890783
1999-01-28,20.9283,21.3018,20.9283,21.153,21.153,12732941
1999-01-29,21.0227,21.153,20.8749,20.9283,20.9283,10818444
1999-02-01,20.8749,21.0062,20.7221,20.7425,20.7425,12175920
1999-02-02,20.6657,20.8165,20.3302,20.4663,20.4663,15513203
1999-02-03,20.5597,21.0227,20.4431,20.9672,20.9672,14811672
1999-02-04,21.0227,21.0227,20.6327,20.7971,20.7971,11288178
1999-02-05,20.8749,21.4282,20.7971,21.3601,21.3601,16524767
1999-02-08,21.2279,21.6509,21.1355,21.6509,21.6509,15389384
1999-02-09,21.6315,21.8805,21.5021,21.5021,21.5021,18253372
1999-02-10,21.3223,21.8443,21.3223,21.614,21.614,14175121
1999-02-11,21.4068,21.5021,20.5597,20.9672,20.9672,21514361
1999-02-12,20.9283,21.2648,20.4975,20.6882,20.6882,17538914
1999-02-16,20.6103,20.835,20.2057,20.4247,20.4247,14421460
1999-02-17,20.5179,20.8165,20.4042,20.4431,20.4431,9501697
1999-02-18,20.4975,20.5724,20.2057,20.5179,20.5179,11931192
1999-02-19,20.2621,20.5384,20.1873,20.4042,20.4042,9559888
1999-02-22,20.3711,20.5384,20.2835,20.3186,20.3186,10704648
1999-02-23,20.3021,20.4663,20.1124,20.1873,20.1873,10554316
1999-02-24,20.2057,20.3896,20.0035,20.2204,20.2204,11163384
1999-02-25,20.0375,20.2057,19.8528,20.0579,20.0579,11261996
1999-02-26,20.1124,20.1513,19.7739,19.8342,19.8342,13444818
1999-03-01,19.7535,19.7535,19.3052,19.4151,19.4151,14092358
1999-03-02,19.491,19.6212,19.2371,19.3052,19.3052,15659005
1999-03-03,19.3052,19.5669,19.1612,19.5669,19.5669,19183142
1999-03-04,19.5669,20.3896,19.5104,20.2057,20.2057,16450412
1999-03-05,20.6327,20.8914,20.4975,20.7611,20.7611,14913511
1999-03-08,20.8564,21.1355,20.7046,21.1355,21.1355,13632649
1999-03-09,21.0586,21.2843,20.835,20.835,20.835,14932898
1999-03-10,21.19,21.9398,21.1151,21.8443,21.8443,21820194
1999-03-11,22.0477,22.7537,22.0477,22.2753,22.2753,30569277
1999-03-12,22.6234,22.6234,21.9748,22.0311,22.0311,17551842
1999-03-15,21.8443,22.0311,21.789,21.9562,21.9562,13116687
1999-03-16,21.9562,22.0311,21.6713,21.789,21.789,10500654
1999-03-17,21.8259,22.2188,21.8259,22.1624,22.1624,13249228
1999-03-18,22.2364,22.4532,22.2004,22.2548,22.2548,15480868
1999-03-19,22.3278,22.3278,21.6879,21.7715,21.7715,16262899
1999-03-22,21.789,22.0866,21.5566,21.9748,21.9748,11361883
1999-03-23,21.9923,22.0127,21.5021,21.6713,21.6713,11426865
1999-03-24,21.6879,21.8259,21.0062,21.1355,21.1355,13176491
1999-03-25,21.0976,21.3601,21.0062,21.2843,21.2843,9793300
1999-03-26,21.3601,21.5021,21.19,21.3223,21.3223,8205645
1999-03-29,21.3601,21.8046,21.3601,21.7521,21.7521,11571050
1999-03-30,21.6713,21.6713,21.153,21.2483,21.2483,8551883
1999-03-31,21.2483,21.3709,21.0062,21.0227,21.0227,12144563
1999-04-01,20.9497,20.9672,20.6882,20.8914,20.8914,10129522
1999-04-05,20.9672,21.5964,20.8749,21.5021,21.5021,11846816
1999-04-06,21.5235,21.7074,21.4642,21.6509,21.6509,10490306
1999-04-07,21.6509,21.8259,21.4642,21.8046,21.8046,12068913
1999-04-08,21.8805,22.2364,21.7288,22.1255,22.1255,12450068
1999-04-09,22.0672,22.3278,21.8648,22.2548,22.2548,9012247
1999-04-12,22.2548,22.6019,22.0477,22.4747,22.4747,10063246
1999-04-13,22.3512,22.565,22.2188,22.4027,22.4027,10425649
1999-04-14,22.3657,22.4154,22.105,22.105,22.105,12743932
1999-04-15,22.1255,23.3479,22.1255,23.1068,23.1068,18078477
1999-04-16,23.1272,23.8342,23.0329,23.8177,23.8177,18180640
1999-04-19,24.0589,24.8749,23.9683,24.5072,24.5072,28036009
1999-04-20,24.3954,24.3954,23.9489,24.0589,24.0589,18281825
1999-04-21,24.0209,24.0209,22.9959,23.3703,23.3703,17519512
1999-04-22,23.3479,23.6124,22.8266,23.5123,23.5123,15584649
1999-04-23,23.5123,23.5678,23.0513,23.3324,23.3324,10844301
1999-04-26,23.3324,23.3324,22.8636,23.1457,23.1457,8330434
1999-04-27,23.202,23.5123,23.1068,23.3119,23.3119,14130835
1999-04-28,23.5298,24.5763,23.4063,24.2844,24.2844,18709531
1999-04-29,24.3593,25.3979,24.0209,25.1732,25.1732,24691939
1999-04-30,25.0985,25.0985,24.4887,24.7425,24.7425,26073344
1999-05-03,24.7269,25.7714,24.5957,25.6392,25.6392,19592749
1999-05-04,25.8083,25.9941,25.6235,25.752,25.752,23704944
1999-05-05,25.7335,25.7335,25.0605,25.2677,25.2677,15437231
1999-05-06,24.9876,25.1909,24.3214,24.5411,24.5411,13092113
1999-05-07,24.5411,24.7814,24.2844,24.7065,24.7065,11658985
1999-05-10,24.4313,24.9118,24.4139,24.5411,24.5411,10672313
1999-05-11,24.5957,24.6112,24.2281,24.3214,24.3214,11150133
1999-05-12,23.983,23.983,23.237,23.5483,23.5483,18396268
1999-05-13,23.6319,23.8731,23.6319,23.6494,23.6494,16019473
1999-05-14,23.5852,23.8177,23.3119,23.4627,23.4627,12329156
1999-05-17,23.4248,23.6124,23.3324,23.5298,23.5298,12142942
1999-05-18,23.5678,23.5678,23.1068,23.1631,23.1631,13639440
1999-05-19,23.2739,23.5123,23.1631,23.4433,23.4433,10403026
1999-05-20,23.4627,23.8547,23.3119,23.8342,23.8342,14680745
1999-05-21,23.8731,24.7269,23.7252,24.6502,24.6502,19230024
1999-05-24,24.6502,24.9118,23.5298,23.7252,23.7252,13318085
1999-05-25,23.7252,24.5189,23.7252,23.8926,23.8926,14415967
1999-05-26,23.9683,24.6502,23.8731,24.4139,24.4139,14625778
1999-05-27,24.3954,24.3954,23.4248,23.4734,23.4734,14138262
1999-05-28,23.4939,23.7982,23.237,23.7982,23.7982,13024867
1999-06-01,23.7252,23.7252,23.0329,23.4627,23.4627,10543978
1999-06-02,23.6124,24.1143,23.6124,23.909,23.909,11036016
1999-06-03,23.983,24.2116,23.4939,23.8177,23.8177,9652669
1999-06-04,23.8731,24.0589,23.4939,24.0413,24.0413,10157970
1999-06-07,23.9683,24.1143,23.8342,24.0978,24.0978,8038189
1999-06-08,24.0209,24.0978,23.6124,23.7788,23.7788,11396477
1999-06-09,23.7409,23.983,23.5123,23.8731,23.8731,9669158
1999-06-10,23.7603,23.9489,23.5483,23.7252,23.7252,11726551
1999-06-11,23.7982,23.9266,23.4433,23.5123,23.5123,9465494
1999-06-14,23.5123,24.3214,23.5123,24.1717,24.1717,10136311
1999-06-15,24.1337,24.8592,24.0793,24.4692,24.4692,11939917
1999-06-16,24.6871,24.7269,23.9266,24.0054,24.0054,10202260
1999-06-17,24.0413,24.2281,23.8342,24.2116,24.2116,6083270
1999-06-18,24.0793,24.4692,23.8926,23.9489,23.9489,16794057
1999-06-21,23.666,23.7982,23.0513,23.3119,23.3119,10896354
1999-06-22,23.0144,23.202,22.8821,22.9394,22.9394,12793717
1999-06-23,23.1068,23.3868,23.1068,23.2739,23.2739,14513927
1999-06-24,23.2565,23.3119,22.5816,22.7897,22.7897,11695520
1999-06-25,22.7158,22.8821,22.6019,22.6974,22.6974,11208002
1999-06-28,22.7333,22.7897,22.3093,22.3657,22.3657,12928531
1999-06-29,22.4747,22.9773,22.3278,22.9394,22.9394,14029318
1999-06-30,23.0698,23.2739,22.922,22.9773,22.9773,18118889
1999-07-01,22.9773,23.4627,22.9394,23.3703,23.3703,13299017
1999-07-02,23.5298,23.7252,23.202,23.6854,23.6854,8200147
1999-07-06,23.666,23.9266,23.6319,23.8547,23.8547,11962551
1999-07-07,23.909,24.0054,23.3868,23.9683,23.9683,11445616
1999-07-08,24.0209,24.3214,23.7049,23.7252,23.7252,14178029
1999-07-09,23.6494,23.7982,23.4627,23.666,23.666,9656553
1999-07-12,23.7409,23.7982,23.5483,23.666,23.666,8078596
1999-07-13,23.4433,23.6319,23.2739,23.3703,23.3703,9993741
1999-07-14,23.4063,23.5123,23.3119,23.3703,23.3703,8296490
1999-07-15,23.4248,23.6124,23.3703,23.5123,23.5123,10659708
1999-07-16,23.5298,23.666,23.202,23.6319,23.6319,10983642
1999-07-19,23.4248,23.5678,23.2565,23.4734,23.4734,9347813
1999-07-20,23.4939,23.5298,23.0144,23.2206,23.2206,16433916
1999-07-21,22.922,23.4248,22.7158,23.2739,23.2739,15932510
1999-07-22,23.237,23.3119,22.4367,23.2954,23.2954,13727051
1999-07-23,23.2954,23.5852,23.1631,23.5678,23.5678,9963026
1999-07-26,23.5483,24.0209,23.1826,23.237,23.237,12169454
1999-07-27,23.3324,23.4248,22.9773,23.1068,23.1068,10199348
1999-07-28,23.0513,23.7603,22.9773,23.5123,23.5123,10942588
1999-07-29,23.2739,23.3479,23.0698,23.202,23.202,11924404
1999-07-30,23.4734,23.8177,23.3703,23.6494,23.6494,14524594
1999-08-02,23.7603,23.7603,23.1272,23.202,23.202,9963026
1999-08-03,23.237,23.4734,23.0329,23.4734,23.4734,9431868
1999-08-04,23.4734,23.9489,23.3703,23.7982,23.7982,13543419
1999-08-05,23.9489,24.4887,23.8342,24.4887,24.4887,16485649
1999-08-06,24.3593,24.3778,23.7788,23.9489,23.9489,10692363
1999-08-09,24.0054,24.1337,23.8177,23.9489,23.9489,8856417
1999-08-10,24.0209,24.3214,23.9489,24.1892,24.1892,17528245
1999-08-11,24.2213,24.5879,24.1026,24.5334,24.5334,17178777
1999-08-12,24.5519,24.6267,24.2971,24.5004,24.5004,11641845
1999-08-13,24.5713,24.6064,24.2398,24.4245,24.4245,10413043
1999-08-16,24.3516,24.4245,24.0472,24.4245,24.4245,12619145
1999-08-17,24.4459,24.5519,24.2398,24.5004,24.5004,12161375
1999-08-18,24.4245,24.7561,24.2971,24.7202,24.7202,12681539
1999-08-19,24.371,24.7367,24.3311,24.5004,24.5004,9597715
1999-08-20,24.6267,24.7367,24.3516,24.7202,24.7202,11162745
1999-08-23,24.7367,24.83,24.5519,24.797,24.797,9111170
1999-08-24,24.6628,24.7202,24.2028,24.4459,24.4459,10124344
1999-08-25,24.5879,24.6998,24.2562,24.6267,24.6267,11257465
1999-08-26,24.4459,24.5334,23.9567,24.0472,24.0472,13955931
1999-08-27,24.1026,24.2398,23.6913,23.7466,23.7466,8050789
1999-08-30,23.7466,23.8809,23.2993,23.2993,23.2993,7944753
1999-08-31,23.3761,23.915,23.3567,23.6184,23.6184,12499854
1999-09-01,23.6553,23.7126,23.3927,23.45,23.45,11276860
1999-09-02,23.3198,23.5065,22.9813,23.206,23.206,11902419
1999-09-03,23.2819,23.7302,23.2458,23.6737,23.6737,10243643
1999-09-07,23.6737,23.9567,23.5434,23.8041,23.8041,10562401
1999-09-08,23.7302,24.3516,23.7302,24.3165,24.3165,11476973
1999-09-09,24.4245,24.8504,24.3165,24.3311,24.3311,15882070
1999-09-10,24.4079,24.4838,24.0472,24.0861,24.0861,9537256
1999-09-13,23.8809,23.9898,23.5065,23.5434,23.5434,11587536
1999-09-14,23.4685,24.0297,23.45,23.7126,23.7126,11383864
1999-09-15,23.7126,23.7126,23.0027,23.133,23.133,16063115
1999-09-16,23.171,23.3567,22.8685,23.2633,23.2633,10537185
1999-09-17,23.4685,24.0102,23.3198,23.915,23.915,16359240
1999-09-20,23.9567,23.9567,23.2993,23.4141,23.4141,8200794
1999-09-21,23.206,23.3198,22.778,22.9813,22.9813,11401004
1999-09-22,23.0027,23.1865,22.565,22.565,22.565,15974211
1999-09-23,22.7197,23.1865,22.2548,22.4027,22.4027,15339275
1999-09-24,22.2364,22.4747,22.0866,22.4027,22.4027,14227172
1999-09-27,22.3861,22.778,22.2753,22.4911,22.4911,10530720
1999-09-28,22.3278,22.4154,21.5964,22.3657,22.3657,18388833
1999-09-29,22.8344,22.8889,22.3512,22.3861,22.3861,12374740
1999-09-30,22.5086,22.8344,22.3657,22.7606,22.7606,14156370
1999-10-01,22.7401,22.7945,22.3278,22.3512,22.3512,12341445
1999-10-04,22.3093,22.4367,21.5964,21.857,21.857,20177896
1999-10-05,21.7851,21.9748,21.3397,21.614,21.614,13698920
1999-10-06,21.5964,22.1624,21.4476,22.1624,22.1624,21321681
1999-10-07,22.105,22.105,21.7433,21.8931,21.8931,9854078
1999-10-08,21.7433,21.9504,21.5751,21.7851,21.7851,10925448
1999-10-11,21.7851,22.0672,21.7074,21.9748,21.9748,9713773
1999-10-12,21.9923,22.2004,21.8736,21.9504,21.9504,11187634
1999-10-13,22.2004,22.2364,21.9748,22.0477,22.0477,15850713
1999-10-14,21.9329,22.3861,21.8192,22.2753,22.2753,14156696
1999-10-15,22.2548,22.2548,21.5566,21.5566,21.5566,14962323
1999-10-18,21.6315,21.9135,21.4068,21.857,21.857,10241700
1999-10-19,22.1255,22.1624,21.8406,21.9923,21.9923,9358805
1999-10-20,22.1255,22.9434,22.0311,22.9084,22.9084,17059478
1999-10-21,22.6019,22.8685,22.4747,22.778,22.778,12244128
1999-10-22,23.0222,23.0386,22.7197,23.0222,23.0222,9583815
1999-10-25,22.6769,22.7945,22.0866,22.1624,22.1624,10980082
1999-10-26,21.857,21.9748,21.4642,21.5751,21.5751,18919986
1999-10-27,21.5964,21.8192,21.4068,21.4798,21.4798,14659080
1999-10-28,21.7851,22.1429,21.6713,21.8931,21.8931,14763177
1999-10-29,22.0477,22.3093,21.7647,22.1771,22.1771,13667886
1999-11-01,22.1771,22.4532,22.0311,22.3861,22.3861,10973296
1999-11-02,22.2753,22.5086,22.1429,22.2004,22.2004,9537256
1999-11-03,22.3512,22.3512,21.7268,21.857,21.857,12086365
1999-11-04,22.0672,22.1429,21.7074,21.857,21.857,11754682
1999-11-05,21.857,21.857,20.975,21.1472,21.1472,23190272
1999-11-08,21.2648,22.4027,21.2648,22.2548,22.2548,17818882
1999-11-09,22.5729,22.7051,22.4027,22.6827,22.6827,10235232
1999-11-10,22.778,22.9501,22.6827,22.8889,22.8889,14376530
1999-11-11,22.9152,23.1564,22.7051,23.1379,23.1379,12275815
1999-11-12,23.1758,23.4734,23.0435,23.4627,23.4627,11274915
1999-11-15,23.4627,23.5123,23.3041,23.4939,23.4939,11589477
1999-11-17,23.8342,24.4771,23.7982,24.1717,24.1717,23493840
1999-11-18,24.4012,24.5072,24.1542,24.4206,24.4206,14838503
1999-11-19,24.4012,24.4206,23.983,24.0054,24.0054,12181094
1999-11-22,24.0054,24.1143,23.8547,23.9626,23.9626,11642497
1999-11-23,24.0589,24.0793,23.4063,23.4939,23.4939,13455165
1999-11-24,23.4627,23.983,23.3703,23.8342,23.8342,15394554
1999-11-26,23.6416,23.8177,23.4939,23.4939,23.4939,4033961
1999-11-29,23.4627,23.9489,23.3703,23.909,23.909,13593530
1999-11-30,24.0978,24.1542,23.7544,23.8926,23.8926,18970102
1999-12-01,23.8731,24.9632,23.8731,24.8504,24.8504,20257098
1999-12-02,24.9632,24.9632,24.4771,24.7202,24.7202,17683739
1999-12-03,24.6998,25.0391,24.581,24.8592,24.8592,18292167
1999-12-06,24.7746,25.3037,24.6998,25.2677,25.2677,14797450
1999-12-07,25.3037,25.6586,25.2288,25.2677,25.2677,25317174
1999-12-08,25.1909,25.4524,24.8865,25.15,25.15,16017853
1999-12-09,25.4155,26.0748,25.2677,25.9397,25.9397,20082531
1999-12-10,25.8472,25.8472,24.9049,24.9438,24.9438,17064654
1999-12-13,25.1169,25.2482,24.4206,24.9,24.9,19977459
1999-12-14,24.6998,25.0391,24.6998,24.8106,24.8106,18747359
1999-12-15,25.0732,25.3795,25.0168,25.0168,25.0168,22415682
1999-12-16,24.617,25.5487,24.617,25.2288,25.2288,19122040
1999-12-17,25.2871,25.3795,24.7746,24.8865,24.8865,34421551
1999-12-20,25.0732,25.2112,24.4012,24.6754,24.6754,11206060
1999-12-21,24.4012,24.6998,24.2912,24.3263,24.3263,11549716
1999-12-22,24.3088,24.6628,24.1143,24.4012,24.4012,13507538
1999-12-23,24.83,25.3222,24.5461,25.2482,25.2482,12657297
1999-12-27,25.2871,25.361,24.4771,24.6998,24.6998,11357684
1999-12-28,24.5636,24.8699,24.2495,24.3088,24.3088,14196456
1999-12-29,24.4012,24.797,24.3661,24.4595,24.4595,7078025
1999-12-30,24.5072,24.5072,24.0209,24.2358,24.2358,8860951
1999-12-31,24.2718,24.4012,24.1542,24.2718,24.2718,4459087
2000-01-03,23.9567,24.3214,23.4569,23.5852,23.5852,21754238
2000-01-04,23.3198,23.5434,23.0435,23.1457,23.1457,23455690
2000-01-05,23.487,24.6267,23.4373,24.4012,24.4012,28263276
2000-01-06,24.2844,25.8472,24.1473,25.6519,25.6519,31458317
2000-01-07,25.8832,25.9795,25.3095,25.572,25.572,26838882
2000-01-10,25.3668,25.504,25.1732,25.2288,25.2288,13813043
2000-01-11,25.2288,25.6703,25.1909,25.3095,25.3095,14099476
2000-01-12,25.0732,25.4242,24.9361,25.1548,25.1548,16672180
2000-01-13,25.1548,25.9066,25.0391,25.7267,25.7267,19487684
2000-01-14,25.752,25.752,24.9974,25.2288,25.2288,18215229
2000-01-18,24.9195,25.752,24.8018,25.5234,25.5234,19283042
2000-01-19,25.3843,25.8658,25.2112,25.7714,25.7714,21157126
2000-01-20,25.6519,25.6703,24.9,25.2112,25.2112,15539389
2000-01-21,25.3095,25.6519,25.0936,25.5954,25.5954,23185425
2000-01-24,25.7267,26.0009,24.9974,25.3843,25.3843,20139745
2000-01-25,25.3095,25.9445,25.2482,25.3299,25.3299,19270432
2000-01-26,25.3299,25.4845,24.9,25.1548,25.1548,15029566
2000-01-27,25.0936,25.0936,24.0297,24.4012,24.4012,17050749
2000-01-28,24.0928,24.4012,23.7603,23.7603,23.7603,16747833
2000-01-31,23.6806,25.1732,23.4569,24.9565,24.9565,23619596
2000-02-01,25.0936,25.1344,24.512,25.0517,25.0517,17239870
2000-02-02,25.0732,25.5546,25.0732,25.2482,25.2482,18690456
2000-02-03,25.1344,25.3095,24.1084,24.8018,24.8018,18768043
2000-02-04,25.1548,25.1548,24.1084,24.3661,24.3661,18485818
2000-02-07,23.9567,24.4771,23.9567,24.3214,24.3214,11478595
2000-02-08,24.4012,24.6696,23.697,23.7788,23.7788,15149181
2000-02-09,23.2565,23.4141,23.028,23.1028,23.1028,20056989
2000-02-10,23.1028,23.5229,22.8139,22.988,22.988,21782365
2000-02-11,23.028,23.237,22.0204,22.3725,22.3725,20150092
2000-02-14,22.5583,23.2993,22.5427,23.1631,23.1631,15766012
2000-02-15,23.5434,24.4012,23.4569,24.0297,24.0297,17430936
2000-02-16,23.9334,24.338,23.7409,24.2281,24.2281,16591361
2000-02-17,23.9334,23.9334,23.4141,23.5852,23.5852,18877314
2000-02-18,23.4141,23.4373,22.7158,22.7158,22.7158,22307707
2000-02-22,23.1028,23.2993,22.5583,22.8539,22.8539,17546027
2000-02-23,22.4405,22.9716,22.1566,22.5972,22.5972,14356491
2000-02-24,22.0204,22.2548,21.6509,22.0623,22.0623,17435458
2000-02-25,21.9806,22.5213,21.2095,21.5158,21.5158,19074839
2000-02-28,21.4954,22.8139,21.1733,22.2753,22.2753,19195431
2000-02-29,22.2753,22.9084,22.0992,22.8139,22.8139,16922735
2000-03-02,23.028,23.5229,22.8889,23.3198,23.3198,15844571
2000-03-03,23.1826,23.1826,22.4794,22.9287,22.9287,16500188
2000-03-06,22.4095,22.7158,21.8046,22.0992,22.0992,16968319
2000-03-07,21.8443,24.5334,21.8046,24.2281,24.2281,36873356
2000-03-08,23.4685,24.8437,23.4685,24.1279,24.1279,32298532
2000-03-09,23.6251,24.4012,23.4569,24.3661,24.3661,17629105
2000-03-10,24.2281,24.2844,23.1272,23.3382,23.3382,15242935
2000-03-13,23.1826,23.6057,22.5213,22.988,22.988,15303392
2000-03-14,22.7537,23.6251,22.5972,23.3927,23.3927,14624814
2000-03-15,23.3761,23.6251,22.6176,23.5434,23.5434,19202865
2000-03-16,23.6251,24.2116,22.988,24.1677,24.1677,18751878
2000-03-17,24.0297,24.1473,23.3198,23.3567,23.3567,24132010
2000-03-20,23.0815,23.4141,22.5019,22.6769,22.6769,17272523
2000-03-21,22.9434,23.5434,22.9084,23.3198,23.3198,17587727
2000-03-22,23.3198,23.3198,22.5427,22.6974,22.6974,23039306
2000-03-23,22.5972,23.0435,22.5019,22.8685,22.8685,16351160
2000-03-24,22.9434,23.487,22.9084,23.3927,23.3927,14231695
2000-03-27,23.3927,23.6806,22.9434,23.1826,23.1826,15619558
2000-03-28,22.9084,23.9334,22.9084,23.9334,23.9334,13367230
2000-03-29,23.6806,24.8243,23.5434,24.3847,24.3847,33546747
2000-03-30,24.6696,24.7814,23.5229,23.8177,23.8177,21456813
2000-03-31,23.8993,24.2116,23.5618,23.6251,23.6251,20366372
2000-04-03,23.5434,24.4595,23.5229,24.3847,24.3847,16092523
2000-04-04,24.2116,25.1111,24.2116,24.9974,24.9974,26491994
2000-04-05,24.8437,25.1732,24.0928,24.1677,24.1677,21056913
2000-04-06,24.4012,24.8437,24.2465,24.7639,24.7639,13360111
2000-04-07,24.5334,24.6452,23.9567,24.1084,24.1084,12649537
2000-04-10,23.9334,24.1279,23.6601,23.697,23.697,14697223
2000-04-11,23.915,24.512,23.8342,24.053,24.053,17241492
2000-04-12,24.2281,24.6871,24.1473,24.2116,24.2116,13892248
2000-04-13,24.2116,24.5334,23.8731,24.2281,24.2281,14401420
2000-04-14,24.1823,24.7639,23.6251,23.8547,23.8547,19151789
2000-04-17,23.8177,24.053,22.7537,22.8685,22.8685,26196510
2000-04-18,23.028,23.2819,22.7158,23.0815,23.0815,19494148
2000-04-19,23.1028,23.7603,23.028,23.4569,23.4569,19558801
2000-04-20,23.4569,23.9334,23.3382,23.9334,23.9334,13025194
2000-04-24,23.8177,24.5334,23.3761,24.2116,24.2116,14401100
2000-04-25,24.301,24.6871,24.265,24.5334,24.5334,18919664
2000-04-26,24.5334,24.5334,24.0297,24.265,24.265,13607106
2000-04-27,24.1279,24.512,23.8177,24.4391,24.4391,15618268
2000-04-28,24.3661,24.3661,23.5229,23.5229,23.5229,15725271
2000-05-01,23.7185,23.9567,23.5229,23.6251,23.6251,14320596
2000-05-02,23.6806,24.1084,23.6251,23.697,23.697,13072394
2000-05-03,23.7409,23.7603,23.3198,23.4685,23.4685,11420400
2000-05-04,23.6251,24.1473,23.5618,24.0928,24.0928,16308806
2000-05-05,23.8547,24.2281,23.8342,24.2281,24.2281,11441740
2000-05-08,24.2116,24.4595,24.053,24.3661,24.3661,11923753
2000-05-09,24.3847,24.4955,23.8547,24.0724,24.0724,13551503
2000-05-10,24.1473,24.8796,24.1279,24.6871,24.6871,18372992
2000-05-11,24.9195,25.3843,24.8243,25.2677,25.2677,17739350
2000-05-12,25.1111,25.1909,24.8796,24.9788,24.9788,12880682
2000-05-15,24.9565,25.5419,24.9,25.4671,25.4671,14395601
2000-05-16,25.3483,25.4845,25.0517,25.3483,25.3483,14093657
2000-05-17,24.9788,25.1344,24.512,24.7814,24.7814,17936238
2000-05-18,24.8243,25.0936,24.6452,24.8018,24.8018,11572027
2000-05-19,24.4206,25.0168,24.338,24.9,24.9,13631355
2000-05-22,25.0936,25.5546,25.0517,25.3668,25.3668,15643812
2000-05-23,25.4038,25.4457,24.8641,25.293,25.293,13864766
2000-05-24,25.2288,25.4038,24.9974,25.2677,25.2677,14883768
2000-05-25,25.0936,25.1548,24.5713,24.8018,24.8018,13927492
2000-05-26,24.8796,25.3095,24.8437,25.0936,25.0936,9601919
2000-05-30,24.9788,25.4671,24.9195,25.4242,25.4242,16491794
2000-05-31,25.293,25.5419,25.0732,25.3668,25.3668,15917628
2000-06-01,25.4457,25.4457,24.6267,25.2677,25.2677,19219031
2000-06-02,24.6871,24.9565,23.9567,24.1084,24.1084,30077561
2000-06-05,24.0724,24.2844,24.0724,24.1473,24.1473,13989554
2000-06-06,24.0724,25.1344,23.9898,25.0732,25.0732,19625077
2000-06-07,24.9788,25.1111,24.6267,24.7065,24.7065,15449514
2000-06-08,24.4012,24.5519,24.338,24.3847,24.3847,17251513
2000-06-09,24.3661,24.5334,24.0928,24.1084,24.1084,15175042
2000-06-12,24.3214,24.8796,24.3214,24.5879,24.5879,18235274
2000-06-13,24.7425,24.9788,24.6696,24.7269,24.7269,12240899
2000-06-14,24.9565,25.504,24.9,25.1732,25.1732,17888062
2000-06-15,25.1344,25.4242,24.9,25.1111,25.1111,18292489
2000-06-16,25.1732,25.6917,25.1732,25.6917,25.6917,31766399
2000-06-19,25.5546,25.6519,25.1344,25.5954,25.5954,14594424
2000-06-20,25.1344,25.3843,24.9,25.3483,25.3483,14228462
2000-06-21,24.9788,25.7082,24.9195,25.572,25.572,15163402
2000-06-22,25.6917,25.8083,24.9788,25.1909,25.1909,15176339
2000-06-23,25.3843,25.504,25.1909,25.3095,25.3095,9320657
2000-06-26,25.3483,25.6342,25.2112,25.3843,25.3843,10242350
2000-06-27,25.4038,25.4671,24.9565,24.9974,24.9974,13185868
2000-06-28,24.9974,25.1732,24.8437,25.0168,25.0168,11880765
2000-06-29,24.8437,24.9788,24.6696,24.7269,24.7269,15247782
2000-06-30,24.5713,24.6452,23.6601,23.915,23.915,32195086
2000-07-03,24.0102,24.2844,23.9898,24.2281,24.2281,13883190
2000-07-05,24.053,24.053,23.3198,23.4373,23.4373,22213304
2000-07-06,23.6806,24.1677,23.6251,23.8177,23.8177,17711872
2000-07-07,23.9567,24.1677,23.7603,23.915,23.915,14997566
2000-07-10,23.915,24.1084,23.7603,23.7982,23.7982,10398487
2000-07-11,23.7982,24.5879,23.7982,24.5334,24.5334,14337416
2000-07-12,24.4595,24.512,23.9334,23.9334,23.9334,12207927
2000-07-13,23.915,23.9567,23.5618,23.7603,23.7603,12775935
2000-07-14,23.5852,23.7185,23.2819,23.6251,23.6251,16113224
2000-07-17,24.338,24.338,23.6806,23.9898,23.9898,17680182
2000-07-18,23.7788,24.053,23.6057,23.8177,23.8177,19896311
2000-07-19,23.9567,24.1473,23.7982,23.9723,23.9723,13932983
2000-07-20,23.9334,24.2116,23.7603,23.7982,23.7982,12596193
2000-07-21,23.9723,23.9898,23.4141,23.487,23.487,13507538
2000-07-24,23.4569,23.5434,23.1028,23.5229,23.5229,13442226
2000-07-25,23.4569,23.6057,22.8685,22.9434,22.9434,17799156
2000-07-26,23.237,23.4141,23.0649,23.202,23.202,27893760
2000-07-27,23.4569,24.6696,23.4569,24.512,24.512,27136305
2000-07-28,24.3847,24.6452,24.2465,24.3661,24.3661,12910750
2000-07-31,24.3847,24.7065,24.1084,24.4206,24.4206,18816218
2000-08-01,24.6452,24.8437,24.2844,24.3661,24.3661,19970342
2000-08-02,24.8018,25.3095,24.7425,25.2482,25.2482,26685316
2000-08-03,25.2112,25.4457,24.6696,24.8018,24.8018,16012035
2000-08-04,24.7425,25.0168,24.338,24.8796,24.8796,12972496
2000-08-07,24.6267,24.8018,24.5713,24.6267,24.6267,11875267
2000-08-08,24.6267,24.7269,24.4771,24.6064,24.6064,10141153
2000-08-09,24.8641,25.0517,24.6871,24.6871,24.6871,15319230
2000-08-10,24.8018,25.1344,24.8018,24.8018,24.8018,11385162
2000-08-11,25.2482,25.2482,24.8437,24.9195,24.9195,9883500
2000-08-14,25.1732,25.4242,24.9788,25.293,25.293,10576947
2000-08-15,25.4242,25.5419,24.8796,24.9,24.9,11583014
2000-08-16,25.0168,25.3483,24.9974,25.3483,25.3483,11791209
2000-08-17,25.3483,25.7267,25.3483,25.6703,25.6703,13499455
2000-08-18,25.4845,25.6342,25.1909,25.3843,25.3843,13412816
2000-08-21,25.4242,25.6519,25.3483,25.572,25.572,8327848
2000-08-22,25.6703,25.7267,25.4242,25.4671,25.4671,10453781
2000-08-23,25.6519,25.9445,25.6519,25.8658,25.8658,15017603
2000-08-24,25.5419,25.5419,25.2677,25.4038,25.4038,18112101
2000-08-25,25.4242,25.6342,25.2482,25.4038,25.4038,10348061
2000-08-28,25.3299,25.6703,25.293,25.3668,25.3668,9517539
2000-08-29,25.3668,25.4242,25.1909,25.2677,25.2677,10372307
2000-08-30,25.2112,25.2288,24.8641,24.9195,24.9195,12452973
2000-08-31,25.0391,25.1909,24.9195,24.9974,24.9974,12496292
2000-09-01,25.1111,25.3843,25.0391,25.2677,25.2677,13068513
2000-09-05,25.4671,25.572,25.293,25.5419,25.5419,19281101
2000-09-06,25.5954,25.7267,25.4242,25.4242,25.4242,19224526
2000-09-07,25.572,25.7714,25.572,25.6519,25.6519,11795738
2000-09-08,25.4457,25.572,25.1909,25.572,25.572,15016312
2000-09-11,25.572,26.176,25.5546,26.0203,26.0203,23112691
2000-09-12,26.2576,26.4687,25.9445,26.2576,26.2576,24471787
2000-09-13,26.2761,26.2761,26.1021,26.2761,26.2761,16870357
2000-09-14,26.1954,26.2372,25.964,26.1196,26.1196,14077167
2000-09-15,26.6001,27.5335,26.5319,26.9463,26.9463,40154057
2000-09-18,27.3041,27.7797,27.2545,27.4568,27.4568,27987836
2000-09-19,27.2768,27.3371,26.9083,26.9463,26.9463,19850730
2000-09-20,27.0085,27.3956,26.4687,26.4853,26.4853,28059288
2000-09-21,26.4103,26.6001,26.1954,26.4317,26.4317,25744235
2000-09-22,26.4317,26.5669,25.9795,26.4853,26.4853,29127424
2000-09-25,26.2937,26.3501,25.8083,26.2937,26.2937,27388791
2000-09-26,26.3316,26.8897,26.3316,26.5319,26.5319,18645521
2000-09-27,26.5669,27.414,26.5485,27.3371,27.3371,19283042
2000-09-28,27.3614,27.5335,27.1232,27.3041,27.3041,27874367
2000-09-29,27.4568,27.5502,27.2545,27.2768,27.2768,20949582
2000-10-02,27.3751,28.0753,27.3751,27.9945,27.9945,20536744
2000-10-03,27.8371,28.0481,27.6999,27.8001,27.8001,16237042
2000-10-04,27.6309,27.6435,27.1816,27.3371,27.3371,22223646
2000-10-05,27.1476,27.4966,26.9296,27.3207,27.3207,18043557
2000-10-06,27.5502,27.9547,27.2768,27.3956,27.3956,16819926
2000-10-09,27.3956,28.0287,27.3371,27.8944,27.8944,17237289
2000-10-10,28.0753,28.7268,28.012,28.5752,28.5752,23935770
2000-10-11,28.7648,29.2326,28.5975,28.7084,28.7084,33501812
2000-10-12,28.4779,29.0585,28.4604,28.8202,28.8202,31618986
2000-10-13,28.543,28.6169,27.4335,27.6999,27.6999,27497419
2000-10-16,27.6999,27.6999,26.7722,26.8897,26.8897,22580556
2000-10-17,27.2244,27.4966,26.7343,26.8897,26.8897,20905292
2000-10-18,27.2545,27.4762,26.4687,26.5057,26.5057,20217014
2000-10-19,26.4492,27.0085,26.2761,26.4853,26.4853,20280055
2000-10-20,26.4317,27.0833,26.4317,27.0833,27.0833,17235673
2000-10-23,27.0638,27.3207,26.6797,27.2768,27.2768,18035156
2000-10-24,27.5677,27.6309,26.4853,26.5669,26.5669,20609159
2000-10-25,27.1018,27.1018,26.636,26.6992,26.6992,17506590
2000-10-26,27.0085,27.2409,26.8081,26.8733,26.8733,16775311
2000-10-27,26.4853,26.8558,26.4103,26.8081,26.8081,12839300
2000-10-30,26.8081,27.5141,26.8081,27.3956,27.3956,17311962
2000-10-31,27.3956,27.5335,26.8081,27.3207,27.3207,16277451
2000-11-01,27.5502,28.1871,27.5502,28.1871,28.1871,23252347
2000-11-02,27.8371,27.8565,26.9899,27.0085,27.0085,24195694
2000-11-03,26.9463,27.2409,26.7555,26.7945,26.7945,16604290
2000-11-06,26.8733,27.3207,26.5854,27.164,27.164,15115238
2000-11-07,27.2409,27.663,27.1476,27.2545,27.2545,13953992
2000-11-08,27.2545,27.873,27.2545,27.7641,27.7641,16283920
2000-11-09,27.9547,28.0753,27.1476,27.6435,27.6435,17209161
2000-11-10,27.6435,27.8944,27.5677,27.5677,27.5677,12928206
2000-11-13,27.5891,28.0481,27.1816,27.663,27.663,14818464
2000-11-14,27.6309,27.8944,27.4762,27.6435,27.6435,13530492
2000-11-15,27.9187,28.1123,27.6435,27.8001,27.8001,14442476
2000-11-16,27.7797,28.2037,27.663,27.8944,27.8944,14501636
2000-11-17,27.8944,27.9945,27.6435,27.7797,27.7797,16080243
2000-11-20,27.8565,28.2854,27.8565,28.1123,28.1123,12623022
2000-11-21,28.0481,29.04,28.0481,28.6511,28.6511,20638577
2000-11-22,28.4604,29.04,28.3398,29.0001,29.0001,18659098
2000-11-24,28.9389,29.1315,28.9019,29.0585,29.0585,8295196
2000-11-27,28.7648,28.9175,28.543,28.6511,28.6511,14656496
2000-11-28,28.4779,29.0196,28.404,28.6335,28.6335,16290705
2000-11-29,28.3622,28.3622,27.3041,27.3751,27.3751,26357508
2000-11-30,27.5502,27.6824,26.636,27.0833,27.0833,23673589
2000-12-01,27.0638,27.5335,27.0638,27.3371,27.3371,19480895
2000-12-04,27.3371,27.9945,27.3207,27.8944,27.8944,14501636
2000-12-05,27.7641,28.1123,27.0085,27.204,27.204,18791967
2000-12-06,26.8081,27.0833,26.3744,26.5485,26.5485,28205090
2000-12-07,26.6175,27.4762,26.6175,27.0833,27.0833,20731041
2000-12-08,27.1018,27.4966,26.7186,27.2409,27.2409,16303309
2000-12-11,27.2545,27.3041,26.3501,26.3928,26.3928,23687166
2000-12-12,26.8344,26.8897,26.4492,26.636,26.636,18633881
2000-12-13,26.6992,27.1816,26.6992,26.9899,26.9899,19353835
2000-12-14,26.6992,26.8344,26.1954,26.3092,26.3092,22983047
2000-12-15,26.0009,26.6175,25.8832,25.8832,25.8832,42075677
2000-12-18,25.928,26.7343,25.8658,26.5854,26.5854,20664768
2000-12-19,26.5057,27.2409,26.5057,26.8344,26.8344,20494071
2000-12-20,26.8558,26.9296,26.1954,26.2168,26.2168,19260087
2000-12-21,26.1585,26.6992,26.0826,26.0826,26.0826,20521226
2000-12-22,26.1196,26.7555,26.0389,26.7186,26.7186,13809486
2000-12-26,26.7186,27.3371,26.7186,27.2545,27.2545,9020648
2000-12-27,27.3371,27.4966,26.8344,27.0085,27.0085,16871969
2000-12-28,26.9666,27.0085,26.6554,26.7343,26.7343,17545702
2000-12-29,26.7722,27.0833,26.4687,26.7555,26.7555,15459541
2001-01-02,26.6797,27.5141,26.6175,27.4335,27.4335,21177171
2001-01-03,27.4335,27.6309,26.2372,26.2372,26.2372,33650844
2001-01-04,26.3501,26.3928,25.2112,25.504,25.504,39710517
2001-01-05,25.504,26.176,25.4845,25.6158,25.6158,30353002
2001-01-08,25.6917,25.9066,25.4671,25.504,25.504,17875773
2001-01-09,25.4242,25.4242,25.0517,25.2288,25.2288,18627095
2001-01-10,25.3095,25.3668,24.7425,24.9195,24.9195,33331754
2001-01-11,25.1111,25.504,25.0391,25.1548,25.1548,17763272
2001-01-12,25.1548,25.5419,24.9,25.4845,25.4845,19226790
2001-01-16,25.1909,25.3668,24.7814,25.1732,25.1732,25226975
2001-01-17,24.9361,25.0517,24.4955,24.6871,24.6871,23799345
2001-01-18,24.7814,24.8018,24.301,24.338,24.338,27810673
2001-01-19,24.265,24.5713,24.2116,24.4391,24.4391,32800924
2001-01-22,24.5334,24.8018,24.3847,24.6871,24.6871,22406309
2001-01-23,24.7639,25.2112,24.6452,25.1732,25.1732,17993452
2001-01-24,25.3095,25.3843,24.9195,25.1111,25.1111,20786966
2001-01-25,25.3299,25.4845,25.2288,25.3843,25.3843,21975367
2001-01-26,25.3843,25.4038,24.8243,24.9195,24.9195,19170862
2001-01-29,24.6267,24.9788,24.512,24.6871,24.6871,17046548
2001-01-30,25.0732,25.3668,24.6871,25.2288,25.2288,15680018
2001-01-31,25.4671,25.964,25.4671,25.8832,25.8832,27507763
2001-02-01,25.8832,25.8832,25.4845,25.6917,25.6917,14736347
2001-02-02,25.7899,26.0009,25.504,25.5419,25.5419,16806996
2001-02-05,25.6158,26.176,25.6158,26.1021,26.1021,17388586
2001-02-06,26.1361,26.1361,25.7267,25.9445,25.9445,17704758
2001-02-07,26.1361,26.3316,25.928,26.1021,26.1021,18790674
2001-02-08,26.2168,26.4103,25.9795,26.1361,26.1361,16000712
2001-02-09,26.2168,26.7945,26.2168,26.5669,26.5669,17405722
2001-02-12,26.5669,26.6797,26.4103,26.5319,26.5319,13449022
2001-02-13,26.2761,26.4103,26.1021,26.2372,26.2372,15034098
2001-02-14,25.964,26.2761,25.8268,25.964,25.964,21789798
2001-02-15,25.7267,25.7899,25.2288,25.5234,25.5234,21049796
2001-02-16,25.7267,26.2168,25.6703,25.9795,25.9795,21789473
2001-02-20,25.8658,26.1021,25.5546,25.928,25.928,12481427
2001-02-21,26.2372,26.3501,25.8268,25.8268,25.8268,13805930
2001-02-22,25.9795,26.1361,25.8268,26.0389,26.0389,16059231
2001-02-23,25.9795,26.0389,25.5954,25.8268,25.8268,16387041
2001-02-26,25.6342,25.9795,25.5546,25.928,25.928,15539389
2001-02-27,25.9445,26.0203,25.3299,25.4671,25.4671,22540146
2001-02-28,25.5234,25.6519,25.0168,25.0732,25.0732,18736364
2001-03-01,24.9974,25.5234,24.9788,25.1732,25.1732,20217336
2001-03-02,25.572,25.9445,25.4242,25.7267,25.7267,16315922
2001-03-05,25.6519,26.1021,25.6342,25.9445,25.9445,16213118
2001-03-06,26.0203,26.0826,25.7267,25.8658,25.8658,15473116
2001-03-07,25.8658,26.1021,25.8083,26.0389,26.0389,16699984
2001-03-08,26.0389,26.5669,25.9795,26.5669,26.5669,18021254
2001-03-09,26.4853,26.7555,26.3744,26.6001,26.6001,17617474
2001-03-12,26.6001,26.6001,25.9066,25.9066,25.9066,17914574
2001-03-13,25.7267,25.8268,25.5234,25.7714,25.7714,18743152
2001-03-14,25.4671,25.6342,25.3668,25.5546,25.5546,18748647
2001-03-15,25.9066,25.9066,25.1909,25.6519,25.6519,20246751
2001-03-16,25.3299,25.6342,25.2677,25.2677,25.2677,34253765
2001-03-19,25.1812,25.6235,25.1344,25.1344,25.1344,18997902
2001-03-20,25.1344,25.572,24.9361,24.9506,24.9506,17988926
2001-03-21,24.8796,25.1296,24.6112,24.6871,24.6871,19375176
2001-03-22,24.6696,24.7639,23.2633,24.0365,24.0365,30288666
2001-03-23,23.7409,24.1143,23.666,23.7865,23.7865,28524816
2001-03-26,24.1279,24.3593,24.0657,24.2116,24.2116,23918633
2001-03-27,24.5257,25.0867,24.4663,24.9438,24.9438,23787058
2001-03-28,24.6502,24.6871,24.0657,24.3311,24.3311,18150892
2001-03-29,24.3311,24.3448,23.9402,24.2213,24.2213,15176660
2001-03-30,24.4595,25.0517,24.4391,25.0517,25.0517,21463929
2001-04-02,25.0517,25.15,24.4595,24.617,24.617,21499167
2001-04-03,24.5257,24.5763,23.8177,24.0978,24.0978,22954920
2001-04-04,24.0978,24.6569,24.0793,24.3448,24.3448,18896713
2001-04-05,24.7142,25.0517,24.5257,25.0391,25.0391,17907459
2001-04-06,25.0517,25.3979,24.4692,25.3979,25.3979,19622490
2001-04-09,25.3979,25.6838,25.3416,25.5293,25.5293,19223230
2001-04-10,25.8268,26.1361,25.6703,25.9795,25.9795,19756332
2001-04-11,25.6917,25.7335,25.2424,25.3483,25.3483,22964297
2001-04-12,25.3552,25.6305,25.2181,25.3668,25.3668,17778142
2001-04-16,25.4038,26.1653,25.4038,26.1585,26.1585,19255561
2001-04-17,25.8268,26.2314,25.8268,26.2071,26.2071,22680129
2001-04-18,26.2003,26.425,25.8949,26.3384,26.3384,26732193
2001-04-19,26.1585,26.3578,25.8901,26.1244,26.1244,22619994
2001-04-20,26.0748,26.4181,26.0748,26.3501,26.3501,19655471
2001-04-23,26.5913,27.2359,26.5718,27.2244,27.2244,26195536
2001-04-24,27.2244,27.5335,26.9735,27.0638,27.0638,23198677
2001-04-25,27.2244,27.7845,27.1281,27.5617,27.5617,24872654
2001-04-26,27.626,27.6999,27.3956,27.4879,27.4879,22063299
2001-04-27,27.5617,27.6133,27.2856,27.5502,27.5502,16492436
2001-04-30,27.5015,27.8001,27.3956,27.4073,27.4073,24354104
2001-05-01,27.4704,27.5433,27.2691,27.4704,27.4704,15698122
2001-05-02,27.1154,27.1154,26.6797,26.7555,26.7555,27401073
2001-05-03,26.7555,26.848,26.4385,26.6302,26.6302,21310689
2001-05-04,26.636,27.1592,26.636,27.0833,27.0833,15663203
2001-05-07,27.0833,27.4762,26.9899,27.2856,27.2856,16300407
2001-05-08,27.2467,27.5851,27.097,27.4509,27.4509,17869631
2001-05-09,27.5617,27.7641,27.5015,27.7525,27.7525,14596365
2001-05-10,27.626,27.6435,27.2359,27.2467,27.2467,16351160
2001-05-11,27.2467,27.2467,26.8032,27.1087,27.1087,14477393
2001-05-14,27.2856,27.663,27.2467,27.5502,27.5502,15807715
2001-05-15,27.5502,27.6932,27.4266,27.6707,27.6707,14574054
2001-05-16,27.6707,27.8371,27.5502,27.6862,27.6862,24036633
2001-05-17,27.5851,27.5851,27.309,27.4509,27.4509,18668476
2001-05-18,27.5191,27.9187,27.4704,27.9002,27.9002,22848560
2001-05-21,27.9809,28.0404,27.4461,27.4568,27.4568,19730145
2001-05-22,27.4704,27.5395,27.3721,27.4762,27.4762,17132860
2001-05-23,27.4762,27.4762,26.9014,26.9958,26.9958,19965823
2001-05-24,27.1747,27.2691,27.0036,27.204,27.204,13620040
2001-05-25,27.1417,27.4335,27.1339,27.2467,27.2467,14653581
2001-05-29,27.5015,27.6007,27.1592,27.1592,27.1592,19796744
2001-05-30,27.345,27.8371,27.2244,27.4966,27.4966,25930444
2001-05-31,27.3128,27.6376,27.3128,27.4568,27.4568,17531155
2001-06-01,27.5335,27.5617,27.2768,27.5191,27.5191,12650181
2001-06-04,27.7728,28.1054,27.7525,28.0977,28.0977,15870431
2001-06-05,28.0977,28.3622,27.7845,28.3223,28.3223,20076709
2001-06-06,28.012,28.0753,27.6007,27.6503,27.6503,24578791
2001-06-07,27.7321,27.8312,27.5191,27.5891,27.5891,20549672
2001-06-08,27.5335,27.6862,27.345,27.6503,27.6503,14177384
2001-06-11,27.6824,27.9945,27.626,27.7455,27.7455,15380973
2001-06-12,27.9888,27.9888,27.658,27.873,27.873,17321988
2001-06-13,27.9547,28.0626,27.6824,27.8312,27.8312,13094052
2001-06-14,27.5335,27.7728,27.3956,27.4879,27.4879,12918181
2001-06-15,27.4704,27.9246,27.4704,27.5015,27.5015,35608987
2001-06-18,27.6007,27.6007,27.3207,27.3751,27.3751,14827838
2001-06-19,27.4568,27.4966,27.2409,27.3371,27.3371,14242364
2001-06-20,27.1873,27.5851,27.1281,27.1417,27.1417,20506352
2001-06-21,27.1281,27.3527,26.8227,27.3527,27.3527,23445994
2001-06-22,27.3751,27.5395,27.1747,27.5074,27.5074,18456074
2001-06-25,27.2312,27.5754,27.2312,27.3819,27.3819,16636296
2001-06-26,27.345,27.5335,27.3371,27.3956,27.3956,16196951
2001-06-27,27.2409,27.2691,26.9773,26.9773,26.9773,18720848
2001-06-28,26.7119,26.9229,26.6477,26.8558,26.8558,26177755
2001-06-29,26.8558,27.1962,26.7722,27.0221,27.0221,24847760
2001-07-02,27.3041,27.4704,27.0531,27.1281,27.1281,18508769
2001-07-03,27.1154,27.1154,26.8684,27.0162,27.0162,10757343
2001-07-05,27.0638,27.2856,26.8684,26.9083,26.9083,16371844
2001-07-06,27.097,27.1592,26.6914,26.848,26.848,15548115
2001-07-09,26.9296,26.9296,26.6554,26.8227,26.8227,14859841
2001-07-10,26.7555,26.7984,26.5319,26.5319,26.5319,16818306
2001-07-11,26.4492,26.5319,26.0009,26.282,26.282,22126991
2001-07-12,26.034,26.5786,26.0156,26.4385,26.4385,15197998
2001-07-13,26.4385,26.9014,26.3987,26.5913,26.5913,14769644
2001-07-16,26.6477,26.9083,26.4687,26.6001,26.6001,15661914
2001-07-17,26.6671,26.7857,26.282,26.3861,26.3861,18959432
2001-07-18,26.1361,26.2168,25.8133,26.0622,26.0622,29944037
2001-07-19,26.7236,26.9423,26.3578,26.6477,26.6477,18467548
2001-07-20,26.6914,26.9735,26.6914,26.8227,26.8227,18099330
2001-07-23,26.9083,27.0493,26.0748,26.2937,26.2937,15498331
2001-07-24,26.282,26.282,25.0673,25.3483,25.3483,23530050
2001-07-25,25.611,26.2314,25.4611,26.0622,26.0622,18723275
2001-07-26,25.5487,26.4492,25.5487,26.4317,26.4317,16805696
2001-07-27,26.3248,26.5718,25.8949,26.4385,26.4385,13524350
2001-07-30,26.2314,26.3452,26.0826,26.2372,26.2372,11202346
2001-07-31,26.1089,26.5368,25.8268,25.8327,25.8327,17538424
2001-08-01,26.2646,26.2908,25.6771,25.7335,25.7335,13025194
2001-08-02,25.6838,25.9211,25.6032,25.8133,25.8133,13945266
2001-08-03,25.9211,25.9338,25.2424,25.5293,25.5293,14285526
2001-08-06,25.5293,25.5769,25.1967,25.2725,25.2725,13457098
2001-08-07,25.3668,25.611,25.293,25.5954,25.5954,14518933
2001-08-08,25.8268,25.9533,25.361,25.5234,25.5234,15277853
2001-08-09,25.2424,25.5147,25.1169,25.3357,25.3357,13041682
2001-08-10,25.5487,25.8589,25.2112,25.5769,25.5769,14319634
2001-08-13,25.611,25.8532,25.5293,25.611,25.611,11267325
2001-08-14,25.644,25.7966,25.255,25.4611,25.4611,12937095
2001-08-15,25.6703,25.8901,25.3668,25.6703,25.6703,15037645
2001-08-16,25.5769,25.7587,25.2793,25.5487,25.5487,12211325
2001-08-17,25.5487,25.5487,24.8592,25.0391,25.0391,13921181
2001-08-20,25.0041,25.2871,24.9632,25.2112,25.2112,15466973
2001-08-21,25.2725,25.3668,24.7746,24.9876,24.9876,12605401
2001-08-22,25.2725,25.5234,25.1296,25.185,25.185,15609061
2001-08-23,25.0605,25.5147,25.0605,25.2997,25.2997,11527084
2001-08-24,25.4524,25.7966,25.1909,25.7966,25.7966,10743119
2001-08-27,25.7966,25.8405,25.3668,25.3979,25.3979,9662536
2001-08-28,25.3979,25.5088,25.0517,25.0605,25.0605,10637889
2001-08-29,25.3483,25.4738,24.9788,24.9788,24.9788,13100355
2001-08-30,25.2365,25.5293,24.8377,24.8377,24.8377,17185556
2001-08-31,25.0391,25.2997,24.8106,24.8377,24.8377,12183356
2001-09-04,25.1169,25.5769,25.0605,25.2112,25.2112,14816040
2001-09-05,25.2725,25.5487,24.8057,25.504,25.504,15458891
2001-09-06,25.4845,25.6703,25.1169,25.3037,25.3037,16661834
2001-09-07,25.044,25.5487,24.9632,25.3037,25.3037,16375079
2001-09-10,25.1812,25.5769,24.9924,25.5147,25.5147,17418806
2001-09-17,25.5147,25.6392,24.6015,24.8377,24.8377,26998422
2001-09-18,24.8377,24.9,24.1415,24.4245,24.4245,16228635
2001-09-19,24.4245,24.4313,22.3559,23.7603,23.7603,24890924
2001-09-20,23.171,23.3567,22.7653,22.9015,22.9015,20299295
2001-09-21,21.9621,22.922,21.6829,22.7333,22.7333,13394872
2001-09-24,22.2753,22.7945,21.8999,22.1838,22.1838,21743732
2001-09-25,22.0311,22.4532,21.8046,22.4405,22.4405,24558098
2001-09-26,22.7333,22.8578,22.1362,22.2811,22.2811,18543358
2001-09-27,22.7051,23.8478,22.5787,23.7671,23.7671,21508058
2001-09-28,24.4391,24.5004,24.0657,24.3778,24.3778,22714237
2001-10-01,24.2844,24.5879,23.5366,24.1823,24.1823,16047109
2001-10-02,24.1746,24.7367,23.8809,24.7367,24.7367,17548771
2001-10-03,24.5004,24.7746,24.1279,24.6452,24.6452,20848710
2001-10-04,24.5558,25.5487,24.5334,25.1062,25.1062,18601066
2001-10-05,25.4611,25.5487,24.7202,25.1732,25.1732,18329992
2001-10-08,24.9876,25.5293,24.7561,25.3299,25.3299,14173177
2001-10-09,25.4893,25.5234,24.9788,25.4038,25.4038,11604519
2001-10-10,25.4038,26.2908,25.3037,26.1585,26.1585,16857746
2001-10-11,26.1585,26.4181,25.8405,26.0389,26.0389,17254104
2001-10-12,26.0389,26.3179,25.6771,26.1653,26.1653,18430050
2001-10-15,25.9533,26.1021,25.6158,25.7666,25.7666,10712408
2001-10-16,25.7714,25.9795,25.5603,25.8268,25.8268,11011284
2001-10-17,25.8589,26.2003,25.6235,25.6342,25.6342,13670473
2001-10-18,25.2424,25.5293,24.8437,24.9924,24.9924,15213837
2001-10-19,24.9253,25.3037,24.5072,25.0809,25.0809,18662812
2001-10-22,25.0479,25.572,24.8699,25.4408,25.4408,11843745
2001-10-23,25.1685,25.6838,25.0323,25.2871,25.2871,14445712
2001-10-24,25.0517,25.0809,24.6064,24.6569,24.6569,20880238
2001-10-25,24.3165,25.1111,24.3165,25.0936,25.0936,17174086
2001-10-26,24.9924,25.4893,24.9312,25.4038,25.4038,12238795
2001-10-29,25.1344,25.361,25.044,25.1685,25.1685,11981785
2001-10-30,24.5879,24.7882,24.2971,24.4139,24.4139,17302915
2001-10-31,24.4139,24.9876,24.3448,24.4079,24.4079,15984876
2001-11-01,24.4079,25.0732,24.161,25.0479,25.0479,15571556
2001-11-02,24.617,24.6998,24.3593,24.5957,24.5957,10884066
2001-11-05,24.7425,24.8018,24.1279,24.371,24.371,17762625
2001-11-06,24.0365,24.4313,23.666,24.4206,24.4206,19240041
2001-11-07,24.1279,24.4595,23.909,24.1746,24.1746,17499312
2001-11-08,24.301,24.5189,24.2213,24.4391,24.4391,16758660
2001-11-09,24.6813,24.9924,24.6267,24.9,24.9,12736495
2001-11-12,24.3778,24.8796,24.3778,24.7814,24.7814,11035041
2001-11-13,24.7561,25.1062,24.6813,25.0517,25.0517,13772954
2001-11-14,24.6813,24.9565,23.7671,23.9402,23.9402,27471229
2001-11-15,23.5678,23.5745,22.7653,22.778,22.778,17203662
2001-11-16,23.0815,23.2682,22.8491,23.2254,23.2254,30754521
2001-11-19,23.1379,23.202,22.7401,22.8948,22.8948,23105739
2001-11-20,23.487,23.7788,23.2633,23.4792,23.4792,23645947
2001-11-21,23.6913,23.9402,23.3868,23.4373,23.4373,13121209
2001-11-23,23.3567,23.909,23.1457,23.7788,23.7788,6928504
2001-11-26,23.5366,23.6601,23.1068,23.3703,23.3703,15707660
2001-11-27,23.2108,23.4627,22.8889,23.1068,23.1068,27988647
2001-11-28,22.9813,23.1564,22.7723,22.9501,22.9501,15542784
2001-11-29,23.1068,23.3198,22.9579,23.171,23.171,14108202
2001-11-30,23.2819,23.3275,23.0085,23.1379,23.1379,17303076
2001-12-03,23.1379,23.6319,22.9152,23.2993,23.2993,24043425
2001-12-04,23.5065,23.7369,23.2633,23.697,23.697,17191061
2001-12-05,24.0365,24.0978,23.8177,24.053,24.053,26519635
2001-12-06,23.9723,23.9723,23.0776,23.0951,23.0951,25318628
2001-12-07,23.202,23.6601,23.0776,23.5483,23.5483,15999752
2001-12-10,23.5483,23.5618,23.206,23.2323,23.2323,15842142
2001-12-11,23.3041,23.5366,22.7333,22.7723,22.7723,19540537
2001-12-12,22.9813,23.2254,22.8344,23.1524,23.1524,16372974
2001-12-13,23.2633,23.2633,22.5213,22.5427,22.5427,25707380
2001-12-14,22.6662,23.0144,22.5903,22.8005,22.8005,18366523
2001-12-17,22.7653,23.2108,22.6019,23.1826,23.1826,20009464
2001-12-18,23.2517,23.3567,23.1457,23.2323,23.2323,16543190
2001-12-19,23.2323,23.8177,23.1457,23.7252,23.7252,21496745
2001-12-20,23.8478,23.9772,23.592,23.6913,23.6913,19407663
2001-12-21,23.8809,24.4206,23.8177,23.8177,23.8177,40647395
2001-12-24,24.0365,24.4079,24.0161,24.1279,24.1279,7942814
2001-12-26,24.2213,24.9312,24.2028,24.5004,24.5004,16027549
2001-12-27,24.5072,24.83,24.4079,24.6112,24.6112,11879145
2001-12-28,24.7142,24.8057,24.5334,24.6064,24.6064,12919482
2001-12-31,24.6696,24.7425,24.2281,24.3165,24.3165,14168822
2002-01-02,24.3165,24.5004,24.0657,24.5004,24.5004,17870930
2002-01-03,24.6502,24.7318,24.3847,24.5334,24.5334,16360696
2002-01-04,24.5558,24.7882,24.5004,24.7425,24.7425,13012584
2002-01-07,24.5879,24.8018,24.4313,24.5257,24.5257,16056648
2002-01-08,24.6813,24.7367,24.4391,24.5558,24.5558,13380806
2002-01-09,24.5004,24.7269,24.1892,24.2787,24.2787,16097055
2002-01-10,24.2787,24.6015,24.1677,24.371,24.371,12676202
2002-01-11,24.371,24.5004,23.7865,23.8177,23.8177,13757437
2002-01-14,23.8809,24.2495,23.8177,23.9053,23.9053,16342276
2002-01-15,24.0589,24.4692,24.053,24.3165,24.3165,15131237
2002-01-16,24.1279,24.1337,23.7934,23.8041,23.8041,14146030
2002-01-17,23.8926,24.1473,23.8809,23.9053,23.9053,12090087
2002-01-18,23.9053,24.0365,23.6806,23.7544,23.7544,16652136
2002-01-22,24.0365,24.4391,23.5123,23.5182,23.5182,11569118
2002-01-23,23.8177,24.2358,23.8177,24.0657,24.0657,15990864
2002-01-24,23.8809,24.1201,23.8235,24.0054,24.0054,16171248
2002-01-25,24.1143,24.5189,23.9402,24.2281,24.2281,13663685
2002-01-28,24.4079,24.6628,23.9489,24.1026,24.1026,13089203
2002-01-29,23.8177,24.0657,23.4734,23.4734,23.4734,19055603
2002-01-30,23.4734,23.9626,23.3868,23.9334,23.9334,18958626
2002-01-31,23.8235,24.161,23.6913,24.161,24.161,17121871
2002-02-01,24.2213,24.2495,24.0054,24.1279,24.1279,15385668
2002-02-04,24.1892,24.2495,23.666,23.7252,23.7252,16276804
2002-02-05,23.8809,24.0657,23.4199,23.7126,23.7126,17672265
2002-02-06,23.7185,24.1143,23.5852,24.0793,24.0793,16787758
2002-02-07,23.9334,24.1201,23.6368,23.6913,23.6913,14591992
2002-02-08,23.5366,23.7302,23.5006,23.6854,23.6854,14111595
2002-02-11,23.6854,24.0724,23.4792,23.8177,23.8177,14156531
2002-02-12,23.9266,23.9683,23.2633,23.7544,23.7544,11837444
2002-02-13,23.8177,23.9217,23.5803,23.9053,23.9053,16262257
2002-02-14,24.1143,24.3778,23.9217,24.1279,24.1279,16026582
2002-02-15,24.2398,24.3778,24.0657,24.0657,24.0657,16973163
2002-02-19,24.0657,24.4012,23.9567,23.983,23.983,15943820
2002-02-20,24.053,24.1201,23.7865,24.1201,24.1201,11694067
2002-02-21,24.4079,24.581,24.1677,24.2213,24.2213,19760207
2002-02-22,24.3778,25.3416,24.161,25.1909,25.1909,28835335
2002-02-25,25.2725,25.4611,25.1296,25.3668,25.3668,18594438
2002-02-26,25.3668,25.4349,25.1169,25.1909,25.1909,16241892
2002-02-27,25.3163,25.6995,25.1062,25.3163,25.3163,22532389
2002-02-28,25.611,25.8589,25.5234,25.5487,25.5487,20835295
2002-03-01,25.8268,25.9795,25.7666,25.9795,25.9795,20502471
2002-03-04,26.0748,26.4181,26.0496,26.3861,26.3861,19015521
2002-03-05,26.2937,26.5436,26.1021,26.2937,26.2937,17395375
2002-03-06,26.3248,26.8957,26.2168,26.7283,26.7283,23222441
2002-03-07,26.8159,26.8159,26.3578,26.5368,26.5368,19025379
2002-03-08,26.9083,26.9229,26.3987,26.5485,26.5485,17464068
2002-03-11,26.7555,27.0833,26.7119,26.9014,26.9014,19580138
2002-03-12,26.9666,27.2244,26.887,27.2244,27.2244,20864073
2002-03-13,27.1873,27.2768,26.5718,26.671,26.671,23267541
2002-03-14,26.8733,26.8781,26.6068,26.7478,26.7478,14072478
2002-03-15,26.9083,27.2107,26.7945,26.9773,26.9773,25975061
2002-03-18,27.0638,27.2155,26.8081,27.0581,27.0581,13851025
2002-03-19,27.2107,27.2107,26.9229,27.097,27.097,13104074
2002-03-20,26.9958,27.0162,26.8032,26.9296,26.9296,13143997
2002-03-21,27.0162,27.0289,26.7236,26.9296,26.9296,13106336
2002-03-22,26.9083,27.0085,26.671,26.8897,26.8897,15075959
2002-03-25,26.7343,26.7945,26.5057,26.5125,26.5125,15351723
2002-03-26,26.5718,27.0638,26.5718,27.0581,27.0581,18375576
2002-03-27,26.9608,27.3128,26.9608,27.1873,27.1873,18107568
2002-03-28,27.2467,27.3993,27.0434,27.1154,27.1154,15610993
2002-04-01,27.345,27.4217,27.097,27.1154,27.1154,14439408
2002-04-02,27.1592,27.5851,27.1417,27.4568,27.4568,14526370
2002-04-03,27.4568,27.4704,26.848,27.0289,27.0289,20677535
2002-04-04,27.2856,27.2856,26.5718,26.6914,26.6914,22252097
2002-04-05,26.6613,27.204,26.1361,26.3744,26.3744,18358443
2002-04-08,26.8159,27.0289,26.6175,26.7478,26.7478,15053807
2002-04-09,26.4181,26.5485,26.2761,26.4317,26.4317,14961033
2002-04-10,26.2937,26.7119,26.2937,26.7119,26.7119,16805865
2002-04-11,26.6797,26.6846,26.1954,26.2314,26.2314,13881092
2002-04-12,25.9533,26.0447,25.5234,25.5487,25.5487,20099013
2002-04-15,26.0447,26.1701,25.7335,25.7335,25.7335,18224118
2002-04-16,25.9737,26.2937,25.9211,26.1585,26.1585,17035066
2002-04-17,26.282,26.4444,25.9338,26.1196,26.1196,15163733
2002-04-18,26.3035,26.4492,26.0156,26.2703,26.2703,15555388
2002-04-19,26.2703,26.3861,26.0203,26.3035,26.3035,13935406
2002-04-22,26.2646,26.2937,25.7587,25.8901,25.8901,13182955
2002-04-23,25.0517,25.7082,25.0041,25.5769,25.5769,30966111
2002-04-24,25.3979,25.4738,24.8699,24.9312,24.9312,21204007
2002-04-25,24.8057,25.2112,24.7504,25.0809,25.0809,18789382
2002-04-26,25.1169,25.185,24.617,24.7425,24.7425,16239946
2002-04-29,24.7425,24.9691,24.5004,24.5558,24.5558,16220225
2002-04-30,24.7425,25.1812,24.6754,24.8504,24.8504,20565194
2002-05-01,24.6813,25.1732,24.5519,25.1732,25.1732,15963536
2002-05-02,25.1111,25.2725,24.9361,25.2424,25.2424,14965717
2002-05-03,25.3357,25.4457,24.8749,25.1111,25.1111,17864788
2002-05-06,24.8174,24.8504,24.2028,24.2844,24.2844,15443051
2002-05-07,24.4313,24.4663,24.1473,24.1892,24.1892,14332075
2002-05-08,24.0365,24.8377,24.0365,24.7504,24.7504,20343260
2002-05-09,24.5879,24.6502,24.2844,24.3516,24.3516,13438349
2002-05-10,24.617,24.617,23.9723,24.1026,24.1026,14608160
2002-05-13,24.0161,24.8057,23.9266,24.7504,24.7504,14403682
2002-05-14,25.0391,25.2288,24.7882,25.1062,25.1062,15814343
2002-05-15,24.7425,24.9,24.4459,24.5636,24.5636,15975339
2002-05-16,24.7142,24.9788,24.7065,24.9118,24.9118,12788875
2002-05-17,24.9195,24.972,24.581,24.8699,24.8699,16129872
2002-05-20,24.7142,24.7425,24.4391,24.4955,24.4955,13023251
2002-05-21,24.6112,24.8796,24.5763,24.6015,24.6015,15442725
2002-05-22,24.7561,25.1111,24.6452,25.0128,25.0128,13361248
2002-05-23,25.2112,25.3843,24.9312,25.3037,25.3037,17782673
2002-05-24,25.3668,25.4291,24.7504,24.8865,24.8865,12642580
2002-05-28,24.7425,24.8057,24.4692,24.6452,24.6452,14012188
2002-05-29,24.5558,25.0041,24.4459,24.9312,24.9312,16131807
2002-05-30,24.6502,24.9312,24.2116,24.3448,24.3448,22326940
2002-05-31,24.5004,25.0168,24.4887,24.6998,24.6998,19622973
2002-06-03,24.7425,24.8504,24.1201,24.1746,24.1746,16515387
2002-06-04,24.1717,24.5189,23.9683,24.2718,24.2718,16125183
2002-06-05,24.1143,24.5558,23.9489,24.4771,24.4771,20526240
2002-06-06,24.7318,24.8504,24.0724,24.2213,24.2213,17184914
2002-06-07,24.2213,24.617,24.1959,24.3895,24.3895,17518380
2002-06-10,24.3895,24.4692,24.1026,24.2116,24.2116,12306369
2002-06-11,24.5763,24.581,24.0861,24.1473,24.1473,16364580
2002-06-12,24.2495,24.7142,24.2183,24.5558,24.5558,17860581
2002-06-13,24.3448,24.6813,24.265,24.3516,24.3516,15528880
2002-06-14,24.3165,24.3448,23.8177,24.2213,24.2213,17230014
2002-06-17,24.4079,24.8699,24.3448,24.7639,24.7639,17135455
2002-06-18,24.7425,24.8504,24.5519,24.6998,24.6998,13464697
2002-06-19,24.7142,24.7882,24.1201,24.3593,24.3593,13686148
2002-06-20,24.3847,24.797,24.3847,24.581,24.581,19674052
2002-06-21,24.1279,24.7318,24.1279,24.2844,24.2844,40227442
2002-06-24,24.2844,24.8174,24.2844,24.7425,24.7425,21292105
2002-06-25,24.9,25.1062,24.338,24.5004,24.5004,21418344
2002-06-26,24.5004,24.617,24.0657,24.4079,24.4079,22967206
2002-06-27,24.581,24.9,24.3165,24.9,24.9,17962097
2002-06-28,24.8057,25.3795,24.7882,25.3163,25.3163,22275861
2002-07-01,25.222,25.4291,25.0517,25.15,25.15,17044932
2002-07-02,25.2424,25.2725,24.617,24.8437,24.8437,19189445
2002-07-03,24.8377,24.972,24.5072,24.6871,24.6871,16851604
2002-07-05,24.7142,25.0673,24.6112,25.0673,25.0673,9471633
2002-07-08,24.9632,25.1422,24.8437,24.9691,24.9691,16055187
2002-07-09,24.9632,25.0732,24.5558,24.617,24.617,17055763
2002-07-10,24.9,24.9118,23.3275,23.6494,23.6494,28392433
2002-07-11,23.6494,23.8177,22.9287,22.9501,22.9501,33709356
2002-07-12,23.0513,23.171,22.3657,22.5972,22.5972,26100492
2002-07-15,22.3336,22.4532,20.9565,22.1168,22.1168,38217740
2002-07-16,21.6568,22.2364,21.3601,21.7764,21.7764,31491613
2002-07-17,22.213,22.5086,21.8406,22.0311,22.0311,27196596
2002-07-18,22.1255,22.5086,21.3474,21.4954,21.4954,24726206
2002-07-19,20.8165,21.3397,19.6115,20.0453,20.0453,44676675
2002-07-22,20.0453,20.1697,18.4036,18.7257,18.7257,58325810
2002-07-23,18.9931,19.3286,18.5525,19.1311,19.1311,53241326
2002-07-24,19.1185,21.1287,18.8686,20.9896,20.9896,63767675
2002-07-25,20.9984,21.4642,20.4732,20.9721,20.9721,43366074
2002-07-26,21.0373,21.7764,20.8797,21.7074,21.7074,25557700
2002-07-29,22.213,22.5495,21.8648,22.4747,22.4747,26055722
2002-07-30,22.4961,22.4961,21.7764,22.0672,22.0672,27876631
2002-07-31,21.9748,22.8139,21.8046,22.7401,22.7401,29341110
2002-08-01,21.8046,22.1429,20.729,20.8165,20.8165,34869626
2002-08-02,20.9429,21.19,20.2952,20.7902,20.7902,25937879
2002-08-05,20.8165,21.186,19.9966,20.1056,20.1056,20572303
2002-08-06,20.5043,21.19,20.4576,20.659,20.659,21403308
2002-08-07,20.8797,21.2843,20.412,21.2211,21.2211,22398061
2002-08-08,21.2279,22.2811,21.0976,22.2753,22.2753,25202891
2002-08-09,22.1313,22.3978,21.6217,22.3336,22.3336,20977058
2002-08-12,21.8192,22.2413,21.7131,22.105,22.105,15185236
2002-08-13,21.7131,22.213,21.5293,21.5497,21.5497,15394554
2002-08-14,21.8999,22.5787,21.5964,22.5086,22.5086,18854520
2002-08-15,22.7653,23.1185,22.6283,22.9773,22.9773,17984078
2002-08-16,22.9434,23.0144,22.5816,22.7945,22.7945,18181928
2002-08-19,22.6098,23.0649,22.5495,22.988,22.988,15123482
2002-08-20,22.8344,22.9287,22.0311,22.3861,22.3861,17893557
2002-08-21,22.4405,22.6515,22.1508,22.5427,22.5427,17898245
2002-08-22,22.5427,23.0386,22.4794,22.9084,22.9084,14748468
2002-08-23,22.7653,22.7945,22.1838,22.3657,22.3657,12732456
2002-08-26,22.3978,22.8422,22.2413,22.6827,22.6827,11310809
2002-08-27,23.171,23.3479,22.5427,22.8266,22.8266,20103217
2002-08-28,22.4854,22.6662,21.8513,22.0389,22.0389,15190400
2002-08-29,21.6635,21.8999,21.435,21.8931,21.8931,14263704
2002-08-30,21.4954,22.3978,21.4954,21.9329,21.9329,15106023
2002-09-03,21.19,21.4642,20.6657,20.7971,20.7971,23415444
2002-09-04,20.7971,21.0586,20.1182,20.9226,20.9226,21964211
2002-09-05,20.4499,21.0976,20.3828,20.8914,20.8914,18354727
2002-09-06,21.4691,21.5964,21.0227,21.2279,21.2279,16726338
2002-09-09,21.19,21.3474,20.8165,21.0373,21.0373,15124285
2002-09-10,21.2784,21.5566,21.1472,21.5235,21.5235,13208980
2002-09-11,21.6509,22.1508,21.3261,21.403,21.403,11862653
2002-09-12,21.3018,21.3018,20.7221,20.7824,20.7824,15091317
2002-09-13,20.7824,21.19,20.2952,21.086,21.086,15098426
2002-09-16,20.9283,21.3261,20.8496,21.2843,21.2843,12292306
2002-09-17,21.2843,21.2843,20.3963,20.4576,20.4576,19501099
2002-09-18,20.412,20.9623,20.269,20.5384,20.5384,16054867
2002-09-19,20.1474,20.5851,19.9345,20.019,20.019,16352286
2002-09-20,20.163,20.4663,20.1056,20.3302,20.3302,34319554
2002-09-23,20.1834,20.5724,20.1017,20.2446,20.2446,16643249
2002-09-24,20.1056,20.1513,19.6699,19.7682,19.7682,21546361
2002-09-25,20.3371,20.376,19.6115,20.1756,20.1756,19271725
2002-09-26,20.6327,21.2211,20.1056,21.1287,21.1287,22160444
2002-09-27,20.9721,21.1958,20.2895,20.3079,20.3079,20525912
2002-09-30,20.3079,20.3079,19.2916,19.7331,19.7331,31357286
2002-10-01,19.9091,20.9818,19.8148,20.9818,20.9818,27166370
2002-10-02,20.4761,21.3601,19.95,20.2019,20.2019,31616078
2002-10-03,20.3234,20.9021,20.2019,20.5248,20.5248,29327055
2002-10-04,20.659,20.9021,20.2204,20.4499,20.4499,25762823
2002-10-07,20.412,21.2843,20.412,20.5325,20.5325,22413256
2002-10-08,20.8496,20.8496,20.0579,20.2329,20.2329,27760409
2002-10-09,19.8595,20.7221,19.8411,20.3127,20.3127,28561184
2002-10-10,20.4663,20.9283,20.1251,20.9021,20.9021,25925437
2002-10-11,21.0401,21.4875,20.835,21.3709,21.3709,19269952
2002-10-14,21.3474,21.6431,21.1803,21.61,21.61,12951812
2002-10-15,22.4697,22.4697,21.7764,22.4532,22.4532,29013629
2002-10-16,22.4532,22.5427,21.9504,21.9806,21.9806,21942224
2002-10-17,22.4854,22.5787,22.1168,22.4532,22.4532,17294668
2002-10-18,22.3044,22.5787,22.0254,22.2753,22.2753,19747116
2002-10-21,22.1168,22.4532,21.9621,22.2753,22.2753,16836087
2002-10-22,22.2811,22.2811,21.3223,21.7647,21.7647,21454875
2002-10-23,21.435,21.7987,21.0169,21.7288,21.7288,19870129
2002-10-24,21.9621,21.998,21.2347,21.4476,21.4476,15754050
2002-10-25,21.1599,21.7433,21.1219,21.7199,21.7199,17973085
2002-10-28,21.5634,21.7355,21.1733,21.4282,21.4282,14464297
2002-10-29,20.7221,21.1024,20.1513,20.5597,20.5597,24390635
2002-10-30,20.6959,21.153,20.5986,21.086,21.086,24041161
2002-10-31,21.2347,21.7987,20.482,20.8243,20.8243,31261270
2002-11-01,20.9089,21.5497,20.8623,21.4399,21.4399,19373401
2002-11-04,21.3474,21.4954,21.048,21.1958,21.1958,19983119
2002-11-05,21.3524,22.1771,21.2211,22.0127,22.0127,22323059
2002-11-06,21.8678,21.9504,21.1599,21.7199,21.7199,20979160
2002-11-07,21.6217,21.7131,21.0401,21.3339,21.3339,16229924
2002-11-08,21.4642,21.5293,21.2891,21.4068,21.4068,15749528
2002-11-11,21.435,21.5497,20.7874,20.9565,20.9565,14157984
2002-11-12,21.19,21.3961,20.8962,21.0586,21.0586,16889593
2002-11-13,21.1287,21.2648,20.412,20.659,20.659,19607134
2002-11-14,21.0062,21.5566,20.9283,21.3474,21.3474,21101682
2002-11-15,21.19,21.6431,21.1733,21.5566,21.5566,17842965
2002-11-18,21.6568,21.8259,21.3669,21.6315,21.6315,14463009
2002-11-19,21.6509,21.9504,21.5634,21.7764,21.7764,16021890
2002-11-20,21.5896,21.8999,21.5566,21.7987,21.7987,16561618
2002-11-21,21.8872,21.8999,21.403,21.5634,21.5634,20342126
2002-11-22,21.5362,21.5497,21.0645,21.1733,21.1733,22755135
2002-11-25,21.0976,21.4875,20.9818,21.403,21.403,15350106
2002-11-26,21.0976,21.2648,20.9226,21.0119,21.0119,18242545
2002-11-27,21.3709,21.6713,21.19,21.6237,21.6237,16932588
2002-11-29,21.6373,21.6373,21.4195,21.5293,21.5293,8428224
2002-12-02,21.7433,21.8999,21.0976,21.3893,21.3893,18971072
2002-12-03,21.2211,21.6956,21.2211,21.5896,21.5896,20851945
2002-12-04,21.5964,21.7579,21.1403,21.5071,21.5071,21452290
2002-12-05,21.5071,21.5896,21.2891,21.5071,21.5071,18249494
2002-12-06,21.2843,21.7433,21.2483,21.7433,21.7433,20405813
2002-12-09,21.7433,21.8678,21.2784,21.3524,21.3524,19455351
2002-12-10,21.2211,21.7024,21.19,21.6772,21.6772,15315838
2002-12-11,21.7433,21.8872,21.435,21.6635,21.6635,16156543
2002-12-12,21.6509,21.6956,21.4399,21.5751,21.5751,15475542
2002-12-13,21.4195,21.9874,21.3601,21.6772,21.6772,25243143
2002-12-16,21.8999,22.3093,21.8406,22.1838,22.1838,21850899
2002-12-17,22.213,22.3044,21.7764,21.9748,21.9748,18285703
2002-12-18,21.8872,22.0477,21.6568,21.9874,21.9874,20248370
2002-12-19,21.7433,22.0127,21.5964,21.7433,21.7433,17866075
2002-12-20,22.0564,22.1508,21.7268,22.0866,22.0866,32805122
2002-12-23,22.3044,22.4095,22.0564,22.1168,22.1168,16340327
2002-12-24,22.1168,22.213,21.8999,21.9135,21.9135,6783990
2002-12-26,22.0389,22.249,21.7851,21.8513,21.8513,12045474
2002-12-27,21.8678,21.9748,21.403,21.4282,21.4282,16602345
2002-12-30,21.5751,21.7131,21.4768,21.4954,21.4954,21629607
2002-12-31,21.4875,21.6509,21.1666,21.614,21.614,18757702
2003-01-02,21.6509,21.9923,21.6315,21.9465,21.9465,20658619
2003-01-03,21.8046,22.0428,21.7764,21.9621,21.9621,14736832
2003-01-06,21.9329,22.64,21.9066,22.5019,22.5019,19276093
2003-01-07,22.3044,22.3093,21.7355,21.7433,21.7433,23174436
2003-01-08,21.7433,21.7715,21.5362,21.6509,21.6509,20492455
2003-01-09,21.7131,22.1771,21.7131,22.1109,22.1109,18523803
2003-01-10,21.8678,22.0866,21.7131,21.7987,21.7987,17986497
2003-01-13,21.7715,21.8736,21.5751,21.7131,21.7131,16457520
2003-01-14,21.6373,21.9329,21.5566,21.9135,21.9135,15509155
2003-01-15,21.8999,21.9066,21.4954,21.61,21.61,19077918
2003-01-16,21.7647,21.9232,21.5819,21.7074,21.7074,17505127
2003-01-17,21.7074,21.7074,21.4642,21.4768,21.4768,17500931
2003-01-21,21.2891,21.3709,20.9721,20.9818,20.9818,19536658
2003-01-22,20.8865,21.0976,20.6541,20.7173,20.7173,25671980
2003-01-23,20.6327,20.8038,20.5442,20.6657,20.6657,17421397
2003-01-24,20.5384,20.6103,20.0453,20.2262,20.2262,20631143
2003-01-27,20.1056,20.3234,19.5337,19.6864,19.6864,22767584
2003-01-28,19.95,20.376,19.8275,20.2057,20.2057,24584120
2003-01-29,20.6959,21.19,20.3896,20.9429,20.9429,27534754
2003-01-30,21.3018,21.3086,20.5325,20.5597,20.5597,25846394
2003-01-31,20.5597,21.2591,20.4042,21.1287,21.1287,26488601
2003-02-03,21.1355,21.4476,21.0518,21.4195,21.4195,19699273
2003-02-04,21.3474,21.5158,20.9429,21.4195,21.4195,20645531
2003-02-05,21.6373,21.7131,21.0062,21.1151,21.1151,19650131
2003-02-06,20.8496,20.8914,20.5179,20.7902,20.7902,19036048
2003-02-07,20.9429,20.9721,20.4499,20.6327,20.6327,15033931
2003-02-10,20.7552,20.8749,20.5111,20.7902,20.7902,16802790
2003-02-11,20.9429,20.9497,20.4187,20.6424,20.6424,16138925
2003-02-12,20.6424,20.6959,20.2262,20.2329,20.2329,15518860
2003-02-13,20.2329,20.619,19.9966,20.4907,20.4907,18248202
2003-02-14,20.4431,20.7173,20.1697,20.6882,20.6882,19828265
2003-02-18,20.8496,21.0927,20.6386,20.8797,20.8797,19457938
2003-02-19,20.8865,20.9896,20.7046,20.8962,20.8962,15133343
2003-02-20,21.0373,21.1219,20.6959,20.8038,20.8038,15061735
2003-02-21,21.0062,21.2095,20.8797,21.1472,21.1472,22292513
2003-02-24,20.9896,21.2843,20.9226,21.0373,21.0373,19707189
2003-02-25,20.8165,21.153,20.7485,21.1219,21.1219,22320312
2003-02-26,20.975,21.1219,20.8038,20.9361,20.9361,19678745
2003-02-27,20.9984,21.2211,20.9176,21.0227,21.0227,20206995
2003-02-28,21.1287,21.3018,20.9818,21.048,21.048,20764820
2003-03-03,21.2784,21.4798,21.1599,21.3223,21.3223,19549425
2003-03-04,21.4642,21.4875,21.1403,21.1803,21.1803,16769009
2003-03-05,21.1803,21.6033,21.1733,21.6033,21.6033,19666619
2003-03-06,21.4954,21.5634,21.2891,21.3766,21.3766,19607947
2003-03-07,21.0976,21.5751,21.086,21.5235,21.5235,21240538
2003-03-10,21.5235,21.5751,21.2531,21.2531,21.2531,18813953
2003-03-11,21.4954,21.614,21.3766,21.3836,21.3836,21154057
2003-03-12,20.9721,21.3836,20.5597,21.0733,21.0733,30270397
2003-03-13,21.2735,21.4282,20.9818,21.3397,21.3397,21770722
2003-03-14,21.3709,21.5293,21.0586,21.2784,21.2784,24423132
2003-03-17,21.3134,21.8046,21.2347,21.6829,21.6829,27674739
2003-03-18,21.6373,21.8046,21.4136,21.8046,21.8046,20628072
2003-03-19,21.8406,22.105,21.7851,22.0204,22.0204,19492208
2003-03-20,21.8805,22.2062,21.8114,22.0204,22.0204,19660641
2003-03-21,22.2811,22.2811,22.005,22.2753,22.2753,24056031
2003-03-24,22.2413,22.2811,21.8406,21.8443,21.8443,19583533
2003-03-25,22.0564,22.3657,21.9923,22.0672,22.0672,18129553
2003-03-26,22.1168,22.3512,22.105,22.1838,22.1838,21177822
2003-03-27,22.0866,22.3657,21.9748,22.2227,22.2227,17012439
2003-03-28,22.0389,22.3978,22.0389,22.2937,22.2937,13250360
2003-03-31,21.9329,22.0564,21.5702,21.6217,21.6217,23200940
2003-04-01,21.8046,22.1771,21.7288,22.0564,22.0564,18757216
2003-04-02,22.2413,22.2664,22.0311,22.0866,22.0866,15248110
2003-04-03,22.0925,22.1693,21.614,21.6829,21.6829,20887510
2003-04-04,21.8114,22.005,21.7764,21.9748,21.9748,16424218
2003-04-07,22.2597,22.2753,21.6509,21.6829,21.6829,19312623
2003-04-08,21.6509,21.7024,21.3134,21.3893,21.3893,20271162
2003-04-09,21.5896,21.7851,21.2843,21.3261,21.3261,19276903
2003-04-10,21.3397,21.5293,21.2347,21.4545,21.4545,14104000
2003-04-11,21.403,21.5896,21.1599,21.2405,21.2405,14970241
2003-04-14,21.1958,21.5964,21.1958,21.5702,21.5702,13313080
2003-04-15,21.5819,21.7131,21.4068,21.6829,21.6829,14318659
2003-04-16,21.7579,21.7579,21.3339,21.4593,21.4593,15557656
2003-04-17,21.3261,21.6879,21.3261,21.6713,21.6713,14595395
2003-04-21,21.7131,21.7521,21.4642,21.5702,21.5702,13255373
2003-04-22,21.4593,22.005,21.3474,21.9135,21.9135,18755439
2003-04-23,21.7579,21.8648,21.5362,21.8648,21.8648,20498918
2003-04-24,21.6829,21.857,21.5896,21.7288,21.7288,14540598
2003-04-25,21.6509,21.6568,21.3474,21.5235,21.5235,18538513
2003-04-28,21.5751,22.0254,21.539,21.9066,21.9066,18560014
2003-04-29,21.8046,21.8999,21.4642,21.544,21.544,18465930
2003-04-30,21.4768,21.8406,21.4593,21.7764,21.7764,25003257
2003-05-01,21.8513,22.1313,21.6431,21.9504,21.9504,21785433
2003-05-02,21.9504,22.3278,21.9504,22.2996,22.2996,20603667
2003-05-05,22.3657,22.4027,21.8999,21.9329,21.9329,20361844
2003-05-06,21.9504,22.0672,21.6879,21.7764,21.7764,23861257
2003-05-07,21.7764,22.0254,21.7199,21.9066,21.9066,15517248
2003-05-08,21.9066,22.0925,21.7288,21.8648,21.8648,14635804
2003-05-09,21.857,21.998,21.7579,21.9465,21.9465,13896773
2003-05-12,21.8805,22.0254,21.7851,21.9923,21.9923,19815815
2003-05-13,22.0204,22.0623,21.8513,21.9806,21.9806,17850561
2003-05-14,22.005,22.0428,21.7268,21.7851,21.7851,16991106
2003-05-15,21.8513,21.9232,21.7074,21.8337,21.8337,14466721
2003-05-16,21.8406,21.998,21.791,21.9329,21.9329,18164952
2003-05-19,21.7579,21.8406,21.6635,21.6772,21.6772,14786936
2003-05-20,21.7715,21.9562,21.7268,21.8513,21.8513,16694166
2003-05-21,21.8513,22.1693,21.7024,22.1429,22.1429,23028791
2003-05-22,22.0477,22.2548,22.0204,22.2413,22.2413,20125037
2003-05-23,22.1771,22.46,22.0992,22.2597,22.2597,15320683
2003-05-27,22.1508,22.7479,22.1168,22.71,22.71,24914358
2003-05-28,22.5816,22.6974,22.3978,22.5495,22.5495,19048171
2003-05-29,22.5495,22.6283,22.1624,22.2548,22.2548,17650607
2003-05-30,22.2548,22.565,22.2413,22.5155,22.5155,21069680
2003-06-02,22.5972,22.7333,22.4911,22.6283,22.6283,18497776
2003-06-03,22.7197,22.8762,22.6098,22.8762,22.8762,18661519
2003-06-04,22.8685,23.1758,22.8139,23.1379,23.1379,20013181
2003-06-05,23.0776,23.0776,22.7537,22.988,22.988,17644954
2003-06-06,23.0698,23.3324,22.9813,23.1028,23.1028,19713170
2003-06-09,23.0513,23.2633,23.0222,23.1758,23.1758,13002886
2003-06-10,23.2633,23.2906,23.0329,23.2254,23.2254,14659567
2003-06-11,23.3567,23.6319,23.3324,23.6319,23.6319,19976001
2003-06-12,23.6319,23.7865,23.4316,23.6319,23.6319,17163901
2003-06-13,23.6251,23.6601,23.171,23.4627,23.4627,16018176
2003-06-16,23.4627,23.697,23.3441,23.697,23.697,17510140
2003-06-17,23.697,23.697,23.237,23.3041,23.3041,21591299
2003-06-18,23.3041,23.3382,22.922,23.1028,23.1028,20662339
2003-06-19,23.0776,23.0776,22.7945,22.8139,22.8139,18992895
2003-06-20,22.8762,23.0144,22.7606,22.8199,22.8199,34314219
2003-06-23,22.7848,22.8821,22.6769,22.8539,22.8539,15404740
2003-06-24,22.8539,22.8889,22.7333,22.8266,22.8266,14112242
2003-06-25,22.7897,23.028,22.6595,22.6769,22.6769,18663145
2003-06-26,22.5495,22.7653,22.46,22.7051,22.7051,14567913
2003-06-27,22.6595,22.7479,22.4027,22.4961,22.4961,14516185
2003-06-30,22.5369,22.6468,22.2188,22.2188,22.2188,22241270
2003-07-01,22.2413,22.4532,21.9923,22.3861,22.3861,20288783
2003-07-02,22.2937,22.4455,22.1838,22.4405,22.4405,18087361
2003-07-03,22.3336,22.4241,22.1771,22.3093,22.3093,11161775
2003-07-07,22.3336,22.5155,22.2753,22.3044,22.3044,17762786
2003-07-08,22.1771,22.2811,21.9689,22.0564,22.0564,18115652
2003-07-09,22.0564,22.2413,21.8443,22.1838,22.1838,24018210
2003-07-10,22.1838,22.1838,21.9562,21.9621,21.9621,21394583
2003-07-11,21.8513,22.1429,21.8513,22.0254,22.0254,15248752
2003-07-14,22.0389,22.1771,21.8046,21.8406,21.8406,19441131
2003-07-15,21.7715,21.7715,21.614,21.7715,21.7715,20001381
2003-07-16,21.8192,21.9329,21.5964,21.6033,21.6033,21537312
2003-07-17,21.6033,21.857,21.5964,21.7764,21.7764,20600270
2003-07-18,21.9621,22.2062,21.7579,22.2004,22.2004,21525513
2003-07-21,22.1721,22.1721,21.8259,21.8872,21.8872,14589734
2003-07-22,21.8872,22.213,21.8114,22.0992,22.0992,15041041
2003-07-23,22.0992,22.1313,21.8406,22.0672,22.0672,13723816
2003-07-24,22.1109,22.2295,21.7851,21.8046,21.8046,17583366
2003-07-25,21.8046,22.1429,21.7579,22.1255,22.1255,17771676
2003-07-28,22.0866,22.2597,22.0127,22.1168,22.1168,24154634
2003-07-29,22.1168,22.1566,21.8513,21.9164,21.9164,21945623
2003-07-30,22.0759,22.1109,21.8513,21.8513,21.8513,18497133
2003-07-31,22.1925,22.3861,21.9398,22.0127,22.0127,27545099
2003-08-01,22.005,22.0127,21.7851,21.857,21.857,22075420
2003-08-04,21.9621,22.1109,21.7268,22.0311,22.0311,20665897
2003-08-05,22.0866,22.1721,21.8678,21.8678,21.8678,18860828
2003-08-06,21.8999,22.2364,21.8046,22.1168,22.1168,21260906
2003-08-07,22.0311,22.4854,22.0311,22.4241,22.4241,22757228
2003-08-08,22.4854,22.6468,22.4854,22.5903,22.5903,21753427
2003-08-11,22.5787,22.7537,22.0127,22.5903,22.5903,14734892
2003-08-12,22.7333,22.7333,22.4854,22.71,22.71,13965958
2003-08-13,22.7653,22.7897,22.5086,22.5787,22.5787,13047819
2003-08-14,22.7333,22.8578,22.6176,22.8539,22.8539,15502370
2003-08-15,22.8539,22.8539,22.6769,22.7848,22.7848,9747560
2003-08-18,22.8005,22.8948,22.7848,22.8422,22.8422,14785326
2003-08-19,22.8422,22.9501,22.5495,22.6895,22.6895,15511262
2003-08-20,22.5787,22.8422,22.5534,22.7653,22.7653,11180359
2003-08-21,22.7653,22.9773,22.7051,22.922,22.922,14219415
2003-08-22,22.9015,23.0435,22.5787,22.5972,22.5972,15090185
2003-08-25,22.4854,22.7723,22.4697,22.7479,22.7479,11638454
2003-08-26,22.7479,22.8344,22.4911,22.7848,22.7848,14675406
2003-08-27,22.9501,23.0435,22.922,23.0435,23.0435,18740403
2003-08-28,23.1135,23.2458,22.8821,23.2323,23.2323,19593556
2003-08-29,23.2323,23.3479,23.0776,23.3275,23.3275,13612603
2003-09-02,23.38,23.4939,23.202,23.487,23.487,17647213
2003-09-03,23.4939,23.6319,23.45,23.5551,23.5551,18248202
2003-09-04,23.5065,23.6601,23.487,23.6057,23.6057,16877472
2003-09-05,23.5065,23.5852,23.38,23.487,23.487,14056963
2003-09-08,23.5678,23.8177,23.45,23.7982,23.7982,13387272
2003-09-09,23.6601,23.7544,23.3868,23.5745,23.5745,15111359
2003-09-10,23.5678,23.6319,23.3868,23.5065,23.5065,14754933
2003-09-11,23.5678,23.7252,23.4685,23.5065,23.5065,15478287
2003-09-12,23.5065,23.5483,23.2458,23.3441,23.3441,20080915
2003-09-15,23.3275,23.3703,23.1758,23.206,23.206,12917701
2003-09-16,23.1185,23.3324,23.0572,23.3324,23.3324,15037974
2003-09-17,23.2323,23.2323,22.7723,22.7897,22.7897,23542492
2003-09-18,22.7333,22.9773,22.7333,22.9394,22.9394,17497369
2003-09-19,22.7945,22.988,22.7723,22.8821,22.8821,27289381
2003-09-22,22.8821,22.8821,22.4854,22.7158,22.7158,19031525
2003-09-23,22.7653,22.9501,22.7333,22.9287,22.9287,15459856
2003-09-24,23.1272,23.1953,22.7848,22.8266,22.8266,18982057
2003-09-25,22.9501,23.1631,22.8889,22.9813,22.9813,18624664
2003-09-26,22.8889,22.8889,22.6098,22.7537,22.7537,14729718
2003-09-29,22.7537,22.9347,22.6468,22.9015,22.9015,14246078
2003-09-30,22.9015,22.9015,22.5213,22.64,22.64,19109755
2003-10-01,22.8422,23.1068,22.64,23.1068,23.1068,21022965
2003-10-02,23.1068,23.3041,22.9015,23.237,23.237,14478036
2003-10-03,23.45,23.6494,23.3567,23.3567,23.3567,18400144
2003-10-06,23.4248,23.5989,23.3994,23.5618,23.5618,11685168
2003-10-07,23.38,23.7466,23.3567,23.7185,23.7185,14721474
2003-10-08,23.7185,23.7302,23.3927,23.5298,23.5298,13198800
2003-10-09,23.6601,23.7544,23.4141,23.4734,23.4734,18081869
2003-10-10,23.5678,23.7748,23.5366,23.6913,23.6913,13296103
2003-10-13,23.7369,23.9626,23.7302,23.8041,23.8041,14159442
2003-10-14,23.7865,23.9723,23.6319,23.9683,23.9683,12774480
2003-10-15,23.9723,24.0657,23.6913,23.8108,23.8108,15150154
2003-10-16,23.8108,24.0861,23.8108,24.0724,24.0724,13700698
2003-10-17,24.0724,24.0724,23.8294,23.915,23.915,15560246
2003-10-20,23.915,23.9683,23.7126,23.8926,23.8926,13171805
2003-10-21,23.8993,23.9334,23.6737,23.7252,23.7252,19318764
2003-10-22,23.7252,23.7252,23.0435,23.1068,23.1068,34599845
2003-10-23,22.8685,23.2633,22.8422,23.2633,23.2633,18676557
2003-10-24,22.9648,23.4199,22.9648,23.4199,23.4199,15100205
2003-10-27,23.4199,23.5483,23.2906,23.3479,23.3479,12061961
2003-10-28,23.4939,23.5989,23.2739,23.5065,23.5065,19609883
2003-10-29,23.5065,23.5852,22.8948,23.3927,23.3927,15205429
2003-10-30,23.0815,23.1631,22.3512,22.4532,22.4532,41722964
2003-10-31,22.5495,22.778,22.5427,22.6283,22.6283,27001653
2003-11-03,22.8422,22.8821,22.6098,22.6895,22.6895,19079537
2003-11-04,22.6895,22.7051,22.3978,22.4697,22.4697,24725923
2003-11-05,22.3978,22.4961,22.2295,22.2937,22.2937,20101600
2003-11-06,22.213,22.3044,22.1168,22.2227,22.2227,19600186
2003-11-07,22.213,22.2295,21.9562,21.998,21.998,22124879
2003-11-10,21.998,22.1771,21.9329,22.1255,22.1255,15334749
2003-11-11,22.3978,22.4405,22.249,22.3044,22.3044,16843686
2003-11-12,22.3336,22.4241,22.2227,22.2869,22.2869,14215370
2003-11-13,22.2664,22.4794,22.213,22.4298,22.4298,15954489
2003-11-14,22.4298,22.5583,21.8999,22.2753,22.2753,29521349
2003-11-17,22.2753,22.2753,21.8805,22.0254,22.0254,16909797
2003-11-18,21.9923,22.0866,21.7355,21.7433,21.7433,20249181
2003-11-19,21.6879,22.0127,21.6829,21.9232,21.9232,23437907
2003-11-20,21.8046,22.4532,21.7199,21.8443,21.8443,16531229
2003-11-21,22.0477,22.0866,21.7521,21.8648,21.8648,26085138
2003-11-24,21.9504,22.1255,21.8999,21.998,21.998,22062487
2003-11-25,21.9621,22.2413,21.9398,22.1624,22.1624,15809489
2003-11-26,22.213,22.5019,22.1721,22.4405,22.4405,16218450
2003-11-28,22.529,22.5369,22.3559,22.3978,22.3978,7725241
2003-12-01,22.5787,22.7051,22.4095,22.5086,22.5086,21249102
2003-12-02,22.4697,22.6341,22.4367,22.5787,22.5787,17479262
2003-12-03,22.5495,22.6974,22.5495,22.6019,22.6019,34645590
2003-12-04,22.4697,22.9434,22.4241,22.9015,22.9015,22605290
2003-12-05,22.9716,22.9716,22.6468,22.7537,22.7537,16027392
2003-12-08,22.8266,23.1865,22.7945,23.1379,23.1379,19500768
2003-12-09,23.3275,23.4316,23.2206,23.2906,23.2906,20130532
2003-12-10,23.3994,23.4316,23.2517,23.38,23.38,16958937
2003-12-11,23.487,23.5065,23.3635,23.4569,23.4569,19095047
2003-12-12,23.4685,23.5803,23.3703,23.5434,23.5434,11985830
2003-12-15,23.4569,23.5065,23.2633,23.3868,23.3868,19123011
2003-12-16,23.4734,23.8993,23.4248,23.7982,23.7982,20894942
2003-12-17,23.8993,24.0724,23.7671,24.053,24.053,20548058
2003-12-18,24.1279,24.4391,24.1143,24.3847,24.3847,23735496
2003-12-19,24.4313,24.5334,24.3165,24.5004,24.5004,28105026
2003-12-22,24.3448,24.4536,24.2495,24.4206,24.4206,18349550
2003-12-23,24.2844,24.5879,24.2495,24.5879,24.5879,17174731
2003-12-24,24.5072,24.7269,24.4771,24.6385,24.6385,6875809
2003-12-26,24.6267,24.83,24.6267,24.7746,24.7746,7466613
2003-12-29,24.8057,25.1169,24.8018,25.1062,25.1062,19844423
2003-12-30,25.1062,25.3483,25.0732,25.1685,25.1685,15815632
2003-12-31,25.3222,25.4457,25.1732,25.3668,25.3668,18807976
2004-01-02,25.3795,25.504,24.9924,25.1344,25.1344,19688930
2004-01-05,25.4291,25.752,25.3552,25.7198,25.7198,23671162
2004-01-06,25.6838,25.7043,25.3416,25.5487,25.5487,19986184
2004-01-07,25.4155,25.5234,25.0809,25.3668,25.3668,21921216
2004-01-08,25.3095,25.3095,24.9361,25.3037,25.3037,24036796
2004-01-09,25.0245,25.1111,24.7561,24.9253,24.9253,25578712
2004-01-12,25.1812,25.2997,25.0673,25.2793,25.2793,16682852
2004-01-13,25.2871,25.3552,25.0128,25.1685,25.1685,15138676
2004-01-14,25.1062,25.185,24.9361,25.1685,25.1685,13803503
2004-01-15,25.1685,25.2112,24.8796,24.9195,24.9195,16578593
2004-01-16,24.9632,25.0517,24.797,25.0517,25.0517,21506764
2004-01-20,25.0517,25.3416,25.0517,25.293,25.293,17441277
2004-01-21,25.3416,25.644,25.2482,25.6305,25.6305,18597513
2004-01-22,25.6305,25.6703,25.3357,25.5419,25.5419,15231138
2004-01-23,25.5769,25.6305,25.2112,25.3922,25.3922,18860989
2004-01-26,25.3979,25.7043,25.293,25.7043,25.7043,15462286
2004-01-27,25.6305,25.8405,25.4349,25.4845,25.4845,16788563
2004-01-28,25.611,25.7082,24.9974,25.2482,25.2482,19715111
2004-01-29,25.644,25.7267,25.4671,25.6519,25.6519,26937642
2004-01-30,25.4611,25.5234,25.0985,25.2365,25.2365,17913762
2004-02-02,25.5293,25.5293,24.9876,25.1732,25.1732,22175316
2004-02-03,25.2424,25.2424,24.9788,24.9974,24.9974,16242699
2004-02-04,24.7746,25.0605,24.7746,24.9632,24.9632,19550556
2004-02-05,25.044,25.0867,24.8018,24.9788,24.9788,15121860
2004-02-06,24.8865,25.0936,24.8057,25.0605,25.0605,16048888
2004-02-09,24.9361,25.3037,24.8749,25.1967,25.1967,14297806
2004-02-10,25.1062,25.5088,25.0517,25.4242,25.4242,14032229
2004-02-11,25.3718,25.9697,25.3552,25.9338,25.9338,23528106
2004-02-12,25.8472,25.9795,25.7043,25.928,25.928,15854273
2004-02-13,25.9134,26.0748,25.7461,25.928,25.928,18159625
2004-02-17,26.1089,26.2646,26.0622,26.1244,26.1244,13867348
2004-02-18,26.0496,26.1585,25.8589,25.8589,25.8589,12555777
2004-02-19,25.9211,26.2168,25.8949,25.9533,25.9533,16702731
2004-02-20,26.1089,26.2646,25.9211,26.0009,26.0009,18195183
2004-02-23,26.1244,26.4103,26.0748,26.3452,26.3452,15490081
2004-02-24,26.2937,26.3578,26.1157,26.176,26.176,16780164
2004-02-25,26.2646,26.4492,26.1653,26.3861,26.3861,16608818
2004-02-26,26.3695,26.4492,26.1701,26.176,26.176,15085660
2004-02-27,26.2703,26.4385,26.0496,26.0885,26.0885,21546685
2004-03-01,26.3452,26.3792,26.176,26.3035,26.3035,25627850
2004-03-02,26.1089,26.2168,25.9883,26.0096,26.0096,19208037
2004-03-03,26.0009,26.0096,25.7335,25.9211,25.9211,22008824
2004-03-04,25.8589,25.8988,25.7841,25.8268,25.8268,13518851
2004-03-05,25.8083,26.3316,25.7666,26.2908,26.2908,20675272
2004-03-08,26.2937,26.4444,26.2314,26.3316,26.3316,16845790
2004-03-09,26.2003,26.5718,26.1818,26.4687,26.4687,22812194
2004-03-10,26.6001,26.848,26.2499,26.2499,26.2499,30176487
2004-03-11,26.1701,26.3248,25.4524,25.5769,25.5769,24225112
2004-03-12,25.6392,26.0389,25.5828,26.0009,26.0009,18219912
2004-03-15,26.0009,26.1653,25.7666,25.8472,25.8472,18784856
2004-03-16,25.9533,26.1361,25.7899,26.0272,26.0272,15743706
2004-03-17,26.0272,26.3744,26.0272,26.1284,26.1284,14673466
2004-03-18,26.0447,26.3248,25.959,26.2703,26.2703,17064492
2004-03-19,26.1157,26.2441,25.6519,25.6703,25.6703,30690834
2004-03-22,25.5234,25.6586,25.2599,25.3299,25.3299,19976972
2004-03-23,25.3718,25.4893,25.0323,25.2181,25.2181,17628465
2004-03-24,25.1812,25.3299,24.6871,24.8057,24.8057,21324431
2004-03-25,24.8699,24.9691,24.7504,24.9,24.9,20510559
2004-03-26,24.9632,25.4524,24.9438,25.2054,25.2054,18337432
2004-03-29,25.2871,25.6158,25.2793,25.4242,25.4242,15418320
2004-03-30,25.6158,25.7714,25.5293,25.7043,25.7043,16708711
2004-03-31,25.7666,25.964,25.6305,25.7267,25.7267,20279890
2004-04-01,25.9211,25.9737,25.6305,25.6838,25.6838,18253372
2004-04-02,25.9737,25.9737,25.7335,25.928,25.928,18172550
2004-04-05,25.964,26.1877,25.9533,26.1361,26.1361,13757761
2004-04-06,26.0203,26.2314,25.9795,26.1021,26.1021,12017349
2004-04-07,25.9941,26.1585,25.9066,25.9211,25.9211,16398197
2004-04-08,26.1244,26.5611,26.0826,26.2646,26.2646,19788984
2004-04-12,26.4181,26.8275,26.3578,26.6671,26.6671,16084448
2004-04-13,26.8412,26.8733,26.4774,26.492,26.492,19520012
2004-04-14,26.3452,26.7857,26.2995,26.7857,26.7857,18659745
2004-04-15,26.7857,27.1154,26.2937,27.0221,27.0221,19380028
2004-04-16,27.0581,27.1592,26.9423,27.1339,27.1339,16521370
2004-04-19,27.1281,27.1339,26.8897,27.0531,27.0531,11366253
2004-04-20,27.0493,27.0493,26.4181,26.4385,26.4385,16670082
2004-04-21,26.3316,26.5913,26.2314,26.5718,26.5718,17558958
2004-04-22,26.4103,26.9423,26.3578,26.7857,26.7857,16557575
2004-04-23,26.7555,26.7555,26.4629,26.5854,26.5854,12862260
2004-04-26,26.7555,26.8733,26.5854,26.6068,26.6068,15269119
2004-04-27,26.6427,27.204,26.636,27.0638,27.0638,21600038
2004-04-28,27.0221,27.097,26.671,26.671,26.671,19034755
2004-04-29,26.7555,27.0493,26.2937,26.3179,26.3179,21872077
2004-04-30,26.5436,26.887,26.3248,26.3248,26.3248,21308102
2004-05-03,26.5436,27.0366,26.4979,27.0221,27.0221,20013663
2004-05-04,26.9958,27.1543,26.7555,26.9229,26.9229,21229707
2004-05-05,26.8344,27.2244,26.7283,27.2155,27.2155,20566970
2004-05-06,27.1592,27.3721,26.9161,27.1154,27.1154,18603980
2004-05-07,26.9083,27.097,26.6302,26.7555,26.7555,16137629
2004-05-10,26.3744,26.5125,25.7267,26.0156,26.0156,26321461
2004-05-11,26.1701,26.3792,25.9795,26.3578,26.3578,18243675
2004-05-12,26.1517,26.6175,26.1428,26.6001,26.6001,21615549
2004-05-13,26.3861,26.7343,26.3248,26.4385,26.4385,16570345
2004-05-14,26.4774,26.9463,26.4385,26.7662,26.7662,17206251
2004-05-17,26.7857,26.9356,26.6068,26.6302,26.6302,16518138
2004-05-18,26.6302,26.636,26.3248,26.4103,26.4103,18466262
2004-05-19,26.4774,26.671,26.2576,26.3578,26.3578,22113896
2004-05-20,26.3316,26.6427,26.3035,26.4385,26.4385,13460497
2004-05-21,26.5913,26.7722,26.2646,26.3578,26.3578,26971917
2004-05-24,26.3928,26.6302,26.2937,26.4774,26.4774,18798597
2004-05-25,26.6001,27.1087,26.6001,27.1087,27.1087,20422626
2004-05-26,27.0833,27.1087,26.7722,26.9423,26.9423,16199377
2004-05-27,27.0036,27.0366,26.6068,26.8275,26.8275,17160992
2004-05-28,26.6613,26.9229,26.636,26.7555,26.7555,16509570
2004-06-01,26.9083,27.1281,26.8344,27.0366,27.0366,15908903
2004-06-02,27.1281,27.2155,27.0434,27.0833,27.0833,21956938
2004-06-03,27.0434,27.1873,26.9423,26.9423,26.9423,13964821
2004-06-04,26.9083,26.9666,26.7283,26.8275,26.8275,16199052
2004-06-07,26.8275,27.2244,26.8275,27.2244,27.2244,17631858
2004-06-08,27.2155,27.3721,27.0493,27.1543,27.1543,20767575
2004-06-09,26.8159,27.0289,26.6613,26.8781,26.8781,18839487
2004-06-10,27.0036,27.309,26.9832,27.2107,27.2107,14758653
2004-06-14,27.2155,27.2633,27.0434,27.1281,27.1281,15132209
2004-06-15,27.2312,27.4966,27.1747,27.2691,27.2691,20488571
2004-06-16,27.4704,27.7525,27.3751,27.6707,27.6707,19574968
2004-06-17,27.7116,27.7728,27.626,27.6932,27.6932,14592971
2004-06-18,27.6932,27.8254,27.626,27.8254,27.8254,23903442
2004-06-21,27.767,27.8371,27.626,27.6707,27.6707,15567674
2004-06-22,27.4879,27.8312,27.4704,27.7728,27.7728,16917553
2004-06-23,27.7797,28.1288,27.7321,28.123,28.123,23530050
2004-06-24,28.0287,28.1667,28.0005,28.0062,28.0062,16172867
2004-06-25,28.012,28.012,27.3751,27.3751,27.3751,34973882
2004-06-28,27.5335,27.6066,27.2244,27.4568,27.4568,22050046
2004-06-29,27.3751,27.6824,27.3664,27.5754,27.5754,17682771
2004-06-30,27.5433,27.6133,27.3245,27.4762,27.4762,22106783
2004-07-01,27.5502,27.6133,27.345,27.5891,27.5891,19913604
2004-07-02,27.4704,27.767,27.4266,27.663,27.663,12914794
2004-07-06,27.7116,27.9002,27.6775,27.9002,27.9002,18358443
2004-07-07,27.9002,28.0685,27.7728,28.0685,28.0685,18742829
2004-07-08,28.1424,28.1667,27.9674,28.0354,28.0354,17750343
2004-07-09,28.0354,28.1803,27.9722,28.1162,28.1162,13751616
2004-07-12,27.9945,28.1365,27.9246,28.1123,28.1123,12168161
2004-07-13,27.9002,28.0179,27.7455,27.9674,27.9674,14034175
2004-07-14,27.8078,28.1424,27.8078,28.123,28.123,13934594
2004-07-15,28.0685,28.2037,27.9605,28.0354,28.0354,12810529
2004-07-16,28.2727,28.4293,28.1365,28.3554,28.3554,18407095
2004-07-19,28.334,28.5158,27.4704,28.3982,28.3982,16062627
2004-07-20,28.298,28.543,28.298,28.3982,28.3982,15723500
2004-07-21,28.3223,28.9641,27.9421,27.9421,27.9421,18444438
2004-07-22,27.906,28.2425,27.8857,28.0801,28.0801,17833588
2004-07-23,28.0062,28.1365,27.8857,28.0354,28.0354,14330942
2004-07-26,28.0062,28.1803,27.9002,28.0404,28.0404,16543190
2004-07-27,28.0354,28.1162,27.9323,28.0919,28.0919,17463910
2004-07-28,27.9945,28.4215,27.5939,28.3398,28.3398,23786571
2004-07-29,28.4954,28.5917,28.3106,28.4779,28.4779,21708330
2004-07-30,28.543,28.6725,28.4498,28.6461,28.6461,16763511
2004-08-02,28.6393,28.7142,28.3719,28.6169,28.6169,15850713
2004-08-03,28.6588,29.04,28.6511,29.007,29.007,21156158
2004-08-04,28.9885,28.9885,28.547,28.6092,28.6092,21637208
2004-08-05,28.6169,28.6645,28.1958,28.3554,28.3554,19438859
2004-08-06,28.1901,28.3689,27.8371,27.9129,27.9129,17604864
2004-08-09,27.9888,28.4837,27.9809,28.1871,28.1871,18084626
2004-08-10,28.1559,28.2425,27.9129,28.0179,28.0179,18989657
2004-08-11,27.9323,28.0685,27.5335,27.9187,27.9187,23632852
2004-08-12,27.8371,28.1054,27.5502,27.5677,27.5677,17965648
2004-08-13,27.5677,27.9129,27.5677,27.7845,27.7845,16601384
2004-08-16,27.8496,28.012,27.7525,27.8944,27.8944,17175538
2004-08-17,27.6932,27.8117,27.345,27.4461,27.4461,19709291
2004-08-18,27.4704,27.8117,27.4217,27.7184,27.7184,21616197
2004-08-19,27.6999,27.9479,27.6862,27.8944,27.8944,19623455
2004-08-20,27.9547,28.2425,27.9246,27.9945,27.9945,18891542
2004-08-23,28.1162,28.1803,27.7455,27.8312,27.8312,16049049
2004-08-24,27.8312,27.8312,27.5395,27.7455,27.7455,16921756
2004-08-25,27.8117,27.9547,27.7728,27.9547,27.9547,18836745
2004-08-26,27.8371,28.0801,27.7933,27.9945,27.9945,15752269
2004-08-27,28.0685,28.1958,28.0549,28.1123,28.1123,11957055
2004-08-30,28.0549,28.266,27.8944,27.9187,27.9187,13064151
2004-08-31,27.9888,28.543,27.9888,28.5226,28.5226,19623946
2004-09-01,28.5839,28.796,28.4779,28.7268,28.7268,18769661
2004-09-02,28.8971,29.0663,28.7327,29.0614,29.0614,16481283
2004-09-03,29.0614,29.2257,29.0001,29.113,29.113,18809266
2004-09-07,29.1188,29.2326,28.8582,29.1684,29.1684,24172098
2004-09-08,29.074,29.22,29.0449,29.1188,29.1188,16548201
2004-09-09,29.2053,29.4213,29.1392,29.3755,29.3755,17955625
2004-09-10,29.4416,29.4737,29.1499,29.3074,29.3074,14995138
2004-09-13,29.4037,29.5,29.3074,29.3852,29.3852,15343638
2004-09-14,29.467,29.5613,29.3123,29.3697,29.3697,15751466
2004-09-15,29.4213,29.5496,29.3006,29.3435,29.3435,18673324
2004-09-16,29.2666,29.4416,29.2607,29.4213,29.4213,12420163
2004-09-17,29.5613,30.0398,29.5223,29.921,29.921,30358656
2004-09-20,29.928,30.0787,29.7636,29.8219,29.8219,18866971
2004-09-21,30.0038,30.6991,29.9969,30.6194,30.6194,26169353
2004-09-22,30.4413,30.4463,30.1331,30.2284,30.2284,22471289
2004-09-23,29.7539,29.9153,29.5,29.5496,29.5496,28058803
2004-09-24,29.4806,29.715,29.4485,29.5934,29.5934,20550000
2004-09-27,29.4806,29.8608,29.4806,29.6731,29.6731,19506270
2004-09-28,29.785,30.171,29.7723,30.0232,30.0232,21452773
2004-09-29,29.9532,30.8003,29.4543,29.785,29.785,26381110
2004-09-30,29.785,29.928,29.6916,29.8978,29.8978,22206031
2004-10-01,29.9716,30.2897,29.9153,30.246,30.246,18277780
2004-10-04,30.1594,30.5921,30.0145,30.2645,30.2645,21495126
2004-10-05,30.387,30.6379,30.3763,30.5144,30.5144,17681003
2004-10-06,30.5309,30.951,29.9405,30.951,30.951,20780984
2004-10-07,30.5192,31.2184,30.5192,30.7691,30.7691,17336856
2004-10-08,30.8061,31.0794,30.7691,30.8314,30.8314,17037497
2004-10-11,30.9296,30.9549,30.5718,30.8003,30.8003,12149247
2004-10-12,30.6573,30.8547,30.5192,30.5426,30.5426,15928950
2004-10-13,30.2839,30.2897,29.8035,29.9892,29.9892,23697992
2004-10-14,30.0271,30.3937,30.0232,30.1331,30.1331,18863576
2004-10-15,30.2839,30.4413,30.0951,30.3247,30.3247,17810634
2004-10-18,30.1895,30.4132,30.1283,30.1594,30.1594,14865175
2004-10-19,30.0038,30.2139,29.8345,29.8841,29.8841,18469492
2004-10-20,29.8784,30.3024,29.8462,30.2333,30.2333,19817915
2004-10-21,30.2206,30.3713,30.0038,30.1954,30.1954,17970179
2004-10-22,30.246,30.5018,30.0844,30.1283,30.1283,16184508
2004-10-25,30.066,30.3655,30.0145,30.1954,30.1954,16830913
2004-10-26,30.1536,30.5581,30.1283,30.5581,30.5581,20408238
2004-10-27,30.5309,30.5514,30.0038,30.2839,30.2839,21948534
2004-10-28,30.066,30.3763,29.8462,30.0719,30.0719,29598127
2004-10-29,29.89,30.4696,29.89,30.4511,30.4511,23215814
2004-11-01,30.5648,30.6252,30.0086,30.2012,30.2012,22209912
2004-11-02,30.0398,30.2702,29.8462,29.9581,29.9581,19457938
2004-11-03,30.3131,30.5648,30.0534,30.4813,30.4813,21091017
2004-11-04,30.6144,31.054,30.5921,31.0473,31.0473,25290662
2004-11-05,30.9296,31.1961,30.7798,31.1728,31.1728,23065325
2004-11-08,31.1483,31.2116,30.9033,31.0365,31.0365,17525171
2004-11-09,30.812,30.8995,30.4755,30.5075,30.5075,19751318
2004-11-10,30.5075,30.7691,30.2528,30.7332,30.7332,19296296
2004-11-11,30.6573,30.7867,30.5075,30.7245,30.7245,14207128
2004-11-12,30.6252,31.2408,30.5805,31.1912,31.1912,18424393
2004-11-15,31.0114,31.0405,30.4132,30.6739,30.6739,20542727
2004-11-16,30.6252,30.8809,30.5648,30.5718,30.5718,16141671
2004-11-17,30.6875,31.0248,30.6632,30.9296,30.9296,18586198
2004-11-18,31.0114,31.0365,30.8061,30.9617,30.9617,14638553
2004-11-19,30.9928,31.1775,30.9247,31.1659,31.1659,22617732
2004-11-22,31.1659,31.5364,31.1163,31.4936,31.4936,18851130
2004-11-23,31.4936,31.7193,31.4722,31.6784,31.6784,22898830
2004-11-24,31.6784,31.8574,31.5899,31.8525,31.8525,15543915
2004-11-26,31.9128,32.1685,31.9128,31.9498,31.9498,7271992
2004-11-29,31.9712,32.0324,31.4431,31.7815,31.7815,16310581
2004-11-30,31.6843,31.9954,31.6843,31.7085,31.7085,20887188
2004-12-01,31.7135,31.9827,31.4587,31.6435,31.6435,22021278
2004-12-02,31.3653,31.4781,30.8926,31.0365,31.0365,25904746
2004-12-03,30.7497,31.2039,30.6875,31.0988,31.0988,21362573
2004-12-06,31.1037,31.2233,30.8809,31.0181,31.0181,17706857
2004-12-07,31.0181,31.1163,30.6252,30.7497,30.7497,19644308
2004-12-08,30.5377,30.9782,30.2528,30.9452,30.9452,21922508
2004-12-09,30.8674,31.1289,30.5309,31.1289,31.1289,23663404
2004-12-10,31.1163,31.2116,30.8596,31.0248,31.0248,17665156
2004-12-13,31.2116,31.3526,31.1483,31.3469,31.3469,19067087
2004-12-14,31.1775,31.4285,31.1659,31.3409,31.3409,17012119
2004-12-15,31.272,31.3526,31.1289,31.2467,31.2467,20474028
2004-12-16,31.2281,31.2281,30.7185,30.9928,30.9928,19781546
2004-12-17,30.7185,31.1416,30.7108,30.8061,30.8061,51446438
2004-12-20,30.9617,31.6502,30.9296,31.5899,31.5899,26420552
2004-12-21,31.6968,32.0071,31.4664,31.976,31.976,21939642
2004-12-22,31.869,31.9827,31.3955,31.7319,31.7319,19603901
2004-12-23,31.7085,32.1977,31.6579,32.1511,32.1511,20246915
2004-12-27,32.044,32.1384,31.4664,31.4781,31.4781,19667266
2004-12-28,31.5627,31.8,31.5539,31.5822,31.5822,18850969
2004-12-29,31.4362,31.6639,31.4285,31.6347,31.6347,14932745
2004-12-30,31.6347,31.8,31.5627,31.5705,31.5705,10770756
2004-12-31,31.5559,31.8,31.5539,31.7135,31.7135,13734805
2005-01-03,31.5627,31.5627,30.8507,30.985,30.985,25877754
2005-01-04,31.1416,31.305,30.7399,30.774,30.774,27023476
2005-01-05,30.8246,30.9996,30.5921,30.6194,30.6194,19702828
2005-01-06,30.5018,31.0473,30.4696,31.0054,31.0054,21173133
2005-01-07,31.0054,31.093,30.6379,30.8003,30.8003,18290390
2005-01-10,30.845,31.2408,30.812,30.9189,30.9189,18247393
2005-01-11,30.8246,31.0248,30.706,30.8373,30.8373,14714518
2005-01-12,30.9617,31.3215,30.8168,31.2991,31.2991,21483647
2005-01-13,31.2991,31.5539,31.1775,31.272,31.272,18331284
2005-01-14,31.2778,31.6843,31.2544,31.5977,31.5977,17780725
2005-01-18,31.5228,31.8574,31.4888,31.8574,31.8574,22468215
2005-01-19,31.8273,31.8525,31.5539,31.5822,31.5822,15067230
2005-01-20,31.3342,31.5092,31.1483,31.3799,31.3799,18489212
2005-01-21,31.4285,31.8875,31.2039,31.2039,31.2039,21560265
2005-01-24,31.515,31.8,31.4936,31.6347,31.6347,19932523
2005-01-25,31.6784,31.8136,31.6152,31.7581,31.7581,16713236
2005-01-26,31.8574,32.1316,31.7465,31.9827,31.9827,21071456
2005-01-27,31.7028,32.1384,31.6968,32.013,32.013,18137962
2005-01-28,32.6033,32.6033,31.623,31.7193,31.7193,18198417
2005-01-31,31.7708,32.1511,31.7708,31.9215,31.9215,22021436
2005-02-01,32.1588,32.9573,32.1249,32.9523,32.9523,31034484
2005-02-02,32.9913,33.4123,32.9767,33.3637,33.3637,24079796
2005-02-03,33.3142,33.8044,33.1207,33.7304,33.7304,23138707
2005-02-04,33.7012,34.2245,33.5827,34.2031,34.2031,27557708
2005-02-07,34.098,34.2857,33.7858,34.2701,34.2701,25110590
2005-02-08,33.9298,34.5843,33.9229,34.5104,34.5104,24805897
2005-02-09,34.3217,34.5386,34.0805,34.3597,34.3597,19515804
2005-02-10,34.4472,35.0267,34.3946,34.8576,34.8576,25912989
2005-02-11,34.8576,35.1814,34.6183,34.7117,34.7117,22122300
2005-02-14,34.7993,35.1727,34.6883,35.1571,35.1571,19223881
2005-02-15,35.0686,35.2242,34.9617,35.2096,35.2096,22177577
2005-02-16,35.2485,36.3144,35.1649,36.1783,36.1783,30431072
2005-02-17,36.3144,36.4632,35.8981,35.9642,35.9642,30098411
2005-02-18,35.9642,37.0262,35.8981,36.7549,36.7549,37584260
2005-02-22,36.8104,37.1653,36.0353,36.0353,36.0353,41585891
2005-02-23,36.1081,36.8385,36.1081,36.7617,36.7617,29990271
2005-02-24,36.8727,37.8626,36.8298,37.8198,37.8198,44266586
2005-02-25,38.0551,39.4001,38.0483,39.1307,39.1307,60341978
2005-02-28,39.1307,39.618,38.4159,39.1648,39.1648,57479608
2005-03-01,38.9566,39.049,38.3479,38.4159,38.4159,42333496
2005-03-02,38.4159,39.0841,38.3732,38.7767,38.7767,42109774
2005-03-03,38.7884,39.0559,38.5424,39.0072,39.0072,32798978
2005-03-04,39.049,39.6004,38.8225,39.3272,39.3272,33626754
2005-03-07,39.3331,39.3447,38.7145,38.977,38.977,33683979
2005-03-08,38.977,39.3447,38.8526,39.0403,39.0403,29405930
2005-03-09,39.0403,39.8251,37.5524,37.6078,37.6078,110165675
2005-03-10,37.7401,37.7634,36.8104,37.3433,37.3433,64653485
2005-03-11,37.3433,38.0999,37.2236,37.7683,37.7683,39700817
2005-03-14,37.7751,38.0483,37.142,37.9132,37.9132,31622866
2005-03-15,37.919,38.2701,37.284,37.3326,37.3326,28411345
2005-03-16,37.1157,37.6438,36.7928,37.2985,37.2985,33935489
2005-03-17,37.0116,38.13,37.0116,38.0416,38.0416,35224920
2005-03-18,38.0999,38.8828,38.063,38.7603,38.7603,52562427
2005-03-21,38.7603,38.9654,38.2331,38.4432,38.4432,28821112
2005-03-22,38.3245,38.8749,37.6185,37.6779,37.6779,31887638
2005-03-23,37.6779,37.6779,36.8794,37.173,37.173,42434193
2005-03-24,37.3044,37.5203,36.187,36.5264,36.5264,40378102
2005-03-28,36.5264,36.7734,36.1014,36.4311,36.4311,32910028
2005-03-29,36.4311,36.9659,35.9068,36.043,36.043,30595628
2005-03-30,36.1783,36.7005,35.4994,36.6499,36.6499,41908856
2005-03-31,36.9106,37.318,36.8385,36.8727,36.8727,33805051
2005-04-01,37.2402,37.5524,37.073,37.4609,37.4609,30081601
2005-04-04,37.708,38.1922,37.1905,37.5203,37.5203,37621760
2005-04-05,37.4259,37.7634,37.0262,37.1526,37.1526,25588732
2005-04-06,37.2704,37.7683,37.0982,37.6779,37.6779,27396870
2005-04-07,37.9578,37.9676,37.2236,37.6438,37.6438,27007633
2005-04-08,37.5826,37.6574,37.1157,37.1216,37.1216,20358773
2005-04-11,37.1099,37.384,36.7248,37.2985,37.2985,25691697
2005-04-12,37.0807,37.4697,36.9981,37.384,37.384,37386416
2005-04-13,37.2402,37.5826,36.4632,36.5945,36.5945,38702828
2005-04-14,36.6742,36.931,36.2531,36.3464,36.3464,29935800
2005-04-15,36.1578,36.7492,34.7068,34.7623,34.7623,45611289
2005-04-18,34.3033,35.479,34.2701,35.4177,35.4177,37327087
2005-04-19,35.479,36.6499,35.479,36.2705,36.2705,38441454
2005-04-20,36.2705,36.4437,35.267,35.3496,35.3496,33765766
2005-04-21,35.6015,36.6859,35.5082,36.6742,36.6742,27142115
2005-04-22,36.5487,37.0856,36.1578,36.7617,36.7617,27654207
2005-04-25,36.8727,37.4094,36.8727,37.0904,37.0904,24458041
2005-04-26,37.0904,37.2159,36.6674,36.6674,36.6674,21022639
2005-04-27,36.6547,36.7792,35.9477,36.1141,36.1141,33421469
2005-04-28,35.6074,35.729,34.6446,34.6446,34.6446,51587395
2005-04-29,34.9519,35.4109,34.7068,35.2787,35.2787,42797084
2005-05-02,35.2611,35.729,34.9334,35.724,35.724,26954458
2005-05-03,35.4673,35.5743,34.7418,34.9519,34.9519,29491117
2005-05-04,35.1727,35.4478,34.6883,35.4051,35.4051,31572113
2005-05-05,35.479,35.8641,35.3302,35.729,35.729,30413614
2005-05-06,36.187,36.2803,35.5743,35.6366,35.6366,21895835
2005-05-09,35.729,35.9137,35.6366,35.8933,35.8933,21786570
2005-05-10,35.5908,35.8038,35.2611,35.4051,35.4051,23264790
2005-05-11,35.2242,35.5159,34.9791,35.4401,35.4401,23490119
2005-05-12,35.2611,35.4177,33.4056,33.9132,33.9132,38487362
2005-05-13,34.0173,34.0202,33.145,33.2198,33.2198,39380436
2005-05-16,33.0953,33.1897,32.6538,33.0049,33.0049,55633806
2005-05-17,33.0953,33.3998,32.7647,33.3191,33.3191,45027762
2005-05-18,33.5029,33.7498,33.0448,33.1897,33.1897,51195568
2005-05-19,33.2714,33.9463,33.108,33.9182,33.9182,33355195
2005-05-20,34.0028,34.0028,33.3823,33.4123,33.4123,28359291
2005-05-23,33.6419,34.1769,33.4951,33.8743,33.8743,29002635
2005-05-24,33.9298,34.1505,33.7917,34.0474,34.0474,20869566
2005-05-25,34.1564,34.6339,33.9055,34.4472,34.4472,28886572
2005-05-26,34.6785,34.8994,34.4656,34.7807,34.7807,19802076
2005-05-27,34.8945,35.197,34.8274,35.1357,35.1357,16664098
2005-05-31,35.3069,35.3243,34.7068,34.77,34.77,34544883
2005-06-01,34.8507,35.5159,34.8507,35.3496,35.3496,23635277
2005-06-02,35.3652,35.6152,35.1123,35.4605,35.4605,20276337
2005-06-03,35.5111,35.7474,35.2611,35.3545,35.3545,38374375
2005-06-06,35.4722,35.6978,35.2719,35.6366,35.6366,19601802
2005-06-07,35.6481,35.9711,35.5208,35.5422,35.5422,23190760
2005-06-08,35.4857,35.8797,35.0763,35.0949,35.0949,33727784
2005-06-09,35.2611,36.259,35.0763,36.151,36.151,28188928
2005-06-10,35.6152,36.2152,35.6152,36.1141,36.1141,21544742
2005-06-13,36.0353,36.4252,35.7542,36.1578,36.1578,20012375
2005-06-14,36.1354,36.4252,35.9906,36.221,36.221,17065620
2005-06-15,36.4632,36.68,36.2803,36.6547,36.6547,21670505
2005-06-16,36.6547,37.2402,36.5741,37.1905,37.1905,21914264
2005-06-17,37.4328,37.7517,37.1905,37.6709,37.6709,40226150
2005-06-20,37.8004,37.8198,37.318,37.6438,37.6438,21895835
2005-06-21,37.3656,37.6126,36.8104,36.8181,36.8181,26833546
2005-06-22,37.0262,37.4026,36.5614,36.9163,36.9163,29170257
2005-06-23,36.9046,37.2917,36.5118,36.5118,36.5118,26273777
2005-06-24,36.6256,36.68,35.9711,35.9711,35.9711,35068769
2005-06-27,36.0839,36.7492,36.0771,36.6859,36.6859,27652755
2005-06-28,36.717,36.9981,36.4,36.5546,36.5546,25060646
2005-06-29,36.3815,36.5614,35.8436,36.151,36.151,29366818
2005-06-30,36.151,36.4,35.548,35.5529,35.5529,33240751
2005-07-01,35.729,36.151,35.6366,36.0722,36.0722,19933167
2005-07-05,36.2279,37.2568,36.1646,37.2022,37.2022,29262875
2005-07-06,37.4259,37.5708,36.5186,36.5691,36.5691,29514718
2005-07-07,36.2803,36.8385,36.0586,36.824,36.824,26170162
2005-07-08,36.925,37.1905,36.4826,36.7432,36.7432,27495477
2005-07-11,36.7432,37.1157,36.3271,37.0982,37.0982,23953066
2005-07-12,37.0982,37.2625,36.7492,37.0466,37.0466,28492648
2005-07-13,37.0466,37.1479,36.7297,36.9738,36.9738,18699833
2005-07-14,37.0466,37.2082,36.0722,36.2463,36.2463,33116765
2005-07-15,36.2463,36.4632,35.8115,35.9769,35.9769,26980804
2005-07-18,35.8981,36.1704,35.689,35.9711,35.9711,21324593
2005-07-19,36.1783,36.3893,35.8408,36.3621,36.3621,30803342
2005-07-20,36.187,36.5118,35.8797,36.4982,36.4982,31180125
2005-07-21,36.3464,36.5332,35.7902,35.8175,35.8175,26012725
2005-07-22,36.0012,36.9358,35.9711,36.8104,36.8104,30902104
2005-07-25,37.0856,37.4094,36.7792,37.0807,37.0807,27383455
2005-07-26,37.0262,37.0982,36.8104,36.8727,36.8727,19512896
2005-07-27,36.9981,37.0535,36.4067,36.8727,36.8727,21866259
2005-07-28,37.0116,37.1848,36.4826,37.1157,37.1157,30922630
2005-07-29,37.142,37.2236,36.3464,36.3464,36.3464,28464034
2005-08-01,36.3464,36.962,36.3464,36.6431,36.6431,21070003
2005-08-02,36.7248,37.0068,36.6674,37.0068,37.0068,21465867
2005-08-03,37.173,37.173,36.4214,36.4982,36.4982,30901451
2005-08-04,36.4826,36.7297,36.187,36.2006,36.2006,25672301
2005-08-05,36.2152,36.3144,35.7347,35.94,35.94,22640689
2005-08-08,36.2803,36.7792,36.151,36.4067,36.4067,27761052
2005-08-09,36.5993,36.9659,36.5691,36.7879,36.7879,25950974
2005-08-10,36.9659,37.2625,36.8531,37.0535,37.0535,31220540
2005-08-11,37.1905,37.7265,37.1526,37.708,37.708,34301942
2005-08-12,37.7401,37.9521,37.5095,37.7683,37.7683,23896494
2005-08-15,37.708,37.7897,37.3743,37.3783,37.3783,20945865
2005-08-16,37.3783,37.4152,36.5439,36.5439,36.5439,26764685
2005-08-17,36.5332,36.8055,35.7814,35.9906,35.9906,34363687
2005-08-18,35.9711,36.2152,35.7474,35.9536,35.9536,24406961
2005-08-19,36.2006,36.4933,36.1081,36.3893,36.3893,23626708
2005-08-22,36.8385,36.9659,36.1937,36.5439,36.5439,25341745
2005-08-23,36.5691,36.6859,36.1081,36.4982,36.4982,27833952
2005-08-24,36.5945,36.8794,36.3387,36.4252,36.4252,29073913
2005-08-25,36.4067,36.6256,36.187,36.613,36.613,23389258
2005-08-26,36.4563,36.613,36.1354,36.1354,36.1354,21698797
2005-08-29,36.6499,36.6499,35.9584,36.1393,36.1393,28675144
2005-08-30,36.1471,36.5741,35.9963,36.259,36.259,34019871
2005-08-31,36.3747,37.1157,36.2803,37.0535,37.0535,52107883
2005-09-01,37.1799,38.379,37.1799,38.1563,38.1563,52654238
2005-09-02,38.0756,38.0756,37.4026,37.5387,37.5387,33081209
2005-09-06,37.5038,37.8071,37.2704,37.7751,37.7751,31036912
2005-09-07,37.708,38.1689,37.5524,38.026,38.026,49943322
2005-09-08,38.0144,38.1222,37.7401,37.9248,37.9248,24260353
2005-09-09,38.1106,39.1015,38.1038,39.1015,39.1015,36565587
2005-09-12,38.8828,39.0072,38.5725,38.6804,38.6804,28488610
2005-09-13,38.4754,38.9158,38.1865,38.273,38.273,26531440
2005-09-14,38.3615,38.8225,38.273,38.6465,38.6465,23964705
2005-09-15,38.8983,39.0889,38.2331,38.6395,38.6395,31085406
2005-09-16,38.977,39.5256,38.9042,39.4069,39.4069,49091945
2005-09-19,39.5947,40.1762,39.5314,39.9836,39.9836,33007014
2005-09-20,39.83,40.2053,39.7229,39.9224,39.9224,28334561
2005-09-21,40.2345,40.3911,40.0731,40.1889,40.1889,37308332
2005-09-22,40.4009,40.8073,39.6413,40.1976,40.1976,41878305
2005-09-23,39.97,40.0372,39.3447,39.5198,39.5198,30651875
2005-09-26,39.4069,40.2161,39.2806,39.97,39.97,29090082
2005-09-27,39.7921,40.0099,39.438,39.9788,39.9788,27233933
2005-09-28,39.9953,40.111,39.5003,40.0284,40.0284,30234033
2005-09-29,39.9049,40.1539,39.6637,40.0896,40.0896,25921397
2005-09-30,39.9739,39.9788,39.159,39.3078,39.3078,25909272
2005-10-03,39.3116,39.5256,38.6046,38.661,38.661,33700305
2005-10-04,38.5725,38.5725,37.3743,37.4609,37.4609,34890478
2005-10-05,37.4609,37.7683,36.4379,36.469,36.469,44983798
2005-10-06,36.3144,36.7248,35.8222,36.2326,36.2326,51318903
2005-10-07,36.5487,37.142,36.3747,36.8727,36.8727,35256603
2005-10-10,36.8727,36.8794,36.0645,36.187,36.187,26055560
2005-10-11,36.4933,36.9475,36.4,36.7492,36.7492,26623408
2005-10-12,36.7375,36.9902,36.1937,36.4632,36.4632,25357427
2005-10-13,36.187,36.3893,35.4605,35.9769,35.9769,35365871
2005-10-14,35.76,36.3271,35.3496,36.2745,36.2745,32711538
2005-10-17,36.5332,36.7792,36.2872,36.4135,36.4135,23172332
2005-10-18,36.0645,36.2386,34.8322,34.8322,34.8322,106502371
2005-10-19,34.9519,35.479,34.4286,35.3652,35.3652,49836640
2005-10-20,35.2611,35.3729,33.7169,34.1826,34.1826,47628916
2005-10-21,34.1963,34.8157,34.0611,34.2536,34.2536,38057066
2005-10-24,34.2167,35.2242,34.2167,35.1727,35.1727,30990843
2005-10-25,35.232,35.5276,34.7993,35.3866,35.3866,37127940
2005-10-26,35.4177,35.8175,34.77,34.77,34.77,40232939
2005-10-27,34.9791,35.2611,34.1963,34.3946,34.3946,34182482
2005-10-28,34.6785,35.021,33.8997,34.8372,34.8372,43814948
2005-10-31,35.2787,35.4927,34.6845,34.7341,34.7341,40936252
2005-11-01,34.7009,35.1814,34.6513,34.8945,34.8945,23726117
2005-11-02,34.9519,35.5743,34.7535,35.4994,35.4994,35163332
2005-11-03,35.7756,36.3893,35.5082,36.2326,36.2326,33672663
2005-11-04,36.2326,36.3144,35.4177,35.8222,35.8222,39442837
2005-11-07,35.76,35.7814,34.665,35.3243,35.3243,35813460
2005-11-08,35.1405,35.6239,35.1056,35.4927,35.4927,26856177
2005-11-09,35.4927,36.0839,35.1727,35.5743,35.5743,40919280
2005-11-10,35.4478,35.4478,34.5444,34.9266,34.9266,43015628
2005-11-11,34.8274,35.1123,34.7564,34.9617,34.9617,20586048
2005-11-14,35.1482,35.2573,34.7487,35.0414,35.0414,23890030
2005-11-15,34.9072,35.3934,34.807,34.912,34.912,33973644
2005-11-16,34.8877,35.4478,34.7254,35.3729,35.3729,34428501
2005-11-17,35.5966,35.8175,35.3545,35.4994,35.4994,31451679
2005-11-18,35.9477,36.1178,35.3545,36.0353,36.0353,34048973
2005-11-21,36.1937,36.7375,36.187,36.7297,36.7297,28794601
2005-11-22,36.8424,36.9475,36.5741,36.9106,36.9106,27613798
2005-11-23,36.7997,37.2625,36.6324,37.0351,37.0351,20260659
2005-11-25,37.2373,37.2762,37.0904,37.1848,37.1848,10818118
2005-11-28,36.8424,37.0262,36.2745,36.3387,36.3387,24160458
2005-11-29,36.4982,36.7676,36.0392,36.0897,36.0897,30040219
2005-11-30,36.007,36.4214,35.8874,35.9021,35.9021,34057700
2005-12-01,36.1081,36.7492,36.1081,36.717,36.717,27307159
2005-12-02,36.7617,36.7734,36.3017,36.5439,36.5439,20912399
2005-12-05,36.7375,37.1848,36.7083,36.8181,36.8181,30790568
2005-12-06,36.9776,37.3501,36.8424,36.931,36.931,25876138
2005-12-07,37.0351,37.0904,36.2326,36.5118,36.5118,33557569
2005-12-08,36.6324,36.8385,36.3893,36.7617,36.7617,26039714
2005-12-09,36.6499,36.7083,35.9137,36.187,36.187,25650159
2005-12-12,36.3815,36.5798,36.187,36.4135,36.4135,21643192
2005-12-13,36.5332,37.0175,36.4437,36.539,36.539,23979417
2005-12-14,36.5487,37.073,36.5332,37.0301,37.0301,23263822
2005-12-15,37.0301,37.0398,36.6256,36.8055,36.8055,22813811
2005-12-16,36.8881,36.9046,35.9137,35.9205,35.9205,46557061
2005-12-19,36.0139,36.2386,35.6551,35.6978,35.6978,24408259
2005-12-20,35.6774,36.0586,35.6735,35.8408,35.8408,20596388
2005-12-21,35.9332,36.0353,35.4478,35.6366,35.6366,24385458
2005-12-22,35.7474,35.8709,35.197,35.3243,35.3243,22652326
2005-12-23,35.1056,35.5529,35.0414,35.3243,35.3243,18274870
2005-12-27,35.2611,35.2611,34.3946,34.5629,34.5629,27752160
2005-12-28,34.6785,35.0326,34.6785,34.7993,34.7993,24157224
2005-12-29,34.7993,35.1123,34.7068,34.7953,34.7953,22855026
2005-12-30,34.7068,35.0686,34.5104,34.7535,34.7535,23412051
2006-01-03,34.9072,36.1704,34.9072,36.1704,36.1704,38585797
2006-01-04,36.2531,36.4,35.9205,36.2326,36.2326,30851988
2006-01-05,36.2326,36.3893,35.8038,36.0508,36.0508,27720483
2006-01-06,36.3504,36.8473,36.3504,36.7676,36.7676,28073832
2006-01-09,36.9981,37.0351,36.6674,36.7492,36.7492,28027122
2006-01-10,36.6256,37.2159,36.5993,37.0301,37.0301,28884961
2006-01-11,36.925,37.423,36.7005,37.3238,37.3238,28003838
2006-01-12,37.4259,37.7401,36.8727,36.8989,36.8989,34153871
2006-01-13,36.8181,37.7342,36.8181,37.7187,37.7187,27598764
2006-01-17,37.9015,38.1922,37.7897,38.0687,38.0687,29404313
2006-01-18,38.1796,38.1991,37.1905,37.5387,37.5387,26157070
2006-01-19,37.5387,38.1689,37.3783,38.0483,38.0483,30488294
2006-01-20,38.237,38.3926,37.3326,37.4454,37.4454,42015221
2006-01-23,37.4454,38.13,37.1905,37.8626,37.8626,31155232
2006-01-24,37.6779,38.063,37.5826,37.7138,37.7138,29216972
2006-01-25,37.9521,38.1369,36.8424,37.248,37.248,39618697
2006-01-26,37.6078,37.7517,36.8531,37.0856,37.0856,39698064
2006-01-27,37.3384,38.063,37.3112,37.919,37.919,34603401
2006-01-30,38.9042,39.5693,38.8488,39.0422,39.0422,47587213
2006-01-31,39.0422,39.2542,38.5424,38.8225,38.8225,39223643
2006-02-01,38.8341,39.0286,38.2983,38.3245,38.3245,33252873
2006-02-02,38.2915,38.5366,37.8704,38.3245,38.3245,34596286
2006-02-03,38.1369,38.2418,37.7575,37.9793,37.9793,30435757
2006-02-06,38.1689,38.733,38.1369,38.3352,38.3352,30322126
2006-02-07,38.0999,38.2614,37.3656,37.4609,37.4609,34161629
2006-02-08,37.1157,37.5135,36.925,37.3579,37.3579,35533173
2006-02-09,37.4609,37.9793,36.962,37.0652,37.0652,36458417
2006-02-10,37.1479,37.6953,36.2531,36.7676,36.7676,42328478
2006-02-13,36.7676,37.3326,36.5691,36.8727,36.8727,27215830
2006-02-14,36.6616,37.0535,36.3747,36.8424,36.8424,33981401
2006-02-15,37.0068,37.0856,36.5332,36.9738,36.9738,34997648
2006-02-16,37.0535,37.2704,36.8181,37.2704,37.2704,32420736
2006-02-17,37.3433,37.5387,37.248,37.4609,37.4609,31033519
2006-02-21,37.7401,37.9248,37.5203,37.5903,37.5903,28531126
2006-02-22,37.4901,37.5767,37.0904,37.2762,37.2762,25369057
2006-02-23,37.1216,37.4522,36.8931,37.0175,37.0175,28299004
2006-02-24,37.3277,37.5708,37.2304,37.3783,37.3783,21302604
2006-02-27,37.2402,37.4386,37.0535,37.0652,37.0652,20285392
2006-02-28,36.824,36.9659,36.5614,36.7297,36.7297,30958839
2006-03-01,36.8667,37.4522,36.8298,37.3277,37.3277,26390326
2006-03-02,37.142,37.7265,37.106,37.6438,37.6438,31892971
2006-03-03,37.634,38.0483,37.6185,37.7265,37.7265,29453460
2006-03-06,37.708,37.7945,37.073,37.106,37.106,26330032
2006-03-07,37.0535,37.1283,36.7792,37.0262,37.0262,30178104
2006-03-08,36.7792,37.3743,36.5945,36.9397,36.9397,35818469
2006-03-09,37.0807,37.1216,36.4135,36.4496,36.4496,35282469
2006-03-10,36.4496,36.6324,36.151,36.613,36.613,32726564
2006-03-13,36.925,37.0904,36.7792,36.8989,36.8989,27293739
2006-03-14,36.8424,37.6574,36.7734,37.6185,37.6185,29556587
2006-03-15,37.533,37.8626,37.3743,37.7517,37.7517,29092184
2006-03-16,37.7187,38.305,37.6438,38.13,38.13,30674023
2006-03-17,38.2331,38.2331,37.7342,37.7683,37.7683,43502494
2006-03-20,37.5942,37.9578,37.3238,37.5252,37.5252,27087482
2006-03-21,37.5252,37.882,37.3433,37.5631,37.5631,31601854
2006-03-22,37.0535,38.0416,37.0535,37.7683,37.7683,26025818
2006-03-23,37.8071,37.9578,37.6876,37.8956,37.8956,24945235
2006-03-24,37.8333,38.1621,37.6779,37.8431,37.8431,24950569
2006-03-27,37.8071,38.0308,37.6953,37.919,37.919,18747188
2006-03-28,38.0201,38.2846,37.6515,37.708,37.708,32262812
2006-03-29,37.708,38.0483,37.708,37.9132,37.9132,30898225
2006-03-30,37.8956,38.1865,37.7401,37.8139,37.8139,25339157
2006-03-31,37.6779,37.849,37.6263,37.6515,37.6515,30570085
2006-04-03,37.9628,38.3411,37.6574,37.7265,37.7265,26990017
2006-04-04,37.5203,38.3615,37.384,38.1991,38.1991,24047306
2006-04-05,38.1222,38.4674,38.0756,38.4558,38.4558,25521328
2006-04-06,38.1038,38.7884,38.1038,38.4091,38.4091,24907734
2006-04-07,38.2117,38.7213,37.882,37.9433,37.9433,26084979
2006-04-10,38.2915,38.4159,38.0483,38.3187,38.3187,20943275
2006-04-11,38.4754,38.8089,38.2331,38.3556,38.3556,23799830
2006-04-12,38.3878,38.5161,37.8626,38.026,38.026,22820431
2006-04-13,37.919,38.2175,37.7401,38.0833,38.0833,18684963
2006-04-17,38.3187,38.4714,38.1106,38.3878,38.3878,18699185
2006-04-18,38.661,39.4682,38.6318,39.3078,39.3078,36074354
2006-04-19,39.0403,39.8932,38.9334,39.7775,39.7775,33819274
2006-04-20,39.5947,40.078,39.1774,39.5411,39.5411,37428275
2006-04-21,39.7162,40.2093,39.655,40.2093,40.2093,35168667
2006-04-24,40.0664,40.1344,39.7453,39.8494,39.8494,26448835
2006-04-25,40.1227,40.1976,39.0559,39.5625,39.5625,35206975
2006-04-26,39.581,40.0896,38.984,39.0403,39.0403,37523482
2006-04-27,38.0483,39.2203,37.7401,38.6153,38.6153,43918889
2006-04-28,38.7077,39.2806,38.6804,39.0286,39.0286,33383479
2006-05-01,39.2203,39.7998,39.1716,39.231,39.231,31956011
2006-05-02,39.4809,40.0731,39.4809,40.0099,40.0099,30630702
2006-05-03,39.97,40.0731,39.1015,39.4497,39.4497,37056657
2006-05-04,39.4497,39.8494,38.908,39.1648,39.1648,37477895
2006-05-05,39.5314,39.6248,39.1015,39.5947,39.5947,22465143
2006-05-08,39.3447,39.6481,39.0841,39.4128,39.4128,26799919
2006-05-09,39.3447,39.6957,39.2377,39.5558,39.5558,22667201
2006-05-10,39.2806,39.5625,38.977,39.5198,39.5198,24789410
2006-05-11,39.655,39.757,39.1249,39.2582,39.2582,29135990
2006-05-12,39.2582,39.2806,38.3926,38.5064,38.5064,31033195
2006-05-15,38.0551,38.6532,37.9578,38.3556,38.3556,31539784
2006-05-16,38.4238,38.7942,38.0687,38.3284,38.3284,25582103
2006-05-17,38.0201,38.1922,37.073,37.2304,37.2304,42336083
2006-05-18,37.2704,37.7401,37.0301,37.0466,37.0466,30886586
2006-05-19,37.0535,37.7634,36.8104,37.3977,37.3977,43095317
2006-05-22,37.0856,37.9939,36.8473,37.6029,37.6029,36869312
2006-05-23,37.9248,38.1796,37.2373,37.3579,37.3579,31914960
2006-05-24,37.1157,37.6779,36.5945,37.1799,37.1799,39560667
2006-05-25,37.6029,38.3128,37.4386,38.063,38.063,31686717
2006-05-26,38.063,38.1748,37.6515,38.094,38.094,21505952
2006-05-30,38.1689,38.2331,37.1848,37.2236,37.2236,28858613
2006-05-31,37.248,37.7751,36.9738,37.6826,37.6826,41620324
2006-06-01,37.3656,37.8333,37.1216,37.8071,37.8071,28893206
2006-06-02,38.0483,38.2614,37.4328,38.1369,38.1369,28020005
2006-06-05,38.4159,38.4754,37.1157,37.1479,37.1479,33142148
2006-06-06,37.1157,37.9306,37.0535,37.3656,37.3656,38688601
2006-06-07,37.3044,37.3384,36.3747,36.4067,36.4067,45266828
2006-06-08,36.1141,36.9358,35.7726,36.8531,36.8531,54000077
2006-06-09,37.0466,37.0535,36.187,36.3747,36.3747,34093095
2006-06-12,36.5332,36.717,35.9642,36.043,36.043,30566690
2006-06-13,35.729,36.0645,35.0414,35.1649,35.1649,44106395
2006-06-14,35.0414,35.8797,35.0364,35.76,35.76,40162787
2006-06-15,36.1783,36.8424,35.8572,36.5741,36.5741,40251854
2006-06-16,36.469,36.8055,35.9846,36.3747,36.3747,44872903
2006-06-19,36.3552,36.3815,35.3934,35.5082,35.5082,32589978
2006-06-20,35.6735,36.0897,35.4245,35.5082,35.5082,32075629
2006-06-21,35.479,36.4214,35.4177,35.9205,35.9205,36346235
2006-06-22,35.7104,36.0392,35.6648,35.8641,35.8641,26808814
2006-06-23,35.9711,36.4067,35.8933,35.9477,35.9477,25149877
2006-06-26,35.9477,36.5118,35.8291,36.3893,36.3893,22694839
2006-06-27,36.4826,37.0593,36.4826,36.9046,36.9046,43387407
2006-06-28,36.9981,37.8772,36.9981,37.8139,37.8139,37321913
2006-06-29,37.8772,38.6911,37.8198,38.5882,38.5882,42509039
2006-06-30,38.7603,38.7603,37.9578,37.9578,37.9578,52254983
2006-07-03,38.2331,38.6465,38.1748,38.448,38.448,15291266
2006-07-05,38.2915,38.9274,38.1222,38.6961,38.6961,31898147
2006-07-06,38.8225,39.2806,38.767,39.2639,39.2639,38218550
2006-07-07,39.4069,39.5256,38.661,38.8633,38.8633,29901205
2006-07-10,38.977,39.3398,38.8429,39.0014,39.0014,21263651
2006-07-11,39.1015,39.7609,39.1015,39.581,39.581,29311209
2006-07-12,39.5947,39.7609,39.1881,39.5752,39.5752,28467592
2006-07-13,39.688,40.0284,39.4001,39.6345,39.6345,34742577
2006-07-14,39.9476,40.2093,39.5752,40.1539,40.1539,34729968
2006-07-17,39.9049,40.1539,39.3272,39.5947,39.5947,31872282
2006-07-18,39.8427,40.1713,39.5625,39.9739,39.9739,34015021
2006-07-19,39.9788,40.147,39.3758,40.0031,40.0031,39881691
2006-07-20,39.8718,40.1286,39.6704,39.7531,39.7531,33588767
2006-07-21,39.9476,40.078,39.5353,39.547,39.547,44543316
2006-07-24,39.8105,40.5398,39.7162,40.4329,40.4329,36236639
2006-07-25,40.4329,40.8337,40.1616,40.6673,40.6673,30105039
2006-07-26,40.5244,41.5572,40.5029,41.1739,41.1739,50129535
2006-07-27,41.6962,41.8528,41.1107,41.1205,41.1205,47564745
2006-07-28,40.9891,41.6339,40.9804,41.4482,41.4482,33157015
2006-07-31,41.7137,42.0356,41.2974,41.9082,41.9082,32604851
2006-08-01,41.597,42.2272,41.5796,42.1834,42.1834,26164504
2006-08-02,42.2962,42.8331,42.1435,42.3604,42.3604,41050211
2006-08-03,42.1173,42.8584,42.0949,42.2962,42.2962,35358276
2006-08-04,42.4364,42.5754,42.0356,42.4917,42.4917,34670807
2006-08-07,42.6872,43.0723,42.3604,42.8331,42.8331,33972517
2006-08-08,42.836,43.2036,42.6921,42.8525,42.8525,38673250
2006-08-09,43.1161,43.5624,42.7961,42.8661,42.8661,44689439
2006-08-10,42.6085,42.9789,42.3079,42.9167,42.9167,35439577
2006-08-11,42.9041,43.2852,42.5928,43.1384,43.1384,29039491
2006-08-14,43.0236,43.0927,42.5529,42.8418,42.8418,32286249
2006-08-15,43.2473,43.2591,42.1767,42.4917,42.4917,43999386
2006-08-16,42.2486,42.6474,41.6409,41.8033,41.8033,42891318
2006-08-17,41.5572,42.1698,41.4541,42.1203,42.1203,46202094
2006-08-18,42.3128,42.7495,41.8965,42.7495,42.7495,31612036
2006-08-21,42.872,43.3213,42.872,43.2036,43.2036,36295805
2006-08-22,43.1238,43.4575,42.9099,43.4332,43.4332,37119695
2006-08-23,43.3524,43.4448,42.7106,43.0772,43.0772,28556334
2006-08-24,43.1773,43.8182,43.0665,43.7502,43.7502,33116285
2006-08-25,43.7502,44.0613,43.5148,43.5702,43.5702,30558931
2006-08-28,43.333,43.4273,43.156,43.3641,43.3641,29293427
2006-08-29,43.1316,43.2133,42.5851,42.942,42.942,34821786
2006-08-30,42.9537,42.9985,41.9141,42.2486,42.2486,42524072
2006-08-31,42.1027,42.2321,41.8217,41.8645,41.8645,31027051
2006-09-01,41.9764,42.3361,41.6797,42.1328,42.1328,28361722
2006-09-05,41.8722,42.4683,41.7584,42.3604,42.3604,28678380
2006-09-06,42.3692,42.3692,41.4997,41.5572,41.5572,43173397
2006-09-07,41.4482,42.0949,41.3549,41.8791,41.8791,39502482
2006-09-08,41.8791,42.0356,41.3121,41.3296,41.3296,31719204
2006-09-11,41.0554,41.0806,39.9788,40.1713,40.1713,58169653
2006-09-12,40.3649,40.4894,39.6637,40.0284,40.0284,40015050
2006-09-13,40.1043,40.6741,40.0284,40.4329,40.4329,35147007
2006-09-14,40.3396,40.5398,39.8581,40.0372,40.0372,34214650
2006-09-15,40.1539,40.3775,39.8524,39.9953,39.9953,54106271
2006-09-18,40.1539,41.1448,40.1227,41.0183,41.0183,34325704
2006-09-19,41.137,41.1915,40.29,40.5214,40.5214,32009036
2006-09-20,40.5244,40.8773,39.547,39.6637,39.6637,49155958
2006-09-21,39.7775,40.4271,39.7716,40.078,40.078,36310032
2006-09-22,40.3852,40.4213,39.7775,40.1539,40.1539,29224409
2006-09-25,39.97,40.4894,39.5129,40.2472,40.2472,47217699
2006-09-26,40.2472,41.2119,39.9049,41.102,41.102,36132871
2006-09-27,41.246,41.7137,40.9182,41.5319,41.5319,37761419
2006-09-28,41.5319,41.953,41.4006,41.7322,41.7322,37630810
2006-09-29,41.5572,41.8645,41.3189,41.5094,41.5094,32647684
2006-10-02,41.6272,41.9198,41.385,41.4482,41.4482,30675640
2006-10-03,41.0806,41.1448,40.3649,40.465,40.465,36823085
2006-10-04,40.5156,41.2974,40.1159,41.2041,41.2041,41410834
2006-10-05,41.6097,41.8965,41.4122,41.6466,41.6466,35150561
2006-10-06,41.4482,41.8314,41.1448,41.7721,41.7721,31412729
2006-10-09,41.9198,42.0016,41.1448,41.1739,41.1739,31145210
2006-10-10,40.9619,41.741,40.8073,41.5727,41.5727,37241574
2006-10-11,41.3549,41.4793,40.9891,41.1612,41.1612,33092852
2006-10-12,41.3723,41.9141,41.3617,41.8528,41.8528,29895066
2006-10-13,42.1203,42.518,41.988,42.3128,42.3128,33035144
2006-10-16,42.3429,43.2347,42.3264,43.2036,43.2036,31677982
2006-10-17,43.2036,43.2085,42.6687,42.942,42.942,27709006
2006-10-18,42.9985,43.296,42.5442,42.7922,42.7922,30699885
2006-10-19,43.2085,43.3397,42.728,43.1384,43.1384,37607537
2006-10-20,43.3087,43.3135,42.8934,43.0286,43.0286,33952464
2006-10-23,42.5928,43.2591,42.5122,43.2591,43.2591,27464919
2006-10-24,43.1054,43.4448,43.0451,43.2416,43.2416,31966032
2006-10-25,43.1316,44.1751,42.9099,43.9291,43.9291,41160610
2006-10-26,44.5437,44.746,43.7113,44.3093,44.3093,42521322
2006-10-27,44.3093,44.6225,44.1003,44.2112,44.2112,31019617
2006-10-30,44.0186,44.287,43.6189,43.8251,43.8251,28451429
2006-10-31,43.7308,44.2238,43.3087,44.1858,44.1858,32747579
2006-11-01,44.287,44.3833,43.472,43.9621,43.9621,29516010
2006-11-02,43.7424,44.1479,43.5702,44.0428,44.0428,32578177
2006-11-03,44.1975,44.783,44.1304,44.6351,44.6351,40773636
2006-11-06,44.639,45.1934,44.4767,45.1068,45.1068,27751198
2006-11-07,45.1068,45.2809,44.6526,44.8695,44.8695,32326982
2006-11-08,44.8695,45.9043,44.6847,45.8575,45.8575,35946009
2006-11-09,45.9043,46.2758,45.56,46.159,46.159,34349137
2006-11-10,46.1211,46.2758,45.8109,46.0414,46.0414,29532172
2006-11-13,45.8411,46.3068,45.6961,46.0472,46.0472,27878403
2006-11-14,46.0472,46.1892,45.6212,46.0599,46.0599,28620347
2006-11-15,45.7768,46.3584,45.7768,46.2758,46.2758,32405220
2006-11-16,46.37,46.3817,44.9172,44.9591,44.9591,36034585
2006-11-17,44.5097,45.2672,44.39,45.2138,45.2138,41470810
2006-11-20,44.8841,45.3246,44.7285,44.8112,44.8112,30674504
2006-11-21,45.0193,45.487,44.8443,45.3995,45.3995,21481545
2006-11-22,45.1748,45.487,44.6146,45.1068,45.1068,19237942
2006-11-24,44.4767,45.0513,44.4485,44.7771,44.7771,8942091
2006-11-27,44.7217,45.2751,44.6273,44.8326,44.8326,30629247
2006-11-28,44.9454,45.9324,44.9454,45.878,45.878,30935562
2006-11-29,45.9684,47.292,45.8858,47.0382,47.0382,40171035
2006-11-30,47.2784,47.8649,47.0489,47.5127,47.5127,44074064
2006-12-01,47.4982,47.9435,46.8991,47.7598,47.7598,34353830
2006-12-04,47.7598,48.1303,47.3368,48.1139,48.1139,31275339
2006-12-05,48.3219,48.5738,47.9251,48.2947,48.2947,32485880
2006-12-06,48.1439,48.3802,47.1752,47.2084,47.2084,49552306
2006-12-07,47.2054,47.4534,46.5685,46.837,46.837,44760727
2006-12-08,47.1403,47.2784,46.6676,46.7085,46.7085,26014346
2006-12-11,46.5528,46.9176,46.2913,46.622,46.622,30045071
2006-12-12,46.587,47.2667,46.587,47.1752,47.1752,30120065
2006-12-13,47.2988,47.8901,46.9799,47.858,47.858,33112731
2006-12-14,47.9505,48.8724,47.7889,48.7031,48.7031,30213018
2006-12-15,48.8432,48.8724,47.716,47.82,47.82,59842498
2006-12-18,47.7948,47.7948,46.622,46.7134,46.7134,36275922
2006-12-19,46.5792,47.8288,46.338,47.6265,47.6265,35777414
2006-12-20,47.54,47.6265,46.8564,47.0664,47.0664,28453207
2006-12-21,47.0731,47.36,46.4936,46.9352,46.9352,27616220
2006-12-22,47.0188,47.1655,46.5733,46.6482,46.6482,19188963
2006-12-26,46.7134,47.1752,46.6434,47.0489,47.0489,18242058
2006-12-27,47.2054,47.6353,47.0235,47.608,47.608,17554920
2006-12-28,47.4914,47.9056,47.4204,47.8385,47.8385,17394408
2006-12-29,47.6412,47.7821,47.1403,47.4106,47.4106,20035813
2007-01-03,47.1832,47.1879,45.4744,45.8449,45.8449,49318410
2007-01-04,45.6874,45.7156,44.6731,44.9882,44.9882,50184008
2007-01-05,44.8229,45.3947,44.6789,45.312,45.312,39757388
2007-01-08,45.704,45.9324,44.4485,44.9454,44.9454,41876691
2007-01-09,44.4485,45.064,44.1975,44.5972,44.5972,43407286
2007-01-10,44.4231,45.2323,43.6996,43.9193,43.9193,49409578
2007-01-11,43.9193,45.0699,43.7842,43.9116,43.9116,47137847
2007-01-12,44.0545,44.9833,44.0497,44.9531,44.9531,39482112
2007-01-16,44.851,44.9454,44.0798,44.3153,44.3153,40925902
2007-01-17,44.2305,44.9249,44.18,44.8276,44.8276,50546086
2007-01-18,44.9591,45.243,44.0428,44.5155,44.5155,37032416
2007-01-19,44.851,45.5463,44.6662,45.487,45.487,38067898
2007-01-22,45.56,45.6212,44.851,45.1,45.1,34751628
2007-01-23,45.4987,46.3448,45.4491,46.0851,46.0851,46891989
2007-01-24,46.0928,46.3964,45.6212,46.338,46.338,28916317
2007-01-25,46.0025,46.3652,45.383,45.4812,45.4812,35191618
2007-01-26,45.667,45.9762,45.4443,45.5386,45.5386,32583349
2007-01-29,45.56,45.8362,45.0416,45.2886,45.2886,28077221
2007-01-30,45.4375,46.1474,45.3635,46.0219,46.0219,34858962
2007-01-31,46.0219,46.2281,45.458,45.8411,45.8411,39196491
2007-02-01,46.1406,46.5685,45.6621,46.445,46.445,40680696
2007-02-02,46.4022,46.8866,46.0599,46.7309,46.7309,39278117
2007-02-05,46.8009,46.9419,46.4323,46.8106,46.8106,29368591
2007-02-06,46.9302,46.9993,46.4206,46.6843,46.6843,26220756
2007-02-07,46.6434,46.9419,46.1085,46.2709,46.2709,29302479
2007-02-08,45.9519,46.7902,45.9277,46.6843,46.6843,30293997
2007-02-09,46.6843,46.8495,46.3448,46.5324,46.5324,28666088
2007-02-12,46.3584,46.4392,45.984,46.1523,46.1523,26732033
2007-02-13,46.2758,46.7085,46.1474,46.6763,46.6763,25603643
2007-02-14,46.9585,47.0188,46.3964,46.7688,46.7688,28528150
2007-02-15,46.5131,46.7017,46.2281,46.6093,46.6093,28888677
2007-02-16,46.5578,46.7367,46.4022,46.5733,46.5733,29627870
2007-02-20,46.338,46.4274,45.9596,46.3214,46.3214,25604577
2007-02-21,46.2281,46.5626,45.9324,46.2622,46.2622,28911950
2007-02-22,46.1659,46.5266,45.9043,46.445,46.445,27746508
2007-02-23,46.5733,46.7367,46.4206,46.5324,46.5324,28591252
2007-02-26,46.7172,47.0761,46.5578,46.6434,46.6434,28778165
2007-02-27,46.3321,46.5393,44.1606,44.4348,44.4348,55550074
2007-02-28,44.6847,45.5337,44.0381,44.3424,44.3424,90072164
2007-03-01,43.865,44.5923,43.333,43.9193,43.9193,63750813
2007-03-02,43.8931,44.0798,42.8787,43.3087,43.3087,44378437
2007-03-05,42.9041,43.8251,42.6989,43.2902,43.2902,53311593
2007-03-06,43.7365,43.9369,43.4273,43.9252,43.9252,43039713
2007-03-07,43.9252,45.0756,43.651,44.322,44.322,51021156
2007-03-08,44.6351,44.6526,44.0497,44.4485,44.4485,44286298
2007-03-09,44.5097,44.7771,43.865,43.9992,43.9992,46340304
2007-03-12,43.7988,44.1751,43.7365,43.8445,43.8445,32572353
2007-03-13,43.5342,44.2724,43.1384,43.2522,43.2522,44253005
2007-03-14,43.3641,43.9369,43.0859,43.9369,43.9369,48580025
2007-03-15,43.7424,44.076,43.5489,43.7308,43.7308,38050602
2007-03-16,43.7842,43.8445,43.0111,43.2202,43.2202,75611876
2007-03-19,43.3776,44.0381,43.3718,43.9865,43.9865,37477017
2007-03-20,43.9992,44.5437,43.9369,44.5437,44.5437,38282674
2007-03-21,44.816,45.3635,44.4601,45.3091,45.3091,46553902
2007-03-22,45.487,46.3526,45.4491,46.0025,46.0025,44069888
2007-03-23,46.1892,46.6521,46.1834,46.4129,46.4129,42638344
2007-03-26,46.6676,46.8223,46.0978,46.689,46.689,44529754
2007-03-27,46.6259,46.9993,46.4022,46.837,46.837,35220551
2007-03-28,47.1179,47.1752,46.5266,46.7426,46.7426,39958240
2007-03-29,46.9108,47.1996,46.7474,47.1655,47.1655,35069014
2007-03-30,47.1655,47.2337,46.3652,46.6763,46.6763,38827017
2007-04-02,46.6161,47.2667,46.5685,47.1179,47.1179,34631475
2007-04-03,47.0761,47.6159,46.7902,47.5099,47.5099,36172087
2007-04-04,47.3854,47.7704,47.0382,47.7015,47.7015,33740290
2007-04-05,47.6965,47.8288,47.5614,47.7704,47.7704,32705368
2007-04-09,47.4914,48.0827,47.4399,47.5099,47.5099,28559384
2007-04-10,47.5099,48.1644,47.4798,47.9874,47.9874,30223138
2007-04-11,48.0048,48.0516,47.4399,47.4914,47.4914,40462519
2007-04-12,47.6159,47.9407,47.3037,47.8755,47.8755,39211275
2007-04-13,47.9435,48.0516,47.6849,47.8901,47.8901,30785953
2007-04-16,48.034,48.3919,47.6586,48.3628,48.3628,33166660
2007-04-17,48.424,48.709,48.2247,48.498,48.498,36810400
2007-04-18,48.3628,48.498,48.1069,48.3802,48.3802,28172406
2007-04-19,48.213,48.2626,47.7258,47.9183,47.9183,30858540
2007-04-20,48.4911,49.3694,48.2568,49.345,49.345,66447885
2007-04-23,49.1846,49.4821,48.9356,48.9969,48.9969,37980299
2007-04-24,48.8724,49.0892,48.5592,48.6244,48.6244,40191612
2007-04-25,48.7732,49.6124,48.7246,49.4442,49.4442,45463263
2007-04-26,49.5123,50.0237,49.2273,49.8312,49.8312,41945896
2007-04-27,49.6387,49.9566,49.418,49.7116,49.7116,26610731
2007-04-30,49.6757,50.0384,49.1106,49.1106,49.1106,35157347
2007-05-01,49.1846,49.4889,48.9034,49.2828,49.2828,39284319
2007-05-02,49.3898,49.6066,49.1029,49.3829,49.3829,28452957
2007-05-03,49.3898,50.0627,49.3694,49.9109,49.9109,28958621
2007-05-04,50.1123,50.583,49.627,49.8312,49.8312,32149379
2007-05-07,49.7991,50.193,49.627,50.0044,50.0044,33774855
2007-05-08,49.8429,50.3661,49.6484,50.3477,50.3477,29026503
2007-05-09,50.2289,50.3904,49.7378,50.3729,50.3729,31856876
2007-05-10,50.1473,50.1473,49.0658,49.1164,49.1164,33546858
2007-05-11,49.3022,50.2533,49.2613,50.2533,50.2533,30447645
2007-05-14,50.2407,50.4954,49.944,50.2669,50.2669,28557733
2007-05-15,50.1191,50.5907,50.0773,50.193,50.193,27753375
2007-05-16,50.0092,50.4167,49.6824,50.3904,50.3904,26487002
2007-05-17,50.2669,51.0012,50.1191,50.6024,50.6024,31761370
2007-05-18,50.8154,51.5546,50.7785,51.5117,51.5117,40271720
2007-05-21,51.6109,52.1633,51.535,51.7091,51.7091,40431828
2007-05-22,51.5972,52.0535,51.1821,51.2064,51.2064,30850664
2007-05-23,51.4232,51.7306,51.1558,51.3435,51.3435,32130964
2007-05-24,51.4612,51.8667,50.6578,50.901,50.901,35523199
2007-05-25,51.1362,51.7656,51.1362,51.6625,51.6625,28837493
2007-05-29,51.5166,51.5283,50.6705,51.112,51.112,31112816
2007-05-30,50.8378,52.0282,50.7026,51.9649,51.9649,42774673
2007-05-31,51.9036,52.1205,51.4232,51.4533,51.4533,34109314
2007-06-01,51.6917,52.1147,51.6343,52.1031,52.1031,32907521
2007-06-04,51.9417,52.2392,51.8414,52.1031,52.1031,26633932
2007-06-05,51.9337,52.3364,51.7481,52.1283,52.1283,34282877
2007-06-06,52.0709,52.1847,51.3795,51.7306,51.7306,34512248
2007-06-07,51.5972,52.2586,50.583,50.7026,50.7026,47251584
2007-06-08,50.583,51.1714,50.2533,51.1489,51.1489,37819646
2007-06-11,51.1489,51.8725,50.9369,51.3853,51.3853,26893856
2007-06-12,51.2064,51.5409,50.6968,50.7259,50.7259,35220468
2007-06-13,50.9252,51.6567,50.8855,51.5691,51.5691,43869722
2007-06-14,51.6216,52.5678,51.6216,52.4453,52.4453,31671097
2007-06-15,52.6311,53.4849,52.6135,53.1679,53.1679,48703527
2007-06-18,53.2602,53.5666,53.1173,53.4266,53.4266,28687993
2007-06-19,53.3225,53.4723,53.0231,53.1027,53.1027,31569424
2007-06-20,53.129,53.1679,51.2064,51.2365,51.2365,45108587
2007-06-21,51.575,52.389,51.4232,52.1497,52.1497,51741923
2007-06-22,52.0894,52.0894,50.795,51.0517,51.0517,63343704
2007-06-25,50.9768,51.8162,50.795,50.9574,50.9574,41621226
2007-06-26,51.1266,51.4048,50.4585,50.6151,50.6151,43522595
2007-06-27,50.3097,51.6664,50.017,51.6411,51.6411,41760920
2007-06-28,51.8472,52.209,51.4612,51.714,51.714,32258547
2007-06-29,52.0602,52.5815,51.3853,51.8901,51.8901,39965786
2007-07-02,52.2762,52.5883,52.0398,52.4755,52.4755,32499955
2007-07-03,52.5883,52.986,52.3646,52.8051,52.8051,15266917
2007-07-05,52.8255,53.1241,52.0602,52.6816,52.6816,29045897
2007-07-06,52.9753,53.7884,52.812,53.4908,53.4908,37167912
2007-07-09,53.5336,54.3748,53.3605,54.0927,54.0927,31009086
2007-07-10,53.7884,54.4254,53.4032,53.5142,53.5142,42011774
2007-07-11,53.4538,54.0567,53.1407,53.9994,53.9994,32756785
2007-07-12,54.2551,55.5126,53.9994,55.4455,55.4455,40014139
2007-07-13,55.4903,56.1739,55.2996,55.8773,55.8773,37047627
2007-07-16,55.2636,55.8112,54.8892,55.4903,55.4903,36217079
2007-07-17,55.7859,56.0232,55.0653,55.1129,55.1129,37954234
2007-07-18,54.9456,56.5435,54.9038,56.3918,56.3918,49638008
2007-07-19,56.63,57.3749,56.4219,57.091,57.091,40319607
2007-07-20,56.9179,57.5909,56.4638,56.876,56.876,49614268
2007-07-23,56.8683,57.9148,56.4822,57.8087,57.8087,39379250
2007-07-24,57.2359,57.4645,56.1963,56.1963,56.1963,51473530
2007-07-25,56.4462,57.6492,55.2763,57.4061,57.4061,50852216
2007-07-26,55.9289,56.2955,53.5336,54.5849,54.5849,73344547
2007-07-27,54.3855,54.7483,52.8868,52.9482,52.9482,66360975
2007-07-30,53.2049,53.4995,52.139,53.2096,53.2096,57009918
2007-07-31,53.6833,54.0188,52.5377,52.6622,52.6622,54774600
2007-08-01,52.5815,54.0051,51.7217,53.1027,53.1027,62708595
2007-08-02,53.0482,53.2282,51.6625,52.6923,52.6923,59885694
2007-08-03,52.352,53.129,50.44,50.7785,50.7785,58480934
2007-08-06,50.6968,51.8414,49.7505,51.68,51.68,65557486
2007-08-07,51.4427,53.4995,51.0517,53.0152,53.0152,58066397
2007-08-08,53.0231,54.3796,52.7974,54.3796,54.3796,58989144
2007-08-09,53.0113,53.694,51.714,51.714,51.714,57749699
2007-08-10,51.0449,52.6768,50.7901,52.2839,52.2839,52781798
2007-08-13,52.7284,52.7284,51.0449,51.3006,51.3006,40972460
2007-08-14,51.5623,51.9036,50.7211,51.5059,51.5059,48314639
2007-08-15,51.5166,52.2158,50.335,50.5412,50.5412,44644155
2007-08-16,50.017,50.6832,48.7246,49.9042,49.9042,79606281
2007-08-17,50.9078,52.4512,50.7152,52.0535,52.0535,56813680
2007-08-20,51.8725,52.5748,51.2248,52.2966,52.2966,38035678
2007-08-21,52.2762,52.3812,51.0449,51.4427,51.4427,37949342
2007-08-22,51.7977,52.1147,51.3688,51.7023,51.7023,36138202
2007-08-23,51.995,52.3131,51.3795,51.8102,51.8102,39075738
2007-08-24,51.8102,53.1105,51.8025,53.0113,53.0113,33990289
2007-08-27,52.6554,52.9482,52.4114,52.6622,52.6622,26265032
2007-08-28,52.4998,52.4998,51.3512,51.3512,51.3512,41795386
2007-08-29,51.6488,52.9549,51.4874,52.7215,52.7215,38117201
2007-08-30,52.5436,53.3605,52.1906,52.8305,52.8305,35765129
2007-08-31,53.5414,53.8136,52.8363,53.0375,53.0375,35421155
2007-09-04,52.775,54.292,52.775,53.9635,53.9635,32846810
2007-09-05,53.7631,54.0646,53.379,53.9585,53.9585,34518536
2007-09-06,54.2367,54.5742,53.833,54.1259,54.1259,27582162
2007-09-07,53.6502,53.908,52.7118,53.0482,53.0482,38503066
2007-09-10,52.9958,53.3536,51.8901,52.4998,52.4998,44651131
2007-09-11,52.7001,53.9635,52.3199,53.7815,53.7815,42703496
2007-09-12,53.6833,54.6714,53.658,54.2241,54.2241,40627672
2007-09-13,54.3486,55.1518,54.262,54.8231,54.8231,35578110
2007-09-14,54.507,55.4815,54.3622,54.8523,54.8523,38282604
2007-09-17,54.7483,55.5203,54.6276,55.2209,55.2209,30671591
2007-09-18,55.4455,56.8683,55.1567,56.7701,56.7701,42687841
2007-09-19,57.0978,57.5957,56.8401,56.9888,56.9888,43827334
2007-09-20,57.1746,57.303,56.8197,56.9684,56.9684,30063497
2007-09-21,57.4548,57.7833,56.9684,57.1056,57.1056,55504312
2007-09-24,56.9616,57.2359,56.4822,56.7545,56.7545,36122610
2007-09-25,56.0971,56.8897,55.8054,56.8897,56.8897,41791814
2007-09-26,57.1795,57.3818,56.6144,57.1445,57.1445,37737981
2007-09-27,57.4742,57.7212,56.7176,57.516,57.516,28103207
2007-09-28,57.6152,57.94,56.9995,57.2602,57.2602,31535558
2007-10-01,57.1911,58.1472,57.0424,58.1189,58.1189,31187718
2007-10-02,57.7318,57.7833,56.4822,57.0647,57.0647,34593056
2007-10-03,56.6912,56.7176,56.1204,56.5056,56.5056,29281121
2007-10-04,56.5094,56.7019,55.8773,56.2479,56.2479,46630289
2007-10-05,56.4219,56.7019,56.0748,56.5221,56.5221,30696978
2007-10-08,56.0474,56.1856,55.7791,56.0971,56.0971,20740384
2007-10-09,56.2897,57.3983,56.2897,57.3293,57.3293,28505166
2007-10-10,56.7234,57.9527,56.6369,57.6152,57.6152,29639603
2007-10-11,57.9031,58.8191,56.8401,57.3243,57.3243,33750288
2007-10-12,57.5957,58.0509,57.4158,57.8359,57.8359,24485375
2007-10-15,58.2443,58.8658,58.2443,58.6616,58.6616,41292428
2007-10-16,58.6616,58.9086,58.4369,58.61,58.61,35404314
2007-10-17,58.8241,58.9359,57.7397,58.65,58.65,42920676
2007-10-18,58.8318,58.9135,58.2443,58.8055,58.8055,33119036
2007-10-19,58.5878,58.6178,56.912,56.9995,56.9995,55682967
2007-10-22,56.4034,56.7176,55.4776,56.2429,56.2429,40684229
2007-10-23,56.5891,57.1609,55.6799,56.5153,56.5153,38972474
2007-10-24,56.2148,57.123,55.9853,56.9938,56.9938,39283618
2007-10-25,57.2194,57.2194,56.0591,56.6513,56.6513,44303449
2007-10-26,57.3749,57.478,56.6086,57.0424,57.0424,33910273
2007-10-29,57.1377,58.3212,57.091,57.9088,57.9088,29492421
2007-10-30,57.4829,57.6531,56.1467,56.383,56.383,33157686
2007-10-31,56.5843,57.0239,55.9853,56.9072,56.9072,51908898
2007-11-01,55.5739,56.2644,54.4439,54.7483,54.7483,57511686
2007-11-02,54.8649,55.182,53.7212,54.3972,54.3972,46917645
2007-11-05,53.833,54.6121,53.52,54.2308,54.2308,40085614
2007-11-06,54.292,55.9853,54.292,55.9124,55.9124,41141318
2007-11-07,55.5438,55.744,53.9168,53.9449,53.9449,44248936
2007-11-08,54.4487,55.7052,54.1997,55.3201,55.3201,52867936
2007-11-09,55.0206,55.0516,53.5277,53.7271,53.7271,44562172
2007-11-12,53.3536,53.4538,51.8025,52.2995,52.2995,46751841
2007-11-13,52.1847,53.8185,51.5798,53.7465,53.7465,41460015
2007-11-14,54.1064,54.8358,53.0435,53.3964,53.3964,34437181
2007-11-15,53.0152,53.621,51.8725,52.2712,52.2712,36866729
2007-11-16,52.6816,53.3653,52.2762,52.6476,52.6476,49032157
2007-11-19,52.3578,52.8499,51.9649,52.0349,52.0349,33614417
2007-11-20,52.5748,54.8834,52.5678,54.331,54.331,50288595
2007-11-21,54.4185,54.8231,53.658,53.8437,53.8437,36893299
2007-11-23,53.8516,54.7094,53.7631,54.6218,54.6218,14338844
2007-11-26,54.5167,54.9234,52.8741,53.0045,53.0045,37095986
2007-11-27,52.7215,53.5666,51.9649,53.4392,53.4392,45165782
2007-11-28,53.7465,54.6121,53.2096,54.3913,54.3913,47674598
2007-11-29,54.1316,55.3434,54.1316,54.8026,54.8026,36273275
2007-11-30,54.7609,55.3492,54.3262,55.1567,55.1567,45572109
2007-12-03,55.0399,55.1693,54.5274,54.965,54.965,35957110
2007-12-04,54.5527,54.9535,54.262,54.5167,54.5167,27182588
2007-12-05,54.9107,56.0164,54.9107,55.6313,55.6313,38717661
2007-12-06,55.6108,56.7126,55.3764,56.5727,56.5727,34150283
2007-12-07,56.4511,56.912,56.1467,56.6086,56.6086,27231220
2007-12-10,56.7652,57.2602,56.6583,56.9335,56.9335,25182232
2007-12-11,57.1377,57.5034,55.6799,55.8471,55.8471,32362574
2007-12-12,56.7768,57.5909,56.2148,56.8624,56.8624,41551479
2007-12-13,56.4755,57.4421,56.208,57.3623,57.3623,31414202
2007-12-14,57.0112,57.4693,56.4073,56.4073,56.4073,33144660
2007-12-17,56.0815,56.2362,55.3075,55.6108,55.6108,36600899
2007-12-18,56.1204,56.63,55.0828,56.5561,56.5561,36459331
2007-12-19,56.3363,56.912,55.9483,56.5649,56.5649,31634137
2007-12-20,56.6213,57.0491,56.2536,56.9938,56.9938,24422858
2007-12-21,57.3749,58.1189,57.1123,57.802,57.802,55689465
2007-12-24,57.8544,58.151,57.7397,57.94,57.94,10241810
2007-12-26,57.9527,58.7734,57.9264,58.6548,58.6548,24721712
2007-12-27,58.6548,58.7599,57.9449,57.9449,57.9449,23220981
2007-12-28,58.1811,58.8338,57.8593,58.7734,58.7734,28007702
2007-12-31,58.5303,58.7501,57.8544,57.9594,57.9594,22071786
2008-01-02,58.2443,58.4943,57.3983,57.8544,57.8544,37746706
2008-01-03,58.0645,58.61,57.8544,58.047,58.047,30971720
2008-01-04,57.6842,58.3738,56.8401,56.9616,56.9616,39975296
2008-01-07,57.2232,57.6297,55.8306,56.4355,56.4355,46775024
2008-01-08,56.8342,56.9452,55.4815,55.7119,55.7119,35180672
2008-01-09,55.7518,56.7545,55.3726,56.6456,56.6456,42336450
2008-01-10,56.1399,57.0112,55.7236,56.7069,56.7069,44104631
2008-01-11,56.3032,56.8342,55.6799,55.8608,55.8608,36736928
2008-01-14,56.1963,56.4511,55.7305,56.1886,56.1886,33016765
2008-01-15,55.6108,55.6108,54.7483,55.0711,55.0711,42811012
2008-01-16,54.721,55.2763,53.1456,53.5336,53.5336,58135449
2008-01-17,54.1122,54.3855,51.6488,51.9075,51.9075,55114513
2008-01-18,51.9649,53.4947,51.2248,52.6379,52.6379,70848514
2008-01-22,49.4948,51.9542,49.1846,51.008,51.008,80196716
2008-01-23,49.5006,51.6488,47.9767,51.6216,51.6216,76614229
2008-01-24,52.1458,53.2418,51.3688,53.2049,53.2049,50401315
2008-01-25,53.6415,53.8136,51.714,51.927,51.927,45149547
2008-01-28,51.6567,52.7925,51.0634,52.6622,52.6622,38217477
2008-01-29,52.7177,53.4266,52.244,52.6379,52.6379,36350978
2008-01-30,52.2995,54.1122,52.1847,52.7575,52.7575,39007370
2008-01-31,52.1031,53.4538,51.4125,53.4538,53.4538,53268943
2008-02-01,54.2551,54.3543,52.493,53.1727,53.1727,45971429
2008-02-04,53.2282,53.3857,52.493,52.8537,52.8537,30430896
2008-02-05,52.0349,52.1031,50.7901,50.795,50.795,49410468
2008-02-06,51.1558,51.3912,50.1659,50.3836,50.3836,47187705
2008-02-07,50.0918,51.0449,49.7116,50.6578,50.6578,43009665
2008-02-08,50.7259,50.9768,50.0841,50.551,50.551,39079556
2008-02-11,50.6346,51.535,50.1356,51.4874,51.4874,36687992
2008-02-12,51.714,52.6379,51.535,52.2022,52.2022,40628521
2008-02-13,52.4064,53.0152,52.2762,52.8868,52.8868,34828550
2008-02-14,52.986,53.6415,52.7798,52.9219,52.9219,34229519
2008-02-15,52.7001,52.9549,52.209,52.812,52.812,38692377
2008-02-19,53.5277,54.4254,53.5277,53.8263,53.8263,36531832
2008-02-20,53.3964,54.8086,53.3108,54.507,54.507,39964143
2008-02-21,54.262,54.4439,53.3147,53.7689,53.7689,48666191
2008-02-22,54.1064,54.3107,53.2214,53.9235,53.9235,37964797
2008-02-25,53.9235,55.289,53.8622,55.1401,55.1401,38593659
2008-02-26,54.9038,55.6799,54.6938,55.6108,55.6108,34476972
2008-02-27,55.3075,55.7859,55.1353,55.2996,55.2996,32850767
2008-02-28,55.1353,55.6799,54.965,55.2948,55.2948,40404331
2008-02-29,54.9164,55.2384,53.3605,53.8263,53.8263,42900257
2008-03-03,53.7135,54.6977,53.5666,54.2873,54.2873,37488694
2008-03-04,54.1122,54.438,52.8936,53.6347,53.6347,49093107
2008-03-05,53.7018,54.2075,53.235,53.9381,53.9381,49801435
2008-03-06,53.7757,53.8622,52.2392,52.2839,52.2839,46809986
2008-03-07,51.9075,52.0009,50.7084,51.0313,51.0313,49703811
2008-03-10,51.1947,51.6567,50.7259,51.0128,51.0128,52425279
2008-03-11,51.9417,53.6289,51.6868,53.6289,53.6289,56313468
2008-03-12,53.5813,53.9635,53.0045,53.1854,53.1854,43025988
2008-03-13,52.7858,54.1316,52.5261,53.8516,53.8516,47440298
2008-03-14,54.2823,54.3543,52.455,53.1456,53.1456,57773026
2008-03-17,51.8901,53.6706,51.68,53.0736,53.0736,63087204
2008-03-18,53.5813,54.7346,53.2778,54.7346,54.7346,53882118
2008-03-19,54.3262,54.7483,52.1847,52.2313,52.2313,56693991
2008-03-20,52.0758,52.8363,51.1947,52.5883,52.5883,72678067
2008-03-24,52.6876,53.7884,52.6135,53.1727,53.1727,36109650
2008-03-25,53.3653,53.4392,52.1721,52.707,52.707,43773244
2008-03-26,52.7215,53.8185,52.5329,53.3653,53.3653,37217312
2008-03-27,53.7135,54.1316,53.2486,53.3294,53.3294,35173988
2008-03-28,53.235,53.87,52.5883,52.7177,52.7177,35032180
2008-03-31,53.0113,53.4392,52.3267,52.3267,52.3267,59552494
2008-04-01,52.4629,53.8437,52.1283,53.833,53.833,38724942
2008-04-02,53.7271,55.1353,53.6347,54.7609,54.7609,37556484
2008-04-03,54.4439,55.2948,54.3796,54.5849,54.5849,32464058
2008-04-04,54.7414,55.3726,54.6345,54.897,54.897,30078305
2008-04-07,55.2579,55.6488,54.8649,55.0069,55.0069,31658426
2008-04-08,54.8892,55.5203,54.5849,55.4367,55.4367,25589519
2008-04-09,55.5059,55.7732,55.1275,55.4903,55.4903,35433453
2008-04-10,55.3871,55.676,54.8455,55.3998,55.3998,35196997
2008-04-11,54.9972,55.5253,54.7483,54.8231,54.8231,27819200
2008-04-14,54.897,55.6692,54.7677,55.4903,55.4903,31399377
2008-04-15,55.7169,56.2284,55.463,56.1739,56.1739,31513373
2008-04-16,56.2362,57.5354,56.1467,57.4693,57.4693,43433868
2008-04-17,57.2135,58.0187,57.0374,57.7736,57.7736,36995862
2008-04-18,57.7611,58.4291,57.4907,58.151,58.151,41882788
2008-04-21,58.151,58.4448,57.7736,58.3125,58.3125,27890114
2008-04-22,58.2143,58.7307,58.0333,58.3942,58.3942,33490554
2008-04-23,58.2143,58.4496,57.2232,58.2882,58.2882,38705076
2008-04-24,57.7883,57.94,56.9995,57.2864,57.2864,38046143
2008-04-25,57.6648,57.7833,56.7379,57.1999,57.1999,37775297
2008-04-28,57.267,57.9711,57.1123,57.1911,57.1911,27978899
2008-04-29,57.1746,57.9264,56.7866,56.7866,56.7866,47596348
2008-04-30,57.0696,58.469,56.7866,56.7866,56.7866,47876006
2008-05-01,55.744,55.9416,54.6276,55.4903,55.4903,70598068
2008-05-02,55.7119,56.0095,55.1275,55.4367,55.4367,43878235
2008-05-05,55.4903,56.0164,55.2209,55.3764,55.3764,34387757
2008-05-06,55.2297,55.9172,55.0575,55.7236,55.7236,45357352
2008-05-07,55.7236,55.7859,55.2024,55.4455,55.4455,23912753
2008-05-08,55.0575,55.6488,54.7609,55.289,55.289,39330941
2008-05-09,55.289,55.4241,54.4254,54.9456,54.9456,38882728
2008-05-12,54.7094,55.3492,54.1949,55.1012,55.1012,37263732
2008-05-13,54.9767,55.6488,54.7677,55.4815,55.4815,34211657
2008-05-14,55.5866,56.2897,55.4241,55.6245,55.6245,39083411
2008-05-15,55.8773,56.4822,55.6546,56.4822,56.4822,45894250
2008-05-16,56.8274,57.5034,56.6767,57.3293,57.3293,48201355
2008-05-19,57.478,58.5177,57.2232,58.3738,58.3738,40738660
2008-05-20,58.4448,58.6966,58.1073,58.5002,58.5002,43483743
2008-05-21,58.5449,59.4639,57.8204,57.9449,57.9449,69861251
2008-05-22,58.0023,58.3309,57.1669,57.2281,57.2281,51793578
2008-05-23,57.3098,57.5081,56.0864,56.1137,56.1137,40973943
2008-05-27,55.7052,55.7665,55.0779,55.5573,55.5573,41842581
2008-05-28,55.1401,56.0368,54.9826,55.9416,55.9416,36084692
2008-05-29,55.6011,56.0038,55.216,55.2763,55.2763,39853653
2008-05-30,55.4173,55.5924,54.7025,54.9107,54.9107,43846266
2008-06-02,54.5013,54.8775,54.0791,54.3262,54.3262,41960077
2008-06-03,54.2444,54.6063,52.9636,53.0231,53.0231,50896846
2008-06-04,52.7682,53.658,52.5883,53.0482,53.0482,55088308
2008-06-05,53.3605,55.2501,53.2778,55.2501,55.2501,47951822
2008-06-06,55.5495,55.9853,53.621,53.694,53.694,55484970
2008-06-09,54.2075,55.1401,53.9168,55.1012,55.1012,39170197
2008-06-10,54.8728,55.0516,53.7135,54.3748,54.3748,44091584
2008-06-11,54.9311,55.3075,54.298,54.8153,54.8153,38931579
2008-06-12,54.4312,54.7094,53.7135,53.8564,53.8564,52151930
2008-06-13,53.5336,54.6938,53.4032,54.6646,54.6646,34026874
2008-06-16,54.7483,54.8775,54.3107,54.438,54.438,29910545
2008-06-17,54.3622,55.0516,54.1199,54.8231,54.8231,35602537
2008-06-18,54.4934,54.8455,53.9449,54.3359,54.3359,37985187
2008-06-19,54.5167,54.5673,52.8936,53.0736,53.0736,42999633
2008-06-20,53.3906,53.4723,52.4453,52.5329,52.5329,58491126
2008-06-23,52.67,54.2551,52.6437,54.2551,54.2551,38148733
2008-06-24,54.1491,54.4439,53.4149,53.7689,53.7689,34893114
2008-06-25,53.976,54.7483,53.1727,54.1949,54.1949,43787899
2008-06-26,54.2484,54.7609,53.4333,53.4596,53.4596,42576078
2008-06-27,53.7212,54.155,53.2914,53.5471,53.5471,45331454
2008-06-30,53.7076,54.5673,53.7076,54.5226,54.5226,43452962
2008-07-01,54.3486,54.6597,53.6706,54.6597,54.6597,42067096
2008-07-02,54.7483,55.4524,53.9692,54.0733,54.0733,55409117
2008-07-03,54.4254,55.3871,53.7582,54.6121,54.6121,37380049
2008-07-07,54.3543,54.9826,53.4392,53.7884,53.7884,47915280
2008-07-08,53.2778,53.694,52.4998,53.1679,53.1679,58037960
2008-07-09,53.1777,53.9449,52.0398,52.1545,52.1545,46872162
2008-07-10,52.1497,53.2418,51.8162,53.2418,53.2418,50032771
2008-07-11,53.379,53.6007,52.1545,52.8811,52.8811,47568903
2008-07-14,53.2049,53.4947,52.2645,52.844,52.844,34838195
2008-07-15,52.986,52.9958,50.6462,50.8426,50.8426,55416455
2008-07-16,50.6578,50.7211,49.1271,49.9918,49.9918,65316067
2008-07-17,50.2669,50.5956,48.9356,49.6951,49.6951,63327633
2008-07-18,49.9858,50.4458,49.451,50.4458,50.4458,58415781
2008-07-21,50.6286,51.3357,50.1803,51.3357,51.3357,40077717
2008-07-22,51.0517,51.4933,50.4672,51.2617,51.2617,45074714
2008-07-23,51.1995,51.3512,49.8613,50.1054,50.1054,50142208
2008-07-24,50.2339,50.6968,49.3265,49.9858,49.9858,59467058
2008-07-25,50.1191,50.9818,49.9616,50.546,50.546,44448099
2008-07-28,50.6462,50.8699,49.8944,49.9109,49.9109,38820894
2008-07-29,50.0044,50.2339,49.3372,50.0491,50.0491,41778108
2008-07-30,50.0491,52.4405,49.8195,52.2022,52.2022,58543090
2008-07-31,50.6151,51.0683,49.6066,49.7573,49.7573,66061531
2008-08-01,49.8312,50.1726,49.1524,49.3207,49.3207,46497801
2008-08-04,49.3207,49.5687,47.1082,47.3942,47.3942,61201691
2008-08-05,47.3299,48.4736,47.1471,48.4736,48.4736,64796818
2008-08-06,48.5592,48.6516,47.7821,48.4619,48.4619,49768768
2008-08-07,48.6758,48.9413,47.8288,47.9056,47.9056,40928870
2008-08-08,47.4982,48.7761,47.2084,48.6993,48.6993,47389569
2008-08-11,48.5738,48.8432,47.6586,48.3559,48.3559,39301286
2008-08-12,48.6058,48.6516,47.3368,47.5614,47.5614,42020195
2008-08-13,47.5468,48.6409,47.5099,48.3628,48.3628,49532330
2008-08-14,48.0126,48.3501,47.5779,47.9105,47.9105,41779751
2008-08-15,47.6898,47.8075,47.1354,47.6781,47.6781,42480727
2008-08-18,47.9183,48.2898,47.2054,47.3456,47.3456,37067798
2008-08-19,47.2551,48.424,47.2482,48.2247,48.2247,35771411
2008-08-20,48.5854,49.2828,47.8716,48.7547,48.7547,41918062
2008-08-21,49.0464,50.0773,48.8724,49.7059,49.7059,39824929
2008-08-22,49.4948,49.9216,48.9667,49.6757,49.6757,31782448
2008-08-25,49.6553,49.8371,48.6457,48.6914,48.6914,33351112
2008-08-26,48.7605,49.4948,48.7605,49.4636,49.4636,30307436
2008-08-27,49.9042,50.2834,49.4948,49.7807,49.7807,32935413
2008-08-28,50.1473,50.2289,49.4257,50.2222,50.2222,32793289
2008-08-29,50.4215,50.4215,49.5006,49.5006,49.5006,35657392
2008-09-02,48.281,48.8072,47.8075,47.8327,47.8327,51220145
2008-09-03,47.6412,48.6244,47.6412,48.2684,48.2684,43665622
2008-09-04,48.0554,48.4678,46.83,47.1082,47.1082,52046706
2008-09-05,47.0188,47.2609,46.2086,46.7834,46.7834,45047910
2008-09-08,47.4865,47.9767,47.0188,47.4914,47.4914,50469613
2008-09-09,47.0606,47.6265,45.3246,45.3246,45.3246,62187167
2008-09-10,45.704,46.8913,45.4929,46.5528,46.5528,50735608
2008-09-11,46.127,46.8621,45.5435,46.7426,46.7426,57607935
2008-09-12,46.7172,48.067,46.7134,47.9435,47.9435,46304616
2008-09-15,46.3652,48.1935,45.3198,45.3198,45.3198,64938987
2008-09-16,44.536,47.4798,44.2422,47.2852,47.2852,67799191
2008-09-17,46.7688,48.9473,46.2913,46.5685,46.5685,70039738
2008-09-18,47.1996,48.1012,46.1211,48.1012,48.1012,77960964
2008-09-19,49.7914,50.7259,48.3919,49.2526,49.2526,95101571
2008-09-22,49.6124,50.6024,48.5786,48.8003,48.8003,51716639
2008-09-23,48.6058,49.7991,47.9941,48.0613,48.0613,45042086
2008-09-24,48.2247,49.1846,47.6449,48.2743,48.2743,44515294
2008-09-25,48.5854,50.2981,48.5592,49.9042,49.9042,58423528
2008-09-26,48.8918,50.1317,48.6302,49.8944,49.8944,46761350
2008-09-29,48.8208,49.4948,45.8177,45.8177,45.8177,93105627
2008-09-30,46.7834,48.6302,46.5005,48.0457,48.0457,67850896
2008-10-01,47.753,49.0153,46.3584,48.6128,48.6128,55503464
2008-10-02,48.1139,49.1271,47.292,47.9435,47.9435,71277679
2008-10-03,48.1644,50.5771,47.9767,48.2198,48.2198,71409282
2008-10-06,46.8009,47.9435,45.6125,47.8327,47.8327,106582764
2008-10-07,48.2568,49.418,46.377,47.0606,47.0606,101490002
2008-10-08,46.3068,49.1164,45.7768,47.6353,47.6353,121137224
2008-10-09,48.0048,48.5329,41.741,42.0677,42.0677,111093503
2008-10-10,39.5071,40.8696,34.9577,38.5803,38.5803,182435813
2008-10-13,40.1539,45.6174,39.5198,45.2138,45.2138,104829766
2008-10-14,46.4274,46.8068,42.5053,44.8276,44.8276,101401015
2008-10-15,43.7764,43.7764,37.9433,38.5725,38.5725,98994247
2008-10-16,39.1648,43.1103,36.6061,42.9653,42.9653,126242108
2008-10-17,41.4793,44.816,40.5837,42.0949,42.0949,94395853
2008-10-20,43.5342,46.4022,43.1472,46.3964,46.3964,72529697
2008-10-21,44.8229,45.984,42.8185,44.2364,44.2364,70778703
2008-10-22,42.5248,42.9099,39.5314,39.9476,39.9476,84198278
2008-10-23,40.7558,43.5459,39.8358,43.5459,43.5459,104540865
2008-10-24,39.6004,43.9116,39.5947,42.7106,42.7106,88301883
2008-10-27,41.81,43.9116,40.2093,40.888,40.888,78843683
2008-10-28,42.6085,46.6763,41.4842,46.3127,46.3127,111556350
2008-10-29,46.3214,48.2499,45.2001,46.1834,46.1834,101359493
2008-10-30,46.4022,46.8621,44.1975,46.4274,46.4274,90778670
2008-10-31,46.0103,47.858,45.3198,45.8537,45.8537,85405806
2008-11-03,45.4375,46.5082,44.851,45.9596,45.9596,57312125
2008-11-04,46.477,48.2295,46.4392,47.9407,47.9407,77915850
2008-11-05,47.1752,47.8444,45.064,45.5872,45.5872,73360217
2008-11-06,45.2371,45.704,42.9362,43.2852,43.2852,85299111
2008-11-07,43.6033,46.7621,43.6033,45.7486,45.7486,72241050
2008-11-10,46.4576,46.9176,45.0416,45.7905,45.7905,60467178
2008-11-11,45.7905,45.878,44.2928,44.9454,44.9454,67902136
2008-11-12,44.143,44.6789,42.4985,42.6424,42.6424,81642307
2008-11-13,43.0236,47.3299,41.7828,46.6482,46.6482,117513012
2008-11-14,45.6553,48.1012,44.4767,45.5795,45.5795,87245218
2008-11-17,45.4686,47.3037,45.1632,45.3947,45.3947,78668887
2008-11-18,45.4686,47.6265,45.1807,47.223,47.223,93253454
2008-11-19,47.1403,47.716,45.1934,45.4151,45.4151,92849195
2008-11-20,44.4425,46.6521,42.2486,42.3838,42.3838,124130380
2008-11-21,43.1725,47.1403,42.7776,46.8991,46.8991,136645979
2008-11-24,47.5197,49.6328,46.587,48.7488,48.7488,121210131
2008-11-25,48.4911,49.2215,46.6384,48.3219,48.3219,91487133
2008-11-26,47.8716,50.1317,47.3786,50.0461,50.0461,75489202
2008-11-28,49.4073,49.7642,48.9969,49.5794,49.5794,31757499
2008-12-01,48.1887,48.2431,45.9762,45.9762,45.9762,89848819
2008-12-02,46.7621,48.2568,46.3584,48.0126,48.0126,88348616
2008-12-03,47.1179,49.1456,46.8495,48.8266,48.8266,92876986
2008-12-04,47.9717,48.8724,46.4129,47.1879,47.1879,105642544
2008-12-05,46.8106,48.2431,44.9628,47.3942,47.3942,105072082
2008-12-08,48.6185,49.5327,48.3774,49.2459,49.2459,83317128
2008-12-09,48.884,49.2613,47.9505,48.3802,48.3802,76044715
2008-12-10,49.0066,50.551,48.7926,49.5327,49.5327,71150492
2008-12-11,49.6951,50.6763,49.1271,49.5055,49.5055,80884406
2008-12-12,48.281,50.1123,48.1575,49.7699,49.7699,71630207
2008-12-15,50.3097,50.4215,48.7839,49.4636,49.4636,70161221
2008-12-16,49.7428,51.7403,49.5327,51.4378,51.4378,94514280
2008-12-17,51.0819,51.4981,50.1473,50.1473,50.1473,82754258
2008-12-18,49.8371,50.0977,47.1403,47.6353,47.6353,96449187
2008-12-19,47.5099,48.4619,46.4129,46.4129,46.4129,110689165
2008-12-22,46.5266,46.9352,45.3295,46.3448,46.3448,66309030
2008-12-23,46.7085,47.2405,46.1026,46.4576,46.4576,52856977
2008-12-24,46.1659,47.0761,46.0599,46.8816,46.8816,18314872
2008-12-26,47.044,47.8833,47.044,47.753,47.753,27518006
2008-12-29,48.4299,48.5933,47.6898,48.2684,48.2684,36919019
2008-12-30,48.2684,48.9969,47.9941,48.6185,48.6185,40547820
2008-12-31,48.5106,49.8546,48.4377,49.3898,49.3898,48535558
2009-01-02,49.5327,50.795,48.8101,50.5091,50.5091,57874061
2009-01-05,50.2777,50.9885,49.9109,50.5014,50.5014,70056196
2009-01-06,50.8154,51.1821,49.2613,49.6757,49.6757,67732819
2009-01-07,49.0279,49.6066,47.9814,48.4104,48.4104,57004076
2009-01-08,48.2013,49.2273,48.1935,48.9278,48.9278,49730449
2009-01-09,48.8003,49.0279,47.8716,47.9874,47.9874,53115947
2009-01-12,47.9572,47.9572,47.0235,47.3533,47.3533,61545370
2009-01-13,47.3037,48.4678,47.3037,48.2052,48.2052,76095418
2009-01-14,47.6586,47.8288,45.98,46.4576,46.4576,77647865
2009-01-15,46.2146,47.4534,45.7827,47.4272,47.4272,89810728
2009-01-16,48.0214,48.5329,47.3416,48.317,48.317,73587431
2009-01-20,47.6849,48.6409,47.0188,47.1996,47.1996,68612679
2009-01-21,47.1752,49.1106,47.0188,49.0348,49.0348,69966376
2009-01-22,48.0613,48.8208,47.3854,48.3978,48.3978,64920321
2009-01-23,47.2667,48.7488,46.8816,47.9505,47.9505,58850590
2009-01-26,48.6758,49.594,48.1741,48.6244,48.6244,69115783
2009-01-27,48.424,49.1398,48.0214,48.8208,48.8208,62241275
2009-01-28,49.1029,49.2459,47.7209,49.0279,49.0279,73243319
2009-01-29,47.9941,48.2568,47.4155,47.6353,47.6353,62468391
2009-01-30,48.4104,48.8072,47.0188,47.3144,47.3144,83872775
2009-02-02,47.0557,47.7082,46.8068,47.4466,47.4466,58311607
2009-02-03,47.54,48.6457,47.4349,48.3296,48.3296,63941687
2009-02-04,48.5933,48.8072,47.6664,48.0457,48.0457,47838998
2009-02-05,47.9874,49.4442,47.2852,49.3567,49.3567,63965828
2009-02-06,48.7547,49.7914,48.6876,49.6999,49.6999,58807779
2009-02-09,49.7311,49.7991,48.6876,49.1719,49.1719,44855986
2009-02-10,49.0464,49.2459,46.8223,47.1082,47.1082,70792222
2009-02-11,47.399,47.4914,45.5386,46.1406,46.1406,77396018
2009-02-12,45.5084,46.5528,44.9775,46.5324,46.5324,69270516
2009-02-13,46.3964,46.7542,46.053,46.1474,46.1474,48888356
2009-02-17,44.9882,45.1068,44.0244,44.1003,44.1003,67594630
2009-02-18,44.2422,44.9035,44.0924,44.5038,44.5038,55482744
2009-02-19,44.4601,45.1399,44.3969,44.639,44.639,50486412
2009-02-20,43.8853,44.6789,43.4332,44.0691,44.0691,69197807
2009-02-23,44.6954,45.0416,42.7213,42.872,42.872,65126359
2009-02-24,43.1316,44.7217,43.0927,44.5972,44.5972,78984210
2009-02-25,44.1751,45.4637,43.615,44.571,44.571,89654186
2009-02-26,44.3969,45.458,43.8445,43.8931,43.8931,60130332
2009-02-27,43.1773,43.4448,42.0074,42.0074,42.0074,104932510
2009-03-02,41.4482,41.7137,40.1159,40.1539,40.1539,88557013
2009-03-03,40.7334,40.9095,39.6413,39.8184,39.8184,78377887
2009-03-04,40.5584,41.1672,40.0838,40.6333,40.6333,83264545
2009-03-05,39.7035,39.9554,38.4373,38.4918,38.4918,81057305
2009-03-06,38.9654,39.9632,38.2701,39.6131,39.6131,76096197
2009-03-09,38.9042,40.823,38.8983,39.9476,39.9476,69064371
2009-03-10,40.5778,41.7477,40.4213,41.6904,41.6904,83524952
2009-03-11,41.6855,42.0453,40.4271,40.6878,40.6878,60563018
2009-03-12,40.8355,41.7517,40.6576,41.5406,41.5406,65353508
2009-03-13,41.6904,41.8392,41.0602,41.5727,41.5727,56940307
2009-03-16,41.4725,42.2156,41.1876,41.4298,41.4298,54301306
2009-03-17,41.3296,42.836,41.0554,42.7436,42.7436,49850307
2009-03-18,42.3838,43.3028,41.3617,42.7922,42.7922,67713886
2009-03-19,43.5489,43.5702,42.0356,42.268,42.268,62394907
2009-03-20,42.4626,42.9585,40.6245,40.888,40.888,108722025
2009-03-23,41.4414,43.8114,41.3617,43.6286,43.6286,83648761
2009-03-24,43.0588,43.7308,42.7776,42.9216,42.9216,51913582
2009-03-25,43.118,44.0311,42.5385,43.402,43.402,59387579
2009-03-26,43.7238,44.2305,43.1968,44.0691,44.0691,60990800
2009-03-27,43.333,43.6752,42.8661,43.2902,43.2902,47705916
2009-03-30,42.4032,42.5928,41.81,42.4577,42.4577,52054057
2009-03-31,42.7106,42.8992,41.9082,42.1328,42.1328,66449549
2009-04-01,41.4725,42.9848,41.1448,42.8331,42.8331,63634668
2009-04-02,43.7589,44.0186,43.118,43.4575,43.4575,61675021
2009-04-03,43.1618,43.793,42.9362,43.5761,43.5761,43172851
2009-04-06,43.0977,43.5702,42.6921,43.333,43.333,43953916
2009-04-07,42.7066,42.8418,42.0882,42.5053,42.5053,45289274
2009-04-08,42.4168,43.0518,42.0016,42.6619,42.6619,42062980
2009-04-09,43.2708,43.5557,42.8418,43.2085,43.2085,43415633
2009-04-13,42.4626,42.7213,41.9198,42.0803,42.0803,45065123
2009-04-14,41.597,42.0269,41.0485,41.8849,41.8849,52856809
2009-04-15,41.8158,42.376,41.5922,42.1562,42.1562,39676155
2009-04-16,42.4451,42.4451,41.3336,41.703,41.703,45122655
2009-04-17,41.9734,42.1105,41.1915,41.2927,41.2927,52700965
2009-04-20,40.8414,41.0962,40.3221,40.3911,40.3911,51509183
2009-04-21,40.3911,41.0048,40.1344,40.9756,40.9756,52066833
2009-04-22,40.607,40.7334,39.9409,40.0604,40.0604,50189950
2009-04-23,40.4009,40.681,39.9049,40.6546,40.6546,47208466
2009-04-24,40.9619,41.4482,40.7752,41.1876,41.1876,52285480
2009-04-27,40.3911,41.2314,40.2413,40.9133,40.9133,42973605
2009-04-28,40.4329,41.9034,40.4329,41.4997,41.4997,44315529
2009-04-29,41.6466,42.4577,41.5154,42.3361,42.3361,46797302
2009-04-30,42.4626,42.5248,40.9697,41.2391,41.2391,56624590
2009-05-01,41.5319,42.1105,40.8813,42.0745,42.0745,44259556
2009-05-04,42.376,42.6279,41.8645,42.1951,42.1951,44148928
2009-05-05,42.1203,42.2623,41.5454,41.8528,41.8528,32173674
2009-05-06,42.0949,42.4364,41.7215,42.4217,42.4217,49790044
2009-05-07,42.6872,42.7106,41.8314,42.6424,42.6424,52590742
2009-05-08,42.9362,44.0691,42.9283,43.7988,43.7988,57996902
2009-05-11,43.2416,43.3397,42.8418,43.1103,43.1103,38098855
2009-05-12,43.4214,44.3093,43.2852,44.076,44.076,45508033
2009-05-13,43.5489,43.9193,43.2085,43.4214,43.4214,41787000
2009-05-14,43.2639,43.615,40.8297,43.4137,43.4137,34222574
2009-05-15,43.1316,43.4069,42.6872,43.0111,43.0111,42906969
2009-05-18,43.402,44.0381,43.2522,43.8737,43.8737,40064909
2009-05-19,43.7589,44.2656,43.6091,43.8853,43.8853,33504986
2009-05-20,44.1858,44.428,43.1618,43.3213,43.3213,45833836
2009-05-21,42.7679,42.9283,42.3128,42.5608,42.5608,38574763
2009-05-22,42.7066,43.3641,42.5608,42.836,42.836,29910696
2009-05-26,42.5608,43.5342,42.2623,43.4448,43.4448,47215380
2009-05-27,43.4389,43.9495,42.4217,42.5053,42.5053,36973425
2009-05-28,42.6551,43.4389,42.4032,43.0859,43.0859,44632856
2009-05-29,43.4389,43.7171,42.9099,43.1618,43.1618,53311800
2009-06-01,43.8513,44.8326,43.7171,44.6595,44.6595,51029001
2009-06-02,44.4601,45.56,44.4601,45.383,45.383,46034576
2009-06-03,45.0513,45.0873,44.39,44.8578,44.8578,47786879
2009-06-04,45.2264,45.4637,44.851,45.4151,45.4151,41633132
2009-06-05,45.5872,45.7439,44.8276,45.4092,45.4092,42550654
2009-06-08,45.1068,45.8575,44.8112,45.5386,45.5386,37113648
2009-06-09,45.7768,45.9393,45.0416,45.5036,45.5036,35225296
2009-06-10,46.0355,46.127,45.3295,45.9519,45.9519,43888009
2009-06-11,46.053,46.5685,45.5036,46.0851,46.0851,49580952
2009-06-12,45.6961,46.1523,45.4929,45.9179,45.9179,34856882
2009-06-15,45.208,45.4054,44.9628,45.312,45.312,44784788
2009-06-16,45.6427,45.6961,44.5486,44.5767,44.5767,38885870
2009-06-17,44.2238,44.6731,44.0837,44.4485,44.4485,48073882
2009-06-18,44.3278,44.8627,44.287,44.4601,44.4601,33315004
2009-06-19,44.7129,44.8112,43.8251,44.2179,44.2179,68701983
2009-06-22,43.6217,43.6695,42.7495,42.8418,42.8418,45572821
2009-06-23,43.1161,43.3397,42.6347,42.9099,42.9099,38798695
2009-06-24,43.1238,43.3271,42.4294,42.6007,42.6007,33508848
2009-06-25,42.5122,43.5828,42.3692,43.4876,43.4876,49622992
2009-06-26,43.3582,43.4332,42.8525,42.9732,42.9732,44623428
2009-06-29,43.2202,44.0497,43.0236,43.9252,43.9252,39097059
2009-06-30,43.9369,44.1683,43.0111,43.5071,43.5071,43911251
2009-07-01,43.9797,44.5038,43.8182,43.9116,43.9116,36218020
2009-07-02,43.296,43.3883,42.3176,42.623,42.623,36813018
2009-07-06,42.1173,42.411,41.2974,42.3838,42.3838,47845912
2009-07-07,42.0745,42.198,41.3043,41.4229,41.4229,40214405
2009-07-08,41.4229,41.7769,40.7607,41.2362,41.2362,48277077
2009-07-09,41.5727,41.6797,40.8958,41.0554,41.0554,36570125
2009-07-10,40.5156,40.6995,40.2968,40.5244,40.5244,41633232
2009-07-13,40.5584,40.9095,40.1159,40.888,40.888,50861661
2009-07-14,41.1954,41.2927,40.7402,41.2119,41.2119,36762123
2009-07-15,41.8217,42.6347,41.6272,42.5928,42.5928,47608999
2009-07-16,42.4451,42.8185,41.9948,42.6085,42.6085,37821434
2009-07-17,42.5053,42.7864,42.2272,42.6424,42.6424,41432851
2009-07-20,43.0111,43.1773,42.4032,42.9041,42.9041,34186247
2009-07-21,43.2036,43.8795,43.1472,43.857,43.857,40859443
2009-07-22,43.4876,44.0107,43.2639,43.5557,43.5557,39806840
2009-07-23,43.4516,44.6438,43.3953,44.5641,44.5641,43502085
2009-07-24,44.4105,45.0465,44.3482,44.9882,44.9882,29224976
2009-07-27,45.064,45.3033,44.6526,45.2751,45.2751,27856524
2009-07-28,44.7353,45.1205,44.2548,44.7401,44.7401,36968961
2009-07-29,44.2305,44.5486,43.7502,44.4532,44.4532,38690625
2009-07-30,43.7502,44.5097,43.5071,44.0107,44.0107,60745029
2009-07-31,43.7881,43.8737,43.2085,43.8047,43.8047,45104841
2009-08-03,44.1606,44.4348,43.7502,43.968,43.968,39770510
2009-08-04,43.7502,43.9621,43.5624,43.9369,43.9369,29880492
2009-08-05,43.865,43.8678,43.3213,43.5828,43.5828,32663142
2009-08-06,43.5702,43.5828,43.1968,43.3953,43.3953,27896806
2009-08-07,43.5702,43.8047,43.1618,43.2347,43.2347,28989642
2009-08-10,43.0179,43.3836,42.9585,43.0518,43.0518,26083363
2009-08-11,42.7562,42.8098,42.2895,42.4032,42.4032,27230580
2009-08-12,42.4626,43.2852,42.411,43.0111,43.0111,30824658
2009-08-13,43.0772,43.0772,42.4217,42.7864,42.7864,32515119
2009-08-14,42.6424,42.728,42.1027,42.4519,42.4519,30896149
2009-08-17,41.9228,41.9228,41.3918,41.4171,41.4171,39090714
2009-08-18,41.5094,41.5796,41.2362,41.3762,41.3762,34564760
2009-08-19,41.1293,42.4364,41.1293,42.3176,42.3176,45054764
2009-08-20,42.376,42.8029,42.2379,42.6872,42.6872,27713388
2009-08-21,43.2202,43.5624,43.0723,43.5148,43.5148,42042007
2009-08-24,43.5887,44.5923,43.5215,44.3736,44.3736,41124166
2009-08-25,44.6225,44.7401,43.9067,43.9865,43.9865,34028644
2009-08-26,43.5965,44.4767,43.5012,44.4153,44.4153,30165076
2009-08-27,44.2305,44.2928,43.5557,44.1003,44.1003,34377914
2009-08-28,44.3093,44.3093,43.5342,43.6383,43.6383,28467518
2009-08-31,43.2202,43.472,42.9099,43.0324,43.0324,39096140
2009-09-01,42.8992,43.2522,42.3887,42.5754,42.5754,39162472
2009-09-02,42.5385,42.8787,42.3945,42.4294,42.4294,26211869
2009-09-03,42.6142,42.7213,42.2156,42.48,42.48,24345133
2009-09-04,42.4577,43.1238,42.4032,43.0518,43.0518,24354151
2009-09-08,43.472,44.1683,43.3776,43.968,43.968,35295820
2009-09-09,44.0613,44.2179,43.6189,43.8737,43.8737,31576260
2009-09-10,44.0798,44.2112,43.8114,43.968,43.968,30813417
2009-09-11,44.1167,44.2364,43.4069,43.5489,43.5489,28071777
2009-09-14,43.0111,43.7424,42.9653,43.5624,43.5624,28092432
2009-09-15,43.6752,43.6752,43.2202,43.2473,43.2473,31294436
2009-09-16,43.4769,43.7988,43.0518,43.7764,43.7764,35505106
2009-09-17,43.5342,43.8445,43.4389,43.4662,43.4662,33721127
2009-09-18,43.7308,43.865,43.3641,43.5557,43.5557,69492434
2009-09-21,43.0324,43.3641,42.942,43.296,43.296,28897326
2009-09-22,43.5828,43.651,43.3776,43.4575,43.4575,23386255
2009-09-23,43.4827,43.7764,42.8457,42.942,42.942,33575018
2009-09-24,42.942,43.1676,42.5385,42.8992,42.8992,34638308
2009-09-25,42.8525,43.2785,42.5754,42.7562,42.7562,26440021
2009-09-28,42.8262,43.472,42.7163,43.3087,43.3087,21373460
2009-09-29,43.1676,43.3836,42.9099,42.9848,42.9848,23609319
2009-09-30,42.9283,43.0927,42.3429,42.6989,42.6989,43567505
2009-10-01,42.5608,42.6279,41.7517,41.8645,41.8645,40050447
2009-10-02,41.6797,41.7828,41.385,41.4346,41.4346,32895677
2009-10-05,41.5659,42.1834,41.1448,42.058,42.058,35113918
2009-10-06,42.3264,43.0032,42.1834,42.728,42.728,34006652
2009-10-07,42.6182,42.8992,42.2962,42.7348,42.7348,24588590
2009-10-08,42.9216,43.1238,42.7562,42.9732,42.9732,30897574
2009-10-09,42.9167,43.1103,42.7106,43.1103,43.1103,21759560
2009-10-12,43.2591,43.8737,43.2133,43.6432,43.6432,26084542
2009-10-13,43.7171,43.8047,43.2639,43.7238,43.7238,30832294
2009-10-14,44.0837,44.7353,44.0311,44.7081,44.7081,40621991
2009-10-15,44.5038,45.4296,44.5038,45.3947,45.3947,38708101
2009-10-16,45.2624,45.6495,44.9998,45.5036,45.5036,37850825
2009-10-19,45.525,46.0355,45.4296,45.8177,45.8177,32786890
2009-10-20,45.667,45.7671,45.0329,45.4443,45.4443,32216474
2009-10-21,45.2138,46.2408,45.1252,45.6212,45.6212,37116762
2009-10-22,45.4443,46.4576,45.4375,46.3282,46.3282,41799527
2009-10-23,46.2572,46.2572,45.4092,45.7827,45.7827,33210218
2009-10-26,45.9324,46.6259,45.5084,45.5745,45.5745,43591166
2009-10-27,45.6174,46.6763,45.6174,46.622,46.622,48756839
2009-10-28,46.377,46.6482,45.9519,45.9519,45.9519,42346159
2009-10-29,45.1632,46.053,44.8695,46.0268,46.0268,48279980
2009-10-30,45.6621,45.9393,44.2179,44.6049,44.6049,51629630
2009-11-02,44.8383,45.3363,44.287,44.9035,44.9035,32812510
2009-11-03,44.3833,44.995,44.287,44.6438,44.6438,32987232
2009-11-04,44.851,45.1399,44.2112,44.3736,44.3736,36616933
2009-11-05,44.7771,45.2751,44.5486,45.1205,45.1205,26067552
2009-11-06,44.6954,45.2371,44.4971,45.1701,45.1701,29219588
2009-11-09,45.4054,45.5386,45.0873,45.3363,45.3363,27004555
2009-11-10,45.0941,45.5745,45.0873,45.1865,45.1865,25220822
2009-11-11,45.458,45.6961,45.1399,45.3772,45.3772,23135072
2009-11-12,45.2323,45.4637,44.6273,44.746,44.746,26653549
2009-11-13,44.8383,45.5337,44.639,45.1,45.1,23237390
2009-11-16,45.8362,46.4732,45.6338,46.3214,46.3214,34263931
2009-11-17,46.5082,46.7765,46.3584,46.6958,46.6958,36829219
2009-11-18,46.83,46.9244,46.4936,46.8437,46.8437,26746896
2009-11-19,46.5324,46.6161,46.0851,46.4576,46.4576,27722593
2009-11-20,46.4576,46.5578,46.0696,46.2913,46.2913,30959854
2009-11-23,46.9497,47.2745,46.8758,47.1131,47.1131,30444877
2009-11-24,47.1131,47.292,46.5528,47.2784,47.2784,27510455
2009-11-25,47.2988,47.6353,47.0849,47.5906,47.5906,21321415
2009-11-27,46.4576,46.9108,46.2709,46.5947,46.5947,19451134
2009-11-30,46.3584,46.8913,46.2709,46.7172,46.7172,34444460
2009-12-01,47.2988,47.4466,46.8564,47.3231,47.3231,27919910
2009-12-02,47.2784,47.4865,46.8913,47.1655,47.1655,23760147
2009-12-03,47.0382,47.1471,46.622,46.6676,46.6676,28686295
2009-12-04,47.1082,47.2784,45.9956,46.2086,46.2086,38076662
2009-12-07,46.0219,46.5005,45.7992,45.912,45.912,28657585
2009-12-08,45.7244,45.7439,45.064,45.3995,45.3995,29714541
2009-12-09,45.4296,45.772,44.8695,45.3033,45.3033,27683364
2009-12-10,45.6281,45.7768,44.9376,45.0562,45.0562,37631175
2009-12-11,45.3635,45.525,45.0067,45.3246,45.3246,27522396
2009-12-14,44.0613,44.3736,43.1161,43.3718,43.3718,146921773
2009-12-15,43.5459,43.6286,42.8331,43.0451,43.0451,87433779
2009-12-16,43.3028,43.3135,42.5793,42.5851,42.5851,92711986
2009-12-17,42.5442,42.8525,42.4032,42.4577,42.4577,74893530
2009-12-18,42.6687,42.8185,42.0949,42.4519,42.4519,101161415
2009-12-21,42.6142,42.7864,42.4577,42.6347,42.6347,55288734
2009-12-22,42.7066,43.0723,42.6279,42.6746,42.6746,44896039
2009-12-23,42.7864,42.8029,42.4451,42.48,42.48,30463545
2009-12-24,42.5385,42.7864,42.4168,42.728,42.728,13094396
2009-12-28,42.7776,43.0179,42.7776,42.9906,42.9906,31646044
2009-12-29,43.1161,43.19,42.8185,42.8418,42.8418,32113736
2009-12-30,42.7622,42.9167,42.5608,42.7961,42.7961,31912818
2009-12-31,42.8418,42.8525,42.3887,42.4364,42.4364,30268791
2010-01-04,42.7679,43.1054,42.4364,43.0324,43.0324,44684669
2010-01-05,43.0588,43.2202,42.8185,43.2036,43.2036,48484684
2010-01-06,43.2202,43.9369,43.156,43.5761,43.5761,56310798
2010-01-07,43.5012,43.6033,43.2036,43.4389,43.4389,43658483
2010-01-08,43.3718,43.4069,43.0772,43.2639,43.2639,39991666
2010-01-11,43.5275,43.8853,43.3475,43.7502,43.7502,49284095
2010-01-12,43.3883,43.5557,43.2639,43.5342,43.5342,50601885
2010-01-13,43.541,43.5887,43.1054,43.3582,43.3582,39985202
2010-01-14,43.2785,43.402,43.1618,43.3641,43.3641,29936322
2010-01-15,43.3475,43.3718,42.7213,43.0111,43.0111,47105193
2010-01-19,42.7776,43.1618,42.5793,43.1103,43.1103,41624145
2010-01-20,42.6687,42.728,42.2739,42.3361,42.3361,55643025
2010-01-21,42.3945,42.411,41.385,41.5094,41.5094,62832623
2010-01-22,41.4541,41.7828,41.0757,41.137,41.137,62772950
2010-01-25,41.4171,41.5454,40.8813,40.9804,40.9804,47059904
2010-01-26,40.8482,41.5357,40.7607,41.0252,41.0252,54765677
2010-01-27,40.8619,41.1107,40.4523,40.7878,40.7878,57399183
2010-01-28,40.9804,40.9804,40.182,40.4271,40.4271,59985658
2010-01-29,40.5448,40.9619,39.8427,40.0965,40.0965,65630816
2010-02-01,40.9289,41.3296,40.6673,41.1876,41.1876,60516046
2010-02-02,41.5319,41.7721,41.3665,41.6709,41.6709,54725501
2010-02-03,41.6204,41.8392,41.4229,41.4482,41.4482,38602044
2010-02-04,41.2391,41.2927,40.2521,40.2783,40.2783,54401232
2010-02-05,40.2637,40.3911,39.5558,40.3279,40.3279,67961567
2010-02-08,40.3969,40.7558,40.0429,40.0469,40.0469,48976767
2010-02-09,40.5214,40.8958,40.1762,40.5778,40.5778,58236519
2010-02-10,40.5029,40.5894,39.9282,40.36,40.36,34864020
2010-02-11,40.2579,40.7509,40.0838,40.6021,40.6021,37846456
2010-02-12,40.2161,40.5398,40.0031,40.3279,40.3279,49227381
2010-02-16,40.7276,41.3121,40.5029,41.246,41.246,49018751
2010-02-17,41.2848,41.3549,40.8073,40.9231,40.9231,35031708
2010-02-18,40.9484,41.1293,40.6673,41.0485,41.0485,36207800
2010-02-19,40.8337,41.2255,40.7208,40.9941,40.9941,38988794
2010-02-22,41.137,41.1497,40.607,40.6995,40.6995,32866456
2010-02-23,40.6129,40.8015,39.9224,40.4145,40.4145,53624360
2010-02-24,40.4592,40.9941,40.3094,40.7928,40.7928,34496671
2010-02-25,40.2093,40.5584,40.0604,40.5398,40.5398,41245530
2010-02-26,40.6167,40.6995,40.4009,40.4523,40.4523,32310500
2010-03-01,40.6741,40.7878,40.5088,40.6995,40.6995,30167253
2010-03-02,40.8619,40.9435,40.5448,40.7558,40.7558,39887357
2010-03-03,40.9289,41.0554,40.6878,40.7208,40.7208,35783001
2010-03-04,40.6673,40.8414,40.5029,40.6995,40.6995,35286007
2010-03-05,41.0485,41.4006,40.9366,41.3665,41.3665,43124236
2010-03-08,41.5523,41.5659,41.2197,41.3723,41.3723,32609463
2010-03-09,41.281,41.8158,41.2119,41.5572,41.5572,46577434
2010-03-10,41.7973,41.9587,41.5572,41.8314,41.8314,39858037
2010-03-11,41.9393,42.0453,41.6855,41.8314,41.8314,31116979
2010-03-12,42.058,42.058,41.385,41.5727,41.5727,37532135
2010-03-15,41.491,41.5047,41.0125,41.2605,41.2605,35462863
2010-03-16,41.4171,41.4997,41.0757,41.4298,41.4298,56408281
2010-03-17,41.6409,42.1883,41.5727,41.9198,41.9198,62300379
2010-03-18,42.0074,42.1562,41.703,41.9393,41.9393,41658508
2010-03-19,42.2224,42.2486,41.3413,41.7215,41.7215,73207782
2010-03-22,41.3762,41.8217,41.2741,41.6797,41.6797,34375303
2010-03-23,41.6593,41.6855,41.3549,41.6661,41.6661,39759032
2010-03-24,41.4298,41.6097,41.2197,41.385,41.385,31739847
2010-03-25,41.5796,41.6466,41.2255,41.2605,41.2605,33897240
2010-03-26,41.35,41.6204,41.1808,41.4122,41.4122,49094408
2010-03-29,41.4842,41.9948,41.4414,41.8849,41.8849,41973644
2010-03-30,41.8158,41.8849,41.5659,41.7293,41.7293,28508486
2010-03-31,41.6593,41.8158,41.4482,41.6855,41.6855,35916810
2010-04-01,41.8645,42.1951,41.8158,42.0745,42.0745,31516852
2010-04-05,42.2224,42.5442,42.1435,42.4364,42.4364,33576683
2010-04-06,42.3361,42.5385,42.1951,42.2583,42.2583,30646640
2010-04-07,42.2272,42.2272,41.6797,41.9082,41.9082,39417853
2010-04-08,41.703,42.4577,41.6038,42.2321,42.2321,38460488
2010-04-09,42.3887,42.9283,42.3604,42.7922,42.7922,33900699
2010-04-12,42.8185,42.9732,42.6804,42.7622,42.7622,29196760
2010-04-13,42.6142,42.7922,42.3604,42.728,42.728,30814514
2010-04-14,42.7679,42.8331,42.5442,42.6989,42.6989,30171864
2010-04-15,42.6279,42.7679,42.411,42.48,42.48,26854964
2010-04-16,42.3945,42.7562,42.1378,42.2739,42.2739,54404213
2010-04-19,42.163,42.5928,42.0512,42.4626,42.4626,41269863
2010-04-20,42.7066,43.0772,42.6279,42.9216,42.9216,36934536
2010-04-21,42.942,43.2085,42.6746,42.8934,42.8934,33756317
2010-04-22,42.6424,42.7738,42.4577,42.6687,42.6687,34653057
2010-04-23,42.6279,43.1103,42.4294,43.0927,43.0927,39096375
2010-04-26,42.9362,43.2708,42.9099,43.118,43.118,0
2010-04-27,42.9469,43.5624,42.4451,42.4859,42.4859,58427956
2010-04-28,42.8584,43.2785,42.6989,43.0588,43.0588,53400088
2010-04-29,42.5851,43.3524,42.4683,42.728,42.728,75831075
2010-04-30,42.8787,43.1316,42.1504,42.1767,42.1767,70292595
2010-05-03,42.3887,42.4577,41.81,42.2224,42.2224,49386060
2010-05-04,41.7896,41.8576,41.0757,41.3665,41.3665,50819190
2010-05-05,41.067,41.6593,40.9697,41.1808,41.1808,48610215
2010-05-06,40.9562,41.2197,36.3815,39.7609,39.7609,92706871
2010-05-07,40.1412,40.4009,39.3505,39.6413,39.6413,110889414
2010-05-10,40.7139,40.9182,40.1539,40.5954,40.5954,61568069
2010-05-11,40.2161,40.4523,39.9739,40.1159,40.1159,47862757
2010-05-12,40.2268,40.6643,40.1412,40.3969,40.3969,40779448
2010-05-13,40.3697,40.6167,40.0284,40.29,40.29,43049416
2010-05-14,40.147,40.2851,39.1521,39.581,39.581,62344344
2010-05-17,39.6704,39.757,38.7476,39.3758,39.3758,51296588
2010-05-18,39.8581,39.9953,38.8488,39.0792,39.0792,55363739
2010-05-19,38.8682,39.1716,38.5882,38.8633,38.8633,59000784
2010-05-20,38.2418,38.3878,37.4697,37.5447,37.5447,91855026
2010-05-21,36.8181,37.9306,36.8181,37.8879,37.8879,84845335
2010-05-24,37.7897,37.9628,37.423,37.4609,37.4609,44744325
2010-05-25,36.7083,37.2022,36.3815,37.1595,37.1595,81184747
2010-05-26,37.39,37.6263,36.7928,36.9106,36.9106,54649608
2010-05-27,37.6515,38.305,37.4026,38.2487,38.2487,51255812
2010-05-28,38.094,38.379,37.5135,37.6263,37.6263,51544121
2010-06-01,37.5767,37.8772,36.8055,36.8727,36.8727,52956550
2010-06-02,37.0351,37.8383,36.861,37.8198,37.8198,46044786
2010-06-03,38.1038,38.5919,37.7138,38.3128,38.3128,52017835
2010-06-04,37.8004,37.9939,36.8989,37.0466,37.0466,72104898
2010-06-07,37.3277,37.5942,36.8424,36.9046,36.9046,45610039
2010-06-08,37.106,38.237,36.9552,38.1106,38.1106,77839199
2010-06-09,38.3245,38.3352,37.2304,37.3579,37.3579,50869646
2010-06-10,38.273,38.5882,38.063,38.5161,38.5161,52999027
2010-06-11,38.3878,38.5366,38.0756,38.5006,38.5006,34106128
2010-06-14,38.6211,38.8682,38.1621,38.1922,38.1922,39631068
2010-06-15,38.5239,38.9371,38.2701,38.9042,38.9042,39412268
2010-06-16,38.5647,38.9713,38.5239,38.9042,38.9042,33183190
2010-06-17,38.8488,39.0237,38.5521,38.9566,38.9566,37454869
2010-06-18,39.0714,39.438,38.8341,39.2699,39.2699,52618934
2010-06-21,39.8581,40.1412,39.1142,39.2863,39.2863,39973307
2010-06-22,39.2863,39.3331,38.4558,38.5463,38.5463,42011541
2010-06-23,38.4024,38.7476,37.9015,38.026,38.026,61150676
2010-06-24,37.849,38.0902,37.2568,37.384,37.384,54932650
2010-06-25,37.4328,37.4901,36.7792,36.7792,36.7792,189442014
2010-06-28,36.9106,36.962,36.3893,36.3893,36.3893,69060468
2010-06-29,36.0956,36.151,35.4722,35.6551,35.6551,84397285
2010-06-30,35.6784,35.9234,35.4245,35.5159,35.5159,70587698
2010-07-01,35.4605,35.6434,34.9577,35.232,35.232,76717604
2010-07-02,35.3808,35.4673,34.8157,35.2057,35.2057,52631035
2010-07-06,35.5811,35.8408,35.3302,35.76,35.76,59291458
2010-07-07,35.7037,36.3747,35.6366,36.3621,36.3621,67110476
2010-07-08,36.7997,36.8424,36.1783,36.5993,36.5993,64957054
2010-07-09,36.5945,36.7248,36.2803,36.5798,36.5798,41737439
2010-07-12,36.2745,36.68,36.221,36.68,36.68,37798864
2010-07-13,37.0904,37.1653,36.7432,36.9776,36.9776,48934414
2010-07-14,36.931,36.931,36.4826,36.8794,36.8794,41864882
2010-07-15,36.9397,37.0262,36.4632,36.8881,36.8881,39744565
2010-07-16,36.6187,36.7879,35.9769,36.0722,36.0722,57514720
2010-07-19,36.3017,36.5546,36.1578,36.3621,36.3621,33636302
2010-07-20,35.9021,36.7131,35.8933,36.6859,36.6859,38245446
2010-07-21,36.7997,36.7997,35.8436,36.2006,36.2006,43122251
2010-07-22,36.539,37.2082,36.505,36.9552,36.9552,43436609
2010-07-23,36.8794,37.2236,36.5945,37.1653,37.1653,30948232
2010-07-26,37.1526,37.6126,37.1099,37.5826,37.5826,32487818
2010-07-27,37.7265,37.9015,37.5826,37.8431,37.8431,35982964
2010-07-28,37.8333,38.13,37.7945,37.9063,37.9063,37737644
2010-07-29,38.2244,38.5103,37.5203,37.5524,37.5524,54249441
2010-07-30,37.4328,37.6574,37.0904,37.142,37.142,47166826
2010-08-02,37.7342,38.6124,37.7187,38.5463,38.5463,45111586
2010-08-03,38.5919,39.2007,38.5103,39.0345,39.0345,49901951
2010-08-04,39.1191,39.1375,38.7553,39.0345,39.0345,33797523
2010-08-05,38.7603,39.0286,38.4918,39.0286,39.0286,32109993
2010-08-06,38.5366,38.8983,38.1165,38.5647,38.5647,37078889
2010-08-09,38.9334,39.0014,38.6961,38.8633,38.8633,23659234
2010-08-10,38.4918,38.6911,38.2418,38.5424,38.5424,37258777
2010-08-11,37.6876,37.7517,37.4668,37.5826,37.5826,38979280
2010-08-12,37.1526,37.6876,37.0652,37.4833,37.4833,27237281
2010-08-13,37.318,37.6185,37.2159,37.284,37.284,23542120
2010-08-16,37.0904,37.4978,36.8727,37.2625,37.2625,22979211
2010-08-17,37.6515,38.063,37.4259,37.849,37.849,32328111
2010-08-18,37.7575,37.7897,37.1099,37.4328,37.4328,32233853
2010-08-19,37.2985,37.3783,36.6547,36.8989,36.8989,33994126
2010-08-20,36.7297,36.7617,36.4379,36.6499,36.6499,33756022
2010-08-23,36.7005,37.3743,36.6547,37.0301,37.0301,34262173
2010-08-24,36.6926,36.9981,36.5876,36.68,36.68,41184885
2010-08-25,36.5264,36.9659,36.3552,36.6616,36.6616,33679307
2010-08-26,36.8931,37.0301,36.3017,36.395,36.395,35855455
2010-08-27,36.5332,37.318,36.1258,37.2159,37.2159,45411842
2010-08-30,37.0652,37.2762,36.6926,36.717,36.717,26098966
2010-08-31,36.5624,37.0505,36.4067,36.7879,36.7879,43359967
2010-09-01,37.3656,37.9365,37.1653,37.9063,37.9063,42209555
2010-09-02,37.6438,38.0027,37.5708,38.0027,38.0027,29987263
2010-09-03,38.0902,38.3352,37.8071,38.1621,38.1621,35322853
2010-09-07,37.8772,38.0094,37.6185,37.6826,37.6826,31230001
2010-09-08,37.7517,38.1222,37.7342,37.8071,37.8071,27863868
2010-09-09,38.273,38.3284,37.9063,37.9939,37.9939,26553348
2010-09-10,38.1991,38.2614,37.9306,38.0902,38.0902,23278782
2010-09-13,38.2039,38.2846,37.6779,37.9628,37.9628,37182717
2010-09-14,37.8772,38.1748,37.8071,37.9676,37.9676,28878732
2010-09-15,37.8139,37.9793,37.5631,37.9628,37.9628,30158449
2010-09-16,37.8704,37.9578,37.6185,37.9433,37.9433,26401901
2010-09-17,38.0833,38.1514,37.7342,37.8276,37.8276,42496150
2010-09-20,37.9628,38.4714,37.9306,38.305,38.305,34989649
2010-09-21,38.3683,38.5239,38.1165,38.2983,38.2983,32980604
2010-09-22,38.3284,38.5882,38.2175,38.2418,38.2418,29116642
2010-09-23,37.9578,38.3187,37.9015,38.0551,38.0551,29057486
2010-09-24,38.2808,38.6659,38.1865,38.4315,38.4315,40330753
2010-09-27,38.5803,38.6318,38.3878,38.4024,38.4024,26733035
2010-09-28,38.3965,38.7476,38.13,38.6211,38.6211,30219155
2010-09-29,38.4432,38.5988,38.13,38.3284,38.3284,33997147
2010-09-30,38.5521,38.8594,38.2545,38.4558,38.4558,40744647
2010-10-01,38.7826,38.9451,38.4627,38.9227,38.9227,38821307
2010-10-04,38.908,39.0403,38.4831,38.7018,38.7018,27035733
2010-10-05,38.9518,39.4556,38.8526,39.368,39.368,40418670
2010-10-06,39.3175,39.7921,39.3175,39.7921,39.7921,34779748
2010-10-07,39.8037,39.83,39.438,39.7366,39.7366,31280721
2010-10-08,39.7113,40.1616,39.6004,40.0664,40.0664,35945642
2010-10-11,40.0547,40.3347,40.0225,40.1713,40.1713,22252828
2010-10-12,40.0225,40.3852,39.7852,40.2637,40.2637,33288195
2010-10-13,40.3523,40.6333,40.182,40.4758,40.4758,36250940
2010-10-14,40.4815,40.7334,40.3697,40.641,40.641,28564917
2010-10-15,40.8482,40.8531,40.3396,40.571,40.571,40975448
2010-10-18,40.571,41.4122,40.4699,41.246,41.246,36122949
2010-10-19,40.823,41.102,40.1976,40.5244,40.5244,40756922
2010-10-20,40.7461,41.3189,40.6673,41.0806,41.0806,32967212
2010-10-21,41.2537,41.5727,40.8531,41.2741,41.2741,34157529
2010-10-22,41.3918,41.4171,41.1565,41.2848,41.2848,21370860
2010-10-25,41.4997,41.5796,41.1739,41.1954,41.1954,26523822
2010-10-26,41.0485,41.4298,40.9562,41.4045,41.4045,28281023
2010-10-27,41.0437,41.067,40.5029,40.8696,40.8696,37506809
2010-10-28,41.3413,41.5094,41.1049,41.2119,41.2119,32763001
2010-10-29,41.1409,41.4229,41.069,41.3753,41.3753,30956660
2010-11-01,41.5727,41.8265,41.4648,41.6661,41.6661,35945439
2010-11-02,41.8965,42.4762,41.8265,42.2224,42.2224,42086065
2010-11-03,42.4364,42.4859,41.8965,42.3022,42.3022,42664908
2010-11-04,42.5696,43.3135,42.4985,43.1773,43.1773,50168622
2010-11-05,43.2133,43.5624,43.19,43.5624,43.5624,42578822
2010-11-08,43.2473,43.8251,43.2279,43.7647,43.7647,37924140
2010-11-09,43.7424,44.2548,43.6217,43.9573,43.9573,54500017
2010-11-10,44.1606,44.287,43.6587,44.2656,44.2656,40926746
2010-11-11,44.1858,44.746,44.0186,44.7022,44.7022,38203467
2010-11-12,44.4231,44.4348,43.8318,44.18,44.18,39499943
2010-11-15,44.1926,44.322,43.8386,43.865,43.865,30150473
2010-11-16,43.3271,43.4516,42.6687,42.9041,42.9041,44264425
2010-11-17,42.8418,43.1773,42.6687,42.9469,42.9469,28047769
2010-11-18,43.3475,43.8047,43.3397,43.7589,43.7589,29369735
2010-11-19,43.6919,43.9291,43.1676,43.9009,43.9009,38745952
2010-11-22,43.6217,43.7502,42.8098,43.6849,43.6849,30135486
2010-11-23,42.8185,43.0324,42.518,42.9283,42.9283,36397096
2010-11-24,43.0665,43.5624,43.0588,43.4876,43.4876,31068571
2010-11-26,43.1676,43.2085,42.8787,43.0859,43.0859,11769675
2010-11-29,42.8525,43.3397,42.5053,43.2202,43.2202,32166686
2010-11-30,42.66,43.4087,42.515,43.2921,43.2921,44209421
2010-12-01,43.7988,44.5272,43.7988,44.39,44.39,42698707
2010-12-02,44.3055,44.5972,44.1538,44.4844,44.4844,34184770
2010-12-03,44.1926,44.3736,44.1167,44.3055,44.3055,31260936
2010-12-06,44.3093,44.5573,44.2238,44.3774,44.3774,25679235
2010-12-07,44.7645,44.9172,44.4485,44.4717,44.4717,38062192
2010-12-08,44.7285,44.9454,44.4844,44.7129,44.7129,36402791
2010-12-09,44.8383,44.8996,44.39,44.8112,44.8112,28869439
2010-12-10,44.8112,44.9172,44.571,44.9172,44.9172,28436717
2010-12-13,45.064,45.2751,44.8443,45.0329,45.0329,34017583
2010-12-14,44.9531,45.1205,44.7645,44.9172,44.9172,33142423
2010-12-15,44.7285,44.9998,44.6789,44.7129,44.7129,33685727
2010-12-16,44.7606,45.0124,44.5437,44.9454,44.9454,29747164
2010-12-17,44.8919,45.0513,44.6731,44.9122,44.9122,58979237
2010-12-20,44.9591,45.1205,44.7353,44.9454,44.9454,25760764
2010-12-21,45.0756,45.4092,44.9531,45.2566,45.2566,34985226
2010-12-22,45.3888,45.4296,45.2138,45.3091,45.3091,23470470
2010-12-23,45.3947,45.5541,45.3246,45.5541,45.5541,18303262
2010-12-27,45.312,45.6174,45.312,45.4375,45.4375,15676678
2010-12-28,45.5541,45.7768,45.4054,45.6903,45.6903,23175743
2010-12-29,45.6884,45.8557,45.6446,45.664,45.664,18956987
2010-12-30,45.6144,45.7506,45.4637,45.6582,45.6582,17338020
2010-12-31,45.5318,45.7506,45.4423,45.5016,45.5016,24541778
2011-01-03,45.878,46.5461,45.8313,46.3964,46.3964,37466063
2011-01-04,46.4936,46.6434,46.3127,46.6161,46.6161,32182403
2011-01-05,46.4644,46.5947,46.1406,46.4878,46.4878,26594497
2011-01-06,46.6161,46.9419,46.4732,46.7902,46.7902,36194429
2011-01-07,46.8068,47.2337,46.7309,47.044,47.044,31004255
2011-01-10,46.83,46.8437,46.4129,46.7542,46.7542,33368192
2011-01-11,46.689,47.2084,46.689,47.1082,47.1082,25395668
2011-01-12,47.2609,47.6849,47.0946,47.6586,47.6586,27897762
2011-01-13,47.7015,47.8075,47.2852,47.7413,47.7413,32839081
2011-01-14,47.716,48.5427,47.608,48.4434,48.4434,37726457
2011-01-18,48.4104,49.0698,48.3705,48.9842,48.9842,38322610
2011-01-19,48.9356,49.1194,48.6244,48.6914,48.6914,35055950
2011-01-20,48.5329,48.6409,47.7773,48.3861,48.3861,46775961
2011-01-21,48.6758,49.2273,48.5786,49.1524,49.1524,40306056
2011-01-24,49.0698,49.275,48.6001,48.9084,48.9084,38751949
2011-01-25,48.6798,49.1583,48.498,48.9667,48.9667,34749894
2011-01-26,48.9842,49.6999,48.8471,49.5754,49.5754,41022410
2011-01-27,49.6892,49.7748,49.3781,49.7116,49.7116,27321882
2011-01-28,49.6484,49.7174,49.0843,49.1583,49.1583,42254746
2011-01-31,49.7369,50.2961,49.1738,50.2125,50.2125,55448049
2011-02-01,50.4954,52.2518,50.4332,52.2187,52.2187,65579813
2011-02-02,52.0203,52.2645,51.8162,51.9075,51.9075,29207330
2011-02-03,51.6917,51.995,51.3163,51.927,51.927,31569860
2011-02-04,51.8102,51.9776,51.5623,51.8269,51.8269,26605036
2011-02-07,51.9337,52.2762,51.8804,52.2313,52.2313,24590809
2011-02-08,51.9649,52.0602,51.4321,51.6411,51.6411,28060952
2011-02-09,51.3056,51.5166,50.8903,51.3746,51.3746,25533842
2011-02-10,50.8339,51.8472,50.7901,51.7792,51.7792,33793276
2011-02-11,51.1762,51.9075,51.1762,51.5409,51.5409,25699453
2011-02-14,51.1003,52.9705,50.9661,52.844,52.844,53161460
2011-02-15,52.7682,52.8305,51.4485,51.6343,51.6343,41235605
2011-02-16,51.6917,52.1906,51.5691,52.0806,52.0806,26765670
2011-02-17,52.2586,52.2586,51.6868,52.2022,52.2022,28683904
2011-02-18,52.2187,52.5883,51.9649,52.5883,52.5883,36681821
2011-02-22,52.8811,53.9585,52.7284,53.1727,53.1727,51483154
2011-02-23,53.52,54.9107,53.1912,54.1871,54.1871,61976656
2011-02-24,54.2688,54.4711,53.1854,53.4995,53.4995,45873405
2011-02-25,53.3906,53.6706,53.0794,53.1105,53.1105,35578430
2011-02-28,53.4432,53.8681,53.2059,53.2291,53.2291,39659077
2011-03-01,53.7757,53.833,52.7118,52.775,52.775,36926966
2011-03-02,52.6437,53.096,51.995,52.9482,52.9482,27990748
2011-03-03,53.1854,53.4908,52.9297,53.4082,53.4082,27546733
2011-03-04,53.4723,53.52,52.7118,52.9482,52.9482,32157591
2011-03-07,53.4207,53.5715,52.707,52.7215,52.7215,29020352
2011-03-08,52.7215,52.9705,52.1205,52.6476,52.6476,28356854
2011-03-09,52.352,52.6184,52.0009,52.5135,52.5135,21372384
2011-03-10,52.0535,52.1497,50.5353,50.6462,50.6462,41775517
2011-03-11,50.4215,51.5972,49.8488,51.1053,51.1053,28285808
2011-03-14,50.8271,51.4321,50.6968,51.2687,51.2687,26343299
2011-03-15,49.8944,51.0877,49.6328,50.652,50.652,37285152
2011-03-16,50.551,50.9136,49.0406,49.3567,49.3567,53726721
2011-03-17,50.0267,50.7211,49.9323,50.5071,50.5071,35273835
2011-03-18,50.8903,51.2365,50.3146,50.3146,50.3146,46475428
2011-03-21,50.9496,51.8589,50.9438,51.5546,51.5546,29262906
2011-03-22,51.714,51.7977,51.2365,51.3795,51.3795,26074383
2011-03-23,51.4378,51.6567,51.0313,51.4048,51.4048,24737999
2011-03-24,51.5166,51.9494,51.3746,51.4874,51.4874,27350124
2011-03-25,51.6664,52.2313,51.5409,52.0398,52.0398,26519084
2011-03-28,52.1906,52.2839,51.9337,51.9494,51.9494,23477421
2011-03-29,51.7723,52.209,51.4125,51.8102,51.8102,26160815
2011-03-30,52.1497,52.812,51.9727,52.5815,52.5815,25339509
2011-03-31,52.7488,52.8597,52.3403,52.3558,52.3558,24631108
2011-04-01,52.7682,52.7974,52.3812,52.7001,52.7001,24987518
2011-04-04,52.4405,52.8537,52.3199,52.8198,52.8198,21044395
2011-04-05,52.6797,53.4868,52.6224,53.162,53.162,27524834
2011-04-06,53.3536,53.4538,52.8741,53.0113,53.0113,21396973
2011-04-07,52.9968,53.3925,52.8431,53.375,53.375,25751737
2011-04-08,53.52,53.658,53.1241,53.4908,53.4908,25612658
2011-04-11,53.4908,53.6153,52.7643,52.9958,52.9958,20919096
2011-04-12,52.4229,52.4288,51.4456,51.7656,51.7656,33272347
2011-04-13,52.0155,52.244,51.3795,51.7549,51.7549,23265902
2011-04-14,51.2687,52.1779,51.2687,51.927,51.927,25239337
2011-04-15,52.1497,52.5678,51.8804,52.455,52.455,27366180
2011-04-18,51.7792,52.2762,51.3056,51.714,51.714,23892596
2011-04-19,51.6343,52.2712,51.6343,52.1497,52.1497,20534384
2011-04-20,52.9297,53.3225,52.8198,53.3031,53.3031,24722144
2011-04-21,53.379,53.7884,53.2486,53.7465,53.7465,20540291
2011-04-25,53.7018,53.833,53.4538,53.658,53.658,15807027
2011-04-26,53.8058,54.4457,53.6814,54.4049,54.4049,28744517
2011-04-27,54.4439,54.7025,53.7018,54.6276,54.6276,28580258
2011-04-28,54.155,54.4536,53.8516,54.3543,54.3543,30056795
2011-04-29,54.4069,54.7647,54.1588,54.757,54.757,27871300
2011-05-02,54.8309,54.8455,53.8136,54.1259,54.1259,29945949
2011-05-03,53.8876,54.0051,52.9219,53.2855,53.2855,29562897
2011-05-04,53.0152,53.2729,52.2216,52.7789,52.7789,36720640
2011-05-05,51.9776,52.2732,50.7785,51.4164,51.4164,44143485
2011-05-06,51.8219,52.3394,50.9379,51.4573,51.4573,42308172
2011-05-09,51.6605,52.104,51.1335,51.7656,51.7656,29320569
2011-05-10,51.7014,52.1302,51.3396,51.8667,51.8667,28440708
2011-05-11,51.6712,51.7539,50.3447,50.7687,50.7687,38608962
2011-05-12,50.4575,51.0653,49.7059,50.7259,50.7259,34866710
2011-05-13,50.8786,51.1781,50.2066,50.6141,50.6141,28166458
2011-05-16,50.2066,50.864,50.1434,50.2202,50.2202,26245082
2011-05-17,50.0627,50.5644,49.8195,50.3253,50.3253,28889985
2011-05-18,50.6199,51.4923,50.3399,51.1587,51.1587,28641903
2011-05-19,51.4923,51.6858,50.9088,51.5273,51.5273,24347224
2011-05-20,51.3086,51.4777,50.6336,51.0527,51.0527,30352541
2011-05-23,50.2066,50.7026,50.1143,50.4887,50.4887,26036101
2011-05-24,50.7259,51.3951,50.6568,50.8786,50.8786,25372641
2011-05-25,50.6763,51.6547,50.5947,51.2978,51.2978,30958304
2011-05-26,51.0702,51.679,50.8154,51.5672,51.5672,26974846
2011-05-27,51.784,52.0291,51.4164,51.714,51.714,19089671
2011-05-31,52.1205,52.4161,51.7723,52.2401,52.2401,37737861
2011-06-01,52.2916,52.3558,51.1723,51.3396,51.3396,31183338
2011-06-02,51.1781,51.5224,50.4769,50.9019,50.9019,28987087
2011-06-03,50.2202,51.1898,50.1843,50.8087,50.8087,27607943
2011-06-06,50.652,50.8154,50.121,50.2514,50.2514,25494646
2011-06-07,50.4518,50.7522,50.0521,50.0675,50.0675,25903874
2011-06-08,50.4518,51.2414,50.3953,50.545,50.545,37645892
2011-06-09,50.8436,51.1218,50.6695,50.8087,50.8087,28213412
2011-06-10,50.6637,50.6637,49.8954,49.9323,49.9323,30281195
2011-06-13,50.0675,50.4449,49.343,49.5861,49.5861,28521589
2011-06-14,50.1016,50.582,50.0326,50.3078,50.3078,26257873
2011-06-15,49.7758,49.9985,49.0483,49.2312,49.2312,34658092
2011-06-16,49.1846,49.7651,49.0269,49.5794,49.5794,30416952
2011-06-17,49.9761,50.0414,49.2506,49.4569,49.4569,40649284
2011-06-20,49.2264,50.0414,49.204,49.8915,49.8915,25290541
2011-06-21,50.2145,50.7687,50.0724,50.4255,50.4255,28548945
2011-06-22,50.1686,50.4887,49.8001,49.9586,49.9586,29723442
2011-06-23,49.2808,49.2885,48.3356,49.0922,49.0922,47955697
2011-06-24,49.1631,49.2107,48.0544,48.0544,48.0544,57940393
2011-06-27,48.1166,49.1174,48.0175,48.7682,48.7682,32900999
2011-06-28,49.1757,49.8556,49.0581,49.8381,49.8381,29396349
2011-06-29,49.9761,50.3836,49.5794,50.2251,50.2251,30183437
2011-06-30,50.3126,50.9535,50.2368,50.9321,50.9321,31835067
2011-07-01,50.8154,51.3775,50.4381,51.326,51.326,28824554
2011-07-05,50.8865,51.3941,50.8582,51.0683,51.0683,30116045
2011-07-06,50.9467,51.1053,50.6014,51.0507,51.0507,24033979
2011-07-07,51.4923,51.6984,51.2384,51.5467,51.5467,29339697
2011-07-08,51.0546,51.6557,50.9915,51.5827,51.5827,29293740
2011-07-11,50.8855,51.3882,50.7687,51.258,51.258,33084755
2011-07-12,51.0157,51.9571,51.0118,51.252,51.252,36162260
2011-07-13,51.4923,52.2343,51.3726,51.6206,51.6206,30372007
2011-07-14,51.9776,52.0155,51.3775,51.4709,51.4709,31011770
2011-07-15,51.5827,52.0019,51.4854,51.9494,51.9494,36233190
2011-07-18,51.503,51.8521,51.3726,51.7296,51.7296,27703636
2011-07-19,51.8881,52.422,51.8239,52.3384,52.3384,26227608
2011-07-20,52.4726,52.5027,52.0553,52.138,52.138,20452530
2011-07-21,52.4872,53.3488,52.4151,53.2106,53.2106,34060822
2011-07-22,53.3244,53.4568,52.913,53.3332,53.3332,21011396
2011-07-25,52.6982,53.2788,52.6982,52.9287,52.9287,22375803
2011-07-26,52.9879,53.2602,52.6,52.8061,52.8061,25922736
2011-07-27,52.4443,52.7274,52.0971,52.141,52.141,31651552
2011-07-28,51.1558,51.6032,50.792,50.9856,50.9856,39202989
2011-07-29,50.5616,50.618,49.9187,49.9402,49.9402,42458530
2011-08-01,50.582,50.8087,49.2808,49.8195,49.8195,36523188
2011-08-02,49.38,49.8284,48.7041,48.7187,48.7187,45363587
2011-08-03,48.7779,48.8811,47.8552,48.6419,48.6419,45334298
2011-08-04,47.9931,48.2703,46.0093,46.2163,46.2163,66871401
2011-08-05,46.9478,47.4379,45.1088,46.8272,46.8272,75349256
2011-08-08,45.524,45.9675,43.7462,43.9291,43.9291,93945360
2011-08-09,44.3064,44.9823,41.953,44.8373,44.8373,98614372
2011-08-10,44.5641,44.7255,42.4985,42.8574,42.8574,75765524
2011-08-11,43.3494,45.6134,43.2376,45.0941,45.0941,79818911
2011-08-12,45.5882,46.053,45.1088,45.3606,45.3606,49405722
2011-08-15,46.0142,46.8602,45.8352,46.8028,46.8028,37082875
2011-08-16,46.2116,46.833,45.8828,46.3059,46.3059,41797499
2011-08-17,46.8028,47.0946,46.3059,46.7202,46.7202,28990002
2011-08-18,45.5337,45.8566,44.2315,44.6915,44.6915,56230357
2011-08-19,44.1449,45.3451,43.8912,43.9758,43.9758,55425834
2011-08-22,45.456,45.4627,43.8367,44.214,44.214,43162291
2011-08-23,44.4767,46.4916,44.4271,46.4071,46.4071,60347647
2011-08-24,45.9675,46.5324,45.5337,46.3302,46.3302,36111951
2011-08-25,46.3924,46.5685,44.9025,45.2167,45.2167,49047435
2011-08-26,44.6535,45.9889,44.2315,45.7633,45.7633,42799367
2011-08-29,46.1979,46.7571,45.98,46.6968,46.6968,30075967
2011-08-30,46.3633,46.8739,45.9753,46.5626,46.5626,35606082
2011-08-31,46.8467,47.1705,46.2076,46.6317,46.6317,46325285
2011-09-01,46.7144,47.1617,46.2738,46.3011,46.3011,37124186
2011-09-02,45.4258,45.7953,45.0494,45.4462,45.4462,33424616
2011-09-06,44.1888,44.9298,44.0438,44.8257,44.8257,40317269
2011-09-07,45.5084,46.4012,45.2031,46.4012,46.4012,36679567
2011-09-08,46.2358,46.833,45.698,45.8761,45.8761,35598752
2011-09-09,45.4677,45.7185,44.4707,44.7382,44.7382,44353484
2011-09-12,44.3133,45.2936,44.0186,45.2604,45.2604,41576983
2011-09-13,45.2118,45.3451,44.6119,45.1399,45.1399,36140027
2011-09-14,45.3325,46.4712,44.8306,45.7633,45.7633,41312257
2011-09-15,46.2602,46.6531,45.7875,46.6268,46.6268,34663924
2011-09-16,46.9478,47.0946,46.3487,46.9662,46.9662,54986887
2011-09-19,45.9324,46.6852,45.6757,46.4303,46.4303,31447362
2011-09-20,46.5384,47.2365,46.2659,46.6268,46.6268,32322900
2011-09-21,46.5451,46.8028,45.2517,45.3402,45.3402,37750929
2011-09-22,44.0623,44.3881,42.9469,43.6198,43.6198,68545086
2011-09-23,43.1258,44.1703,42.7961,43.6646,43.6646,42189858
2011-09-26,44.108,45.2936,43.7861,45.1827,45.1827,48107535
2011-09-27,46.1979,46.833,45.6222,45.9324,45.9324,42346932
2011-09-28,45.6291,46.8077,45.2702,45.4024,45.4024,41288272
2011-09-29,46.0647,46.6434,45.7817,46.5451,46.5451,43944706
2011-09-30,45.8411,46.9876,45.7603,45.7603,45.7603,49073632
2011-10-03,45.3917,46.0472,44.8257,44.8257,44.8257,49193718
2011-10-04,44.2558,46.0881,43.6053,45.8838,45.8838,57857714
2011-10-05,45.7817,46.622,45.4909,46.585,46.585,44805300
2011-10-06,46.1804,46.622,45.7573,46.5518,46.5518,39444873
2011-10-07,46.9147,46.9478,46.0093,46.3418,46.3418,37411114
2011-10-10,47.0295,48.0613,47.0295,48.0554,48.0554,32462625
2011-10-11,47.7423,48.3025,47.6965,48.0506,48.0506,28339249
2011-10-12,48.3482,48.9258,48.0749,48.6128,48.6128,35261452
2011-10-13,48.0194,48.3802,47.7783,48.1139,48.1139,30992923
2011-10-14,48.5738,49.2856,48.5524,49.2069,49.2069,28350114
2011-10-17,49.061,49.4481,48.5854,48.8082,48.8082,29890915
2011-10-18,48.8704,50.0909,48.5252,49.7009,49.7009,37879185
2011-10-19,49.4986,49.9187,49.0882,49.4101,49.4101,33183132
2011-10-20,49.3401,49.84,49.0328,49.5861,49.5861,35280194
2011-10-21,50.1424,50.5031,49.8837,50.4847,50.4847,44165247
2011-10-24,50.3487,50.7162,50.1191,50.5071,50.5071,31521154
2011-10-25,50.2961,50.7074,49.8001,50.0481,50.0481,37169503
2011-10-26,50.4994,51.2005,49.9479,51.0731,51.0731,43112776
2011-10-27,51.6557,51.786,50.8349,51.5827,51.5827,56327334
2011-10-28,51.0216,51.6528,50.6745,51.3328,51.3328,34527020
2011-10-31,50.8057,50.8057,49.1427,49.1923,49.1923,48598066
2011-11-01,47.7657,48.5766,47.5303,47.8425,47.8425,56894026
2011-11-02,48.1974,48.8811,48.1974,48.741,48.741,34555660
2011-11-03,49.2594,49.7699,48.7859,49.6805,49.6805,38858724
2011-11-04,49.1855,49.5201,48.7498,49.4646,49.4646,28877216
2011-11-07,49.6533,50.0763,49.2185,49.9908,49.9908,28550907
2011-11-08,50.2562,50.6258,49.8321,50.547,50.547,30013084
2011-11-09,49.3694,50.015,48.8169,49.0464,49.0464,38046516
2011-11-10,49.7699,50.0763,49.203,49.877,49.877,29443477
2011-11-11,50.4672,50.6675,50.2825,50.5227,50.5227,23870228
2011-11-14,50.4021,50.5431,49.6805,50.0451,50.0451,21429144
2011-11-15,49.9781,50.6053,49.7505,50.124,50.124,30722362
2011-11-16,49.5832,50.5431,49.4723,49.5901,49.5901,32137848
2011-11-17,49.5074,50.3399,48.8635,49.344,49.344,40953144
2011-11-18,49.5716,49.8643,48.8704,49.3694,49.3694,36441810
2011-11-21,48.5009,49.0056,48.2042,48.741,48.741,31872133
2011-11-22,48.4035,48.8635,48.0895,48.1857,48.1857,29839601
2011-11-23,47.5361,47.7335,47.2327,47.2667,47.2667,36801382
2011-11-25,47.2211,47.6576,46.833,46.833,46.833,16180520
2011-11-28,48.0623,48.4863,47.7423,48.0623,48.0623,31783754
2011-11-29,48.425,49.1174,48.2538,48.7547,48.7547,31173662
2011-11-30,49.6989,51.0342,49.6669,50.9768,50.9768,53490809
2011-12-01,50.8281,50.9234,50.3019,50.5674,50.5674,26831935
2011-12-02,51.1266,51.1714,50.4779,50.5674,50.5674,30704215
2011-12-05,51.258,51.4485,50.5733,50.9846,50.9846,28865069
2011-12-06,51.0993,51.7412,50.8855,51.219,51.219,31737629
2011-12-07,51.0867,51.8822,50.9234,51.3834,51.3834,30989134
2011-12-08,51.1771,51.2394,50.4157,50.618,50.618,29082980
2011-12-09,51.0993,51.8102,50.9165,51.5487,51.5487,34456115
2011-12-12,51.1626,51.3902,50.1998,50.7318,50.7318,28141716
2011-12-13,51.0867,51.8472,50.7901,51.0361,51.0361,34472882
2011-12-14,50.44,50.8087,49.8497,50.3457,50.3457,37753826
2011-12-15,50.656,51.0819,50.5616,50.7211,50.7211,28313333
2011-12-16,51.1714,51.2784,50.6258,50.8027,50.8027,52627457
2011-12-19,50.8503,50.9915,50.3088,50.4021,50.4021,25312365
2011-12-20,51.1626,51.9669,51.0867,51.9669,51.9669,33367478
2011-12-21,51.9796,52.8188,51.9669,52.6787,52.6787,30215517
2011-12-22,52.9432,53.7611,52.7905,53.4189,53.4189,31307101
2011-12-23,53.411,54.014,53.3693,54.0071,54.0071,16152419
2011-12-27,53.8507,54.2688,53.837,54.047,54.047,16005408
2011-12-28,53.9644,54.1481,53.2428,53.3488,53.3488,20143055
2011-12-29,53.2934,54.0772,53.2934,54.0422,54.0422,15865215
2011-12-30,53.9692,54.0539,53.589,53.7135,53.7135,15415030
2012-01-03,54.4818,54.9281,54.4409,54.5051,54.5051,32989574
2012-01-04,54.3719,54.5994,53.9313,54.5148,54.5148,25452918
2012-01-05,54.2833,54.4691,53.8185,54.3495,54.3495,27540212
2012-01-06,54.4536,54.5051,53.9391,53.9459,53.9459,25154860
2012-01-09,53.87,54.2756,53.8507,54.1862,54.1862,18405670
2012-01-10,54.5527,54.6355,54.1112,54.3272,54.3272,20639979
2012-01-11,53.9333,54.1269,53.5336,53.9196,53.9196,23408891
2012-01-12,53.483,53.8185,53.1962,53.7076,53.7076,27388297
2012-01-13,53.3351,53.8185,53.1231,53.7941,53.7941,24538750
2012-01-17,54.3426,54.5839,54.1269,54.3027,54.3027,24659384
2012-01-18,54.0597,54.8202,53.8428,54.7862,54.7862,26436419
2012-01-19,54.7171,55.289,54.3573,55.1548,55.1548,25851360
2012-01-20,55.1635,55.4464,54.9612,55.4464,55.4464,30327462
2012-01-23,55.4903,55.7323,55.1548,55.433,55.433,24219422
2012-01-24,55.1878,55.284,54.9224,55.2501,55.2501,19508750
2012-01-25,54.9846,55.3774,54.3806,55.2763,55.2763,28721179
2012-01-26,55.4806,55.5856,54.8289,54.9914,54.9914,24706980
2012-01-27,54.6355,54.8289,54.3543,54.3923,54.3923,25211187
2012-01-30,54.0422,54.1862,53.6094,54.1792,54.1792,28193531
2012-01-31,53.8185,54.0772,52.8976,53.0639,53.0639,42960817
2012-02-01,53.3877,53.588,52.846,53.2126,53.2126,35133812
2012-02-02,53.411,53.4519,52.7215,52.9394,52.9394,28435017
2012-02-03,53.3877,53.872,53.2661,53.8185,53.8185,25475664
2012-02-06,53.7455,54.4039,53.5471,54.3426,54.3426,23672387
2012-02-07,54.1209,54.7812,53.833,54.7171,54.7171,24959897
2012-02-08,54.6947,54.9398,53.9907,54.3689,54.3689,23166947
2012-02-09,54.3981,54.6053,53.9565,54.084,54.084,26793343
2012-02-10,53.5122,53.588,53.1124,53.4003,53.4003,24057143
2012-02-13,53.7184,53.9099,53.4577,53.7961,53.7961,18005980
2012-02-14,53.7961,53.979,53.4295,53.9565,53.9565,20341057
2012-02-15,53.979,54.1132,53.4704,53.6026,53.6026,21832366
2012-02-16,53.8078,54.5596,53.5773,54.4272,54.4272,23180991
2012-02-17,54.8649,54.8775,54.1132,54.5596,54.5596,26052077
2012-02-21,54.8396,55.2977,54.8289,55.1635,55.1635,24295589
2012-02-22,55.2918,55.5991,55.217,55.3871,55.3871,18805254
2012-02-23,55.2219,55.5457,55.1002,55.4533,55.4533,19467796
2012-02-24,55.675,55.7383,55.4464,55.6537,55.6537,16897531
2012-02-27,55.5602,55.9687,55.2977,55.5846,55.5846,20914966
2012-02-28,55.6098,55.7169,55.1518,55.5282,55.5282,22474867
2012-02-29,55.745,55.7528,54.9331,55.1207,55.1207,28710734
2012-03-01,55.1002,55.5535,55.0633,55.3318,55.3318,19833752
2012-03-02,55.2316,55.2812,54.7054,55.0108,55.0108,17806376
2012-03-05,54.9116,55.4932,54.7443,55.4464,55.4464,20092571
2012-03-06,54.897,55.1071,54.4332,54.7113,54.7113,25906299
2012-03-07,54.7862,54.8775,54.3097,54.6947,54.6947,56839851
2012-03-08,54.0996,54.4604,53.9274,54.0558,54.0558,29868455
2012-03-09,54.1501,54.2454,53.5608,53.7184,53.7184,26744748
2012-03-12,53.8273,54.6432,53.6094,54.5148,54.5148,29846938
2012-03-13,54.7307,55.394,54.5517,55.3482,55.3482,26435708
2012-03-14,55.1839,55.3318,54.6355,54.8143,54.8143,25403728
2012-03-15,54.7862,54.9281,54.3252,54.8591,54.8591,22793445
2012-03-16,54.9933,55.3707,54.7511,55.0808,55.0808,48636876
2012-03-19,54.8445,55.5535,54.8212,55.431,55.431,16902324
2012-03-20,55.0955,55.5009,55.004,55.1839,55.1839,21371156
2012-03-21,55.1771,55.1771,54.6529,54.8066,54.8066,22303960
2012-03-22,54.4671,54.7647,54.228,54.3758,54.3758,21789376
2012-03-23,54.3923,54.7862,54.1765,54.5148,54.5148,19707640
2012-03-26,54.9174,55.5991,54.8445,55.4581,55.4581,27207027
2012-03-27,55.5233,55.5991,55.1451,55.1966,55.1966,19630678
2012-03-28,54.9933,55.1071,54.2523,54.7113,54.7113,25352581
2012-03-29,54.3689,54.8834,54.1073,54.8523,54.8523,20714740
2012-03-30,55.1042,55.288,54.8552,55.2676,55.2676,20353410
2012-04-02,55.1839,55.8656,55.0011,55.4825,55.4825,21740023
2012-04-03,55.2812,55.2977,54.1618,54.6947,54.6947,27801814
2012-04-04,54.3573,54.3952,53.837,54.1521,54.1521,26855960
2012-04-05,53.8836,54.4078,53.7485,54.05,54.05,18760549
2012-04-09,53.4704,53.7562,53.3234,53.4519,53.4519,60438432
2012-04-10,53.3673,53.3673,52.177,52.3617,52.3617,31376523
2012-04-11,52.9617,53.1124,52.3481,52.6982,52.6982,24883739
2012-04-12,52.668,53.3556,52.4833,53.2729,53.2729,23957186
2012-04-13,52.8714,53.3294,52.7984,52.8547,52.8547,21745083
2012-04-16,53.0445,53.7747,52.9753,53.5336,53.5336,27503706
2012-04-17,53.9411,54.542,53.8895,54.4536,54.4536,22296681
2012-04-18,54.2027,54.8348,54.1765,54.6432,54.6432,20397039
2012-04-19,54.4886,54.7511,54.1501,54.3426,54.3426,25070245
2012-04-20,54.5148,54.7493,54.1832,54.3573,54.3573,27017952
2012-04-23,53.8642,54.758,53.7747,54.6053,54.6053,23848937
2012-04-24,54.5732,55.0496,54.5732,55.0011,55.0011,18255146
2012-04-25,55.217,55.5535,54.6228,55.3415,55.3415,28998744
2012-04-26,54.3426,54.9281,54.2591,54.8445,54.8445,27090995
2012-04-27,55.1207,55.2422,54.7754,54.8513,54.8513,16498161
2012-04-30,54.7764,55.3113,54.7151,55.0196,55.0196,18416977
2012-05-01,55.0965,55.7685,54.8825,55.463,55.463,21684922
2012-05-02,55.1587,55.218,54.6938,54.9281,54.9281,17433087
2012-05-03,55.0322,55.0496,54.365,54.577,54.577,15690860
2012-05-04,54.2367,54.365,53.7797,53.8895,53.8895,23627939
2012-05-07,53.7105,54.0305,53.5851,53.832,53.832,18859976
2012-05-08,53.3703,53.6882,52.8363,53.5443,53.5443,30767146
2012-05-09,52.914,53.5696,52.811,53.0881,53.0881,27350204
2012-05-10,53.4918,53.6337,52.9676,53.1504,53.1504,20627642
2012-05-11,53.0532,53.7611,52.9608,53.3177,53.3177,18798880
2012-05-14,52.7848,52.9083,52.5873,52.6903,52.6903,19756344
2012-05-15,52.6135,53.0804,52.3102,52.4774,52.4774,24568918
2012-05-16,52.5873,53.3498,52.4774,52.7195,52.7195,23439726
2012-05-17,52.7089,53.0026,52.4064,52.5543,52.5543,20306782
2012-05-18,52.8509,53.0755,51.9902,52.2722,52.2722,33894483
2012-05-21,52.2401,52.6943,52.0155,52.6379,52.6379,21399637
2012-05-22,52.703,53.1504,52.3024,52.5795,52.5795,21492666
2012-05-23,52.4774,52.6631,51.3046,52.6379,52.6379,27403226
2012-05-24,52.7964,53.1057,52.4259,53.0026,53.0026,29085151
2012-05-25,53.165,53.2272,52.4064,52.6631,52.6631,19881746
2012-05-29,53.0231,53.0231,52.177,52.5668,52.5668,24829592
2012-05-30,52.0213,52.2158,51.0663,51.1957,51.1957,30537086
2012-05-31,51.2501,51.4174,50.3068,50.4478,50.4478,60716644
2012-06-01,49.9625,50.405,49.7059,49.9926,49.9926,35648183
2012-06-04,50.1045,50.2066,49.5336,49.9382,49.9382,27604165
2012-06-05,49.7826,50.2309,49.4889,49.7875,49.7875,27614206
2012-06-06,50.2825,51.4844,50.1045,51.4436,51.4436,45253724
2012-06-07,51.9601,52.1195,51.5526,51.7723,51.7723,28692214
2012-06-08,51.3805,51.9173,50.9828,51.8686,51.8686,28288388
2012-06-11,52.3705,52.5163,51.4388,51.503,51.503,28108464
2012-06-12,51.8035,52.2985,51.7286,52.139,52.139,22072588
2012-06-13,51.9309,52.3802,51.5098,51.7354,51.7354,23531213
2012-06-14,51.8842,52.9335,51.7977,52.6943,52.6943,26406331
2012-06-15,52.9782,53.5443,52.7566,53.3945,53.3945,42625285
2012-06-18,52.9384,53.3703,52.8363,53.3254,53.3254,21640767
2012-06-19,53.7222,54.298,53.4538,54.2046,54.2046,32812861
2012-06-20,54.1521,54.7862,53.9323,54.5177,54.5177,36275684
2012-06-21,54.5625,54.7754,52.6447,52.6846,52.6846,52605383
2012-06-22,53.0492,53.3945,52.6846,52.6846,52.6846,132090152
2012-06-25,52.1118,52.2537,51.1878,52.1264,52.1264,36394719
2012-06-26,52.2985,53.235,52.1068,52.8694,52.8694,35620521
2012-06-27,53.1329,53.6716,53.0687,53.3828,53.3828,27146165
2012-06-28,53.0375,53.5501,52.6253,53.3177,53.3177,29831675
2012-06-29,54.3972,54.9894,54.19,54.9038,54.9038,38829938
2012-07-02,54.8202,54.8396,54.2425,54.756,54.756,22517870
2012-07-03,54.9807,55.3561,54.9359,55.3561,55.3561,15260132
2012-07-05,54.7502,55.2024,54.6325,54.9048,54.9048,16827967
2012-07-06,54.0646,54.5625,54.0247,54.4078,54.4078,20666158
2012-07-09,54.2289,54.2474,53.2671,53.6716,53.6716,34852370
2012-07-10,53.9478,54.1473,53.1426,53.3254,53.3254,21985299
2012-07-11,53.5647,54.3329,53.4072,54.1404,54.1404,28584122
2012-07-12,53.516,54.2474,53.4606,53.9732,53.9732,24261237
2012-07-13,54.1812,54.9048,54.0665,54.8396,54.8396,21262576
2012-07-16,54.4302,54.8056,54.3194,54.5712,54.5712,17564758
2012-07-17,54.6519,55.0663,53.9615,55.0069,55.0069,21912385
2012-07-18,54.757,55.3172,54.5829,55.3113,55.3113,22137043
2012-07-19,55.1907,55.4212,54.9331,55.3132,55.3132,23226115
2012-07-20,55.0975,55.2743,54.7103,55.1488,55.1488,26243547
2012-07-23,54.4078,54.8348,54.1083,54.6704,54.6704,21194045
2012-07-24,54.6714,54.7035,53.5744,54.2658,54.2658,21739559
2012-07-25,54.6257,54.8892,54.3194,54.6938,54.6938,25819108
2012-07-26,54.897,55.6284,54.7025,55.5126,55.5126,29847810
2012-07-27,55.5582,56.3617,54.8591,56.1146,56.1146,37542566
2012-07-30,56.0018,56.3538,55.8695,56.1797,56.1797,17430809
2012-07-31,56.0591,56.2439,55.6827,55.7207,55.7207,19039162
2012-08-01,55.8355,56.1146,55.2918,55.7635,55.7635,22306647
2012-08-02,55.2404,55.6604,54.8591,55.1042,55.1042,22646511
2012-08-03,55.8656,56.3918,55.6916,56.1729,56.1729,21792538
2012-08-06,56.1729,56.3821,56.0591,56.1146,56.1146,15008057
2012-08-07,56.3821,56.4598,56.2546,56.4083,56.4083,19325925
2012-08-08,56.2974,56.7818,56.2546,56.6407,56.6407,20050106
2012-08-09,56.7224,57.1396,56.5134,56.9568,56.9568,18913857
2012-08-10,56.6174,57.1474,56.2799,57.1133,57.1133,17264637
2012-08-13,56.8936,56.986,56.6805,56.9179,56.9179,13497185
2012-08-14,56.9383,57.2427,56.7662,56.9568,56.9568,13434667
2012-08-15,56.9509,57.2612,56.7711,56.8314,56.8314,13178679
2012-08-16,56.9509,57.3886,56.8022,57.2612,57.2612,17516979
2012-08-17,57.4051,57.4158,56.9335,57.0871,57.0871,17308626
2012-08-20,56.874,56.9714,56.5901,56.7944,56.7944,13648587
2012-08-21,56.9179,57.092,56.3529,56.4783,56.4783,16670137
2012-08-22,56.313,56.7711,56.1953,56.6543,56.6543,15733498
2012-08-23,56.6942,56.6942,56.1729,56.3821,56.3821,14969640
2012-08-24,56.2848,57.022,56.136,56.8606,56.8606,15116840
2012-08-27,56.874,56.9509,56.5784,56.663,56.663,12778359
2012-08-28,56.5493,57.0871,56.452,56.8936,56.8936,14940586
2012-08-29,56.874,56.9509,56.663,56.7662,56.7662,12972886
2012-08-30,56.4307,56.6543,56.1953,56.313,56.313,13806109
2012-08-31,56.5765,56.7292,56.2751,56.3781,56.3781,21960911
2012-09-04,56.3966,56.4783,55.8705,56.2614,56.2614,16418549
2012-09-05,56.5201,56.6096,56.2197,56.3966,56.3966,15661845
2012-09-06,56.7594,57.6395,56.7311,57.4703,57.4703,24334741
2012-09-07,57.6501,58.1189,57.6501,58.0684,58.0684,24194324
2012-09-10,58.0051,58.1189,57.731,57.7843,57.7843,16648333
2012-09-11,57.9604,58.0879,57.832,57.8729,57.8729,14477541
2012-09-12,57.8806,58.0567,57.7377,57.832,57.832,15458868
2012-09-13,57.9332,59.1294,57.7533,58.9115,58.9115,30774975
2012-09-14,59.0885,59.6701,58.927,59.6069,59.6069,33122755
2012-09-17,59.3608,59.7332,59.1206,59.356,59.356,18418078
2012-09-18,59.0458,59.5524,59.0243,59.1847,59.1847,16956292
2012-09-19,59.0769,59.2509,58.4885,58.4885,58.4885,25243855
2012-09-20,58.2104,59.212,58.1783,59.1021,59.1021,18951692
2012-09-21,59.4347,59.5591,59.179,59.3608,59.3608,30361044
2012-09-24,58.967,59.5466,58.9602,59.3345,59.3345,17071457
2012-09-25,59.4814,59.78,59.1138,59.2461,59.2461,21734756
2012-09-26,59.2782,59.4406,58.8308,58.9115,58.9115,17988266
2012-09-27,59.3025,59.5767,58.8891,59.2839,59.2839,16465508
2012-09-28,59.0739,59.1829,58.722,59.0545,59.0545,19368512
2012-10-01,59.2782,59.7332,59.1537,59.2831,59.2831,16017236
2012-10-02,59.4921,59.532,58.9466,59.2306,59.2306,14722843
2012-10-03,59.1847,59.2898,58.8727,59.2189,59.2189,15994231
2012-10-04,59.4716,59.7615,59.3579,59.5534,59.5534,17818984
2012-10-05,59.7927,60.0562,59.5591,59.7683,59.7683,15321453
2012-10-08,59.5105,59.9745,59.4396,59.851,59.851,13572949
2012-10-09,59.9482,60.2915,59.4814,59.4951,59.4951,21368825
2012-10-10,59.2831,59.4279,58.5556,58.7841,58.7841,23745057
2012-10-11,59.1352,59.3345,58.8755,58.8755,58.8755,15161540
2012-10-12,59.0964,59.2296,58.4496,58.7841,58.7841,15398440
2012-10-15,58.9922,59.212,58.469,59.0964,59.0964,16494132
2012-10-16,59.3414,59.7216,59.2831,59.6594,59.6594,14043998
2012-10-17,59.8101,60.4082,59.8053,60.31,60.31,16660484
2012-10-18,60.0387,60.4267,60.0387,60.3673,60.3673,18296985
2012-10-19,60.4267,60.4918,59.2519,59.5135,59.5135,24667275
2012-10-22,59.1994,59.5825,58.8191,59.5369,59.5369,17724788
2012-10-23,58.8474,59.0107,58.1278,58.2386,58.2386,21811459
2012-10-24,58.4174,58.5216,57.9721,58.045,58.045,17548312
2012-10-25,58.5264,58.6402,57.9148,58.4,58.4,16084552
2012-10-26,58.4836,58.8114,58.1278,58.5235,58.5235,17936736
2012-10-31,58.7851,59.0283,58.1918,58.8707,58.8707,22993645
2012-11-01,58.2823,59.1994,58.2493,59.1537,59.1537,24433257
2012-11-02,59.247,59.3763,58.1588,58.2949,58.2949,19735458
2012-11-05,58.1472,58.647,57.9255,58.5283,58.5283,17378394
2012-11-06,58.6743,59.4464,58.5965,59.1624,59.1624,18623409
2012-11-07,58.6411,58.6411,56.9918,57.3001,57.3001,29857395
2012-11-08,57.3613,57.4683,56.5522,56.5814,56.5814,21152074
2012-11-09,56.2809,57.1474,56.2809,56.6738,56.6738,20631570
2012-11-12,56.7098,56.9851,56.5056,56.7438,56.7438,13856700
2012-11-13,56.3704,57.1795,56.1739,56.1886,56.1886,18869188
2012-11-14,56.3635,56.6077,55.8082,55.9299,55.9299,22353255
2012-11-15,55.9424,56.2498,55.4776,55.9765,55.9765,21215758
2012-11-16,55.9366,56.349,55.2753,56.1788,56.1788,26785115
2012-11-19,56.7924,57.3136,56.5873,56.9704,56.9704,19869299
2012-11-20,56.8653,57.1056,56.3849,56.8586,56.8586,15832052
2012-11-21,57.0647,57.198,56.8459,57.1911,57.1911,21400276
2012-11-23,57.3448,57.8943,57.1911,57.8943,57.8943,18360241
2012-11-26,57.3915,57.5938,57.2058,57.587,57.587,25273357
2012-11-27,57.4441,57.5364,56.6922,56.7652,56.7652,18223006
2012-11-28,56.2439,57.3079,56.0669,57.2495,57.2495,24560164
2012-11-29,57.4314,57.6346,56.9452,57.2621,57.2621,17818678
2012-11-30,57.2281,57.4451,57.0677,57.2757,57.2757,23888644
2012-12-03,57.5442,57.5626,56.8411,56.9325,56.9325,16831788
2012-12-04,56.7837,57.1649,56.663,56.663,56.663,18435524
2012-12-05,56.7098,57.3613,56.6008,57.0073,57.0073,19571700
2012-12-06,57.0287,57.2222,56.6922,57.1824,57.1824,18584816
2012-12-07,57.2952,57.5987,57.0347,57.5743,57.5743,16323049
2012-12-10,57.5626,57.8,57.341,57.4518,57.4518,17772909
2012-12-11,57.5792,58.152,57.4441,57.8292,57.8292,19440707
2012-12-12,57.8943,58.7248,57.7776,58.1278,58.1278,22671031
2012-12-13,57.939,58.1278,57.3613,57.5626,57.5626,18915832
2012-12-14,57.1824,57.478,57.1328,57.2368,57.2368,20565150
2012-12-17,57.4246,57.7923,57.2495,57.7504,57.7504,24123264
2012-12-18,57.6705,58.3153,57.548,58.1967,58.1967,23693489
2012-12-19,58.1851,58.2327,57.4314,57.4732,57.4732,23228130
2012-12-20,57.4314,57.7923,57.1717,57.7639,57.7639,24297896
2012-12-21,57.0871,57.5743,56.5386,56.6855,56.6855,50882704
2012-12-24,56.6213,56.7438,56.4053,56.4822,56.4822,9825949
2012-12-26,56.6738,56.9772,56.2566,56.5814,56.5814,16524766
2012-12-27,56.5697,56.6922,55.7207,56.4443,56.4443,21942200
2012-12-28,55.9503,56.0758,55.2812,55.2987,55.2987,20557978
2012-12-31,55.2219,56.315,55.0409,56.2439,56.2439,30486284
2013-01-02,57.0473,57.6521,56.6922,57.6483,57.6483,24851013
2013-01-03,57.5296,57.7639,57.2904,57.5442,57.5442,20418780
2013-01-04,57.5072,57.8943,57.4246,57.8087,57.8087,17586003
2013-01-07,57.3866,57.5034,56.9052,57.1405,57.1405,18159093
2013-01-08,57.0686,57.4947,56.7195,57.4947,57.4947,21895657
2013-01-09,57.4451,57.5374,57.0258,57.2757,57.2757,16761624
2013-01-10,57.6725,58.1472,57.4255,57.8972,57.8972,20158534
2013-01-11,57.8155,58.2949,57.7504,58.2327,58.2327,17922267
2013-01-14,58.2191,58.3241,58.044,58.2104,58.2104,14783385
2013-01-15,57.9517,58.2327,57.8359,58.1783,58.1783,14150393
2013-01-16,57.939,58.1472,57.8788,58.1422,58.1422,14842622
2013-01-17,58.329,59.0954,58.2259,58.613,58.613,20622688
2013-01-18,58.5459,59.0204,58.3728,59.0019,59.0019,26465011
2013-01-22,58.6607,59.0954,58.6207,59.0827,59.0827,18309817
2013-01-23,58.8142,59.0545,58.7589,58.9367,58.9367,16784117
2013-01-24,59.0575,59.602,58.9709,59.3618,59.3618,17081319
2013-01-25,59.5077,59.6574,59.2179,59.6107,59.6107,17068785
2013-01-28,59.5698,59.5698,58.9816,59.2042,59.2042,17878840
2013-01-29,59.2695,59.7401,59.2635,59.6273,59.6273,18006954
2013-01-30,59.2461,59.604,58.7326,58.9135,58.9135,24077493
2013-01-31,58.933,59.2704,58.3153,58.4651,58.4651,24609493
2013-02-01,58.7725,58.8142,58.0674,58.5119,58.5119,24162836
2013-02-04,58.0986,58.2386,57.731,57.9283,57.9283,20539820
2013-02-05,58.4856,58.6081,58.1053,58.3153,58.3153,17973442
2013-02-06,58.0197,58.4146,56.2682,58.3465,58.3465,18110404
2013-02-07,58.3416,58.3465,57.2952,57.7144,57.7144,20586207
2013-02-08,57.8748,58.0722,57.6229,57.9487,57.9487,17450419
2013-02-11,57.7806,57.8826,57.5316,57.731,57.731,13402033
2013-02-12,57.7144,57.9556,57.4965,57.8525,57.8525,14912353
2013-02-13,57.8525,58.0538,57.7075,57.9867,57.9867,13671430
2013-02-14,57.7746,58.079,57.5889,57.8894,57.8894,20243580
2013-02-15,57.9235,57.9487,57.4187,57.7853,57.7853,24003369
2013-02-19,57.9041,58.472,57.796,58.4146,58.4146,18592424
2013-02-20,58.2949,58.7404,58.1412,58.1831,58.1831,21311231
2013-02-21,58.0674,58.2191,57.7853,57.9361,57.9361,16727950
2013-02-22,58.2191,58.3854,57.8175,58.3348,58.3348,15689216
2013-02-25,58.7793,58.9816,57.3545,57.3545,57.3545,23400983
2013-02-26,57.8748,58.1918,57.3915,57.8826,57.8826,23048950
2013-02-27,57.8748,58.6304,57.7533,58.5516,58.5516,17119543
2013-02-28,58.6441,58.7326,58.2249,58.5624,58.5624,22257679
2013-03-01,58.2503,58.65,58.152,58.4856,58.4856,17282786
2013-03-04,58.329,58.3688,57.8525,58.1724,58.1724,16812463
2013-03-05,58.5167,58.9572,58.3942,58.6022,58.6022,19989823
2013-03-06,58.5975,58.8259,58.2386,58.5711,58.5711,20236916
2013-03-07,58.6149,58.6996,57.9935,58.013,58.013,19737298
2013-03-08,58.2094,58.3552,57.7806,58.1831,58.1831,18198412
2013-03-11,58.2094,58.5624,57.9041,58.3076,58.3076,19047423
2013-03-12,58.4982,58.7988,58.2094,58.3076,58.3076,17539533
2013-03-13,58.2191,58.5303,58.0936,58.3728,58.3728,16116421
2013-03-14,58.472,58.7988,58.472,58.7472,58.7472,21066433
2013-03-15,58.3348,58.6022,58.0674,58.4466,58.4466,44720118
2013-03-18,58.0333,58.4603,57.9108,58.0538,58.0538,17668466
2013-03-19,58.1325,58.262,57.5636,57.9283,57.9283,18330606
2013-03-20,58.1724,58.3416,57.7464,57.9634,57.9634,17308845
2013-03-21,57.6297,57.9701,57.482,57.6589,57.6589,20564498
2013-03-22,57.8126,58.3942,57.7611,58.3942,58.3942,16493780
2013-03-25,58.5303,58.7929,57.9808,58.2191,58.2191,19726632
2013-03-26,58.472,59.0545,58.4389,58.9456,58.9456,18853434
2013-03-27,58.5711,59.3424,58.5119,59.2383,59.2383,18886274
2013-03-28,59.2782,59.4989,58.8492,58.93,58.93,26740635
2013-04-01,58.9456,59.5077,58.8464,59.3618,59.3618,14397752
2013-04-02,59.2461,59.458,59.0428,59.2383,59.2383,15278553
2013-04-03,59.2831,59.3997,58.7656,58.8142,58.8142,18651641
2013-04-04,58.9223,59.0739,58.3552,58.7083,58.7083,17710469
2013-04-05,57.8583,58.3416,57.8126,58.2094,58.2094,19529322
2013-04-08,58.2755,58.2755,57.6501,57.942,57.942,16841379
2013-04-09,58.0013,58.4262,57.9361,58.0538,58.0538,16446218
2013-04-10,57.8456,58.3076,57.6794,57.9935,57.9935,22671017
2013-04-11,58.1724,58.3785,57.7017,58.3465,58.3465,22906385
2013-04-12,58.1189,58.329,57.8175,58.1967,58.1967,17594495
2013-04-15,57.7387,57.9867,56.42,56.563,56.563,30024754
2013-04-16,57.021,57.0463,56.3004,56.6397,56.6397,22292855
2013-04-17,56.3781,56.4909,55.6021,56.2935,56.2935,26517142
2013-04-18,56.4268,56.9499,56.0971,56.6476,56.6476,22524148
2013-04-19,57.0726,57.2184,56.5251,57.1902,57.1902,28125957
2013-04-22,57.2952,57.7611,57.0861,57.6074,57.6074,17221881
2013-04-23,57.8048,58.5245,57.5081,58.4029,58.4029,23804465
2013-04-24,58.4924,58.7851,58.4321,58.4856,58.4856,19928932
2013-04-25,58.1325,58.1412,57.3215,57.5938,57.5938,24969971
2013-04-26,57.4255,57.731,57.2904,57.551,57.551,16504016
2013-04-29,57.7746,58.0936,57.5569,57.6872,57.6872,16966244
2013-04-30,57.7212,58.1967,57.3915,58.1967,58.1967,22296575
2013-05-01,57.8885,58.0986,57.2135,57.2281,57.2281,17765654
2013-05-02,57.5374,58.0986,57.3828,57.9634,57.9634,17326454
2013-05-03,58.2016,58.9816,58.152,58.8707,58.8707,19934524
2013-05-06,59.0204,59.4357,58.8142,59.2383,59.2383,16228974
2013-05-07,59.2635,59.6107,58.9572,59.6107,59.6107,16956933
2013-05-08,59.5437,60.0688,59.5329,59.9696,59.9696,20856544
2013-05-09,60.0173,60.2935,59.7187,59.9414,59.9414,20917144
2013-05-10,59.8403,59.8899,59.1274,59.3588,59.3588,16667986
2013-05-13,59.1343,59.3588,58.8901,59.3327,59.3327,14900657
2013-05-14,59.3638,60.0465,59.2782,59.9949,59.9949,15029195
2013-05-15,59.6876,60.1349,59.5369,60.0814,60.0814,15794370
2013-05-16,59.7907,60.1155,59.5961,59.7245,59.7245,15899215
2013-05-17,59.9696,60.5025,59.6147,60.4248,60.4248,19320584
2013-05-20,60.3255,61.0364,60.2254,60.9256,60.9256,18858245
2013-05-21,61.0209,61.5207,60.8342,61.1075,61.1075,19013595
2013-05-22,61.1269,61.5704,60.4549,60.7068,60.7068,29239421
2013-05-23,60.2935,60.8186,60.1613,60.4422,60.4422,23322217
2013-05-24,60.1718,60.4305,59.9239,60.2731,60.2731,19395254
2013-05-28,61.1969,61.3593,60.4248,60.8342,60.8342,23079969
2013-05-29,60.4248,60.8575,60.311,60.6358,60.6358,17559681
2013-05-30,60.5638,61.0296,60.3177,60.6407,60.6407,14792438
2013-05-31,60.5502,60.8303,59.568,59.5758,59.5758,27219864
2013-06-03,59.6147,60.2604,59.5825,60.2254,60.2254,21533911
2013-06-04,60.0416,60.2468,59.4084,59.7848,59.7848,18954119
2013-06-05,59.7148,60.0027,59.0088,59.036,59.036,19572340
2013-06-06,58.9048,59.4163,58.6052,59.4163,59.4163,23376433
2013-06-07,59.851,60.2545,59.5894,60.2215,60.2215,18991692
2013-06-10,60.5327,60.5424,59.8403,60.0027,60.0027,15752001
2013-06-11,59.5175,59.9502,59.4163,59.568,59.568,16309133
2013-06-12,60.0114,60.1349,58.9952,59.0944,59.0944,16498661
2013-06-13,59.0204,60.3907,59.0088,60.1409,60.1409,20505214
2013-06-14,60.0308,60.1204,59.4619,59.6477,59.6477,18463680
2013-06-17,59.9054,60.4305,59.7722,60.2604,60.2604,18270227
2013-06-18,60.1613,60.6203,60.096,60.5327,60.5327,16216082
2013-06-19,60.4422,60.7613,59.9239,59.9239,59.9239,21550073
2013-06-20,59.426,59.6088,58.469,58.6411,58.6411,32017229
2013-06-21,59.107,59.3588,58.5079,58.9213,58.9213,38730873
2013-06-24,58.5731,58.9367,57.9624,58.2628,58.2628,26808566
2013-06-25,58.9864,59.0146,58.2628,58.6801,58.6801,23987441
2013-06-26,58.8844,59.247,58.4281,59.1343,59.1343,21939348
2013-06-27,59.426,59.7061,59.2849,59.2908,59.2908,18753872
2013-06-28,59.568,60.1651,59.3763,59.9006,59.9006,34681930
2013-07-01,59.5232,60.0114,59.2403,59.4619,59.4619,20018695
2013-07-02,59.5105,59.9872,59.3444,59.6876,59.6876,18710853
2013-07-03,59.6799,59.8403,59.3588,59.7187,59.7187,8625803
2013-07-05,59.9872,60.3255,59.64,60.2983,60.2983,13542943
2013-07-08,60.558,60.9314,60.5181,60.7476,60.7476,18365488
2013-07-09,61.0044,61.5286,60.7476,61.4624,61.4624,19653913
2013-07-10,61.4255,61.5003,60.8273,61.1211,61.1211,18943571
2013-07-11,61.7678,61.7746,61.2679,61.4205,61.4205,24582318
2013-07-12,61.4061,61.5383,61.0617,61.5062,61.5062,17269176
2013-07-15,61.3642,61.5704,61.2961,61.4061,61.4061,12538752
2013-07-16,61.3642,61.55,61.0909,61.439,61.439,17332428
2013-07-17,61.6083,61.7289,61.334,61.5441,61.5441,14266727
2013-07-18,61.7678,62.4515,61.7094,62.151,62.151,16030112
2013-07-19,62.3552,62.7228,62.1684,62.6703,62.6703,21921537
2013-07-22,62.4729,62.6877,62.4126,62.4456,62.4456,14478915
2013-07-23,62.464,62.8783,62.4515,62.6877,62.6877,11204058
2013-07-24,62.7617,62.7617,62.1753,62.5507,62.5507,12487089
2013-07-25,62.3552,62.7617,62.1753,62.539,62.539,15277226
2013-07-26,62.4067,62.464,61.7959,62.4193,62.4193,14765346
2013-07-29,62.2345,62.2404,61.6433,61.9184,61.9184,13433714
2013-07-30,62.0459,62.1169,61.5441,61.7746,61.7746,15903012
2013-07-31,61.8544,62.2919,61.4926,61.7328,61.7328,21873207
2013-08-01,61.0364,61.3049,60.0883,61.0617,61.0617,35103594
2013-08-02,60.8828,60.9314,60.1486,60.5502,60.5502,21833284
2013-08-05,60.2021,60.4248,59.9316,60.311,60.311,19173618
2013-08-06,60.1409,60.524,60.1097,60.2312,60.2312,17751616
2013-08-07,60.0416,60.2876,60.0114,60.1486,60.1486,12397527
2013-08-08,60.5327,60.5638,60.1097,60.4374,60.4374,17509121
2013-08-09,60.4724,60.5755,59.9599,60.1515,60.1515,14279216
2013-08-12,59.9599,59.9599,59.4678,59.602,59.602,15283595
2013-08-13,59.5758,59.6204,59.1051,59.2782,59.2782,16431544
2013-08-14,59.2383,59.3307,58.9466,58.9786,58.9786,14777170
2013-08-15,58.7861,58.9251,58.3873,58.4545,58.4545,17002640
2013-08-16,58.3562,58.6752,58.1161,58.2882,58.2882,17914508
2013-08-19,58.2318,58.262,57.5403,57.6336,57.6336,17713566
2013-08-20,57.7746,58.262,57.5733,57.5733,57.5733,24890860
2013-08-21,57.6521,57.9185,57.2826,57.3001,57.3001,19247083
2013-08-22,57.4071,57.9672,57.3215,57.6715,57.6715,15386855
2013-08-23,57.7843,58.1452,57.5267,58.0304,58.0304,13883663
2013-08-26,58.0168,58.1501,57.5685,57.7445,57.7445,16065137
2013-08-27,57.4343,58.012,57.4071,57.5685,57.5685,21054629
2013-08-28,57.8914,59.0059,57.8699,58.9066,58.9066,26758004
2013-08-29,58.7656,58.7656,57.8389,57.8642,57.8642,17205689
2013-08-30,58.3378,58.4466,57.939,58.1841,58.1841,18697080
2013-09-03,58.1501,58.3475,57.5783,57.7843,57.7843,15906381
2013-09-04,57.693,58.3348,57.6192,58.1909,58.1909,14824007
2013-09-05,58.3873,58.5498,57.9059,57.9185,57.9185,17704333
2013-09-06,58.012,58.1695,57.5549,57.8535,57.8535,19533139
2013-09-09,57.9118,58.4807,57.8914,58.3738,58.3738,14022214
2013-09-10,58.613,58.613,57.8699,58.2318,58.2318,17837024
2013-09-11,58.2687,58.9106,58.2687,58.9066,58.9066,16896927
2013-09-12,58.7404,58.8794,58.262,58.3348,58.3348,16466326
2013-09-13,58.4486,58.932,58.4486,58.613,58.613,12448707
2013-09-16,58.932,59.1323,58.6752,58.7929,58.7929,14235422
2013-09-17,58.8201,59.2461,58.7803,58.9719,58.9719,13489343
2013-09-18,58.9524,59.5894,58.5955,59.3958,59.3958,22828540
2013-09-19,59.4386,59.5038,58.999,59.1974,59.1974,17746372
2013-09-20,59.3628,59.5115,58.7404,58.7861,58.7861,31167149
2013-09-23,58.5419,58.9524,58.1101,58.1821,58.1821,18441996
2013-09-24,58.0762,58.3961,57.8699,57.9245,57.9245,18274066
2013-09-25,58.0762,58.0829,57.6424,57.7796,57.7796,20477021
2013-09-26,57.9507,57.9828,57.5597,57.729,57.729,14760599
2013-09-27,57.585,57.693,57.4265,57.6192,57.6192,16394709
2013-09-30,57.4508,57.8758,57.1512,57.4362,57.4362,26199959
2013-10-01,57.0152,57.2475,56.877,57.022,57.022,17927234
2013-10-02,56.8556,57.0939,56.5425,57.0764,57.0764,17859585
2013-10-03,57.0481,57.057,56.5863,56.6922,56.6922,21004568
2013-10-04,57.2271,57.3001,56.81,57.2349,57.2349,17081082
2013-10-07,56.7302,57.2155,56.5367,56.9549,56.9549,16568431
2013-10-08,56.9315,56.9918,56.6738,56.6992,56.6992,23141362
2013-10-09,56.5911,56.7545,56.2479,56.4656,56.4656,20449588
2013-10-10,56.7039,57.0481,56.2187,57.0481,57.0481,26456650
2013-10-11,56.9549,57.6521,56.6922,57.6521,57.6521,19095722
2013-10-14,57.3623,58.1763,57.3623,58.0829,58.0829,14691450
2013-10-15,57.9964,58.0703,57.4469,57.5471,57.5471,18132220
2013-10-16,58.0051,58.254,57.4994,57.8914,57.8914,17597529
2013-10-17,57.7746,58.0168,57.693,58.0051,58.0051,15729924
2013-10-18,58.1452,58.1763,57.8836,58.0499,58.0499,18739211
2013-10-21,58.0168,58.1161,57.5783,57.8389,57.8389,16184060
2013-10-22,57.8126,58.4486,57.7746,58.3348,58.3348,19176148
2013-10-23,58.0304,58.1161,57.6521,58.0898,58.0898,17273902
2013-10-24,58.3348,58.8328,58.3299,58.6275,58.6275,18547632
2013-10-25,58.5021,58.7803,58.2318,58.3299,58.3299,17166005
2013-10-28,58.2376,58.6528,58.0898,58.5021,58.5021,14963864
2013-10-29,58.647,59.0321,58.6421,58.967,58.967,15594433
2013-10-30,58.9913,59.3307,58.8075,58.8862,58.8862,21577976
2013-10-31,59.9405,60.7204,59.5456,59.8296,59.8296,28738741
2013-11-01,59.5038,59.7013,58.5274,59.5534,59.5534,28692689
2013-11-04,59.6739,61.1824,59.6739,61.0656,61.0656,31069488
2013-11-05,60.5657,61.8301,60.4968,60.9957,60.9957,31844730
2013-11-06,61.2786,61.8504,61.0831,61.8096,61.8096,20306122
2013-11-07,61.8417,62.0683,61.2591,61.3875,61.3875,24834896
2013-11-08,61.2816,61.9633,61.0686,61.903,61.903,18470466
2013-11-11,61.9817,62.2375,61.7503,62.0546,62.0546,11873831
2013-11-12,61.8641,62.2968,61.7503,61.8641,61.8641,16069259
2013-11-13,61.5635,61.9107,61.4614,61.8096,61.8096,13903075
2013-11-14,61.8698,62.364,61.8698,62.2307,62.2307,11835477
2013-11-15,62.8531,63.6146,62.7685,63.598,63.598,27522706
2013-11-18,64.0707,64.0872,63.459,63.7177,63.7177,21337743
2013-11-19,63.6855,63.9442,63.5261,63.7002,63.7002,19018789
2013-11-20,63.9209,64.0541,62.9951,63.2051,63.2051,15667760
2013-11-21,63.317,63.6778,63.1712,63.2119,63.2119,13674281
2013-11-22,63.3909,63.4668,62.9445,63.4269,63.4269,12794981
2013-11-25,63.5591,63.9209,63.3044,63.4785,63.4785,15752472
2013-11-26,63.2577,63.2917,62.8531,62.9309,62.9309,17762818
2013-11-27,62.9902,63.031,62.4048,62.6158,62.6158,13224353
2013-11-29,62.5176,62.8997,62.2842,62.4048,62.4048,10142068
2013-12-02,62.2648,62.7772,62.0313,62.431,62.431,13947634
2013-12-03,62.4845,63.0728,62.2375,63.0105,63.0105,18885150
2013-12-04,62.8755,63.352,62.6965,63.1964,63.1964,19585626
2013-12-05,62.7987,63.1837,62.6965,62.8384,62.8384,15858854
2013-12-06,63.3977,63.8918,63.1477,63.8499,63.8499,18069221
2013-12-09,64.0541,64.2535,63.8217,63.9793,63.9793,23247471
2013-12-10,64.0191,64.0707,63.6778,63.8918,63.8918,14782215
2013-12-11,63.6729,63.7799,62.857,62.925,62.925,19191724
2013-12-12,63.0826,64.0075,62.9367,63.6583,63.6583,23309275
2013-12-13,63.5057,64.0337,63.1906,63.6262,63.6262,15922789
2013-12-16,64.274,66.0069,64.1738,64.9011,64.9011,34786928
2013-12-17,64.7679,64.8409,64.1076,64.59,64.59,22345923
2013-12-18,65.0422,66.7227,64.7612,66.4495,66.4495,31956608
2013-12-19,66.4242,66.4903,66.0896,66.3774,66.3774,19332750
2013-12-20,66.3492,66.4903,65.8211,65.8757,65.8757,34952815
2013-12-23,66.0896,66.2821,65.6821,65.7599,65.7599,15176454
2013-12-24,65.6413,66.3823,65.6413,66.2355,66.2355,6244030
2013-12-26,66.3706,67.4405,66.3424,67.3539,67.3539,14282845
2013-12-27,67.5843,67.9189,67.4161,67.7673,67.7673,15297673
2013-12-30,67.7817,67.7964,66.9628,66.9628,66.9628,13495127
2013-12-31,67.0845,67.6855,67.0446,67.558,67.558,12747504
2014-01-02,67.1564,67.2604,66.3492,66.5904,66.5904,16522531
2014-01-03,66.6031,66.8725,66.184,66.4309,66.4309,13924695
2014-01-06,66.7149,66.8472,66.0147,66.5302,66.5302,17750994
2014-01-07,66.4971,67.5688,66.3706,67.4705,67.4705,16756331
2014-01-08,67.5513,67.5513,66.854,67.2497,67.2497,16747958
2014-01-09,66.8909,67.0124,66.111,66.5963,66.5963,17494964
2014-01-10,66.7499,67.1739,66.1703,67.1,67.1,15783619
2014-01-13,66.6935,66.8258,65.6004,65.7881,65.7881,18143121
2014-01-14,65.9563,66.2695,65.8543,66.1703,66.1703,13885883
2014-01-15,66.1956,66.321,65.8406,65.9418,65.9418,14121634
2014-01-16,65.9496,66.1187,65.5907,66.0478,66.0478,14113491
2014-01-17,66.2082,66.9814,65.8688,66.1956,66.1956,23964782
2014-01-21,65.7599,66.0147,65.4477,65.7541,65.7541,20743362
2014-01-22,66.0069,66.0555,65.3106,65.3437,65.3437,17448688
2014-01-23,64.9196,65.0149,64.094,64.734,64.734,23065321
2014-01-24,64.2535,64.2535,63.2984,63.317,63.317,21973788
2014-01-27,63.4668,63.8053,63.2518,63.3647,63.3647,18690076
2014-01-28,63.6516,64.0337,63.2645,63.8499,63.8499,16139615
2014-01-29,63.3724,64.2194,63.1837,63.49,63.49,19764569
2014-01-30,62.7539,63.385,62.1227,62.7442,62.7442,21918826
2014-01-31,61.9817,62.2716,61.2144,61.5207,61.5207,26022488
2014-02-03,61.3564,61.6228,59.8442,60.1155,60.1155,30530925
2014-02-04,60.3352,60.5093,59.672,60.095,60.095,26518664
2014-02-05,60.2808,60.4871,59.6672,59.7994,59.7994,24558033
2014-02-06,60.1768,60.626,60.0017,60.3693,60.3693,20303175
2014-02-07,60.5862,60.9294,60.3392,60.8984,60.8984,18788446
2014-02-10,60.8059,60.8615,60.0756,60.1855,60.1855,18208271
2014-02-11,60.2108,61.1814,60.1038,61.0715,61.0715,19967536
2014-02-12,61.1881,61.756,60.9363,61.233,61.233,15994471
2014-02-13,60.9052,61.6141,60.7757,61.4654,61.4654,14541930
2014-02-14,61.725,63.4832,61.582,63.2684,63.2684,27272622
2014-02-18,63.2431,63.6778,62.7636,63.2431,63.2431,19309837
2014-02-19,63.0602,64.06,63.0602,63.1614,63.1614,18188450
2014-02-20,63.0943,64.3838,63.0292,64.1163,64.1163,21456674
2014-02-21,64.1903,64.2573,63.8285,63.8879,63.8879,16787061
2014-02-24,64.2787,65.3778,64.1426,64.8361,64.8361,23849978
2014-02-25,64.9051,65.192,64.5161,64.7495,64.7495,15862454
2014-02-26,64.9178,65.1201,64.2244,64.3985,64.3985,13517647
2014-02-27,64.2573,64.5763,63.9774,64.4334,64.4334,13537477
2014-02-28,64.5161,65.0986,64.3915,64.7213,64.7213,18818719
2014-03-03,64.378,64.9051,63.7537,64.2048,64.2048,17696469
2014-03-04,64.8361,65.1201,64.4509,64.8895,64.8895,18691439
2014-03-05,64.0026,64.06,62.7938,63.0602,63.0602,29505437
2014-03-06,62.9746,63.1555,62.7042,63.035,63.035,18759029
2014-03-07,63.4832,63.9073,63.1896,63.8616,63.8616,18830426
2014-03-10,63.9617,64.2389,63.6399,64.2048,64.2048,14825889
2014-03-11,64.1126,64.2643,62.8726,63.2013,63.2013,18064420
2014-03-12,62.9532,63.5144,62.895,63.3373,63.3373,14436946
2014-03-13,63.49,63.5776,62.7451,62.9532,62.9532,14685077
2014-03-14,62.9144,63.3443,62.7189,62.8394,62.8394,17450444
2014-03-17,63.1614,63.5533,63.0292,63.4093,63.4093,12905304
2014-03-18,63.4706,64.0376,63.2431,63.6729,63.6729,13026011
2014-03-19,63.6321,64.0667,62.609,63.0145,63.0145,14720660
2014-03-20,62.8327,63.6942,62.5283,63.5854,63.5854,15476860
2014-03-21,63.9355,64.5326,63.4045,63.4045,63.4045,36416519
2014-03-24,63.7118,63.9355,63.5184,63.6262,63.6262,14189875
2014-03-25,63.9355,64.4207,63.7332,63.8062,63.8062,14576300
2014-03-26,64.2438,64.2573,63.4706,63.6661,63.6661,16411870
2014-03-27,63.6204,64.8739,63.2372,64.7008,64.7008,22947539
2014-03-28,64.8565,65.863,64.8565,65.6821,65.6821,18328004
2014-03-31,66.2141,66.4552,65.4293,65.6694,65.6694,18407448
2014-04-01,65.649,65.8378,65.401,65.7026,65.7026,14094067
2014-04-02,65.5694,65.9253,65.3339,65.8484,65.8484,14206549
2014-04-03,65.7696,66.2491,65.5917,65.8378,65.8378,15049521
2014-04-04,66.0857,66.3639,65.401,65.4516,65.4516,18587281
2014-04-07,65.3778,65.5694,65.0441,65.0626,65.0626,15062424
2014-04-08,65.2192,65.8056,65.0441,65.5168,65.5168,15247283
2014-04-09,65.7171,65.7443,64.9614,65.437,65.437,15565881
2014-04-10,65.1987,65.7395,64.695,65.0626,65.0626,20005999
2014-04-11,64.8807,65.51,64.728,65.0246,65.0246,19861146
2014-04-14,65.5412,65.9253,65.0393,65.7901,65.7901,14295406
2014-04-15,65.6004,66.3551,65.26,66.3414,66.3414,19279910
2014-04-16,66.5924,67.2965,66.536,67.1885,67.1885,18605093
2014-04-17,67.0213,67.8838,67.0213,67.5085,67.5085,22965531
2014-04-21,67.2497,67.8576,67.1564,67.8576,67.8576,11904807
2014-04-22,67.5843,67.806,67.3752,67.4774,67.4774,12215369
2014-04-23,67.6261,67.8712,67.4492,67.5639,67.5639,12927572
2014-04-24,67.5513,67.633,67.1349,67.2401,67.2401,13472961
2014-04-25,67.2245,67.6106,67.1808,67.5026,67.5026,15464105
2014-04-28,67.7147,68.2116,67.4335,68.0142,68.0142,18906493
2014-04-29,68.2885,68.9575,68.054,68.2068,68.2068,15010148
2014-04-30,67.9947,68.8554,67.7068,68.8554,68.8554,20774936
2014-05-01,68.5481,68.8408,68.0346,68.1785,68.1785,16600882
2014-05-02,68.0405,69.1832,67.8888,68.5792,68.5792,16614690
2014-05-05,68.3623,69.3281,68.2885,69.1832,69.1832,11325837
2014-05-06,68.974,69.4476,68.8554,69.0198,69.0198,14381975
2014-05-07,69.3203,69.5508,69.1005,69.3154,69.3154,16372828
2014-05-08,69.3047,69.4409,68.69,68.7932,68.7932,13272399
2014-05-09,68.8612,69.1597,68.5403,68.9993,68.9993,13221049
2014-05-12,69.2599,69.2735,68.7251,69.1929,69.1929,13046306
2014-05-13,69.1597,69.5226,68.9945,69.2794,69.2794,11123090
2014-05-14,69.2794,69.5032,69.1093,69.2356,69.2356,10340660
2014-05-15,69.1238,69.3203,67.912,68.2116,68.2116,20179619
2014-05-16,68.0823,68.3623,67.9062,68.1844,68.1844,15320011
2014-05-19,67.986,68.4383,67.9723,68.2729,68.2729,8644913
2014-05-20,68.1504,68.4158,67.9947,68.1338,68.1338,9071417
2014-05-21,68.2592,69.1832,68.1717,69.0538,69.0538,11446929
2014-05-22,68.9167,69.011,68.6843,68.7057,68.7057,7836712
2014-05-23,68.7386,68.9866,68.5481,68.5792,68.5792,7994692
2014-05-27,68.7786,68.974,68.3138,68.6074,68.6074,12350792
2014-05-28,68.5675,69.083,68.3944,68.4012,68.4012,11209010
2014-05-29,68.7329,68.8078,68.376,68.5481,68.5481,9032400
2014-05-30,68.2233,68.4635,67.9404,68.0405,68.0405,16996617
2014-06-02,68.0405,68.2816,67.4627,67.6455,67.6455,11468182
2014-06-03,67.4103,68.1504,67.4103,67.9539,67.9539,13864398
2014-06-04,67.8303,68.0016,67.6572,67.7147,67.7147,10569509
2014-06-05,67.7506,68.2467,67.6572,68.054,68.054,18166932
2014-06-06,68.0968,68.7932,68.0891,68.7728,68.7728,13800338
2014-06-09,68.5618,69.0061,68.4907,68.7173,68.7173,9462165
2014-06-10,68.69,68.8612,68.3623,68.6755,68.6755,11697472
2014-06-11,68.4907,69.2599,68.3623,68.9993,68.9993,15173513
2014-06-12,69.3563,69.6859,68.7523,68.8155,68.8155,16873630
2014-06-13,68.9866,69.4865,68.7932,69.4788,69.4788,12175148
2014-06-16,69.4272,69.8853,69.153,69.6646,69.6646,13262954
2014-06-17,69.434,69.4409,68.6706,69.3203,69.3203,13874288
2014-06-18,69.4272,69.6859,69.0771,69.5371,69.5371,14147533
2014-06-19,69.4545,69.6081,68.8282,69.4691,69.4691,16409175
2014-06-20,69.9076,70.4357,69.6781,70.2733,70.2733,26122109
2014-06-23,70.4708,70.8189,70.3084,70.6565,70.6565,12637310
2014-06-24,70.5184,70.7197,69.3563,69.5371,69.5371,14341827
2014-06-25,69.2599,69.4623,68.7251,69.1296,69.1296,15831927
2014-06-26,68.9945,69.295,68.2592,69.0538,69.0538,12446252
2014-06-27,68.8204,68.904,68.1289,68.5062,68.5062,22379451
2014-06-30,68.5062,68.5481,68.0346,68.1435,68.1435,14089121
2014-07-01,68.4635,68.7659,68.2184,68.6074,68.6074,12416498
2014-07-02,68.4635,68.8029,68.3867,68.7523,68.7523,10274527
2014-07-03,68.9993,69.8999,68.8282,69.4409,69.4409,10227573
2014-07-07,69.2599,69.4788,69.0489,69.4788,69.4788,11789922
2014-07-08,69.2405,69.8766,69.153,69.6081,69.6081,14205015
2014-07-09,69.6928,70.1761,69.5945,70.0837,70.0837,11310456
2014-07-10,69.6334,69.7667,69.0606,69.4272,69.4272,12607850
2014-07-11,69.3124,69.3796,68.5792,68.8681,68.8681,11360641
2014-07-14,69.153,69.7744,69.1443,69.5032,69.5032,12193307
2014-07-15,69.3961,69.4476,68.8681,69.3047,69.3047,12942558
2014-07-16,69.4185,70.2461,69.4039,70.2315,70.2315,13118698
2014-07-17,69.9719,70.3151,69.2356,69.2463,69.2463,12034620
2014-07-18,69.5119,69.6928,68.9429,69.5371,69.5371,12127038
2014-07-21,69.2794,69.8522,69.0771,69.7744,69.7744,9798772
2014-07-22,70.1333,70.5261,70.0545,70.0769,70.0769,10971856
2014-07-23,70.1391,70.7031,70.071,70.5622,70.5622,10366536
2014-07-24,70.6681,70.885,70.3589,70.5836,70.5836,11735137
2014-07-25,70.3443,70.3861,69.6928,69.8454,69.8454,11501268
2014-07-28,69.9135,70.7527,69.6081,70.6477,70.6477,13589003
2014-07-29,70.533,70.9084,70.071,70.0837,70.0837,11900456
2014-07-30,70.1955,70.5,69.4272,69.8853,69.8853,16358130
2014-07-31,69.0198,69.0198,66.9638,66.9698,66.9698,27031915
2014-08-01,66.7528,67.3811,66.4542,66.8754,66.8754,22036532
2014-08-04,66.8326,67.9783,66.5418,67.773,67.773,17953648
2014-08-05,67.2712,67.3752,66.185,66.4669,66.4669,19310670
2014-08-06,66.4669,67.4492,66.4669,66.995,66.995,14650501
2014-08-07,67.5299,67.5785,66.0808,66.5155,66.5155,14799628
2014-08-08,66.851,67.5464,66.5496,67.5085,67.5085,16557217
2014-08-11,67.666,67.7613,67.1564,67.2906,67.2906,12610522
2014-08-12,66.9366,67.2614,66.6712,67.1282,67.1282,14061582
2014-08-13,67.4201,67.6874,67.1215,67.5386,67.5386,11223382
2014-08-14,67.5464,67.666,67.2031,67.5386,67.5386,9606479
2014-08-15,67.6398,67.769,66.8909,67.4978,67.4978,13549052
2014-08-18,67.666,67.8372,67.5464,67.8303,67.8303,10479816
2014-08-19,67.8149,68.1241,67.769,67.808,67.808,13040616
2014-08-20,67.8508,68.0891,67.5026,67.9539,67.9539,9906639
2014-08-21,68.023,68.2068,67.6525,67.666,67.666,10015422
2014-08-22,67.4093,67.4627,66.8463,67.1342,67.1342,11878399
2014-08-25,67.3452,67.4093,67.1342,67.3082,67.3082,11106625
2014-08-26,67.558,68.3692,67.49,67.912,67.912,12524417
2014-08-27,68.0064,68.1289,67.5386,67.8372,67.8372,8581944
2014-08-28,67.5026,67.9783,67.4822,67.8654,67.8654,8896029
2014-08-29,67.7361,67.9324,67.2848,67.7915,67.7915,13019384
2014-09-02,67.769,67.8791,66.6662,67.1282,67.1282,13155518
2014-09-03,67.3811,67.8791,67.3811,67.5513,67.5513,12443296
2014-09-04,67.4774,67.7837,66.7723,67.0397,67.0397,14176846
2014-09-05,67.2983,67.6797,66.8705,67.6525,67.6525,13917532
2014-09-08,67.4201,67.4201,66.4202,66.6371,66.6371,14787876
2014-09-09,66.5836,66.8161,66.0847,66.3784,66.3784,14322164
2014-09-10,66.3589,66.4747,65.3116,65.9836,65.9836,17766583
2014-09-11,65.649,66.1947,65.3077,66.1343,66.1343,14937615
2014-09-12,65.7852,65.8348,65.1803,65.2825,65.2825,15067313
2014-09-15,65.2464,65.7036,65.0228,65.6277,65.6277,15691276
2014-09-16,65.5898,66.8296,65.4449,66.4057,66.4057,16993807
2014-09-17,66.7334,66.747,65.9778,66.1673,66.1673,12878695
2014-09-18,66.2423,66.3307,65.7579,65.8455,65.8455,12671607
2014-09-19,66.1673,66.4961,66.0234,66.1947,66.1947,26671323
2014-09-22,66.0458,66.1159,65.615,65.7998,65.7998,12947791
2014-09-23,65.6218,66.2209,65.4497,65.4497,65.4497,15113059
2014-09-24,65.3437,65.6004,64.6415,65.3077,65.3077,17899758
2014-09-25,65.1987,65.3592,64.2048,64.2389,64.2389,18859655
2014-09-26,64.2583,65.2678,63.9315,65.0432,65.0432,16514006
2014-09-29,64.5502,64.5998,63.9315,64.3605,64.3605,20574289
2014-09-30,64.1426,64.6172,63.807,64.1028,64.1028,22857260
2014-10-01,64.1426,64.4374,63.1935,63.2917,63.2917,20582442
2014-10-02,62.9727,63.9997,62.7451,63.5903,63.5903,20183536
2014-10-03,63.7945,64.1426,63.1011,64.0153,64.0153,16977732
2014-10-06,64.0483,64.9751,64.0075,64.4237,64.4237,15551541
2014-10-07,64.2526,64.8779,63.6136,63.6379,63.6379,15827573
2014-10-08,63.6729,64.6318,62.9902,64.484,64.484,22877109
2014-10-09,64.0969,64.4022,62.4505,62.5837,62.5837,26287230
2014-10-10,62.8813,63.5679,61.9554,62.432,62.432,26663422
2014-10-13,62.2404,63.0661,61.8601,61.9137,61.9137,21203229
2014-10-14,62.359,62.8618,61.3798,61.7191,61.7191,33922332
2014-10-15,60.6592,61.756,59.2353,61.4936,61.4936,36244774
2014-10-16,60.3723,62.2073,60.1029,61.7503,61.7503,36993632
2014-10-17,62.1111,62.8745,61.6822,62.1664,62.1664,26694557
2014-10-20,61.7717,62.6294,61.7717,62.5488,62.5488,15883201
2014-10-21,63.2917,64.0902,62.9484,63.8304,63.8304,23118629
2014-10-22,64.059,64.4675,63.3744,63.4745,63.4745,18696076
2014-10-23,64.273,64.735,63.9793,64.1426,64.1426,16652507
2014-10-24,64.1981,64.4304,63.5368,64.4022,64.4022,14290542
2014-10-27,63.9667,63.9667,63.2314,63.8693,63.8693,16717954
2014-10-28,64.3868,64.8837,64.0191,64.8166,64.8166,18443284
2014-10-29,65.0149,65.4186,63.807,64.4675,64.4675,18208022
2014-10-30,63.9793,64.5239,63.5368,64.3741,64.3741,14331424
2014-10-31,64.7427,66.0401,64.2797,65.9146,65.9146,25666694
2014-11-03,65.8144,66.182,64.6124,64.9265,64.9265,19675090
2014-11-04,64.5355,64.6755,63.9928,64.4237,64.4237,19801244
2014-11-05,64.9936,65.2756,64.5132,64.7962,64.7962,18310252
2014-11-06,64.9138,65.7181,64.2583,65.6063,65.6063,21612767
2014-11-07,65.7648,66.6984,65.7123,66.3094,66.3094,19276647
2014-11-10,66.5011,66.6595,65.9525,66.0954,66.0954,13237681
2014-11-11,65.7716,66.2539,65.6344,66.1858,66.1858,11638907
2014-11-12,65.8358,66.179,65.2931,65.4789,65.4789,16886649
2014-11-13,65.189,65.3641,64.4149,64.9829,64.9829,17997063
2014-11-14,65.1151,65.2931,64.978,65.2795,65.2795,13623568
2014-11-17,65.1151,65.3106,64.661,65.2931,65.2931,12679472
2014-11-18,65.2727,65.7337,64.8934,65.1278,65.1278,13505490
2014-11-19,65.2727,65.7249,64.6172,65.6344,65.6344,12136543
2014-11-20,65.4701,65.8358,65.3953,65.7794,65.7794,12268667
2014-11-21,66.7275,66.7275,65.9729,66.4572,66.4572,18025918
2014-11-24,66.1343,66.4523,65.3865,65.7123,65.7123,14816446
2014-11-25,65.9156,65.9243,64.7846,65.0645,65.0645,20025165
2014-11-26,64.978,65.3068,64.7786,64.8622,64.8622,14307714
2014-11-28,62.8132,63.0534,61.8611,62.1558,62.1558,28487767
2014-12-01,62.0322,63.7547,61.9769,63.3967,63.3967,40176774
2014-12-02,63.3773,64.9897,63.1642,64.661,64.661,30419036
2014-12-03,64.9897,65.4439,64.5297,65.1823,65.1823,23627652
2014-12-04,64.6172,64.9498,63.8908,64.7846,64.7846,19104321
2014-12-05,64.4967,64.9362,64.0843,64.4072,64.4072,17233028
2014-12-08,63.7751,63.9325,62.7256,62.9503,62.9503,22921613
2014-12-09,62.6713,63.1964,62.3075,62.7335,62.7335,23131028
2014-12-10,62.2793,62.2852,60.5493,60.8702,60.8702,32452281
2014-12-11,61.0034,62.8424,60.9957,61.2358,61.2358,31348645
2014-12-12,60.6659,61.1007,59.4483,59.4483,59.4483,35786313
2014-12-15,60.0814,60.8244,59.3803,59.6574,59.6574,31133697
2014-12-16,59.2976,61.2358,59.1703,59.319,59.319,38399386
2014-12-17,59.8899,61.7182,59.8296,61.1104,61.1104,33970844
2014-12-18,62.0411,62.5827,60.6864,62.5827,62.5827,33330842
2014-12-19,61.9273,64.2837,61.5149,64.2837,64.2837,56036816
2014-12-22,63.8178,64.3031,63.4678,64.0687,64.0687,26032932
2014-12-23,64.202,65.3427,63.88,64.9362,64.9362,19965096
2014-12-24,64.6804,64.7008,63.8314,64.3789,64.3789,10015657
2014-12-26,64.5239,64.8273,63.5824,63.9881,63.9881,15418733
2014-12-29,64.0687,64.4354,63.7682,63.8908,63.8908,14409383
2014-12-30,63.7547,64.1126,63.5086,63.8576,63.8576,12732148
2014-12-31,63.4463,63.9325,63.1964,63.4678,63.4678,16514656
2015-01-02,63.1906,63.88,63.0282,63.7264,63.7264,14885876
2015-01-05,63.2285,63.4327,61.442,61.9827,61.9827,26951980
2015-01-06,61.9506,62.7549,61.1104,61.654,61.654,24276633
2015-01-07,62.2307,62.8015,61.7833,62.2793,62.2793,19797091
2015-01-08,62.644,63.3433,62.4719,63.3131,63.3131,22559010
2015-01-09,63.3647,63.6942,62.7256,63.2285,63.2285,21104697
2015-01-12,62.6363,62.7034,61.6598,62.0109,62.0109,22106286
2015-01-13,62.3892,62.7646,61.1765,61.7833,61.7833,25445299
2015-01-14,61.0783,61.7104,59.9045,61.6044,61.6044,33899622
2015-01-15,62.0818,62.2375,60.7632,61.0705,61.0705,27325511
2015-01-16,61.086,62.6003,61.086,62.5515,62.5515,25801613
2015-01-20,62.3737,63.0048,62.0459,62.5321,62.5321,24360043
2015-01-21,62.9815,63.1527,62.4787,63.069,63.069,20795917
2015-01-22,63.3705,63.8247,62.6897,63.7547,63.7547,19750303
2015-01-23,63.3841,63.4852,62.3261,62.3979,62.3979,21416787
2015-01-26,62.2044,63.1157,62.1062,62.9921,62.9921,15545658
2015-01-27,62.6294,62.8823,62.1956,62.4379,62.4379,17911961
2015-01-28,62.3892,62.4233,60.2886,60.3752,60.3752,25436770
2015-01-29,60.4258,60.5901,59.0593,60.1213,60.1213,33038238
2015-01-30,59.8296,60.7,59.2101,60.0134,60.0134,33036030
2015-02-02,60.308,61.5052,60.0697,61.4993,61.4993,29579045
2015-02-03,62.4028,63.3841,62.3405,63.3296,63.3296,31900567
2015-02-04,62.9105,63.3433,62.1354,62.786,62.786,28596222
2015-02-05,63.4327,63.5281,62.9503,63.4055,63.4055,18656786
2015-02-06,64.1844,64.3099,63.3909,63.7663,63.7663,17693114
2015-02-09,63.6992,64.3167,63.5854,63.807,63.807,16301136
2015-02-10,63.9335,63.9335,62.9299,63.4259,63.4259,18585794
2015-02-11,62.7364,63.3014,62.5779,63.14,63.14,17561603
2015-02-12,63.7391,64.5773,63.4327,64.3722,64.3722,21297896
2015-02-13,64.6035,65.1258,64.3099,65.0685,65.0685,17305837
2015-02-17,64.6386,64.8642,64.3167,64.8478,64.8478,16869514
2015-02-18,64.1096,64.1096,62.9921,63.4259,63.4259,27516611
2015-02-19,62.4719,63.0145,61.7318,62.3289,62.3289,27764227
2015-02-20,62.3036,62.679,61.9194,62.6663,62.6663,22900931
2015-02-23,62.184,62.4086,61.8417,62.0322,62.0322,18324329
2015-02-24,62.253,62.5711,62.115,62.3182,62.3182,14335154
2015-02-25,62.4223,62.5146,62.0828,62.4446,62.4446,14241820
2015-02-26,62.152,62.152,61.3817,61.7795,61.7795,20064947
2015-02-27,61.9486,62.221,61.5655,61.7046,61.7046,18783130
2015-03-02,61.5655,61.688,60.8731,61.3555,61.3555,19792593
2015-03-03,61.2718,61.3438,60.7214,61.0617,61.0617,19362408
2015-03-04,61.2446,61.297,60.5813,60.7554,60.7554,19324669
2015-03-05,60.7126,60.7641,60.2963,60.4472,60.4472,17975850
2015-03-06,60.2205,60.3537,59.458,59.6769,59.6769,23059598
2015-03-09,59.9959,60.2001,59.32,59.3501,59.3501,20811668
2015-03-10,59.1255,59.6078,58.7083,58.7229,58.7229,24673873
2015-03-11,59.18,59.1877,58.54,58.5556,58.5556,18660449
2015-03-12,58.8901,59.0428,57.8855,58.1841,58.1841,15492999
2015-03-13,58.4846,58.6654,57.6199,58.4982,58.4982,24106510
2015-03-16,58.3173,59.1391,58.0314,59.0691,59.0691,19394547
2015-03-17,58.9135,59.1343,58.5556,58.5975,58.5975,18624718
2015-03-18,58.2211,60.1922,58.1442,59.9822,59.9822,26898273
2015-03-19,59.3696,59.5864,58.7627,58.8269,58.8269,18278472
2015-03-20,59.0079,59.5175,58.8142,58.9135,58.9135,51776478
2015-03-23,59.2519,59.7809,59.2461,59.5379,59.5379,25040058
2015-03-24,59.4464,59.7809,58.8901,58.9038,58.9038,14599074
2015-03-25,59.2859,59.6321,59.0779,59.1391,59.1391,17125238
2015-03-26,59.4464,59.6321,58.6012,58.7627,58.7627,20663583
2015-03-27,58.5604,58.576,58.0722,58.2473,58.2473,16615125
2015-03-30,58.7297,59.8071,58.716,59.6769,59.6769,22460810
2015-03-31,59.1343,59.4726,58.86,59.2373,59.2373,19161790
2015-04-01,59.7683,59.9346,58.7229,58.86,58.86,20838068
2015-04-02,58.6508,59.1945,58.4351,58.7501,58.7501,16210765
2015-04-06,59.3424,59.6836,58.6801,59.3268,59.3268,15664065
2015-04-07,59.2461,60.0493,59.0691,59.7625,59.7625,16983690
2015-04-08,59.7945,59.8637,58.5556,58.5808,58.5808,23327355
2015-04-09,58.54,59.0478,58.4087,58.9932,58.9932,19025954
2015-04-10,59.3579,59.9618,59.0779,59.6253,59.6253,19188209
2015-04-13,59.8772,60.1097,59.4037,59.4726,59.4726,14177643
2015-04-14,59.7868,60.9655,59.6078,60.3713,60.3713,22519214
2015-04-15,60.841,61.6948,60.7291,61.3817,61.3817,21980418
2015-04-16,61.2446,61.44,60.7068,61.1386,61.1386,13733262
2015-04-17,60.6659,60.8809,60.0387,60.5813,60.5813,20705913
2015-04-20,60.7972,61.3982,60.6874,60.7972,60.7972,16635660
2015-04-21,60.8965,61.0617,60.4092,60.5483,60.5483,14490934
2015-04-22,60.6659,61.1891,60.17,60.9508,60.9508,12431254
2015-04-23,60.8809,61.5937,60.8478,61.0092,61.0092,14156982
2015-04-24,60.7641,60.8809,60.3936,60.6096,60.6096,12061482
2015-04-27,60.9304,61.0481,60.4637,60.6387,60.6387,15116217
2015-04-28,60.7914,61.231,60.6592,61.1891,61.1891,13823597
2015-04-29,60.9655,61.3749,60.6046,61.2377,61.2377,17985320
2015-04-30,61.7969,61.7969,60.7855,60.8866,60.8866,20013712
2015-05-01,61.1249,61.9876,61.1172,61.9194,61.9194,17587706
2015-05-04,62.3182,62.6372,61.9876,62.1014,62.1014,14842150
2015-05-05,62.7004,62.7831,61.688,61.7523,61.7523,17068275
2015-05-06,62.4136,62.6927,61.1843,61.4584,61.4584,16175897
2015-05-07,61.3302,61.3982,60.5736,61.0481,61.0481,14337133
2015-05-08,61.6618,62.0731,61.1988,62.0197,62.0197,16343928
2015-05-11,62.2073,62.2365,60.8848,60.9781,60.9781,17074413
2015-05-12,61.0549,61.4527,60.7262,61.1473,61.1473,13930811
2015-05-13,61.3312,61.6452,60.7107,60.8244,60.8244,12280899
2015-05-14,61.0851,61.3701,60.9568,61.1104,61.1104,12511111
2015-05-15,60.9917,61.5695,60.8526,61.3759,61.3759,11985978
2015-05-18,61.3496,61.4527,60.9781,61.0248,61.0248,9101371
2015-05-19,60.7476,61.2786,60.5764,61.1249,61.1249,13914158
2015-05-20,61.3312,61.4158,61.0686,61.2232,61.2232,10355581
2015-05-21,61.3312,61.442,61.1055,61.2786,61.2786,11893611
2015-05-22,60.984,61.1988,60.7817,60.7944,60.7944,10813592
2015-05-26,60.3663,60.6902,59.7489,59.9735,59.9735,16064764
2015-05-27,59.9802,60.3537,59.5651,59.8034,59.8034,15338895
2015-05-28,59.6642,60.1262,59.602,59.8034,59.8034,11439322
2015-05-29,59.7965,60.1349,59.6429,59.8684,59.8684,20822399
2015-06-01,59.9035,60.0552,59.5874,59.8179,59.8179,12918574
2015-06-02,59.8091,60.1417,59.6642,59.8257,59.8257,13275458
2015-06-03,59.7576,60.3157,59.6263,59.6924,59.6924,11640575
2015-06-04,59.5175,59.6497,58.8687,59.179,59.179,17941813
2015-06-05,59.1158,59.7255,59.0107,59.2218,59.2218,16207433
2015-06-08,59.1313,59.8743,58.9757,59.6204,59.6204,17425787
2015-06-09,59.9316,60.0318,59.3686,59.4347,59.4347,11534102
2015-06-10,60.3157,60.4102,59.7255,59.8743,59.8743,14440642
2015-06-11,59.9385,60.2195,59.6497,59.7897,59.7897,11042522
2015-06-12,59.4172,59.5028,58.9261,59.038,59.038,11876961
2015-06-15,58.6908,59.0107,58.4545,58.8279,58.8279,13610773
2015-06-16,58.8921,59.5485,58.6012,59.5028,59.5028,12950721
2015-06-17,59.7489,59.8179,59.3132,59.5379,59.5379,12936492
2015-06-18,59.5825,60.4023,59.531,60.064,60.064,14584059
2015-06-19,59.6711,60.064,59.6711,59.8743,59.8743,22954541
2015-06-22,59.9997,60.1496,59.7061,59.848,59.848,13470168
2015-06-23,59.9103,59.9229,59.4406,59.7761,59.7761,14550058
2015-06-24,59.6497,59.9676,59.4882,59.5028,59.5028,16793198
2015-06-25,59.6204,59.6204,58.9757,58.9757,58.9757,14600426
2015-06-26,58.9066,59.0954,58.6664,58.9261,58.9261,27072828
2015-06-29,58.3582,58.6402,58.1802,58.1957,58.1957,16706535
2015-06-30,58.8425,59.6574,58.1802,58.4623,58.4623,21320271
2015-07-01,58.5177,58.6908,57.6988,57.8778,57.8778,19253669
2015-07-02,58.1754,58.5177,58.0071,58.4204,58.4204,13075674
2015-07-06,57.941,58.3659,57.7057,57.9916,57.9916,16642776
2015-07-07,57.7523,58.4836,57.2592,58.2318,58.2318,22260048
2015-07-08,57.7923,58.3066,57.5559,57.5977,57.5977,14312382
2015-07-09,58.2386,58.4262,57.3253,57.338,57.338,17049936
2015-07-10,57.6813,57.9654,57.338,57.7756,57.7756,12279710
2015-07-13,57.7445,58.048,57.6668,57.9148,57.9148,11422979
2015-07-14,57.8865,58.5479,57.8,58.401,58.401,13249588
2015-07-15,58.048,58.6159,57.9011,58.153,58.153,13218876
2015-07-16,58.4486,58.6597,58.1802,58.257,58.257,11765953
2015-07-17,57.9779,58.2074,57.4722,58.048,58.048,17299696
2015-07-20,57.7231,57.9078,57.338,57.4488,57.4488,18439633
2015-07-21,57.5704,57.9215,57.2194,57.3818,57.3818,12348588
2015-07-22,57.8642,57.9477,57.3253,57.4722,57.4722,18758981
2015-07-23,57.373,57.5977,56.8945,57.0142,57.0142,14937284
2015-07-24,57.0287,57.0287,56.0164,56.1739,56.1739,21188286
2015-07-27,55.673,56.3052,55.4883,55.6935,55.6935,21341414
2015-07-28,56.0038,58.0829,55.9054,57.9556,57.9556,28145734
2015-07-29,57.7445,58.4623,57.5559,58.4204,58.4204,19801248
2015-07-30,58.4486,58.5479,57.9148,58.3299,58.3299,15853643
2015-07-31,57.3876,57.3876,55.463,55.6575,55.6575,37332673
2015-08-03,55.2996,55.463,54.5469,54.8503,54.8503,22437496
2015-08-04,54.723,55.2354,54.0567,54.2241,54.2241,26860924
2015-08-05,54.7151,54.97,54.0363,54.2241,54.2241,23544863
2015-08-06,54.0656,54.9914,54.0431,54.8718,54.8718,18507407
2015-08-07,54.4934,54.7862,53.838,53.9877,53.9877,17344665
2015-08-10,54.1685,55.3337,54.1685,55.3337,55.3337,21170634
2015-08-11,54.6179,55.3735,54.1366,54.9603,54.9603,20419762
2015-08-12,54.9242,55.9376,54.5839,55.8803,55.8803,23840955
2015-08-13,55.5476,56.2382,55.5116,55.781,55.781,18546599
2015-08-14,55.7742,56.2293,55.497,55.5749,55.5749,12871700
2015-08-17,55.2723,56.1593,54.9301,55.8666,55.8666,13204726
2015-08-18,55.6974,55.7956,55.0244,55.2501,55.2501,13839065
2015-08-19,54.9729,55.0244,53.8535,54.0674,54.0674,23983359
2015-08-20,53.9041,54.0305,52.8898,52.8898,52.8898,25112871
2015-08-21,52.6467,53.1173,51.1159,51.1577,51.1577,35937888
2015-08-24,48.2217,50.6277,47.2006,48.739,48.739,50095388
2015-08-25,50.5752,50.6675,48.3735,48.7313,48.7313,42876101
2015-08-26,50.0947,51.5972,49.0445,51.4204,51.4204,48552975
2015-08-27,52.3403,53.1173,51.781,53.0871,53.0871,34643696
2015-08-28,52.987,53.8895,52.775,53.2438,53.2438,26785209
2015-08-31,52.6836,53.5813,51.9883,53.3633,53.3633,27592826
2015-09-01,51.9883,52.0223,50.7191,51.1237,51.1237,33969739
2015-09-02,51.819,51.9464,51.0653,51.9377,51.9377,23880153
2015-09-03,52.2645,53.129,52.0155,52.3345,52.3345,18966342
2015-09-04,51.6391,51.8745,51.2443,51.3902,51.3902,21011610
2015-09-08,52.2869,52.2869,51.7539,52.1332,52.1332,19213222
2015-09-09,52.7478,52.9685,50.9604,51.0653,51.0653,24316249
2015-09-10,51.6391,51.7606,50.9243,51.4358,51.4358,17417091
2015-09-11,51.3512,51.5759,51.0722,51.5546,51.5546,17162172
2015-09-14,51.2851,51.4757,50.8971,51.4144,51.4144,15140728
2015-09-15,51.3775,51.994,51.359,51.6751,51.6751,16890756
2015-09-16,52.139,52.9812,52.0378,52.6963,52.6963,21451092
2015-09-17,52.775,53.5277,52.3782,52.811,52.811,21999445
2015-09-18,51.9601,52.173,51.1499,51.5477,51.5477,32682740
2015-09-21,51.8453,52.209,51.5827,52.0525,52.0525,15302025
2015-09-22,51.3133,52.1438,51.0799,51.5905,51.5905,20084997
2015-09-23,51.6838,51.9153,51.2705,51.2793,51.2793,19435903
2015-09-24,51.0653,51.8842,50.867,51.5827,51.5827,20563038
2015-09-25,51.9796,52.1477,51.6052,51.9377,51.9377,21396387
2015-09-28,51.5059,52.1021,51.3512,51.4923,51.4923,20545350
2015-09-29,51.5263,51.9085,51.1655,51.7539,51.7539,19392989
2015-09-30,52.0602,52.7322,52.0096,52.7322,52.7322,25627923
2015-10-01,53.3332,53.6056,51.9883,52.5269,52.5269,20300151
2015-10-02,52.0525,53.832,51.7967,53.8185,53.8185,26522960
2015-10-05,54.365,54.7161,53.7524,54.4768,54.4768,26065157
2015-10-06,54.5839,55.7169,54.085,55.2422,55.2422,26447665
2015-10-07,56.0076,56.2382,54.9884,56.1739,56.1739,26370556
2015-10-08,56.2517,56.8187,55.7042,56.7632,56.7632,20225141
2015-10-09,56.7749,56.8586,55.7606,56.2148,56.2148,24508847
2015-10-12,56.4492,56.4492,55.8335,56.2439,56.2439,14001856
2015-10-13,55.8335,56.4219,55.6692,56.1428,56.1428,17379726
2015-10-14,56.0076,57.0793,55.8725,56.8518,56.8518,20424508
2015-10-15,56.8732,57.8252,56.6708,57.7883,57.7883,19232822
2015-10-16,58.3426,58.5119,57.7688,58.4992,58.4992,20168462
2015-10-19,58.1647,58.2804,57.2797,57.4411,57.4411,19958912
2015-10-20,57.129,57.4907,56.8819,57.3293,57.3293,17398913
2015-10-21,57.3477,57.5559,56.8187,56.8897,56.8897,14503292
2015-10-22,57.2204,58.8385,57.2106,58.789,58.789,20900226
2015-10-23,58.4486,58.8668,58.079,58.8512,58.8512,18633309
2015-10-26,58.5264,58.6771,57.5704,57.6035,57.6035,17732072
2015-10-27,57.1455,57.5626,56.5473,57.5121,57.5121,19146110
2015-10-28,57.6678,58.5701,57.4002,58.3582,58.3582,17586283
2015-10-29,58.01,59.0233,58.01,58.3222,58.3222,14580414
2015-10-30,58.4924,59.4921,57.6336,58.684,58.684,26448513
2015-11-02,58.3708,60.9421,58.222,60.4851,60.4851,29984168
2015-11-03,60.7525,62.0177,60.6961,61.5986,61.5986,28362387
2015-11-04,61.5412,61.762,60.7827,60.98,60.98,20081955
2015-11-05,60.6776,61.1591,59.9326,60.1515,60.1515,17329814
2015-11-06,59.5262,59.9103,59.0233,59.9103,59.9103,17612513
2015-11-09,59.7809,59.8081,58.5225,58.6295,58.6295,18941256
2015-11-10,58.613,59.1021,58.5653,58.9115,58.9115,19901352
2015-11-11,58.966,59.0652,58.2366,58.3932,58.3932,13415737
2015-11-12,57.6443,58.1501,56.7506,56.811,56.811,22434940
2015-11-13,56.7166,56.9345,55.7596,55.8734,55.8734,24498874
2015-11-16,55.7596,57.941,55.7393,57.8768,57.8768,20334798
2015-11-17,57.7426,57.8632,56.9694,57.2077,57.2077,13993848
2015-11-18,57.1552,57.8768,56.9412,57.7639,57.7639,15213952
2015-11-19,57.5987,57.7913,57.2612,57.4478,57.4478,13213452
2015-11-20,57.6443,57.9148,56.9851,57.0842,57.0842,14179466
2015-11-23,56.9481,57.7426,56.561,57.4343,57.4343,16589214
2015-11-24,57.4829,58.9115,57.3789,58.5798,58.5798,21040949
2015-11-25,58.1637,58.7861,58.0197,58.1278,58.1278,12552473
2015-11-27,57.6501,58.1355,57.5636,58.1141,58.1141,5809944
2015-11-30,58.2503,59.1313,58.1278,58.4214,58.4214,24781083
2015-12-01,58.4943,58.7579,58.1432,58.5878,58.5878,19452646
2015-12-02,58.1724,58.4097,56.8207,56.912,56.912,22782605
2015-12-03,57.0327,57.125,55.8189,56.0961,56.0961,20782300
2015-12-04,55.3375,56.5056,55.108,56.419,56.419,28173875
2015-12-07,55.3229,55.4474,54.1949,54.9446,54.9446,24707004
2015-12-08,53.8497,54.6228,52.7896,53.3925,53.3925,33850472
2015-12-09,53.5424,55.2237,53.4636,54.1093,54.1093,30801530
2015-12-10,54.228,55.4474,54.0286,54.1491,54.1491,28154167
2015-12-11,53.5287,54.0451,53.1854,53.1854,53.1854,28616546
2015-12-14,53.1563,54.5274,53.0055,54.3932,54.3932,30713416
2015-12-15,55.3968,56.9481,55.3229,56.8294,56.8294,34059017
2015-12-16,56.5464,56.9529,55.8034,56.6261,56.6261,24088775
2015-12-17,56.5318,56.6845,55.7675,55.7742,55.7742,24269223
2015-12-18,55.4932,56.3617,55.1334,55.289,55.289,40305759
2015-12-21,55.6507,55.8734,54.8328,55.2753,55.2753,20212218
2015-12-22,55.5875,55.7313,55.2374,55.5535,55.5535,19367068
2015-12-23,56.2897,57.3905,56.0339,57.3702,57.3702,21223776
2015-12-24,57.4275,57.4275,56.6067,56.7574,56.7574,8174553
2015-12-28,55.89,56.419,55.7393,56.3344,56.3344,13580439
2015-12-29,57.2271,57.2924,56.4043,56.63,56.63,12354523
2015-12-30,56.0339,56.5134,55.781,55.8812,55.8812,13019070
2015-12-31,55.4543,56.1175,55.3968,55.7675,55.7675,14376386
2016-01-04,55.4474,55.7596,54.6987,55.4163,55.4163,28505561
2016-01-05,55.2237,55.9045,55.0332,55.89,55.89,16761854
2016-01-06,54.8328,55.5457,54.7929,55.4212,55.4212,26312329
2016-01-07,54.4156,55.7956,54.3,54.5353,54.5353,29711943
2016-01-08,54.6228,54.8377,53.2992,53.4353,53.4353,26596687
2016-01-11,53.6639,53.7446,51.9115,52.7186,52.7186,29846249
2016-01-12,53.0288,53.9575,52.3345,53.802,53.802,30542351
2016-01-13,54.2658,55.1334,53.6143,54.1229,54.1229,36408665
2016-01-14,54.5217,57.1766,54.228,56.6057,56.6057,47214354
2016-01-15,54.6091,55.924,54.5849,55.5009,55.5009,39604021
2016-01-19,55.7538,55.9755,53.7951,54.6587,54.6587,31707560
2016-01-20,53.7076,54.1715,51.1888,52.3568,52.3568,46481099
2016-01-21,52.3384,53.6492,51.9494,53.0133,53.0133,31112004
2016-01-22,54.6724,54.9234,53.4568,54.7804,54.7804,31485277
2016-01-25,54.1949,54.616,52.8694,52.9267,52.9267,23854771
2016-01-26,53.4928,54.9234,53.1222,54.8737,54.8737,26142731
2016-01-27,54.3738,55.4212,53.4568,53.8632,53.8632,25271166
2016-01-28,55.3375,55.5602,54.1005,55.0808,55.0808,22584499
2016-01-29,54.8941,55.6974,54.5508,55.6974,55.6974,35152330
2016-02-01,54.8445,54.9368,53.9732,54.5809,54.5809,23374912
2016-02-02,53.0784,54.1005,52.6184,53.3633,53.3633,29913744
2016-02-03,54.0373,56.1836,53.127,56.1467,56.1467,36122448
2016-02-04,56.2177,57.234,55.4883,57.1123,57.1123,33060246
2016-02-05,56.8041,57.3049,56.2108,57.2924,57.2924,37345583
2016-02-08,56.7321,58.5079,56.452,58.0635,58.0635,37169104
2016-02-09,57.7387,58.2386,56.807,57.8117,57.8117,25396925
2016-02-10,57.5889,58.7997,57.234,57.2844,57.2844,22994882
2016-02-11,56.5532,57.8612,56.0047,57.4673,57.4673,26772885
2016-02-12,57.8117,58.5255,57.6152,58.4982,58.4982,23295572
2016-02-16,58.9806,59.0895,57.9556,58.6354,58.6354,22040774
2016-02-17,58.9466,59.7595,58.5935,59.1974,59.1974,23554144
2016-02-18,59.848,59.9638,59.0973,59.5232,59.5232,20602741
2016-02-19,59.3345,59.5952,58.4127,59.5564,59.5564,18829314
2016-02-22,60.0727,60.2361,59.3424,59.4775,59.4775,20197833
2016-02-23,59.1907,59.4639,58.3864,58.6431,58.6431,15283070
2016-02-24,57.6901,59.0321,57.515,58.8492,58.8492,19061366
2016-02-25,58.8804,59.248,57.7688,59.2042,59.2042,18967700
2016-02-26,59.8413,59.9775,58.9747,59.0176,59.0176,19842802
2016-02-29,59.1108,59.4873,57.7883,57.8612,57.8612,26053991
2016-03-01,58.1588,59.0283,57.9847,58.6801,58.6801,21787343
2016-03-02,58.4389,59.7178,57.9779,59.7031,59.7031,19504460
2016-03-03,59.6729,59.7178,58.8649,59.4873,59.4873,18306314
2016-03-04,59.6729,59.8966,59.0263,59.4056,59.4056,25464084
2016-03-07,59.4221,60.9742,59.3501,60.9742,60.9742,26241242
2016-03-08,60.6407,60.7934,59.5437,59.6535,59.6535,19397074
2016-03-09,60.0776,60.5307,59.3706,59.4873,59.4873,19572836
2016-03-10,59.5008,59.6729,58.4254,59.3268,59.3268,22022145
2016-03-11,60.0776,60.3003,59.2014,59.3345,59.3345,21274258
2016-03-14,58.8221,59.6604,58.4875,59.4941,59.4941,18484674
2016-03-15,58.9086,59.8091,58.8492,59.7897,59.7897,12759381
2016-03-16,59.9346,60.0368,59.1537,59.8257,59.8257,15917676
2016-03-17,60.4121,61.1269,59.7178,60.7126,60.7126,18939392
2016-03-18,61.0666,61.0753,60.1029,60.7865,60.7865,27200694
2016-03-21,60.524,60.7428,60.2808,60.3673,60.3673,11614763
2016-03-22,59.9775,61.2641,59.9268,60.7291,60.7291,18013638
2016-03-23,60.5404,60.8575,60.2954,60.4607,60.4607,17656441
2016-03-24,59.8762,60.6592,59.8694,60.626,60.626,12976190
2016-03-28,60.662,60.9032,60.4248,60.7992,60.7992,10368688
2016-03-29,60.4033,61.086,60.0368,61.0219,61.0219,13819672
2016-03-30,61.3846,61.4001,60.6407,61.017,61.017,14962347
2016-03-31,60.6922,61.4362,60.3459,60.3459,60.3459,19233193
2016-04-01,59.4873,60.203,59.4775,59.8909,59.8909,16948137
2016-04-04,59.9638,60.5687,59.7625,60.0368,60.0368,11134699
2016-04-05,59.638,60.0134,59.1907,59.3501,59.3501,14448834
2016-04-06,59.6953,60.2527,59.4134,60.1436,60.1436,12895941
2016-04-07,59.7459,60.0416,59.2325,59.4639,59.4639,11447103
2016-04-08,60.1359,60.2458,59.8091,60.0727,60.0727,12987783
2016-04-11,60.1573,60.8138,60.1213,60.1515,60.1515,13734965
2016-04-12,60.4199,61.0987,60.1865,60.8945,60.8945,13831818
2016-04-13,61.0044,61.2961,60.6708,61.2407,61.2407,12777435
2016-04-14,61.3632,62.0148,61.1891,61.6744,61.6744,14717052
2016-04-15,61.5802,61.8378,61.2008,61.3428,61.3428,15617686
2016-04-18,60.5629,61.9837,60.5404,61.9254,61.9254,12599570
2016-04-19,61.9779,62.3095,61.5198,62.2375,62.2375,14333158
2016-04-20,62.2502,63.1234,62.0624,62.6644,62.6644,21107438
2016-04-21,62.5136,63.4123,62.4972,62.6576,62.6576,16726582
2016-04-22,62.9824,63.2684,62.677,63.1896,63.1896,12659928
2016-04-25,62.8706,63.0963,62.3396,63.0467,63.0467,11184123
2016-04-26,63.35,63.4842,62.8521,63.2625,63.2625,13054269
2016-04-27,63.491,64.0483,63.0467,63.8616,63.8616,14490210
2016-04-28,63.4288,64.0902,63.1682,63.5513,63.5513,15610782
2016-04-29,64.0191,64.8136,63.3423,63.8197,63.8197,24723610
2016-05-02,63.7021,64.5958,63.5863,64.3459,64.3459,14183088
2016-05-03,63.8197,63.9821,63.0641,63.6107,63.6107,14037121
2016-05-04,63.7468,64.061,63.2392,63.4842,63.4842,14675684
2016-05-05,64.0775,64.2301,63.2538,63.5571,63.5571,12075390
2016-05-06,63.139,64.0191,63.139,63.8976,63.8976,11036336
2016-05-09,63.9627,64.0775,62.9746,63.9413,63.9413,15454482
2016-05-10,64.1796,64.9732,64.1193,64.9644,64.9644,17312783
2016-05-11,64.9091,65.2882,64.59,64.6541,64.6541,15986119
2016-05-12,65.3708,65.4682,64.9011,65.2795,65.2795,14720538
2016-05-13,64.9936,65.2727,64.4344,64.5423,64.5423,13348417
2016-05-16,64.9372,65.2795,64.7893,65.2066,65.2066,11866393
2016-05-17,64.9858,65.4516,64.9091,65.1783,65.1783,13508392
2016-05-18,65.3708,65.5197,64.5346,65.0471,65.0471,13290553
2016-05-19,64.5083,65.6354,64.3896,65.5975,65.5975,19774540
2016-05-20,65.8047,65.8114,65.0665,65.3291,65.3291,18119322
2016-05-23,64.7893,65.4458,64.6601,65.2279,65.2279,16162113
2016-05-24,65.44,65.8114,65.191,65.2795,65.2795,13808179
2016-05-25,65.4097,65.7881,65.2202,65.7083,65.7083,13157255
2016-05-26,65.7006,65.8523,64.9858,65.3708,65.3708,10807606
2016-05-27,65.083,65.5567,65.0246,65.5245,65.5245,10306266
2016-05-31,65.5197,65.6666,64.5958,64.8059,64.8059,18095936
2016-06-01,64.3751,65.1201,64.1582,64.9644,64.9644,10976378
2016-06-02,64.2137,64.4481,63.7799,64.4481,64.4481,13509544
2016-06-03,64.3809,64.6678,64.0852,64.3342,64.3342,12862487
2016-06-06,64.696,65.155,64.5656,65.0403,65.0403,11761649
2016-06-07,65.3369,66.1888,65.3077,66.0371,66.0371,17694028
2016-06-08,66.2685,66.4639,65.9048,66.0935,66.0935,13712412
2016-06-09,65.65,66.2685,65.5975,66.0069,66.0069,12327540
2016-06-10,65.8114,66.1888,65.3611,65.5061,65.5061,14221012
2016-06-13,65.4584,66.5593,65.3019,65.9496,65.9496,15617719
2016-06-14,65.8455,66.1529,65.4097,65.8328,65.8328,13955358
2016-06-15,65.6841,66.1743,65.5197,65.6354,65.6354,14636035
2016-06-16,65.3019,66.5321,64.872,66.4076,66.4076,17600758
2016-06-17,66.605,66.6769,65.6597,66.0438,66.0438,24004364
2016-06-20,66.4562,66.6769,66.2987,66.3367,66.3367,12894858
2016-06-21,66.0438,66.7129,65.7006,66.6303,66.6303,11742046
2016-06-22,66.8569,66.9231,66.2521,66.3726,66.3726,12057775
2016-06-23,66.9231,67.0261,66.3843,66.8306,66.8306,12974604
2016-06-24,65.4331,66.1013,64.9011,65.0742,65.0742,27462669
2016-06-27,64.7183,64.8662,64.1426,64.6891,64.6891,19767080
2016-06-28,65.3204,66.1956,65.1706,66.182,66.182,18196880
2016-06-29,66.5457,67.4831,66.3367,67.312,67.312,19120431
2016-06-30,67.2138,68.3049,67.1934,68.2417,68.2417,19326905
2016-07-01,67.9646,68.4168,67.7526,68.3147,68.3147,13661132
2016-07-05,67.7915,68.1387,67.1574,67.7167,67.7167,14749915
2016-07-06,67.9578,68.5159,67.2965,68.4985,68.4985,18046293
2016-07-07,68.6774,68.7864,67.2323,67.6738,67.6738,16807326
2016-07-08,67.986,68.2699,67.6428,68.0968,68.0968,13471878
2016-07-11,68.2495,68.7309,68.1766,68.3517,68.3517,11398346
2016-07-12,68.9177,69.1228,68.4985,69.1228,69.1228,13550511
2016-07-13,68.905,69.0966,68.5102,69.0723,69.0723,12982968
2016-07-14,69.1959,69.543,68.8836,69.1228,69.1228,12758218
2016-07-15,69.4768,69.5575,68.8973,69.2463,69.2463,14195747
2016-07-18,69.0995,69.2668,68.7222,69.0275,69.0275,13546641
2016-07-19,68.9838,69.1151,68.5762,68.7738,68.7738,8106974
2016-07-20,68.6142,68.7339,68.2875,68.3808,68.3808,10140100
2016-07-21,68.3517,68.623,68.0375,68.3205,68.3205,10654501
2016-07-22,68.5102,68.6444,68.2263,68.4411,68.4411,9804648
2016-07-25,68.0462,68.1523,66.8004,67.1205,67.1205,14890385
2016-07-26,66.7061,66.997,66.3279,66.6303,66.6303,16678107
2016-07-27,66.6186,66.8336,65.9797,66.182,66.182,13731337
2016-07-28,65.9116,66.0508,65.2348,65.6666,65.6666,17077099
2016-07-29,63.7799,64.7981,62.6936,64.7554,64.7554,32856774
2016-08-01,64.1193,64.1738,62.3085,62.5069,62.5069,31458607
2016-08-02,62.9338,63.5669,62.3007,63.3647,63.3647,25960750
2016-08-03,63.3433,63.6942,63.0457,63.6942,63.6942,20096583
2016-08-04,63.7002,63.807,63.3569,63.6845,63.6845,18469845
2016-08-05,63.8665,63.9404,63.4444,63.7439,63.7439,13184764
2016-08-08,64.0999,64.7106,64.0852,64.4927,64.4927,14413026
2016-08-09,64.5161,64.6152,64.1932,64.5744,64.5744,13251840
2016-08-10,64.4481,64.5502,63.1487,63.4424,63.4424,17283013
2016-08-11,63.6456,64.0717,63.3326,63.671,63.671,15819410
2016-08-12,63.845,64.5958,63.8013,64.5006,64.5006,13601933
2016-08-15,64.9178,64.978,64.3459,64.4684,64.4684,8760492
2016-08-16,64.485,64.7417,64.1465,64.5502,64.5502,9272431
2016-08-17,64.5502,64.7417,64.3605,64.6901,64.6901,9670432
2016-08-18,64.8876,65.3009,64.697,65.2785,65.2785,14077934
2016-08-19,65.0705,65.1521,64.4528,64.4616,64.4616,11486510
2016-08-22,64.1037,64.6814,63.7624,64.6007,64.6007,11216568
2016-08-23,64.4927,64.6212,64.2857,64.4042,64.4042,8864799
2016-08-24,64.2418,64.7271,64.131,64.6212,64.6212,10870610
2016-08-25,64.6212,64.6309,64.0522,64.2117,64.2117,9441109
2016-08-26,64.3381,64.6901,63.8762,64.0717,64.0717,8815473
2016-08-29,63.9053,64.5502,63.9053,64.4927,64.4927,9571124
2016-08-30,64.5151,64.7923,64.1426,64.2573,64.2573,8766048
2016-08-31,63.9793,64.0289,63.3024,63.9793,63.9793,17002324
2016-09-01,63.671,63.7584,63.2071,63.7584,63.7584,11483109
2016-09-02,64.1825,64.3002,63.8257,64.1825,64.1825,9652386
2016-09-06,64.4927,65.0802,64.3605,65.0286,65.0286,13410682
2016-09-07,65.0889,65.1015,64.59,64.7846,64.7846,10167492
2016-09-08,65.013,65.615,64.6406,65.3788,65.3788,13042511
2016-09-09,65.0928,65.0928,63.7284,63.7584,63.7584,17397654
2016-09-12,63.7128,64.3955,63.6039,64.0892,64.0892,14809739
2016-09-13,63.4785,63.4842,62.464,62.5604,62.5604,17949120
2016-09-14,62.4379,63.0165,61.8679,62.112,62.112,18980450
2016-09-15,62.1656,62.8843,62.0508,62.464,62.464,12579112
2016-09-16,62.0469,62.4446,61.3486,61.692,61.692,29304932
2016-09-19,62.0994,62.1267,61.5324,61.548,61.548,10799483
2016-09-20,61.4741,61.6375,60.6017,60.6017,60.6017,23836492
2016-09-21,60.8041,61.3934,60.4325,61.1591,61.1591,20477302
2016-09-22,61.8786,62.0771,61.2164,61.335,61.335,14578056
2016-09-23,60.7028,61.899,60.6378,61.2689,61.2689,17248189
2016-09-26,61.3214,61.6725,60.8848,60.981,60.981,14779468
2016-09-27,60.6378,61.1891,60.4189,61.1132,61.1132,13058459
2016-09-28,61.2756,64.0463,61.1891,63.8013,63.8013,38278048
2016-09-29,63.8519,64.0201,62.9027,63.4785,63.4785,25953896
2016-09-30,63.7584,64.4684,63.6185,64.0814,64.0814,21694222
2016-10-03,63.8314,64.0201,63.5378,63.9112,63.9112,9646770
2016-10-04,64.1542,64.2418,63.1916,63.3228,63.3228,11184230
2016-10-05,63.7517,63.9997,63.6544,63.8762,63.8762,11972722
2016-10-06,64.058,64.2194,63.4658,63.9053,63.9053,10511752
2016-10-07,63.8382,64.1699,63.4483,63.6845,63.6845,8990864
2016-10-10,64.273,65.1015,64.2496,64.9313,64.9313,13689679
2016-10-11,64.6688,64.7495,64.0969,64.4189,64.4189,12652835
2016-10-12,64.0376,64.4042,63.6321,63.9714,63.9714,11131216
2016-10-13,63.3967,63.7799,62.7228,63.5523,63.5523,13463003
2016-10-14,64.0153,64.268,63.491,63.5378,63.5378,10865931
2016-10-17,63.491,63.7196,63.1916,63.5378,63.5378,9882570
2016-10-18,63.9997,64.1163,63.4201,63.705,63.705,7365392
2016-10-19,64.0153,64.5006,63.7867,63.9997,63.9997,12750063
2016-10-20,63.7196,64.2418,63.5806,64.0289,64.0289,9335099
2016-10-21,63.4483,63.7439,62.9192,63.597,63.597,14601267
2016-10-24,63.6845,64.1126,63.1916,63.808,63.808,11347463
2016-10-25,63.6321,64.3536,63.5806,63.671,63.671,9290097
2016-10-26,63.3228,64.2048,63.106,63.9422,63.9422,11547491
2016-10-27,64.0814,64.3605,63.7284,63.8178,63.8178,12346177
2016-10-28,62.61,63.4055,61.7755,62.2452,62.2452,25974721
2016-10-31,61.5839,61.9662,60.9304,61.1755,61.1755,22689380
2016-11-01,61.3049,61.6131,61.1356,61.4177,61.4177,17775067
2016-11-02,61.1591,61.5839,60.8945,61.2689,61.2689,15290025
2016-11-03,61.439,61.5839,60.9752,61.4235,61.4235,12035521
2016-11-04,61.4021,61.9137,60.7632,61.3564,61.3564,18900959
2016-11-07,62.0322,62.7549,61.9671,62.7383,62.7383,18464907
2016-11-08,62.7598,63.5727,62.5837,63.1896,63.1896,13120743
2016-11-09,62.2549,64.2253,61.9671,63.8849,63.8849,21417907
2016-11-10,63.6321,65.1754,63.4473,64.4772,64.4772,18994702
2016-11-11,64.093,64.2418,62.8764,63.4561,63.4561,18622044
2016-11-14,63.1819,63.4405,62.4583,63.1662,63.1662,16999289
2016-11-15,63.5281,64.486,63.5281,64.306,64.306,17392558
2016-11-16,64.2476,64.2787,63.3889,63.5154,63.5154,10991428
2016-11-17,64.024,64.3527,62.9756,63.1283,63.1283,11063023
2016-11-18,63.1157,63.4405,62.8347,63.1662,63.1662,11273319
2016-11-21,64.024,64.2107,63.8003,64.061,64.061,11945178
2016-11-22,64.2107,64.6172,63.6778,64.2039,64.2039,12673983
2016-11-23,64.1009,64.5014,63.9297,64.3809,64.3809,8182384
2016-11-25,64.2253,64.5433,64.1009,64.5287,64.5287,6808493
2016-11-28,64.4042,64.5394,63.9764,64.0493,64.0493,9990666
2016-11-29,63.2693,63.7556,63.0175,63.6262,63.6262,12368955
2016-11-30,64.8837,65.3204,64.592,64.6629,64.6629,30576429
2016-12-01,65.1667,65.5519,64.6172,64.624,64.624,17550376
2016-12-02,64.5823,65.1754,64.1445,64.4694,64.4694,13032292
2016-12-05,64.73,65.048,64.3809,64.7962,64.7962,15824645
2016-12-06,64.6425,65.0869,64.2175,64.8555,64.8555,15229343
2016-12-07,64.9091,65.2941,64.592,65.2339,65.2339,14737015
2016-12-08,65.2192,65.8124,64.9206,65.4196,65.4196,12190498
2016-12-09,65.6577,65.9223,65.3125,65.9223,65.9223,10818292
2016-12-12,66.7655,67.773,66.7655,67.3879,67.3879,20975599
2016-12-13,68.0619,69.046,67.5289,68.5734,68.5734,24619562
2016-12-14,68.3351,68.3438,66.7888,67.0933,67.0933,22036769
2016-12-15,66.7382,67.3879,66.4854,67.3208,67.3208,15034907
2016-12-16,67.7895,67.9005,67.1369,67.5376,67.5376,27394530
2016-12-19,67.6845,67.8042,66.8112,66.9755,66.9755,13050514
2016-12-20,67.0407,67.2926,66.8783,66.9814,66.9814,9740202
2016-12-21,67.1661,67.3286,66.7967,66.8715,66.8715,9852994
2016-12-22,66.6779,67.3286,66.6779,67.311,67.311,10786729
2016-12-23,67.3208,67.3752,67.0484,67.1885,67.1885,5759476
2016-12-27,67.2771,67.4841,67.0933,67.2187,67.2187,6633425
2016-12-28,67.1661,67.4841,66.853,66.8852,66.8852,8888364
2016-12-29,66.7382,67.1068,66.6857,66.9202,66.9202,9023733
2016-12-30,66.6857,67.1808,66.6702,66.853,66.853,12309029
2017-01-03,67.3587,67.6554,66.7723,67.3208,67.3208,13965781
2017-01-04,67.4929,67.4929,66.4776,66.5817,66.5817,12670120
2017-01-05,66.8034,66.8852,65.509,65.5917,65.5917,19493102
2017-01-06,65.7648,65.9068,65.048,65.5519,65.5519,22286383
2017-01-09,65.3457,65.3457,64.1086,64.4694,64.4694,18559935
2017-01-10,64.5676,64.6717,63.6321,63.6466,63.6466,17912560
2017-01-11,63.6262,64.4042,63.597,64.2992,64.2992,14894286
2017-01-12,64.6425,64.7233,63.7527,63.951,63.951,14035013
2017-01-13,63.9015,64.2039,63.8266,63.9598,63.9598,11345612
2017-01-17,64.129,64.73,63.8849,64.7077,64.7077,17866221
2017-01-18,64.486,64.7437,63.7371,63.9073,63.9073,15950433
2017-01-19,63.6778,63.7741,62.6576,62.7598,62.7598,22112748
2017-01-20,63.2868,63.671,62.9951,63.6194,63.6194,25244229
2017-01-23,63.4648,63.6126,62.7724,62.9348,62.9348,15408606
2017-01-24,62.9426,63.3073,62.8297,63.0272,63.0272,15976966
2017-01-25,63.2119,63.6126,63.1448,63.2119,63.2119,12929282
2017-01-26,63.4697,63.5727,63.0495,63.4036,63.4036,11848338
2017-01-27,63.1819,63.5154,62.9911,63.3383,63.3383,14772312
2017-01-30,63.2693,63.2937,62.3493,62.8551,62.8551,17229295
2017-01-31,62.9893,63.0098,61.5752,62.1374,62.1374,25821865
2017-02-01,62.219,62.3367,61.1366,61.4332,61.4332,20387948
2017-02-02,61.6345,61.8708,61.1454,61.8106,61.8106,16458035
2017-02-03,61.9953,62.0119,61.4051,61.8786,61.8786,17206269
2017-02-06,61.8865,61.9593,61.4255,61.7084,61.7084,13406184
2017-02-07,61.6482,61.938,61.0705,61.3078,61.3078,15784767
2017-02-08,61.2853,61.3817,60.6727,60.9062,60.9062,18735036
2017-02-09,61.1434,61.3312,61.0423,61.1745,61.1745,12838438
2017-02-10,61.4877,61.8698,61.3894,61.6822,61.6822,11724806
2017-02-13,61.8698,62.1772,61.5548,62.0429,62.0429,12116705
2017-02-14,61.973,62.114,61.3369,61.9059,61.9059,15211332
2017-02-15,61.7717,62.1743,61.6414,62.1597,62.1597,15735595
2017-02-16,62.1295,62.3552,61.4205,61.5149,61.5149,14197492
2017-02-17,61.3593,61.4352,60.8731,61.1122,61.1122,20912807
2017-02-21,61.3817,61.4051,60.77,61.2095,61.2095,21958504
2017-02-22,61.0316,61.0676,60.4462,60.4928,60.4928,17270260
2017-02-23,60.8585,61.4557,60.5687,61.1269,61.1269,18516796
2017-02-24,60.9937,61.1434,60.3663,60.6056,60.6056,15165348
2017-02-27,60.6415,61.0763,60.4033,60.948,60.948,18002684
2017-02-28,60.7855,61.2853,60.7855,60.7855,60.7855,22513346
2017-03-01,61.0676,62.2861,61.0676,62.0517,62.0517,23381911
2017-03-02,61.8893,62.9756,61.8845,62.2656,62.2656,18951863
2017-03-03,62.4573,62.4885,61.4877,61.6385,61.6385,16444258
2017-03-06,61.6209,61.9652,61.5402,61.9127,61.9127,12864720
2017-03-07,62.1218,62.2569,61.3982,61.6822,61.6822,17004244
2017-03-08,61.5548,61.5772,60.5531,60.5687,60.5687,22494236
2017-03-09,60.275,61.0851,60.0318,61.0462,61.0462,19677376
2017-03-10,61.6209,61.6452,60.6602,61.0024,61.0024,15168321
2017-03-13,60.9188,61.2474,60.5813,60.8585,60.8585,12744533
2017-03-14,60.5463,60.7155,60.1252,60.5376,60.5376,15164583
2017-03-15,60.8049,61.3369,60.5774,61.2923,61.2923,16014221
2017-03-16,61.3155,61.443,61.0462,61.3458,61.3458,13276363
2017-03-17,61.3155,61.4877,61.1581,61.2923,61.2923,25196685
2017-03-20,61.0851,61.3243,60.8731,61.2923,61.2923,10300937
2017-03-21,61.4138,61.5548,60.9937,61.1658,61.1658,17910475
2017-03-22,61.2641,61.3593,60.8653,61.1122,61.1122,14941570
2017-03-23,61.016,61.4557,60.8876,61.1891,61.1891,11943575
2017-03-24,61.3155,61.3155,60.6562,60.7165,60.7165,12212368
2017-03-27,60.4121,60.8653,60.3897,60.7311,60.7311,11328899
2017-03-28,60.7855,61.3078,60.5152,61.1745,61.1745,14746133
2017-03-29,61.0617,61.5062,60.9538,61.3078,61.3078,11364569
2017-03-30,61.3155,62.6887,61.2446,62.5633,62.5633,59766805
2017-03-31,62.2345,62.2725,61.1891,61.299,61.299,29075151
2017-04-03,61.3078,61.5217,60.8049,61.3458,61.3458,15302585
2017-04-04,61.3681,61.6064,60.7934,61.5704,61.5704,12394446
2017-04-05,61.9273,62.4486,61.6452,61.688,61.688,18457922
2017-04-06,61.8544,62.1976,61.6385,62.0469,62.0469,12773627
2017-04-07,62.22,62.3095,61.8019,61.8621,61.8621,11918340
2017-04-10,62.1295,62.3911,61.9797,62.1374,62.1374,11886112
2017-04-11,62.1004,62.1684,61.6064,61.9194,61.9194,11473991
2017-04-12,61.937,62.3017,61.8155,62.0197,62.0197,12729903
2017-04-13,61.8301,61.8359,60.9723,61.0617,61.0617,11586744
2017-04-17,61.1824,61.2709,60.8702,60.9781,60.9781,12809093
2017-04-18,60.7855,61.1581,60.5687,60.5813,60.5813,11794255
2017-04-19,60.6727,60.9266,60.0241,60.1651,60.1651,14393016
2017-04-20,60.5074,61.0997,60.3207,60.5531,60.5531,15576284
2017-04-21,60.4928,60.5463,60.1496,60.313,60.313,13124703
2017-04-24,60.7525,60.8458,60.4033,60.627,60.627,11662684
2017-04-25,60.8653,61.2407,60.7525,61.0919,61.0919,14338724
2017-04-26,60.9334,61.5393,60.837,60.8458,60.8458,12624435
2017-04-27,60.5989,60.77,60.4996,60.7408,60.7408,16557465
2017-04-28,61.6385,61.6579,60.9645,61.0316,61.0316,16150098
2017-05-01,60.9266,61.4497,60.9062,61.3369,61.3369,11591174
2017-05-02,61.3982,61.7328,61.2173,61.3312,61.3312,12083230
2017-05-03,61.2709,62.0935,61.2261,61.8155,61.8155,13753159
2017-05-04,61.51,61.5625,60.8458,61.0219,61.0219,21622567
2017-05-05,61.016,61.4673,61.0024,61.3078,61.3078,13663402
2017-05-08,61.2923,61.9943,61.2923,61.9593,61.9593,10830305
2017-05-09,62.0109,62.0429,61.4138,61.5217,61.5217,11559044
2017-05-10,61.9623,62.152,61.6073,61.8038,61.8038,12617308
2017-05-11,62.3172,62.4067,61.9477,62.3308,62.3308,13313976
2017-05-12,62.1664,62.4067,62.0586,62.2861,62.2861,9908446
2017-05-15,62.6265,62.7636,62.363,62.4767,62.4767,14282098
2017-05-16,62.5488,62.7995,62.2123,62.2861,62.2861,12683532
2017-05-17,62.0985,62.6576,61.8398,61.8661,61.8661,14757940
2017-05-18,61.6967,61.9837,61.4342,61.6831,61.6831,13128407
2017-05-19,61.8718,61.9409,61.6423,61.8183,61.8183,17129728
2017-05-22,61.9554,62.1198,61.8183,62.0915,62.0915,12215685
2017-05-23,62.112,62.539,62.0499,62.3095,62.3095,9087353
2017-05-24,62.1869,62.2793,61.8786,62.0915,62.0915,10943099
2017-05-25,62.1198,62.4067,61.51,61.6831,61.6831,16391952
2017-05-26,61.5782,61.7221,60.9868,61.5315,61.5315,10805665
2017-05-30,61.3302,61.3729,61.1483,61.193,61.193,11883808
2017-05-31,61.0715,61.0793,60.7165,60.7408,60.7408,17986013
2017-06-01,60.6407,61.0413,60.5045,60.8896,60.8896,13091937
2017-06-02,60.8049,60.874,59.8034,59.9852,59.9852,28254464
2017-06-05,59.9405,60.6562,59.9103,60.451,60.451,15261332
2017-06-06,60.5872,61.3574,60.5268,61.2756,61.2756,16172419
2017-06-07,61.1551,61.4196,60.6193,61.0491,61.0491,17349525
2017-06-08,60.7476,61.1804,60.7311,60.8323,60.8323,15420519
2017-06-09,61.231,61.9779,60.8818,61.969,61.969,17947834
2017-06-12,62.3757,63.1468,62.3552,62.5759,62.5759,24077800
2017-06-13,62.5146,62.8297,62.3017,62.5954,62.5954,16133235
2017-06-14,62.4826,62.4903,61.5393,61.9234,61.9234,18172917
2017-06-15,61.7064,62.1733,61.5548,62.0654,62.0654,15721555
2017-06-16,62.3308,63.034,62.0235,62.9941,62.9941,52454875
2017-06-19,62.7928,62.9669,62.2861,62.4456,62.4456,13841988
2017-06-20,61.9234,62.223,61.4255,62.1042,62.1042,17534797
2017-06-21,61.901,62.3484,61.2232,61.4487,61.4487,15133964
2017-06-22,61.4547,61.5548,61.0413,61.1804,61.1804,10786282
2017-06-23,61.0044,61.6394,60.9363,61.5782,61.5782,14060876
2017-06-26,61.547,61.6831,61.0472,61.2961,61.2961,10226962
2017-06-27,61.4547,61.6676,61.1969,61.1969,61.1969,12219909
2017-06-28,61.4255,61.689,61.2582,61.5149,61.5149,12179327
2017-06-29,61.3963,61.7503,60.6718,60.8896,60.8896,27194329
2017-06-30,61.1804,61.297,60.8896,60.9149,60.9149,18541078
2017-07-03,60.9596,62.2404,60.9081,61.9477,61.9477,11162291
2017-07-05,61.6297,61.6297,60.7496,61.0044,61.0044,13025330
2017-07-06,61.0121,61.1804,60.4296,60.451,60.451,13015182
2017-07-07,60.5133,60.8089,60.2195,60.5268,60.5268,13782586
2017-07-10,60.3616,60.6718,60.3334,60.4831,60.4831,8399981
2017-07-11,60.6125,60.9304,60.3917,60.8138,60.8138,12734548
2017-07-12,61.2621,61.5072,60.9275,61.087,61.087,10566740
2017-07-13,61.0968,61.1872,60.9149,61.0968,61.0968,7396922
2017-07-14,61.1152,61.4255,60.9411,61.3302,61.3302,9935345
2017-07-17,61.1152,61.443,60.9868,61.0121,61.0121,10453256
2017-07-18,61.1299,61.1804,60.6718,60.8138,60.8138,10652204
2017-07-19,60.6941,61.018,60.5677,61.0044,61.0044,12446951
2017-07-20,61.0968,61.4877,60.9275,61.0121,61.0121,12825214
2017-07-21,60.8546,60.9966,60.3616,60.451,60.451,16256548
2017-07-24,60.4082,60.5268,60.1816,60.2634,60.2634,12461167
2017-07-25,60.9411,61.1551,60.5677,60.5677,60.5677,15191820
2017-07-26,60.7992,61.0413,60.5133,60.6407,60.6407,13869315
2017-07-27,60.5444,61.0257,60.2857,60.9868,60.9868,14767178
2017-07-28,60.099,60.3003,59.0575,60.06,60.06,30212636
2017-07-31,60.2322,60.6562,60.06,60.3917,60.3917,16971929
2017-08-01,60.4831,60.771,60.3411,60.4898,60.4898,13807592
2017-08-02,60.2886,60.8468,60.2108,60.8138,60.8138,13493408
2017-08-03,60.6193,60.98,60.5872,60.7311,60.7311,13433046
2017-08-04,60.7408,60.7865,60.4005,60.522,60.522,10983624
2017-08-07,60.4898,60.4898,60.2575,60.4831,60.4831,10460894
2017-08-08,60.377,60.524,60.2322,60.3334,60.3334,11959909
2017-08-09,60.5511,60.626,60.1972,60.522,60.522,10712889
2017-08-10,60.7641,60.7817,60.1174,60.1631,60.1631,16509253
2017-08-11,60.3459,60.3752,59.5787,59.5845,59.5845,13369393
2017-08-14,59.8966,60.0289,59.5155,59.6,59.6,11632106
2017-08-15,59.5155,59.6127,59.179,59.4522,59.4522,13583827
2017-08-16,59.4522,59.5524,58.8998,59.0204,59.0204,11956254
2017-08-17,58.861,58.8746,58.0606,58.0986,58.0986,17194895
2017-08-18,58.0363,58.7452,57.938,58.3854,58.3854,17771729
2017-08-21,58.257,58.3718,57.9614,58.1918,58.1918,13119717
2017-08-22,58.3183,58.9135,58.3046,58.4641,58.4641,12471530
2017-08-23,58.4341,58.6704,58.257,58.3659,58.3659,9256516
2017-08-24,58.2823,58.3952,58.0518,58.151,58.151,11389788
2017-08-25,58.3271,58.7599,58.2279,58.4486,58.4486,8979599
2017-08-28,58.5858,58.6159,58.0986,58.257,58.257,10796877
2017-08-29,58.0606,58.2735,57.9614,58.2424,58.2424,9256741
2017-08-30,58.0829,58.2424,57.9439,57.9769,57.9769,10775900
2017-08-31,58.1063,58.2735,57.938,58.151,58.151,20530892
2017-09-01,58.1821,58.5488,58.1442,58.3348,58.3348,9659111
2017-09-05,58.3854,58.9377,58.3659,58.7978,58.7978,16781173
2017-09-06,59.3394,60.3576,59.1041,60.0191,60.0191,24039503
2017-09-07,60.2021,60.4355,59.8889,60.2089,60.2089,12907932
2017-09-08,60.1932,60.2166,59.9054,60.0474,60.0474,11072501
2017-09-11,60.4977,60.5045,60.1097,60.3752,60.3752,17005020
2017-09-12,60.4898,60.7117,60.3683,60.5677,60.5677,10040403
2017-09-13,60.5677,60.774,60.4773,60.774,60.774,10980001
2017-09-14,60.8352,61.122,60.774,61.016,61.016,11896384
2017-09-15,61.0384,61.1065,60.6046,61.0014,61.0014,20965904
2017-09-18,60.7874,61.0539,60.7184,61.016,61.016,11077904
2017-09-19,60.9927,61.2446,60.9363,61.1142,61.1142,12175368
2017-09-20,61.1609,61.4497,61.1464,61.3671,61.3671,13896314
2017-09-21,61.3214,61.3506,60.7641,60.8615,60.8615,15577097
2017-09-22,60.734,61.1784,60.6961,60.8848,60.8848,13191727
2017-09-25,60.9723,61.7104,60.9314,61.692,61.692,13759838
2017-09-26,61.4896,61.7064,61.3739,61.6258,61.6258,11470455
2017-09-27,61.6258,62.0499,61.549,62.0382,62.0382,12621585
2017-09-28,62.1879,62.8132,62.1364,62.6148,62.6148,20449509
2017-09-29,62.4262,62.5146,62.148,62.4543,62.4543,12993507
2017-10-02,61.9389,62.3328,61.8952,62.1879,62.1879,8886466
2017-10-03,62.0235,62.4466,61.9389,62.2881,62.2881,7980599
2017-10-04,62.3182,62.3717,62.0499,62.3124,62.3124,8337131
2017-10-05,62.2579,62.6556,62.1587,62.4865,62.4865,9678351
2017-10-06,62.2958,62.3873,61.9797,62.2492,62.2492,7968074
2017-10-09,62.361,62.6071,62.3581,62.4942,62.4942,9831171
2017-10-10,62.7149,62.8589,62.539,62.6703,62.6703,9475032
2017-10-11,62.5924,63.035,62.5808,62.928,62.928,9166950
2017-10-12,62.7062,62.8132,62.6003,62.7995,62.7995,8849786
2017-10-13,63.0282,63.2947,62.7461,62.7821,62.7821,9418150
2017-10-16,63.0028,63.1935,62.8823,63.0874,63.0874,7515860
2017-10-17,62.9493,63.21,62.8823,63.2032,63.2032,8319453
2017-10-18,63.2032,63.529,62.8823,63.0495,63.0495,8349573
2017-10-19,62.7383,63.2703,62.7228,63.035,63.035,10429253
2017-10-20,63.1176,63.3335,62.9426,63.3141,63.3141,12513432
2017-10-23,63.349,63.813,63.2635,63.4152,63.4152,12902324
2017-10-24,63.6516,63.846,63.4688,63.5913,63.5913,9800084
2017-10-25,63.5747,63.7886,63.1916,63.3627,63.3627,12014032
2017-10-26,63.5154,63.7294,63.3141,63.5913,63.5913,12008494
2017-10-27,63.2324,64.1786,62.4787,63.7731,63.7731,19507475
2017-10-30,63.7294,63.9559,63.5465,63.6437,63.6437,10252790
2017-10-31,63.7294,63.7527,63.3627,63.4998,63.4998,12802250
2017-11-01,63.5281,63.9482,63.4327,63.8966,63.8966,12377715
2017-11-02,63.6914,63.7682,63.1642,63.6359,63.6359,10204152
2017-11-03,63.5533,63.7196,63.354,63.3705,63.3705,9061599
2017-11-06,63.4618,63.8966,63.28,63.8043,63.8043,12173614
2017-11-07,63.7964,63.8567,63.3082,63.6758,63.6758,11066175
2017-11-08,63.5086,63.6146,63.1244,63.5913,63.5913,11408196
2017-11-09,63.4618,64.1028,63.2947,63.9744,63.9744,13754368
2017-11-10,63.8266,63.88,63.3734,63.7711,63.7711,11306222
2017-11-13,63.5513,63.8879,63.5124,63.7332,63.7332,8739961
2017-11-14,63.3734,63.6262,63.1176,63.2334,63.2334,12029199
2017-11-15,62.857,63.1176,62.397,62.4437,62.4437,12427858
2017-11-16,61.8495,62.1656,61.6228,61.9438,61.9438,13582471
2017-11-17,61.757,62.0206,61.6355,61.6948,61.6948,12401305
2017-11-20,61.688,62.0032,61.5169,61.9351,61.9351,11007786
2017-11-21,62.0449,62.4738,62.0032,62.1791,62.1791,11453826
2017-11-22,62.4038,62.5915,62.3182,62.359,62.359,10328133
2017-11-24,62.6187,62.8171,62.4476,62.6021,62.6021,5008858
2017-11-27,62.364,62.5885,62.364,62.364,62.364,11864469
2017-11-28,62.5944,63.0495,62.5176,62.7967,62.7967,12738519
2017-11-29,62.7801,63.2897,62.6499,63.2567,63.2567,12629621
2017-11-30,63.3939,64.1251,63.3647,64.0434,64.0434,24172083
2017-12-01,64.1572,64.6863,63.3647,64.1718,64.1718,17892842
2017-12-04,63.9793,64.7233,63.8197,64.2564,64.2564,16362749
2017-12-05,64.203,64.411,63.5951,63.7332,63.7332,12168723
2017-12-06,63.88,63.9744,63.211,63.2635,63.2635,15662354
2017-12-07,63.3569,63.5261,63.1809,63.4715,63.4715,14766283
2017-12-08,63.6262,63.742,63.2479,63.5571,63.5571,14246202
2017-12-11,63.7799,64.0104,63.6185,63.8402,63.8402,11392340
2017-12-12,63.8879,64.1126,63.5873,63.6321,63.6321,14705492
2017-12-13,63.5184,64.0513,63.4182,63.9092,63.9092,13173595
2017-12-14,63.8402,64.0707,63.7332,63.742,63.742,12338692
2017-12-15,63.9422,64.0337,63.7167,63.8402,63.8402,34487372
2017-12-18,63.9559,64.3362,63.7497,63.7711,63.7711,12177725
2017-12-19,63.8402,63.9482,63.3024,63.387,63.387,13376279
2017-12-20,63.5124,63.9248,63.4483,63.7167,63.7167,13806375
2017-12-21,64.0872,64.7952,63.7867,64.4703,64.4703,17651268
2017-12-22,64.4957,64.6017,64.2797,64.5637,64.5637,13108313
2017-12-26,64.5549,64.8662,64.5112,64.5735,64.5735,6204517
2017-12-27,64.5803,64.6639,64.3858,64.5112,64.5112,9103216
2017-12-28,64.5735,64.624,64.4334,64.6017,64.6017,9747721
2017-12-29,64.589,64.7407,64.3099,64.3099,64.3099,11083984
2018-01-02,64.4481,65.5071,64.3265,65.3778,65.3778,14914767
2018-01-03,66.6634,66.8676,66.6634,66.6634,66.6634,18150360
2018-01-04,66.7315,67.0621,66.4552,66.7568,66.7568,14127554
2018-01-05,66.7013,66.8024,65.898,66.7013,66.7013,14343642
2018-01-08,66.6634,67.0097,66.5894,67.0008,67.0008,14205237
2018-01-09,66.8463,67.0097,66.6236,66.7159,66.7159,10511630
2018-01-10,66.8939,67.0397,66.111,66.1868,66.1868,14075169
2018-01-11,66.3998,67.1788,66.0711,66.8393,66.8393,18677967
2018-01-12,67.0484,67.6554,67.0329,67.2936,67.2936,12789502
2018-01-16,67.4627,67.4784,66.5856,66.8725,66.8725,14144783
2018-01-17,67.0484,67.8236,66.8393,67.6631,67.6631,13714270
2018-01-18,67.4861,67.8089,67.1545,67.2255,67.2255,11963214
2018-01-19,67.3315,67.4784,66.5953,67.0097,67.0097,16961606
2018-01-22,67.0251,67.8838,66.9328,67.8547,67.8547,12667198
2018-01-23,67.8547,68.0162,67.4627,67.8935,67.8935,12805728
2018-01-24,68.0395,68.3702,67.6709,68.0706,68.0706,13302014
2018-01-25,68.0851,68.3302,67.8158,67.9461,67.9461,14632864
2018-01-26,68.1532,68.4333,68.0239,68.4333,68.4333,13526805
2018-01-29,68.1172,68.6628,67.6233,67.6709,67.6709,12099558
2018-01-30,67.311,67.9548,66.7237,66.7237,66.7237,16104939
2018-01-31,66.5544,67.2547,66.3803,67.1244,67.1244,18580071
2018-02-01,67.278,68.625,67.1623,68.4859,68.4859,23363797
2018-02-02,65.4536,66.1324,63.8187,64.9936,64.9936,38716402
2018-02-05,64.0337,64.5803,60.0747,61.2951,61.2951,39319284
2018-02-06,60.3663,61.7795,59.1284,60.2429,60.2429,47162216
2018-02-07,60.311,61.0579,59.141,59.1596,59.1596,28580123
2018-02-08,59.5427,59.6526,58.4593,58.4894,58.4894,33317986
2018-02-09,59.2266,59.4046,57.4032,58.8639,58.8639,37152579
2018-02-12,59.849,60.2944,58.9086,59.3588,59.3588,24894156
2018-02-13,59.1108,59.6156,58.8231,59.2665,59.2665,15285228
2018-02-14,58.8707,59.5456,58.3825,59.392,59.392,22115409
2018-02-15,59.5155,59.5796,58.6052,59.1965,59.1965,18084357
2018-02-16,59.1498,59.9054,58.9135,59.4513,59.4513,17646286
2018-02-20,58.8385,60.1748,58.8385,58.8385,58.8385,16646521
2018-02-21,58.8951,59.3706,58.1559,58.1724,58.1724,15054773
2018-02-22,58.4894,59.6856,58.4019,58.9233,58.9233,17357594
2018-02-23,59.1031,60.2935,58.9952,60.2225,60.2225,17207253
2018-02-26,60.3849,61.3097,60.2458,61.2387,61.2387,21771070
2018-02-27,61.3642,62.0419,60.2001,60.2001,60.2001,18834100
2018-02-28,60.7117,60.7827,58.7997,58.8318,58.8318,21998924
2018-03-01,58.6684,59.5611,58.1442,58.4127,58.4127,20207951
2018-03-02,58.1724,58.933,57.8544,58.6849,58.6849,20122449
2018-03-05,58.4351,59.4688,58.3504,59.2451,59.2451,19170701
2018-03-06,59.5534,59.7945,58.9242,59.174,59.174,13845118
2018-03-07,58.256,58.4438,57.1396,57.6813,57.6813,35088794
2018-03-08,57.8671,58.079,57.2398,57.5743,57.5743,24846702
2018-03-09,58.117,58.3046,57.6453,57.9157,57.9157,25379962
2018-03-12,58.1559,58.7083,58.0159,58.4438,58.4438,18315520
2018-03-13,58.5119,58.8951,57.6735,57.8924,57.8924,17688513
2018-03-14,57.9769,58.0946,57.1143,57.1669,57.1669,19080201
2018-03-15,57.7523,58.256,57.5569,57.8048,57.8048,20135780
2018-03-16,57.7611,58.3494,57.7611,58.3494,58.3494,41338185
2018-03-19,58.256,58.2638,57.3749,57.5967,57.5967,16407684
2018-03-20,57.6511,58.0227,57.4401,57.4732,57.4732,16740351
2018-03-21,57.657,58.7539,57.4664,58.2882,58.2882,19849786
2018-03-22,57.8048,58.0227,57.0055,57.09,57.09,22834712
2018-03-23,57.3323,57.6453,56.4472,56.6193,56.6193,25950635
2018-03-26,57.2106,57.5967,56.5134,57.48,57.48,19353155
2018-03-27,57.48,58.1763,56.9159,57.2457,57.2457,20369189
2018-03-28,57.2787,57.4867,56.5318,56.5552,56.5552,23384245
2018-03-29,56.9587,58.1724,56.9052,57.9537,57.9537,19160287
2018-04-02,57.691,57.7893,56.0466,56.875,56.875,23033054
2018-04-03,57.0541,58.3669,56.7798,58.2726,58.2726,20597373
2018-04-04,57.5189,58.3046,57.0463,58.1559,58.1559,16893535
2018-04-05,58.3046,59.2831,58.2726,59.0478,59.0478,18281128
2018-04-06,58.7539,59.1264,57.6483,58.1559,58.1559,18409323
2018-04-09,58.4271,58.8707,58.1014,58.1559,58.1559,14294190
2018-04-10,59.0964,60.4092,59.0807,59.8646,59.8646,24836859
2018-04-11,59.8966,60.6183,59.6156,60.1456,60.1456,17681149
2018-04-12,60.4801,60.6931,59.8131,59.9812,59.9812,17084309
2018-04-13,60.4315,60.735,60.276,60.4637,60.4637,14064845
2018-04-16,60.6796,61.4293,60.3616,61.0073,61.0073,13831407
2018-04-17,61.0073,61.1794,60.6183,60.8439,60.8439,13489539
2018-04-18,61.3944,61.9554,61.3175,61.5353,61.5353,15527916
2018-04-19,61.6121,62.0002,61.2154,61.689,61.689,14536680
2018-04-20,61.6121,61.6744,60.8468,61.3642,61.3642,15541826
2018-04-23,61.3,61.8301,61.1697,61.8066,61.8066,15101030
2018-04-24,61.9837,62.0878,60.5647,60.8585,60.8585,18154945
2018-04-25,60.7437,61.8446,60.1865,61.7513,61.7513,17853029
2018-04-26,61.8301,62.8394,61.7765,62.8084,62.8084,18737446
2018-04-27,59.7722,61.0928,59.4046,60.4228,60.4228,21044980
2018-04-30,60.5171,61.0199,60.3849,60.3917,60.3917,19348182
2018-05-01,60.0114,60.0114,59.0185,59.7722,59.7722,20895902
2018-05-02,59.3833,59.9872,59.2665,59.6555,59.6555,17873912
2018-05-03,59.3355,59.5038,58.5711,59.4513,59.4513,15761881
2018-05-04,59.1343,59.9812,58.9855,59.7313,59.7313,12728811
2018-05-07,60.3849,61.4255,60.1204,60.3849,60.3849,19403154
2018-05-08,60.4315,60.7117,59.321,60.6572,60.6572,22440020
2018-05-09,61.3476,62.3261,61.3262,62.0878,62.0878,22068806
2018-05-10,62.6372,63.529,62.5283,63.4775,63.4775,22800346
2018-05-11,63.6972,64.3167,63.4842,63.7751,63.7751,18799997
2018-05-14,64.1046,64.5948,64.0337,64.2058,64.2058,15105334
2018-05-15,64.2214,64.3634,63.8683,64.1757,64.1757,16053087
2018-05-16,64.1515,64.3751,63.6895,64.3556,64.3556,12196777
2018-05-17,64.4976,64.5589,63.9015,64.2457,64.2457,14304987
2018-05-18,63.9861,64.1815,63.7594,63.7906,63.7906,12784283
2018-05-21,64.1271,64.6132,63.9637,64.5589,64.5589,11243980
2018-05-22,64.6853,64.8496,63.8295,64.058,64.058,13705093
2018-05-23,63.5164,64.521,63.2168,64.4578,64.4578,19296860
2018-05-24,63.8295,63.8372,62.7316,62.9834,62.9834,17027713
2018-05-25,62.2073,62.2433,61.2728,61.758,61.758,18559049
2018-05-29,61.3195,61.7746,60.8342,61.5305,61.5305,18664607
2018-05-30,62.1801,64.0717,62.1577,63.9472,63.9472,21191471
2018-05-31,63.4065,63.9861,63.3101,63.7439,63.7439,20140821
2018-06-01,64.2389,64.6132,63.9861,64.2058,64.2058,12625205
2018-06-04,64.3789,64.7554,63.4026,63.53,63.53,13961624
2018-06-05,63.2324,64.0639,63.0914,63.3034,63.3034,15369443
2018-06-06,63.9315,64.411,63.4531,64.3858,64.3858,14788217
2018-06-07,64.9128,65.3544,64.7796,65.0316,65.0316,17208691
2018-06-08,65.2114,65.6423,64.732,65.5945,65.5945,18289349
2018-06-11,65.6869,65.7443,65.0675,65.2027,65.2027,13804720
2018-06-12,65.2114,65.7143,64.592,64.6688,64.6688,15742178
2018-06-13,64.6853,64.8108,63.9238,63.954,63.954,15356636
2018-06-14,64.2914,64.5773,63.9472,64.2535,64.2535,14627595
2018-06-15,64.1183,64.1981,63.1712,63.2907,63.2907,30329521
2018-06-18,63.0826,63.8519,63.0038,63.4132,63.4132,11715796
2018-06-19,62.682,63.5241,62.5418,63.3179,63.3179,11164126
2018-06-20,63.4386,63.6564,62.9834,63.1216,63.1216,11365492
2018-06-21,62.786,63.069,62.2404,62.5263,62.5263,14007445
2018-06-22,63.6798,64.2924,63.49,63.8519,63.8519,21293302
2018-06-25,63.3812,63.7439,62.222,62.5672,62.5672,13455064
2018-06-26,62.889,63.5669,62.7481,63.2722,63.2722,13232709
2018-06-27,63.6029,64.7164,63.6029,64.1126,64.1126,16218937
2018-06-28,64.1271,64.3945,63.5776,64.3167,64.3167,11968257
2018-06-29,64.6931,65.5479,64.5676,64.9128,64.9128,22078185
2018-07-02,64.2535,64.4411,63.8053,64.1515,64.1515,12742716
2018-07-03,64.7952,65.4789,64.4022,64.5277,64.5277,9172805
2018-07-05,64.8039,64.945,64.3789,64.5832,64.5832,11516092
2018-07-06,64.3079,64.8886,64.0717,64.5978,64.5978,9733398
2018-07-09,64.9761,65.2231,64.7748,65.0471,65.0471,9123530
2018-07-10,65.6724,66.003,65.5226,65.6423,65.6423,11223339
2018-07-11,65.1463,65.5402,64.3585,64.8039,64.8039,13261370
2018-07-12,65.1327,65.3106,64.5832,64.8798,64.8798,12442212
2018-07-13,64.873,65.7143,64.7796,65.3681,65.3681,11115461
2018-07-16,64.7465,64.9596,64.3381,64.7243,64.7243,10587292
2018-07-17,64.5433,64.9275,64.3712,64.5832,64.5832,9397229
2018-07-18,64.1815,64.592,63.9404,64.5132,64.5132,11103173
2018-07-19,64.4976,64.8263,64.1183,64.3469,64.3469,11035935
2018-07-20,64.1183,64.2865,63.7527,63.8683,63.8683,11737218
2018-07-23,64.3002,64.3381,63.6972,63.8683,63.8683,10738717
2018-07-24,63.9637,65.1395,63.9315,65.1327,65.1327,14173517
2018-07-25,65.1327,65.7056,64.7397,65.5878,65.5878,12401601
2018-07-26,65.7755,66.2229,65.4147,66.0974,66.0974,16836083
2018-07-27,63.53,64.6396,63.4026,64.2768,64.2768,23225726
2018-07-30,64.4411,64.4411,63.3286,64.1358,64.1358,14379866
2018-07-31,64.058,64.4578,63.9015,63.954,63.954,14932958
2018-08-01,63.4688,63.4998,62.9455,63.0758,63.0758,11389721
2018-08-02,62.682,62.9727,62.3387,62.6995,62.6995,10660174
2018-08-03,62.7481,63.0038,62.4796,62.927,62.927,9955236
2018-08-06,62.9679,63.1108,62.5672,62.9124,62.9124,12798166
2018-08-07,63.4842,64.0172,63.0135,63.7663,63.7663,13635083
2018-08-08,63.5689,63.7351,63.0467,63.3433,63.3433,9271964
2018-08-09,63.3433,63.4803,62.857,63.0223,63.0223,12526285
2018-08-10,63.0301,63.0407,62.5117,62.9582,62.9582,16341478
2018-08-13,62.9824,63.2198,62.1724,62.2764,62.2764,13004345
2018-08-14,62.6168,62.679,61.8952,62.079,62.079,10099292
2018-08-15,61.6569,61.7523,60.6513,60.9917,60.9917,20571853
2018-08-16,61.2621,61.9117,61.196,61.8329,61.8329,14532116
2018-08-17,62.1014,62.222,61.6734,62.0402,62.0402,12840116
2018-08-20,62.0402,62.6255,61.9671,62.4758,62.4758,10283661
2018-08-21,62.6653,63.0836,62.364,62.4903,62.4903,11595762
2018-08-22,62.713,63.458,62.6411,63.386,63.386,12738667
2018-08-23,63.07,63.1224,62.5408,62.6877,62.6877,9087534
2018-08-24,63.0379,63.458,62.9582,63.1176,63.1176,8256624
2018-08-27,63.347,63.7906,63.3044,63.7342,63.7342,8416397
2018-08-28,63.8781,64.0667,63.5747,63.6399,63.6399,11130434
2018-08-29,63.7663,64.2418,63.491,64.1009,64.1009,10097840
2018-08-30,63.7751,64.0366,63.5144,63.8237,63.8237,9399062
2018-08-31,63.6097,63.7828,63.2352,63.5533,63.5533,13497794
2018-09-04,63.743,63.9657,63.2654,63.6466,63.6466,11170390
2018-09-05,63.3393,64.5511,63.102,64.4967,64.4967,17507269
2018-09-06,64.2972,64.7183,63.6885,63.7828,63.7828,16803652
2018-09-07,63.5368,64.9498,63.2752,64.8701,64.8701,20710615
2018-09-10,65.189,65.5907,64.73,64.7739,64.7739,13646529
2018-09-11,64.9712,65.9466,64.7106,65.6841,65.6841,15001348
2018-09-12,65.9962,66.4135,65.6919,65.899,65.899,14578428
2018-09-13,65.9146,65.9962,65.0111,65.2552,65.2552,14081480
2018-09-14,65.3349,65.9146,65.2192,65.7337,65.7337,11911573
2018-09-17,65.7959,66.2782,65.7872,66.1207,66.1207,10600577
2018-09-18,66.5098,66.6926,66.1538,66.2968,66.2968,11630657
2018-09-19,66.3055,67.1992,66.3055,67.0893,67.0893,13136483
2018-09-20,67.2692,67.6515,67.0184,67.2401,67.2401,14126205
2018-09-21,67.3879,67.7234,67.0008,67.5153,67.5153,33604971
2018-09-24,68.0074,69.0343,67.9519,68.6483,68.6483,17092292
2018-09-25,68.9916,69.2522,68.4664,68.5695,68.5695,15390858
2018-09-26,68.1902,68.5695,67.9287,67.9996,67.9996,12962279
2018-09-27,68.2417,68.4703,67.8498,67.9927,67.9927,9959882
2018-09-28,67.5805,68.1192,67.3743,67.3966,67.3966,12469603
2018-10-01,67.6592,68.197,67.5843,68.0239,68.0239,10808579
2018-10-02,68.0152,68.7017,67.8741,68.5383,68.5383,10663417
2018-10-03,68.5772,68.8816,68.1523,68.2933,68.2933,12875521
2018-10-04,67.7779,68.234,67.5805,67.8421,67.8421,12872823
2018-10-05,67.6271,67.9364,67.3266,67.6515,67.6515,11627505
2018-10-08,67.2138,68.4158,67.103,68.2777,68.2777,16704904
2018-10-09,68.4752,68.8719,67.9675,68.5772,68.5772,12839141
2018-10-10,68.7533,68.8233,66.9833,67.0008,67.0008,20906956
2018-10-11,66.5418,66.7218,64.3449,64.6863,64.6863,25633232
2018-10-12,65.1064,65.192,63.6312,64.5122,64.5122,19194975
2018-10-15,64.5122,64.7933,64.0667,64.0667,64.0667,13319596
2018-10-16,63.8237,64.4207,63.4259,64.3692,64.3692,12339462
2018-10-17,64.164,64.6212,63.6885,64.6055,64.6055,15450221
2018-10-18,64.3692,65.3748,64.3692,64.8827,64.8827,22010923
2018-10-19,64.734,65.3699,64.6142,64.98,64.98,15262190
2018-10-22,65.0033,65.1443,63.9248,64.3293,64.3293,11951342
2018-10-23,63.4668,63.7828,62.4009,63.2927,63.2927,19508860
2018-10-24,63.5211,63.6242,61.4751,61.5315,61.5315,20291745
2018-10-25,62.222,62.6653,61.6268,62.079,62.079,15535633
2018-10-26,61.7299,62.1577,61.0092,61.4594,61.4594,22909029
2018-10-29,61.8883,62.1724,60.4218,61.0793,61.0793,19814024
2018-10-30,61.5315,62.6489,61.3729,62.4495,62.4495,22401560
2018-10-31,62.895,63.6962,62.5448,63.1642,63.1642,20977149
2018-11-01,63.2839,64.0133,62.8618,63.9482,63.9482,17861532
2018-11-02,64.8127,65.3621,63.601,64.9634,64.9634,24409982
2018-11-05,65.4,65.6919,64.5589,64.7183,64.7183,19950170
2018-11-06,64.7971,65.084,64.4888,64.9946,64.9946,11433140
2018-11-07,65.1706,65.9068,64.733,65.8182,65.8182,16020458
2018-11-08,65.899,66.3863,64.6357,64.7739,64.7739,21275372
2018-11-09,64.269,65.1813,63.8178,64.7582,64.7582,18819797
2018-11-12,65.3893,65.4458,63.8431,63.9248,63.9248,14869108
2018-11-13,63.9015,63.9413,62.1704,62.4592,62.4592,19394382
2018-11-14,63.1477,63.3335,61.4576,61.971,61.971,23168147
2018-11-15,61.3934,62.611,60.7865,62.611,62.611,23697540
2018-11-16,62.7558,63.4113,62.539,63.2285,63.2285,17114871
2018-11-19,62.8268,63.5504,62.8035,63.4366,63.4366,11777348
2018-11-20,62.7967,63.1809,61.1541,61.6345,61.6345,19398746
2018-11-21,62.0022,62.7636,61.867,62.1052,62.1052,12095681
2018-11-23,60.8993,61.016,59.816,60.4481,60.4481,13581392
2018-11-26,61.0491,61.9137,60.9538,61.6423,61.6423,17160083
2018-11-27,61.3136,62.0197,61.1794,61.6977,61.6977,12918491
2018-11-28,61.69,62.8181,61.5305,62.8181,62.8181,14339061
2018-11-29,62.6353,63.6845,62.6148,63.3063,63.3063,12806886
2018-11-30,62.8181,63.74,62.7159,63.6603,63.6603,17533540
2018-12-03,64.2526,65.2309,64.1728,65.0383,65.0383,24245550
2018-12-04,65.1657,65.6218,63.5407,63.6049,63.6049,23153893
2018-12-06,62.4592,62.8103,61.5946,62.7705,62.7705,28995054
2018-12-07,63.5708,64.3488,61.9254,62.1704,62.1704,20261640
2018-12-10,62.3474,62.3474,59.8957,61.2903,61.2903,22411436
2018-12-11,62.221,62.2998,60.6017,61.4021,61.4021,19659366
2018-12-12,62.4913,62.6197,60.8692,60.8721,60.8721,18182547
2018-12-13,60.8809,61.8349,60.8176,61.6423,61.6423,17170890
2018-12-14,61.4352,61.5538,60.1282,60.522,60.522,15821612
2018-12-17,60.2643,60.5376,58.8395,59.2879,59.2879,19311821
2018-12-18,58.9602,59.143,57.3497,57.6551,57.6551,23329336
2018-12-19,58.0139,58.6713,56.2897,56.6777,56.6777,27073820
2018-12-20,56.1243,56.5804,54.4925,54.9573,54.9573,35870524
2018-12-21,54.5644,56.351,54.1871,54.5489,54.5489,59053113
2018-12-24,53.5471,54.0753,52.4017,52.457,52.457,17811628
2018-12-26,52.9929,54.9757,51.7693,54.9641,54.9641,31080182
2018-12-27,54.2444,55.2053,52.915,55.2053,55.2053,27570143
2018-12-28,55.3978,55.7169,54.3067,54.5859,54.5859,24614897
2018-12-31,54.7084,55.3687,54.1784,54.6043,54.6043,19740029
2019-01-02,53.9303,55.9483,53.8564,55.8054,55.8054,20889232
2019-01-03,56.0524,56.2536,54.7356,54.9486,54.9486,17316211
2019-01-04,55.7645,57.0696,55.5408,56.9753,56.9753,20035539
2019-01-07,57.055,57.7338,56.6466,57.271,57.271,13542350
2019-01-08,58.0869,58.1268,57.6055,57.6872,57.6872,14285149
2019-01-09,58.1345,58.1345,57.3692,57.9906,57.9906,16825933
2019-01-10,57.7114,57.7183,56.9499,57.6959,57.6959,16423310
2019-01-11,57.5344,57.5676,56.9092,57.4314,57.4314,12226068
2019-01-14,57.022,57.479,56.9499,57.3585,57.3585,13752401
2019-01-15,57.6132,57.942,57.1114,57.3905,57.3905,12860682
2019-01-16,57.1902,57.9547,57.1026,57.3662,57.3662,15729624
2019-01-17,57.0055,57.9264,56.773,57.7601,57.7601,12665162
2019-01-18,58.6713,58.6878,57.7552,58.4476,58.4476,19680281
2019-01-22,57.9681,58.223,57.3993,57.5676,57.5676,18776684
2019-01-23,57.6608,57.8933,56.7983,57.0929,57.0929,16468399
2019-01-24,56.9345,57.6317,56.5668,57.1736,57.1736,14077536
2019-01-25,57.7114,57.8699,57.2826,57.4314,57.4314,11237240
2019-01-28,56.8703,57.0774,56.351,57.0463,57.0463,17081851
2019-01-29,57.2621,57.8057,57.2388,57.2621,57.2621,13129095
2019-01-30,57.4712,58.1121,57.2573,57.8865,57.8865,14392244
2019-01-31,57.8865,58.8474,57.6687,58.6811,58.6811,24822317
2019-02-01,59.991,61.2494,59.5125,60.7934,60.7934,28683653
2019-02-04,60.6649,60.6649,59.5787,59.9123,59.9123,19336446
2019-02-05,60.203,60.5687,60.065,60.5288,60.5288,15968268
2019-02-06,60.522,60.6737,60.1613,60.2643,60.2643,13570749
2019-02-07,60.0173,60.2098,59.176,59.8004,59.8004,18006552
2019-02-08,59.7187,59.9715,58.8862,59.8976,59.8976,14771446
2019-02-11,59.816,60.0921,59.4299,59.9939,59.9939,12888190
2019-02-12,60.7894,61.088,60.5774,61.0481,61.0481,15561316
2019-02-13,61.193,61.971,61.1356,61.7338,61.7338,16321333
2019-02-14,61.7435,62.0586,61.298,61.7513,61.7513,15776225
2019-02-15,62.2949,62.9582,62.1403,62.9192,62.9192,17699444
2019-02-19,62.7977,63.5416,62.7072,63.3403,63.3403,16737455
2019-02-20,63.3948,63.808,63.1527,63.5806,63.5806,15603210
2019-02-21,63.3218,63.6875,62.8375,63.0058,63.0058,12679580
2019-02-22,63.7284,63.9218,62.8473,63.491,63.491,11757291
2019-02-25,63.5007,63.8402,63.3121,63.5581,63.5581,11454810
2019-02-26,63.7031,64.0667,63.4688,63.6875,63.6875,13574502
2019-02-27,63.8655,64.5735,63.6875,64.342,64.342,15313058
2019-02-28,64.3273,64.5696,63.7284,63.9861,63.9861,18029886
2019-03-01,64.27,64.7719,63.9861,64.7719,64.7719,19044569
2019-03-04,64.9654,65.2144,63.9724,65.0228,65.0228,22343210
2019-03-05,64.8701,65.0957,64.5706,64.9255,64.9255,16977064
2019-03-06,63.8402,64.27,63.0398,64.1884,64.1884,23014410
2019-03-07,64.4072,64.9809,64.2214,64.9021,64.9021,20430740
2019-03-08,63.8742,64.2214,63.354,63.9714,63.9714,20022565
2019-03-11,64.7562,65.0072,64.4888,64.5948,64.5948,13661318
2019-03-12,64.8622,65.2416,64.6834,64.7719,64.7719,13981549
2019-03-13,65.2483,65.3865,64.9333,65.3476,65.3476,12672443
2019-03-14,65.4196,65.508,65.0538,65.1278,65.1278,12322369
2019-03-15,64.9178,65.2202,64.8525,64.8924,64.8924,31268601
2019-03-18,65.1278,65.7832,65.1278,65.6471,65.6471,12154095
2019-03-19,66.0508,66.391,65.2922,65.4779,65.4779,17213004
2019-03-20,65.3788,66.327,65.2259,65.8406,65.8406,16221517
2019-03-21,65.4283,66.3035,65.4196,66.2209,66.2209,12495484
2019-03-22,65.7677,65.9379,65.0149,65.1608,65.1608,15435951
2019-03-25,64.7719,65.1278,64.4393,64.7077,64.7077,13981838
2019-03-26,65.0403,65.8008,64.9178,65.5499,65.5499,11700235
2019-03-27,65.5576,65.8338,64.625,65.048,65.048,8965278
2019-03-28,64.7962,65.4117,64.7873,65.3699,65.3699,9155012
2019-03-29,65.8484,65.97,65.1608,65.4196,65.4196,13449346
2019-04-01,65.7677,66.2122,65.6471,66.1743,66.1743,13359420
2019-04-02,66.1888,66.3502,65.6694,65.8902,65.8902,9443640
2019-04-03,66.2034,66.2034,65.261,65.5003,65.5003,10576075
2019-04-04,65.6792,66.4523,65.3962,66.4329,66.4329,11561295
2019-04-05,66.5135,66.8209,66.3521,66.7888,66.7888,12424353
2019-04-08,66.9347,67.3636,66.8705,67.2012,67.2012,11249955
2019-04-09,66.8112,66.8608,66.182,66.3357,66.3357,10574433
2019-04-10,66.327,66.4552,65.9136,66.0351,66.0351,12751578
2019-04-11,66.0176,66.4485,65.5965,66.3502,66.3502,11258251
2019-04-12,67.0476,67.0476,65.2366,65.5168,65.5168,20550450
2019-04-15,65.4925,65.6306,65.192,65.3009,65.3009,10543003
2019-04-16,65.4283,65.86,65.3301,65.7443,65.7443,8652778
2019-04-17,66.0264,66.1479,65.6471,65.9301,65.9301,10265388
2019-04-18,66.0351,66.2539,65.6374,65.6851,65.6851,11725924
2019-04-22,66.2851,67.3801,66.1003,67.1195,67.1195,13302795
2019-04-23,67.3549,67.5969,66.9415,67.5085,67.5085,13086038
2019-04-24,67.208,67.2634,66.1743,66.1956,66.1956,14430968
2019-04-25,66.109,67.0709,65.9048,66.569,66.569,13752876
2019-04-26,64.9907,65.2825,64.4169,65.1696,65.1696,22297890
2019-04-29,64.8701,65.0802,64.4967,64.7465,64.7465,12380259
2019-04-30,65.0705,65.1959,64.7145,64.9975,64.9975,16947488
2019-05-01,64.7233,64.9809,63.6544,63.6962,63.6962,17179974
2019-05-02,63.3792,63.5581,62.539,62.5798,62.5798,18971656
2019-05-03,62.9834,63.3218,62.6995,62.7238,62.7238,15044463
2019-05-06,62.2783,62.8755,62.1072,62.4476,62.4476,16509772
2019-05-07,61.9389,62.1724,61.3448,62.115,62.115,16672435
2019-05-08,61.971,62.5798,61.8728,62.2142,62.2142,14021947
2019-05-09,61.8174,62.2452,61.5023,62.1577,62.1577,16330094
2019-05-10,62.3854,62.8853,61.5587,62.6975,62.6975,13500496
2019-05-13,61.9526,62.4271,61.7143,62.0002,62.0002,14868551
2019-05-14,62.3455,62.894,62.0439,62.0848,62.0848,12880744
2019-05-15,61.8874,62.6887,61.5917,62.5408,62.5408,10889827
2019-05-16,62.5672,63.0175,62.4183,62.5341,62.5341,9897833
2019-05-17,61.9526,62.4845,61.903,62.1646,62.1646,11331109
2019-05-20,62.2803,62.5341,61.9681,62.1577,62.1577,8736549
2019-05-21,62.4592,62.6148,62.1791,62.4446,62.4446,10367320
2019-05-22,62.254,62.4183,61.7328,61.8777,61.8777,9595838
2019-05-23,61.232,61.2562,59.8131,60.4296,60.4296,17898018
2019-05-24,60.7145,60.8041,60.1436,60.6815,60.6815,8616816
2019-05-28,60.7972,60.8041,59.3588,59.461,59.461,18210260
2019-05-29,58.8717,59.3151,58.6508,59.0934,59.0934,16662213
2019-05-30,58.9796,59.07,58.578,58.9387,58.9387,11432172
2019-05-31,58.2999,58.5955,57.8418,57.9556,57.9556,17075097
2019-06-03,58.2181,58.9709,58.1161,58.8649,58.8649,14447216
2019-06-04,59.3317,60.3217,59.1011,60.2643,60.2643,12727611
2019-06-05,59.7664,60.3051,59.4425,59.7664,59.7664,12965496
2019-06-06,60.3635,61.1055,60.2643,60.8556,60.8556,14334444
2019-06-07,61.017,61.3894,60.9528,61.0753,61.0753,11106546
2019-06-10,61.5752,61.689,60.9713,61.3458,61.3458,9476273
2019-06-11,61.8368,62.0848,61.2738,61.2883,61.2883,11496875
2019-06-12,60.9937,61.1007,60.4442,60.6251,60.6251,9672402
2019-06-13,61.1745,61.5587,60.9139,61.1571,61.1571,10973380
2019-06-14,61.1571,61.2649,60.7904,60.8866,60.8866,10472091
2019-06-17,60.7321,61.5752,60.6348,61.4946,61.4946,11424321
2019-06-18,61.7639,62.4183,61.7074,62.0265,62.0265,12322769
2019-06-19,61.7473,62.1169,61.5616,61.6822,61.6822,11914805
2019-06-20,62.4359,63.0369,62.3046,62.7373,62.7373,19818202
2019-06-21,63.1721,63.6788,62.9493,63.6233,63.6233,28217473
2019-06-24,63.49,63.6788,62.9017,63.0175,63.0175,12226001
2019-06-25,63.1216,63.2382,62.3951,62.4592,62.4592,11893535
2019-06-26,62.7967,63.1642,62.6246,62.7306,62.7306,13878450
2019-06-27,62.7219,62.8541,62.0439,62.0915,62.0915,9949331
2019-06-28,62.3951,62.8375,62.1889,62.7558,62.7558,18049531
2019-07-01,63.1642,63.816,62.4777,62.6975,62.6975,13986267
2019-07-02,62.3542,62.4592,61.7551,62.009,62.009,12791596
2019-07-03,62.0915,62.6479,61.9311,62.5974,62.5974,6406036
2019-07-05,62.3951,62.5244,61.903,62.3455,62.3455,8402570
2019-07-08,62.3542,62.8103,62.1684,62.6314,62.6314,9617549
2019-07-09,62.6061,62.8676,62.0177,62.5905,62.5905,9601587
2019-07-10,62.894,63.5727,62.8473,63.4755,63.4755,9863322
2019-07-11,63.3929,63.5581,63.0991,63.5241,63.5241,7820198
2019-07-12,63.672,63.7779,63.4678,63.5727,63.5727,7496737
2019-07-15,63.5727,63.6632,62.9679,63.1216,63.1216,8689825
2019-07-16,62.9911,63.1157,62.0654,62.1791,62.1791,12452055
2019-07-17,62.0265,62.2073,61.7074,61.8125,61.8125,9059769
2019-07-18,61.2883,61.6423,60.7476,61.2883,61.2883,13951943
2019-07-19,61.3369,61.6248,61.0394,61.4118,61.4118,13729273
2019-07-22,61.6161,61.6657,61.0121,61.476,61.476,10220827
2019-07-23,61.724,62.0489,61.2144,61.724,61.724,10441927
2019-07-24,61.7376,62.2803,61.2961,61.7143,61.7143,10086633
2019-07-25,62.0576,62.0576,61.2562,61.3632,61.3632,11092420
2019-07-26,61.3136,61.4848,61.0928,61.2649,61.2649,9374951
2019-07-29,61.3214,61.7309,61.1745,61.6977,61.6977,8659947
2019-07-30,61.4673,61.8738,61.3302,61.7074,61.7074,8500361
2019-07-31,61.4517,61.9593,60.8128,60.8965,60.8965,16002097
2019-08-01,60.3878,60.8206,59.178,59.3394,59.3394,20920982
2019-08-02,59.461,59.9939,58.292,58.7579,58.7579,26103266
2019-08-05,57.9654,58.079,57.0055,57.5549,57.5549,23299836
2019-08-06,57.5636,58.151,57.5549,58.1121,58.1121,14998065
2019-08-07,57.2125,58.042,56.8342,57.7338,57.7338,18598727
2019-08-08,58.0207,59.2985,57.8339,59.2733,59.2733,17466763
2019-08-09,59.07,59.1693,57.7105,58.013,58.013,16712795
2019-08-12,58.0879,58.1705,57.482,57.73,57.73,11058821
2019-08-13,57.4333,58.5516,57.1445,58.4438,58.4438,15002204
2019-08-14,57.267,57.2836,56.0903,56.0903,56.0903,21847899
2019-08-15,55.9318,56.0105,55.1557,55.7577,55.7577,15527899
2019-08-16,56.1963,56.7622,55.7742,56.6281,56.6281,15256121
2019-08-19,57.1824,57.7474,57.092,57.5821,57.5821,12100683
2019-08-20,57.4576,57.4576,56.9684,57.233,57.233,11752632
2019-08-21,58.0061,58.0207,57.516,57.8048,57.8048,12223345
2019-08-22,57.9644,58.0061,57.4158,57.6804,57.6804,10822628
2019-08-23,57.0608,57.6463,55.5749,55.957,55.957,18542407
2019-08-26,56.4783,56.594,55.9911,56.2546,56.2546,8858430
2019-08-27,56.4881,56.7438,55.5253,55.7081,55.7081,11451550
2019-08-28,56.0309,56.3617,55.6827,56.1156,56.1156,11647177
2019-08-29,56.6281,56.9363,56.454,56.7351,56.7351,10860356
2019-08-30,56.8867,57.2757,56.4336,56.7778,56.7778,11073354
2019-09-03,56.2887,56.9442,56.0738,56.8431,56.8431,11879983
2019-09-04,57.516,57.7154,57.2836,57.4478,57.4478,8410780
2019-09-05,57.9059,58.4943,57.7883,58.262,58.262,11943238
2019-09-06,58.328,58.8249,58.1375,58.8094,58.8094,12565854
2019-09-09,59,59.7547,58.8492,59.2723,59.2723,15486948
2019-09-10,59.8101,60.4005,59.3813,59.7547,59.7547,16657321
2019-09-11,60.344,60.3917,59.3229,59.638,59.638,12695107
2019-09-12,58.8492,59.8247,58.6188,59.6779,59.6779,10976382
2019-09-13,59.9113,60.2944,59.7449,60.2254,60.2254,8849458
2019-09-16,62.218,62.3318,61.0209,61.1289,61.1289,23917367
2019-09-17,61.2037,61.4205,60.2195,60.6659,60.6659,17663417
2019-09-18,60.2331,60.4996,59.9696,60.3752,60.3752,8895326
2019-09-19,60.4996,60.6815,59.853,59.9696,59.9696,10030950
2019-09-20,60.1029,60.1097,59.5777,59.7634,59.7634,23956725
2019-09-23,59.3569,59.9939,59.248,59.8034,59.8034,9417620
2019-09-24,59.5379,59.5884,58.715,58.9835,58.9835,17255642
2019-09-25,58.8492,59.2578,58.72,59.1576,59.1576,9717124
2019-09-26,59.0486,59.1576,58.6032,58.8425,58.8425,10184226
2019-09-27,58.6188,59.4231,58.5595,59.2655,59.2655,9919943
2019-09-30,59.0662,59.2403,58.5186,58.5449,58.5449,12253278
2019-10-01,58.7257,58.7929,57.1348,57.1659,57.1659,13787590
2019-10-02,56.6028,56.8693,55.5555,55.675,55.675,17651796
2019-10-03,55.5505,56.3791,54.9738,56.3617,56.3617,15417613
2019-10-04,56.4695,57.267,56.2303,57.1824,57.1824,12771533
2019-10-07,56.9587,57.233,56.3966,56.3966,56.3966,13961965
2019-10-08,55.9979,56.314,55.2519,55.3016,55.3016,12482483
2019-10-09,55.7995,56.1301,55.7169,55.9152,55.9152,10404102
2019-10-10,55.9064,56.6777,55.8656,56.5863,56.5863,10188269
2019-10-11,57.1921,57.6132,57.1133,57.1921,57.1921,12273393
2019-10-14,56.879,57.516,56.8693,57.3585,57.3585,8279158
2019-10-15,57.2573,58.0373,57.2184,57.5569,57.5569,8026805
2019-10-16,57.3837,57.6501,56.5532,56.5717,56.5717,11833461
2019-10-17,56.81,57.1133,56.4462,56.4968,56.4968,11978782
2019-10-18,56.2731,56.5046,56.0563,56.0563,56.0563,16250788
2019-10-21,56.2303,57.019,56.2303,56.9938,56.9938,12632000
2019-10-22,57.0258,57.8389,56.9179,57.2836,57.2836,11461828
2019-10-23,57.1746,57.8389,57.0258,57.832,57.832,10520847
2019-10-24,58.0061,58.079,57.2242,57.2836,57.2836,10938312
2019-10-25,57.125,57.6055,57.125,57.4158,57.4158,9175104
2019-10-28,57.5909,57.7649,56.8643,56.9092,56.9092,13519976
2019-10-29,56.7778,57.233,56.5784,56.7438,56.7438,16758211
2019-10-30,56.6865,56.6865,55.7742,56.1467,56.1467,15487122
2019-10-31,55.9318,56.1467,55.6663,56.0232,56.0232,19501647
2019-11-01,56.7039,57.7105,56.6369,57.7075,57.7075,17016673
2019-11-04,58.0966,59.5884,57.9876,59.4231,59.4231,19126667
2019-11-05,59.7285,60.6241,59.5728,60.5999,60.5999,18007713
2019-11-06,60.2993,60.4179,59.0331,59.2723,59.2723,16881264
2019-11-07,59.7206,60.5511,59.6963,60.5327,60.5327,15768406
2019-11-08,60.0883,60.2487,59.2908,59.3842,59.3842,14429074
2019-11-11,58.9115,59.25,58.714,59.0214,59.0214,10339488
2019-11-12,58.963,59.0817,57.8816,58.2084,58.2084,16587636
2019-11-13,57.9167,58.0246,57.5636,57.73,57.73,14351938
2019-11-14,57.7825,57.8729,57.2125,57.48,57.48,13444000
2019-11-15,57.6561,58.1501,57.6209,58.0577,58.0577,13411438
2019-11-18,57.6492,57.7474,57.3108,57.4955,57.4955,12035277
2019-11-19,57.3954,57.5296,56.876,56.9072,56.9072,15032622
2019-11-20,56.7827,57.5131,56.4889,57.0842,57.0842,20178215
2019-11-21,57.0764,58.5283,56.9928,58.4613,58.4613,16780776
2019-11-22,58.4953,58.8891,58.1763,58.2084,58.2084,14471925
2019-11-25,58.2084,58.2687,57.6551,57.8233,57.8233,12717578
2019-11-26,57.833,57.9273,57.4246,57.6794,57.6794,18426519
2019-11-27,57.6988,57.9731,57.4051,57.6492,57.6492,10003027
2019-11-29,57.337,57.5044,57.0608,57.1669,57.1669,9511073
2019-12-02,57.48,57.796,57.3692,57.4119,57.4119,13249729
2019-12-03,57.0608,57.27,56.6553,56.9578,56.9578,15334992
2019-12-04,57.27,57.6988,57.1766,57.6035,57.6035,13170708
2019-12-05,57.8057,57.8729,57.2311,57.4051,57.4051,15624599
2019-12-06,57.6988,58.6295,57.6988,58.3261,58.3261,16340759
2019-12-09,57.9672,58.714,57.9167,58.4535,58.4535,14785204
2019-12-10,58.4535,58.8649,57.6492,57.9487,57.9487,17022085
2019-12-11,57.6794,58.5362,57.6209,57.8642,57.8642,16384958
2019-12-12,57.8642,59.0575,57.8155,59.0214,59.0214,20348791
2019-12-13,59.1401,59.1907,58.0003,58.0916,58.0916,14630387
2019-12-16,58.4866,58.9475,58.4866,58.7365,58.7365,18125437
2019-12-17,58.7229,59.0575,58.1578,58.469,58.469,17229800
2019-12-18,58.4271,58.9816,58.1335,58.6295,58.6295,16269962
2019-12-19,58.7297,58.7803,58.1004,58.2259,58.2259,15824723
2019-12-20,58.6207,58.928,58.2259,58.6869,58.6869,41822188
2019-12-23,58.6207,58.9903,58.3445,58.9816,58.9816,16891450
2019-12-24,59.0311,59.1576,58.6616,58.7539,58.7539,4742449
2019-12-26,58.8988,59.1576,58.7452,58.8474,58.8474,10537635
2019-12-27,58.9066,59,58.6382,58.6451,58.6451,12535309
2019-12-30,58.8142,59.1011,58.2346,58.3018,58.3018,15124637
2019-12-31,57.9167,58.5701,57.9078,58.5536,58.5536,15680903
2020-01-02,58.9397,59.5933,58.9377,59.4941,59.4941,14785779
2020-01-03,59.8617,59.8869,58.8707,59.0136,59.0136,20724985
2020-01-06,59.0069,59.8743,58.931,59.4678,59.4678,23933052
2020-01-07,59.1576,59.1731,58.3261,58.9816,58.9816,20851005
2020-01-08,58.8298,58.9767,58.0412,58.0916,58.0916,18043770
2020-01-09,58.0159,58.6528,57.585,58.5362,58.5362,17652537
2020-01-10,58.6801,58.7043,58.0003,58.0159,58.0159,14297427
2020-01-13,58.0665,58.6295,57.9906,58.5701,58.5701,11875909
2020-01-14,58.3611,58.3835,57.8057,58.0665,58.0665,19386469
2020-01-15,58.0665,58.3932,57.8057,57.9731,57.9731,13574189
2020-01-16,58.1501,58.3883,57.73,57.7474,57.7474,15898189
2020-01-17,57.6891,57.9672,57.3011,57.5296,57.5296,21622994
2020-01-21,57.3789,57.4119,56.6486,56.7089,56.7089,21430531
2020-01-22,56.6912,56.807,56.2197,56.3791,56.3791,20299024
2020-01-23,55.9775,56.1622,55.4222,56.0271,56.0271,23365034
2020-01-24,55.8345,55.9473,55.4153,55.6488,55.6488,21735559
2020-01-27,54.8435,55.1538,54.2893,54.3262,54.3262,25301782
2020-01-28,54.6345,54.7103,54.2318,54.2494,54.2494,23435149
2020-01-29,54.5683,54.65,53.6201,53.7971,53.7971,16957805
2020-01-30,53.5005,54.4409,53.2243,54.365,54.365,22100362
2020-01-31,53.0328,53.0328,51.9065,52.1264,52.1264,40856200
2020-02-03,51.5049,51.538,50.6568,50.9584,50.9584,32650385
2020-02-04,51.5643,51.9514,50.2542,50.3204,50.3204,38042699
2020-02-05,50.9768,52.8002,50.8503,52.6379,52.6379,38253811
2020-02-06,52.8051,52.8714,51.8414,51.924,51.924,19133781
2020-02-07,51.5293,51.7354,51.2375,51.5788,51.5788,18010168
2020-02-10,51.4777,51.5117,50.7474,51.0352,51.0352,24595266
2020-02-11,51.5643,51.8259,51.2131,51.5204,51.5204,17515803
2020-02-12,52.21,52.3724,51.5467,52.1497,52.1497,20985687
2020-02-13,51.9717,52.2742,51.5467,51.8609,51.8609,19913302
2020-02-14,52.0398,52.0582,51.3103,51.6246,51.6246,12753565
2020-02-18,51.1975,51.4009,50.6014,50.9681,50.9681,22269378
2020-02-19,51.1636,51.5982,50.9243,51.36,51.36,15044103
2020-02-20,51.2647,51.5283,50.8319,50.9487,50.9487,17408331
2020-02-21,50.653,50.653,50.0404,50.3292,50.3292,23868315
2020-02-24,49.0406,49.1962,47.9717,47.9717,47.9717,37709355
2020-02-25,48.3034,48.3034,45.9354,46.1318,46.1318,42782351
2020-02-26,46.4313,46.6609,45.0513,45.1205,45.1205,35025644
2020-02-27,44.0127,44.6313,42.3887,42.4052,42.4052,56559752
2020-02-28,41.5104,43.7842,40.8638,43.7842,43.7842,73392232
2020-03-02,44.7957,45.8682,43.5197,45.8595,45.8595,44795018
2020-03-03,45.9197,46.0911,43.3913,43.6636,43.6636,59425701
2020-03-04,44.4475,44.6702,43.5109,44.6176,44.6176,28290420
2020-03-05,42.9148,43.155,41.741,42.6512,42.6512,47920796
2020-03-06,41.5698,41.7147,40.1742,40.5924,40.5924,65370348
2020-03-09,35.5024,37.9365,34.7272,35.6297,35.6297,85643685
2020-03-10,39.299,39.3739,35.2806,36.9485,36.9485,70934804
2020-03-11,36.0819,37.0087,35.5354,35.7327,35.7327,61110913
2020-03-12,33.9609,34.6008,31.4927,31.6454,31.6454,77218702
2020-03-13,34.0543,34.1662,29.7908,32.4467,32.4467,93862175
2020-03-16,29.2792,32.2424,28.3009,29.3561,29.3561,57480194
2020-03-17,29.9687,31.8136,29.1091,31.3312,31.3312,48409871
2020-03-18,29.4077,31.2457,26.5815,28.1901,28.1901,63485770
2020-03-19,28.7104,29.7053,27.5355,29.3065,29.3065,58053199
2020-03-20,29.6546,29.9434,26.8635,27.8673,27.8673,89918251
2020-03-23,27.6882,27.8321,25.6295,26.7692,26.7692,66911778
2020-03-24,29.2976,30.7867,28.3729,30.1652,30.1652,72648802
2020-03-25,31.0764,32.8464,29.9434,31.7397,31.7397,66506658
2020-03-26,31.9186,33.671,31.2554,33.0409,33.0409,54930743
2020-03-27,31.6046,32.0713,30.812,31.4499,31.4499,60574602
2020-03-30,30.8363,32.4711,30.5222,31.9186,31.9186,53850156
2020-03-31,32.6345,33.5787,31.8078,32.3174,32.3174,48747255
2020-04-01,31.374,32.9408,30.9306,31.9439,31.9439,42349286
2020-04-02,32.9728,35.7143,32.259,34.3869,34.3869,72842138
2020-04-03,35.2806,35.9011,32.7862,33.3744,33.3744,56893864
2020-04-06,33.9433,34.7525,33.3901,34.4462,34.4462,48524407
2020-04-07,36.5156,36.8687,35.0336,35.1016,35.1016,57476792
2020-04-08,35.7066,37.4843,35.2981,37.3238,37.3238,39188440
2020-04-09,38.6931,39.758,35.5266,36.7111,36.7111,70736651
2020-04-13,37.8343,38.0376,35.723,36.395,36.395,34837180
2020-04-14,36.6003,37.2392,35.6725,36.1131,36.1131,36149541
2020-04-15,34.8965,34.949,33.5194,34.4559,34.4559,38917573
2020-04-16,34.4559,34.4559,33.1361,33.3229,33.3229,36343397
2020-04-17,33.9433,36.8717,33.9356,36.7879,36.7879,47968929
2020-04-20,34.6855,36.3747,34.5064,35.0501,35.0501,46126318
2020-04-21,34.3869,35.8582,33.7304,34.8653,34.8653,52142604
2020-04-22,36.2608,36.539,35.6297,35.8582,35.8582,31820995
2020-04-23,36.7111,38.0134,36.4389,36.9815,36.9815,41438786
2020-04-24,37.7907,38.2088,36.7111,37.2207,37.2207,33680007
2020-04-27,37.1021,37.7235,35.9457,37.3997,37.3997,33218717
2020-04-28,37.7654,38.6348,37.5437,38.2788,38.2788,31187012
2020-04-29,39.3739,40.5156,39.2893,40.3969,40.3969,34661631
2020-04-30,40.5827,40.5827,38.9576,39.5528,39.5528,43559834
2020-05-01,38.838,39.4857,36.6003,36.717,36.717,41589597
2020-05-04,36.1821,38.2516,35.936,38.2001,38.2001,32268563
2020-05-05,39.3739,40.1314,38.0134,38.1563,38.1563,34395679
2020-05-06,38.2418,38.5327,37.3656,37.4425,37.4425,26621404
2020-05-07,38.2691,38.5327,37.4249,37.6545,37.6545,26035498
2020-05-08,38.5647,39.3418,38.2818,39.3078,39.3078,23495876
2020-05-11,39.2474,39.3232,38.7349,38.9314,38.9314,26150288
2020-05-12,39.4098,39.6258,38.2818,38.2818,38.2818,29319153
2020-05-13,37.9521,38.0649,36.0956,36.3815,36.3815,35529890
2020-05-14,35.6346,36.9193,34.8799,36.7033,36.7033,28647723
2020-05-15,36.7714,37.3141,36.3114,36.4418,36.4418,25869039
2020-05-18,38.5249,39.547,38.2283,39.3408,39.3408,36933895
2020-05-19,39.5226,40.4602,38.1165,38.1242,38.1242,25092333
2020-05-20,38.7164,39.547,38.6707,39.3661,39.3661,22304136
2020-05-21,39.4263,39.7299,38.5151,38.663,38.663,22048626
2020-05-22,38.2195,38.7583,37.6992,38.698,38.698,17756241
2020-05-26,39.687,40.1723,39.4527,39.8338,39.8338,23461288
2020-05-27,40.4845,40.9026,39.3971,40.1207,40.1207,23958992
2020-05-28,40.2861,40.3114,38.9849,39.0801,39.0801,22711505
2020-05-29,38.8895,39.6423,38.4986,39.4527,39.4527,29834496
2020-06-01,39.3223,40.3027,38.8711,40.1557,40.1557,21942204
2020-06-02,40.6586,41.1702,40.5613,41.0485,41.0485,25723147
2020-06-03,41.6466,42.8613,41.6048,42.7232,42.7232,26989851
2020-06-04,42.411,42.6414,41.7866,42.6025,42.6025,21588332
2020-06-05,44.8151,46.375,44.7713,46.0549,46.0549,47632575
2020-06-08,47.4788,48.034,46.3847,47.4962,47.4962,38701067
2020-06-09,45.8808,46.8272,45.5075,46.4372,46.4372,31437315
2020-06-10,46.4206,46.4206,43.9048,43.9466,43.9466,35908929
2020-06-11,41.2391,42.377,39.9992,40.0691,40.0691,45159324
2020-06-12,41.6835,42.1903,39.829,40.926,40.926,35703013
2020-06-15,39.3476,41.4394,38.8263,40.9026,40.9026,32189159
2020-06-16,43.0101,43.1666,40.9882,41.8207,41.8207,30200007
2020-06-17,41.6466,41.7604,40.432,40.4602,40.4602,22219963
2020-06-18,40.0089,41.066,39.7132,40.7111,40.7111,24754683
2020-06-19,41.8382,41.8732,39.8951,39.8951,39.8951,56358322
2020-06-22,39.6423,40.2938,39.3924,40.2774,40.2774,20244520
2020-06-23,40.6925,40.9717,40.3454,40.5204,40.5204,21801809
2020-06-24,39.8338,39.8776,38.3945,38.6104,38.6104,31840697
2020-06-25,38.2195,39.2542,37.9073,39.191,39.191,22305471
2020-06-26,38.9401,38.9927,37.743,37.847,37.847,36325906
2020-06-29,38.0124,38.6757,37.778,38.4558,38.4558,19652978
2020-06-30,37.6826,39.0189,37.4483,38.802,38.802,25532563
2020-07-01,38.6026,39.3739,37.8918,37.9248,37.9248,19927197
2020-07-02,38.7164,39.2046,38.1165,38.2467,38.2467,20995050
2020-07-06,38.7583,39.1142,38.0376,38.5151,38.5151,26153117
2020-07-07,38.0912,38.1768,37.4045,37.5173,37.5173,20062696
2020-07-08,37.4396,38.1165,37.1702,37.4299,37.4299,21081260
2020-07-09,37.2226,37.3958,35.8262,35.8874,35.8874,29829586
2020-07-10,35.6774,37.0583,35.6598,37.0058,37.0058,21841443
2020-07-13,37.2917,37.5591,36.6373,37.0146,37.0146,23083066
2020-07-14,36.9008,38.342,36.6674,38.237,38.237,24714847
2020-07-15,39.0714,39.12,38.3596,38.7243,38.7243,19976053
2020-07-16,38.4461,38.8798,37.9949,38.4188,38.4188,16911758
2020-07-17,38.4647,38.7719,37.6487,37.7614,37.7614,20705187
2020-07-20,37.4921,37.7527,36.8541,36.8754,36.8754,21383817
2020-07-21,37.4396,39.2096,37.4045,38.7398,38.7398,33231369
2020-07-22,38.307,38.307,37.6312,37.8393,37.8393,24601077
2020-07-23,37.6555,38.0221,37.3267,37.9161,37.9161,20669849
2020-07-24,38.0727,38.5414,37.4736,37.6826,37.6826,18919034
2020-07-27,37.5095,38.2545,37.284,38.237,38.237,21376846
2020-07-28,38.0999,38.3945,37.708,37.7857,37.7857,22117503
2020-07-29,37.9248,38.2545,37.6049,38.2039,38.2039,16300346
2020-07-30,37.422,37.4668,36.2901,36.3299,36.3299,34461711
2020-07-31,35.7134,36.5895,35.4964,36.5118,36.5118,37022513
2020-08-03,36.4846,36.8754,35.9818,36.6586,36.6586,26554763
2020-08-04,36.7375,37.8315,36.6509,37.7168,37.7168,20427354
2020-08-05,38.307,38.4461,37.7683,38.0464,38.0464,20106676
2020-08-06,37.6555,38.0912,37.5262,37.8645,37.8645,16636602
2020-08-07,37.5095,37.7614,37.1449,37.6904,37.6904,21618952
2020-08-10,38.1689,38.698,37.8266,38.6192,38.6192,28084405
2020-08-11,39.4779,40.2774,38.8118,39.0189,39.0189,33408722
2020-08-12,39.3379,39.7609,38.6026,39.0092,39.0092,25440137
2020-08-13,38.4869,38.8166,37.9735,38.0542,38.0542,19596645
2020-08-14,37.6904,38.2915,37.5232,38.2214,38.2214,15366214
2020-08-17,38.1962,38.1962,37.5767,37.7265,37.7265,17580254
2020-08-18,37.6826,38.2147,37.4162,37.5397,37.5397,14708815
2020-08-19,37.4687,37.741,37.0408,37.1264,37.1264,16357867
2020-08-20,36.8871,37.0593,36.5409,36.5584,36.5584,17720312
2020-08-21,36.5409,36.5768,36.0197,36.2842,36.2842,28840829
2020-08-24,36.5255,37.6097,36.3561,37.3549,37.3549,20580153
2020-08-25,36.861,37.2179,36.0109,36.1694,36.1694,35359794
2020-08-26,35.9584,36.1295,35.3925,35.3982,35.3982,30284383
2020-08-27,35.3925,35.657,34.7758,35.1609,35.1609,36206036
2020-08-28,35.2485,36.2054,35.1784,36.0022,36.0022,37836693
2020-08-31,35.9584,36.0285,35.2991,35.337,35.337,28549074
2020-09-01,35.1707,35.1707,34.5453,34.8868,34.8868,25405453
2020-09-02,34.7087,35.1376,34.4608,34.6758,34.6758,29853076
2020-09-03,34.6845,35.4167,34.3995,34.6047,34.6047,32569937
2020-09-04,34.9129,35.2057,34.1963,34.5774,34.5774,27840306
2020-09-08,33.8423,34.2235,33.0458,33.781,33.781,43509694
2020-09-09,33.9317,34.3654,33.5515,33.5777,33.5777,29257208
2020-09-10,33.8598,33.9492,32.648,32.7376,32.7376,38858592
2020-09-11,32.8474,33.0127,32.2853,32.648,32.648,30333645
2020-09-14,32.6567,32.7463,32.2853,32.436,32.436,29532751
2020-09-15,32.5605,33.074,32.0383,32.0918,32.0918,26813732
2020-09-16,32.259,33.7538,32.0918,33.4542,33.4542,34941861
2020-09-17,33.0458,33.6031,32.7093,33.4464,33.4464,27912310
2020-09-18,33.2053,33.4649,32.4711,32.9047,32.9047,52955425
2020-09-21,32.2337,32.4798,31.5686,32.2337,32.2337,39955507
2020-09-22,32.259,32.5946,31.3828,31.4372,31.4372,30858818
2020-09-23,31.5423,31.6667,30.3917,30.4278,30.4278,35321180
2020-09-24,30.4376,30.809,29.8715,30.3655,30.3655,30285589
2020-09-25,30.0826,30.914,29.9766,30.6486,30.6486,26544512
2020-09-28,31.092,31.763,31.0512,31.2408,31.2408,26443393
2020-09-29,30.9656,31.0657,30.0729,30.3285,30.3285,23496099
2020-09-30,30.6486,30.8966,30.1973,30.3753,30.3753,25117766
2020-10-01,29.8958,30.171,29.145,29.3133,29.3133,41694325
2020-10-02,28.5333,29.5069,28.4994,29.1791,29.1791,36952017
2020-10-05,29.4815,29.8627,29.3482,29.8531,29.8531,25955887
2020-10-06,30.1895,30.453,29.4717,29.5428,29.5428,30212940
2020-10-07,29.7636,29.8531,29.3824,29.6401,29.6401,26875963
2020-10-08,29.9766,31.268,29.8715,31.1961,31.1961,38895221
2020-10-09,31.5686,31.8078,30.6583,30.7389,30.7389,33034961
2020-10-12,30.5611,30.7292,30.2868,30.6397,30.6397,20245474
2020-10-13,30.7292,30.8517,30.171,30.2771,30.2771,23729251
2020-10-14,30.135,30.8168,30.1088,30.2149,30.2149,20068850
2020-10-15,29.8122,30.4891,29.4319,30.4803,30.4803,26279562
2020-10-16,30.4094,30.6486,29.9716,30.171,30.171,25584878
2020-10-19,30.171,30.4094,29.5428,29.5691,29.5691,26725160
2020-10-20,29.782,30.0213,29.4903,29.8161,29.8161,26041091
2020-10-21,29.6498,29.7461,29.3211,29.3395,29.3395,32346319
2020-10-22,29.3571,30.9315,29.216,30.843,30.843,35976749
2020-10-23,30.9412,31.0375,29.9581,30.2236,30.2236,31001108
2020-10-26,29.7373,29.8784,29.1547,29.5069,29.5069,34911219
2020-10-27,29.3298,29.3755,28.933,29.039,29.039,30629974
2020-10-28,28.4011,28.6491,27.8867,27.9333,27.9333,47623633
2020-10-29,27.7913,29.3133,27.5248,29.1694,29.1694,43652548
2020-10-30,28.6753,29.3211,28.3213,28.8621,28.8621,54135501
2020-11-02,29.3211,30.4842,28.8173,30.0729,30.0729,45356336
2020-11-03,30.5162,30.5162,29.3133,29.5603,29.5603,41561787
2020-11-04,29.4368,30.206,28.7833,29.4008,29.4008,40021382
2020-11-05,29.5243,30.0116,29.3211,29.3482,29.3482,34838219
2020-11-06,29.2861,29.782,28.8621,29.003,29.003,38411428
2020-11-09,32.224,33.6313,31.9041,32.6753,32.6753,86891102
2020-11-10,33.5719,33.9162,32.6014,33.3988,33.3988,54137527
2020-11-11,33.6078,33.6361,32.7929,33.0555,33.0555,37659796
2020-11-12,32.4943,32.8843,31.5977,31.9235,31.9235,34162247
2020-11-13,32.0762,32.8474,32.0587,32.6937,32.6937,32291616
2020-11-16,34.0611,34.5872,33.6166,34.5784,34.5784,42595464
2020-11-17,34.2604,35.0725,33.8714,35.0394,35.0394,29268673
2020-11-18,35.3565,35.4537,33.708,33.7179,33.7179,34286678
2020-11-19,33.3988,33.9803,33.1274,33.889,33.889,29746845
2020-11-20,33.8432,33.8977,33.3278,33.4708,33.4708,20261634
2020-11-23,33.9803,35.729,33.78,35.6648,35.6648,32410087
2020-11-24,36.7083,38.1291,36.4446,38.0386,38.0386,51846326
2020-11-25,37.7585,37.7936,36.8337,36.9786,36.9786,31097445
2020-11-27,36.8794,37.0963,36.1218,36.4174,36.4174,16523050
2020-11-30,36.0635,36.1364,34.4053,34.5503,34.5503,50340002
2020-12-01,35.3029,35.9273,34.8596,34.8858,34.8858,35870451
2020-12-02,34.7856,36.6237,34.7418,36.1899,36.1899,32412196
2020-12-03,36.3085,36.8201,36.0012,36.4359,36.4359,29840191
2020-12-04,36.9426,37.8403,36.8337,37.7673,37.7673,31699415
2020-12-07,37.531,37.6409,36.8522,37.0612,37.0612,27415830
2020-12-08,36.7248,38.5929,36.644,38.2759,38.2759,35926617
2020-12-09,38.7008,39.6248,38.4014,38.7826,38.7826,41725841
2020-12-10,39.1454,40.2938,38.7466,39.8786,39.8786,42001568
2020-12-11,39.5985,39.8018,39.1541,39.689,39.689,28118421
2020-12-14,40.1782,40.2871,38.2195,38.2564,38.2564,33764702
2020-12-15,38.4567,39.1628,38.1115,38.9985,38.9985,30061740
2020-12-16,39.6423,39.969,38.9264,39.5985,39.5985,37823735
2020-12-17,39.8698,39.9057,39.3262,39.3991,39.3991,23401448
2020-12-18,39.2076,39.6704,38.4383,38.7194,38.7194,51424218
2020-12-21,37.2518,38.1291,36.7248,38.0124,38.0124,30756818
2020-12-22,37.6779,37.9667,37.3598,37.3686,37.3686,24071704
2020-12-23,37.6126,38.4091,37.5689,37.848,37.848,21063185
2020-12-24,37.741,37.9209,37.4959,37.6944,37.6944,8871851
2020-12-28,37.776,38.555,37.6223,37.8227,37.8227,26351273
2020-12-29,38.094,38.1661,37.3317,37.3958,37.3958,22389560
2020-12-30,37.4502,38.4383,37.3958,37.6944,37.6944,26273762
2020-12-31,37.5776,37.7673,37.1244,37.3501,37.3501,25147167
2021-01-04,37.5591,38.2808,37.1517,37.6039,37.6039,30641133
2021-01-05,37.9112,40.5944,37.9025,39.4166,39.4166,48597197
2021-01-06,40.2405,40.8656,39.5985,40.4213,40.4213,40264636
2021-01-07,40.7762,41.2917,40.3493,40.7392,40.7392,32587242
2021-01-08,40.9571,41.5192,40.7296,41.1915,41.1915,31594120
2021-01-11,40.8123,42.7096,40.5486,42.4431,42.4431,42257862
2021-01-12,43.0042,43.648,42.5063,43.3845,43.3845,40739494
2021-01-13,43.9758,44.1372,43.2133,43.8737,43.8737,32004710
2021-01-14,43.9466,46.2845,43.9466,45.5872,45.5872,39149957
2021-01-15,44.318,44.4727,42.8505,43.3943,43.3943,46805084
2021-01-19,43.9029,44.7985,43.8114,44.2548,44.2548,27515621
2021-01-20,44.4999,45.0699,44.392,44.8802,44.8802,24657081
2021-01-21,44.6984,44.7538,43.2045,43.5946,43.5946,32069086
2021-01-22,42.5968,43.1676,42.2613,42.978,42.978,25675083
2021-01-25,42.4976,42.6327,41.8265,42.4976,42.4976,29130459
2021-01-26,42.8244,43.367,41.5454,41.563,41.563,26460794
2021-01-27,40.7762,42.2797,40.3493,41.0942,41.0942,35768074
2021-01-28,41.6262,42.2164,41.4015,41.7361,41.7361,27553865
2021-01-29,41.2741,41.7176,40.3318,40.6303,40.6303,42997462
2021-02-01,41.3004,41.3004,40.1324,40.7032,40.7032,26941529
2021-02-02,41.5094,42.5754,41.03,41.347,41.347,35249444
2021-02-03,41.347,43.1948,41.1575,42.9682,42.9682,31407672
2021-02-04,43.3845,43.8376,42.8146,43.7939,43.7939,27899305
2021-02-05,44.5632,45.4141,44.4358,45.2614,45.2614,38604097
2021-02-08,46.1396,47.4447,45.949,47.2084,47.2084,40831803
2021-02-09,46.693,46.9604,45.8634,46.656,46.656,31444990
2021-02-10,46.656,47.3844,46.4353,47.1082,47.1082,27914732
2021-02-11,46.8953,46.9332,44.9521,45.9277,45.9277,29269427
2021-02-12,45.5513,46.7309,45.5328,46.5558,46.5558,21439414
2021-02-16,47.8813,48.4075,47.5683,47.9552,47.9552,30450077
2021-02-17,48.2411,49.0882,47.7345,48.7021,48.7021,27728555
2021-02-18,48.6652,48.7799,47.7889,47.9378,47.9378,22384530
2021-02-19,48.0204,48.4347,47.8415,48.2596,48.2596,24532657
2021-02-22,48.4629,50.5081,48.4629,50.0384,50.0384,39538357
2021-02-23,50.6647,50.9195,49.521,50.7298,50.7298,36383582
2021-02-24,50.8582,52.5261,50.5664,52.2498,52.2498,31175513
2021-02-25,52.5076,52.7526,51.008,51.3834,51.3834,32198008
2021-02-26,50.1386,50.7337,48.9501,50.1026,50.1026,38296832
2021-03-01,52.0378,53.0881,51.7237,51.9736,51.9736,40149522
2021-03-02,52.2041,52.49,51.6246,51.6692,51.6692,32883578
2021-03-03,51.9922,53.411,51.4942,52.0826,52.0826,38370513
2021-03-04,52.6379,54.8007,52.6184,54.1015,54.1015,56578193
2021-03-05,55.1353,56.2585,54.4701,56.1477,56.1477,55810135
2021-03-08,56.7468,56.7749,55.1256,56.0922,56.0922,41404278
2021-03-09,55.853,56.5727,54.8016,55.2247,55.2247,38681923
2021-03-10,55.7703,57.056,55.3181,56.9218,56.9218,34268745
2021-03-11,56.9315,57.6414,56.4511,56.4987,56.4987,26915132
2021-03-12,56.7185,57.4742,56.6728,57.1056,57.1056,22162128
2021-03-15,56.663,57.0005,55.1703,55.6507,55.6507,33926331
2021-03-16,54.8669,54.9767,53.8535,54.4701,54.4701,33233127
2021-03-17,54.082,55.0419,54.0188,54.7103,54.7103,27753788
2021-03-18,54.1949,54.3369,52.0826,52.3511,52.3511,41912402
2021-03-19,52.2595,52.9539,51.4301,52.0572,52.0572,91631268
2021-03-22,52.0661,52.3977,51.5127,51.5214,51.5214,31811903
2021-03-23,50.6286,51.8725,50.1765,50.8855,50.8855,36345990
2021-03-24,51.679,52.7838,51.679,51.9182,51.9182,32318346
2021-03-25,50.8767,52.0661,50.2222,51.7703,51.7703,34178485
2021-03-26,52.8022,53.2448,52.0864,53.1805,53.1805,37141590
2021-03-29,52.8402,53.2827,52.2859,52.8946,52.8946,22945311
2021-03-30,52.3977,52.8567,52.0572,52.2401,52.2401,22032706
2021-03-31,51.927,52.1857,51.4213,51.4485,51.4485,25703870
2021-04-01,51.8988,52.9413,51.7334,52.8859,52.8859,25169988
2021-04-05,52.8022,52.8217,51.7334,52.0661,52.0661,25246354
2021-04-06,52.3792,53.024,51.8443,51.9182,51.9182,20538257
2021-04-07,51.9639,52.3151,51.8259,52.1477,52.1477,24291525
2021-04-08,51.5399,51.679,50.9788,51.6052,51.6052,23873014
2021-04-09,51.6052,52.0057,51.1723,51.4854,51.4854,21725951
2021-04-12,52.3004,52.3325,50.9691,51.1432,51.1432,21962532
2021-04-13,50.9594,51.5856,50.7658,51.3377,51.3377,21020473
2021-04-14,51.9824,53.4568,51.8346,52.8217,52.8217,30440299
2021-04-15,52.914,52.914,52.3248,52.5076,52.5076,25230538
2021-04-16,52.8567,53.1523,52.0106,52.2119,52.2119,24689831
2021-04-19,52.2956,52.6554,51.5672,52.0475,52.0475,22922444
2021-04-20,52.0378,52.0378,50.4809,50.9496,50.9496,23637272
2021-04-21,50.2222,51.7237,50.0384,51.6052,51.6052,18041616
2021-04-22,51.5954,51.5954,50.7016,50.9312,50.9312,23439825
2021-04-23,50.9312,51.5516,50.8494,51.2083,51.2083,16648093
2021-04-26,51.1169,51.8677,51.0886,51.3103,51.3103,17453674
2021-04-27,51.6149,52.1857,51.4301,51.9824,51.9824,20920576
2021-04-28,52.4433,53.872,52.3325,53.5501,53.5501,26836077
2021-04-29,54.295,54.8115,53.5851,54.3145,54.3145,29645112
2021-04-30,53.7514,54.2678,52.6739,52.7478,52.7478,33117665
2021-05-03,53.4286,54.3592,53.2079,54.2036,54.2036,22256416
2021-05-04,54.3689,54.8309,53.9177,54.544,54.544,25525649
2021-05-05,55.0788,56.2585,55.0788,56.1856,56.1856,18799176
2021-05-06,56.0835,56.8012,55.3181,56.7185,56.7185,29122487
2021-05-07,56.2771,57.5676,56.0738,57.5306,57.5306,36473287
2021-05-10,58.2775,58.9952,57.6219,57.6678,57.6678,34678360
2021-05-11,56.7885,57.4887,55.6458,55.8355,55.8355,37507627
2021-05-12,56.1048,57.6668,55.8618,56.134,56.134,36822220
2021-05-13,55.1605,56.5171,54.9281,55.4417,55.4417,25957062
2021-05-14,56.0299,56.914,56.0299,56.8157,56.8157,22178377
2021-05-17,56.6008,58.2007,56.4987,58.1442,58.1442,27041934
2021-05-18,57.9663,58.2463,56.4695,56.4987,56.4987,26922439
2021-05-19,55.2549,55.9609,54.614,55.1431,55.1431,30900248
2021-05-20,55.1149,55.3016,54.4507,55.0117,55.0117,22132487
2021-05-21,55.5545,55.9386,55.0215,55.0867,55.0867,22239636
2021-05-24,55.2354,55.9094,54.8718,55.7313,55.7313,19680743
2021-05-25,55.6293,55.6653,54.3389,54.4691,54.4691,27398741
2021-05-26,54.4594,55.2743,54.1336,55.1052,55.1052,23208701
2021-05-27,55.3764,55.8161,54.2454,54.7502,54.7502,35891192
2021-05-28,54.9087,54.9738,54.3301,54.5722,54.5722,20589618
2021-06-01,55.5817,56.7458,55.5817,56.5268,56.5268,30455690
2021-06-02,56.7973,57.3215,56.2556,56.9753,56.9753,24577385
2021-06-03,56.6106,57.4149,56.4277,57.1999,57.1999,21683536
2021-06-04,57.4615,57.6852,56.8217,57.4518,57.4518,21849402
2021-06-07,57.34,57.7144,57.0501,57.0774,57.0774,16555043
2021-06-08,57.4994,58.4146,56.7214,58.0879,58.0879,30968295
2021-06-09,58.5925,59.2938,58.1442,58.5741,58.5741,31160372
2021-06-10,59.4716,59.8121,58.2007,58.6664,58.6664,29401666
2021-06-11,58.9106,59.0817,58.0966,58.1248,58.1248,18858698
2021-06-14,58.2463,58.6956,57.5646,58.0314,58.0314,18180072
2021-06-15,58.4146,60.2108,58.293,60.1446,60.1446,32854719
2021-06-16,60.1349,60.5833,59.425,59.9298,59.9298,26529226
2021-06-17,59.7051,60.2662,57.2836,57.9564,57.9564,30474595
2021-06-18,57.0307,57.5451,56.3208,56.4695,56.4695,42345827
2021-06-21,56.9665,58.6207,56.9373,58.5177,58.5177,35452027
2021-06-22,58.7609,59.846,58.1811,59.64,59.64,26889917
2021-06-23,59.8821,60.4898,59.4425,60.0795,60.0795,22142216
2021-06-24,59.9765,60.3596,59.6535,60.3217,60.3217,20930142
2021-06-25,60.4063,60.7009,60.171,60.4529,60.4529,19721437
2021-06-28,60.3596,60.3596,58.6664,58.9106,58.9106,22001516
2021-06-29,59.0973,59.6204,58.5128,58.5459,58.5459,20941772
2021-06-30,58.6207,59.1158,58.3864,58.9757,58.9757,19119450
2021-07-01,60.1446,60.2274,58.6859,59.145,59.145,24098146
2021-07-02,58.9106,59.2004,58.3601,59.0603,59.0603,15583432
2021-07-06,58.6664,58.6761,56.9373,57.3769,57.3769,23649478
2021-07-07,57.1999,57.7883,55.7411,56.4792,56.4792,23179499
2021-07-08,55.5817,56.7555,55.4514,56.2265,56.2265,20253703
2021-07-09,56.7458,57.4518,56.3178,57.2457,57.2457,21483770
2021-07-12,56.4889,57.4994,56.2459,57.1902,57.1902,23327139
2021-07-13,57.0307,57.5072,56.5737,56.9189,56.9189,18340632
2021-07-14,57.1902,57.7144,55.4932,55.6566,55.6566,23074898
2021-07-15,55.3201,55.8161,54.9418,55.1149,55.1149,16954175
2021-07-16,55.3298,55.4038,53.4315,53.59,53.59,28931889
2021-07-19,52.0193,52.5436,51.043,51.749,51.749,40611333
2021-07-20,51.8891,52.918,51.4505,52.3199,52.3199,28618075
2021-07-21,53.16,54.507,53.1329,54.0014,54.0014,22363766
2021-07-22,53.9742,53.9839,52.9735,53.3935,53.3935,14432844
2021-07-23,53.5628,53.5628,52.7955,53.3294,53.3294,15068593
2021-07-26,53.4412,54.8348,53.2914,54.6753,54.6753,19667200
2021-07-27,54.2357,54.2357,53.483,54.0684,54.0684,18034806
2021-07-28,54.226,54.8105,53.871,54.4322,54.4322,18028249
2021-07-29,55.1605,55.4699,54.7502,55.0955,55.0955,19902738
2021-07-30,55.0487,55.0487,53.59,53.8243,53.8243,30646759
2021-08-02,53.8058,55.217,53.6649,53.833,53.833,22326372
2021-08-03,53.8243,54.6091,53.2253,54.4137,54.4137,19475282
2021-08-04,53.4684,54.1093,53.1144,53.1416,53.1416,22320551
2021-08-05,53.4129,53.9459,53.1329,53.4781,53.4781,16236579
2021-08-06,53.908,54.2911,53.7864,54.0947,54.0947,15924586
2021-08-09,53.4129,53.7777,53.1329,53.4781,53.4781,19068876
2021-08-10,53.6843,54.5635,53.5715,54.3952,54.3952,17477360
2021-08-11,54.4039,54.6947,53.9644,54.5537,54.5537,19550641
2021-08-12,54.4778,54.8484,53.9751,54.4302,54.4302,20258858
2021-08-13,54.1269,54.1648,53.4333,53.8798,53.8798,21139218
2021-08-16,53.1679,53.2341,52.4599,53.0921,53.0921,17879307
2021-08-17,52.6749,53.4305,52.1954,52.7312,52.7312,17115005
2021-08-18,52.597,52.9636,51.5448,51.6216,51.6216,23064780
2021-08-19,50.7483,50.9711,49.4471,50.0461,50.0461,32582322
2021-08-20,49.6085,50.4293,49.4569,50.0548,50.0548,17825815
2021-08-23,51.2034,52.2567,51.2034,52.1147,52.1147,22793040
2021-08-24,52.4755,53.0065,52.21,52.5416,52.5416,18876592
2021-08-25,52.4269,52.9306,52.0758,52.6369,52.6369,13982170
2021-08-26,52.3899,52.7118,51.8443,51.924,51.924,12477890
2021-08-27,52.5795,53.3517,52.5795,52.9306,52.9306,16671209
2021-08-30,53.377,53.4713,52.3141,52.352,52.352,14841735
2021-08-31,52.1341,52.4949,51.6877,51.7441,51.7441,28558065
2021-09-01,51.715,51.9678,50.8708,51.0323,51.0323,22805106
2021-09-02,51.5263,52.8071,51.5069,52.2762,52.2762,24552215
2021-09-03,52.3141,52.5027,51.8152,52.0758,52.0758,14590725
2021-09-07,51.8871,52.456,51.6975,51.7733,51.7733,15126518
2021-09-08,51.9999,52.3705,51.2608,51.2978,51.2978,19762882
2021-09-09,50.8903,52.2003,50.5859,51.3367,51.3367,20135934
2021-09-10,52.3802,52.4181,51.2034,51.2317,51.2317,15934965
2021-09-13,51.8677,53.0774,51.8395,52.5513,52.5513,23235206
2021-09-14,52.8537,52.9306,51.6391,51.8015,51.8015,21009945
2021-09-15,52.5513,53.6552,52.4949,53.5481,53.5481,24487573
2021-09-16,53.5851,53.5851,52.6749,52.9782,52.9782,18867787
2021-09-17,52.5222,53.8603,52.2946,52.352,52.352,31645554
2021-09-20,51.042,51.4125,50.264,50.9564,50.9564,29033180
2021-09-21,51.6022,51.7344,50.5392,50.9098,50.9098,20753377
2021-09-22,51.6585,53.059,51.6022,52.3997,52.3997,27068739
2021-09-23,52.598,54.3262,52.4657,54.1735,54.1735,24306907
2021-09-24,53.8136,54.8756,53.7941,54.6578,54.6578,23526323
2021-09-27,55.854,56.7555,55.8258,56.2809,56.2809,34740956
2021-09-28,56.8508,57.4012,56.4802,56.8693,56.8693,39637261
2021-09-29,56.7934,57.1221,56.0436,56.8314,56.8314,24679258
2021-09-30,57.0599,57.1066,55.8161,55.8258,55.8258,32968076
2021-10-01,56.3849,57.8846,56.3849,57.8282,57.8282,25716609
2021-10-04,58.1987,58.9096,57.8476,58.578,58.578,35767661
2021-10-05,59.3327,59.5038,57.9138,58.4827,58.4827,31231607
2021-10-06,57.3915,58.0042,56.7089,57.4109,57.4109,26641266
2021-10-07,57.5238,57.9701,57.0774,57.5723,57.5723,20560357
2021-10-08,58.1315,59.2373,58.1315,59.0136,59.0136,23377049
2021-10-11,59.8208,59.85,58.3688,58.4262,58.4262,23308138
2021-10-12,58.436,58.8241,57.7523,58.1218,58.1218,21282056
2021-10-13,57.6852,58.2648,57.1455,57.9604,57.9604,15795909
2021-10-14,58.5683,59.0525,58.0557,58.8435,58.8435,19591956
2021-10-15,59.5359,59.8597,59.2606,59.4037,59.4037,16955852
2021-10-18,59.8772,59.9259,59.0992,59.3745,59.3745,19263532
2021-10-19,59.6691,60.3713,59.4795,60.2672,60.2672,19948774
2021-10-20,59.6886,60.6203,59.5262,60.5989,60.5989,15072521
2021-10-21,60.2381,60.3995,59.1703,59.4989,59.4989,17453203
2021-10-22,59.5748,60.0017,59.1703,59.9063,59.9063,15032155
2021-10-25,60.4764,61.1356,60.3431,61.0743,61.0743,18902104
2021-10-26,61.2067,62.5837,61.0841,62.4885,62.4885,26957547
2021-10-27,61.8427,61.9282,60.7184,60.8653,60.8653,22931955
2021-10-28,60.5716,61.1881,60.3907,61.0354,61.0354,17518286
2021-10-29,61.7376,62.0322,61.0549,61.1881,61.1881,25251937
2021-11-01,61.7523,62.7149,61.7104,62.2891,62.2891,20710866
2021-11-02,61.7191,62.115,61.3681,61.5198,61.5198,17174423
2021-11-03,60.7797,61.1688,60.4189,60.6747,60.6747,18304684
2021-11-04,61.3817,61.5859,60.5803,61.1308,61.1308,18670673
2021-11-05,61.7376,61.9993,61.2738,61.7104,61.7104,19561013
2021-11-08,62.2133,63.0008,62.0517,62.3737,62.3737,18645292
2021-11-09,62.4213,62.9911,61.9846,62.9815,62.9815,19788814
2021-11-10,62.8278,63.1448,61.3399,61.7406,61.7406,20977647
2021-11-11,61.7453,62.3513,61.5772,61.8563,61.8563,13847675
2021-11-12,61.5149,61.9137,61.1541,61.3846,61.3846,18879240
2021-11-15,61.3272,62.2958,60.8079,61.9137,61.9137,19596912
2021-11-16,61.8855,62.8755,61.8855,62.539,62.539,17704227
2021-11-17,61.9234,62.751,61.7309,61.8563,61.8563,16111750
2021-11-18,61.7124,62.0673,60.7019,61.1833,61.1833,17620519
2021-11-19,59.5282,59.6632,58.1053,58.3552,58.3552,33306334
2021-11-22,58.0187,60.1534,58.0187,59.1634,59.1634,22871441
2021-11-23,59.8169,60.9615,59.5573,60.7214,60.7214,22026380
2021-11-24,60.1922,61.4088,60.1922,61.0579,61.0579,16499209
2021-11-26,58.2104,59.0769,57.268,58.9125,58.9125,25970529
2021-11-29,60.1825,60.7311,58.9514,59.2403,59.2403,19697968
2021-11-30,58.153,58.8502,57.3837,57.5569,57.5569,36367478
2021-12-01,58.576,59.6632,57.4703,57.5081,57.5081,31886817
2021-12-02,57.4605,59.2306,56.8839,58.9417,58.9417,30375049
2021-12-03,59.5573,59.8557,58.042,58.5663,58.5663,22888060
2021-12-06,59.3648,59.7877,59.0759,59.2306,59.2306,19972594
2021-12-07,59.9608,60.6251,59.7304,59.8937,59.8937,20585860
2021-12-08,60.2215,60.7787,59.9608,60.0668,60.0668,18936988
2021-12-09,59.6826,60.3732,59.4513,60.2215,60.2215,17581167
2021-12-10,60.8556,60.9324,59.851,60.6056,60.6056,18654159
2021-12-13,60.0863,60.3265,59.0088,59.2782,59.2782,18499587
2021-12-14,58.9223,60.0814,58.8844,59.1916,59.1916,23445751
2021-12-15,58.8551,59.1537,57.7202,58.932,58.932,20753751
2021-12-16,59.0954,60.0668,58.9611,59.0283,59.0283,22028304
2021-12-17,58.6247,58.9367,57.4129,57.7397,57.7397,46218477
2021-12-20,56.2771,56.9888,55.749,56.9023,56.9023,22684879
2021-12-21,57.4703,58.3649,57.4411,58.1918,58.1918,20584315
2021-12-22,58.0373,59.0233,57.6813,58.6626,58.6626,14616034
2021-12-23,58.8357,59.4805,58.6723,58.6917,58.6917,14080555
2021-12-27,58.6052,59.5864,58.1151,59.5282,59.5282,13096038
2021-12-28,59.5476,59.9326,59.0575,59.3365,59.3365,13294129
2021-12-29,59.1343,59.248,58.5905,58.8172,58.8172,13238745
2021-12-30,58.8844,59.25,58.4466,58.47,58.47,12413967
2021-12-31,58.4224,59.1245,58.3835,58.8551,58.8551,14630202
2022-01-03,58.9038,61.1735,58.8746,61.1152,61.1152,25253781
2022-01-04,61.6831,63.6593,61.654,63.4142,63.4142,40114678
2022-01-05,63.9627,65.0306,63.9432,64.203,64.203,35383378
2022-01-06,65.405,65.867,64.5112,65.7133,65.7133,31885137
2022-01-07,65.9058,66.5399,65.3865,66.2521,66.2521,24936904
2022-01-10,66.3386,66.5311,65.3574,65.8572,65.8572,23663220
2022-01-11,66.2618,68.6755,65.9632,68.6278,68.6278,34242720
2022-01-12,68.4256,69.0704,67.9441,68.4256,68.4256,23959250
2022-01-13,68.4061,68.8487,67.6271,67.9354,67.9354,21877961
2022-01-14,67.9539,69.3922,67.9062,69.1277,69.1277,23925789
2022-01-18,70.0418,71.061,69.2619,70.2917,70.2917,34166495
2022-01-19,70.9356,71.0416,69.7821,70.32,70.32,27480182
2022-01-20,69.7336,71.5327,69.5032,70.4746,70.4746,27836699
2022-01-21,70.3881,70.3881,68.3293,69.4166,69.4166,36513694
2022-01-24,68.1757,70.2917,67.1419,70.0127,70.0127,43225460
2022-01-25,69.8201,72.3642,68.6658,72.0705,72.0705,40836595
2022-01-26,72.5519,73.1004,70.6857,71.3402,71.3402,36650851
2022-01-27,72.5811,73.11,71.1622,72.2533,72.2533,30332050
2022-01-28,72.1094,72.7348,71.1281,72.408,72.408,31809393
2022-01-31,72.1094,73.504,71.4316,73.0615,73.0615,37516994
2022-02-01,73.5331,78.3996,73.36,77.746,77.746,63454270
2022-02-02,77.005,77.7266,76.1297,77.5438,77.5438,31501299
2022-02-03,77.0342,77.2452,76.0053,76.6394,76.6394,29661164
2022-02-04,77.7839,79.3809,77.7839,78.3033,78.3033,33474822
2022-02-07,78.0436,79.9099,77.5632,79.2466,79.2466,36335654
2022-02-08,79.131,79.3487,76.8708,77.1975,77.1975,35719181
2022-02-09,77.3921,77.8297,76.5412,76.828,76.828,41239946
2022-02-10,76.5557,77.4893,75.6532,76.089,76.089,29334162
2022-02-11,76.4584,78.1117,76.0791,78.0047,78.0047,43189524
2022-02-14,77.3921,77.6449,74.9317,76.8086,76.8086,35632441
2022-02-15,74.7858,76.0403,74.3189,75.8457,75.8457,25798807
2022-02-16,76.6238,77.538,75.8944,76.1959,76.1959,22348183
2022-02-17,76.3224,76.9448,75.8068,76.0791,76.0791,24409931
2022-02-18,75.0385,76.0208,74.776,75.2331,75.2331,24056164
2022-02-22,77.4796,77.5963,73.2395,74.3578,74.3578,36964040
2022-02-23,74.3578,75.3401,74.0369,74.6594,74.6594,26102660
2022-02-24,76.828,76.8572,71.9947,73.716,73.716,47505957
2022-02-25,74.5815,75.8457,74.1634,75.6999,75.6999,29110611
2022-02-28,74.4064,76.76,74.105,76.264,76.264,33115087
2022-03-01,76.6043,78.4327,76.1765,76.9934,76.9934,41133239
2022-03-02,78.3841,79.8914,77.6255,78.3159,78.3159,45574368
2022-03-03,77.6644,79.5218,77.4407,78.8119,78.8119,31050293
2022-03-04,78.8217,81.958,78.4424,81.7781,81.7781,44055775
2022-03-07,82.5853,84.8317,81.5933,84.7248,84.7248,56768678
2022-03-08,86.6017,88.9892,83.0813,85.3667,85.3667,74120082
2022-03-09,81.7197,84.1899,79.3565,80.5138,80.5138,67317444
2022-03-10,81.7003,83.3244,80.6208,83.0131,83.0131,45906371
2022-03-11,81.7586,83.8592,81.6614,82.5853,82.5853,36301422
2022-03-14,80.7763,81.1557,78.2868,79.6289,79.6289,38521718
2022-03-15,76.6529,76.9934,74.2704,75.097,75.097,49313708
2022-03-16,75.6707,76.4584,74.1536,74.8149,74.8149,38881282
2022-03-17,76.0305,76.9739,74.9511,76.8086,76.8086,35004309
2022-03-18,76.8863,77.2071,75.9528,76.5071,76.5071,42633625
2022-03-21,77.9171,80.2463,77.5477,79.94,79.94,34024747
2022-03-22,79.3857,79.94,78.5688,79.59,79.59,23786167
2022-03-23,81.0487,81.9532,80.7666,80.8445,80.8445,28499870
2022-03-24,81.1654,82.3226,80.475,81.0876,81.0876,20433416
2022-03-25,80.6402,83.1396,80.5138,82.8576,82.8576,23041673
2022-03-28,80.8834,81.0196,79.765,80.5333,80.5333,22161686
2022-03-29,78.5882,80.2221,77.5672,80.1053,80.1053,27800587
2022-03-30,80.7763,81.7003,80.4361,81.4766,81.4766,22703200
2022-03-31,80.5915,82.0795,80.2804,80.3193,80.3193,28649121
2022-04-01,79.7358,81.8268,79.7358,80.8348,80.8348,19198923
2022-04-04,81.2627,81.3598,79.7942,80.8736,80.8736,21470330
2022-04-05,81.2043,82.7311,80.2852,80.4555,80.4555,22368080
2022-04-06,81.1265,82.3713,80.6597,81.3501,81.3501,25468416
2022-04-07,81.5252,83.091,80.4361,82.7117,82.7117,26860469
2022-04-08,82.8283,84.8122,82.8283,84.4524,84.4524,25569502
2022-04-11,83.4215,83.5675,81.2043,81.5446,81.5446,22416406
2022-04-12,83.3536,84.433,83.0277,83.2465,83.2465,23078689
2022-04-13,84.2287,84.7151,82.8479,84.4233,84.4233,19852648
2022-04-14,84.2872,86.028,83.8615,85.4153,85.4153,25260952
2022-04-18,86.0668,86.4461,85.3375,86.1154,86.1154,19570357
2022-04-19,85.5903,86.2224,84.8706,85.3472,85.3472,20958859
2022-04-20,85.5514,86.0668,84.8998,85.5417,85.5417,21274314
2022-04-21,86.5044,87.3311,84.4038,84.6372,84.6372,29831018
2022-04-22,84.2773,85.6972,82.663,82.7894,82.7894,24258557
2022-04-25,80.1053,80.3825,77.1099,79.9984,79.9984,38764023
2022-04-26,80.4555,82.3907,79.9205,80.0276,80.0276,29759685
2022-04-27,81.0973,83.1249,80.0178,82.313,82.313,33699543
2022-04-28,82.5464,85.7119,81.7586,84.8025,84.8025,34636024
2022-04-29,85.7168,85.7168,82.3713,82.9062,82.9062,35636227
2022-05-02,82.6728,84.6421,82.3032,84.0343,84.0343,37362427
2022-05-03,83.8885,86.3391,83.7523,85.7654,85.7654,34866704
2022-05-04,87.0393,89.3539,86.4655,89.1788,89.1788,47494148
2022-05-05,89.5095,89.5192,85.9599,87.8271,87.8271,42172897
2022-05-06,88.4786,89.2906,86.8934,89.1691,89.1691,30456709
2022-05-09,86.981,87.0976,81.71,82.1379,82.1379,47147886
2022-05-10,83.2855,84.5011,81.2189,82.6825,82.6825,35458076
2022-05-11,84.0537,86.4947,83.9079,84.4038,84.4038,33954147
2022-05-12,84.4431,84.8656,81.9379,84.787,84.787,30017790
2022-05-13,85.8285,87.3856,84.8312,87.3021,87.3021,26258809
2022-05-16,87.4495,90.3625,87.4102,89.3555,89.3555,26566985
2022-05-17,90.1218,90.8292,89.5225,90.4951,90.4951,23533245
2022-05-18,90.8881,91.291,88.2551,89.0607,89.0607,25905413
2022-05-19,87.4397,90.6818,87.4397,89.5422,89.5422,24822554
2022-05-20,90.3183,91.9492,88.8151,90.2496,90.2496,29308870
2022-05-23,91.0355,93.1086,90.9274,92.2439,92.2439,27725412
2022-05-24,91.1927,93.1282,90.7014,92.745,92.745,24726834
2022-05-25,92.9219,94.8376,92.8137,94.6117,94.6117,30482258
2022-05-26,94.9064,95.7219,94.5153,94.9458,94.9458,24748720
2022-05-27,94.2629,96.2131,93.6293,95.879,95.879,26045419
2022-05-31,96.8321,98.0258,94.0272,94.3169,94.3169,45689144
2022-06-01,95.3191,96.9818,94.9261,96.1247,96.1247,26276033
2022-06-02,95.5843,96.3801,95.0931,95.9576,95.9576,19429744
2022-06-03,96.1836,97.9128,96.1836,97.3528,97.3528,21413584
2022-06-06,97.4412,98.0306,96.9401,97.1072,97.1072,21051115
2022-06-07,97.9521,101.617,97.7457,101.557,101.557,38484946
2022-06-08,101.675,103.719,101.175,102.757,102.757,32177283
2022-06-09,101.607,102.737,100.369,100.536,100.536,27109617
2022-06-10,100.153,101.538,98.0405,98.6988,98.6988,31510791
2022-06-13,95.8103,96.0559,92.2734,94.1696,94.1696,34017438
2022-06-14,95.7022,96.9401,93.5999,94.4152,94.4152,31821921
2022-06-15,94.3071,94.8769,91.6348,93.2264,93.2264,30149354
2022-06-16,90.7899,91.4972,88.6973,89.7878,89.7878,36333746
2022-06-17,89.3653,89.7485,84.1533,84.6102,84.6102,65763142
2022-06-21,87.027,90.9078,86.9681,89.8762,89.8762,36593001
2022-06-22,86.0052,88.1864,85.9954,86.3196,86.3196,30300857
2022-06-23,87.1056,87.4888,82.0557,83.7161,83.7161,36395286
2022-06-24,85.4256,86.8501,84.3056,85.3765,85.3765,27114356
2022-06-27,86.2705,88.4615,86.133,87.4692,87.4692,25933343
2022-06-28,89.5225,91.6054,88.766,89.8958,89.8958,33714070
2022-06-29,91.3499,91.5661,86.2165,86.575,86.575,25854210
2022-06-30,84.6298,86.0642,83.1855,84.1386,84.1386,40660928
2022-07-01,85.2193,86.3393,83.2249,86.0151,86.0151,26797670
2022-07-05,84.8263,85.18,81.5547,83.3231,83.3231,35218776
2022-07-06,82.2915,83.7358,79.5898,81.8199,81.8199,33971306
2022-07-07,83.8831,85.2389,83.8046,84.4333,84.4333,24242377
2022-07-08,85.4256,85.7694,83.441,84.5709,84.5709,17989203
2022-07-11,83.6768,84.6102,82.8811,84.1386,84.1386,15886874
2022-07-12,82.3112,83.5589,81.4074,83.0186,83.0186,21387985
2022-07-13,81.9182,84.7993,81.8396,83.3526,83.3526,20284222
2022-07-14,80.415,81.8494,79.2753,81.6824,81.6824,26813115
2022-07-15,83.3133,83.3919,81.4466,83.0579,83.0579,17551459
2022-07-18,85.0621,86.397,84.2466,84.5905,84.5905,19741923
2022-07-19,84.9,86.9681,84.7378,86.7225,86.7225,18574549
2022-07-20,86.0445,88.0782,85.7203,87.6755,87.6755,16880358
2022-07-21,85.406,86.2607,83.7161,86.2116,86.2116,21757109
2022-07-22,86.0151,86.919,85.1112,85.5534,85.5534,15755702
2022-07-25,86.6144,88.5499,85.8874,88.4024,88.4024,17849302
2022-07-26,89.5323,89.6797,87.4397,88.0586,88.0586,15411385
2022-07-27,88.6973,90.3871,87.8326,89.9646,89.9646,18368999
2022-07-28,90.5639,91.6152,89.4144,91.0158,91.0158,20716282
2022-07-29,92.7941,95.8053,92.4503,95.2307,95.2307,30358062
2022-08-01,93.1282,93.6784,91.5955,92.8235,92.8235,21164200
2022-08-02,93.0299,93.531,92.1752,92.4208,92.4208,17020912
2022-08-03,92.7646,92.7646,89.1983,89.4242,89.4242,24001607
2022-08-04,88.7267,88.7562,84.9147,85.6614,85.6614,32389312
2022-08-05,84.846,88.1175,84.7673,86.8993,86.8993,17718673
2022-08-08,87.0565,88.0291,86.6734,87.3906,87.3906,14725308
2022-08-09,88.4713,90.0039,88.373,89.0018,89.0018,19423965
2022-08-10,89.0902,90.1808,87.6214,89.8467,89.8467,18628589
2022-08-11,91.1066,93.5469,90.7089,92.4458,92.4458,18949194
2022-08-12,91.7415,93.2692,91.3744,93.2493,93.2493,15179439
2022-08-15,89.807,91.9895,88.944,91.5827,91.5827,20922315
2022-08-16,91.2951,92.1482,90.561,90.7296,90.7296,14151224
2022-08-17,90.5411,92.4656,90.1939,91.4637,91.4637,13788157
2022-08-18,92.4061,94.5489,92.3466,93.6263,93.6263,17913421
2022-08-19,93.408,94.4397,93.0509,93.3287,93.3287,16258396
2022-08-22,92.674,93.7343,91.1264,93.2592,93.2592,16148892
2022-08-23,94.7869,97.6241,94.6877,97.2174,97.2174,23956050
2022-08-24,97.2273,98.1747,96.5825,97.7927,97.7927,17187566
2022-08-25,98.13,99.0625,97.3169,98.2987,98.2987,15428944
2022-08-26,97.9812,99.1121,96.642,97.0884,97.0884,15656399
2022-08-29,97.3959,100.744,97.3563,99.3204,99.3204,23244846
2022-08-30,97.5745,97.8324,95.0548,95.5409,95.5409,17224391
2022-08-31,93.2791,96.0666,92.8426,94.8266,94.8266,18488533
2022-09-01,93.666,94.3058,91.5531,93.1204,93.1204,16555196
2022-09-02,95.5806,96.017,94.3505,94.8266,94.8266,18353376
2022-09-06,95.3921,95.8186,93.7552,94.1917,94.1917,19356109
2022-09-07,92.4458,93.8365,91.5629,93.3882,93.3882,16405672
2022-09-08,93.904,94.658,92.9716,94.1521,94.1521,18910224
2022-09-09,95.7492,96.2254,94.5588,95.7294,95.7294,17299592
2022-09-12,96.8702,98.3979,96.1028,96.8305,96.8305,16248704
2022-09-13,95.8385,96.9991,94.1521,94.5687,94.5687,18375873
2022-09-14,95.4218,97.7729,95.3822,96.89,96.89,22838066
2022-09-15,95.4516,95.769,93.2989,94.0727,94.0727,21262069
2022-09-16,94.3108,94.5786,91.2653,92.4656,92.4656,38179606
2022-09-19,90.2832,92.7434,90.2733,92.4557,92.4557,15465618
2022-09-20,91.9895,92.1829,90.9082,91.7018,91.7018,14830957
2022-09-21,92.8228,93.1303,90.1443,90.2237,90.2237,17471949
2022-09-22,91.4637,91.92,89.7971,89.8467,89.8467,16269317
2022-09-23,86.8012,86.8012,84.1724,85.0652,85.0652,27962120
2022-09-26,84.222,85.5315,83.2201,83.3093,83.3093,22220810
2022-09-27,84.9263,86.2606,84.1327,85.0553,85.0553,17446621
2022-09-28,85.4322,88.5868,85.2338,88.1504,88.1504,19700644
2022-09-29,87.4758,88.6446,86.4342,87.9718,87.9718,18040078
2022-09-30,87.4659,88.3289,86.6127,86.6127,86.6127,21529498
2022-10-03,89.3209,91.6224,89.0035,91.1859,91.1859,24073583
2022-10-04,92.4954,94.5985,91.9696,94.5092,94.5092,22311893
2022-10-05,94.9853,99.1915,94.8961,98.3284,98.3284,35138311
2022-10-06,97.6836,101.364,97.5447,101.245,101.245,29359178
2022-10-07,101.374,102.49,99.38,100.223,100.223,24704940
2022-10-10,100.68,101.215,97.9316,98.0507,98.0507,16921220
2022-10-11,96.4436,98.9633,95.9774,97.2174,97.2174,17947455
2022-10-12,96.7214,98.1201,96.4535,97.6439,97.6439,12737490
2022-10-13,96.6618,101.632,96.6222,101.056,101.056,22196402
2022-10-14,100.312,101.424,98.2491,98.3979,98.3979,15352228
2022-10-17,100.263,101.156,99.6974,99.8165,99.8165,14398215
2022-10-18,100.729,101.533,98.4376,99.995,99.995,14178665
2022-10-19,100.441,103.16,100.422,102.961,102.961,21090129
2022-10-20,103.487,104.161,102.584,103.1,103.1,17791104
2022-10-21,103.616,105.55,103.075,105.015,105.015,22997809
2022-10-24,104.816,106.82,104.281,105.749,105.749,17161288
2022-10-25,105.401,106.473,104.231,105.034,105.034,15846353
2022-10-26,105.411,106.969,105.153,106.284,106.284,17530411
2022-10-27,107.544,108.705,106.562,106.691,106.691,18360650
2022-10-28,108.586,110.322,107.257,109.816,109.816,28396212
2022-10-31,108.626,112.008,108.566,109.925,109.925,26614379
2022-11-01,111.473,111.671,109.766,111.016,111.016,22391964
2022-11-02,110.689,111.205,108.437,108.735,108.735,20828110
2022-11-03,107.713,110.927,107.445,110.213,110.213,17241361
2022-11-04,112.098,112.594,109.915,111.413,111.413,17682675
2022-11-07,111.512,113.08,111.235,112.732,112.732,16136913
2022-11-08,112.574,113.748,111.696,113.09,113.09,14779053
2022-11-09,112.197,112.375,107.703,108.03,108.03,19679918
2022-11-10,109.31,109.816,106.711,109.618,109.618,20308918
2022-11-11,111.681,113.586,111.592,113.04,113.04,20684036
2022-11-14,112.63,114.64,112.49,113.37,113.37,20858291
2022-11-15,113.8,114.53,112.87,114.13,114.13,19373750
2022-11-16,113.44,114.2599,111.86,112.91,112.91,13590973
2022-11-17,111.29,113.2,110.75,113.06,113.06,12435740
2022-11-18,110.9,112.48,109.61,112.08,112.08,15415025
2022-11-21,109.99,111.2041,107.48,110.97,110.97,20972978
2022-11-22,112.21,114.47,111.43,114.18,114.18,17719088
2022-11-23,112.32,113.9488,112.1,113.61,113.61,11546685
2022-11-25,113.88,114.61,113.06,113.21,113.21,7136013
2022-11-28,110.66,111.46,109.62,109.81,109.81,23017671
2022-11-29,110.61,111.8,109.792,110.54,110.54,14453174
2022-11-30,111.54,111.9,109.78,111.34,111.34,23158059
2022-12-01,111.64,112.07,110.18,110.8,110.8,14398314
2022-12-02,109.51,111.71,109.2,109.86,109.86,15248385
2022-12-05,110.7,111.36,105.94,106.85,106.85,19287746
2022-12-06,105.9,107.04,103.145,103.88,103.88,21196977
2022-12-07,103.78,104.8548,102.37,103.65,103.65,20061729
2022-12-08,106.28,106.795,103.71,104.42,104.42,21128762
2022-12-09,104.59,105.95,103.3,103.54,103.54,21298194
2022-12-12,103.83,106.24,103.585,106.09,106.09,20413173
2022-12-13,107.8,108.54,107.02,107.25,107.25,24305345
2022-12-14,107.99,108.3,105.75,106.46,106.46,17597334
2022-12-15,105.33,106.17,103.7,105.44,105.44,15367888
2022-12-16,103.69,105.58,103.1301,104.7,104.7,54596623
2022-12-19,105.26,106.2,104.38,105.17,105.17,13611124
2022-12-20,105.17,107.51,105.07,106.69,106.69,14680004
2022-12-21,108.29,108.585,107.16,108.06,108.06,13565365
2022-12-22,107.89,108.19,104.1,105.88,105.88,13215496
2022-12-23,106.95,108.74,106.9,108.68,108.68,11539448
2022-12-27,109.27,110.465,108.83,110.19,110.19,11962058
2022-12-28,109.91,110,107.902,108.38,108.38,10702075
2022-12-29,107.99,109.72,107.99,109.2,109.2,10534028
2022-12-30,108.61,110.5,108.61,110.3,110.3,11799640
2023-01-03,109.78,110.02,105.49,106.51,106.51,15146168
2023-01-04,104.8,107.155,104.76,106.82,106.82,18058396
2023-01-05,106.34,109.95,106.31,109.21,109.21,15946559
2023-01-06,110.08,111.99,109.67,110.53,110.53,16348131
2023-01-09,111.64,111.64,107.81,108.47,108.47,17964591
2023-01-10,109.79,110.33,108.005,110.09,110.09,15104595
2023-01-11,110.99,111.45,109.085,111.37,111.37,16710366
2023-01-12,111.82,113.74,111.74,113.22,113.22,15357321
2023-01-13,113.11,113.49,112.16,113.15,113.15,12011358
2023-01-17,113.41,114.08,112.67,112.93,112.93,16542201
2023-01-18,113.26,114.12,110.3987,110.61,110.61,16399690
2023-01-19,110.07,112.13,109.58,111.32,111.32,12928021
2023-01-20,111.36,113.44,110.61,113.35,113.35,16515614
2023-01-23,113.64,114.59,112.64,112.76,112.76,16584422
2023-01-24,99.23,114.02,99.23,113.81,113.81,13583025
2023-01-25,113.23,113.65,111.39,113.21,113.21,11912947
2023-01-26,114.72,117.78,114.335,117.76,117.76,21019678
2023-01-27,116.95,117.67,115.39,115.61,115.61,15179207
2023-01-30,115.09,115.49,113.1519,113.56,113.56,18672053
2023-01-31,112.1,116.4,110.43,116.01,116.01,27861849
2023-02-01,115.83,117.38,113.34,114.74,114.74,19464873
2023-02-02,114.85,115.07,109.83,111.15,111.15,24562123
2023-02-03,111.9,114.11,111.56,111.92,111.92,20226609
2023-02-06,112.36,113.09,110.32,111.73,111.73,13855205
2023-02-07,112.39,115.31,112.021,114.92,114.92,16013314
2023-02-08,115.05,115.83,113.85,113.92,113.92,18459678
2023-02-09,114.62,116.24,114.18,114.35,114.35,17439311
2023-02-10,116.51,119.63,116.16,119.17,119.17,24918616
2023-02-13,117.72,118.18,115.9,117.8,117.8,14536241
2023-02-14,117.01,117.81,116.0169,116.42,116.42,12078992
2023-02-15,115.72,116.09,114.14,116.07,116.07,13673360
2023-02-16,115.31,116.78,114.8,115.73,115.73,11360604
2023-02-17,114.19,114.19,110.9799,111.28,111.28,20758331
2023-02-21,110.81,112.38,110.81,111.17,111.17,14469431
2023-02-22,110.48,110.97,108.64,109.73,109.73,13973841
2023-02-23,110.73,111.83,109.9,110.74,110.74,11289402
2023-02-24,109.33,110.96,109.02,110.75,110.75,14351036
2023-02-27,110.8,111.26,109.9601,110.55,110.55,11710453
2023-02-28,111.24,111.36,109.22,109.91,109.91,18107031
2023-03-01,109.31,111.86,109.24,110.89,110.89,13199955
2023-03-02,110.615,111.695,110.17,111.4,111.4,10343084
2023-03-03,110.05,113.37,109.95,112.81,112.81,13006713
2023-03-06,111.99,113.84,111.87,113.81,113.81,14347410
2023-03-07,112.81,113.17,111.17,111.61,111.61,11525289
2023-03-08,111.23,112.42,109.065,109.98,109.98,13509818
2023-03-09,110.87,112.23,109.03,109.13,109.13,12961244
2023-03-10,109.56,111.035,107.15,107.78,107.78,15795666
2023-03-13,105.34,107.86,103.72,106.54,106.54,20745625
2023-03-14,106.35,109.01,104.96,106.94,106.94,18263512
2023-03-15,102.82,104.2,100.2203,101.62,101.62,25733781
2023-03-16,99.11,101.68,98.02,101.03,101.03,27476133
2023-03-17,100.6,101.6149,99.14,99.84,99.84,43199470
2023-03-20,99.63,102.48,99.5,102.45,102.45,32042106
2023-03-21,104.17,107.28,104.13,107.04,107.04,31592310
2023-03-22,106.8,107.175,104.56,104.59,104.59,14952666
2023-03-23,105.36,106.34,102.44,103.41,103.41,14385865
2023-03-24,101.47,103.85,100.9132,103.53,103.53,13405812
2023-03-27,104.74,106.48,103.91,105.8,105.8,14805911
2023-03-28,105.44,107.65,105.19,107.12,107.12,11047587
2023-03-29,108.06,109.16,107.49,108.96,108.96,14219122
2023-03-30,109.55,109.57,108.52,109.49,109.49,11578171
2023-03-31,109.68,110.17,109.0499,109.66,109.66,14417961
2023-04-03,113.39,116.85,113.12,116.13,116.13,28087681
2023-04-04,116.26,116.7,114.17,115.02,115.02,16365489
2023-04-05,115.35,117,114.31,116.99,116.99,16479469
2023-04-06,116.86,117.18,114.77,115.05,115.05,15777957
2023-04-10,114.78,116.18,114.17,114.54,114.54,13006552
2023-04-11,114.96,116.1999,114.38,115.35,115.35,11758461
2023-04-12,116.16,116.59,114.93,115.23,115.23,10919022
2023-04-13,114.6,115.89,114.13,115.77,115.77,12399652
2023-04-14,115.9,116.66,115.12,116.05,116.05,11530828
2023-04-17,115.49,116.51,114.42,114.7,114.7,13260352
2023-04-18,114.39,117.21,114.3,116.94,116.94,17436140
2023-04-19,116.08,116.9,115.77,116.57,116.57,10682605
2023-04-20,115.125,115.68,113.2298,115.64,115.64,17038747
2023-04-21,116.49,116.88,115.26,116.01,116.01,14315329
2023-04-24,115.92,118.885,115.88,118.2,118.2,15831314
2023-04-25,117.55,117.74,115.63,116.52,116.52,12179825
2023-04-26,116.03,117.09,114.68,115.45,115.45,15566086
2023-04-27,115.62,117.01,114.8818,116.83,116.83,16279188
2023-04-28,117.25,119.92,116.83,118.34,118.34,24381946
2023-05-01,115.99,117.3,114.45,114.67,114.67,17354987
2023-05-02,113.94,113.94,109.29,110.1,110.1,24324102
2023-05-03,109.08,109.81,107.755,107.93,107.93,16212343
2023-05-04,107.9,108.75,105.91,106.04,106.04,17177150
2023-05-05,108.55,109.43,107.53,108.68,108.68,14968197
2023-05-08,110.5,110.97,109.04,109.11,109.11,11187752
2023-05-09,108.34,110.23,108.21,109.14,109.14,11370769
2023-05-10,109.74,110.01,106.71,107.74,107.74,14884793
2023-05-11,106.49,106.82,104.933,105.79,105.79,17165897
2023-05-12,106.31,107.01,104.775,105.78,105.78,12613254
2023-05-15,105.51,105.925,104.58,105.07,105.07,13715576
2023-05-16,104.63,104.81,102.02,102.52,102.52,14800200
2023-05-17,103.39,105.23,102.85,104.82,104.82,14064742
2023-05-18,104.55,105.91,104.13,105.77,105.77,12005609
2023-05-19,106.57,107.05,105.82,106.26,106.26,13359630
2023-05-22,105.84,107.04,104.88,104.97,104.97,12882000
2023-05-23,105.99,108.22,105.75,106.4,106.4,14394440
2023-05-24,107.38,108.51,106.73,107.59,107.59,16340293
2023-05-25,105.94,106.43,104.71,105.66,105.66,14316463
2023-05-26,106.47,106.95,104.8327,104.97,104.97,12370326
2023-05-30,103.29,104.12,102.61,104.04,104.04,11938025
2023-05-31,102.29,103.04,101.74,102.18,102.18,24926117
2023-06-01,101.75,105.58,101.26,103.36,103.36,13551936
2023-06-02,105.16,106.13,104.53,105.76,105.76,14112041
2023-06-05,107.19,107.19,105.09,105.29,105.29,10628001
2023-06-06,104.15,106.27,103.98,106.15,106.15,12209768
2023-06-07,106.79,108.89,106.73,108.53,108.53,16027086
2023-06-08,108.77,109.14,105.9,108.19,108.19,13517919
2023-06-09,108.455,108.61,107.16,107.39,107.39,12252531
2023-06-12,105.81,107.06,105.555,106.42,106.42,14115160
2023-06-13,107.38,108.34,106.275,106.44,106.44,13533780
2023-06-14,107.45,108.11,104.39,105.16,105.16,16627681
2023-06-15,105.5,107.03,105.44,105.89,105.89,16224117
2023-06-16,106.36,106.77,104.955,105.13,105.13,43128871
2023-06-20,104.68,104.77,102.12,102.72,102.72,17519379
2023-06-21,102.5,104.63,102.33,103.87,103.87,13285741
2023-06-22,102.84,103.885,102.65,103.3,103.3,12458807
2023-06-23,102.59,102.82,101.62,102.4,102.4,17933599
2023-06-26,102.2,104.905,102.2,104.29,104.29,14283407
2023-06-27,104.045,104.61,103.27,104.55,104.55,13227486
2023-06-28,104.305,105.82,103.2,105.4,105.4,13084062
2023-06-29,105.66,106.73,105.13,106.7,106.7,11364436
2023-06-30,107.32,107.875,106.8101,107.25,107.25,13544664
2023-07-03,107.49,108.46,107.07,107.46,107.46,7396992
2023-07-05,107.63,107.92,106.1,106.91,106.91,12491205
2023-07-06,105.09,105.72,102.43,102.92,102.92,17964883
2023-07-07,101.92,104,101.56,103.16,103.16,21929158
2023-07-10,102.97,104.75,102.75,104.69,104.69,14877615
2023-07-11,105.26,106.16,104.81,105.97,105.97,12581080
2023-07-12,107,107.65,106.13,106.49,106.49,13238236
2023-07-13,105.97,106.23,103.32,104.54,104.54,26826838
2023-07-14,104.05,104.05,100.53,100.94,100.94,28181920
2023-07-17,100.72,101.665,100.22,101.38,101.38,18055849
2023-07-18,100.92,102.2,100.34,100.92,100.92,24617795
2023-07-19,101.05,102.4,100.8,101.62,101.62,15556541
2023-07-20,102.535,103.66,102.36,103.41,103.41,15740202
2023-07-21,104.16,104.38,103.26,103.89,103.89,17121487
2023-07-24,104.36,106.16,103.96,105.52,105.52,15090856
2023-07-25,105.06,106.0901,104.54,105.68,105.68,14116084
2023-07-26,105.11,105.72,104.6391,105.09,105.09,15159624
2023-07-27,106,106.99,104.74,105.42,105.42,17677887
2023-07-28,105.11,105.16,102.32,104.16,104.16,17571675
2023-07-31,105.19,107.86,105.19,107.24,107.24,24200295
2023-08-01,106.95,107.32,105.53,106.62,106.62,14212939
2023-08-02,106.26,106.375,104.57,105.29,105.29,13489809
2023-08-03,105.89,107.88,105.3,107.12,107.12,16283107
2023-08-04,107.96,109.24,107.33,107.42,107.42,14279634
2023-08-07,107.9,108.42,106.505,107.2,107.2,12410827
2023-08-08,106.04,107.75,104.835,107.73,107.73,14065573
2023-08-09,108.71,110.415,108.31,109.56,109.56,19919601
2023-08-10,110.19,111.63,109.44,110.12,110.12,15837170
2023-08-11,110.37,112.07,110.05,111.83,111.83,14047044
2023-08-14,111.68,111.98,110.78,111.92,111.92,12973383
2023-08-15,110.745,110.86,107.965,108.16,108.16,14909578
2023-08-16,108.28,109.33,106.275,106.34,106.34,13695121
2023-08-17,107.42,110.145,107.42,108.4,108.4,16709544
2023-08-18,107.64,110.195,107.62,110.04,110.04,16223953
2023-08-21,110.36,110.9793,108.1416,108.71,108.71,11092380
2023-08-22,109.17,109.72,107.95,108.1,108.1,10520842
2023-08-23,107.04,107.3,105.72,107.15,107.15,11435553
2023-08-24,106.42,107.765,106.07,106.35,106.35,10818478
2023-08-25,107.43,108.93,106.62,108.25,108.25,13579304
2023-08-28,108.45,110.04,108.44,109.16,109.16,10382122
2023-08-29,109.66,110.02,108.42,109.81,109.81,9665010
2023-08-30,110.44,111.14,109.98,110.88,110.88,11922060
2023-08-31,111.12,111.4166,110.615,111.19,111.19,17479834
2023-09-01,112.2,113.82,112.2,113.52,113.52,14843482
2023-09-05,114.1,115.825,113.5,113.53,113.53,18304013
2023-09-06,113.48,114.59,113.23,114.51,114.51,13325542
2023-09-07,114.65,115.85,113.7,113.95,113.95,13248541
2023-09-08,114.53,116.05,114.32,115.61,115.61,14286483
2023-09-11,116.18,116.68,113.565,114.16,114.16,14383562
2023-09-12,115.34,117.665,115.27,117.49,117.49,20145761
2023-09-13,117.41,117.96,115.9,116.44,116.44,13472800
2023-09-14,117.55,118.66,117.33,118.52,118.52,15210701
2023-09-15,117.9,118.51,116.5,116.7,116.7,34568393
2023-09-18,117.53,118.24,116.7,117.64,117.64,14045311
2023-09-19,118.62,118.84,116.61,117.33,117.33,12569724
2023-09-20,116.54,118.02,116.32,116.4,116.4,11883207
2023-09-21,116.98,117.37,114.6,114.76,114.76,14409635
2023-09-22,115.705,116.68,114.805,114.94,114.94,13200212
2023-09-25,115.09,116.645,114.83,116.23,116.23,11316012
2023-09-26,115.5,116.73,115.37,116.41,116.41,11805429
2023-09-27,117.89,120.5,117.4,120.2,120.2,23976160
2023-09-28,119.98,120.7,118.19,119.47,119.47,16808116
2023-09-29,119.1,119.18,116.733,117.58,117.58,18813565
2023-10-02,117.53,117.79,114.55,115.63,115.63,14394999
2023-10-03,115.44,116.44,115.0341,115.83,115.83,13297056
2023-10-04,114.05,114.09,110.5018,111.5,111.5,19622226
2023-10-05,109.8,110.9,108.7,108.99,108.99,20128783
2023-10-06,105.73,108.27,105.11,107.17,107.17,25367466
2023-10-09,110.44,112.07,109.52,110.92,110.92,22369887
2023-10-10,111.02,111.45,110.12,110.45,110.45,13891952
2023-10-11,106.96,107.17,104.83,106.49,106.49,57939024
2023-10-12,107.59,107.84,106.09,106.47,106.47,31182957
2023-10-13,108.03,110.2,107.84,109.87,109.87,30290328
2023-10-16,110.5,110.68,109.13,109.95,109.95,18451996
2023-10-17,109.73,111.8,109.68,111.39,111.39,19775440
2023-10-18,111.82,113.39,111.7,112.95,112.95,23380266
2023-10-19,112.72,113.965,111.325,113.02,113.02,20972488
2023-10-20,112.92,113.32,110.79,111.08,111.08,22445269
2023-10-23,110.63,110.96,108.675,109.45,109.45,18184950
2023-10-24,109.7,109.82,108.12,108.39,108.39,16786108
2023-10-25,108.52,109.5,108.13,108.59,108.59,22047319
2023-10-26,107.45,108.34,106.495,107.6,107.6,18768285
2023-10-27,108.89,109.86,104.96,105.55,105.55,23092017
2023-10-30,105.74,106.42,105.2122,105.88,105.88,19379917
2023-10-31,105.58,106.16,104.54,105.85,105.85,22185150
2023-11-01,106.53,107.165,105.46,105.64,105.64,28984865
2023-11-02,105.88,109.19,105.5,109.11,109.11,25212686
2023-11-03,108.4,108.78,106.54,107.78,107.78,30555554
2023-11-06,108.17,108.27,105.77,105.87,105.87,19097267
2023-11-07,104.47,104.86,103.29,104.21,104.21,20272486
2023-11-08,103.73,104.9,102.89,102.93,102.93,19184067
2023-11-09,103.67,103.97,102.855,102.96,102.96,18380538
2023-11-10,103.93,104.41,102.905,103.75,103.75,17831341
2023-11-13,104.05,105.135,103.805,104.84,104.84,15308382
2023-11-14,104.3,104.815,103.87,104.29,104.29,18260516
2023-11-15,103.96,105.15,103.5,103.66,103.66,20137561
2023-11-16,102.9,103.27,101.15,102.46,102.46,22469073
2023-11-17,103.06,105.43,102.75,104.96,104.96,22991823
2023-11-20,105.38,105.88,104.43,104.5,104.5,17464016
2023-11-21,104.21,104.695,103.215,104.46,104.46,14988984
2023-11-22,102.58,104.12,101.94,104.01,104.01,18073240
2023-11-24,104.02,105.465,103.91,104.57,104.57,9480768
2023-11-27,104.1,104.4,103.18,103.96,103.96,18013518
2023-11-28,104.24,104.91,103.88,103.9,103.9,20629512
2023-11-29,104.27,104.58,101.64,102.34,102.34,26802092
2023-11-30,103.11,104.4778,101.81,102.74,102.74,29254687
2023-12-01,102.5,104.22,102.22,102.99,102.99,17845276
2023-12-04,102.13,103.36,101.59,102.43,102.43,21523942
2023-12-05,102.27,102.34,100.29,100.44,100.44,22250251
2023-12-06,100,100.72,98.34,99.11,99.11,31154792
2023-12-07,99.86,100.835,98.09,98.42,98.42,29990727
2023-12-08,99.02,99.7867,98.75,99.55,99.55,22074945
2023-12-11,99.8,99.86,98.58,99.62,99.62,22252250
2023-12-12,98.68,98.68,97.48,98.05,98.05,26083964
2023-12-13,98.04,99.03,97.655,98.92,98.92,19915444
2023-12-14,99.85,102.135,99.72,101.58,101.58,26165653
2023-12-15,100.59,101,100.31,100.9,100.9,55527018
2023-12-18,102.13,103.11,101.52,101.65,101.65,21610428
2023-12-19,102,103.19,101.79,102.99,102.99,18904662
2023-12-20,103.5,103.94,101.125,101.27,101.27,20988863
2023-12-21,101.47,102.005,100.805,101.73,101.73,19250933
2023-12-22,102.31,102.94,101.82,101.91,101.91,12927831
2023-12-26,102.74,103.03,102.115,102.14,102.14,16835144
2023-12-27,102.04,102.55,101.335,101.66,101.66,14558830
2023-12-28,101.39,101.61,100.13,100.19,100.19,16329252
2023-12-29,100.37,100.59,99.62,99.98,99.98,17746408
2024-01-02,100.92,103.1,100.85,102.36,102.36,23483049
2024-01-03,102.27,103.62,101.66,103.22,103.22,23490779
2024-01-04,104.08,104.57,102.05,102.32,102.32,19395154
2024-01-05,103.17,103.3987,102.125,102.63,102.63,15827392
2024-01-08,100.73,101.04,98.9,100.92,100.92,23370127
2024-01-09,101.29,101.29,99.19,99.67,99.67,19496647
2024-01-10,99.8,99.8,98.16,98.69,98.69,18206088
2024-01-11,99.04,99.5,98.56,98.67,98.67,15833360
2024-01-12,100.14,100.65,99.1703,99.95,99.95,18041683
2024-01-16,99.82,100.01,97.53,97.69,97.69,20235699
2024-01-17,96.6,97.96,96.58,96.98,96.98,18384015
2024-01-18,97,97.09,95.82,96.8,96.8,20940275
2024-01-19,96.72,97.0156,96.41,96.95,96.95,20088432
2024-01-22,96.7,97.095,95.77,96.82,96.82,19955946
2024-01-23,96.81,98.5,96.73,97.91,97.91,15863433
2024-01-24,98.32,99.65,97.74,99.6,99.6,17330646
2024-01-25,100.31,102.18,99.615,102.13,102.13,22089510
2024-01-26,101.97,103.08,101.1901,103,103,20817240
2024-01-29,102.98,103.2,101.86,103.13,103.13,18317549
2024-01-30,102.41,104.88,102.1,104.85,104.85,19610934
2024-01-31,104.74,104.88,102.7714,102.81,102.81,22415291
2024-02-01,103.57,104.01,101.62,102.39,102.39,19240687
2024-02-02,103.75,104,101.611,101.97,101.97,21973405
2024-02-05,101.45,102.38,100.5,101.55,101.55,17190890
2024-02-06,102.07,103.04,101.57,102.25,102.25,13353286
2024-02-07,102.25,102.73,101.18,102.22,102.22,13826832
2024-02-08,102.34,104.42,102.11,103.97,103.97,19636898
2024-02-09,104.1,104.84,101.7,101.77,101.77,20410510
2024-02-12,102.16,103.4,102,103.17,103.17,18173061
2024-02-13,102.76,103.09,100.6,101.34,101.34,18917431
2024-02-14,101.87,102.615,100.42,100.84,100.84,17651253
2024-02-15,100.6,103.935,100.6,103.73,103.73,23196310
2024-02-16,104.01,104.63,103.52,103.73,103.73,20151426
2024-02-20,103.84,104.12,102.645,102.75,102.75,17650010
2024-02-21,103.02,104.98,102.99,104.85,104.85,20999189
2024-02-22,104.16,105.41,103.45,104.76,104.76,20470668
2024-02-23,103.88,104.09,102.88,103.84,103.84,15975888
2024-02-26,103.72,104.935,103.05,104.25,104.25,13360800
2024-02-27,104.68,105.15,103.85,104.03,104.03,16359978
2024-02-28,104.47,105.43,104,104.32,104.32,14810486
2024-02-29,104.675,105.07,104.215,104.52,104.52,17566066
2024-03-01,105.72,106.39,105.375,105.84,105.84,18460120
2024-03-04,105.66,105.85,104.03,104.36,104.36,18137989
2024-03-05,104.53,106.27,104.32,105.64,105.64,19952712
2024-03-06,106.62,107.57,106.15,106.77,106.77,20472790
2024-03-07,106.6,107.98,106.6,107.37,107.37,15195406
2024-03-08,107.23,108.4,106.77,108.38,108.38,16281468
2024-03-11,108.25,109.12,107.34,109.02,109.02,17577285
2024-03-12,109.06,109.28,108.025,108.32,108.32,14957247
2024-03-13,109.14,110.35,109.1101,109.53,109.53,17122239
2024-03-14,109.83,111.55,109.69,111.47,111.47,22121014
2024-03-15,110.85,112.3,110.85,111.27,111.27,38264401
2024-03-18,111.79,112.86,111.1,112.3,112.3,16770462
2024-03-19,112.22,113.485,112.06,113.09,113.09,14878756
2024-03-20,112.72,113.4,112.13,112.99,112.99,16119703
2024-03-21,112.92,113.91,112.57,113.49,113.49,14878022
2024-03-22,113.48,113.685,112.8239,113.49,113.49,14701933
2024-03-25,113.83,115.775,113.83,114.65,114.65,14011734
2024-03-26,114.66,114.98,113.41,113.79,113.79,13152287
2024-03-27,113.48,115.06,113.41,114.97,114.97,12415674
2024-03-28,115.53,116.45,115.06,116.24,116.24,18482055
2024-04-01,116.41,117.24,115.38,116.99,116.99,13816996
2024-04-02,117.92,119.6,117.33,119.28,119.28,19919643
2024-04-03,119.48,119.7479,118.73,119.3,119.3,16504307
2024-04-04,119.05,119.88,118.64,119.72,119.72,18467362
2024-04-05,119.98,122.15,119.64,121.37,121.37,21720591
2024-04-08,121.08,121.735,120.205,120.55,120.55,17513939
2024-04-09,121,121.6492,120.34,121.18,121.18,14135720
2024-04-10,121.22,122.47,120.73,122.2,122.2,17409184
2024-04-11,122.69,122.69,120.34,121.79,121.79,17555869
2024-04-12,122.95,123.75,119.67,120.37,120.37,21556218
2024-04-15,121.09,121.69,119.45,119.68,119.68,15029528
2024-04-16,119.555,120.22,117.92,118.69,118.69,18082228
2024-04-17,118.55,119.35,117.12,118.63,118.63,14538577
2024-04-18,119,119.72,117.97,118.52,118.52,13821356
2024-04-19,119.155,120.925,118.95,119.88,119.88,21563940
2024-04-22,119.26,121.565,118.43,120.56,120.56,16340694
2024-04-23,120,121.06,119.45,121.03,121.03,13929816
2024-04-24,120.3,121.255,119.39,121.05,121.05,12101161
2024-04-25,121.03,121.76,119.4,121.33,121.33,16041029
2024-04-26,119,119.1,116.22,117.96,117.96,27289468
2024-04-29,117.76,120.05,117.76,119.64,119.64,17343755
2024-04-30,119.11,120.2,117.98,118.27,118.27,21083294
2024-05-01,118.28,118.47,115.66,116.03,116.03,27789759
2024-05-02,116.26,117.26,115.9,116.24,116.24,25513648
2024-05-03,116,116.07,114.13,116,116,28023313
2024-05-06,116.67,118.34,116.4,116.75,116.75,31401260
2024-05-07,117.28,117.58,115.93,116.17,116.17,30121973
2024-05-08,115.71,116.9542,115.41,116.15,116.15,18957166
2024-05-09,116.2,118.53,116.19,118.44,118.44,17563975
2024-05-10,118.54,118.66,117.58,117.96,117.96,13648130
2024-05-13,118.42,119.04,117.12,117.91,117.91,15060619
2024-05-14,116.79,117.74,116.48,117.67,117.67,15079131
2024-05-15,117.61,118.84,116.08,118.58,118.58,18244303
2024-05-16,118.54,119.3,117.54,117.87,117.87,15745202
2024-05-17,118.3,119.83,117.96,119.64,119.64,15104469
2024-05-20,119.73,119.89,118.55,118.67,118.67,11551250
2024-05-21,118.4,119.45,117.78,117.85,117.85,14494980
2024-05-22,117.46,117.46,114.96,115.48,115.48,17879252
2024-05-23,115.6,117.51,113.36,113.51,113.51,15979835
2024-05-24,114.84,115.08,113.035,113.42,113.42,12212949
2024-05-28,113.52,115.11,113.07,114.86,114.86,13978305
2024-05-29,114.525,114.545,112.81,113.63,113.63,13902001
2024-05-30,113.27,114.13,112.955,113.99,113.99,14691976
2024-05-31,114.12,117.49,113.99,117.26,117.26,29037378
2024-06-03,116.3,116.36,113.76,114.45,114.45,19589338
2024-06-04,113,113.09,110.92,112.67,112.67,19412238
2024-06-05,112.89,113.19,111.48,113.12,113.12,14863516
2024-06-06,112.75,114.04,112.11,113.97,113.97,13154094
2024-06-07,113.79,114.895,112.6735,112.75,112.75,13289196
2024-06-10,113.06,114.2199,112.7,113.08,113.08,15245227
2024-06-11,112.49,112.6701,111.31,112.17,112.17,12462403
2024-06-12,113.3,113.3,110.54,110.93,110.93,13606788
2024-06-13,110.84,110.86,109.72,110.04,110.04,14466868
2024-06-14,110.02,110.207,108.59,109.11,109.11,13313430
2024-06-17,109.17,109.46,108.18,108.36,108.36,21147943
2024-06-18,109.03,110.72,108.8,109.38,109.38,17762915
2024-06-20,109.91,112.62,109.59,111.74,111.74,17433192
2024-06-21,111.9,112.695,110.76,110.76,110.76,52220574
2024-06-24,111.64,114.525,111.64,114.05,114.05,16266688
2024-06-25,114.11,114.55,113.455,114.37,114.37,16213682
2024-06-26,114.39,114.815,113.14,114.41,114.41,15771751
2024-06-27,114.99,114.99,114.11,114.9,114.9,16812731
2024-06-28,115.86,116.54,114.675,115.12,115.12,24565910
2024-07-01,115.71,116.74,114.53,114.96,114.96,11972881
2024-07-02,115.9,115.94,113.49,114.18,114.18,13326703
2024-07-03,114.27,115.66,114.27,114.76,114.76,7732928
2024-07-05,114.61,114.63,112.685,113.37,113.37,12630986
2024-07-08,112.39,113.55,111.42,112.18,112.18,13350549
2024-07-09,111.11,112.54,110.62,110.94,110.94,11729085
2024-07-10,110.92,111.96,110.42,111.92,111.92,10004094
2024-07-11,111.43,113.315,110.93,113.25,113.25,13084875
2024-07-12,113.99,114.15,112.63,113.27,113.27,11684946
2024-07-15,114.27,116.16,113.575,115.21,115.21,13032503
2024-07-16,114.35,116.35,113.71,116.04,116.04,13614050
2024-07-17,116.74,118.175,116.55,117.64,117.64,13602766
2024-07-18,117.95,119.92,117.435,118.8,118.8,13033563
2024-07-19,118.59,118.8793,115.87,116.07,116.07,16157707
2024-07-22,115.18,115.94,114.58,115.27,115.27,12065877
2024-07-23,114.81,115.17,113.17,113.41,113.41,11251733
2024-07-24,113.765,115.2,113.065,115.01,115.01,14925184
2024-07-25,115.17,118.03,114.56,117.43,117.43,17021698
2024-07-26,116.77,118.03,116.47,117.33,117.33,11252479
2024-07-29,117.32,117.39,115.38,116.1,116.1,8861806
2024-07-30,116.36,118.595,116.23,118.17,118.17,12483857
2024-07-31,119.64,119.76,118.56,118.59,118.59,15137710
2024-08-01,118.35,119.49,116.36,116.95,116.95,15051482
2024-08-02,115.97,118.87,115.42,116.88,116.88,20403773
2024-08-05,115.54,116.03,113.25,114.77,114.77,18025858
2024-08-06,114.45,115.63,113.63,114.16,114.16,13647778
2024-08-07,115.45,117.119,115.26,115.68,115.68,13660657
2024-08-08,116.08,118.105,115.73,117.89,117.89,13850993
2024-08-09,117.885,119.31,117.36,118.85,118.85,12151867
2024-08-12,119.55,120.1699,118.02,119,119,13228911
2024-08-13,118.275,118.51,117.5,117.86,117.86,11585067
2024-08-14,118.1,119.9,117.63,118.95,118.95,12194520
2024-08-15,118.25,119.63,118.12,118.73,118.73,11579432
2024-08-16,117.99,118.48,117.66,118.17,118.17,10056024
2024-08-19,118.4,120.5,118.17,118.53,118.53,12417467
2024-08-20,118.65,118.65,114.51,114.58,114.58,15631967
2024-08-21,115.01,115.57,113.76,113.85,113.85,11752358
2024-08-22,113.78,115.01,113.635,114.73,114.73,10609501
2024-08-23,115.025,116.72,115.025,116.32,116.32,10381431
2024-08-26,117.76,118.94,116.92,118.81,118.81,13671016
2024-08-27,118.96,119.41,117.4,117.68,117.68,9991631
2024-08-28,117,117.58,116.26,116.52,116.52,10742867
2024-08-29,117.2,118.79,116.35,118.13,118.13,10753895
2024-08-30,116.79,118.02,116.29,117.94,117.94,13284689
2024-09-03,115.84,116.09,114.04,115.47,115.47,15725139
2024-09-04,115.29,116.15,113.975,114.06,114.06,12620584
2024-09-05,115.07,115.28,113.07,113.17,113.17,17200770
2024-09-06,113.59,114.18,111.732,112.64,112.64,13467747
2024-09-09,112.87,116.15,112.66,115.01,115.01,21645325
2024-09-10,115.1,115.4,110.17,110.82,110.82,20913405
2024-09-11,110.775,110.95,107.77,109.72,109.72,19571945
2024-09-12,109.9,111.33,109.7609,111.23,111.23,15923318
2024-09-13,111.47,112.47,110.93,111.15,111.15,10035392
2024-09-16,112.05,113.085,111.69,112.71,112.71,11729034
2024-09-17,112.32,114.37,112.12,114.18,114.18,12202556
2024-09-18,114.11,115.63,113.81,114.58,114.58,12569929
2024-09-19,116.16,117.575,115.19,116,116,12660642
2024-09-20,115.46,115.51,114.25,115.27,115.27,36206195
2024-09-23,115.33,117.793,115.12,117.36,117.36,16066285
2024-09-24,117.84,118.16,116.83,117.05,117.05,11984863
2024-09-25,116.485,117.05,114.04,114.77,114.77,13816041
2024-09-26,111.14,113.48,111.14,112.8,112.8,16887908
2024-09-27,113.76,116.09,113.25,115.82,115.82,15963973
2024-09-30,115.46,117.39,114.96,117.22,117.22,13250657
2024-10-01,116.04,120.6,115.93,119.93,119.93,23235878
2024-10-02,121.93,122.82,120.2,121.52,121.52,17129676
2024-10-03,121.9,123.17,120.929,122.58,122.58,16524334
2024-10-04,123.2,125.19,122.43,124.83,124.83,19759207
2024-10-07,125.25,126.34,124.86,125.37,125.37,15714440
2024-10-08,123.88,124.02,121.26,122.04,122.04,14818475
2024-10-09,120.9,122.5799,120.8,122.09,122.09,11144864
2024-10-10,123.16,123.7013,122.29,123.14,123.14,10243320
2024-10-11,123.1,124.0339,122.94,123.61,123.61,8294839
2024-10-14,123.24,124.26,122.615,124.08,124.08,9808122
2024-10-15,120.82,121.95,119.78,120.35,120.35,15771317
2024-10-16,121.02,121.435,120.6,120.66,120.66,8426770
2024-10-17,120.76,121.58,119.71,120.35,120.35,11204857
2024-10-18,120.44,120.64,119.15,120.01,120.01,12898640
2024-10-21,120.98,121.48,119.72,120.08,120.08,10177777
2024-10-22,120.26,121.19,119.94,120.7,120.7,9201408
2024-10-23,119.97,120.75,119.4,120.27,120.27,8320330
2024-10-24,120,120.44,119.125,119.59,119.59,9905556
2024-10-25,120.2,120.43,119.315,119.49,119.49,10714583
2024-10-28,116.79,119.01,116.77,118.9,118.9,11844545
2024-10-29,118.58,119.1719,117.0701,117.28,117.28,14731024
2024-10-30,117.62,118.27,116.48,116.69,116.69,12303738
2024-10-31,117.15,118.67,116.68,116.78,116.78,20511977
2024-11-01,119.93,119.95,114.84,114.95,114.95,20939321
2024-11-04,116.13,118.7,115.93,118.61,118.61,14965433
2024-11-05,119.08,119.21,118.01,118.96,118.96,10436744
2024-11-06,121.145,121.91,119.3,121,121,20807681
2024-11-07,121.3,121.5,119.61,121.15,121.15,12184431
2024-11-08,120.98,121.42,119.66,121.11,121.11,12835969
2024-11-11,121,121.62,120.07,120.47,120.47,11969663
2024-11-12,121.13,121.31,119.8365,120.35,120.35,11972802
2024-11-13,120.565,122.05,118.8,121.47,121.47,15127877
2024-11-14,121.5,121.88,120.33,120.56,120.56,13041845
2024-11-15,120.4,121.24,119.13,119.31,119.31,19051713
2024-11-18,119.79,120.62,119.27,120.31,120.31,14243701
2024-11-19,119.75,119.75,118.2,118.63,118.63,11584382
2024-11-20,119.17,120.47,118.64,120.32,120.32,11360932
2024-11-21,121.08,122.5547,120.27,121.93,121.93,14675422
2024-11-22,121.82,123.21,121.64,121.79,121.79,13323431
2024-11-25,121.43,121.88,119.61,119.97,119.97,26580295
2024-11-26,119.53,119.68,117.845,117.97,117.97,14827327
2024-11-27,118.09,118.73,117.43,117.66,117.66,11079122
2024-11-29,117.44,118.5,116.95,117.96,117.96,9426499
2024-12-02,118.05,118.2,116.82,117.85,117.85,12687317
2024-12-03,118.72,118.72,117.255,117.67,117.67,11756566
2024-12-04,117.5,117.55,113.8612,114.28,114.28,19520583
2024-12-05,114.71,115.62,114.06,114.78,114.78,15751204
2024-12-06,114.54,114.77,113.5,113.57,113.57,16171066
2024-12-09,114.64,114.94,112.745,112.9,112.9,17412565
2024-12-10,113.585,113.88,111.75,112.67,112.67,20990943
2024-12-11,112,112.39,111.11,111.92,111.92,32392238
2024-12-12,111.59,112.38,110.78,111.82,111.82,14543256
2024-12-13,111.899,111.899,110.25,110.84,110.84,13106079
2024-12-16,110.2,110.4,108.16,108.47,108.47,20256088
2024-12-17,107.235,108.17,106.7869,108.01,108.01,17553995
2024-12-18,107.57,108.83,106.31,106.42,106.42,17114542
2024-12-19,107.39,107.67,105.21,105.51,105.51,20565557
2024-12-20,105.45,106.135,104.84,105.87,105.87,40141153
2024-12-23,105.31,106.6,104.92,106.3,106.3,12285078
2024-12-24,106.52,107.19,105.7,106.4,106.4,7806997
2024-12-26,106.52,107.03,105.94,106.49,106.49,9653408
2024-12-27,106.3,107.99,105.77,106.48,106.48,11943906
2024-12-30,106.3,106.56,105.51,105.76,105.76,11080770
2024-12-31,106.17,107.9,105.78,107.57,107.57,12387756
2025-01-02,108.275,109,106.88,107.31,107.31,12685447
2025-01-03,108,108.49,107.46,107.86,107.86,14237885
2025-01-06,108.24,109.78,107.52,107.74,107.74,15623677
2025-01-07,108.94,110.06,108.28,108.75,108.75,12625890
2025-01-08,107.31,107.71,106.01,106.93,106.93,17858110
2025-01-10,108.7,110.1,105.78,106.54,106.54,19304499
2025-01-13,107.125,109.63,107.125,109.29,109.29,17073395
2025-01-14,108.79,109.76,107.83,109.72,109.72,11191175
2025-01-15,110.05,111.73,109.47,111.51,111.51,14521095
2025-01-16,111.19,111.69,110.55,111.32,111.32,10366585
2025-01-17,111.03,112.8651,110.82,112.32,112.32,19298504
2025-01-21,112.05,112.175,111.1305,111.47,111.47,20416286
2025-01-22,111.2,111.57,109.4,109.53,109.53,15718012
2025-01-23,110.31,111.1425,109.61,110.15,110.15,13726784
2025-01-24,110.24,110.71,108.41,108.66,108.66,14235885
2025-01-27,109.01,110.4506,108.39,110.17,110.17,15926670
2025-01-28,110.41,110.87,107.79,108.04,108.04,15862029
2025-01-29,107.71,108.78,107.47,108.67,108.67,12345523
2025-01-30,109.24,109.85,108.7,109.57,109.57,14346335
2025-01-31,110.55,110.55,106.095,106.83,106.83,20381446
2025-02-03,106.64,107.3,105.3225,107.09,107.09,14623197
2025-02-04,106.705,110.28,106.53,109.96,109.96,14835692
2025-02-05,109.74,110.01,109.1,109.88,109.88,13364387
2025-02-06,110.77,111.05,107.985,108.43,108.43,13411401
2025-02-07,108.78,109.7304,108.32,108.89,108.89,10051626
2025-02-10,110.005,111.03,109.875,110.97,110.97,12142197
2025-02-11,111.6,112.51,110.82,111.67,111.67,12713127
2025-02-12,110.05,110.2269,107.18,107.35,107.35,18244122
2025-02-13,107.15,108.41,106.52,108.13,108.13,15459952
2025-02-14,108.52,110.23,108.1,108.24,108.24,15733529
2025-02-18,108.63,110.99,108.32,110.14,110.14,20060298
2025-02-19,110.755,112.13,110.055,110.3,110.3,10964698
2025-02-20,110.57,112.42,109.95,112,112,16325803
2025-02-21,111.37,111.85,110.56,110.69,110.69,14709985
2025-02-24,110.925,111.86,110.32,111.27,111.27,13153471
2025-02-25,111.3,112.13,108.8902,109.73,109.73,14496964
2025-02-26,109.74,109.87,108.52,109.46,109.46,10446405
2025-02-27,110.01,111.29,109.28,110.15,110.15,15293173
2025-02-28,110.11,111.58,109.34,111.33,111.33,18821665
2025-03-03,111.7,112.1563,106.51,107.76,107.76,18706879
2025-03-04,106.36,108.96,105.94,107.54,107.54,19394905
2025-03-05,105.84,106.33,103.67,105.44,105.44,24822245
2025-03-06,105.43,108.11,104.36,107.62,107.62,17150233
2025-03-07,108.41,110.4,108.3,109.02,109.02,19624965
2025-03-10,109.275,112.565,109.08,111.8,111.8,22749073
2025-03-11,111.92,112.1,108.785,109.16,109.16,19904735
2025-03-12,109.05,110.13,108.42,109.13,109.13,14051500
2025-03-13,108.33,110.82,107.625,108.67,108.67,17767836
2025-03-14,108.94,112.18,108.31,111.9,111.9,15890063
2025-03-17,111.8,114.495,111.73,113.76,113.76,19908789
2025-03-18,114.09,114.54,112.57,113.64,113.64,15998713
2025-03-19,114.2,115.815,113.83,115.41,115.41,17315001
2025-03-20,114.72,116.47,114.2125,115.9,115.9,16230772
2025-03-21,115.5,115.99,114.35,115.5,115.5,41102795
2025-03-24,115.68,116.91,115.58,115.8,115.8,14207469
2025-03-25,116.43,117.635,115.9628,116.59,116.59,12081795
2025-03-26,117.68,119.18,117.68,118.27,118.27,14112756
2025-03-27,118.1,119.07,117.258,117.89,117.89,12740786
2025-03-28,118.1,118.46,117.235,117.73,117.73,10233433
2025-03-31,117.79,119.905,117.79,118.93,118.93,21652345
2025-04-01,119.22,119.28,117.93,119.04,119.04,12425434
2025-04-02,118.39,118.84,117.66,118.67,118.67,12614605
2025-04-03,114.37,115.45,112.2315,112.43,112.43,21204636
2025-04-04,109.865,110.83,103.83,104.34,104.34,30841318
2025-04-07,100.39,105.8,98.46,102.94,102.94,35068450
2025-04-08,105.455,105.6,99.01,100.77,100.77,27147750
2025-04-09,99.37,106.58,98.13,105.8,105.8,30063287
2025-04-10,103.71,103.78,97.8,99.93,99.93,33999317
2025-04-11,100.3,103.93,98.79,103.14,103.14,22884628
2025-04-14,105.03,105.09,102.7205,103.39,103.39,18019969
2025-04-15,103.635,105.405,103,103.1,103.1,13164863
2025-04-16,103.95,105.59,103.695,104.19,104.19,13607024
2025-04-17,104.69,108.55,104.46,106.92,106.92,17916471
2025-04-21,105.61,105.63,104.12,105.35,105.35,16926493
2025-04-22,106.14,108.94,106.14,108.3,108.3,13147049
2025-04-23,108.81,109.3,106.47,107.37,107.37,14235710
2025-04-24,107.97,108.88,106.96,108.63,108.63,9849553
2025-04-25,108.14,108.755,107.42,108.57,108.57,11245793
2025-04-28,108.75,109.2497,107.68,108.63,108.63,13890869
2025-04-29,107.74,108.8299,107.5212,108.36,108.36,9483135
2025-04-30,107.415,107.415,104.15,105.63,105.63,20379282
2025-05-01,105.095,106.92,104.98,105.78,105.78,18610256
2025-05-02,107.72,109,104.55,106.21,106.21,16581870
2025-05-05,104.65,104.6575,103.07,103.27,103.27,19623970
2025-05-06,103.89,105.98,103.48,104.71,104.71,16303449
2025-05-07,104.99,105.29,104.07,104.61,104.61,12335924
2025-05-08,105.34,107.385,105.34,106.07,106.07,19196548
2025-05-09,107.14,107.745,106.38,107.31,107.31,10992080
2025-05-12,110.27,110.44,108.32,109.16,109.16,14244559
2025-05-13,109.425,110.51,109.02,109.46,109.46,13350836
2025-05-14,108.86,108.86,107.93,108.48,108.48,15494932
2025-05-15,106.49,108.65,105.97,108.58,108.58,15004291
2025-05-16,108.65,108.89,107.45,108.19,108.19,14042535
2025-05-19,107.57,107.57,105.71999,106.47,106.47,16802719
2025-05-20,106.39,106.715,104.775,104.95,104.95,12429321
2025-05-21,104.53,104.965,103.64,103.66,103.66,16716079
2025-05-22,103.06,103.47,101.89,102.97,102.97,13417378
2025-05-23,102.595,103.47,102.07,103.03,103.03,12061606
2025-05-27,103.49,103.855,102.9,103.52,103.52,13043604
2025-05-28,104.29,104.43,101.7918,102.11,102.11,14292377
2025-05-29,102.28,102.845,101.75,102.69,102.69,13832487
2025-05-30,102.16,102.39,101.185,102.3,102.3,28645787
2025-06-02,103.75,103.85,102.22,103.05,103.05,17290462
2025-06-03,102.9,104.66,102.21,103.8,103.8,19194335
2025-06-04,103.915,104.92,102.3,102.3,102.3,15648515
2025-06-05,102.98,103.05,101.73,101.83,101.83,13942218
2025-06-06,102.76,104.5,102.675,104.27,104.27,15487844
2025-06-09,104.33,105.845,103.83,104.97,104.97,17087328
2025-06-10,106.075,107.645,105.9272,107.22,107.22,17634793
2025-06-11,107.76,109.39,106.46,109.31,109.31,22648191
2025-06-12,108.92,110.19,108.22,109.73,109.73,17469408
2025-06-13,112.35,112.53,110.68,112.12,112.12,28540165
2025-06-16,111.82,113.16,111.13,112.48,112.48,22986113
2025-06-17,113.95,114.93,113.11,114,114,19451701
2025-06-18,114.61,115.24,112.94,113.19,113.19,17968893
2025-06-20,113.45,115.035,113.18,114.7,114.7,36273288
2025-06-23,116.7,116.95,111.16,111.74,111.74,26631056
2025-06-24,109.25,110.94,107.91,108.34,108.34,24828277
2025-06-25,108.11,109.24,107.7,108.37,108.37,17483231
2025-06-26,108.94,110.435,108.55,109.99,109.99,18304841
2025-06-27,109.935,110.1,108.37,109.38,109.38,22002079
2025-06-30,108.64,108.84,107.72,107.8,107.8,19199048
2025-07-01,108.13,109.64,107.15,109.24,109.24,15536896
2025-07-02,110,111.36,108.825,111.05,111.05,11892160
2025-07-03,110.89,112.47,110.6187,112.2,112.2,11223580
2025-07-07,111.54,112.05,110.2226,111.11,111.11,15415889
2025-07-08,110.885,114.46,110.85,114.19,114.19,17913404
2025-07-09,113.92,114.27,113.27,113.8,113.8,10652062
2025-07-10,113.71,115.27,113.07,114.93,114.93,14903884
2025-07-11,114.85,115.76,114.5053,115.43,115.43,11683884
2025-07-14,115.225,115.225,113.22,113.92,113.92,13220303
2025-07-15,113.66,114.055,112.595,112.91,112.91,10959347
2025-07-16,112.875,113.5,112.1,112.23,112.23,11158852
2025-07-17,111.49,112.23,111.09,111.66,111.66,13151446
2025-07-18,111.11,111.73,107.34,107.77,107.77,32366594
2025-07-21,107.6,108.77,107.44,108.05,108.05,17010405
2025-07-22,107.98,109.44,107.61,108.54,108.54,13970885
2025-07-23,108.93,110,108.85,109.93,109.93,12002687
2025-07-24,109.66,110.95,109.125,110.79,110.79,15647208
2025-07-25,110.73,110.98,109.7,110.4,110.4,10548938
2025-07-28,111.085,112.1078,110.84,111.44,111.44,12352966
2025-07-29,111.82,113,111.41,112.88,112.88,15927998
2025-07-30,112.41,112.61,111.26,111.9,111.9,12996905
2025-07-31,110.36,112.495,110.36,111.64,111.64,17233744
2025-08-01,112,112.54,108.86,109.64,109.64,19652030
2025-08-04,109.22,109.92,107.085,107.37,107.37,19129474
2025-08-05,107.22,107.8151,106.07,107.24,107.24,21314254
2025-08-06,108.305,109.05,106.37,106.51,106.51,15321811
2025-08-07,107.14,108.06,105.89,105.95,105.95,13468287
2025-08-08,106.5,107.51,105.95,106.8,106.8,14417734
2025-08-11,107.11,107.5346,105.525,105.83,105.83,13570661
2025-08-12,106.15,107.28,105.78,106.13,106.13,14113216
2025-08-13,106.05,107.6,105.74,107.6,107.6,17958695
2025-08-14,107.515,107.59,106.441,107.38,107.38,13683472
2025-08-15,106.16,107.56,105.95,106.49,106.49,19271861
2025-08-18,106.1,107.2276,105.67,106.72,106.72,13040018
2025-08-19,106.2,107.46,106.15,107.42,107.42,16113611
2025-08-20,107.88,109.33,107.68,108.53,108.53,18959716
2025-08-21,108.42,109.565,107.96,109.23,109.23,12194897
2025-08-22,109.6,111.41,109.6,111.28,111.28,13586668
2025-08-25,110.9,111.92,110.54,111.74,111.74,9744897
2025-08-26,111.37,111.81,110.355,111.49,111.49,18143880
2025-08-27,111.42,112.98,111.42,112.75,112.75,15262630
2025-08-28,112.87,113.645,112.07,113.35,113.35,14189829
2025-08-29,113.715,114.79,113.58,114.29,114.29,14597872
2025-09-02,114.18,115.24,113.33,114.69,114.69,15206667
2025-09-03,113.97,114.43,111.46,111.91,111.91,14920087
2025-09-04,112.105,113.125,111.38,112.4,112.4,12864438
2025-09-05,111.6,111.78,109.02,109.23,109.23,16826692
2025-09-08,109.73,110.045,108.35,109.85,109.85,15440513
2025-09-09,110.525,112.51,110.525,110.65,110.65,14899502
2025-09-10,111.16,112.56,110.84,112.5,112.5,15837583
2025-09-11,111.4,112.765,110.87,112.14,112.14,11534502
2025-09-12,112.86,113.22,111.875,112.16,112.16,11105690
2025-09-15,112.18,112.455,111.315,112.35,112.35,12880487
2025-09-16,112.955,115.315,112.775,114.68,114.68,17208044
2025-09-17,114.525,115.485,114.05,115.29,115.29,13302030
2025-09-18,115.17,115.35,113.4,113.93,113.93,14628726
2025-09-19,113.9,113.98,112.64,112.82,112.82,38746517
2025-09-22,112.45,112.8,111.56,112.02,112.02,15611495
2025-09-23,112.72,114.7488,112.475,113.95,113.95,25369106
2025-09-24,114.57,115.76,114.47,114.56,114.56,14756050
2025-09-25,114.64,115.8999,114.41,115.59,115.59,15012553
2025-09-26,115.96,118.36,115.92,117.22,117.22,18568916
2025-09-29,116.06,116.5,113.665,114.22,114.22,19189260
2025-09-30,113.35,113.49,111.9393,112.75,112.75,18076211
2025-10-01,112.56,113.02,111.2925,111.99,111.99,16613992
2025-10-02,111.97,113.09,111.025,111.29,111.29,13062563
2025-10-03,111.9,113.745,111.9,113.26,113.26,12950118
2025-10-06,113.29,114.77,113.18,114.2,114.2,12036830
2025-10-07,114.07,114.51,111.74,114.26,114.26,11945032
2025-10-08,114.38,115.01,113.41,114.02,114.02,12300968
2025-10-09,114.425,115.51,112.735,112.91,112.91,10976215
2025-10-10,112.255,112.62,110.71,110.73,110.73,13811577
2025-10-13,111.54,112.3,111.315,112.24,112.24,10296499
2025-10-14,110.755,112.962,110.71,112.29,112.29,11167154
2025-10-15,112.8,113.57,110.97,111.61,111.61,12182935
2025-10-16,111.88,112.19,110.385,110.64,110.64,11782202
2025-10-17,111.63,112.91,111.18,112.24,112.24,13460069
2025-10-20,112,113.15,111.98,112.7,112.7,9523617
2025-10-21,112.89,113.3601,111.99,112.71,112.71,9202349
2025-10-22,113.45,115.18,113.08,114.71,114.71,12938790
2025-10-23,116.63,116.85,115.36,115.98,115.98,15001088
2025-10-24,116.35,116.47,115.18,115.39,115.39,9919409
2025-10-27,115.695,115.985,115.1,115.94,115.94,10975412
2025-10-28,115.49,116.18,114.99,115.03,115.03,9535211
2025-10-29,114.92,117.05,114.81,116.45,116.45,12570572
2025-10-30,116.425,116.52,114.53,114.69,114.69,16172943
2025-10-31,113.975,115.225,112.6225,114.36,114.36,20213352
2025-11-03,114.5,114.99,113.64,113.76,113.76,12290304
2025-11-04,113.38,114.3501,112.51,114.14,114.14,16860741
2025-11-05,114.09,115.18,113.67,113.68,113.68,12400921
2025-11-06,113.64,114.935,113.64,114.5,114.5,14219654
2025-11-07,115.21,117.505,114.9,117.22,117.22,17181149
2025-11-10,117.44,118.45,115.455,118.22,118.22,13047958
2025-11-11,118.83,120.8099,118.83,119.78,119.78,16077101
2025-11-12,119.1,119.28,117.79,118.12,118.12,13790889
2025-11-13,118.625,119.76,118.28,118.79,118.79,17291874
2025-11-14,118.45,119.48,116.6564,119.29,119.29,17064267
2025-11-17,118.97,119.5,117.11,117.68,117.68,16034860
2025-11-18,117.26,119.48,116.48,119.03,119.03,15808518
2025-11-19,116.85,118.18,115.93,117.35,117.35,15919239
2025-11-20,117.98,119.005,116.74,117.02,117.02,14401011
2025-11-21,116.99,117.38,115.65,117.08,117.08,15667596
2025-11-24,117.2,117.2,114.74,115.97,115.97,18034923
2025-11-25,115.18,115.9,114.19,114.51,114.51,14434558
2025-11-26,114.41,115.7391,114.31,114.77,114.77,11650597
2025-11-28,114.95,118.74,114.82,115.92,115.92,7240825
2025-12-01,116.1,117.41,116.1,116.63,116.63,12658100
2025-12-02,116.44,116.6,114.69,115.38,115.38,14607704
2025-12-03,115.945,117.98,115.875,117.8,117.8,16819130
2025-12-04,117.5,118.34,116.66,117.14,117.14,13686897
2025-12-05,116.75,118.775,116.41,116.54,116.54,12516864
2025-12-08,115.83,117,115.04,115.98,115.98,14904164
2025-12-09,116.9,120.47,116.89,118.25,118.25,23790815
2025-12-10,118.725,119.865,118.37,119.54,119.54,19845192
2025-12-11,119.11,120.36,119.065,119.54,119.54,14781787
2025-12-12,119.44,119.92,118.31,118.82,118.82,14459538
2025-12-15,119.01,119.03,116.85,117.76,117.76,16358669
2025-12-16,116.765,116.84,114.61,114.68,114.68,17638716
2025-12-17,115.21,117.62,115.17,117.41,117.41,18502152
2025-12-18,116.99,116.99,115.63,116.54,116.54,13705560
2025-12-19,116.75,117.57,115.955,116.69,116.69,45412814
2025-12-22,117.335,118.46,117.335,118.15,118.15,11768611
2025-12-23,118.375,120.03,118.32,119.42,119.42,12567630
2025-12-24,119.33,120.05,119.1177,119.22,119.22,6137406
2025-12-26,118.885,119.55,118.53,119.11,119.11,8066129
2025-12-29,120.24,121.2998,119.4,120.53,120.53,14782512
2025-12-30,121.025,121.796,120.63,120.99,120.99,11150486
2025-12-31,121.18,121.26,119.865,120.34,120.34,10559866
2026-01-02,120.09,122.68,119.6067,122.65,122.65,14175055
2026-01-05,125.21,125.93,122.39,125.36,125.36,30112238
2026-01-06,125.35,125.8,121,121.05,121.05,23328636
2026-01-07,119.8,120.12,118.274,118.49,118.49,20352950
2026-01-08,118.98,123.625,118.655,122.91,122.91,20232721
2026-01-09,123.23,124.86,123.095,124.61,124.61,16137674
2026-01-12,124.46,124.5,122.56,124.03,124.03,15314895
2026-01-13,125,127.14,124.81,126.54,126.54,21619727
2026-01-14,127.35,131.721,127.13,130.2,130.2,27593938
2026-01-15,129.13,130.195,128.3,129.13,129.13,17400039
2026-01-16,128.96,130.16,128.87,129.89,129.89,16592354
2026-01-20,131.51,131.94,130.07,130.46,130.46,16477282
2026-01-21,131.91,133.725,131.91,133.61,133.61,18879887
2026-01-22,133.05,134.18,131.85,133.64,133.64,16600126
2026-01-23,135.085,135.98,134.48,134.97,134.97,17758214
2026-01-26,136.93,136.9398,134.17,134.84,134.84,16056066
2026-01-27,135.245,136.93,134.71,136.83,136.83,14517025
2026-01-28,137.69,138.01,136.67,137.58,137.58,15637279
2026-01-29,140.32,142.34,139.11,140.51,140.51,35760620
2026-01-30,138.74,142.205,137.83,141.4,141.4,29657667
2026-02-02,139.83,140.32,138.06,138.4,138.4,27735570
2026-02-03,138.64,145.01,138.31,143.73,143.73,37577844
2026-02-04,144.115,147.84,144.115,147.59,147.59,29426241
2026-02-05,146.58,146.73,143.795,146.08,146.08,18431739
2026-02-06,146.62,149.57,146.09,149.05,149.05,17216025
2026-02-09,149.26,151.55,148.63,151.21,151.21,21297302
2026-02-10,151.35,151.78,149.82,151.59,151.59,15800255
2026-02-11,153.915,156.93,153.57,155.56,155.56,23091488
2026-02-12,153.89,155.25,149.88,149.93,149.93,30652471
2026-02-13,150.55,151.66,147.98,148.45,148.45,20166031
2026-02-17,148.2,149.13,145.15,146.19,146.19,19766567
2026-02-18,148.15,150.98,147.61,150.68,150.68,19849670
2026-02-19,152.2,153.38,150.835,150.97,150.97,20305026
2026-02-20,150.6,150.8055,146.46,147.28,147.28,25908581
2026-02-23,148.15,151.27,148.13,150.76,150.76,16073100
2026-02-24,150.42,150.72,148.03,149.26,149.26,14185500
2026-02-25,149.91,150.18,147.33,149.06,149.06,15225745
2026-02-26,147.805,150.96,146.77,148.54,148.54,15606231
2026-02-27,151,153.65,149.25,152.5,152.5,30245933
2026-03-02,159.35,159.605,153.03,154.22,154.22,31493082
2026-03-03,155.43,156.049,150.3,151.83,151.83,25198835
2026-03-04,150.72,151.16,147.86,149.82,149.82,16764761
2026-03-05,151,152.33,149.47,150.76,150.76,22969271
2026-03-06,153.15,153.8,149.96,151.21,151.21,21136427
2026-03-09,152.015,153.8899,149.47,150.44,150.44,25532656
2026-03-10,149.25,150.4,147.7,148.13,148.13,19617590
2026-03-11,147.99,151.81,147.66,151.58,151.58,15297412
2026-03-12,152.265,155,151.63,153.53,153.53,26053965
2026-03-13,154.3,156.89,152.975,156.12,156.12,22414094
2026-03-16,155.85,157.78,154.76,157.23,157.23,22835633
2026-03-17,158.25,160.45,156.8,158.81,158.81,21592171
2026-03-18,159.66,160.18,157.53,157.59,157.59,18947142
2026-03-19,158.26,159.56,154.84,158.16,158.16,27082733
2026-03-20,159.35,162.44,159.1,159.67,159.67,53942143
2026-03-23,156.115,161.42,155.02,161.13,161.13,25021289
2026-03-24,161.71,167.48,161.25,165.38,165.38,26131824
2026-03-25,163.87,165,162.93,163.26,163.26,17192333
2026-03-26,164.09,165.68,162.06,165.43,165.43,18625249
2026-03-27,165.58,171.23,164.8,170.99,170.99,30338314
2026-03-30,172.505,176.41,171.05,171.47,171.47,29813504
2026-03-31,172.67,174.38,165.97,169.66,169.66,32006724
2026-04-01,165.77,168,159.53,160.78,160.78,37927639
2026-04-02,164.49,166.9,159.59,160.69,160.69,25377657
2026-04-06,160.57,163.75,159.53,163.37,163.37,16344261
2026-04-07,164.22,166.24,161.77,163.91,163.91,25227501
2026-04-08,153.2,156.35,150.98,156.22,156.22,31311201
2026-04-09,156.86,159.23,154.31,155.04,155.04,25868377
2026-04-10,154.04,155.12,151.92,152.51,152.51,21065019
2026-04-13,154.27,154.62,151.28,152.64,152.64,18685605
2026-04-14,150.065,150.11,146.7201,149.24,149.24,18528163
2026-04-15,148.6,150.2315,146.9,149.01,149.01,15626519
2026-04-16,149.53,152.78,149.345,151.98,151.98,15191033
2026-04-17,144.86,146.8,141.97,146.44,146.44,28947445
2026-04-20,147.38,149.37,146.35,147.68,147.68,16354430
2026-04-21,147.37,148.8099,146.24,148.36,148.36,17515930
2026-04-22,149.365,150.68,148.18,149.5,149.5,13738701
2026-04-23,149.85,151.23,148.495,150.53,150.53,12970401
2026-04-24,149.64,150.3,146.9505,148.91,148.91,13735857
2026-04-27,149.155,151.18,147.9701,148.19,148.19,13940841
2026-04-28,151.53,152.31,149.83,150.56,150.56,15173622
2026-04-29,152.015,154.95,151.01,154.67,154.67,14669140
2026-04-30,152.43,155.69,151.34,154.33,154.33,22885900
2026-05-01,152.61,155.01,151.13,152.75,152.75,15458208
2026-05-04,152.67,154.47,149.515,153.69,153.69,14238533
2026-05-05,153.1,155.29,152.407,154.88,154.88,12494644
2026-05-06,149.07,150.33,147.09,148.69,148.69,20526977
2026-05-07,146.8,147.08,144.19,146.58,146.58,22509403
2026-05-08,145.85,146.5,143.9201,144.57,144.57,19550073
2026-05-11,146.02,149.72,146,149.68,149.68,14849473
2026-05-12,151.25,151.81,149.7701,150.63,150.63,16443098
2026-05-13,150.06,151.79,149.68,151.57,151.57,15772782
2026-05-14,151.9,153.1183,151.26,152.78,152.78,11331469
2026-05-15,153.75,158,153,157.92,157.92,27882407
2026-05-18,157.315,161.73,155.23,160.49,160.49,20065227
2026-05-19,161.5,163.32,159.6402,162.55,162.55,20715553
2026-05-20,161.61,163.68,156.27,156.28,156.28,18509731
2026-05-21,158.42,159.39,153.46,155.29,155.29,17061717
2026-05-22,154.03,155.5499,153.17,154.92,154.92,12948454
2026-05-26,153.5,154.55,149.47,149.81,149.81,13057760
2026-05-27,147.225,148.685,145.7528,147.9,147.9,16241133
2026-05-28,149.34,150.21,146.87,146.96,146.96,14012470
2026-05-29,146.185,146.93,144.71,145.26,145.26,27959898
2026-06-01,147.02,149.65,147,149.38,149.38,16732078
2026-06-02,149.025,150.83,148.5,149.56,149.56,10462402
2026-06-03,150.605,154.91,150.02,152.53,152.53,14372958
2026-06-04,152.05,153.4271,150.94,152.04,152.04,11799385
2026-06-05,152.005,152.13,149.3,149.92,149.92,16583962
2026-06-08,151.155,153.81,150.9,151.75,151.75,13870875
2026-06-09,150.91,151.13,147.78,148.91,148.91,18163527
2026-06-10,151.23,152.49,149.56,150.62,150.62,14596495
2026-06-11,152.3,152.49,146.42,146.6,146.6,17285829
2026-06-12,145.63,148.91,145.15,147.01,147.01,17713141
2026-06-15,139.74,141.98,137.72,140.92,140.92,23631398
2026-06-16,140.19,142.15,139.98,141.86,141.86,18925363
2026-06-17,141.22,142.34,140.3201,140.74,140.74,16663230
2026-06-18,138.32,138.46,135.85,137.81,137.81,48063443
2026-06-22,138.54,139,137.02,138.47,138.47,15783290
2026-06-23,139.46,140.39,138.5,139.73,139.73,13699424
2026-06-24,137.12,137.64,135.59,136.9,136.9,16212918
2026-06-25,135.64,138.07,134.95,137.55,137.55,13297155
2026-06-26,136.97,137.58,135.915,136.54,136.54,22684232
2026-06-29,136.58,137.39,135.3925,136.06,136.06,11972700
2026-06-30,136.48,137.3,135.33,136.72,136.72,28784045
2026-07-01,136.53,137.49,135.63,136.28,136.28,12433376
2026-07-02,137.15,139.14,136.33,137.09,137.09,13708010
